Linux 7.0.9-arch1-1 (archlinux) 	05/22/2026 	_x86_64_	(4 CPU)

11:08:01 AM  %smem-10  %smem-60 %smem-300     %smem  %fmem-10  %fmem-60 %fmem-300     %fmem
11:08:06 AM      0.00      0.00      0.00      0.00      0.00      0.00      0.00      0.00
11:08:11 AM      0.00      0.00      0.00      0.00      0.00      0.00      0.00      0.00
11:08:16 AM      0.00      0.00      0.00      0.00      0.00      0.00      0.00      0.00
11:08:21 AM      0.00      0.00      0.00      0.00      0.00      0.00      0.00      0.00
11:08:26 AM      0.00      0.00      0.00      0.00      0.00      0.00      0.00      0.00
11:08:31 AM      0.00      0.00      0.00      0.00      0.00      0.00      0.00      0.00
11:08:36 AM      0.00      0.00      0.00      0.00      0.00      0.00      0.00      0.00
11:08:41 AM      0.00      0.00      0.00      0.00      0.00      0.00      0.00      0.00
11:08:46 AM      0.00      0.00      0.00      0.00      0.00      0.00      0.00      0.00
11:08:51 AM      0.00      0.00      0.00      0.00      0.00      0.00      0.00      0.00
11:08:56 AM      0.00      0.00      0.00      0.00      0.00      0.00      0.00      0.00
11:09:01 AM      0.00      0.00      0.00      0.00      0.00      0.00      0.00      0.00
11:09:06 AM      0.00      0.00      0.00      0.00      0.00      0.00      0.00      0.00
11:09:11 AM      0.00      0.00      0.00      0.00      0.00      0.00      0.00      0.00
11:09:16 AM      0.00      0.00      0.00      0.00      0.00      0.00      0.00      0.00
11:09:21 AM      0.00      0.00      0.00      0.00      0.00      0.00      0.00      0.00
11:09:26 AM      0.00      0.00      0.00      0.00      0.00      0.00      0.00      0.00
11:09:31 AM      0.00      0.00      0.00      0.00      0.00      0.00      0.00      0.00
11:09:36 AM      0.00      0.00      0.00      0.00      0.00      0.00      0.00      0.00
11:09:41 AM      0.00      0.00      0.00      0.00      0.00      0.00      0.00      0.00
11:09:46 AM      0.00      0.00      0.00      0.00      0.00      0.00      0.00      0.00
11:09:51 AM      0.00      0.00      0.00      0.00      0.00      0.00      0.00      0.00
11:09:56 AM      0.00      0.00      0.00      0.00      0.00      0.00      0.00      0.00
11:10:01 AM      0.00      0.00      0.00      0.00      0.00      0.00      0.00      0.00
11:10:06 AM      0.00      0.00      0.00      0.00      0.00      0.00      0.00      0.00
11:10:11 AM      0.00      0.00      0.00      0.00      0.00      0.00      0.00      0.00
11:10:16 AM      0.00      0.00      0.00      0.00      0.00      0.00      0.00      0.00
11:10:21 AM      0.00      0.00      0.00      0.00      0.00      0.00      0.00      0.00
11:10:26 AM      0.00      0.00      0.00      0.00      0.00      0.00      0.00      0.00
11:10:31 AM      0.00      0.00      0.00      0.00      0.00      0.00      0.00      0.00
11:10:36 AM      0.00      0.00      0.00      0.00      0.00      0.00      0.00      0.00
11:10:41 AM      0.00      0.00      0.00      0.00      0.00      0.00      0.00      0.00
11:10:46 AM      0.00      0.00      0.00      0.00      0.00      0.00      0.00      0.00
11:10:51 AM      0.00      0.00      0.00      0.00      0.00      0.00      0.00      0.00
11:10:56 AM      0.00      0.00      0.00      0.00      0.00      0.00      0.00      0.00
11:11:01 AM      0.00      0.00      0.00      0.00      0.00      0.00      0.00      0.00
11:11:06 AM      0.00      0.00      0.00      0.00      0.00      0.00      0.00      0.00
11:11:11 AM      0.00      0.00      0.00      0.00      0.00      0.00      0.00      0.00
11:11:16 AM      0.00      0.00      0.00      0.00      0.00      0.00      0.00      0.00
11:11:21 AM      0.00      0.00      0.00      0.00      0.00      0.00      0.00      0.00
11:11:26 AM      0.00      0.00      0.00      0.00      0.00      0.00      0.00      0.00
11:11:31 AM      0.00      0.00      0.00      0.00      0.00      0.00      0.00      0.00
11:11:36 AM      0.00      0.00      0.00      0.00      0.00      0.00      0.00      0.00
11:11:41 AM      0.00      0.00      0.00      0.00      0.00      0.00      0.00      0.00
11:11:46 AM      0.00      0.00      0.00      0.00      0.00      0.00      0.00      0.00
11:11:51 AM      0.00      0.00      0.00      0.00      0.00      0.00      0.00      0.00
11:11:56 AM      0.00      0.00      0.00      0.00      0.00      0.00      0.00      0.00
11:12:01 AM      0.00      0.00      0.00      0.00      0.00      0.00      0.00      0.00
11:12:06 AM      0.00      0.00      0.00      0.00      0.00      0.00      0.00      0.00
11:12:11 AM      0.00      0.00      0.00      0.00      0.00      0.00      0.00      0.00
11:12:16 AM      0.00      0.00      0.00      0.00      0.00      0.00      0.00      0.00
11:12:21 AM      0.00      0.00      0.00      0.00      0.00      0.00      0.00      0.00
11:12:26 AM      0.00      0.00      0.00      0.00      0.00      0.00      0.00      0.00
11:12:31 AM      0.00      0.00      0.00      0.00      0.00      0.00      0.00      0.00
11:12:36 AM      0.00      0.00      0.00      0.00      0.00      0.00      0.00      0.00
11:12:41 AM      0.00      0.00      0.00      0.00      0.00      0.00      0.00      0.00
11:12:46 AM      0.00      0.00      0.00      0.00      0.00      0.00      0.00      0.00
11:12:51 AM      0.00      0.00      0.00      0.00      0.00      0.00      0.00      0.00
11:12:56 AM      0.00      0.00      0.00      0.00      0.00      0.00      0.00      0.00
11:13:01 AM      0.00      0.00      0.00      0.00      0.00      0.00      0.00      0.00
11:13:06 AM      0.00      0.00      0.00      0.00      0.00      0.00      0.00      0.00
11:13:11 AM      0.00      0.00      0.00      0.00      0.00      0.00      0.00      0.00
11:13:16 AM      0.00      0.00      0.00      0.00      0.00      0.00      0.00      0.00
11:13:21 AM      0.00      0.00      0.00      0.00      0.00      0.00      0.00      0.00
11:13:26 AM      0.00      0.00      0.00      0.00      0.00      0.00      0.00      0.00
11:13:31 AM      0.00      0.00      0.00      0.00      0.00      0.00      0.00      0.00
11:13:36 AM      0.00      0.00      0.00      0.00      0.00      0.00      0.00      0.00
11:13:41 AM      0.00      0.00      0.00      0.00      0.00      0.00      0.00      0.00
11:13:46 AM      0.00      0.00      0.00      0.00      0.00      0.00      0.00      0.00
11:13:51 AM      0.00      0.00      0.00      0.00      0.00      0.00      0.00      0.00
11:13:56 AM      0.00      0.00      0.00      0.00      0.00      0.00      0.00      0.00
11:14:01 AM      0.00      0.00      0.00      0.00      0.00      0.00      0.00      0.00
11:14:06 AM      0.00      0.00      0.00      0.00      0.00      0.00      0.00      0.00
11:14:11 AM      0.00      0.00      0.00      0.00      0.00      0.00      0.00      0.00
11:14:16 AM      0.00      0.00      0.00      0.00      0.00      0.00      0.00      0.00
11:14:21 AM      0.00      0.00      0.00      0.00      0.00      0.00      0.00      0.00
11:14:26 AM      0.00      0.00      0.00      0.00      0.00      0.00      0.00      0.00
11:14:31 AM      0.00      0.00      0.00      0.00      0.00      0.00      0.00      0.00
11:14:36 AM      0.00      0.00      0.00      0.00      0.00      0.00      0.00      0.00
11:14:41 AM      0.00      0.00      0.00      0.00      0.00      0.00      0.00      0.00
11:14:46 AM      0.00      0.00      0.00      0.00      0.00      0.00      0.00      0.00
11:14:51 AM      0.00      0.00      0.00      0.00      0.00      0.00      0.00      0.00
11:14:56 AM      0.00      0.00      0.00      0.00      0.00      0.00      0.00      0.00
11:15:01 AM      0.00      0.00      0.00      0.00      0.00      0.00      0.00      0.00
11:15:06 AM      0.00      0.00      0.00      0.00      0.00      0.00      0.00      0.00
11:15:11 AM      0.00      0.00      0.00      0.00      0.00      0.00      0.00      0.00
11:15:16 AM      0.00      0.00      0.00      0.00      0.00      0.00      0.00      0.00
11:15:21 AM      0.00      0.00      0.00      0.00      0.00      0.00      0.00      0.00
11:15:26 AM      0.00      0.00      0.00      0.00      0.00      0.00      0.00      0.00
11:15:31 AM      0.00      0.00      0.00      0.00      0.00      0.00      0.00      0.00
11:15:36 AM      0.00      0.00      0.00      0.00      0.00      0.00      0.00      0.00
11:15:41 AM      0.00      0.00      0.00      0.00      0.00      0.00      0.00      0.00
11:15:46 AM      0.00      0.00      0.00      0.00      0.00      0.00      0.00      0.00
11:15:51 AM      0.00      0.00      0.00      0.00      0.00      0.00      0.00      0.00
11:15:56 AM      0.00      0.00      0.00      0.00      0.00      0.00      0.00      0.00
11:16:01 AM      0.00      0.00      0.00      0.00      0.00      0.00      0.00      0.00
11:16:06 AM      0.00      0.00      0.00      0.00      0.00      0.00      0.00      0.00
11:16:11 AM      0.00      0.00      0.00      0.00      0.00      0.00      0.00      0.00
11:16:16 AM      0.00      0.00      0.00      0.00      0.00      0.00      0.00      0.00
11:16:21 AM      0.00      0.00      0.00      0.00      0.00      0.00      0.00      0.00
11:16:26 AM      0.00      0.00      0.00      0.00      0.00      0.00      0.00      0.00
11:16:31 AM      0.00      0.00      0.00      0.00      0.00      0.00      0.00      0.00
11:16:36 AM      0.00      0.00      0.00      0.00      0.00      0.00      0.00      0.00
11:16:41 AM      0.00      0.00      0.00      0.00      0.00      0.00      0.00      0.00
11:16:46 AM      0.00      0.00      0.00      0.00      0.00      0.00      0.00      0.00
11:16:51 AM      0.00      0.00      0.00      0.00      0.00      0.00      0.00      0.00
11:16:56 AM      0.00      0.00      0.00      0.00      0.00      0.00      0.00      0.00
11:17:01 AM      0.00      0.00      0.00      0.00      0.00      0.00      0.00      0.00
11:17:06 AM      0.00      0.00      0.00      0.00      0.00      0.00      0.00      0.00
11:17:11 AM      0.00      0.00      0.00      0.00      0.00      0.00      0.00      0.00
11:17:16 AM      0.00      0.00      0.00      0.00      0.00      0.00      0.00      0.00
11:17:21 AM      0.00      0.00      0.00      0.00      0.00      0.00      0.00      0.00
11:17:26 AM      0.00      0.00      0.00      0.00      0.00      0.00      0.00      0.00
11:17:31 AM      0.00      0.00      0.00      0.00      0.00      0.00      0.00      0.00
11:17:36 AM      0.00      0.00      0.00      0.00      0.00      0.00      0.00      0.00
11:17:41 AM      0.00      0.00      0.00      0.00      0.00      0.00      0.00      0.00
11:17:46 AM      0.00      0.00      0.00      0.00      0.00      0.00      0.00      0.00
11:17:51 AM      0.00      0.00      0.00      0.00      0.00      0.00      0.00      0.00
11:17:56 AM      0.00      0.00      0.00      0.00      0.00      0.00      0.00      0.00
11:18:01 AM      0.00      0.00      0.00      0.00      0.00      0.00      0.00      0.00
11:18:06 AM      0.00      0.00      0.00      0.00      0.00      0.00      0.00      0.00
11:18:11 AM      0.00      0.00      0.00      0.00      0.00      0.00      0.00      0.00
11:18:16 AM      0.00      0.00      0.00      0.00      0.00      0.00      0.00      0.00
11:18:21 AM      0.00      0.00      0.00      0.00      0.00      0.00      0.00      0.00
11:18:26 AM      0.00      0.00      0.00      0.00      0.00      0.00      0.00      0.00
11:18:31 AM      0.00      0.00      0.00      0.00      0.00      0.00      0.00      0.00
11:18:36 AM      0.00      0.00      0.00      0.00      0.00      0.00      0.00      0.00
11:18:41 AM      0.00      0.00      0.00      0.00      0.00      0.00      0.00      0.00
11:18:46 AM      0.00      0.00      0.00      0.00      0.00      0.00      0.00      0.00
11:18:51 AM      0.00      0.00      0.00      0.00      0.00      0.00      0.00      0.00
11:18:56 AM      0.00      0.00      0.00      0.00      0.00      0.00      0.00      0.00
11:19:01 AM      0.00      0.00      0.00      0.00      0.00      0.00      0.00      0.00
11:19:06 AM      0.00      0.00      0.00      0.00      0.00      0.00      0.00      0.00
11:19:11 AM      0.00      0.00      0.00      0.00      0.00      0.00      0.00      0.00
11:19:16 AM      0.00      0.00      0.00      0.00      0.00      0.00      0.00      0.00
11:19:21 AM      0.00      0.00      0.00      0.00      0.00      0.00      0.00      0.00
11:19:26 AM      0.00      0.00      0.00      0.00      0.00      0.00      0.00      0.00
11:19:31 AM      0.00      0.00      0.00      0.00      0.00      0.00      0.00      0.00
11:19:36 AM      0.00      0.00      0.00      0.00      0.00      0.00      0.00      0.00
11:19:41 AM      0.00      0.00      0.00      0.00      0.00      0.00      0.00      0.00
11:19:46 AM      0.00      0.00      0.00      0.00      0.00      0.00      0.00      0.00
11:19:51 AM      0.00      0.00      0.00      0.00      0.00      0.00      0.00      0.00
11:19:56 AM      0.00      0.00      0.00      0.00      0.00      0.00      0.00      0.00
11:20:01 AM      0.00      0.00      0.00      0.00      0.00      0.00      0.00      0.00
11:20:06 AM      0.00      0.00      0.00      0.00      0.00      0.00      0.00      0.00
11:20:11 AM      0.00      0.00      0.00      0.00      0.00      0.00      0.00      0.00
11:20:16 AM      0.00      0.00      0.00      0.00      0.00      0.00      0.00      0.00
11:20:21 AM      0.00      0.00      0.00      0.00      0.00      0.00      0.00      0.00
11:20:26 AM      0.00      0.00      0.00      0.00      0.00      0.00      0.00      0.00
11:20:31 AM      0.00      0.00      0.00      0.00      0.00      0.00      0.00      0.00
11:20:36 AM      0.00      0.00      0.00      0.00      0.00      0.00      0.00      0.00
11:20:41 AM      0.00      0.00      0.00      0.00      0.00      0.00      0.00      0.00
11:20:46 AM      0.00      0.00      0.00      0.00      0.00      0.00      0.00      0.00
11:20:51 AM      0.00      0.00      0.00      0.00      0.00      0.00      0.00      0.00
11:20:56 AM      0.00      0.00      0.00      0.00      0.00      0.00      0.00      0.00
11:21:01 AM      0.00      0.00      0.00      0.00      0.00      0.00      0.00      0.00
11:21:06 AM      0.00      0.00      0.00      0.00      0.00      0.00      0.00      0.00
11:21:11 AM      0.00      0.00      0.00      0.00      0.00      0.00      0.00      0.00
11:21:16 AM      0.00      0.00      0.00      0.00      0.00      0.00      0.00      0.00
11:21:21 AM      0.00      0.00      0.00      0.00      0.00      0.00      0.00      0.00
11:21:26 AM      0.00      0.00      0.00      0.00      0.00      0.00      0.00      0.00
11:21:31 AM      0.00      0.00      0.00      0.00      0.00      0.00      0.00      0.00
11:21:36 AM      0.00      0.00      0.00      0.00      0.00      0.00      0.00      0.00
11:21:41 AM      0.00      0.00      0.00      0.00      0.00      0.00      0.00      0.00
11:21:46 AM      0.00      0.00      0.00      0.00      0.00      0.00      0.00      0.00
11:21:51 AM      0.00      0.00      0.00      0.00      0.00      0.00      0.00      0.00
11:21:56 AM      0.00      0.00      0.00      0.00      0.00      0.00      0.00      0.00
11:22:01 AM      0.00      0.00      0.00      0.00      0.00      0.00      0.00      0.00
11:22:06 AM      0.00      0.00      0.00      0.00      0.00      0.00      0.00      0.00
11:22:11 AM      0.00      0.00      0.00      0.00      0.00      0.00      0.00      0.00
11:22:16 AM      0.00      0.00      0.00      0.00      0.00      0.00      0.00      0.00
11:22:21 AM      0.00      0.00      0.00      0.00      0.00      0.00      0.00      0.00
11:22:26 AM      0.00      0.00      0.00      0.00      0.00      0.00      0.00      0.00
11:22:31 AM      0.00      0.00      0.00      0.00      0.00      0.00      0.00      0.00
11:22:36 AM      0.00      0.00      0.00      0.00      0.00      0.00      0.00      0.00
11:22:41 AM      0.00      0.00      0.00      0.00      0.00      0.00      0.00      0.00
11:22:46 AM      0.00      0.00      0.00      0.00      0.00      0.00      0.00      0.00
11:22:51 AM      0.00      0.00      0.00      0.00      0.00      0.00      0.00      0.00
11:22:56 AM      0.00      0.00      0.00      0.00      0.00      0.00      0.00      0.00
11:23:01 AM      0.00      0.00      0.00      0.00      0.00      0.00      0.00      0.00
11:23:06 AM      0.00      0.00      0.00      0.00      0.00      0.00      0.00      0.00
11:23:11 AM      0.00      0.00      0.00      0.00      0.00      0.00      0.00      0.00
11:23:16 AM      0.00      0.00      0.00      0.00      0.00      0.00      0.00      0.00
11:23:21 AM      0.00      0.00      0.00      0.00      0.00      0.00      0.00      0.00
11:23:26 AM      0.00      0.00      0.00      0.00      0.00      0.00      0.00      0.00
11:23:31 AM      0.00      0.00      0.00      0.00      0.00      0.00      0.00      0.00
11:23:36 AM      0.00      0.00      0.00      0.00      0.00      0.00      0.00      0.00
11:23:41 AM      0.00      0.00      0.00      0.00      0.00      0.00      0.00      0.00
11:23:46 AM      0.00      0.00      0.00      0.00      0.00      0.00      0.00      0.00
11:23:51 AM      0.00      0.00      0.00      0.00      0.00      0.00      0.00      0.00
11:23:56 AM      0.00      0.00      0.00      0.00      0.00      0.00      0.00      0.00
11:24:01 AM      0.00      0.00      0.00      0.00      0.00      0.00      0.00      0.00
11:24:06 AM      0.00      0.00      0.00      0.00      0.00      0.00      0.00      0.00
11:24:11 AM      0.00      0.00      0.00      0.00      0.00      0.00      0.00      0.00
11:24:16 AM      0.00      0.00      0.00      0.00      0.00      0.00      0.00      0.00
11:24:21 AM      0.00      0.00      0.00      0.00      0.00      0.00      0.00      0.00
11:24:26 AM      0.00      0.00      0.00      0.00      0.00      0.00      0.00      0.00
11:24:31 AM      0.00      0.00      0.00      0.00      0.00      0.00      0.00      0.00
11:24:36 AM      0.00      0.00      0.00      0.00      0.00      0.00      0.00      0.00
11:24:41 AM      0.00      0.00      0.00      0.00      0.00      0.00      0.00      0.00
11:24:46 AM      0.00      0.00      0.00      0.00      0.00      0.00      0.00      0.00
11:24:51 AM      0.00      0.00      0.00      0.00      0.00      0.00      0.00      0.00
11:24:56 AM      0.00      0.00      0.00      0.00      0.00      0.00      0.00      0.00
11:25:01 AM      0.00      0.00      0.00      0.00      0.00      0.00      0.00      0.00
11:25:06 AM      0.00      0.00      0.00      0.00      0.00      0.00      0.00      0.00
11:25:11 AM      0.00      0.00      0.00      0.00      0.00      0.00      0.00      0.00
11:25:16 AM      0.00      0.00      0.00      0.00      0.00      0.00      0.00      0.00
11:25:21 AM      0.00      0.00      0.00      0.00      0.00      0.00      0.00      0.00
11:25:26 AM      0.00      0.00      0.00      0.00      0.00      0.00      0.00      0.00
11:25:31 AM      0.00      0.00      0.00      0.00      0.00      0.00      0.00      0.00
11:25:36 AM      0.00      0.00      0.00      0.00      0.00      0.00      0.00      0.00
11:25:41 AM      0.00      0.00      0.00      0.00      0.00      0.00      0.00      0.00
11:25:46 AM      0.00      0.00      0.00      0.00      0.00      0.00      0.00      0.00
11:25:51 AM      0.00      0.00      0.00      0.00      0.00      0.00      0.00      0.00
11:25:56 AM      0.00      0.00      0.00      0.00      0.00      0.00      0.00      0.00
11:26:01 AM      0.00      0.00      0.00      0.00      0.00      0.00      0.00      0.00
11:26:06 AM      0.00      0.00      0.00      0.00      0.00      0.00      0.00      0.00
11:26:11 AM      0.00      0.00      0.00      0.00      0.00      0.00      0.00      0.00
11:26:16 AM      0.00      0.00      0.00      0.00      0.00      0.00      0.00      0.00
11:26:21 AM      0.00      0.00      0.00      0.00      0.00      0.00      0.00      0.00
11:26:26 AM      0.00      0.00      0.00      0.00      0.00      0.00      0.00      0.00
11:26:31 AM      0.00      0.00      0.00      0.00      0.00      0.00      0.00      0.00
11:26:36 AM      0.00      0.00      0.00      0.00      0.00      0.00      0.00      0.00
11:26:41 AM      0.00      0.00      0.00      0.00      0.00      0.00      0.00      0.00
11:26:46 AM      0.00      0.00      0.00      0.00      0.00      0.00      0.00      0.00
11:26:51 AM      0.00      0.00      0.00      0.00      0.00      0.00      0.00      0.00
11:26:56 AM      0.00      0.00      0.00      0.00      0.00      0.00      0.00      0.00
11:27:01 AM      0.00      0.00      0.00      0.00      0.00      0.00      0.00      0.00
11:27:06 AM      0.00      0.00      0.00      0.00      0.00      0.00      0.00      0.00
11:27:11 AM      0.00      0.00      0.00      0.00      0.00      0.00      0.00      0.00
11:27:16 AM      0.00      0.00      0.00      0.00      0.00      0.00      0.00      0.00
11:27:21 AM      0.00      0.00      0.00      0.00      0.00      0.00      0.00      0.00
11:27:26 AM      0.00      0.00      0.00      0.00      0.00      0.00      0.00      0.00
11:27:31 AM      0.00      0.00      0.00      0.00      0.00      0.00      0.00      0.00
11:27:36 AM      0.00      0.00      0.00      0.00      0.00      0.00      0.00      0.00
11:27:41 AM      0.00      0.00      0.00      0.00      0.00      0.00      0.00      0.00
11:27:46 AM      0.00      0.00      0.00      0.00      0.00      0.00      0.00      0.00
11:27:51 AM      0.00      0.00      0.00      0.00      0.00      0.00      0.00      0.00
11:27:56 AM      0.00      0.00      0.00      0.00      0.00      0.00      0.00      0.00
11:28:01 AM      0.00      0.00      0.00      0.00      0.00      0.00      0.00      0.00
11:28:06 AM      0.00      0.00      0.00      0.00      0.00      0.00      0.00      0.00
11:28:11 AM      0.00      0.00      0.00      0.00      0.00      0.00      0.00      0.00
11:28:16 AM      0.00      0.00      0.00      0.00      0.00      0.00      0.00      0.00
11:28:21 AM      0.00      0.00      0.00      0.00      0.00      0.00      0.00      0.00
11:28:26 AM      0.00      0.00      0.00      0.00      0.00      0.00      0.00      0.00
11:28:31 AM      0.00      0.00      0.00      0.00      0.00      0.00      0.00      0.00
11:28:36 AM      0.00      0.00      0.00      0.00      0.00      0.00      0.00      0.00
11:28:41 AM      0.00      0.00      0.00      0.00      0.00      0.00      0.00      0.00
11:28:46 AM      0.00      0.00      0.00      0.00      0.00      0.00      0.00      0.00
11:28:51 AM      0.00      0.00      0.00      0.00      0.00      0.00      0.00      0.00
11:28:56 AM      0.00      0.00      0.00      0.00      0.00      0.00      0.00      0.00
11:29:01 AM      0.00      0.00      0.00      0.00      0.00      0.00      0.00      0.00
11:29:06 AM      0.00      0.00      0.00      0.00      0.00      0.00      0.00      0.00
11:29:11 AM      0.00      0.00      0.00      0.00      0.00      0.00      0.00      0.00
11:29:16 AM      0.00      0.00      0.00      0.00      0.00      0.00      0.00      0.00
11:29:21 AM      0.00      0.00      0.00      0.00      0.00      0.00      0.00      0.00
11:29:26 AM      0.00      0.00      0.00      0.00      0.00      0.00      0.00      0.00
11:29:31 AM      0.00      0.00      0.00      0.00      0.00      0.00      0.00      0.00
11:29:36 AM      0.00      0.00      0.00      0.00      0.00      0.00      0.00      0.00
11:29:41 AM      0.00      0.00      0.00      0.00      0.00      0.00      0.00      0.00
11:29:46 AM      0.00      0.00      0.00      0.00      0.00      0.00      0.00      0.00
11:29:51 AM      0.00      0.00      0.00      0.00      0.00      0.00      0.00      0.00
11:29:56 AM      0.00      0.00      0.00      0.00      0.00      0.00      0.00      0.00
11:30:01 AM      0.00      0.00      0.00      0.00      0.00      0.00      0.00      0.00
11:30:06 AM      0.00      0.00      0.00      0.00      0.00      0.00      0.00      0.00
11:30:11 AM      0.00      0.00      0.00      0.00      0.00      0.00      0.00      0.00
11:30:16 AM      0.00      0.00      0.00      0.00      0.00      0.00      0.00      0.00
11:30:21 AM      0.00      0.00      0.00      0.00      0.00      0.00      0.00      0.00
11:30:26 AM      0.00      0.00      0.00      0.00      0.00      0.00      0.00      0.00
11:30:31 AM      0.00      0.00      0.00      0.00      0.00      0.00      0.00      0.00
11:30:36 AM      0.00      0.00      0.00      0.00      0.00      0.00      0.00      0.00
11:30:41 AM      0.00      0.00      0.00      0.00      0.00      0.00      0.00      0.00
11:30:46 AM      0.00      0.00      0.00      0.00      0.00      0.00      0.00      0.00
11:30:51 AM      0.00      0.00      0.00      0.00      0.00      0.00      0.00      0.00
11:30:56 AM      0.00      0.00      0.00      0.00      0.00      0.00      0.00      0.00
11:31:01 AM      0.00      0.00      0.00      0.00      0.00      0.00      0.00      0.00
11:31:06 AM      0.00      0.00      0.00      0.00      0.00      0.00      0.00      0.00
11:31:11 AM      0.00      0.00      0.00      0.00      0.00      0.00      0.00      0.00
11:31:16 AM      0.00      0.00      0.00      0.00      0.00      0.00      0.00      0.00
11:31:21 AM      0.00      0.00      0.00      0.00      0.00      0.00      0.00      0.00
11:31:26 AM      0.00      0.00      0.00      0.00      0.00      0.00      0.00      0.00
11:31:31 AM      0.00      0.00      0.00      0.00      0.00      0.00      0.00      0.00
11:31:36 AM      0.00      0.00      0.00      0.00      0.00      0.00      0.00      0.00
11:31:41 AM      0.00      0.00      0.00      0.00      0.00      0.00      0.00      0.00
11:31:46 AM      0.00      0.00      0.00      0.00      0.00      0.00      0.00      0.00
11:31:51 AM      0.00      0.00      0.00      0.00      0.00      0.00      0.00      0.00
11:31:56 AM      0.00      0.00      0.00      0.00      0.00      0.00      0.00      0.00
11:32:01 AM      0.00      0.00      0.00      0.00      0.00      0.00      0.00      0.00
11:32:06 AM      0.00      0.00      0.00      0.00      0.00      0.00      0.00      0.00
11:32:11 AM      0.00      0.00      0.00      0.00      0.00      0.00      0.00      0.00
11:32:16 AM      0.00      0.00      0.00      0.00      0.00      0.00      0.00      0.00
11:32:21 AM      0.00      0.00      0.00      0.00      0.00      0.00      0.00      0.00
11:32:26 AM      0.00      0.00      0.00      0.00      0.00      0.00      0.00      0.00
11:32:31 AM      0.00      0.00      0.00      0.00      0.00      0.00      0.00      0.00
11:32:36 AM      0.00      0.00      0.00      0.00      0.00      0.00      0.00      0.00
11:32:41 AM      0.00      0.00      0.00      0.00      0.00      0.00      0.00      0.00
11:32:46 AM      0.00      0.00      0.00      0.00      0.00      0.00      0.00      0.00
11:32:51 AM      0.00      0.00      0.00      0.00      0.00      0.00      0.00      0.00
11:32:56 AM      0.00      0.00      0.00      0.00      0.00      0.00      0.00      0.00
11:33:01 AM      0.00      0.00      0.00      0.00      0.00      0.00      0.00      0.00
11:33:06 AM      0.00      0.00      0.00      0.00      0.00      0.00      0.00      0.00
11:33:11 AM      0.00      0.00      0.00      0.00      0.00      0.00      0.00      0.00
11:33:16 AM      0.00      0.00      0.00      0.00      0.00      0.00      0.00      0.00
11:33:21 AM      0.00      0.00      0.00      0.00      0.00      0.00      0.00      0.00
11:33:26 AM      0.00      0.00      0.00      0.00      0.00      0.00      0.00      0.00
11:33:31 AM      0.00      0.00      0.00      0.00      0.00      0.00      0.00      0.00
11:33:36 AM      0.00      0.00      0.00      0.00      0.00      0.00      0.00      0.00
11:33:41 AM      0.00      0.00      0.00      0.00      0.00      0.00      0.00      0.00
11:33:46 AM      0.00      0.00      0.00      0.00      0.00      0.00      0.00      0.00
11:33:51 AM      0.00      0.00      0.00      0.00      0.00      0.00      0.00      0.00
11:33:56 AM      0.00      0.00      0.00      0.00      0.00      0.00      0.00      0.00
11:34:01 AM      0.00      0.00      0.00      0.00      0.00      0.00      0.00      0.00
11:34:06 AM      0.00      0.00      0.00      0.00      0.00      0.00      0.00      0.00
11:34:11 AM      0.00      0.00      0.00      0.00      0.00      0.00      0.00      0.00
11:34:16 AM      0.00      0.00      0.00      0.00      0.00      0.00      0.00      0.00
11:34:21 AM      0.00      0.00      0.00      0.00      0.00      0.00      0.00      0.00
11:34:26 AM      0.00      0.00      0.00      0.00      0.00      0.00      0.00      0.00
11:34:31 AM      0.00      0.00      0.00      0.00      0.00      0.00      0.00      0.00
11:34:36 AM      0.00      0.00      0.00      0.00      0.00      0.00      0.00      0.00
11:34:41 AM      0.00      0.00      0.00      0.00      0.00      0.00      0.00      0.00
11:34:46 AM      0.00      0.00      0.00      0.00      0.00      0.00      0.00      0.00
11:34:51 AM      0.00      0.00      0.00      0.00      0.00      0.00      0.00      0.00
11:34:56 AM      0.00      0.00      0.00      0.00      0.00      0.00      0.00      0.00
11:35:01 AM      0.00      0.00      0.00      0.00      0.00      0.00      0.00      0.00
11:35:06 AM      0.00      0.00      0.00      0.00      0.00      0.00      0.00      0.00
11:35:11 AM      0.00      0.00      0.00      0.00      0.00      0.00      0.00      0.00
11:35:16 AM      0.00      0.00      0.00      0.00      0.00      0.00      0.00      0.00
11:35:21 AM      0.00      0.00      0.00      0.00      0.00      0.00      0.00      0.00
11:35:26 AM      0.00      0.00      0.00      0.00      0.00      0.00      0.00      0.00
11:35:31 AM      0.00      0.00      0.00      0.00      0.00      0.00      0.00      0.00
11:35:36 AM      0.00      0.00      0.00      0.00      0.00      0.00      0.00      0.00
11:35:41 AM      0.00      0.00      0.00      0.00      0.00      0.00      0.00      0.00
11:35:46 AM      0.00      0.00      0.00      0.00      0.00      0.00      0.00      0.00
11:35:51 AM      0.00      0.00      0.00      0.00      0.00      0.00      0.00      0.00
11:35:56 AM      0.00      0.00      0.00      0.00      0.00      0.00      0.00      0.00
11:36:01 AM      0.00      0.00      0.00      0.00      0.00      0.00      0.00      0.00
11:36:06 AM      0.00      0.00      0.00      0.00      0.00      0.00      0.00      0.00
11:36:11 AM      0.00      0.00      0.00      0.00      0.00      0.00      0.00      0.00
11:36:16 AM      0.00      0.00      0.00      0.00      0.00      0.00      0.00      0.00
11:36:21 AM      0.00      0.00      0.00      0.00      0.00      0.00      0.00      0.00
11:36:26 AM      0.00      0.00      0.00      0.00      0.00      0.00      0.00      0.00
11:36:31 AM      0.00      0.00      0.00      0.00      0.00      0.00      0.00      0.00
11:36:36 AM      0.00      0.00      0.00      0.00      0.00      0.00      0.00      0.00
11:36:41 AM      0.00      0.00      0.00      0.00      0.00      0.00      0.00      0.00
11:36:46 AM      0.00      0.00      0.00      0.00      0.00      0.00      0.00      0.00
11:36:51 AM      0.00      0.00      0.00      0.00      0.00      0.00      0.00      0.00
11:36:56 AM      0.00      0.00      0.00      0.00      0.00      0.00      0.00      0.00
11:37:01 AM      0.00      0.00      0.00      0.00      0.00      0.00      0.00      0.00
11:37:06 AM      0.00      0.00      0.00      0.00      0.00      0.00      0.00      0.00
11:37:11 AM      0.00      0.00      0.00      0.00      0.00      0.00      0.00      0.00
11:37:16 AM      0.00      0.00      0.00      0.00      0.00      0.00      0.00      0.00
11:37:21 AM      0.00      0.00      0.00      0.00      0.00      0.00      0.00      0.00
11:37:26 AM      0.00      0.00      0.00      0.00      0.00      0.00      0.00      0.00
11:37:31 AM      0.00      0.00      0.00      0.00      0.00      0.00      0.00      0.00
11:37:36 AM      0.00      0.00      0.00      0.00      0.00      0.00      0.00      0.00
11:37:41 AM      0.00      0.00      0.00      0.00      0.00      0.00      0.00      0.00
11:37:46 AM      0.00      0.00      0.00      0.00      0.00      0.00      0.00      0.00
11:37:51 AM      0.00      0.00      0.00      0.00      0.00      0.00      0.00      0.00
11:37:56 AM      0.00      0.00      0.00      0.00      0.00      0.00      0.00      0.00
11:38:01 AM      0.00      0.00      0.00      0.00      0.00      0.00      0.00      0.00
11:38:06 AM      0.00      0.00      0.00      0.00      0.00      0.00      0.00      0.00
11:38:11 AM      0.00      0.00      0.00      0.00      0.00      0.00      0.00      0.00
11:38:16 AM      0.00      0.00      0.00      0.00      0.00      0.00      0.00      0.00
11:38:21 AM      0.00      0.00      0.00      0.00      0.00      0.00      0.00      0.00
11:38:26 AM      0.00      0.00      0.00      0.00      0.00      0.00      0.00      0.00
11:38:31 AM      0.00      0.00      0.00      0.00      0.00      0.00      0.00      0.00
11:38:36 AM      0.00      0.00      0.00      0.00      0.00      0.00      0.00      0.00
11:38:41 AM      0.00      0.00      0.00      0.00      0.00      0.00      0.00      0.00
11:38:46 AM      0.00      0.00      0.00      0.00      0.00      0.00      0.00      0.00
11:38:51 AM      0.00      0.00      0.00      0.00      0.00      0.00      0.00      0.00
11:38:56 AM      0.00      0.00      0.00      0.00      0.00      0.00      0.00      0.00
11:39:01 AM      0.00      0.00      0.00      0.00      0.00      0.00      0.00      0.00
11:39:06 AM      0.00      0.00      0.00      0.00      0.00      0.00      0.00      0.00
11:39:11 AM      0.00      0.00      0.00      0.00      0.00      0.00      0.00      0.00
11:39:16 AM      0.00      0.00      0.00      0.00      0.00      0.00      0.00      0.00
11:39:21 AM      0.00      0.00      0.00      0.00      0.00      0.00      0.00      0.00
11:39:26 AM      0.00      0.00      0.00      0.00      0.00      0.00      0.00      0.00
11:39:31 AM      0.00      0.00      0.00      0.00      0.00      0.00      0.00      0.00
11:39:36 AM      0.00      0.00      0.00      0.00      0.00      0.00      0.00      0.00
11:39:41 AM      0.00      0.00      0.00      0.00      0.00      0.00      0.00      0.00
11:39:46 AM      0.00      0.00      0.00      0.00      0.00      0.00      0.00      0.00
11:39:51 AM      0.00      0.00      0.00      0.00      0.00      0.00      0.00      0.00
11:39:56 AM      0.00      0.00      0.00      0.00      0.00      0.00      0.00      0.00
11:40:01 AM      0.00      0.00      0.00      0.00      0.00      0.00      0.00      0.00
11:40:06 AM      0.00      0.00      0.00      0.00      0.00      0.00      0.00      0.00
11:40:11 AM      0.00      0.00      0.00      0.00      0.00      0.00      0.00      0.00
11:40:16 AM      0.00      0.00      0.00      0.00      0.00      0.00      0.00      0.00
11:40:21 AM      0.00      0.00      0.00      0.00      0.00      0.00      0.00      0.00
11:40:26 AM      0.00      0.00      0.00      0.00      0.00      0.00      0.00      0.00
11:40:31 AM      0.00      0.00      0.00      0.00      0.00      0.00      0.00      0.00
11:40:36 AM      0.00      0.00      0.00      0.00      0.00      0.00      0.00      0.00
11:40:41 AM      0.00      0.00      0.00      0.00      0.00      0.00      0.00      0.00
11:40:46 AM      0.00      0.00      0.00      0.00      0.00      0.00      0.00      0.00
11:40:51 AM      0.00      0.00      0.00      0.00      0.00      0.00      0.00      0.00
11:40:56 AM      0.00      0.00      0.00      0.00      0.00      0.00      0.00      0.00
11:41:01 AM      0.00      0.00      0.00      0.00      0.00      0.00      0.00      0.00
11:41:06 AM      0.00      0.00      0.00      0.00      0.00      0.00      0.00      0.00
11:41:11 AM      0.00      0.00      0.00      0.00      0.00      0.00      0.00      0.00
11:41:16 AM      0.00      0.00      0.00      0.00      0.00      0.00      0.00      0.00
11:41:21 AM      0.00      0.00      0.00      0.00      0.00      0.00      0.00      0.00
11:41:26 AM      0.00      0.00      0.00      0.00      0.00      0.00      0.00      0.00
11:41:31 AM      0.00      0.00      0.00      0.00      0.00      0.00      0.00      0.00
11:41:36 AM      0.00      0.00      0.00      0.00      0.00      0.00      0.00      0.00
11:41:41 AM      0.00      0.00      0.00      0.00      0.00      0.00      0.00      0.00
11:41:46 AM      0.00      0.00      0.00      0.00      0.00      0.00      0.00      0.00
11:41:51 AM      0.00      0.00      0.00      0.00      0.00      0.00      0.00      0.00
11:41:56 AM      0.00      0.00      0.00      0.00      0.00      0.00      0.00      0.00
11:42:01 AM      0.00      0.00      0.00      0.00      0.00      0.00      0.00      0.00
11:42:06 AM      0.00      0.00      0.00      0.00      0.00      0.00      0.00      0.00
11:42:11 AM      0.00      0.00      0.00      0.00      0.00      0.00      0.00      0.00
11:42:16 AM      0.00      0.00      0.00      0.00      0.00      0.00      0.00      0.00
11:42:21 AM      0.00      0.00      0.00      0.00      0.00      0.00      0.00      0.00
11:42:26 AM      0.00      0.00      0.00      0.00      0.00      0.00      0.00      0.00
11:42:31 AM      0.00      0.00      0.00      0.00      0.00      0.00      0.00      0.00
11:42:36 AM      0.00      0.00      0.00      0.00      0.00      0.00      0.00      0.00
11:42:41 AM      0.00      0.00      0.00      0.00      0.00      0.00      0.00      0.00
11:42:46 AM      0.00      0.00      0.00      0.00      0.00      0.00      0.00      0.00
11:42:51 AM      0.00      0.00      0.00      0.00      0.00      0.00      0.00      0.00
11:42:56 AM      0.00      0.00      0.00      0.00      0.00      0.00      0.00      0.00
11:43:01 AM      0.00      0.00      0.00      0.00      0.00      0.00      0.00      0.00
11:43:06 AM      0.00      0.00      0.00      0.00      0.00      0.00      0.00      0.00
11:43:11 AM      0.00      0.00      0.00      0.00      0.00      0.00      0.00      0.00
11:43:16 AM      0.00      0.00      0.00      0.00      0.00      0.00      0.00      0.00
11:43:21 AM      0.00      0.00      0.00      0.00      0.00      0.00      0.00      0.00
11:43:26 AM      0.00      0.00      0.00      0.00      0.00      0.00      0.00      0.00
11:43:31 AM      0.00      0.00      0.00      0.00      0.00      0.00      0.00      0.00
11:43:36 AM      0.00      0.00      0.00      0.00      0.00      0.00      0.00      0.00
11:43:41 AM      0.00      0.00      0.00      0.00      0.00      0.00      0.00      0.00
11:43:46 AM      0.00      0.00      0.00      0.00      0.00      0.00      0.00      0.00
11:43:51 AM      0.00      0.00      0.00      0.00      0.00      0.00      0.00      0.00
11:43:56 AM      0.00      0.00      0.00      0.00      0.00      0.00      0.00      0.00
11:44:01 AM      0.00      0.00      0.00      0.00      0.00      0.00      0.00      0.00
11:44:06 AM      0.00      0.00      0.00      0.00      0.00      0.00      0.00      0.00
11:44:11 AM      0.00      0.00      0.00      0.00      0.00      0.00      0.00      0.00
11:44:16 AM      0.00      0.00      0.00      0.00      0.00      0.00      0.00      0.00
11:44:21 AM      0.00      0.00      0.00      0.00      0.00      0.00      0.00      0.00
11:44:26 AM      0.00      0.00      0.00      0.00      0.00      0.00      0.00      0.00
11:44:31 AM      0.00      0.00      0.00      0.00      0.00      0.00      0.00      0.00
11:44:36 AM      0.00      0.00      0.00      0.00      0.00      0.00      0.00      0.00
11:44:41 AM      0.00      0.00      0.00      0.00      0.00      0.00      0.00      0.00
11:44:46 AM      0.00      0.00      0.00      0.00      0.00      0.00      0.00      0.00
11:44:51 AM      0.00      0.00      0.00      0.00      0.00      0.00      0.00      0.00
11:44:56 AM      0.00      0.00      0.00      0.00      0.00      0.00      0.00      0.00
11:45:01 AM      0.00      0.00      0.00      0.00      0.00      0.00      0.00      0.00
11:45:06 AM      0.00      0.00      0.00      0.00      0.00      0.00      0.00      0.00
11:45:11 AM      0.00      0.00      0.00      0.00      0.00      0.00      0.00      0.00
11:45:16 AM      0.00      0.00      0.00      0.00      0.00      0.00      0.00      0.00
11:45:21 AM      0.00      0.00      0.00      0.00      0.00      0.00      0.00      0.00
11:45:26 AM      0.00      0.00      0.00      0.00      0.00      0.00      0.00      0.00
11:45:31 AM      0.00      0.00      0.00      0.00      0.00      0.00      0.00      0.00
11:45:36 AM      0.00      0.00      0.00      0.00      0.00      0.00      0.00      0.00
11:45:41 AM      0.00      0.00      0.00      0.00      0.00      0.00      0.00      0.00
11:45:46 AM      0.00      0.00      0.00      0.00      0.00      0.00      0.00      0.00
11:45:51 AM      0.00      0.00      0.00      0.00      0.00      0.00      0.00      0.00
11:45:56 AM      0.00      0.00      0.00      0.00      0.00      0.00      0.00      0.00
11:46:01 AM      0.00      0.00      0.00      0.00      0.00      0.00      0.00      0.00
11:46:06 AM      0.00      0.00      0.00      0.00      0.00      0.00      0.00      0.00
11:46:11 AM      0.00      0.00      0.00      0.00      0.00      0.00      0.00      0.00
11:46:16 AM      0.00      0.00      0.00      0.00      0.00      0.00      0.00      0.00
11:46:21 AM      0.00      0.00      0.00      0.00      0.00      0.00      0.00      0.00
11:46:26 AM      0.00      0.00      0.00      0.00      0.00      0.00      0.00      0.00
11:46:31 AM      0.00      0.00      0.00      0.00      0.00      0.00      0.00      0.00
11:46:36 AM      0.00      0.00      0.00      0.00      0.00      0.00      0.00      0.00
11:46:41 AM      0.00      0.00      0.00      0.00      0.00      0.00      0.00      0.00
11:46:46 AM      0.00      0.00      0.00      0.00      0.00      0.00      0.00      0.00
11:46:51 AM      0.00      0.00      0.00      0.00      0.00      0.00      0.00      0.00
11:46:56 AM      0.00      0.00      0.00      0.00      0.00      0.00      0.00      0.00
11:47:01 AM      0.00      0.00      0.00      0.00      0.00      0.00      0.00      0.00
11:47:06 AM      0.00      0.00      0.00      0.00      0.00      0.00      0.00      0.00
11:47:11 AM      0.00      0.00      0.00      0.00      0.00      0.00      0.00      0.00
11:47:16 AM      0.00      0.00      0.00      0.00      0.00      0.00      0.00      0.00
11:47:21 AM      0.00      0.00      0.00      0.00      0.00      0.00      0.00      0.00
11:47:26 AM      0.00      0.00      0.00      0.00      0.00      0.00      0.00      0.00
11:47:31 AM      0.00      0.00      0.00      0.00      0.00      0.00      0.00      0.00
11:47:36 AM      0.00      0.00      0.00      0.00      0.00      0.00      0.00      0.00
11:47:41 AM      0.00      0.00      0.00      0.00      0.00      0.00      0.00      0.00
11:47:46 AM      0.00      0.00      0.00      0.00      0.00      0.00      0.00      0.00
11:47:51 AM      0.00      0.00      0.00      0.00      0.00      0.00      0.00      0.00
11:47:56 AM      0.00      0.00      0.00      0.00      0.00      0.00      0.00      0.00
11:48:01 AM      0.00      0.00      0.00      0.00      0.00      0.00      0.00      0.00
11:48:06 AM      0.00      0.00      0.00      0.00      0.00      0.00      0.00      0.00
11:48:11 AM      0.00      0.00      0.00      0.00      0.00      0.00      0.00      0.00
11:48:16 AM      0.00      0.00      0.00      0.00      0.00      0.00      0.00      0.00
11:48:21 AM      0.00      0.00      0.00      0.00      0.00      0.00      0.00      0.00
11:48:26 AM      0.00      0.00      0.00      0.00      0.00      0.00      0.00      0.00
11:48:31 AM      0.00      0.00      0.00      0.00      0.00      0.00      0.00      0.00
11:48:36 AM      0.00      0.00      0.00      0.00      0.00      0.00      0.00      0.00
11:48:41 AM      0.00      0.00      0.00      0.00      0.00      0.00      0.00      0.00
11:48:46 AM      0.00      0.00      0.00      0.00      0.00      0.00      0.00      0.00
11:48:51 AM      0.00      0.00      0.00      0.00      0.00      0.00      0.00      0.00
11:48:56 AM      0.00      0.00      0.00      0.00      0.00      0.00      0.00      0.00
11:49:01 AM      0.00      0.00      0.00      0.00      0.00      0.00      0.00      0.00
11:49:06 AM      0.00      0.00      0.00      0.00      0.00      0.00      0.00      0.00
11:49:11 AM      0.00      0.00      0.00      0.00      0.00      0.00      0.00      0.00
11:49:16 AM      0.00      0.00      0.00      0.00      0.00      0.00      0.00      0.00
11:49:21 AM      0.00      0.00      0.00      0.00      0.00      0.00      0.00      0.00
11:49:26 AM      0.00      0.00      0.00      0.00      0.00      0.00      0.00      0.00
11:49:31 AM      0.00      0.00      0.00      0.00      0.00      0.00      0.00      0.00
11:49:36 AM      0.00      0.00      0.00      0.00      0.00      0.00      0.00      0.00
11:49:41 AM      0.00      0.00      0.00      0.00      0.00      0.00      0.00      0.00
11:49:46 AM      0.00      0.00      0.00      0.00      0.00      0.00      0.00      0.00
11:49:51 AM      0.00      0.00      0.00      0.00      0.00      0.00      0.00      0.00
11:49:56 AM      0.00      0.00      0.00      0.00      0.00      0.00      0.00      0.00
11:50:01 AM      0.00      0.00      0.00      0.00      0.00      0.00      0.00      0.00
11:50:06 AM      0.00      0.00      0.00      0.00      0.00      0.00      0.00      0.00
11:50:11 AM      0.00      0.00      0.00      0.00      0.00      0.00      0.00      0.00
11:50:16 AM      0.00      0.00      0.00      0.00      0.00      0.00      0.00      0.00
11:50:21 AM      0.00      0.00      0.00      0.00      0.00      0.00      0.00      0.00
11:50:26 AM      0.00      0.00      0.00      0.00      0.00      0.00      0.00      0.00
11:50:31 AM      0.00      0.00      0.00      0.00      0.00      0.00      0.00      0.00
11:50:36 AM      0.00      0.00      0.00      0.00      0.00      0.00      0.00      0.00
11:50:41 AM      0.00      0.00      0.00      0.00      0.00      0.00      0.00      0.00
11:50:46 AM      0.00      0.00      0.00      0.00      0.00      0.00      0.00      0.00
11:50:51 AM      0.00      0.00      0.00      0.00      0.00      0.00      0.00      0.00
11:50:56 AM      0.00      0.00      0.00      0.00      0.00      0.00      0.00      0.00
11:51:01 AM      0.00      0.00      0.00      0.00      0.00      0.00      0.00      0.00
11:51:06 AM      0.00      0.00      0.00      0.00      0.00      0.00      0.00      0.00
11:51:11 AM      0.00      0.00      0.00      0.00      0.00      0.00      0.00      0.00
11:51:16 AM      0.00      0.00      0.00      0.00      0.00      0.00      0.00      0.00
11:51:21 AM      0.00      0.00      0.00      0.00      0.00      0.00      0.00      0.00
11:51:26 AM      0.00      0.00      0.00      0.00      0.00      0.00      0.00      0.00
11:51:31 AM      0.00      0.00      0.00      0.00      0.00      0.00      0.00      0.00
11:51:36 AM      0.00      0.00      0.00      0.00      0.00      0.00      0.00      0.00
11:51:41 AM      0.00      0.00      0.00      0.00      0.00      0.00      0.00      0.00
11:51:46 AM      0.00      0.00      0.00      0.00      0.00      0.00      0.00      0.00
11:51:51 AM      0.00      0.00      0.00      0.00      0.00      0.00      0.00      0.00
11:51:56 AM      0.00      0.00      0.00      0.00      0.00      0.00      0.00      0.00
11:52:01 AM      0.00      0.00      0.00      0.00      0.00      0.00      0.00      0.00
11:52:06 AM      0.00      0.00      0.00      0.00      0.00      0.00      0.00      0.00
11:52:11 AM      0.00      0.00      0.00      0.00      0.00      0.00      0.00      0.00
11:52:16 AM      0.00      0.00      0.00      0.00      0.00      0.00      0.00      0.00
11:52:21 AM      0.00      0.00      0.00      0.00      0.00      0.00      0.00      0.00
11:52:26 AM      0.00      0.00      0.00      0.00      0.00      0.00      0.00      0.00
11:52:31 AM      0.00      0.00      0.00      0.00      0.00      0.00      0.00      0.00
11:52:36 AM      0.00      0.00      0.00      0.00      0.00      0.00      0.00      0.00
11:52:41 AM      0.00      0.00      0.00      0.00      0.00      0.00      0.00      0.00
11:52:46 AM      0.00      0.00      0.00      0.00      0.00      0.00      0.00      0.00
11:52:51 AM      0.00      0.00      0.00      0.00      0.00      0.00      0.00      0.00
11:52:56 AM      0.00      0.00      0.00      0.00      0.00      0.00      0.00      0.00
11:53:01 AM      0.00      0.00      0.00      0.00      0.00      0.00      0.00      0.00
11:53:06 AM      0.00      0.00      0.00      0.00      0.00      0.00      0.00      0.00
11:53:11 AM      0.00      0.00      0.00      0.00      0.00      0.00      0.00      0.00
11:53:16 AM      0.00      0.00      0.00      0.00      0.00      0.00      0.00      0.00
11:53:21 AM      0.00      0.00      0.00      0.00      0.00      0.00      0.00      0.00
11:53:26 AM      0.00      0.00      0.00      0.00      0.00      0.00      0.00      0.00
11:53:31 AM      0.00      0.00      0.00      0.00      0.00      0.00      0.00      0.00
11:53:36 AM      0.00      0.00      0.00      0.00      0.00      0.00      0.00      0.00
11:53:41 AM      0.00      0.00      0.00      0.00      0.00      0.00      0.00      0.00
11:53:46 AM      0.00      0.00      0.00      0.00      0.00      0.00      0.00      0.00
11:53:51 AM      0.00      0.00      0.00      0.00      0.00      0.00      0.00      0.00
11:53:56 AM      0.00      0.00      0.00      0.00      0.00      0.00      0.00      0.00
11:54:01 AM      0.00      0.00      0.00      0.00      0.00      0.00      0.00      0.00
11:54:06 AM      0.00      0.00      0.00      0.00      0.00      0.00      0.00      0.00
11:54:11 AM      0.00      0.00      0.00      0.00      0.00      0.00      0.00      0.00
11:54:16 AM      0.00      0.00      0.00      0.00      0.00      0.00      0.00      0.00
11:54:21 AM      0.00      0.00      0.00      0.00      0.00      0.00      0.00      0.00
11:54:26 AM      0.00      0.00      0.00      0.00      0.00      0.00      0.00      0.00
11:54:31 AM      0.00      0.00      0.00      0.00      0.00      0.00      0.00      0.00
11:54:36 AM      0.00      0.00      0.00      0.00      0.00      0.00      0.00      0.00
11:54:41 AM      0.00      0.00      0.00      0.00      0.00      0.00      0.00      0.00
11:54:46 AM      0.00      0.00      0.00      0.00      0.00      0.00      0.00      0.00
11:54:51 AM      0.00      0.00      0.00      0.00      0.00      0.00      0.00      0.00
11:54:56 AM      0.00      0.00      0.00      0.00      0.00      0.00      0.00      0.00
11:55:01 AM      0.00      0.00      0.00      0.00      0.00      0.00      0.00      0.00
11:55:06 AM      0.00      0.00      0.00      0.00      0.00      0.00      0.00      0.00
11:55:11 AM      0.00      0.00      0.00      0.00      0.00      0.00      0.00      0.00
11:55:16 AM      0.00      0.00      0.00      0.00      0.00      0.00      0.00      0.00
11:55:21 AM      0.00      0.00      0.00      0.00      0.00      0.00      0.00      0.00
11:55:26 AM      0.00      0.00      0.00      0.00      0.00      0.00      0.00      0.00
11:55:31 AM      0.00      0.00      0.00      0.00      0.00      0.00      0.00      0.00
11:55:36 AM      0.00      0.00      0.00      0.00      0.00      0.00      0.00      0.00
11:55:41 AM      0.00      0.00      0.00      0.00      0.00      0.00      0.00      0.00
11:55:46 AM      0.00      0.00      0.00      0.00      0.00      0.00      0.00      0.00
11:55:51 AM      0.00      0.00      0.00      0.00      0.00      0.00      0.00      0.00
11:55:56 AM      0.00      0.00      0.00      0.00      0.00      0.00      0.00      0.00
11:56:01 AM      0.00      0.00      0.00      0.00      0.00      0.00      0.00      0.00
11:56:06 AM      0.00      0.00      0.00      0.00      0.00      0.00      0.00      0.00
11:56:11 AM      0.00      0.00      0.00      0.00      0.00      0.00      0.00      0.00
11:56:16 AM      0.00      0.00      0.00      0.00      0.00      0.00      0.00      0.00
11:56:21 AM      0.00      0.00      0.00      0.00      0.00      0.00      0.00      0.00
11:56:26 AM      0.00      0.00      0.00      0.00      0.00      0.00      0.00      0.00
11:56:31 AM      0.00      0.00      0.00      0.00      0.00      0.00      0.00      0.00
11:56:36 AM      0.00      0.00      0.00      0.00      0.00      0.00      0.00      0.00
11:56:41 AM      0.00      0.00      0.00      0.00      0.00      0.00      0.00      0.00
11:56:46 AM      0.00      0.00      0.00      0.00      0.00      0.00      0.00      0.00
11:56:51 AM      0.00      0.00      0.00      0.00      0.00      0.00      0.00      0.00
11:56:56 AM      0.00      0.00      0.00      0.00      0.00      0.00      0.00      0.00
11:57:01 AM      0.00      0.00      0.00      0.00      0.00      0.00      0.00      0.00
11:57:06 AM      0.00      0.00      0.00      0.00      0.00      0.00      0.00      0.00
11:57:11 AM      0.00      0.00      0.00      0.00      0.00      0.00      0.00      0.00
11:57:16 AM      0.00      0.00      0.00      0.00      0.00      0.00      0.00      0.00
11:57:21 AM      0.00      0.00      0.00      0.00      0.00      0.00      0.00      0.00
11:57:26 AM      0.00      0.00      0.00      0.00      0.00      0.00      0.00      0.00
11:57:31 AM      0.00      0.00      0.00      0.00      0.00      0.00      0.00      0.00
11:57:36 AM      0.00      0.00      0.00      0.00      0.00      0.00      0.00      0.00
11:57:41 AM      0.00      0.00      0.00      0.00      0.00      0.00      0.00      0.00
11:57:46 AM      0.00      0.00      0.00      0.00      0.00      0.00      0.00      0.00
11:57:51 AM      0.00      0.00      0.00      0.00      0.00      0.00      0.00      0.00
11:57:56 AM      0.00      0.00      0.00      0.00      0.00      0.00      0.00      0.00
11:58:01 AM      0.00      0.00      0.00      0.00      0.00      0.00      0.00      0.00
11:58:06 AM      0.00      0.00      0.00      0.00      0.00      0.00      0.00      0.00
11:58:11 AM      0.00      0.00      0.00      0.00      0.00      0.00      0.00      0.00
11:58:16 AM      0.00      0.00      0.00      0.00      0.00      0.00      0.00      0.00
11:58:21 AM      0.00      0.00      0.00      0.00      0.00      0.00      0.00      0.00
11:58:26 AM      0.00      0.00      0.00      0.00      0.00      0.00      0.00      0.00
11:58:31 AM      0.00      0.00      0.00      0.00      0.00      0.00      0.00      0.00
11:58:36 AM      0.00      0.00      0.00      0.00      0.00      0.00      0.00      0.00
11:58:41 AM      0.00      0.00      0.00      0.00      0.00      0.00      0.00      0.00
11:58:46 AM      0.00      0.00      0.00      0.00      0.00      0.00      0.00      0.00
11:58:51 AM      0.00      0.00      0.00      0.00      0.00      0.00      0.00      0.00
11:58:56 AM      0.00      0.00      0.00      0.00      0.00      0.00      0.00      0.00
11:59:01 AM      0.00      0.00      0.00      0.00      0.00      0.00      0.00      0.00
11:59:06 AM      0.00      0.00      0.00      0.00      0.00      0.00      0.00      0.00
11:59:11 AM      0.00      0.00      0.00      0.00      0.00      0.00      0.00      0.00
11:59:16 AM      0.00      0.00      0.00      0.00      0.00      0.00      0.00      0.00
11:59:21 AM      0.00      0.00      0.00      0.00      0.00      0.00      0.00      0.00
11:59:26 AM      0.00      0.00      0.00      0.00      0.00      0.00      0.00      0.00
11:59:31 AM      0.00      0.00      0.00      0.00      0.00      0.00      0.00      0.00
11:59:36 AM      0.00      0.00      0.00      0.00      0.00      0.00      0.00      0.00
11:59:41 AM      0.00      0.00      0.00      0.00      0.00      0.00      0.00      0.00
11:59:46 AM      0.00      0.00      0.00      0.00      0.00      0.00      0.00      0.00
11:59:51 AM      0.00      0.00      0.00      0.00      0.00      0.00      0.00      0.00
11:59:56 AM      0.00      0.00      0.00      0.00      0.00      0.00      0.00      0.00
12:00:01 PM      0.00      0.00      0.00      0.00      0.00      0.00      0.00      0.00
12:00:06 PM      0.00      0.00      0.00      0.00      0.00      0.00      0.00      0.00
12:00:11 PM      0.00      0.00      0.00      0.00      0.00      0.00      0.00      0.00
12:00:16 PM      0.00      0.00      0.00      0.00      0.00      0.00      0.00      0.00
12:00:21 PM      0.00      0.00      0.00      0.00      0.00      0.00      0.00      0.00
12:00:26 PM      0.00      0.00      0.00      0.00      0.00      0.00      0.00      0.00
12:00:31 PM      0.00      0.00      0.00      0.00      0.00      0.00      0.00      0.00
12:00:36 PM      0.00      0.00      0.00      0.00      0.00      0.00      0.00      0.00
12:00:41 PM      0.00      0.00      0.00      0.00      0.00      0.00      0.00      0.00
12:00:46 PM      0.00      0.00      0.00      0.00      0.00      0.00      0.00      0.00
12:00:51 PM      0.00      0.00      0.00      0.00      0.00      0.00      0.00      0.00
12:00:56 PM      0.00      0.00      0.00      0.00      0.00      0.00      0.00      0.00
12:01:01 PM      0.00      0.00      0.00      0.00      0.00      0.00      0.00      0.00
12:01:06 PM      0.00      0.00      0.00      0.00      0.00      0.00      0.00      0.00
12:01:11 PM      0.00      0.00      0.00      0.00      0.00      0.00      0.00      0.00
12:01:16 PM      0.00      0.00      0.00      0.00      0.00      0.00      0.00      0.00
12:01:21 PM      0.00      0.00      0.00      0.00      0.00      0.00      0.00      0.00
12:01:26 PM      0.00      0.00      0.00      0.00      0.00      0.00      0.00      0.00
12:01:31 PM      0.00      0.00      0.00      0.00      0.00      0.00      0.00      0.00
12:01:36 PM      0.00      0.00      0.00      0.00      0.00      0.00      0.00      0.00
12:01:41 PM      0.00      0.00      0.00      0.00      0.00      0.00      0.00      0.00
12:01:46 PM      0.00      0.00      0.00      0.00      0.00      0.00      0.00      0.00
12:01:51 PM      0.00      0.00      0.00      0.00      0.00      0.00      0.00      0.00
12:01:56 PM      0.00      0.00      0.00      0.00      0.00      0.00      0.00      0.00
12:02:01 PM      0.00      0.00      0.00      0.00      0.00      0.00      0.00      0.00
12:02:06 PM      0.00      0.00      0.00      0.00      0.00      0.00      0.00      0.00
12:02:11 PM      0.00      0.00      0.00      0.00      0.00      0.00      0.00      0.00
12:02:16 PM      0.00      0.00      0.00      0.00      0.00      0.00      0.00      0.00
12:02:21 PM      0.00      0.00      0.00      0.00      0.00      0.00      0.00      0.00
12:02:26 PM      0.00      0.00      0.00      0.00      0.00      0.00      0.00      0.00
12:02:31 PM      0.00      0.00      0.00      0.00      0.00      0.00      0.00      0.00
12:02:36 PM      0.00      0.00      0.00      0.00      0.00      0.00      0.00      0.00
12:02:41 PM      0.00      0.00      0.00      0.00      0.00      0.00      0.00      0.00
12:02:46 PM      0.00      0.00      0.00      0.00      0.00      0.00      0.00      0.00
12:02:51 PM      0.00      0.00      0.00      0.00      0.00      0.00      0.00      0.00
12:02:56 PM      0.00      0.00      0.00      0.00      0.00      0.00      0.00      0.00
12:03:01 PM      0.00      0.00      0.00      0.00      0.00      0.00      0.00      0.00
12:03:06 PM      0.00      0.00      0.00      0.00      0.00      0.00      0.00      0.00
12:03:11 PM      0.00      0.00      0.00      0.00      0.00      0.00      0.00      0.00
12:03:16 PM      0.00      0.00      0.00      0.00      0.00      0.00      0.00      0.00
12:03:21 PM      0.00      0.00      0.00      0.00      0.00      0.00      0.00      0.00
12:03:26 PM      0.00      0.00      0.00      0.00      0.00      0.00      0.00      0.00
12:03:31 PM      0.00      0.00      0.00      0.00      0.00      0.00      0.00      0.00
12:03:36 PM      0.00      0.00      0.00      0.00      0.00      0.00      0.00      0.00
12:03:41 PM      0.00      0.00      0.00      0.00      0.00      0.00      0.00      0.00
12:03:46 PM      0.00      0.00      0.00      0.00      0.00      0.00      0.00      0.00
12:03:51 PM      0.00      0.00      0.00      0.00      0.00      0.00      0.00      0.00
12:03:56 PM      0.00      0.00      0.00      0.00      0.00      0.00      0.00      0.00
12:04:01 PM      0.00      0.00      0.00      0.00      0.00      0.00      0.00      0.00
12:04:06 PM      0.00      0.00      0.00      0.00      0.00      0.00      0.00      0.00
12:04:11 PM      0.00      0.00      0.00      0.00      0.00      0.00      0.00      0.00
12:04:16 PM      0.00      0.00      0.00      0.00      0.00      0.00      0.00      0.00
12:04:21 PM      0.00      0.00      0.00      0.00      0.00      0.00      0.00      0.00
12:04:26 PM      0.00      0.00      0.00      0.00      0.00      0.00      0.00      0.00
12:04:31 PM      0.00      0.00      0.00      0.00      0.00      0.00      0.00      0.00
12:04:36 PM      0.00      0.00      0.00      0.00      0.00      0.00      0.00      0.00
12:04:41 PM      0.00      0.00      0.00      0.00      0.00      0.00      0.00      0.00
12:04:46 PM      0.00      0.00      0.00      0.00      0.00      0.00      0.00      0.00
12:04:51 PM      0.00      0.00      0.00      0.00      0.00      0.00      0.00      0.00
12:04:56 PM      0.00      0.00      0.00      0.00      0.00      0.00      0.00      0.00
12:05:01 PM      0.00      0.00      0.00      0.00      0.00      0.00      0.00      0.00
12:05:06 PM      0.00      0.00      0.00      0.00      0.00      0.00      0.00      0.00
12:05:11 PM      0.00      0.00      0.00      0.00      0.00      0.00      0.00      0.00
12:05:16 PM      0.00      0.00      0.00      0.00      0.00      0.00      0.00      0.00
12:05:21 PM      0.00      0.00      0.00      0.00      0.00      0.00      0.00      0.00
12:05:26 PM      0.00      0.00      0.00      0.00      0.00      0.00      0.00      0.00
12:05:31 PM      0.00      0.00      0.00      0.00      0.00      0.00      0.00      0.00
12:05:36 PM      0.00      0.00      0.00      0.00      0.00      0.00      0.00      0.00
12:05:41 PM      0.00      0.00      0.00      0.00      0.00      0.00      0.00      0.00
12:05:46 PM      0.00      0.00      0.00      0.00      0.00      0.00      0.00      0.00
12:05:51 PM      0.00      0.00      0.00      0.00      0.00      0.00      0.00      0.00
12:05:56 PM      0.00      0.00      0.00      0.00      0.00      0.00      0.00      0.00
12:06:01 PM      0.00      0.00      0.00      0.00      0.00      0.00      0.00      0.00
12:06:06 PM      0.00      0.00      0.00      0.00      0.00      0.00      0.00      0.00
12:06:11 PM      0.00      0.00      0.00      0.00      0.00      0.00      0.00      0.00
12:06:16 PM      0.00      0.00      0.00      0.00      0.00      0.00      0.00      0.00
12:06:21 PM      0.00      0.00      0.00      0.00      0.00      0.00      0.00      0.00
12:06:26 PM      0.00      0.00      0.00      0.00      0.00      0.00      0.00      0.00
12:06:31 PM      0.00      0.00      0.00      0.00      0.00      0.00      0.00      0.00
12:06:36 PM      0.00      0.00      0.00      0.00      0.00      0.00      0.00      0.00
12:06:41 PM      0.00      0.00      0.00      0.00      0.00      0.00      0.00      0.00
12:06:46 PM      0.00      0.00      0.00      0.00      0.00      0.00      0.00      0.00
12:06:51 PM      0.00      0.00      0.00      0.00      0.00      0.00      0.00      0.00
12:06:56 PM      0.00      0.00      0.00      0.00      0.00      0.00      0.00      0.00
12:07:01 PM      0.00      0.00      0.00      0.00      0.00      0.00      0.00      0.00
12:07:06 PM      0.00      0.00      0.00      0.00      0.00      0.00      0.00      0.00
12:07:11 PM      0.00      0.00      0.00      0.00      0.00      0.00      0.00      0.00
12:07:16 PM      0.00      0.00      0.00      0.00      0.00      0.00      0.00      0.00
12:07:21 PM      0.00      0.00      0.00      0.00      0.00      0.00      0.00      0.00
12:07:26 PM      0.00      0.00      0.00      0.00      0.00      0.00      0.00      0.00
12:07:31 PM      0.00      0.00      0.00      0.00      0.00      0.00      0.00      0.00
12:07:36 PM      0.00      0.00      0.00      0.00      0.00      0.00      0.00      0.00
12:07:41 PM      0.00      0.00      0.00      0.00      0.00      0.00      0.00      0.00
12:07:46 PM      0.00      0.00      0.00      0.00      0.00      0.00      0.00      0.00
12:07:51 PM      0.00      0.00      0.00      0.00      0.00      0.00      0.00      0.00
12:07:56 PM      0.00      0.00      0.00      0.00      0.00      0.00      0.00      0.00
12:08:01 PM      0.00      0.00      0.00      0.05      0.00      0.00      0.00      0.05
12:08:06 PM      5.48      1.17      0.25     14.79      5.48      1.17      0.25     14.77
12:08:11 PM      3.01      1.05      0.24      0.00      3.01      1.05      0.24      0.00
12:08:16 PM      6.91      1.87      0.42     14.51      6.91      1.87      0.42     14.51
12:08:21 PM      4.76      1.94      0.47      0.00      4.76      1.94      0.47      0.00
12:08:26 PM      3.73      1.91      0.48     11.36      3.73      1.91      0.48     11.36
12:08:31 PM      5.45      2.58      0.66      1.53      5.45      2.58      0.66      1.53
12:08:36 PM      3.65      2.42      0.65      0.00      3.65      2.42      0.65      0.00
12:08:41 PM      2.00      2.19      0.64      0.00      2.00      2.19      0.64      0.00
12:08:46 PM      1.34      2.04      0.63      0.00      1.34      2.04      0.63      0.00
12:08:51 PM      0.73      1.85      0.61      0.00      0.73      1.85      0.61      0.00
12:08:56 PM      0.49      1.73      0.60      0.00      0.49      1.73      0.60      0.00
12:09:01 PM      0.27      1.56      0.59      0.00      0.27      1.56      0.59      0.00
12:09:06 PM      0.18      1.46      0.58      0.00      0.18      1.46      0.58      0.00
12:09:11 PM      0.09      1.32      0.57      0.00      0.09      1.32      0.57      0.00
12:09:16 PM      0.06      1.24      0.56      0.00      0.06      1.24      0.56      0.00
12:09:21 PM      0.03      1.12      0.55      0.00      0.03      1.12      0.55      0.00
12:09:26 PM      0.02      1.04      0.54      0.00      0.02      1.04      0.54      0.00
12:09:31 PM      0.01      0.94      0.53      0.00      0.01      0.94      0.53      0.00
12:09:36 PM      0.00      0.88      0.52      0.00      0.00      0.88      0.52      0.00
12:09:41 PM      0.00      0.80      0.51      0.00      0.00      0.80      0.51      0.00
12:09:46 PM      0.00      0.75      0.50      0.00      0.00      0.75      0.50      0.00
12:09:51 PM      0.00      0.67      0.49      0.00      0.00      0.67      0.49      0.00
12:09:56 PM      0.00      0.63      0.48      0.00      0.00      0.63      0.48      0.00
12:10:01 PM      0.00      0.57      0.47      0.00      0.00      0.57      0.47      0.00
12:10:06 PM      0.00      0.53      0.47      0.00      0.00      0.53      0.47      0.00
12:10:11 PM      0.00      0.48      0.46      0.00      0.00      0.48      0.46      0.00
12:10:16 PM      0.00      0.45      0.45      0.00      0.00      0.45      0.45      0.00
12:10:21 PM      0.00      0.40      0.44      0.00      0.00      0.40      0.44      0.00
12:10:26 PM      0.00      0.38      0.43      0.00      0.00      0.38      0.43      0.00
12:10:31 PM      0.00      0.34      0.42      0.00      0.00      0.34      0.42      0.00
12:10:36 PM      0.00      0.32      0.42      0.00      0.00      0.32      0.42      0.00
12:10:41 PM      0.00      0.29      0.41      0.00      0.00      0.29      0.41      0.00
12:10:46 PM      0.00      0.27      0.40      0.00      0.00      0.27      0.40      0.00
12:10:51 PM      0.00      0.24      0.39      0.00      0.00      0.24      0.39      0.00
12:10:56 PM      0.00      0.22      0.39      0.00      0.00      0.22      0.39      0.00
12:11:01 PM      0.00      0.20      0.38      0.00      0.00      0.20      0.38      0.00
12:11:06 PM      0.00      0.19      0.37      0.00      0.00      0.19      0.37      0.00
12:11:11 PM      0.00      0.17      0.36      0.00      0.00      0.17      0.36      0.00
12:11:16 PM      0.00      0.16      0.36      0.00      0.00      0.16      0.36      0.00
12:11:21 PM      0.00      0.14      0.35      0.00      0.00      0.14      0.35      0.00
12:11:26 PM      0.00      0.13      0.34      0.00      0.00      0.13      0.34      0.00
12:11:31 PM      0.00      0.12      0.34      0.01      0.00      0.12      0.34      0.01
12:11:36 PM      0.00      0.11      0.33      1.11      0.00      0.11      0.33      1.11
12:11:41 PM      0.24      0.16      0.34      0.00      0.24      0.16      0.34      0.00
12:11:46 PM      0.16      0.15      0.33      0.00      0.16      0.15      0.33      0.00
12:11:51 PM      0.08      0.13      0.33      0.00      0.08      0.13      0.33      0.00
12:11:56 PM      0.05      0.12      0.32      0.00      0.05      0.12      0.32      0.00
12:12:01 PM      0.03      0.11      0.31      0.00      0.03      0.11      0.31      0.00
12:12:06 PM      0.02      0.10      0.31      0.00      0.02      0.10      0.31      0.00
12:12:11 PM      0.01      0.09      0.30      0.00      0.01      0.09      0.30      0.00
12:12:16 PM      0.00      0.09      0.30      0.00      0.00      0.09      0.30      0.00
12:12:21 PM      0.00      0.08      0.29      0.00      0.00      0.08      0.29      0.00
12:12:26 PM      0.00      0.07      0.29      0.00      0.00      0.07      0.29      0.00
12:12:31 PM      0.00      0.06      0.28      0.00      0.00      0.06      0.28      0.00
12:12:36 PM      0.00      0.06      0.27      0.00      0.00      0.06      0.27      0.00
12:12:41 PM      0.00      0.05      0.27      0.00      0.00      0.05      0.27      0.00
12:12:46 PM      0.00      0.05      0.27      0.00      0.00      0.05      0.27      0.00
12:12:51 PM      0.00      0.04      0.26      0.00      0.00      0.04      0.26      0.00
12:12:56 PM      0.00      0.04      0.26      0.01      0.00      0.04      0.26      0.01
12:13:01 PM      0.00      0.03      0.25      0.00      0.00      0.03      0.25      0.00
12:13:06 PM      0.00      0.03      0.25      0.00      0.00      0.03      0.25      0.00
12:13:11 PM      0.00      0.03      0.24      0.00      0.00      0.03      0.24      0.00
12:13:16 PM      0.00      0.02      0.24      0.00      0.00      0.02      0.24      0.00
12:13:21 PM      0.00      0.02      0.23      0.00      0.00      0.02      0.23      0.00
12:13:26 PM      0.00      0.02      0.23      0.00      0.00      0.02      0.23      0.00
12:13:31 PM      0.00      0.02      0.22      0.00      0.00      0.02      0.22      0.00
12:13:36 PM      0.00      0.01      0.22      0.00      0.00      0.01      0.22      0.00
12:13:41 PM      0.00      0.01      0.21      0.00      0.00      0.01      0.21      0.00
12:13:46 PM      0.00      0.01      0.21      0.00      0.00      0.01      0.21      0.00
12:13:51 PM      0.00      0.01      0.20      0.00      0.00      0.01      0.20      0.00
12:13:56 PM      0.00      0.01      0.20      0.00      0.00      0.01      0.20      0.00
12:14:01 PM      0.00      0.01      0.20      0.00      0.00      0.01      0.20      0.00
12:14:06 PM      0.00      0.00      0.19      0.00      0.00      0.00      0.19      0.00
12:14:11 PM      0.00      0.00      0.19      0.00      0.00      0.00      0.19      0.00
12:14:16 PM      0.00      0.00      0.18      0.00      0.00      0.00      0.18      0.00
12:14:21 PM      0.00      0.00      0.18      0.00      0.00      0.00      0.18      0.00
12:14:26 PM      0.00      0.00      0.18      0.00      0.00      0.00      0.18      0.00
12:14:31 PM      0.00      0.00      0.17      0.00      0.00      0.00      0.17      0.00
12:14:36 PM      0.00      0.00      0.17      0.00      0.00      0.00      0.17      0.00
12:14:41 PM      0.00      0.00      0.17      0.00      0.00      0.00      0.17      0.00
12:14:46 PM      0.00      0.00      0.16      0.00      0.00      0.00      0.16      0.00
12:14:51 PM      0.00      0.00      0.16      0.00      0.00      0.00      0.16      0.00
12:14:56 PM      0.00      0.00      0.16      0.00      0.00      0.00      0.16      0.00
12:15:01 PM      0.00      0.00      0.15      0.00      0.00      0.00      0.15      0.00
12:15:06 PM      0.00      0.00      0.15      0.00      0.00      0.00      0.15      0.00
12:15:11 PM      0.00      0.00      0.14      0.00      0.00      0.00      0.14      0.00
12:15:16 PM      0.00      0.00      0.14      0.00      0.00      0.00      0.14      0.00
12:15:21 PM      0.00      0.00      0.14      0.00      0.00      0.00      0.14      0.00
12:15:26 PM      0.00      0.00      0.13      0.00      0.00      0.00      0.13      0.00
12:15:31 PM      0.00      0.00      0.13      0.00      0.00      0.00      0.13      0.00
12:15:36 PM      0.00      0.00      0.13      0.00      0.00      0.00      0.13      0.00
12:15:41 PM      0.00      0.00      0.13      0.00      0.00      0.00      0.13      0.00
12:15:46 PM      0.00      0.00      0.12      0.00      0.00      0.00      0.12      0.00
12:15:51 PM      0.00      0.00      0.12      0.00      0.00      0.00      0.12      0.00
12:15:56 PM      0.00      0.00      0.12      0.00      0.00      0.00      0.12      0.00
12:16:01 PM      0.00      0.00      0.12      0.00      0.00      0.00      0.12      0.00
12:16:06 PM      0.00      0.00      0.12      0.00      0.00      0.00      0.12      0.00
12:16:11 PM      0.00      0.00      0.11      0.00      0.00      0.00      0.11      0.00
12:16:16 PM      0.00      0.00      0.11      0.00      0.00      0.00      0.11      0.00
12:16:21 PM      0.00      0.00      0.11      0.00      0.00      0.00      0.11      0.00
12:16:26 PM      0.00      0.00      0.11      0.00      0.00      0.00      0.11      0.00
12:16:31 PM      0.00      0.00      0.10      0.00      0.00      0.00      0.10      0.00
12:16:36 PM      0.00      0.00      0.10      0.00      0.00      0.00      0.10      0.00
12:16:41 PM      0.00      0.00      0.10      0.00      0.00      0.00      0.10      0.00
12:16:46 PM      0.00      0.00      0.10      0.00      0.00      0.00      0.10      0.00
12:16:51 PM      0.00      0.00      0.09      0.00      0.00      0.00      0.09      0.00
12:16:56 PM      0.00      0.00      0.09      0.00      0.00      0.00      0.09      0.00
12:17:01 PM      0.00      0.00      0.09      0.00      0.00      0.00      0.09      0.00
12:17:06 PM      0.00      0.00      0.09      0.00      0.00      0.00      0.09      0.00
12:17:11 PM      0.00      0.00      0.08      0.00      0.00      0.00      0.08      0.00
12:17:16 PM      0.00      0.00      0.08      0.00      0.00      0.00      0.08      0.00
12:17:21 PM      0.00      0.00      0.08      0.00      0.00      0.00      0.08      0.00
12:17:26 PM      0.00      0.00      0.08      0.00      0.00      0.00      0.08      0.00
12:17:31 PM      0.00      0.00      0.07      0.00      0.00      0.00      0.07      0.00
12:17:36 PM      0.00      0.00      0.07      0.00      0.00      0.00      0.07      0.00
12:17:41 PM      0.00      0.00      0.07      0.00      0.00      0.00      0.07      0.00
12:17:46 PM      0.00      0.00      0.07      0.00      0.00      0.00      0.07      0.00
12:17:51 PM      0.00      0.00      0.06      0.00      0.00      0.00      0.06      0.00
12:17:56 PM      0.00      0.00      0.06      0.00      0.00      0.00      0.06      0.00
12:18:01 PM      0.00      0.00      0.06      0.00      0.00      0.00      0.06      0.00
12:18:06 PM      0.00      0.00      0.06      0.00      0.00      0.00      0.06      0.00
12:18:11 PM      0.00      0.00      0.06      0.00      0.00      0.00      0.06      0.00
12:18:16 PM      0.00      0.00      0.06      0.94      0.00      0.00      0.06      0.94
12:18:21 PM     22.58      4.77      1.08     60.91     22.58      4.77      1.08     60.90
12:18:26 PM     29.99      7.39      1.69     37.08     29.99      7.39      1.69     37.06
12:18:31 PM     16.46      6.69      1.65      0.02     16.46      6.69      1.65      0.02
12:18:36 PM     11.04      6.26      1.63      0.00     11.04      6.26      1.63      0.00
12:18:41 PM      6.06      5.66      1.60      0.00      6.06      5.66      1.60      0.00
12:18:46 PM      4.06      5.30      1.57      0.00      4.06      5.30      1.57      0.00
12:18:51 PM      2.23      4.79      1.54      0.00      2.23      4.79      1.54      0.00
12:18:56 PM      1.49      4.48      1.52      0.00      1.49      4.48      1.52      0.00
12:19:01 PM      0.82      4.06      1.49      0.00      0.82      4.06      1.49      0.00
12:19:06 PM      0.54      3.79      1.47      0.00      0.54      3.79      1.47      0.00
12:19:11 PM      0.30      3.43      1.44      0.00      0.30      3.43      1.44      0.00
12:19:16 PM      0.20      3.21      1.42      0.00      0.20      3.21      1.42      0.00
12:19:21 PM      0.11      2.90      1.39      0.00      0.11      2.90      1.39      0.00
12:19:26 PM      0.07      2.72      1.37      0.00      0.07      2.72      1.37      0.00
12:19:31 PM      0.03      2.46      1.34      0.00      0.03      2.46      1.34      0.00
12:19:36 PM      0.02      2.30      1.32      0.00      0.02      2.30      1.32      0.00
12:19:41 PM      0.01      2.08      1.29      0.00      0.01      2.08      1.29      0.00
12:19:46 PM      0.00      1.94      1.27      0.00      0.00      1.94      1.27      0.00
12:19:51 PM      0.00      1.76      1.25      0.00      0.00      1.76      1.25      0.00
12:19:56 PM      0.00      1.64      1.23      0.00      0.00      1.64      1.23      0.00
12:20:01 PM      0.00      1.49      1.20      0.00      0.00      1.49      1.20      0.00
12:20:06 PM      0.00      1.39      1.19      0.00      0.00      1.39      1.19      0.00
12:20:11 PM      0.00      1.26      1.16      0.00      0.00      1.26      1.16      0.00
12:20:16 PM      0.00      1.18      1.15      0.00      0.00      1.18      1.15      0.00
12:20:21 PM      0.00      1.06      1.12      0.00      0.00      1.06      1.12      0.00
12:20:26 PM      0.00      0.99      1.11      0.00      0.00      0.99      1.11      0.00
12:20:31 PM      0.00      0.90      1.08      0.00      0.00      0.90      1.08      0.00
12:20:36 PM      0.00      0.84      1.07      0.00      0.00      0.84      1.07      0.00
12:20:41 PM      0.00      0.79      1.05      0.00      0.00      0.79      1.05      0.00
12:20:46 PM      0.00      0.71      1.03      0.00      0.00      0.71      1.03      0.00
12:20:51 PM      0.00      0.66      1.02      0.00      0.00      0.66      1.02      0.00
12:20:56 PM      0.00      0.60      0.99      0.00      0.00      0.60      0.99      0.00
12:21:01 PM      0.00      0.56      0.98      0.00      0.00      0.56      0.98      0.00
12:21:06 PM      0.00      0.51      0.96      0.00      0.00      0.51      0.96      0.00
12:21:11 PM      0.00      0.47      0.95      0.00      0.00      0.47      0.95      0.00
12:21:16 PM      0.00      0.43      0.92      0.00      0.00      0.43      0.92      0.00
12:21:21 PM      0.00      0.40      0.91      0.00      0.00      0.40      0.91      0.00
12:21:26 PM      0.00      0.36      0.89      0.00      0.00      0.36      0.89      0.00
12:21:31 PM      0.00      0.33      0.88      0.00      0.00      0.33      0.88      0.00
12:21:36 PM      0.00      0.30      0.86      0.00      0.00      0.30      0.86      0.00
12:21:41 PM      0.00      0.28      0.85      0.00      0.00      0.28      0.85      0.00
12:21:46 PM      0.00      0.25      0.83      0.00      0.00      0.25      0.83      0.00
12:21:51 PM      0.00      0.24      0.82      0.00      0.00      0.24      0.82      0.00
12:21:56 PM      0.00      0.21      0.80      0.00      0.00      0.21      0.80      0.00
12:22:01 PM      0.00      0.20      0.79      0.00      0.00      0.20      0.79      0.00
12:22:06 PM      0.00      0.18      0.77      0.00      0.00      0.18      0.77      0.00
12:22:11 PM      0.00      0.17      0.76      0.00      0.00      0.17      0.76      0.00
12:22:16 PM      0.88      0.34      0.79      2.70      0.88      0.34      0.79      2.70
12:22:21 PM      0.59      0.32      0.78      0.00      0.59      0.32      0.78      0.00
12:22:26 PM      0.32      0.29      0.76      0.00      0.32      0.29      0.76      0.00
12:22:31 PM      0.21      0.27      0.75      0.00      0.21      0.27      0.75      0.00
12:22:36 PM      0.11      0.24      0.73      0.00      0.11      0.24      0.73      0.00
12:22:41 PM      0.07      0.22      0.72      0.00      0.07      0.22      0.72      0.00
12:22:46 PM      0.04      0.20      0.71      0.00      0.04      0.20      0.71      0.00
12:22:51 PM      0.02      0.19      0.70      0.00      0.02      0.19      0.70      0.00
12:22:56 PM      0.01      0.17      0.68      0.00      0.01      0.17      0.68      0.00
12:23:01 PM      0.00      0.16      0.67      0.00      0.00      0.16      0.67      0.00
12:23:06 PM      0.00      0.14      0.66      0.00      0.00      0.14      0.66      0.00
12:23:11 PM      0.00      0.13      0.65      0.00      0.00      0.13      0.65      0.00
12:23:16 PM      0.00      0.12      0.63      0.00      0.00      0.12      0.63      0.00
12:23:21 PM      0.00      0.11      0.62      0.00      0.00      0.11      0.62      0.00
12:23:26 PM      0.00      0.10      0.61      0.00      0.00      0.10      0.61      0.00
12:23:31 PM      0.00      0.09      0.60      0.00      0.00      0.09      0.60      0.00
12:23:36 PM      0.00      0.08      0.59      0.00      0.00      0.08      0.59      0.00
12:23:41 PM      0.00      0.07      0.58      0.00      0.00      0.07      0.58      0.00
12:23:46 PM      0.00      0.07      0.57      0.00      0.00      0.07      0.57      0.00
12:23:51 PM      0.00      0.06      0.56      0.00      0.00      0.06      0.56      0.00
12:23:56 PM      0.00      0.05      0.55      0.00      0.00      0.05      0.55      0.00
12:24:01 PM      0.00      0.05      0.54      0.00      0.00      0.05      0.54      0.00
12:24:06 PM      0.00      0.04      0.53      0.00      0.00      0.04      0.53      0.00
12:24:11 PM      0.00      0.04      0.52      0.00      0.00      0.04      0.52      0.00
12:24:16 PM      0.00      0.04      0.51      0.00      0.00      0.04      0.51      0.00
12:24:21 PM      0.00      0.03      0.50      0.00      0.00      0.03      0.50      0.00
12:24:26 PM      0.00      0.03      0.49      0.00      0.00      0.03      0.49      0.00
12:24:31 PM      0.00      0.03      0.48      0.00      0.00      0.03      0.48      0.00
12:24:36 PM      0.00      0.02      0.47      0.00      0.00      0.02      0.47      0.00
12:24:41 PM      0.00      0.02      0.46      0.00      0.00      0.02      0.46      0.00
12:24:46 PM      0.00      0.02      0.45      0.00      0.00      0.02      0.45      0.00
12:24:51 PM      0.00      0.02      0.45      0.00      0.00      0.02      0.45      0.00
12:24:56 PM      0.00      0.01      0.44      0.00      0.00      0.01      0.44      0.00
12:25:01 PM      0.00      0.01      0.43      0.00      0.00      0.01      0.43      0.00
12:25:06 PM      0.00      0.01      0.42      0.00      0.00      0.01      0.42      0.00
12:25:11 PM      0.00      0.01      0.41      0.00      0.00      0.01      0.41      0.00
12:25:16 PM      0.00      0.01      0.41      0.00      0.00      0.01      0.41      0.00
12:25:21 PM      0.00      0.00      0.40      0.00      0.00      0.00      0.40      0.00
12:25:26 PM      0.00      0.00      0.39      0.00      0.00      0.00      0.39      0.00
12:25:31 PM      0.00      0.00      0.39      0.00      0.00      0.00      0.39      0.00
12:25:36 PM      0.00      0.00      0.38      0.00      0.00      0.00      0.38      0.00
12:25:41 PM      0.00      0.00      0.37      0.00      0.00      0.00      0.37      0.00
12:25:46 PM      0.00      0.00      0.36      0.00      0.00      0.00      0.36      0.00
12:25:51 PM      0.00      0.00      0.36      0.00      0.00      0.00      0.36      0.00
12:25:56 PM      0.00      0.00      0.35      0.00      0.00      0.00      0.35      0.00
12:26:01 PM      0.00      0.00      0.34      0.00      0.00      0.00      0.34      0.00
12:26:06 PM      0.00      0.00      0.34      0.00      0.00      0.00      0.34      0.00
12:26:11 PM      0.00      0.00      0.33      0.00      0.00      0.00      0.33      0.00
12:26:16 PM      0.00      0.00      0.32      0.00      0.00      0.00      0.32      0.00
12:26:21 PM      0.00      0.00      0.32      0.00      0.00      0.00      0.32      0.00
12:26:26 PM      0.00      0.00      0.31      0.00      0.00      0.00      0.31      0.00
12:26:31 PM      0.00      0.00      0.31      0.00      0.00      0.00      0.31      0.00
12:26:36 PM      0.00      0.00      0.30      0.00      0.00      0.00      0.30      0.00
12:26:41 PM      0.00      0.00      0.29      0.00      0.00      0.00      0.29      0.00
12:26:46 PM      0.00      0.00      0.29      0.00      0.00      0.00      0.29      0.00
12:26:51 PM      0.00      0.00      0.28      0.00      0.00      0.00      0.28      0.00
12:26:56 PM      0.00      0.00      0.28      0.00      0.00      0.00      0.28      0.00
12:27:01 PM      0.00      0.00      0.27      0.00      0.00      0.00      0.27      0.00
12:27:06 PM      0.00      0.00      0.27      0.00      0.00      0.00      0.27      0.00
12:27:11 PM      0.00      0.00      0.26      0.00      0.00      0.00      0.26      0.00
12:27:16 PM      0.00      0.00      0.26      0.00      0.00      0.00      0.26      0.00
12:27:21 PM      0.00      0.00      0.25      0.00      0.00      0.00      0.25      0.00
12:27:26 PM      0.18      0.03      0.25      0.59      0.18      0.03      0.25      0.59
12:27:31 PM      0.12      0.02      0.25      0.00      0.12      0.02      0.25      0.00
12:27:36 PM      0.06      0.02      0.24      0.08      0.06      0.02      0.24      0.08
12:27:41 PM      0.04      0.02      0.24      0.00      0.04      0.02      0.24      0.00
12:27:46 PM      0.02      0.02      0.23      0.00      0.02      0.02      0.23      0.00
12:27:51 PM      0.01      0.02      0.23      0.00      0.01      0.02      0.23      0.00
12:27:56 PM      0.00      0.01      0.22      0.00      0.00      0.01      0.22      0.00
12:28:01 PM      0.00      0.01      0.22      0.00      0.00      0.01      0.22      0.00
12:28:06 PM      0.00      0.01      0.21      0.00      0.00      0.01      0.21      0.00
12:28:11 PM      0.00      0.01      0.21      0.00      0.00      0.01      0.21      0.00
12:28:16 PM      0.00      0.01      0.21      0.00      0.00      0.01      0.21      0.00
12:28:21 PM      0.00      0.00      0.20      0.00      0.00      0.00      0.20      0.00
12:28:26 PM      0.00      0.00      0.20      0.26      0.00      0.00      0.20      0.26
12:28:31 PM      0.00      0.00      0.20      0.00      0.00      0.00      0.20      0.00
12:28:36 PM      0.00      0.00      0.19      0.00      0.00      0.00      0.19      0.00
12:28:41 PM      0.00      0.00      0.19      0.00      0.00      0.00      0.19      0.00
12:28:46 PM      0.00      0.00      0.18      0.01      0.00      0.00      0.18      0.01
12:28:51 PM      0.00      0.00      0.18      0.00      0.00      0.00      0.18      0.00
12:28:56 PM      0.00      0.00      0.18      0.00      0.00      0.00      0.18      0.00
12:29:01 PM      0.00      0.00      0.17      0.00      0.00      0.00      0.17      0.00
12:29:06 PM      0.00      0.00      0.17      0.00      0.00      0.00      0.17      0.00
12:29:11 PM      0.00      0.00      0.17      0.00      0.00      0.00      0.17      0.00
12:29:16 PM      3.85      0.82      0.34     11.15      3.85      0.82      0.34     11.13
12:29:21 PM      2.58      0.76      0.33      0.00      2.58      0.76      0.33      0.00
12:29:26 PM      1.41      0.69      0.33      0.03      1.41      0.69      0.33      0.03
12:29:31 PM      0.95      0.64      0.32      0.00      0.95      0.64      0.32      0.00
12:29:36 PM      0.52      0.58      0.31      0.00      0.52      0.58      0.31      0.00
12:29:41 PM      0.34      0.54      0.31      0.00      0.34      0.54      0.31      0.00
12:29:46 PM      0.19      0.49      0.30      0.00      0.19      0.49      0.30      0.00
12:29:51 PM      0.12      0.46      0.30      0.11      0.12      0.46      0.30      0.11
12:29:56 PM      0.06      0.41      0.29      0.00      0.06      0.41      0.29      0.00
12:30:01 PM      0.04      0.39      0.29      0.10      0.04      0.39      0.29      0.10
12:30:06 PM      0.02      0.35      0.28      0.00      0.02      0.35      0.28      0.00
12:30:11 PM      0.01      0.32      0.27      0.00      0.01      0.32      0.27      0.00
12:30:16 PM      0.00      0.29      0.27      0.00      0.00      0.29      0.27      0.00
12:30:21 PM      0.00      0.27      0.26      0.00      0.00      0.27      0.26      0.00
12:30:26 PM      0.00      0.25      0.26      0.00      0.00      0.25      0.26      0.00
12:30:31 PM      0.00      0.23      0.25      0.00      0.00      0.23      0.25      0.00
12:30:36 PM      0.00      0.21      0.25      0.00      0.00      0.21      0.25      0.00
12:30:41 PM      0.00      0.19      0.25      0.00      0.00      0.19      0.25      0.00
12:30:46 PM      0.00      0.17      0.24      0.00      0.00      0.17      0.24      0.00
12:30:51 PM      0.00      0.16      0.24      0.00      0.00      0.16      0.24      0.00
12:30:56 PM      0.00      0.14      0.23      0.00      0.00      0.14      0.23      0.00
12:31:01 PM      0.00      0.13      0.23      0.00      0.00      0.13      0.23      0.00
12:31:06 PM      0.00      0.12      0.22      0.00      0.00      0.12      0.22      0.00
12:31:11 PM      0.00      0.11      0.22      0.00      0.00      0.11      0.22      0.00
12:31:16 PM      0.00      0.10      0.21      0.00      0.00      0.10      0.21      0.00
12:31:21 PM      0.00      0.09      0.21      0.00      0.00      0.09      0.21      0.00
12:31:26 PM      0.00      0.08      0.20      0.00      0.00      0.08      0.20      0.00
12:31:31 PM      0.00      0.08      0.20      0.00      0.00      0.08      0.20      0.00
12:31:36 PM      0.00      0.07      0.19      0.00      0.00      0.07      0.19      0.00
12:31:41 PM      0.00      0.06      0.19      0.01      0.00      0.06      0.19      0.01
12:31:46 PM      0.00      0.06      0.19      0.00      0.00      0.06      0.19      0.00
12:31:51 PM      0.00      0.05      0.18      0.00      0.00      0.05      0.18      0.00
12:31:56 PM      0.00      0.05      0.18      0.00      0.00      0.05      0.18      0.00
12:32:01 PM      0.00      0.04      0.18      0.00      0.00      0.04      0.18      0.00
12:32:06 PM      0.00      0.04      0.17      0.00      0.00      0.04      0.17      0.00
12:32:11 PM      0.00      0.03      0.17      0.00      0.00      0.03      0.17      0.00
12:32:16 PM      0.00      0.03      0.17      0.01      0.00      0.03      0.17      0.01
12:32:21 PM      0.00      0.03      0.16      0.00      0.00      0.03      0.16      0.00
12:32:26 PM      0.00      0.02      0.16      0.00      0.00      0.02      0.16      0.00
12:32:31 PM      0.00      0.02      0.16      0.00      0.00      0.02      0.16      0.00
12:32:36 PM      0.00      0.02      0.15      0.00      0.00      0.02      0.15      0.00
12:32:41 PM      0.00      0.02      0.15      0.00      0.00      0.02      0.15      0.00
12:32:46 PM      0.00      0.01      0.14      0.00      0.00      0.01      0.14      0.00
12:32:51 PM      0.00      0.01      0.14      3.74      0.00      0.01      0.14      3.74
12:32:56 PM      1.09      0.28      0.20      0.28      1.09      0.28      0.20      0.28
12:33:01 PM      0.73      0.27      0.20      0.00      0.73      0.27      0.20      0.00
12:33:06 PM      0.40      0.24      0.19      0.00      0.40      0.24      0.19      0.00
12:33:11 PM      0.26      0.22      0.19      0.00      0.26      0.22      0.19      0.00
12:33:16 PM      0.14      0.20      0.18      0.00      0.14      0.20      0.18      0.00
12:33:21 PM      0.09      0.19      0.18      0.00      0.09      0.19      0.18      0.00
12:33:26 PM      0.05      0.17      0.18      0.00      0.05      0.17      0.18      0.00
12:33:31 PM      0.03      0.16      0.17      0.00      0.03      0.16      0.17      0.00
12:33:36 PM      0.01      0.14      0.17      0.00      0.01      0.14      0.17      0.00
12:33:41 PM      0.01      0.13      0.17      0.00      0.01      0.13      0.17      0.00
12:33:46 PM      0.00      0.12      0.16      0.00      0.00      0.12      0.16      0.00
12:33:51 PM      0.00      0.11      0.16      0.00      0.00      0.11      0.16      0.00
12:33:56 PM      0.00      0.10      0.15      0.00      0.00      0.10      0.15      0.00
12:34:01 PM      0.00      0.09      0.15      0.00      0.00      0.09      0.15      0.00
12:34:06 PM      0.00      0.08      0.15      0.00      0.00      0.08      0.15      0.00
12:34:11 PM      0.00      0.07      0.14      0.00      0.00      0.07      0.14      0.00
12:34:16 PM      0.00      0.07      0.14      0.00      0.00      0.07      0.14      0.00
12:34:21 PM      0.00      0.06      0.14      0.00      0.00      0.06      0.14      0.00
12:34:26 PM      0.00      0.05      0.13      0.00      0.00      0.05      0.13      0.00
12:34:31 PM      0.00      0.05      0.13      0.00      0.00      0.05      0.13      0.00
12:34:36 PM      0.00      0.04      0.13      0.00      0.00      0.04      0.13      0.00
12:34:41 PM      0.00      0.04      0.13      0.00      0.00      0.04      0.13      0.00
12:34:46 PM      0.00      0.04      0.12      0.00      0.00      0.04      0.12      0.00
12:34:51 PM      0.00      0.03      0.12      0.00      0.00      0.03      0.12      0.00
12:34:56 PM      0.00      0.03      0.12      0.00      0.00      0.03      0.12      0.00
12:35:01 PM      0.00      0.02      0.12      0.00      0.00      0.02      0.12      0.00
12:35:06 PM      0.00      0.02      0.11      0.00      0.00      0.02      0.11      0.00
12:35:11 PM      0.00      0.02      0.11      0.00      0.00      0.02      0.11      0.00
12:35:16 PM      0.00      0.02      0.11      0.00      0.00      0.02      0.11      0.00
12:35:21 PM      0.00      0.02      0.11      0.00      0.00      0.02      0.11      0.00
12:35:26 PM      0.00      0.01      0.10      0.00      0.00      0.01      0.10      0.00
12:35:31 PM      0.00      0.01      0.10      0.00      0.00      0.01      0.10      0.00
12:35:36 PM      0.00      0.01      0.10      0.00      0.00      0.01      0.10      0.00
12:35:41 PM      0.00      0.01      0.10      0.00      0.00      0.01      0.10      0.00
12:35:46 PM      0.00      0.01      0.09      0.00      0.00      0.01      0.09      0.00
12:35:51 PM      0.00      0.00      0.09      0.00      0.00      0.00      0.09      0.00
12:35:56 PM      0.00      0.00      0.09      0.00      0.00      0.00      0.09      0.00
12:36:01 PM      0.00      0.00      0.09      0.00      0.00      0.00      0.09      0.00
12:36:06 PM      0.00      0.00      0.08      0.00      0.00      0.00      0.08      0.00
12:36:11 PM      0.00      0.00      0.08      0.00      0.00      0.00      0.08      0.00
12:36:16 PM      0.00      0.00      0.08      0.00      0.00      0.00      0.08      0.00
12:36:21 PM      0.00      0.00      0.08      0.00      0.00      0.00      0.08      0.00
12:36:26 PM      0.00      0.00      0.08      0.00      0.00      0.00      0.08      0.00
12:36:31 PM      0.00      0.00      0.07      0.00      0.00      0.00      0.07      0.00
12:36:36 PM      0.00      0.00      0.07      0.00      0.00      0.00      0.07      0.00
12:36:41 PM      0.00      0.00      0.07      0.00      0.00      0.00      0.07      0.00
12:36:46 PM      0.00      0.00      0.07      0.00      0.00      0.00      0.07      0.00
12:36:51 PM      0.00      0.00      0.06      0.00      0.00      0.00      0.06      0.00
12:36:56 PM      0.00      0.00      0.06      0.00      0.00      0.00      0.06      0.00
12:37:01 PM      0.00      0.00      0.06      0.04      0.00      0.00      0.06      0.04
12:37:06 PM      0.00      0.00      0.06      0.00      0.00      0.00      0.06      0.00
12:37:11 PM      0.00      0.00      0.06      0.00      0.00      0.00      0.06      0.00
12:37:16 PM      0.00      0.00      0.06      0.00      0.00      0.00      0.06      0.00
12:37:21 PM      0.00      0.00      0.06      0.00      0.00      0.00      0.06      0.00
12:37:26 PM      0.00      0.00      0.06      0.00      0.00      0.00      0.06      0.00
12:37:31 PM      0.00      0.00      0.06      0.00      0.00      0.00      0.06      0.00
12:37:36 PM      0.00      0.00      0.05      0.00      0.00      0.00      0.05      0.00
12:37:41 PM      0.00      0.00      0.05      0.00      0.00      0.00      0.05      0.00
12:37:46 PM      0.00      0.00      0.05      0.00      0.00      0.00      0.05      0.00
12:37:51 PM      0.00      0.00      0.05      0.00      0.00      0.00      0.05      0.00
12:37:56 PM      0.00      0.00      0.05      0.00      0.00      0.00      0.05      0.00
12:38:01 PM      0.00      0.00      0.05      0.00      0.00      0.00      0.05      0.00
12:38:06 PM      0.00      0.00      0.05      0.01      0.00      0.00      0.05      0.01
12:38:11 PM      0.18      0.03      0.05      0.64      0.18      0.03      0.05      0.64
12:38:16 PM      0.09      0.02      0.05      0.00      0.09      0.02      0.05      0.00
12:38:21 PM      0.06      0.02      0.05      0.00      0.06      0.02      0.05      0.00
12:38:26 PM      0.03      0.02      0.05      0.00      0.03      0.02      0.05      0.00
12:38:31 PM      0.92      0.18      0.08      2.06      0.92      0.18      0.08      2.06
12:38:36 PM      0.50      0.16      0.08      0.00      0.50      0.16      0.08      0.00
12:38:41 PM      0.34      0.15      0.08      0.00      0.34      0.15      0.08      0.00
12:38:46 PM      0.18      0.14      0.07      0.00      0.18      0.14      0.07      0.00
12:38:51 PM      0.12      0.13      0.07      0.00      0.12      0.13      0.07      0.00
12:38:56 PM      0.06      0.11      0.07      0.00      0.06      0.11      0.07      0.00
12:39:01 PM      0.04      0.10      0.07      0.00      0.04      0.10      0.07      0.00
12:39:06 PM      0.02      0.09      0.07      0.00      0.02      0.09      0.07      0.00
12:39:11 PM      0.01      0.09      0.06      0.00      0.01      0.09      0.06      0.00
12:39:16 PM      0.00      0.08      0.06      0.00      0.00      0.08      0.06      0.00
12:39:21 PM      3.08      0.63      0.18      7.80      3.08      0.63      0.18      7.80
12:39:26 PM      1.93      0.63      0.19      0.00      1.93      0.63      0.19      0.00
12:39:31 PM      1.29      0.59      0.19      0.00      1.29      0.59      0.19      0.00
12:39:36 PM      0.71      0.53      0.18      0.00      0.71      0.53      0.18      0.00
12:39:41 PM      0.47      0.50      0.18      0.00      0.47      0.50      0.18      0.00
12:39:46 PM      0.26      0.45      0.17      0.00      0.26      0.45      0.17      0.00
12:39:51 PM      0.17      0.42      0.17      0.00      0.17      0.42      0.17      0.00
12:39:56 PM      0.09      0.38      0.17      0.00      0.09      0.38      0.17      0.00
12:40:01 PM      0.06      0.35      0.16      0.00      0.06      0.35      0.16      0.00
12:40:06 PM      0.03      0.32      0.16      0.00      0.03      0.32      0.16      0.00
12:40:11 PM      0.02      0.30      0.16      0.00      0.02      0.30      0.16      0.00
12:40:16 PM      0.01      0.27      0.15      0.00      0.01      0.27      0.15      0.00
12:40:21 PM      0.00      0.25      0.15      0.00      0.00      0.25      0.15      0.00
12:40:26 PM      0.00      0.22      0.14      0.00      0.00      0.22      0.14      0.00
12:40:31 PM      0.00      0.21      0.14      0.00      0.00      0.21      0.14      0.00
12:40:36 PM      0.00      0.19      0.14      0.00      0.00      0.19      0.14      0.00
12:40:41 PM      0.00      0.18      0.14      0.00      0.00      0.18      0.14      0.00
12:40:46 PM      0.00      0.16      0.13      0.00      0.00      0.16      0.13      0.00
12:40:51 PM      0.00      0.15      0.13      0.00      0.00      0.15      0.13      0.00
12:40:56 PM      0.00      0.13      0.13      0.00      0.00      0.13      0.13      0.00
12:41:01 PM      0.00      0.12      0.13      0.00      0.00      0.12      0.13      0.00
12:41:06 PM      0.00      0.11      0.12      0.00      0.00      0.11      0.12      0.00
12:41:11 PM      0.00      0.10      0.12      0.00      0.00      0.10      0.12      0.00
12:41:16 PM      0.00      0.09      0.12      0.00      0.00      0.09      0.12      0.00
12:41:21 PM      0.00      0.08      0.12      0.00      0.00      0.08      0.12      0.00
12:41:26 PM      0.00      0.08      0.11      0.00      0.00      0.08      0.11      0.00
12:41:31 PM      0.00      0.07      0.11      0.00      0.00      0.07      0.11      0.00
12:41:36 PM      0.00      0.06      0.11      0.00      0.00      0.06      0.11      0.00
12:41:41 PM      0.00      0.06      0.11      0.00      0.00      0.06      0.11      0.00
12:41:46 PM      0.00      0.05      0.10      0.00      0.00      0.05      0.10      0.00
12:41:51 PM      0.00      0.05      0.10      0.00      0.00      0.05      0.10      0.00
12:41:56 PM      0.00      0.04      0.10      0.00      0.00      0.04      0.10      0.00
12:42:01 PM      0.00      0.04      0.10      0.00      0.00      0.04      0.10      0.00
12:42:06 PM      0.00      0.03      0.09      0.00      0.00      0.03      0.09      0.00
12:42:11 PM      0.00      0.03      0.09      0.00      0.00      0.03      0.09      0.00
12:42:16 PM      0.00      0.03      0.09      0.00      0.00      0.03      0.09      0.00
12:42:21 PM      0.00      0.02      0.09      0.00      0.00      0.02      0.09      0.00
12:42:26 PM      0.00      0.02      0.08      0.00      0.00      0.02      0.08      0.00
12:42:31 PM      0.00      0.02      0.08      0.00      0.00      0.02      0.08      0.00
12:42:36 PM      0.00      0.02      0.08      0.00      0.00      0.02      0.08      0.00
12:42:41 PM      0.00      0.01      0.08      0.00      0.00      0.01      0.08      0.00
12:42:46 PM      0.00      0.01      0.07      0.00      0.00      0.01      0.07      0.00
12:42:51 PM      0.00      0.01      0.07      0.00      0.00      0.01      0.07      0.00
12:42:56 PM      0.00      0.01      0.07      0.00      0.00      0.01      0.07      0.00
12:43:01 PM      0.00      0.01      0.07      0.00      0.00      0.01      0.07      0.00
12:43:06 PM      0.00      0.01      0.06      0.00      0.00      0.01      0.06      0.00
12:43:11 PM      0.00      0.00      0.06      0.00      0.00      0.00      0.06      0.00
12:43:16 PM      0.00      0.00      0.06      0.00      0.00      0.00      0.06      0.00
12:43:21 PM      0.00      0.00      0.06      0.00      0.00      0.00      0.06      0.00
12:43:26 PM      0.00      0.00      0.06      0.00      0.00      0.00      0.06      0.00
12:43:31 PM      0.14      0.03      0.07      0.74      0.14      0.03      0.07      0.74
12:43:36 PM      0.08      0.03      0.06      0.00      0.08      0.03      0.06      0.00
12:43:41 PM      0.05      0.02      0.06      0.00      0.05      0.02      0.06      0.00
12:43:46 PM      0.02      0.02      0.06      0.00      0.02      0.02      0.06      0.00
12:43:51 PM      0.01      0.02      0.06      0.00      0.01      0.02      0.06      0.00
12:43:56 PM      0.00      0.02      0.06      0.00      0.00      0.02      0.06      0.00
12:44:01 PM      0.00      0.01      0.06      0.00      0.00      0.01      0.06      0.00
12:44:06 PM      0.00      0.01      0.06      0.00      0.00      0.01      0.06      0.00
12:44:11 PM      0.00      0.01      0.06      0.00      0.00      0.01      0.06      0.00
12:44:16 PM      0.00      0.01      0.05      0.00      0.00      0.01      0.05      0.00
12:44:21 PM      0.00      0.01      0.05      0.00      0.00      0.01      0.05      0.00
12:44:26 PM      0.00      0.01      0.05      0.00      0.00      0.01      0.05      0.00
12:44:31 PM      0.00      0.00      0.05      0.00      0.00      0.00      0.05      0.00
12:44:36 PM      0.00      0.00      0.05      0.00      0.00      0.00      0.05      0.00
12:44:41 PM      0.00      0.00      0.05      0.00      0.00      0.00      0.05      0.00
12:44:46 PM      0.00      0.00      0.05      0.00      0.00      0.00      0.05      0.00
12:44:51 PM      0.00      0.00      0.05      0.00      0.00      0.00      0.05      0.00
12:44:56 PM      0.00      0.00      0.04      0.00      0.00      0.00      0.04      0.00
12:45:01 PM      0.00      0.00      0.04      0.00      0.00      0.00      0.04      0.00
12:45:06 PM      0.00      0.00      0.04      0.00      0.00      0.00      0.04      0.00
12:45:11 PM      0.00      0.00      0.04      0.00      0.00      0.00      0.04      0.00
12:45:16 PM      0.00      0.00      0.04      0.00      0.00      0.00      0.04      0.00
12:45:21 PM      0.00      0.00      0.04      0.00      0.00      0.00      0.04      0.00
12:45:26 PM      0.00      0.00      0.04      0.00      0.00      0.00      0.04      0.00
12:45:31 PM      0.00      0.00      0.04      0.00      0.00      0.00      0.04      0.00
12:45:36 PM      0.00      0.00      0.04      0.00      0.00      0.00      0.04      0.00
12:45:41 PM      0.00      0.00      0.03      0.00      0.00      0.00      0.03      0.00
12:45:46 PM      0.00      0.00      0.03      0.00      0.00      0.00      0.03      0.00
12:45:51 PM      0.00      0.00      0.03      0.00      0.00      0.00      0.03      0.00
12:45:56 PM      0.00      0.00      0.03      0.00      0.00      0.00      0.03      0.00
12:46:01 PM      0.00      0.00      0.03      0.00      0.00      0.00      0.03      0.00
12:46:06 PM      0.00      0.00      0.03      0.00      0.00      0.00      0.03      0.00
12:46:11 PM      0.00      0.00      0.03      0.00      0.00      0.00      0.03      0.00
12:46:16 PM      0.00      0.00      0.03      0.00      0.00      0.00      0.03      0.00
12:46:21 PM      0.00      0.00      0.02      0.00      0.00      0.00      0.02      0.00
12:46:26 PM      0.00      0.00      0.02      0.00      0.00      0.00      0.02      0.00
12:46:31 PM      0.00      0.00      0.02      0.00      0.00      0.00      0.02      0.00
12:46:36 PM      0.00      0.00      0.02      0.00      0.00      0.00      0.02      0.00
12:46:41 PM      0.00      0.00      0.02      0.00      0.00      0.00      0.02      0.00
12:46:46 PM      0.00      0.00      0.02      0.00      0.00      0.00      0.02      0.00
12:46:51 PM      0.00      0.00      0.02      0.00      0.00      0.00      0.02      0.00
12:46:56 PM      0.00      0.00      0.02      0.00      0.00      0.00      0.02      0.00
12:47:01 PM      0.00      0.00      0.01      0.00      0.00      0.00      0.01      0.00
12:47:06 PM      0.00      0.00      0.01      0.00      0.00      0.00      0.01      0.00
12:47:11 PM      0.00      0.00      0.01      0.00      0.00      0.00      0.01      0.00
12:47:16 PM      0.00      0.00      0.01      0.00      0.00      0.00      0.01      0.00
12:47:21 PM      0.00      0.00      0.01      0.00      0.00      0.00      0.01      0.00
12:47:26 PM      0.00      0.00      0.01      0.00      0.00      0.00      0.01      0.00
12:47:31 PM      0.00      0.00      0.01      0.00      0.00      0.00      0.01      0.00
12:47:36 PM      0.00      0.00      0.01      0.00      0.00      0.00      0.01      0.00
12:47:41 PM      0.00      0.00      0.00      0.00      0.00      0.00      0.00      0.00
12:47:46 PM      0.00      0.00      0.00      0.00      0.00      0.00      0.00      0.00
12:47:51 PM      0.00      0.00      0.00      0.00      0.00      0.00      0.00      0.00
12:47:56 PM      0.00      0.00      0.00      0.00      0.00      0.00      0.00      0.00
12:48:01 PM      0.00      0.00      0.00      0.00      0.00      0.00      0.00      0.00
12:48:06 PM      0.00      0.00      0.00      0.00      0.00      0.00      0.00      0.00
12:48:11 PM      0.00      0.00      0.00      0.00      0.00      0.00      0.00      0.00
12:48:16 PM      0.00      0.00      0.00      0.00      0.00      0.00      0.00      0.00
12:48:21 PM      0.00      0.00      0.00      0.00      0.00      0.00      0.00      0.00
12:48:26 PM      0.00      0.00      0.00      0.00      0.00      0.00      0.00      0.00
12:48:31 PM      0.00      0.00      0.00      1.26      0.00      0.00      0.00      1.26
12:48:36 PM      1.82      0.45      0.10      5.19      1.82      0.45      0.10      5.19
12:48:41 PM      1.22      0.42      0.09      0.00      1.22      0.42      0.09      0.00
12:48:46 PM      0.66      0.38      0.09      0.00      0.66      0.38      0.09      0.00
12:48:51 PM      0.74      0.42      0.10      1.16      0.74      0.42      0.10      1.16
12:48:56 PM      0.40      0.38      0.10      0.00      0.40      0.38      0.10      0.00
12:49:01 PM      0.27      0.36      0.10      0.00      0.27      0.36      0.10      0.00
12:49:06 PM      0.14      0.32      0.10      0.00      0.14      0.32      0.10      0.00
12:49:11 PM      0.10      0.30      0.09      0.02      0.10      0.30      0.09      0.02
12:49:16 PM      0.05      0.27      0.09      0.00      0.05      0.27      0.09      0.00
12:49:21 PM      0.03      0.25      0.09      0.01      0.03      0.25      0.09      0.01
12:49:26 PM      0.38      0.29      0.10      1.45      0.38      0.29      0.10      1.44
12:49:31 PM      0.70      0.37      0.12      1.03      0.70      0.37      0.12      1.03
12:49:36 PM      0.38      0.33      0.12      0.00      0.38      0.33      0.12      0.00
12:49:41 PM      0.25      0.31      0.11      0.02      0.25      0.31      0.11      0.02
12:49:46 PM      0.14      0.28      0.11      0.00      0.14      0.28      0.11      0.00
12:49:51 PM      0.09      0.26      0.11      0.00      0.09      0.26      0.11      0.00
12:49:56 PM      0.05      0.23      0.11      0.00      0.05      0.23      0.11      0.00
12:50:01 PM      0.03      0.22      0.10      0.01      0.03      0.22      0.10      0.01
12:50:06 PM      0.01      0.20      0.10      0.00      0.01      0.20      0.10      0.00
12:50:11 PM      0.01      0.18      0.10      0.00      0.01      0.18      0.10      0.00
12:50:16 PM      0.00      0.16      0.10      0.00      0.00      0.16      0.10      0.00
12:50:21 PM      0.00      0.15      0.09      0.00      0.00      0.15      0.09      0.00
12:50:26 PM      0.00      0.14      0.09      0.00      0.00      0.14      0.09      0.00
12:50:31 PM      0.00      0.13      0.09      0.00      0.00      0.13      0.09      0.00
12:50:36 PM      0.00      0.11      0.09      0.00      0.00      0.11      0.09      0.00
12:50:41 PM      0.00      0.11      0.08      0.00      0.00      0.11      0.08      0.00
12:50:46 PM      0.00      0.10      0.08      0.00      0.00      0.10      0.08      0.00
12:50:51 PM      0.00      0.09      0.08      0.00      0.00      0.09      0.08      0.00
12:50:56 PM      0.00      0.08      0.08      0.00      0.00      0.08      0.08      0.00
12:51:01 PM      0.00      0.07      0.07      0.00      0.00      0.07      0.07      0.00
12:51:06 PM      0.00      0.06      0.07      0.00      0.00      0.06      0.07      0.00
12:51:11 PM      0.00      0.06      0.07      0.00      0.00      0.06      0.07      0.00
12:51:16 PM      0.00      0.05      0.07      0.00      0.00      0.05      0.07      0.00
12:51:21 PM      0.00      0.05      0.07      0.00      0.00      0.05      0.07      0.00
12:51:26 PM      0.00      0.04      0.06      0.00      0.00      0.04      0.06      0.00
12:51:31 PM      0.00      0.04      0.06      0.00      0.00      0.04      0.06      0.00
12:51:36 PM      0.00      0.03      0.06      0.00      0.00      0.03      0.06      0.00
12:51:41 PM      0.00      0.03      0.06      0.00      0.00      0.03      0.06      0.00
12:51:46 PM      0.00      0.03      0.06      0.00      0.00      0.03      0.06      0.00
12:51:51 PM      0.00      0.02      0.06      0.00      0.00      0.02      0.06      0.00
12:51:56 PM      0.00      0.02      0.06      0.00      0.00      0.02      0.06      0.00
12:52:01 PM      0.00      0.02      0.06      0.00      0.00      0.02      0.06      0.00
12:52:06 PM      0.00      0.02      0.05      0.00      0.00      0.02      0.05      0.00
12:52:11 PM      0.00      0.01      0.05      0.00      0.00      0.01      0.05      0.00
12:52:16 PM      0.00      0.01      0.05      0.00      0.00      0.01      0.05      0.00
12:52:21 PM      0.00      0.01      0.05      0.00      0.00      0.01      0.05      0.00
12:52:26 PM      0.00      0.01      0.05      0.00      0.00      0.01      0.05      0.00
12:52:31 PM      0.00      0.01      0.05      0.00      0.00      0.01      0.05      0.00
12:52:36 PM      0.00      0.01      0.05      0.00      0.00      0.01      0.05      0.00
12:52:41 PM      0.00      0.00      0.05      0.00      0.00      0.00      0.05      0.00
12:52:46 PM      0.00      0.00      0.04      0.00      0.00      0.00      0.04      0.00
12:52:51 PM      0.00      0.00      0.04      0.00      0.00      0.00      0.04      0.00
12:52:56 PM      0.00      0.00      0.04      0.00      0.00      0.00      0.04      0.00
12:53:01 PM      0.00      0.00      0.04      0.00      0.00      0.00      0.04      0.00
12:53:06 PM      0.00      0.00      0.04      0.00      0.00      0.00      0.04      0.00
12:53:11 PM      0.00      0.00      0.04      0.00      0.00      0.00      0.04      0.00
12:53:16 PM      0.00      0.00      0.04      0.00      0.00      0.00      0.04      0.00
12:53:21 PM      0.00      0.00      0.04      0.00      0.00      0.00      0.04      0.00
12:53:26 PM      0.00      0.00      0.03      0.01      0.00      0.00      0.03      0.01
12:53:31 PM      0.00      0.00      0.03      0.00      0.00      0.00      0.03      0.00
12:53:36 PM      0.00      0.00      0.03      0.00      0.00      0.00      0.03      0.00
12:53:41 PM      0.00      0.00      0.03      0.00      0.00      0.00      0.03      0.00
12:53:46 PM      0.00      0.00      0.03      0.00      0.00      0.00      0.03      0.00
12:53:51 PM      0.00      0.00      0.03      0.00      0.00      0.00      0.03      0.00
12:53:56 PM      0.00      0.00      0.03      0.00      0.00      0.00      0.03      0.00
12:54:01 PM      0.00      0.00      0.03      0.00      0.00      0.00      0.03      0.00
12:54:06 PM      0.18      0.03      0.03      0.57      0.18      0.03      0.03      0.57
12:54:11 PM      0.12      0.02      0.03      0.00      0.12      0.02      0.03      0.00
12:54:16 PM      0.06      0.02      0.03      0.00      0.06      0.02      0.03      0.00
12:54:21 PM      0.04      0.02      0.03      0.00      0.04      0.02      0.03      0.00
12:54:26 PM      0.02      0.02      0.03      0.00      0.02      0.02      0.03      0.00
12:54:31 PM      0.01      0.02      0.03      0.00      0.01      0.02      0.03      0.00
12:54:36 PM      0.00      0.01      0.02      0.00      0.00      0.01      0.02      0.00
12:54:41 PM      0.00      0.01      0.02      0.00      0.00      0.01      0.02      0.00
12:54:46 PM      0.00      0.01      0.02      0.00      0.00      0.01      0.02      0.00
12:54:51 PM      0.00      0.01      0.02      0.00      0.00      0.01      0.02      0.00
12:54:56 PM      0.00      0.01      0.02      0.00      0.00      0.01      0.02      0.00
12:55:01 PM      0.00      0.00      0.02      0.00      0.00      0.00      0.02      0.00
12:55:06 PM      0.00      0.00      0.02      0.00      0.00      0.00      0.02      0.00
12:55:11 PM      0.00      0.00      0.02      0.00      0.00      0.00      0.02      0.00
12:55:16 PM      0.00      0.00      0.02      0.00      0.00      0.00      0.02      0.00
12:55:21 PM      0.00      0.00      0.01      0.15      0.00      0.00      0.01      0.15
12:55:26 PM      0.00      0.00      0.01      0.00      0.00      0.00      0.01      0.00
12:55:31 PM      0.00      0.00      0.01      0.10      0.00      0.00      0.01      0.10
12:55:36 PM      0.00      0.00      0.01      0.00      0.00      0.00      0.01      0.00
12:55:41 PM      0.00      0.00      0.01      0.00      0.00      0.00      0.01      0.00
12:55:46 PM      0.00      0.00      0.01      0.00      0.00      0.00      0.01      0.00
12:55:51 PM      0.00      0.00      0.01      0.00      0.00      0.00      0.01      0.00
12:55:56 PM      0.00      0.00      0.01      0.00      0.00      0.00      0.01      0.00
12:56:01 PM      0.00      0.00      0.00      0.00      0.00      0.00      0.00      0.00
12:56:06 PM      0.00      0.00      0.00      0.00      0.00      0.00      0.00      0.00
12:56:11 PM      0.00      0.00      0.00      0.00      0.00      0.00      0.00      0.00
12:56:16 PM      0.00      0.00      0.00      0.00      0.00      0.00      0.00      0.00
12:56:21 PM      0.00      0.00      0.00      0.00      0.00      0.00      0.00      0.00
12:56:26 PM      0.00      0.00      0.00      0.00      0.00      0.00      0.00      0.00
12:56:31 PM      0.00      0.00      0.00      0.00      0.00      0.00      0.00      0.00
12:56:36 PM      0.00      0.00      0.00      0.00      0.00      0.00      0.00      0.00
12:56:41 PM      0.00      0.00      0.00      0.00      0.00      0.00      0.00      0.00
12:56:46 PM      0.00      0.00      0.00      0.00      0.00      0.00      0.00      0.00
12:56:51 PM      0.00      0.00      0.00      0.00      0.00      0.00      0.00      0.00
12:56:56 PM      0.00      0.00      0.00      0.00      0.00      0.00      0.00      0.00
12:57:01 PM      0.00      0.00      0.00      0.00      0.00      0.00      0.00      0.00
12:57:06 PM      0.00      0.00      0.00      0.00      0.00      0.00      0.00      0.00
12:57:11 PM      0.00      0.00      0.00      0.00      0.00      0.00      0.00      0.00
12:57:16 PM      0.00      0.00      0.00      0.00      0.00      0.00      0.00      0.00
12:57:21 PM      0.00      0.00      0.00      0.00      0.00      0.00      0.00      0.00
12:57:26 PM      0.00      0.00      0.00      0.00      0.00      0.00      0.00      0.00
12:57:31 PM      0.00      0.00      0.00      0.00      0.00      0.00      0.00      0.00
12:57:36 PM      0.00      0.00      0.00      0.00      0.00      0.00      0.00      0.00
12:57:41 PM      0.00      0.00      0.00      0.00      0.00      0.00      0.00      0.00
12:57:46 PM      0.00      0.00      0.00      0.00      0.00      0.00      0.00      0.00
12:57:51 PM      0.00      0.00      0.00      0.00      0.00      0.00      0.00      0.00
12:57:56 PM      0.00      0.00      0.00      0.00      0.00      0.00      0.00      0.00
12:58:01 PM      0.00      0.00      0.00      0.00      0.00      0.00      0.00      0.00
12:58:06 PM      0.00      0.00      0.00      0.00      0.00      0.00      0.00      0.00
12:58:11 PM      0.00      0.00      0.00      0.00      0.00      0.00      0.00      0.00
12:58:16 PM      0.00      0.00      0.00      0.00      0.00      0.00      0.00      0.00
12:58:21 PM      0.00      0.00      0.00      0.00      0.00      0.00      0.00      0.00
12:58:26 PM      0.00      0.00      0.00      0.01      0.00      0.00      0.00      0.01
12:58:31 PM      0.00      0.00      0.00      0.00      0.00      0.00      0.00      0.00
12:58:36 PM      0.00      0.00      0.00     27.04      0.00      0.00      0.00     27.03
12:58:41 PM     12.72      3.05      0.66     12.79     12.72      3.05      0.66     12.79
12:58:46 PM      8.53      2.85      0.65      0.00      8.53      2.85      0.65      0.00
12:58:51 PM      4.68      2.58      0.64      0.00      4.68      2.58      0.64      0.00
12:58:56 PM      3.13      2.42      0.63      0.00      3.13      2.42      0.63      0.00
12:59:01 PM      1.72      2.18      0.62      0.00      1.72      2.18      0.62      0.00
12:59:06 PM      1.15      2.04      0.61      0.00      1.15      2.04      0.61      0.00
12:59:11 PM      0.63      1.85      0.60      0.00      0.63      1.85      0.60      0.00
12:59:16 PM      0.42      1.73      0.59      0.00      0.42      1.73      0.59      0.00
12:59:21 PM      0.23      1.56      0.57      0.00      0.23      1.56      0.57      0.00
12:59:26 PM      1.06      1.63      0.60     17.21      1.06      1.63      0.60     17.21
12:59:31 PM      4.95      2.57      0.83      0.47      4.95      2.57      0.83      0.47
12:59:36 PM     12.97      4.28      1.21     36.50     12.97      4.28      1.21     36.48
12:59:41 PM     11.13      4.88      1.41      0.07     11.13      4.88      1.41      0.07
12:59:46 PM      7.46      4.56      1.39      0.00      7.46      4.56      1.39      0.00
12:59:51 PM      4.09      4.13      1.36      0.00      4.09      4.13      1.36      0.00
12:59:56 PM      2.74      3.86      1.34      0.00      2.74      3.86      1.34      0.00
01:00:01 PM      1.50      3.50      1.31      0.13      1.50      3.50      1.31      0.13
01:00:06 PM      1.01      3.27      1.30      0.00      1.01      3.27      1.30      0.00
01:00:11 PM      0.55      2.96      1.27      0.07      0.55      2.96      1.27      0.07
01:00:16 PM      0.37      2.77      1.25      0.00      0.37      2.77      1.25      0.00
01:00:21 PM      0.20      2.50      1.22      0.00      0.20      2.50      1.22      0.00
01:00:26 PM      0.13      2.34      1.21      0.00      0.13      2.34      1.21      0.00
01:00:31 PM      0.07      2.12      1.18      0.00      0.07      2.12      1.18      0.00
01:00:36 PM      0.04      1.98      1.17      0.00      0.04      1.98      1.17      0.00
01:00:41 PM      0.02      1.79      1.14      0.02      0.02      1.79      1.14      0.02
01:00:46 PM      0.01      1.67      1.12      0.00      0.01      1.67      1.12      0.00
01:00:51 PM      0.00      1.51      1.10      0.03      0.00      1.51      1.10      0.03
01:00:56 PM      0.00      1.42      1.09      0.00      0.00      1.42      1.09      0.00
01:01:01 PM      0.00      1.28      1.06      0.01      0.00      1.28      1.06      0.01
01:01:06 PM      0.00      1.20      1.05      0.00      0.00      1.20      1.05      0.00
01:01:11 PM      0.00      1.08      1.03      0.01      0.00      1.08      1.03      0.01
01:01:16 PM      0.00      1.01      1.01      0.00      0.00      1.01      1.01      0.00
01:01:21 PM      0.00      0.91      0.99      0.14      0.00      0.91      0.99      0.14
01:01:26 PM      0.00      0.85      0.98      0.00      0.00      0.85      0.98      0.00
01:01:31 PM      0.00      0.77      0.95      0.00      0.00      0.77      0.95      0.00
01:01:36 PM      0.00      0.72      0.94      0.00      0.00      0.72      0.94      0.00
01:01:41 PM      0.00      0.65      0.92      0.01      0.00      0.65      0.92      0.01
01:01:46 PM      0.00      0.61      0.91      0.00      0.00      0.61      0.91      0.00
01:01:51 PM      0.00      0.55      0.89      0.00      0.00      0.55      0.89      0.00
01:01:56 PM      0.14      0.55      0.88      0.40      0.14      0.55      0.88      0.40
01:02:01 PM      0.08      0.49      0.86      0.00      0.08      0.49      0.86      0.00
01:02:06 PM      0.05      0.46      0.85      0.11      0.05      0.46      0.85      0.11
01:02:11 PM      0.02      0.41      0.83      0.00      0.02      0.41      0.83      0.00
01:02:16 PM      0.01      0.39      0.82      0.07      0.01      0.39      0.82      0.07
01:02:21 PM      0.00      0.35      0.81      0.00      0.00      0.35      0.81      0.00
01:02:26 PM      0.00      0.33      0.79      0.00      0.00      0.33      0.79      0.00
01:02:31 PM      0.00      0.29      0.78      0.00      0.00      0.29      0.78      0.00
01:02:36 PM      0.00      0.27      0.77      0.24      0.00      0.27      0.77      0.24
01:02:41 PM      0.00      0.25      0.75      0.00      0.00      0.25      0.75      0.00
01:02:46 PM      0.00      0.23      0.74      0.00      0.00      0.23      0.74      0.00
01:02:51 PM      0.00      0.21      0.72      0.00      0.00      0.21      0.72      0.00
01:02:56 PM      0.00      0.19      0.71      0.01      0.00      0.19      0.71      0.01
01:03:01 PM      0.00      0.17      0.70      0.00      0.00      0.17      0.70      0.00
01:03:06 PM      0.00      0.16      0.69      0.00      0.00      0.16      0.69      0.00
01:03:11 PM      0.00      0.14      0.67      0.00      0.00      0.14      0.67      0.00
01:03:16 PM      0.00      0.13      0.66      0.00      0.00      0.13      0.66      0.00
01:03:21 PM      0.00      0.12      0.65      0.00      0.00      0.12      0.65      0.00
01:03:26 PM      0.00      0.11      0.64      0.00      0.00      0.11      0.64      0.00
01:03:31 PM      0.00      0.10      0.62      0.00      0.00      0.10      0.62      0.00
01:03:36 PM      0.00      0.09      0.62      0.00      0.00      0.09      0.62      0.00
01:03:41 PM      0.00      0.08      0.60      0.00      0.00      0.08      0.60      0.00
01:03:46 PM      0.00      0.08      0.59      0.00      0.00      0.08      0.59      0.00
01:03:51 PM      0.00      0.07      0.58      0.00      0.00      0.07      0.58      0.00
01:03:56 PM      0.00      0.06      0.57      0.03      0.00      0.06      0.57      0.03
01:04:01 PM      0.00      0.06      0.56      0.00      0.00      0.06      0.56      0.00
01:04:06 PM      0.00      0.05      0.55      0.00      0.00      0.05      0.55      0.00
01:04:11 PM      0.00      0.05      0.54      0.00      0.00      0.05      0.54      0.00
01:04:16 PM      0.00      0.04      0.53      0.13      0.00      0.04      0.53      0.13
01:04:21 PM      0.00      0.04      0.52      0.00      0.00      0.04      0.52      0.00
01:04:26 PM      0.00      0.03      0.51      0.00      0.00      0.03      0.51      0.00
01:04:31 PM      0.00      0.03      0.50      0.00      0.00      0.03      0.50      0.00
01:04:36 PM      0.00      0.03      0.49      8.19      0.00      0.03      0.49      8.18
01:04:41 PM     15.21      3.30      1.19     34.05     15.21      3.30      1.19     34.03
01:04:46 PM     24.69      5.71      1.72     31.99     24.69      5.71      1.72     31.98
01:04:51 PM     13.55      5.16      1.68      0.00     13.55      5.16      1.68      0.00
01:04:56 PM      9.08      4.83      1.66      0.00      9.08      4.83      1.66      0.00
01:05:01 PM      4.98      4.37      1.63      0.00      4.98      4.37      1.63      0.00
01:05:06 PM      3.34      4.09      1.60      0.00      3.34      4.09      1.60      0.00
01:05:11 PM      1.83      3.70      1.57      0.00      1.83      3.70      1.57      0.00
01:05:16 PM      1.23      3.46      1.55      0.00      1.23      3.46      1.55      0.00
01:05:21 PM      0.67      3.13      1.52      0.00      0.67      3.13      1.52      0.00
01:05:26 PM      0.45      2.93      1.49      0.00      0.45      2.93      1.49      0.00
01:05:31 PM      0.24      2.65      1.46      0.00      0.24      2.65      1.46      0.00
01:05:36 PM      0.16      2.48      1.44      0.00      0.16      2.48      1.44      0.00
01:05:41 PM      0.09      2.24      1.41      0.00      0.09      2.24      1.41      0.00
01:05:46 PM      0.06      2.10      1.39      0.00      0.06      2.10      1.39      0.00
01:05:51 PM      0.03      1.90      1.36      0.00      0.03      1.90      1.36      0.00
01:05:56 PM      0.02      1.77      1.34      0.00      0.02      1.77      1.34      0.00
01:06:01 PM      0.01      1.60      1.32      0.00      0.01      1.60      1.32      0.00
01:06:06 PM      0.00      1.50      1.30      0.00      0.00      1.50      1.30      0.00
01:06:11 PM      0.00      1.35      1.27      0.00      0.00      1.35      1.27      0.00
01:06:16 PM      0.00      1.27      1.25      0.00      0.00      1.27      1.25      0.00
01:06:21 PM      0.00      1.14      1.23      0.00      0.00      1.14      1.23      0.00
01:06:26 PM      0.00      1.07      1.21      0.00      0.00      1.07      1.21      0.00
01:06:31 PM      0.00      0.97      1.18      0.00      0.00      0.97      1.18      0.00
01:06:36 PM      0.00      0.90      1.17      0.00      0.00      0.90      1.17      0.00
01:06:41 PM      0.00      0.82      1.14      0.00      0.00      0.82      1.14      0.00
01:06:46 PM      0.00      0.76      1.13      0.00      0.00      0.76      1.13      0.00
01:06:51 PM      0.00      0.69      1.10      0.00      0.00      0.69      1.10      0.00
01:06:56 PM      0.00      0.64      1.09      0.00      0.00      0.64      1.09      0.00
01:07:01 PM      0.00      0.58      1.06      0.00      0.00      0.58      1.06      0.00
01:07:06 PM      0.00      0.54      1.05      0.00      0.00      0.54      1.05      0.00
01:07:11 PM      0.00      0.49      1.03      0.00      0.00      0.49      1.03      0.00
01:07:16 PM      0.00      0.46      1.01      0.00      0.00      0.46      1.01      0.00
01:07:21 PM      0.00      0.41      0.99      0.00      0.00      0.41      0.99      0.00
01:07:26 PM      0.00      0.39      0.98      0.00      0.00      0.39      0.98      0.00
01:07:31 PM      0.00      0.35      0.96      0.00      0.00      0.35      0.96      0.00
01:07:36 PM      0.00      0.32      0.94      0.00      0.00      0.32      0.94      0.00
01:07:41 PM      0.00      0.29      0.92      0.00      0.00      0.29      0.92      0.00
01:07:46 PM      0.00      0.27      0.91      0.00      0.00      0.27      0.91      0.00
01:07:51 PM      0.00      0.25      0.89      0.00      0.00      0.25      0.89      0.00
01:07:56 PM      0.00      0.23      0.88      0.00      0.00      0.23      0.88      0.00
01:08:01 PM      0.00      0.21      0.86      0.00      0.00      0.21      0.86      0.00
Average:         0.23      0.23      0.18      0.25      0.23      0.23      0.18      0.25
