Linux 7.0.9-arch1-1 (archlinux) 	05/22/2026 	_x86_64_	(4 CPU)

12:17:25 AM  pgpgin/s pgpgout/s   fault/s  majflt/s  pgfree/s pgscank/s pgscand/s pgsteal/s  pgprom/s   pgdem/s
12:17:30 AM   2165.60     15.20   1097.20      1.20    346.80      0.00      0.00      0.00      0.00      0.00
12:17:35 AM      0.00    228.80      1.40      0.00      9.80      0.00      0.00      0.00      0.00      0.00
12:17:40 AM      0.00      0.00      0.00      0.00      4.00      0.00      0.00      0.00      0.00      0.00
12:17:45 AM      0.00      0.80      1.00      0.00      3.99      0.00      0.00      0.00      0.00      0.00
12:17:50 AM      0.00      0.00      0.00      0.00      4.00      0.00      0.00      0.00      0.00      0.00
12:17:55 AM      0.00      0.00      0.00      0.00      3.80      0.00      0.00      0.00      0.00      0.00
12:18:00 AM      3.20    232.80      0.00      0.00      0.40      0.00      0.00      0.00      0.00      0.00
12:18:05 AM      0.00     32.00      0.00      0.00    516.00      0.00      0.00      0.00      0.00      0.00
12:18:10 AM      0.00      0.00      0.40      0.00      3.80      0.00      0.00      0.00      0.00      0.00
12:18:15 AM      0.00      0.00      0.00      0.00    209.00      0.00      0.00      0.00      0.00      0.00
12:18:20 AM      0.00      0.00      0.00      0.00      3.80      0.00      0.00      0.00      0.00      0.00
12:18:25 AM      0.00      0.00      0.60      0.00    106.40      0.00      0.00      0.00      0.00      0.00
12:18:30 AM      6.40    124.00      0.00      0.00      0.40      0.00      0.00      0.00      0.00      0.00
12:18:35 AM      0.00      0.00      0.00      0.00      4.00      0.00      0.00      0.00      0.00      0.00
12:18:40 AM      0.00     38.40      0.00      0.00      4.00      0.00      0.00      0.00      0.00      0.00
12:18:45 AM      0.00      0.00      0.00      0.00      4.00      0.00      0.00      0.00      0.00      0.00
12:18:50 AM      0.00      0.00      0.00      0.00      4.00      0.00      0.00      0.00      0.00      0.00
12:18:55 AM      0.00      0.00      0.00      0.00      3.80      0.00      0.00      0.00      0.00      0.00
12:19:00 AM      0.00      0.00      0.00      0.00      0.60      0.00      0.00      0.00      0.00      0.00
12:19:05 AM      0.00    104.80      0.00      0.00      3.80      0.00      0.00      0.00      0.00      0.00
12:19:10 AM      0.00      0.00      0.00      0.00      4.00      0.00      0.00      0.00      0.00      0.00
12:19:15 AM      0.00      0.00      0.00      0.00      3.80      0.00      0.00      0.00      0.00      0.00
12:19:20 AM      0.00      0.00      0.00      0.00      3.80      0.00      0.00      0.00      0.00      0.00
12:19:25 AM      0.00      0.00      0.40      0.00      4.00      0.00      0.00      0.00      0.00      0.00
12:19:30 AM      0.00      0.00      0.00      0.00      0.40      0.00      0.00      0.00      0.00      0.00
12:19:35 AM      0.00     19.20      0.00      0.00      4.20      0.00      0.00      0.00      0.00      0.00
12:19:40 AM      0.00     60.00      0.00      0.00      3.80      0.00      0.00      0.00      0.00      0.00
12:19:45 AM      0.00      0.00      0.00      0.00      4.00      0.00      0.00      0.00      0.00      0.00
12:19:50 AM      0.00      0.00      0.00      0.00      3.80      0.00      0.00      0.00      0.00      0.00
12:19:55 AM      0.00      0.00      0.00      0.00      4.00      0.00      0.00      0.00      0.00      0.00
12:20:00 AM      0.00  13926.40      0.00      0.00   3482.00      0.00      0.00      0.00      0.00      0.00
12:20:05 AM      0.00   4915.20      0.00      0.00   1232.60      0.00      0.00      0.00      0.00      0.00
12:20:10 AM      0.00    428.80      0.00      0.00    106.40      0.00      0.00      0.00      0.00      0.00
12:20:15 AM      0.00   6626.40      0.00      0.00   1642.20      0.00      0.00      0.00      0.00      0.00
12:20:20 AM      0.00   1229.60      0.00      0.00    311.20      0.00      0.00      0.00      0.00      0.00
12:20:25 AM      0.00   1228.80      0.00      0.00    311.00      0.00      0.00      0.00      0.00      0.00
12:20:30 AM  10240.00   2457.60   2560.60   2560.00    681.60      0.00      0.00      0.00      0.00      0.00
12:20:35 AM      0.00      0.00      0.00      0.00      4.60      0.00      0.00      0.00      0.00      0.00
12:20:40 AM      0.00      0.00      0.00      0.00      4.80      0.00      0.00      0.00      0.00      0.00
12:20:45 AM      0.00     32.00      6.40      0.00      4.20      0.00      0.00      0.00      0.00      0.00
12:20:50 AM      0.00    124.00      0.00      0.00      4.00      0.00      0.00      0.00      0.00      0.00
12:20:55 AM      0.00      2.40      0.00      0.00      4.40      0.00      0.00      0.00      0.00      0.00
12:21:00 AM      0.00      0.00      0.00      0.00      1.00      0.00      0.00      0.00      0.00      0.00
12:21:05 AM      0.00      0.00      0.00      0.00      4.20      0.00      0.00      0.00      0.00      0.00
12:21:10 AM      0.00      0.00      0.00      0.00      4.00      0.00      0.00      0.00      0.00      0.00
12:21:15 AM      0.00     88.80      0.00      0.00      4.00      0.00      0.00      0.00      0.00      0.00
12:21:20 AM      6.40    162.40      0.00      0.00      3.80      0.00      0.00      0.00      0.00      0.00
12:21:25 AM      0.00      0.00      0.00      0.00      4.00      0.00      0.00      0.00      0.00      0.00
12:21:30 AM      0.00      4.00      0.00      0.00      0.80      0.00      0.00      0.00      0.00      0.00
12:21:35 AM      0.00      0.00      0.00      0.00      3.80      0.00      0.00      0.00      0.00      0.00
12:21:40 AM      0.00    819.20      0.00      0.00    209.00      0.00      0.00      0.00      0.00      0.00
12:21:45 AM      0.00   4096.00      0.00      0.00   1027.80      0.00      0.00      0.00      0.00      0.00
12:21:50 AM      0.00   5766.40      0.00      0.00   1437.60      0.00      0.00      0.00      0.00      0.00
12:21:55 AM      0.00   4934.40      0.00      0.00   1237.40      0.00      0.00      0.00      0.00      0.00
12:22:00 AM      0.00   5022.75      0.00      0.00   1241.32      0.00      0.00      0.00      0.00      0.00
12:22:05 AM      0.00   4099.20      0.00      0.00   1031.80      0.00      0.00      0.00      0.00      0.00
12:22:10 AM      0.00    819.20      0.00      0.00    212.00      0.00      0.00      0.00      0.00      0.00
12:22:15 AM      0.00   2063.20      0.40      0.00    520.00      0.00      0.00      0.00      0.00      0.00
12:22:20 AM      0.00   3276.80      0.00      0.00    823.00      0.00      0.00      0.00      0.00      0.00
12:22:25 AM      0.00   2457.60      0.00      0.00    618.40      0.00      0.00      0.00      0.00      0.00
12:22:30 AM  19251.20    851.20   5091.00   4812.80    568.20      0.00      0.00      0.00      0.00      0.00
12:22:35 AM      0.00    136.80      0.00      0.00     19.20      0.00      0.00      0.00      0.00      0.00
12:22:40 AM      0.00      4.00      0.00      0.00      8.00      0.00      0.00      0.00      0.00      0.00
12:22:45 AM      0.00      0.00      0.00      0.00      4.00      0.00      0.00      0.00      0.00      0.00
12:22:50 AM      0.00      0.00      0.00      0.00    106.20      0.00      0.00      0.00      0.00      0.00
12:22:55 AM      0.00      0.00      0.00      0.00      3.80      0.00      0.00      0.00      0.00      0.00
12:23:00 AM      0.00      0.00      0.00      0.00    258.20      0.00      0.00      0.00      0.00      0.00
12:23:05 AM      0.00     32.00      0.00      0.00      3.80      0.00      0.00      0.00      0.00      0.00
12:23:10 AM      0.00     85.60      0.00      0.00     12.80      0.00      0.00      0.00      0.00      0.00
12:23:15 AM      0.00      3.20      0.00      0.00      7.80      0.00      0.00      0.00      0.00      0.00
12:23:20 AM      0.00      0.00      0.00      0.00      4.00      0.00      0.00      0.00      0.00      0.00
12:23:25 AM      0.00    169.60      0.00      0.00     46.20      0.00      0.00      0.00      0.00      0.00
12:23:30 AM  12315.20   1128.80   3078.80   3078.80    364.60      0.00      0.00      0.00      0.00      0.00
12:23:35 AM      0.00      0.00      0.00      0.00      4.60      0.00      0.00      0.00      0.00      0.00
12:23:40 AM      0.00     32.00      0.00      0.00      4.00      0.00      0.00      0.00      0.00      0.00
12:23:45 AM      0.00    932.00      0.00      0.00    223.60      0.00      0.00      0.00      0.00      0.00
12:23:50 AM      0.00   1222.40      0.00      0.00    311.60      0.00      0.00      0.00      0.00      0.00
12:23:55 AM      0.00    409.60      0.00      0.00    106.40      0.00      0.00      0.00      0.00      0.00
12:24:00 AM      0.00      0.00      0.00      0.00      0.40      0.00      0.00      0.00      0.00      0.00
12:24:05 AM      0.00      0.00      0.00      0.00      4.80      0.00      0.00      0.00      0.00      0.00
12:24:10 AM      0.00      0.00      0.00      0.00      3.80      0.00      0.00      0.00      0.00      0.00
12:24:15 AM      0.00     32.00      0.00      0.00      4.00      0.00      0.00      0.00      0.00      0.00
12:24:20 AM      0.00     85.60      0.00      0.00     13.40      0.00      0.00      0.00      0.00      0.00
12:24:25 AM      0.00      4.80      0.00      0.00      7.80      0.00      0.00      0.00      0.00      0.00
12:24:30 AM      0.00      0.00      0.00      0.00    103.00      0.00      0.00      0.00      0.00      0.00
12:24:35 AM      0.00      0.00      0.00      0.00      3.80      0.00      0.00      0.00      0.00      0.00
12:24:40 AM      0.00      0.00      0.00      0.00      4.00      0.00      0.00      0.00      0.00      0.00
12:24:45 AM      0.00      0.00      0.00      0.00    208.80      0.00      0.00      0.00      0.00      0.00
12:24:50 AM      0.00     32.00      0.00      0.00      4.00      0.00      0.00      0.00      0.00      0.00
12:24:55 AM      0.00    130.40      0.00      0.00     19.80      0.00      0.00      0.00      0.00      0.00
12:25:00 AM      0.00      5.60      0.00      0.00      3.60      0.00      0.00      0.00      0.00      0.00
12:25:05 AM      0.00   3188.00      0.00      0.00    801.00      0.00      0.00      0.00      0.00      0.00
12:25:10 AM      0.00    916.80      0.00      0.00    233.00      0.00      0.00      0.00      0.00      0.00
12:25:15 AM      0.00   3582.40      0.00      0.00    899.60      0.00      0.00      0.00      0.00      0.00
12:25:20 AM      0.00   3873.60      0.00      0.00    972.20      0.00      0.00      0.00      0.00      0.00
12:25:25 AM      0.00   1647.20      0.00      0.00    407.80      0.00      0.00      0.00      0.00      0.00
12:25:30 AM      0.00   7490.40      0.00      0.00   1858.00      0.00      0.00      0.00      0.00      0.00
12:25:35 AM      0.00   5604.80      0.40      0.00   1411.20      0.00      0.00      0.00      0.00      0.00
12:25:40 AM      0.00  10255.49      0.00      0.00   2568.46      0.00      0.00      0.00      0.00      0.00
12:25:45 AM      0.00   3101.60      6.40      0.00    780.00      0.00      0.00      0.00      0.00      0.00
12:25:50 AM      0.00   3684.00      0.00      0.00    925.40      0.00      0.00      0.00      0.00      0.00
12:25:55 AM      0.00    409.60      0.00      0.00    106.60      0.00      0.00      0.00      0.00      0.00
12:26:00 AM      0.00    473.60      0.00      0.00    103.20      0.00      0.00      0.00      0.00      0.00
12:26:05 AM      0.00   3458.40      0.00      0.00    848.40      0.00      0.00      0.00      0.00      0.00
12:26:10 AM      0.00   9834.40      0.00      0.00   2465.60      0.00      0.00      0.00      0.00      0.00
12:26:15 AM      0.00   1572.00      0.00      0.00    697.80      0.00      0.00      0.00      0.00      0.00
12:26:20 AM      0.00   1262.40      0.00      0.00    319.60      0.00      0.00      0.00      0.00      0.00
12:26:25 AM      0.00    284.00      0.00      0.00     74.80      0.00      0.00      0.00      0.00      0.00
12:26:30 AM  26043.20   9830.40   6512.00   6510.80   2653.80      0.00      0.00      0.00      0.00      0.00
12:26:35 AM      0.00    130.40      0.00      0.00     12.00      0.00      0.00      0.00      0.00      0.00
12:26:40 AM      0.00      0.00      0.00      0.00      3.80      0.00      0.00      0.00      0.00      0.00
12:26:45 AM      0.00      4.80      0.00      0.00    110.60      0.00      0.00      0.00      0.00      0.00
12:26:50 AM      0.00      0.00      0.00      0.00      3.80      0.00      0.00      0.00      0.00      0.00
12:26:55 AM      0.00      0.00      0.00      0.00      4.00      0.00      0.00      0.00      0.00      0.00
12:27:00 AM      0.00      0.00      0.00      0.00      0.40      0.00      0.00      0.00      0.00      0.00
12:27:05 AM      0.00      0.00    274.60      0.00    183.80      0.00      0.00      0.00      0.00      0.00
12:27:10 AM      0.00      0.00      0.20      0.00      7.20      0.00      0.00      0.00      0.00      0.00
12:27:15 AM      0.00    188.00      0.00      0.00     19.00      0.00      0.00      0.00      0.00      0.00
12:27:20 AM      0.00      4.00      0.00      0.00      8.00      0.00      0.00      0.00      0.00      0.00
12:27:25 AM      0.00      0.00      1.80      0.00      3.80      0.00      0.00      0.00      0.00      0.00
12:27:30 AM  70699.20      0.00  17675.40  17674.80    626.80      0.00      0.00      0.00      0.00      0.00
12:27:35 AM      0.00     40.00      0.00      0.00      3.80      0.00      0.00      0.00      0.00      0.00
12:27:40 AM      0.00      0.00      0.00      0.00      4.00      0.00      0.00      0.00      0.00      0.00
12:27:45 AM      0.00     32.00      0.00      0.00      4.00      0.00      0.00      0.00      0.00      0.00
12:27:50 AM      0.00    104.80      0.00      0.00     16.80      0.00      0.00      0.00      0.00      0.00
12:27:55 AM      0.00      4.80    278.20      0.00    730.00      0.00      0.00      0.00      0.00      0.00
12:28:00 AM      0.00      0.00      0.00      0.00      0.40      0.00      0.00      0.00      0.00      0.00
12:28:05 AM      0.00      0.00      0.00      0.00    208.80      0.00      0.00      0.00      0.00      0.00
12:28:10 AM      0.00      0.00      0.00      0.00      3.80      0.00      0.00      0.00      0.00      0.00
12:28:15 AM      0.00      0.00      0.40      0.00      4.00      0.00      0.00      0.00      0.00      0.00
12:28:20 AM      0.00     32.00      0.00      0.00      3.80      0.00      0.00      0.00      0.00      0.00
12:28:25 AM      0.00    104.80      0.40      0.00     16.80      0.00      0.00      0.00      0.00      0.00
12:28:30 AM      0.00      5.60      0.00      0.00    414.80      0.00      0.00      0.00      0.00      0.00
12:28:35 AM      0.00      0.00      0.00      0.00      3.80      0.00      0.00      0.00      0.00      0.00
12:28:40 AM      0.00      0.00      0.00      0.00      4.00      0.00      0.00      0.00      0.00      0.00
12:28:45 AM      0.00      0.00      0.00      0.00      3.80      0.00      0.00      0.00      0.00      0.00
12:28:50 AM      0.00      0.00      0.00      0.00      4.20      0.00      0.00      0.00      0.00      0.00
12:28:55 AM      0.00     32.00      0.00      0.00      3.80      0.00      0.00      0.00      0.00      0.00
12:29:00 AM      0.00     98.40      0.00      0.00      5.40      0.00      0.00      0.00      0.00      0.00
12:29:05 AM      0.00      4.00      0.00      0.00      3.80      0.00      0.00      0.00      0.00      0.00
12:29:10 AM      0.00      0.00      0.00      0.00      4.00      0.00      0.00      0.00      0.00      0.00
12:29:15 AM      0.00      0.00      0.20      0.00      3.80      0.00      0.00      0.00      0.00      0.00
12:29:20 AM      0.00      0.00      0.00      0.00      3.80      0.00      0.00      0.00      0.00      0.00
12:29:25 AM      0.00      0.00      0.00      0.00      4.00      0.00      0.00      0.00      0.00      0.00
12:29:30 AM      0.00     32.00      0.00      0.00      0.40      0.00      0.00      0.00      0.00      0.00
12:29:35 AM      6.39    136.53      0.00      0.00      4.79      0.00      0.00      0.00      0.00      0.00
12:29:40 AM      0.00      4.80      0.00      0.00    720.60      0.00      0.00      0.00      0.00      0.00
12:29:45 AM      0.00      0.00      0.00      0.00      4.00      0.00      0.00      0.00      0.00      0.00
12:29:50 AM      0.00      0.00      0.00      0.00    413.60      0.00      0.00      0.00      0.00      0.00
12:29:55 AM      0.00      0.00      0.00      0.00      4.00      0.00      0.00      0.00      0.00      0.00
12:30:00 AM      0.00      0.00      0.00      0.00      0.40      0.00      0.00      0.00      0.00      0.00
12:30:05 AM      0.00     32.00      0.00      0.00      3.80      0.00      0.00      0.00      0.00      0.00
12:30:10 AM      0.00    104.80      0.00      0.00      4.00      0.00      0.00      0.00      0.00      0.00
12:30:15 AM      0.00      4.00      0.00      0.00      3.80      0.00      0.00      0.00      0.00      0.00
12:30:20 AM      0.00      0.00      0.00      0.00      4.00      0.00      0.00      0.00      0.00      0.00
12:30:25 AM      0.00      0.00      0.00      0.00      3.80      0.00      0.00      0.00      0.00      0.00
12:30:30 AM      0.00      0.00      0.00      0.00    205.40      0.00      0.00      0.00      0.00      0.00
12:30:35 AM      0.00      0.00      0.00      0.00      4.60      0.00      0.00      0.00      0.00      0.00
12:30:40 AM      0.00     32.00      0.00      0.00      4.80      0.00      0.00      0.00      0.00      0.00
12:30:45 AM      0.00    146.40      6.60      0.00      5.60      0.00      0.00      0.00      0.00      0.00
12:30:50 AM      0.00      5.60      0.00      0.00    209.40      0.00      0.00      0.00      0.00      0.00
12:30:55 AM      0.00      0.00      0.20      0.00      5.20      0.00      0.00      0.00      0.00      0.00
12:31:00 AM      0.00      0.00      0.60      0.00    103.20      0.00      0.00      0.00      0.00      0.00
12:31:05 AM      0.00      0.00      0.00      0.00      4.20      0.00      0.00      0.00      0.00      0.00
12:31:10 AM      0.00      0.00      0.00      0.00    208.80      0.00      0.00      0.00      0.00      0.00
12:31:15 AM      0.00    181.60      0.00      0.00      4.80      0.00      0.00      0.00      0.00      0.00
12:31:20 AM      0.00      0.00      0.00      0.00    515.80      0.00      0.00      0.00      0.00      0.00
12:31:25 AM      0.00     12.80      0.00      0.00     44.20      0.00      0.00      0.00      0.00      0.00
12:31:30 AM      0.80   2390.40      0.00      0.20    803.60      0.00      0.00      0.00      0.00      0.00
12:31:35 AM      0.00   7554.40      0.00      0.00   1892.40      0.00      0.00      0.00      0.00      0.00
12:31:40 AM      0.00   4225.60      0.00      0.00   1265.20      0.00      0.00      0.00      0.00      0.00
12:31:45 AM      0.00   7901.60      0.00      0.00   1948.20      0.00      0.00      0.00      0.00      0.00
12:31:50 AM      0.00   5769.60      0.00      0.00   1446.40      0.00      0.00      0.00      0.00      0.00
12:31:55 AM      0.00   3001.60      0.00      0.00    754.40      0.00      0.00      0.00      0.00      0.00
12:32:00 AM      0.00   5045.60      0.00      0.00   1261.00      0.00      0.00      0.00      0.00      0.00
12:32:05 AM      0.00   6903.20      0.00      0.00   1729.60      0.00      0.00      0.00      0.00      0.00
12:32:10 AM     56.00   4406.40      0.40      0.40   1109.00      0.00      0.00      0.00      0.00      0.00
12:32:15 AM      0.00   1319.20      0.00      0.00    333.80      0.00      0.00      0.00      0.00      0.00
12:32:20 AM      0.00   2334.40      0.00      0.00    587.40      0.00      0.00      0.00      0.00      0.00
12:32:25 AM      0.00   3294.40      0.00      0.00    930.00      0.00      0.00      0.00      0.00      0.00
12:32:30 AM  20796.00   1288.80   5200.20   5199.00    390.00      0.00      0.00      0.00      0.00      0.00
12:32:35 AM    411.20   2100.00    102.80    102.80    572.60      0.00      0.00      0.00      0.00      0.00
12:32:40 AM  21151.20      0.00   5288.00   5287.80     11.20      0.00      0.00      0.00      0.00      0.00
12:32:45 AM      0.00      0.00      0.00      0.00    208.80      0.00      0.00      0.00      0.00      0.00
12:32:50 AM      0.00      0.00      0.00      0.00      3.80      0.00      0.00      0.00      0.00      0.00
12:32:55 AM    479.20      0.00    285.00      2.40   1033.40      0.00      0.00      0.00      0.00      0.00
12:33:00 AM      0.00     32.00      0.00      0.00      0.60      0.00      0.00      0.00      0.00      0.00
12:33:05 AM      0.00    111.20      0.00      0.00    208.60      0.00      0.00      0.00      0.00      0.00
12:33:10 AM      0.00      5.60      0.00      0.00      4.00      0.00      0.00      0.00      0.00      0.00
12:33:15 AM      0.00      0.00      0.00      0.00      3.80      0.00      0.00      0.00      0.00      0.00
12:33:20 AM      0.00      0.00      0.00      0.00      4.00      0.00      0.00      0.00      0.00      0.00
12:33:25 AM      0.00      0.00      0.00      0.00      3.80      0.00      0.00      0.00      0.00      0.00
12:33:30 AM      0.00      0.00      0.00      0.00      0.60      0.00      0.00      0.00      0.00      0.00
12:33:35 AM      0.00     32.00      0.00      0.00    208.60      0.00      0.00      0.00      0.00      0.00
12:33:40 AM      0.00     92.00      0.00      0.00      3.80      0.00      0.00      0.00      0.00      0.00
12:33:45 AM      0.00      4.00      0.00      0.00      4.00      0.00      0.00      0.00      0.00      0.00
12:33:50 AM      0.00      0.00      0.00      0.00      3.80      0.00      0.00      0.00      0.00      0.00
12:33:55 AM      0.00      0.00      0.00      0.00    106.60      0.00      0.00      0.00      0.00      0.00
12:34:00 AM      0.00      0.00      0.00      0.00      0.40      0.00      0.00      0.00      0.00      0.00
12:34:05 AM      0.00      0.00      0.00      0.00    208.80      0.00      0.00      0.00      0.00      0.00
12:34:10 AM      0.00     32.00      0.00      0.00      3.80      0.00      0.00      0.00      0.00      0.00
12:34:15 AM      0.00    136.80      0.00      0.00      3.80      0.00      0.00      0.00      0.00      0.00
12:34:20 AM      0.00      4.00      0.00      0.00      4.00      0.00      0.00      0.00      0.00      0.00
12:34:25 AM      0.00      0.00      0.00      0.00      3.80      0.00      0.00      0.00      0.00      0.00
12:34:30 AM      0.00      0.00      0.00      0.00      0.60      0.00      0.00      0.00      0.00      0.00
12:34:35 AM      0.00      0.00      0.00      0.00      3.80      0.00      0.00      0.00      0.00      0.00
12:34:40 AM      0.00      0.00      0.00      0.00      4.00      0.00      0.00      0.00      0.00      0.00
12:34:45 AM      0.00     32.00      0.00      0.00      3.80      0.00      0.00      0.00      0.00      0.00
12:34:50 AM      0.00     92.00      0.00      0.00      4.00      0.00      0.00      0.00      0.00      0.00
12:34:55 AM      0.00      4.00      0.00      0.00      4.00      0.00      0.00      0.00      0.00      0.00
12:35:00 AM      0.00      0.00      0.00      0.00      0.40      0.00      0.00      0.00      0.00      0.00
12:35:05 AM      0.00   4941.60      0.00      0.00   1535.00      0.00      0.00      0.00      0.00      0.00
12:35:10 AM      0.00   5155.20      0.00      0.00   1362.40      0.00      0.00      0.00      0.00      0.00
12:35:15 AM      0.00  10302.40      0.00      0.00   2596.40      0.00      0.00      0.00      0.00      0.00
12:35:20 AM      0.00   7825.60      0.00      0.00   2000.60      0.00      0.00      0.00      0.00      0.00
12:35:25 AM      5.60   5821.60      1.40      1.40   1619.40      0.00      0.00      0.00      0.00      0.00
12:35:30 AM      0.00   2872.00      0.00      0.00    719.00      0.00      0.00      0.00      0.00      0.00
12:35:35 AM      0.00   7420.00      0.00      0.00   1859.60      0.00      0.00      0.00      0.00      0.00
12:35:40 AM  14406.40   2777.60   4274.80   4274.80    784.60      0.00      0.00      0.00      0.00      0.00
12:35:45 AM      0.00     28.80      6.60      0.00      5.80      0.00      0.00      0.00      0.00      0.00
12:35:50 AM      0.00      0.00      0.00      0.00      4.40      0.00      0.00      0.00      0.00      0.00
12:35:55 AM      0.00     64.00      0.00      0.00      4.00      0.00      0.00      0.00      0.00      0.00
12:36:00 AM      0.00    136.80      0.00      0.00      1.20      0.00      0.00      0.00      0.00      0.00
12:36:05 AM      0.00      6.40      0.00      0.00      4.20      0.00      0.00      0.00      0.00      0.00
12:36:10 AM      0.00      0.00      0.00      0.00      4.00      0.00      0.00      0.00      0.00      0.00
12:36:15 AM      0.00     24.80      0.00      0.00      3.80      0.00      0.00      0.00      0.00      0.00
12:36:20 AM      0.00      0.00      0.00      0.00      4.00      0.00      0.00      0.00      0.00      0.00
12:36:25 AM      4.00     64.00      1.00      1.00      6.40      0.00      0.00      0.00      0.00      0.00
12:36:30 AM      0.00      0.00      0.00      0.00      0.80      0.00      0.00      0.00      0.00      0.00
12:36:35 AM      0.00    136.80      0.00      0.00      4.80      0.00      0.00      0.00      0.00      0.00
12:36:40 AM      0.00      4.00      0.00      0.00      3.80      0.00      0.00      0.00      0.00      0.00
12:36:45 AM      0.00      0.00      0.00      0.00      4.00      0.00      0.00      0.00      0.00      0.00
12:36:50 AM      0.00      0.00      0.00      0.00      3.80      0.00      0.00      0.00      0.00      0.00
12:36:55 AM      0.00      0.00      0.00      0.00      4.00      0.00      0.00      0.00      0.00      0.00
12:37:00 AM      0.00      0.00      0.00      0.00      0.60      0.00      0.00      0.00      0.00      0.00
12:37:05 AM      0.00     32.00      0.00      0.00      4.00      0.00      0.00      0.00      0.00      0.00
12:37:10 AM      0.00     92.00      0.20      0.00      7.20      0.00      0.00      0.00      0.00      0.00
12:37:15 AM      0.00      4.80      0.00      0.00      3.80      0.00      0.00      0.00      0.00      0.00
12:37:20 AM      0.00      0.00      0.00      0.00      4.00      0.00      0.00      0.00      0.00      0.00
12:37:25 AM      0.00      0.00      0.00      0.00      3.79      0.00      0.00      0.00      0.00      0.00
12:37:30 AM  32016.00      0.00   8004.00   8004.00    215.40      0.00      0.00      0.00      0.00      0.00
12:37:35 AM      0.00      0.00      0.00      0.00      3.80      0.00      0.00      0.00      0.00      0.00
12:37:40 AM  15420.80     32.00   3855.20   3855.20   1543.40      0.00      0.00      0.00      0.00      0.00
12:37:45 AM      0.00    111.20      0.00      0.00      5.40      0.00      0.00      0.00      0.00      0.00
12:37:50 AM      0.00      4.00      0.00      0.00      3.80      0.00      0.00      0.00      0.00      0.00
12:37:55 AM     28.00      0.00    284.80      4.00    225.00      0.00      0.00      0.00      0.00      0.00
12:38:00 AM      0.00      0.00      0.00      0.00      0.60      0.00      0.00      0.00      0.00      0.00
12:38:05 AM      0.00      0.00      0.00      0.00      4.00      0.00      0.00      0.00      0.00      0.00
12:38:10 AM      0.00      0.00      0.00      0.00      3.80      0.00      0.00      0.00      0.00      0.00
12:38:15 AM      0.00     32.00      0.00      0.00      4.00      0.00      0.00      0.00      0.00      0.00
12:38:20 AM      0.00    111.20      0.00      0.00      6.20      0.00      0.00      0.00      0.00      0.00
12:38:25 AM      0.00      4.80      0.00      0.00      4.00      0.00      0.00      0.00      0.00      0.00
12:38:30 AM      0.00      0.00      0.00      0.00      0.40      0.00      0.00      0.00      0.00      0.00
12:38:35 AM      0.00      0.00      0.00      0.00      3.80      0.00      0.00      0.00      0.00      0.00
12:38:40 AM      0.00      0.00      0.20      0.00      4.00      0.00      0.00      0.00      0.00      0.00
12:38:45 AM      0.00      0.00      0.00      0.00      3.80      0.00      0.00      0.00      0.00      0.00
12:38:50 AM      0.00     32.00      0.00      0.00      4.00      0.00      0.00      0.00      0.00      0.00
12:38:55 AM      0.00    117.60      0.00      0.00      3.80      0.00      0.00      0.00      0.00      0.00
12:39:00 AM      0.00      4.80      0.00      0.00      0.60      0.00      0.00      0.00      0.00      0.00
12:39:05 AM      0.00      0.00      0.00      0.00      4.00      0.00      0.00      0.00      0.00      0.00
12:39:10 AM      0.00      0.00      0.00      0.00      4.00      0.00      0.00      0.00      0.00      0.00
12:39:15 AM      0.00      0.00      0.00      0.00      3.80      0.00      0.00      0.00      0.00      0.00
12:39:20 AM      0.00      0.00      0.00      0.00      3.80      0.00      0.00      0.00      0.00      0.00
12:39:25 AM      0.00     32.00      0.00      0.00     55.20      0.00      0.00      0.00      0.00      0.00
12:39:30 AM      0.00     92.00      0.00      0.00      1.20      0.00      0.00      0.00      0.00      0.00
12:39:35 AM      0.00      4.00      0.00      0.00      4.00      0.00      0.00      0.00      0.00      0.00
12:39:40 AM      0.00      0.00      0.00      0.00      3.80      0.00      0.00      0.00      0.00      0.00
12:39:45 AM      0.00      0.00      0.00      0.00      4.00      0.00      0.00      0.00      0.00      0.00
12:39:50 AM      0.00      0.00      0.00      0.00      3.80      0.00      0.00      0.00      0.00      0.00
12:39:55 AM      0.00      0.00      0.00      0.00      4.80      0.00      0.00      0.00      0.00      0.00
12:40:00 AM      0.00     32.00      0.00      0.00      0.40      0.00      0.00      0.00      0.00      0.00
12:40:05 AM      0.00    111.20      0.00      0.00      4.00      0.00      0.00      0.00      0.00      0.00
12:40:10 AM      0.00      5.60      0.00      0.00      4.00      0.00      0.00      0.00      0.00      0.00
12:40:15 AM      0.00      0.00      0.00      0.00      3.80      0.00      0.00      0.00      0.00      0.00
12:40:20 AM      0.00      0.00      0.00      0.00      4.00      0.00      0.00      0.00      0.00      0.00
12:40:25 AM      0.00      0.00      0.00      0.00      3.80      0.00      0.00      0.00      0.00      0.00
12:40:30 AM      0.00   6482.40      0.00      0.00   1622.20      0.00      0.00      0.00      0.00      0.00
12:40:35 AM      0.00   4284.00      0.00      0.00   1067.60      0.00      0.00      0.00      0.00      0.00
12:40:40 AM      0.00   2592.80      0.00      0.00    633.80      0.00      0.00      0.00      0.00      0.00
12:40:45 AM      0.00   2576.80      6.40      0.00    637.40      0.00      0.00      0.00      0.00      0.00
12:40:50 AM      3.19   3548.90      6.99      0.80    888.22      0.00      0.00      0.00      0.00      0.00
12:40:55 AM      0.00   1637.60      0.00      0.00    413.60      0.00      0.00      0.00      0.00      0.00
12:41:00 AM      0.00    564.80      0.00      0.00    141.80      0.00      0.00      0.00      0.00      0.00
12:41:05 AM      0.00    127.20      0.20      0.00     37.40      0.00      0.00      0.00      0.00      0.00
12:41:10 AM      0.00   2310.40      0.00      0.00    565.40      0.00      0.00      0.00      0.00      0.00
12:41:15 AM      4.00   3736.80      1.00      1.00    896.40      0.00      0.00      0.00      0.00      0.00
12:41:20 AM      0.00   7359.20      0.00      0.00   1842.60      0.00      0.00      0.00      0.00      0.00
12:41:25 AM      0.00    360.00      0.00      0.00     93.80      0.00      0.00      0.00      0.00      0.00
12:41:30 AM      0.00    876.00      0.00      0.00    220.00      0.00      0.00      0.00      0.00      0.00
12:41:35 AM      0.00    284.80      0.00      0.00     75.00      0.00      0.00      0.00      0.00      0.00
12:41:40 AM      0.00    922.40      0.00      0.00    234.60      0.00      0.00      0.00      0.00      0.00
12:41:45 AM  14752.80   6264.00   3688.20   3688.20   2094.60      0.00      0.00      0.00      0.00      0.00
12:41:50 AM      0.00   8389.60      0.00      0.00   2101.40      0.00      0.00      0.00      0.00      0.00
12:41:55 AM      0.00   2849.60      0.00      0.00    817.40      0.00      0.00      0.00      0.00      0.00
12:42:00 AM      0.00   1812.80      0.00      0.00    449.80      0.00      0.00      0.00      0.00      0.00
12:42:05 AM      1.60    719.20      0.40      0.40    187.80      0.00      0.00      0.00      0.00      0.00
12:42:10 AM      0.00    164.00      0.00      0.00     48.40      0.00      0.00      0.00      0.00      0.00
12:42:15 AM      0.80    200.80      0.20      0.20     46.20      0.00      0.00      0.00      0.00      0.00
12:42:20 AM      0.00      0.80      0.00      0.00      4.00      0.00      0.00      0.00      0.00      0.00
12:42:25 AM      0.00    130.40      0.00      0.00      4.00      0.00      0.00      0.00      0.00      0.00
12:42:30 AM      1.60      4.00      0.40      0.40      0.40      0.00      0.00      0.00      0.00      0.00
12:42:35 AM      0.00      0.00      0.00      0.00      4.00      0.00      0.00      0.00      0.00      0.00
12:42:40 AM  21413.60    417.60   5353.40   5353.40    116.20      0.00      0.00      0.00      0.00      0.00
12:42:45 AM      0.00      0.00      0.00      0.00      4.00      0.00      0.00      0.00      0.00      0.00
12:42:50 AM      0.00      0.00      0.00      0.00      3.80      0.00      0.00      0.00      0.00      0.00
12:42:55 AM    152.00     32.00    286.60      6.80    190.60      0.00      0.00      0.00      0.00      0.00
12:43:00 AM      0.00     92.00      0.00      0.00      0.60      0.00      0.00      0.00      0.00      0.00
12:43:05 AM      0.80      4.00      0.20      0.20      4.40      0.00      0.00      0.00      0.00      0.00
12:43:10 AM      0.00      0.00      0.00      0.00      4.20      0.00      0.00      0.00      0.00      0.00
12:43:15 AM      0.00      0.00      0.00      0.00      3.80      0.00      0.00      0.00      0.00      0.00
12:43:20 AM      0.00      0.00      0.00      0.00      4.00      0.00      0.00      0.00      0.00      0.00
12:43:25 AM      0.00      0.00      0.00      0.00      4.60      0.00      0.00      0.00      0.00      0.00
12:43:30 AM      8.80     32.00      0.00      2.20    717.40      0.00      0.00      0.00      0.00      0.00
12:43:35 AM      0.00    111.20      0.00      0.00      3.80      0.00      0.00      0.00      0.00      0.00
12:43:40 AM      2.40      7.20      0.00      0.60    208.60      0.00      0.00      0.00      0.00      0.00
12:43:45 AM      0.00      0.00      0.00      0.00      4.00      0.00      0.00      0.00      0.00      0.00
12:43:50 AM      0.00      0.00      0.00      0.00      3.80      0.00      0.00      0.00      0.00      0.00
12:43:55 AM      0.00      0.00      0.00      0.00      4.00      0.00      0.00      0.00      0.00      0.00
12:44:00 AM      5.60      0.00      0.00      1.40    102.80      0.00      0.00      0.00      0.00      0.00
12:44:05 AM      0.00     38.40      0.00      0.00      4.00      0.00      0.00      0.00      0.00      0.00
12:44:10 AM     32.80    111.20      0.00      8.20    106.40      0.00      0.00      0.00      0.00      0.00
12:44:15 AM      0.00      4.00      0.00      0.00      3.80      0.00      0.00      0.00      0.00      0.00
12:44:20 AM      0.00      0.00      0.00      0.00      4.00      0.00      0.00      0.00      0.00      0.00
12:44:25 AM      0.00      0.00      0.00      0.00      3.80      0.00      0.00      0.00      0.00      0.00
12:44:30 AM      0.00      0.00      0.00      0.00      0.60      0.00      0.00      0.00      0.00      0.00
12:44:35 AM      0.00      0.00      0.00      0.00      3.79      0.00      0.00      0.00      0.00      0.00
12:44:40 AM      0.00   3873.60      0.00      0.00   1116.20      0.00      0.00      0.00      0.00      0.00
12:44:45 AM   7210.40    111.20   1802.60   1802.60    469.60      0.00      0.00      0.00      0.00      0.00
12:44:50 AM      0.00      4.80      0.00      0.00    516.00      0.00      0.00      0.00      0.00      0.00
12:44:55 AM      0.00      0.00      0.00      0.00      3.80      0.00      0.00      0.00      0.00      0.00
12:45:00 AM      0.80      0.00      0.20      0.20    410.00      0.00      0.00      0.00      0.00      0.00
12:45:05 AM      0.00      0.00      0.00      0.00      4.00      0.00      0.00      0.00      0.00      0.00
12:45:10 AM      0.00      0.00      0.00      0.00    720.80      0.00      0.00      0.00      0.00      0.00
12:45:15 AM      0.00     32.00      0.00      0.00      4.00      0.00      0.00      0.00      0.00      0.00
12:45:20 AM      0.00     92.00      0.00      0.00    413.40      0.00      0.00      0.00      0.00      0.00
12:45:25 AM      0.00      4.00      0.00      0.00      4.00      0.00      0.00      0.00      0.00      0.00
12:45:30 AM      0.00      0.00      0.00      0.00      0.40      0.00      0.00      0.00      0.00      0.00
12:45:35 AM      0.00      0.00      0.00      0.00      4.60      0.00      0.00      0.00      0.00      0.00
12:45:40 AM      0.00      0.00      0.00      0.00      4.60      0.00      0.00      0.00      0.00      0.00
12:45:45 AM      0.00      0.00      6.20      0.00      4.00      0.00      0.00      0.00      0.00      0.00
12:45:50 AM      0.00    104.80      6.20      0.00      5.40      0.00      0.00      0.00      0.00      0.00
12:45:55 AM      0.00    143.20      0.40      0.00      4.00      0.00      0.00      0.00      0.00      0.00
12:46:00 AM      0.00      4.80      0.00      0.00      1.00      0.00      0.00      0.00      0.00      0.00
12:46:05 AM      0.00      0.00      0.00      0.00      4.00      0.00      0.00      0.00      0.00      0.00
12:46:10 AM      0.00      0.00      0.00      0.00      4.00      0.00      0.00      0.00      0.00      0.00
12:46:15 AM      0.00     24.00      0.00      0.00      4.20      0.00      0.00      0.00      0.00      0.00
12:46:20 AM      0.00      0.00      0.00      0.00      4.00      0.00      0.00      0.00      0.00      0.00
12:46:25 AM      0.00    576.80      0.00      0.00    463.40      0.00      0.00      0.00      0.00      0.00
12:46:30 AM      0.00    960.00      0.00      0.00    531.40      0.00      0.00      0.00      0.00      0.00
12:46:35 AM      0.00   1197.60      0.00     18.20   1396.80      0.00      0.00      0.00      0.00      0.00
12:46:40 AM      7.20    415.20      1.80      1.80    189.00      0.00      0.00      0.00      0.00      0.00
12:46:45 AM      0.00    149.60      0.00      4.60    319.40      0.00      0.00      0.00      0.00      0.00
12:46:50 AM      0.00    562.40      0.00      0.00    530.80      0.00      0.00      0.00      0.00      0.00
12:46:55 AM      0.00   1678.40      0.00     20.00   2440.80      0.00      0.00      0.00      0.00      0.00
12:47:00 AM      0.00    630.40      0.00      0.00    757.40      0.00      0.00      0.00      0.00      0.00
12:47:05 AM     13.60   1923.20      3.40     23.80   1323.60      0.00      0.00      0.00      0.00      0.00
12:47:10 AM      0.80   4530.40      0.20      0.20   1447.20      0.00      0.00      0.00      0.00      0.00
12:47:15 AM      0.00    328.00      0.00      0.00    352.40      0.00      0.00      0.00      0.00      0.00
12:47:20 AM      0.00   1714.40      0.00      0.00    736.20      0.00      0.00      0.00      0.00      0.00
12:47:25 AM      0.00   4251.20      0.00      0.00   1484.40      0.00      0.00      0.00      0.00      0.00
12:47:30 AM  26617.60   4296.80   6655.60   6654.40   1937.60      0.00      0.00      0.00      0.00      0.00
12:47:35 AM      0.00     38.40      0.00      0.00      3.80      0.00      0.00      0.00      0.00      0.00
12:47:40 AM  13359.20     92.00   4448.80   4448.60     42.40      0.00      0.00      0.00      0.00      0.00
12:47:45 AM      0.00      4.00      0.00      0.00      3.80      0.00      0.00      0.00      0.00      0.00
12:47:50 AM      0.00      0.00   4587.80   4587.80     14.80      0.00      0.00      0.00      0.00      0.00
12:47:55 AM    572.00      0.00    293.00     11.80    202.60      0.00      0.00      0.00      0.00      0.00
12:48:00 AM      0.00      0.00      0.00      0.00      0.40      0.00      0.00      0.00      0.00      0.00
12:48:05 AM      0.00      0.00      0.00      0.00      4.00      0.00      0.00      0.00      0.00      0.00
12:48:10 AM      0.00     32.00      0.00      0.00      3.80      0.00      0.00      0.00      0.00      0.00
12:48:15 AM      0.00    111.20      0.00      0.00      4.20      0.00      0.00      0.00      0.00      0.00
12:48:20 AM      0.00      4.80      0.00      0.00      3.80      0.00      0.00      0.00      0.00      0.00
12:48:25 AM      0.00      0.00      0.00      0.00    310.58      0.00      0.00      0.00      0.00      0.00
12:48:30 AM      0.00      0.00      0.00      0.00      0.40      0.00      0.00      0.00      0.00      0.00
12:48:35 AM      0.00      0.00      0.00      0.00    823.00      0.00      0.00      0.00      0.00      0.00
12:48:40 AM      0.00      0.00      0.00      0.00      5.60      0.00      0.00      0.00      0.00      0.00
12:48:45 AM      0.00     32.00      0.00      0.00    311.00      0.00      0.00      0.00      0.00      0.00
12:48:50 AM      0.00     92.00      0.00      0.00      4.00      0.00      0.00      0.00      0.00      0.00
12:48:55 AM      0.00      4.80      0.00      0.00      3.80      0.00      0.00      0.00      0.00      0.00
12:49:00 AM      0.00      0.00      0.00      0.00      0.60      0.00      0.00      0.00      0.00      0.00
12:49:05 AM      0.00      0.00      0.00      0.00    208.60      0.00      0.00      0.00      0.00      0.00
12:49:10 AM      0.00      0.00      0.00      0.00      4.00      0.00      0.00      0.00      0.00      0.00
12:49:15 AM      0.00      0.00      0.00      0.00      4.00      0.00      0.00      0.00      0.00      0.00
12:49:20 AM      0.00     32.00      0.00      0.00      3.80      0.00      0.00      0.00      0.00      0.00
12:49:25 AM      0.00    111.20      0.00      0.00      4.00      0.00      0.00      0.00      0.00      0.00
12:49:30 AM      0.00      4.00      0.00      0.00      0.40      0.00      0.00      0.00      0.00      0.00
12:49:35 AM      0.00      0.00      0.00      0.00      4.00      0.00      0.00      0.00      0.00      0.00
12:49:40 AM      0.00      0.00      0.00      0.00      3.80      0.00      0.00      0.00      0.00      0.00
12:49:45 AM      0.00      0.00      0.00      0.00      4.00      0.00      0.00      0.00      0.00      0.00
12:49:50 AM      0.00      0.00      0.00      0.00      3.80      0.00      0.00      0.00      0.00      0.00
12:49:55 AM      0.00     32.00      0.00      0.00      4.00      0.00      0.00      0.00      0.00      0.00
12:50:00 AM      3.20    111.20      0.00      0.00      0.40      0.00      0.00      0.00      0.00      0.00
12:50:05 AM      0.00      4.00      0.00      0.00      3.80      0.00      0.00      0.00      0.00      0.00
12:50:10 AM      0.00      0.00      0.00      0.00    311.20      0.00      0.00      0.00      0.00      0.00
12:50:15 AM      0.00  10500.00      0.00      0.00   2631.80      0.00      0.00      0.00      0.00      0.00
12:50:20 AM     15.20   8218.40      0.00      3.80   2879.20      0.00      0.00      0.00      0.00      0.00
12:50:25 AM      0.00   7728.00      0.00      0.00   1939.00      0.00      0.00      0.00      0.00      0.00
12:50:30 AM      4.00   5929.60      0.20      1.00   1888.00      0.00      0.00      0.00      0.00      0.00
12:50:35 AM     15.20   6032.00      0.20      0.20   1485.00      0.00      0.00      0.00      0.00      0.00
12:50:40 AM      0.00   4488.00      0.00      0.00   1126.40      0.00      0.00      0.00      0.00      0.00
12:50:45 AM      0.00   2776.80      6.40      0.00    699.20      0.00      0.00      0.00      0.00      0.00
12:50:50 AM  13048.80   3087.20   3262.60   3262.20    797.40      0.00      0.00      0.00      0.00      0.00
12:50:55 AM     12.00     14.40      9.40      3.00      5.00      0.00      0.00      0.00      0.00      0.00
12:51:00 AM      0.00      0.00      0.00      0.00    103.20      0.00      0.00      0.00      0.00      0.00
12:51:05 AM      0.00    177.60      0.20      0.00     32.60      0.00      0.00      0.00      0.00      0.00
12:51:10 AM      6.40    384.00      0.00      0.00    369.80      0.00      0.00      0.00      0.00      0.00
12:51:15 AM      0.00    442.40      0.00      0.00    106.40      0.00      0.00      0.00      0.00      0.00
12:51:20 AM      0.00      0.00      0.00      0.00      4.00      0.00      0.00      0.00      0.00      0.00
12:51:25 AM      0.00    180.80      0.00      0.00     49.00      0.00      0.00      0.00      0.00      0.00
12:51:30 AM      0.00    524.00      0.00      0.00    234.40      0.00      0.00      0.00      0.00      0.00
12:51:35 AM      0.00    310.40      0.00      0.00     73.40      0.00      0.00      0.00      0.00      0.00
12:51:40 AM      0.00     19.20      0.00      0.00    111.20      0.00      0.00      0.00      0.00      0.00
12:51:45 AM      0.00    152.00      0.00      0.00     10.80      0.00      0.00      0.00      0.00      0.00
12:51:50 AM      0.00     39.20      0.00      0.00    217.60      0.00      0.00      0.00      0.00      0.00
12:51:55 AM      0.00    425.60      0.00      0.00    111.00      0.00      0.00      0.00      0.00      0.00
12:52:00 AM     12.80   1776.80      0.00      3.20   1161.60      0.00      0.00      0.00      0.00      0.00
12:52:05 AM      0.00   2501.60      0.00      0.00    629.20      0.00      0.00      0.00      0.00      0.00
12:52:10 AM     10.40    284.00      0.20      2.60    487.80      0.00      0.00      0.00      0.00      0.00
12:52:15 AM      4.00   1016.00      1.00      1.00    250.00      0.00      0.00      0.00      0.00      0.00
12:52:20 AM      2.40   1876.80      0.60      0.60    595.60      0.00      0.00      0.00      0.00      0.00
12:52:25 AM      0.00   4450.40      0.00      0.00   1116.40      0.00      0.00      0.00      0.00      0.00
12:52:30 AM      0.00   3625.60      0.00      0.00    907.00      0.00      0.00      0.00      0.00      0.00
12:52:35 AM      7.20   3460.00      1.80      1.80    870.20      0.00      0.00      0.00      0.00      0.00
12:52:40 AM  27346.40   7146.40   6836.80   6836.60   1831.20      0.00      0.00      0.00      0.00      0.00
12:52:45 AM    821.60      0.00    205.40    205.40     18.40      0.00      0.00      0.00      0.00      0.00
12:52:50 AM     36.00     32.00      0.20      9.00    208.60      0.00      0.00      0.00      0.00      0.00
12:52:55 AM      7.20    111.20      1.80      1.80      4.20      0.00      0.00      0.00      0.00      0.00
12:53:00 AM    328.80    230.40    293.80     10.60    233.40      0.00      0.00      0.00      0.00      0.00
12:53:05 AM     80.80    980.00     20.20     20.20    256.20      0.00      0.00      0.00      0.00      0.00
12:53:10 AM      0.00    212.00      0.00      0.00     57.00      0.00      0.00      0.00      0.00      0.00
12:53:15 AM     11.20    246.40      0.00      2.80    167.80      0.00      0.00      0.00      0.00      0.00
12:53:20 AM      0.00      0.00      0.00      0.00      4.00      0.00      0.00      0.00      0.00      0.00
12:53:25 AM     30.40     32.00      0.00      7.60    413.60      0.00      0.00      0.00      0.00      0.00
12:53:30 AM      0.00    730.40      0.00      0.00    160.00      0.00      0.00      0.00      0.00      0.00
12:53:35 AM    127.20    906.40      0.20     31.80    843.80      0.00      0.00      0.00      0.00      0.00
12:53:40 AM      0.00   3046.40      0.00      0.00    765.40      0.00      0.00      0.00      0.00      0.00
12:53:45 AM      0.00    451.20      0.00      0.00    424.00      0.00      0.00      0.00      0.00      0.00
12:53:50 AM  15887.43      2.40   3972.06   3971.86   1113.37      0.00      0.00      0.00      0.00      0.00
12:53:55 AM      0.00      0.00      0.00      0.00      4.00      0.00      0.00      0.00      0.00      0.00
12:54:00 AM      0.00     32.00      0.00      0.00      0.40      0.00      0.00      0.00      0.00      0.00
12:54:05 AM      0.00    111.20      0.00      0.00      4.00      0.00      0.00      0.00      0.00      0.00
12:54:10 AM      0.00      4.80      0.00      0.00      3.80      0.00      0.00      0.00      0.00      0.00
12:54:15 AM      0.00      0.00      0.00      0.00    208.60      0.00      0.00      0.00      0.00      0.00
12:54:20 AM      0.00      0.00      0.00      0.00      4.00      0.00      0.00      0.00      0.00      0.00
12:54:25 AM      0.00      0.00      0.00      0.00      4.00      0.00      0.00      0.00      0.00      0.00
12:54:30 AM      0.00      0.00      0.00      0.00      0.60      0.00      0.00      0.00      0.00      0.00
12:54:35 AM      0.00     32.00      0.00      0.00      3.80      0.00      0.00      0.00      0.00      0.00
12:54:40 AM      0.80     92.00      0.20      0.20      4.00      0.00      0.00      0.00      0.00      0.00
12:54:45 AM      0.00      5.60      0.00      0.00    208.60      0.00      0.00      0.00      0.00      0.00
12:54:50 AM      0.00      0.00      0.00      0.00      4.00      0.00      0.00      0.00      0.00      0.00
12:54:55 AM      0.00      0.00      0.00      0.00      3.80      0.00      0.00      0.00      0.00      0.00
12:55:00 AM      0.00      0.00      0.00      0.00      0.40      0.00      0.00      0.00      0.00      0.00
12:55:05 AM      2.40      0.00      0.60      0.60      6.40      0.00      0.00      0.00      0.00      0.00
12:55:10 AM      0.00     32.00      0.00      0.00      3.80      0.00      0.00      0.00      0.00      0.00
12:55:15 AM      0.00    111.20      0.00      0.00      4.00      0.00      0.00      0.00      0.00      0.00
12:55:20 AM      0.00      4.00      0.00      0.00      3.80      0.00      0.00      0.00      0.00      0.00
12:55:25 AM      0.00      0.00      0.00      0.00      4.20      0.00      0.00      0.00      0.00      0.00
12:55:30 AM      0.00      0.00      0.00      0.00      0.40      0.00      0.00      0.00      0.00      0.00
12:55:35 AM      0.80      0.00      0.20      0.20      4.60      0.00      0.00      0.00      0.00      0.00
12:55:40 AM      3.20      0.00      0.80      0.80      7.00      0.00      0.00      0.00      0.00      0.00
12:55:45 AM      1.60     32.00      6.80      0.40      6.80      0.00      0.00      0.00      0.00      0.00
12:55:50 AM      0.00    124.00      0.00      0.00      4.20      0.00      0.00      0.00      0.00      0.00
12:55:55 AM      0.00     43.20      6.20      0.00      6.60      0.00      0.00      0.00      0.00      0.00
12:56:00 AM      0.00      0.00      0.00      0.00      1.00      0.00      0.00      0.00      0.00      0.00
12:56:05 AM      0.00      0.00      0.20      0.00      4.20      0.00      0.00      0.00      0.00      0.00
12:56:10 AM      0.00      0.00      0.00      0.00      4.00      0.00      0.00      0.00      0.00      0.00
12:56:15 AM      0.00     89.60      0.00      0.00      3.80      0.00      0.00      0.00      0.00      0.00
12:56:20 AM      0.00    136.80      0.00      0.00      4.20      0.00      0.00      0.00      0.00      0.00
12:56:25 AM      0.00      0.00      0.00      0.00      4.20      0.00      0.00      0.00      0.00      0.00
12:56:30 AM      0.00      4.80      0.00      0.00      0.80      0.00      0.00      0.00      0.00      0.00
12:56:35 AM      0.00   4628.00      0.00      0.00   1161.20      0.00      0.00      0.00      0.00      0.00
12:56:40 AM      0.00   8986.40      0.00      0.00   2252.60      0.00      0.00      0.00      0.00      0.00
12:56:45 AM      0.00   1248.00      0.00      0.00    316.40      0.00      0.00      0.00      0.00      0.00
12:56:50 AM      0.00   3941.60      0.00      0.00    983.00      0.00      0.00      0.00      0.00      0.00
12:56:55 AM      0.80   3552.80      0.20      0.20    893.80      0.00      0.00      0.00      0.00      0.00
12:57:00 AM      3.20   2808.00      0.00      0.00    674.60      0.00      0.00      0.00      0.00      0.00
12:57:05 AM     74.40   1874.40     18.60     18.60    476.00      0.00      0.00      0.00      0.00      0.00
12:57:10 AM  11409.60   2509.60   2852.40   2852.40    700.60      0.00      0.00      0.00      0.00      0.00
12:57:15 AM      1.60      1.60      0.40      0.40      4.60      0.00      0.00      0.00      0.00      0.00
12:57:20 AM      0.00      0.00      0.00      0.00      4.20      0.00      0.00      0.00      0.00      0.00
12:57:25 AM      4.00      0.00      1.00      1.00      5.40      0.00      0.00      0.00      0.00      0.00
12:57:30 AM      0.00     32.00      0.00      0.00      0.80      0.00      0.00      0.00      0.00      0.00
12:57:35 AM      0.00    124.00      0.00      0.00      3.80      0.00      0.00      0.00      0.00      0.00
12:57:40 AM  26711.20      4.00   6677.80   6677.80   2653.40      0.00      0.00      0.00      0.00      0.00
12:57:45 AM  16857.60      0.00   4214.60   4214.40    325.00      0.00      0.00      0.00      0.00      0.00
12:57:51 AM      0.00      0.00      0.00      0.00      3.80      0.00      0.00      0.00      0.00      0.00
12:57:56 AM      0.00      0.00      0.00      0.00      3.99      0.00      0.00      0.00      0.00      0.00
12:58:01 AM    231.20      0.00    288.60      6.00    202.00      0.00      0.00      0.00      0.00      0.00
12:58:06 AM      0.80     32.00      0.20      0.20      4.40      0.00      0.00      0.00      0.00      0.00
12:58:11 AM      0.00     92.00      0.00      0.00      3.80      0.00      0.00      0.00      0.00      0.00
12:58:16 AM      0.00      5.60      0.00      0.00      4.00      0.00      0.00      0.00      0.00      0.00
12:58:21 AM      0.00      0.00      0.00      0.00      3.80      0.00      0.00      0.00      0.00      0.00
12:58:26 AM      0.00      0.00      0.00      0.00      4.00      0.00      0.00      0.00      0.00      0.00
12:58:31 AM      0.00      0.00      0.00      0.00      0.60      0.00      0.00      0.00      0.00      0.00
12:58:36 AM      0.00      0.00      0.00      0.00      3.80      0.00      0.00      0.00      0.00      0.00
12:58:41 AM      0.00     32.00      0.00      0.00      4.00      0.00      0.00      0.00      0.00      0.00
12:58:46 AM      0.00    111.20      0.00      0.00      3.80      0.00      0.00      0.00      0.00      0.00
12:58:51 AM      0.00      4.80      0.00      0.00      4.00      0.00      0.00      0.00      0.00      0.00
12:58:56 AM      0.00      0.00      0.00      0.00      3.80      0.00      0.00      0.00      0.00      0.00
12:59:01 AM      0.00      0.00      0.00      0.00      0.60      0.00      0.00      0.00      0.00      0.00
12:59:06 AM      1.60      0.00      0.40      0.40      5.40      0.00      0.00      0.00      0.00      0.00
12:59:11 AM      0.00      0.00      0.00      0.00      4.00      0.00      0.00      0.00      0.00      0.00
12:59:16 AM      0.00     32.00      0.00      0.00      3.80      0.00      0.00      0.00      0.00      0.00
12:59:21 AM      0.00     92.00      0.00      0.00      3.80      0.00      0.00      0.00      0.00      0.00
12:59:26 AM      0.00      4.00      0.00      0.00      4.00      0.00      0.00      0.00      0.00      0.00
12:59:31 AM      0.00      0.00      0.00      0.00      0.60      0.00      0.00      0.00      0.00      0.00
12:59:36 AM      0.00      0.00      0.00      0.00      4.00      0.00      0.00      0.00      0.00      0.00
12:59:41 AM      0.00      0.00      0.00      0.00      3.80      0.00      0.00      0.00      0.00      0.00
12:59:46 AM      0.00      0.00      0.00      0.00      4.00      0.00      0.00      0.00      0.00      0.00
12:59:51 AM      0.00     32.00      0.00      0.00      3.80      0.00      0.00      0.00      0.00      0.00
12:59:56 AM      0.00    111.20      0.00      0.00      3.80      0.00      0.00      0.00      0.00      0.00
01:00:01 AM      0.00   3040.00      0.00      0.00    759.80      0.00      0.00      0.00      0.00      0.00
01:00:06 AM      4.00   2295.20      1.00      1.00    577.80      0.00      0.00      0.00      0.00      0.00
01:00:11 AM      1.60    764.80      0.40      0.40    195.40      0.00      0.00      0.00      0.00      0.00
01:00:16 AM      0.00   4138.40      0.00      0.00   1039.40      0.00      0.00      0.00      0.00      0.00
01:00:21 AM   5999.20   7776.00   1500.00   1499.80   3451.80      0.00      0.00      0.00      0.00      0.00
01:00:26 AM   2048.80   4018.40    512.20    512.20   1001.80      0.00      0.00      0.00      0.00      0.00
01:00:31 AM   1240.80     92.00    310.20    310.20      3.00      0.00      0.00      0.00      0.00      0.00
01:00:36 AM      1.60      4.80      0.40      0.40      4.60      0.00      0.00      0.00      0.00      0.00
01:00:41 AM      4.80      0.00      1.20      1.20      4.60      0.00      0.00      0.00      0.00      0.00
01:00:46 AM      4.80      0.00      7.80      1.20      5.40      0.00      0.00      0.00      0.00      0.00
01:00:51 AM      0.00      0.00      0.00      0.00      4.40      0.00      0.00      0.00      0.00      0.00
01:00:56 AM      0.00     42.40      6.20      0.00      5.80      0.00      0.00      0.00      0.00      0.00
01:01:01 AM      0.00     64.00      0.00      0.00      0.80      0.00      0.00      0.00      0.00      0.00
01:01:06 AM     32.00    143.20      8.60      8.00      6.60      0.00      0.00      0.00      0.00      0.00
01:01:11 AM      0.00      4.00      0.00      0.00      3.80      0.00      0.00      0.00      0.00      0.00
01:01:16 AM      0.00     24.80      0.00      0.00      4.00      0.00      0.00      0.00      0.00      0.00
01:01:21 AM      0.00      0.00      0.00      0.00      4.20      0.00      0.00      0.00      0.00      0.00
01:01:26 AM      0.80      0.00      0.20      0.20      4.00      0.00      0.00      0.00      0.00      0.00
01:01:31 AM      0.00      0.00      0.00      0.00      0.60      0.00      0.00      0.00      0.00      0.00
01:01:36 AM      0.00    550.40      0.00      0.00    254.00      0.00      0.00      0.00      0.00      0.00
01:01:41 AM      0.00    877.60      0.00      0.00    694.00      0.00      0.00      0.00      0.00      0.00
01:01:46 AM      6.40    112.80      1.60      1.60    217.80      0.00      0.00      0.00      0.00      0.00
01:01:51 AM      0.00   1295.81      0.00      0.00    443.51      0.00      0.00      0.00      0.00      0.00
01:01:56 AM      0.00     39.20      0.00      0.00    142.40      0.00      0.00      0.00      0.00      0.00
01:02:01 AM      0.00   1535.20      0.00      0.00    714.40      0.00      0.00      0.00      0.00      0.00
01:02:06 AM      0.00    301.60      0.00      0.00    361.20      0.00      0.00      0.00      0.00      0.00
01:02:11 AM      7.20     36.80      1.80      1.80     18.00      0.00      0.00      0.00      0.00      0.00
01:02:16 AM      0.00    168.80      0.00      0.00     14.80      0.00      0.00      0.00      0.00      0.00
01:02:21 AM      0.00   3325.60      0.00      0.00   1280.80      0.00      0.00      0.00      0.00      0.00
01:02:26 AM      0.00   7029.60      0.00      0.00   2483.00      0.00      0.00      0.00      0.00      0.00
01:02:31 AM      0.00   1844.00      0.00      0.00    809.80      0.00      0.00      0.00      0.00      0.00
01:02:36 AM      6.40   4824.00      1.00      1.60   2230.40      0.00      0.00      0.00      0.00      0.00
01:02:41 AM      0.00   3323.20      0.00      0.00   1106.60      0.00      0.00      0.00      0.00      0.00
01:02:46 AM  17583.20   1864.00   4395.80   4395.80   2145.00      0.00      0.00      0.00      0.00      0.00
01:02:51 AM      2.40   2688.80    103.00    103.00   2400.20      0.00      0.00      0.00      0.00      0.00
01:02:56 AM      0.00    609.60      0.00      0.00    564.80      0.00      0.00      0.00      0.00      0.00
01:03:01 AM    644.80   2050.40    295.60     13.20    830.20      0.00      0.00      0.00      0.00      0.00
01:03:06 AM     12.00    112.80      3.00      3.00     92.20      0.00      0.00      0.00      0.00      0.00
01:03:11 AM      0.00      0.00      0.00      0.00    262.00      0.00      0.00      0.00      0.00      0.00
01:03:16 AM      0.00      0.00      0.00      0.00    102.80      0.00      0.00      0.00      0.00      0.00
01:03:21 AM      0.00    736.00      0.00      0.00    931.80      0.00      0.00      0.00      0.00      0.00
01:03:26 AM      0.00   1220.80      0.00      0.00    465.20      0.00      0.00      0.00      0.00      0.00
01:03:31 AM      0.00    894.40      0.00      0.00    595.80      0.00      0.00      0.00      0.00      0.00
01:03:36 AM      0.80      5.60   7427.60   7427.60     90.40      0.00      0.00      0.00      0.00      0.00
01:03:41 AM      0.00    580.00      0.00      0.00    262.60      0.00      0.00      0.00      0.00      0.00
01:03:46 AM      0.00     41.60      0.00      0.00    364.80      0.00      0.00      0.00      0.00      0.00
01:03:51 AM      1.60      0.00      0.40      0.40     58.00      0.00      0.00      0.00      0.00      0.00
01:03:56 AM      0.00     32.80      0.00      0.00    208.60      0.00      0.00      0.00      0.00      0.00
01:04:01 AM      0.00     92.00      0.00      0.00      0.40      0.00      0.00      0.00      0.00      0.00
01:04:06 AM      0.00      4.80      0.00      0.00      4.00      0.00      0.00      0.00      0.00      0.00
01:04:11 AM     24.00      0.00      0.00      6.00    106.20      0.00      0.00      0.00      0.00      0.00
01:04:16 AM      0.00      0.00      0.00      0.00      3.80      0.00      0.00      0.00      0.00      0.00
01:04:21 AM      8.80   1127.20      0.00      2.20    718.20      0.00      0.00      0.00      0.00      0.00
01:04:26 AM      0.00   1523.20      0.00      0.00   1434.80      0.00      0.00      0.00      0.00      0.00
01:04:31 AM      0.00   2209.60      0.00      0.00   2867.60      0.00      0.00      0.00      0.00      0.00
01:04:36 AM      1.60    378.40      0.40      0.40    173.00      0.00      0.00      0.00      0.00      0.00
01:04:41 AM      0.00      4.00      0.00      0.00      4.20      0.00      0.00      0.00      0.00      0.00
01:04:46 AM      0.00      0.00      0.00      0.00      3.80      0.00      0.00      0.00      0.00      0.00
01:04:51 AM     23.20      0.00      0.00      5.80    106.40      0.00      0.00      0.00      0.00      0.00
01:04:56 AM      0.00      0.00      0.00      0.00      3.80      0.00      0.00      0.00      0.00      0.00
01:05:01 AM      0.00      0.00      0.00      0.00      0.40      0.00      0.00      0.00      0.00      0.00
01:05:06 AM      1.60     32.00      0.40      0.40      4.00      0.00      0.00      0.00      0.00      0.00
01:05:11 AM      0.00     92.00      0.00      0.00      3.80      0.00      0.00      0.00      0.00      0.00
01:05:16 AM     13.60      4.00      0.20      0.20      4.00      0.00      0.00      0.00      0.00      0.00
01:05:21 AM      0.80    113.37      0.20      0.20    400.80      0.00      0.00      0.00      0.00      0.00
01:05:26 AM      0.80   1106.40      0.20      0.20   1400.40      0.00      0.00      0.00      0.00      0.00
01:05:31 AM      0.00     72.00      0.00      0.00    899.60      0.00      0.00      0.00      0.00      0.00
01:05:36 AM    249.60     30.40      2.20      2.20    538.40      0.00      0.00      0.00      0.00      0.00
01:05:41 AM     40.00     57.60      1.00     10.00    507.60      0.00      0.00      0.00      0.00      0.00
01:05:46 AM      2.40    111.20      7.40      0.60    251.00      0.00      0.00      0.00      0.00      0.00
01:05:51 AM     28.80   3377.60      0.00      7.20   2939.20      0.00      0.00      0.00      0.00      0.00
01:05:56 AM    322.40   2316.80      0.80      0.20   2252.80      0.00      0.00      0.00      0.00      0.00
01:06:01 AM     24.00   2676.80      0.00      6.00   2359.60      0.00      0.00      0.00      0.00      0.00
01:06:06 AM      0.80    500.80      6.60      0.20    878.60      0.00      0.00      0.00      0.00      0.00
01:06:11 AM     55.20   2305.60      0.00     13.80   1830.80      0.00      0.00      0.00      0.00      0.00
01:06:16 AM      0.00    188.80      0.00      0.00    857.20      0.00      0.00      0.00      0.00      0.00
01:06:21 AM      4.00    445.60      1.00      1.00    362.20      0.00      0.00      0.00      0.00      0.00
01:06:26 AM      0.00     29.60      0.00      0.00    291.20      0.00      0.00      0.00      0.00      0.00
01:06:31 AM      0.00   1640.80      0.00      0.00    954.20      0.00      0.00      0.00      0.00      0.00
01:06:36 AM      3.20    396.00   9984.80   9984.60    415.00      0.00      0.00      0.00      0.00      0.00
01:06:41 AM      0.00      0.00      0.00      0.00      4.00      0.00      0.00      0.00      0.00      0.00
01:06:46 AM      0.80    124.00      0.20      0.20      4.00      0.00      0.00      0.00      0.00      0.00
01:06:51 AM      8.80      0.00      0.00      2.20    106.20      0.00      0.00      0.00      0.00      0.00
01:06:56 AM      0.00      0.00      0.00      0.00      4.00      0.00      0.00      0.00      0.00      0.00
01:07:01 AM      0.00      4.80      0.00      0.00      0.40      0.00      0.00      0.00      0.00      0.00
01:07:06 AM     24.00      0.00      6.00      6.00      4.20      0.00      0.00      0.00      0.00      0.00
01:07:11 AM    220.00      0.00      1.00      1.00      7.40      0.00      0.00      0.00      0.00      0.00
01:07:16 AM      0.00      0.00      0.00      0.00      3.80      0.00      0.00      0.00      0.00      0.00
01:07:21 AM      0.80      0.00      0.20      0.20      4.00      0.00      0.00      0.00      0.00      0.00
01:07:26 AM      1.60      0.00      0.40      0.40      3.80      0.00      0.00      0.00      0.00      0.00
01:07:31 AM      0.00    124.00      0.00      0.00      0.60      0.00      0.00      0.00      0.00      0.00
01:07:36 AM     28.80      4.00      0.00      7.20    311.00      0.00      0.00      0.00      0.00      0.00
01:07:41 AM  49694.40      0.00  12424.00  12423.60     35.00      0.00      0.00      0.00      0.00      0.00
01:07:46 AM      0.00      0.00      0.00      0.00    824.00      0.00      0.00      0.00      0.00      0.00
01:07:51 AM      0.00      0.00   8139.40   8139.20     30.60      0.00      0.00      0.00      0.00      0.00
01:07:56 AM      0.00      0.00      0.00      0.00    106.40      0.00      0.00      0.00      0.00      0.00
01:08:01 AM    596.00     32.00    291.00      8.80    181.00      0.00      0.00      0.00      0.00      0.00
01:08:06 AM      0.00    111.20      0.00      0.00    413.60      0.00      0.00      0.00      0.00      0.00
01:08:11 AM      0.00      4.00      0.00      0.00      3.80      0.00      0.00      0.00      0.00      0.00
01:08:16 AM      0.00      0.00      0.00      0.00      4.00      0.00      0.00      0.00      0.00      0.00
01:08:21 AM      0.00      0.00      0.00      0.00      4.60      0.00      0.00      0.00      0.00      0.00
01:08:26 AM      0.00      0.00      0.00      0.00    311.20      0.00      0.00      0.00      0.00      0.00
01:08:31 AM      0.00      0.00      0.00      0.00      0.40      0.00      0.00      0.00      0.00      0.00
01:08:36 AM      0.00     32.00      0.00      0.00    311.00      0.00      0.00      0.00      0.00      0.00
01:08:41 AM      3.20    111.20      0.00      0.00      4.00      0.00      0.00      0.00      0.00      0.00
01:08:46 AM      0.00      4.00      0.00      0.00    413.60      0.00      0.00      0.00      0.00      0.00
01:08:51 AM      0.00      0.00      0.00      0.00      4.00      0.00      0.00      0.00      0.00      0.00
01:08:56 AM      0.00      0.00      0.00      0.00    106.20      0.00      0.00      0.00      0.00      0.00
01:09:01 AM      0.00      0.00      0.00      0.00      0.60      0.00      0.00      0.00      0.00      0.00
01:09:06 AM      0.00      0.00      0.00      0.00    414.17      0.00      0.00      0.00      0.00      0.00
01:09:11 AM      0.00     32.00      0.00      0.00      3.80      0.00      0.00      0.00      0.00      0.00
01:09:16 AM      0.00    117.60      0.00      0.00    823.20      0.00      0.00      0.00      0.00      0.00
01:09:21 AM      0.00      7.20      0.00      0.00      3.80      0.00      0.00      0.00      0.00      0.00
01:09:26 AM      0.00      0.00      0.00      0.00    823.20      0.00      0.00      0.00      0.00      0.00
01:09:31 AM      0.00      0.00      0.00      0.00      0.40      0.00      0.00      0.00      0.00      0.00
01:09:36 AM      0.00      0.00    103.00    103.00    311.60      0.00      0.00      0.00      0.00      0.00
01:09:41 AM      0.00      0.00      0.00      0.00      3.80      0.00      0.00      0.00      0.00      0.00
01:09:46 AM      0.00     32.00      0.00      0.00    106.60      0.00      0.00      0.00      0.00      0.00
01:09:51 AM      0.00     92.00      0.00      0.00      3.80      0.00      0.00      0.00      0.00      0.00
01:09:56 AM      0.00      4.80      0.00      0.00    106.20      0.00      0.00      0.00      0.00      0.00
01:10:01 AM      0.00      0.00      0.00      0.00      0.60      0.00      0.00      0.00      0.00      0.00
01:10:06 AM      0.00      0.00      0.00      0.00    208.60      0.00      0.00      0.00      0.00      0.00
01:10:11 AM      0.00      0.00      0.00      0.00      4.00      0.00      0.00      0.00      0.00      0.00
01:10:16 AM      0.00      0.00      0.00      0.00    208.60      0.00      0.00      0.00      0.00      0.00
01:10:21 AM      0.00     32.00      0.00      0.00      4.00      0.00      0.00      0.00      0.00      0.00
01:10:26 AM      0.00    111.20      0.00      0.00    208.60      0.00      0.00      0.00      0.00      0.00
01:10:31 AM      0.00      4.00      0.00      0.00      0.60      0.00      0.00      0.00      0.00      0.00
01:10:36 AM      0.80      0.00      0.20      0.20    619.00      0.00      0.00      0.00      0.00      0.00
01:10:41 AM      0.80      0.00      0.20      0.20      4.60      0.00      0.00      0.00      0.00      0.00
01:10:46 AM      0.00      0.00      6.40      0.00    311.80      0.00      0.00      0.00      0.00      0.00
01:10:51 AM      0.00      0.00      0.00      0.00      4.20      0.00      0.00      0.00      0.00      0.00
01:10:56 AM      0.00     64.00      0.00      0.00      5.00      0.00      0.00      0.00      0.00      0.00
01:11:01 AM      0.00    136.80      0.00      0.00    717.60      0.00      0.00      0.00      0.00      0.00
01:11:06 AM      0.00     44.00      6.60      0.00      6.00      0.00      0.00      0.00      0.00      0.00
01:11:11 AM      0.00      0.00      0.00      0.00    720.60      0.00      0.00      0.00      0.00      0.00
01:11:16 AM      0.00     24.80      0.00      0.00      4.00      0.00      0.00      0.00      0.00      0.00
01:11:21 AM      0.00      0.00      0.00      0.00      4.20      0.00      0.00      0.00      0.00      0.00
01:11:26 AM      0.00     64.00      0.00      0.00      3.80      0.00      0.00      0.00      0.00      0.00
01:11:31 AM      0.00      0.00      0.00      0.00      0.60      0.00      0.00      0.00      0.00      0.00
01:11:36 AM      0.00    130.40      0.00      0.00      3.80      0.00      0.00      0.00      0.00      0.00
01:11:41 AM      0.00      4.00      0.00      0.00      4.00      0.00      0.00      0.00      0.00      0.00
01:11:46 AM      0.00      0.00      0.00      0.00      3.80      0.00      0.00      0.00      0.00      0.00
01:11:51 AM      0.00      0.00      0.00      0.00    311.40      0.00      0.00      0.00      0.00      0.00
01:11:56 AM      0.00      0.00      0.00      0.00      3.80      0.00      0.00      0.00      0.00      0.00
01:12:01 AM      0.00      0.00      0.00      0.00    103.00      0.00      0.00      0.00      0.00      0.00
01:12:06 AM      0.00  12263.20      0.00      0.00   3082.20      0.00      0.00      0.00      0.00      0.00
01:12:11 AM      0.00   9066.40      0.00      0.00   2507.20      0.00      0.00      0.00      0.00      0.00
01:12:16 AM      0.00   5144.00      0.00      0.00   1464.00      0.00      0.00      0.00      0.00      0.00
01:12:21 AM      0.00  10849.60      0.00      0.00   3039.20      0.00      0.00      0.00      0.00      0.00
01:12:26 AM      0.00   3640.72      0.00      0.00    953.29      0.00      0.00      0.00      0.00      0.00
01:12:31 AM      1.60   8164.80      0.40      0.40   2855.40      0.00      0.00      0.00      0.00      0.00
01:12:36 AM      0.00   3590.40      0.00      0.00    979.60      0.00      0.00      0.00      0.00      0.00
01:12:41 AM  23424.80    766.40   5850.20   5859.00    553.00      0.00      0.00      0.00      0.00      0.00
01:12:46 AM      9.60    111.20      0.00      0.00      4.20      0.00      0.00      0.00      0.00      0.00
01:12:51 AM  14348.00      4.00   3571.80   3595.20    728.00      0.00      0.00      0.00      0.00      0.00
01:12:56 AM      0.00      0.00      0.00      0.00      3.80      0.00      0.00      0.00      0.00      0.00
01:13:01 AM     33.60      0.00      0.00     12.00    103.00      0.00      0.00      0.00      0.00      0.00
01:13:06 AM    185.60      0.00    286.00      6.00    210.00      0.00      0.00      0.00      0.00      0.00
01:13:11 AM      0.00      0.00      0.00      0.00      4.00      0.00      0.00      0.00      0.00      0.00
01:13:16 AM      0.00     32.00      0.00      0.00      4.60      0.00      0.00      0.00      0.00      0.00
01:13:21 AM      6.40    136.80      0.00      0.00      4.60      0.00      0.00      0.00      0.00      0.00
01:13:26 AM      0.00      5.60      0.00      0.00      3.80      0.00      0.00      0.00      0.00      0.00
01:13:31 AM     33.60      0.00      0.00     13.80    205.20      0.00      0.00      0.00      0.00      0.00
01:13:36 AM      0.00      0.00      0.00      0.00      4.00      0.00      0.00      0.00      0.00      0.00
01:13:41 AM      0.00      0.00      0.00      0.00      3.80      0.00      0.00      0.00      0.00      0.00
01:13:46 AM      0.00      0.00      0.00      0.00      4.00      0.00      0.00      0.00      0.00      0.00
01:13:51 AM      0.80     32.00      0.00      0.20    106.40      0.00      0.00      0.00      0.00      0.00
01:13:56 AM      0.00    117.60      0.00      0.00      4.00      0.00      0.00      0.00      0.00      0.00
01:14:01 AM      1.60      4.00      0.00      0.40    205.20      0.00      0.00      0.00      0.00      0.00
01:14:06 AM      0.00      0.00      0.00      0.00      4.00      0.00      0.00      0.00      0.00      0.00
01:14:11 AM      6.40      0.00      0.00      2.40    823.80      0.00      0.00      0.00      0.00      0.00
01:14:16 AM      0.00      0.00      0.00      0.00      3.80      0.00      0.00      0.00      0.00      0.00
01:14:21 AM     18.40      0.00      0.00      8.00    723.80      0.00      0.00      0.00      0.00      0.00
01:14:26 AM      0.00     32.00      0.00      0.00      3.80      0.00      0.00      0.00      0.00      0.00
01:14:31 AM      0.00     98.40      0.00      0.00      0.60      0.00      0.00      0.00      0.00      0.00
01:14:36 AM      0.80      4.80      0.20      0.20      3.80      0.00      0.00      0.00      0.00      0.00
01:14:41 AM      0.00      0.00      0.00      0.00      4.00      0.00      0.00      0.00      0.00      0.00
01:14:46 AM      0.00      0.00      0.00      0.00    311.00      0.00      0.00      0.00      0.00      0.00
01:14:51 AM      0.00      0.00      0.00      0.00      4.00      0.00      0.00      0.00      0.00      0.00
01:14:56 AM      0.00      0.00      0.00      0.00    208.80      0.00      0.00      0.00      0.00      0.00
01:15:01 AM      0.00     32.00      0.00      0.00      0.40      0.00      0.00      0.00      0.00      0.00
01:15:06 AM      0.00    117.60      0.00      0.00    413.60      0.00      0.00      0.00      0.00      0.00
01:15:11 AM      0.00      4.00      0.00      0.00      3.80      0.00      0.00      0.00      0.00      0.00
01:15:16 AM     13.60   3102.40      0.00      4.60   1929.60      0.00      0.00      0.00      0.00      0.00
01:15:21 AM      0.00   2002.40      0.00      0.00    740.80      0.00      0.00      0.00      0.00      0.00
01:15:26 AM      0.00   1137.60      0.00      0.00    951.20      0.00      0.00      0.00      0.00      0.00
01:15:31 AM      0.00    260.80      0.00      0.00    165.00      0.00      0.00      0.00      0.00      0.00
01:15:36 AM     10.40     59.20      2.80      2.60     58.40      0.00      0.00      0.00      0.00      0.00
01:15:41 AM      4.00    140.00   1494.60   1494.60     82.00      0.00      0.00      0.00      0.00      0.00
01:15:46 AM     13.60      4.80      6.60      0.20      4.20      0.00      0.00      0.00      0.00      0.00
01:15:51 AM      0.00      0.00      0.00      0.00      4.20      0.00      0.00      0.00      0.00      0.00
01:15:56 AM      0.00      0.00      0.00      0.00      5.40      0.00      0.00      0.00      0.00      0.00
01:16:01 AM      0.00      0.00      0.00      0.00      0.80      0.00      0.00      0.00      0.00      0.00
01:16:06 AM      0.00     40.00      6.40      0.00      5.20      0.00      0.00      0.00      0.00      0.00
01:16:11 AM      0.00     64.00      0.00      0.00      4.00      0.00      0.00      0.00      0.00      0.00
01:16:16 AM      0.00    174.40      0.00      0.00      3.80      0.00      0.00      0.00      0.00      0.00
01:16:21 AM      0.00      4.00      0.00      0.00      4.20      0.00      0.00      0.00      0.00      0.00
01:16:26 AM      0.00      0.00      0.00      0.00      4.00      0.00      0.00      0.00      0.00      0.00
01:16:31 AM      0.00      0.00      0.00      0.00      0.40      0.00      0.00      0.00      0.00      0.00
01:16:36 AM      0.00      0.00      0.00      0.00      4.00      0.00      0.00      0.00      0.00      0.00
01:16:41 AM      0.00      0.00      0.00      0.00      3.80      0.00      0.00      0.00      0.00      0.00
01:16:46 AM      0.00    111.20      0.00      0.00      4.00      0.00      0.00      0.00      0.00      0.00
01:16:51 AM      0.00      0.00      0.00      0.00      3.80      0.00      0.00      0.00      0.00      0.00
01:16:56 AM      0.00      7.20      0.00      0.00      4.20      0.00      0.00      0.00      0.00      0.00
01:17:01 AM      0.00      0.00      0.00      0.00      0.40      0.00      0.00      0.00      0.00      0.00
01:17:06 AM      1.60      0.00      0.40      0.40      3.80      0.00      0.00      0.00      0.00      0.00
01:17:11 AM      0.80      0.00      0.20      0.20      7.40      0.00      0.00      0.00      0.00      0.00
01:17:16 AM     39.20      0.00      0.40      0.40      4.80      0.00      0.00      0.00      0.00      0.00
01:17:21 AM      0.00      0.00      0.00      0.00      4.00      0.00      0.00      0.00      0.00      0.00
01:17:26 AM    187.20   1071.20    279.60      2.20     29.60      0.00      0.00      0.00      0.00      0.00
01:17:31 AM  27812.00 141847.20  27353.60   6938.40  44644.40 211787.20  32937.00  44011.60      0.00      0.00
01:17:36 AM     30.40      0.00      2.80      1.00     55.00      0.00      0.00      0.00      0.00      0.00
01:17:41 AM  72961.60  86116.00  18980.20  18980.00  21846.60  17332.00   6276.80  21778.60      0.00      0.00
01:17:46 AM      4.80      0.00      1.60      0.40    823.00      0.00      0.00      0.00      0.00      0.00
01:17:51 AM  53980.00  36864.00  13494.80  13495.00  11978.20  11725.00   2373.40   9434.20      0.00      0.00
01:17:56 AM  63079.20  52428.80  15872.40  15769.80  17011.60  17587.20   4129.80  13428.00      0.00      0.00
01:18:01 AM     12.80    117.60      0.00      0.00      0.40      0.00      0.00      0.00      0.00      0.00
01:18:06 AM   1795.20      0.00    296.40     16.40    307.20      0.00      0.00      0.00      0.00      0.00
01:18:11 AM      0.00      0.00      0.00      0.00    823.00      0.00      0.00      0.00      0.00      0.00
01:18:16 AM      0.00      4.00      0.20      0.00      4.00      0.00      0.00      0.00      0.00      0.00
01:18:21 AM      0.00      0.00      0.00      0.00    823.00      0.00      0.00      0.00      0.00      0.00
01:18:26 AM      6.40      0.00      0.00      0.00      4.00      0.00      0.00      0.00      0.00      0.00
01:18:31 AM      0.00     32.00      0.00      0.00    205.20      0.00      0.00      0.00      0.00      0.00
01:18:36 AM      0.00      0.00      0.00      0.00      3.80      0.00      0.00      0.00      0.00      0.00
01:18:41 AM      0.00      0.00      0.00      0.00      4.00      0.00      0.00      0.00      0.00      0.00
01:18:46 AM 285910.40 284748.80  71477.60  71477.60  72542.60  77269.80   1758.80  71968.00      0.00      0.00
01:18:51 AM 265127.35 264495.81  65806.39  65804.79  75478.84 120904.59  23964.07  71822.16      0.00      0.00
01:18:56 AM 190212.42 186607.62  47427.86  47422.85  53233.07  55003.21  10906.41  47086.97      0.00      0.00
01:19:01 AM  40519.20  14900.00  10100.80  10100.60   6913.20   5811.40      0.00   3725.20      0.00      0.00
01:19:06 AM   4471.20  15708.00    653.00    634.20   4064.40   5812.40      0.00   3927.20      0.00      0.00
01:19:11 AM      0.00      0.00      0.00      0.00      3.80      0.00      0.00      0.00      0.00      0.00
01:19:16 AM      0.00     32.00      0.00      0.00      4.80      0.00      0.00      0.00      0.00      0.00
01:19:21 AM     16.00     92.00      0.00      0.00      3.80      0.00      0.00      0.00      0.00      0.00
01:19:26 AM   1100.00      4.00      2.80      1.40    138.00      0.00      0.00      0.00      0.00      0.00
01:19:31 AM      0.00      0.00      0.00      0.00      0.40      0.00      0.00      0.00      0.00      0.00
01:19:36 AM     93.60      0.00      0.80      0.20      4.00      0.00      0.00      0.00      0.00      0.00
01:19:41 AM      0.00      0.00      0.00      0.00      3.80      0.00      0.00      0.00      0.00      0.00
01:19:46 AM      0.00      0.00      0.00      0.00      4.00      0.00      0.00      0.00      0.00      0.00
01:19:51 AM    804.80     32.00      0.80      0.40      3.80      0.00      0.00      0.00      0.00      0.00
01:19:56 AM      0.80    111.20      0.40      0.20      3.80      0.00      0.00      0.00      0.00      0.00
01:20:01 AM      0.00      4.80      0.20      0.00      0.80      0.00      0.00      0.00      0.00      0.00
01:20:06 AM      0.00      0.00      0.00      0.00      3.80      0.00      0.00      0.00      0.00      0.00
01:20:11 AM      0.00      0.00      0.00      0.00      4.00      0.00      0.00      0.00      0.00      0.00
01:20:16 AM    830.40      0.00      0.80      0.60      3.80      0.00      0.00      0.00      0.00      0.00
01:20:21 AM      0.00      0.00      0.00      0.00      3.99      0.00      0.00      0.00      0.00      0.00
01:20:26 AM      0.00     32.00      0.20      0.00      3.80      0.00      0.00      0.00      0.00      0.00
01:20:31 AM      0.00     92.00      0.00      0.00      0.60      0.00      0.00      0.00      0.00      0.00
01:20:36 AM   1180.80      5.60     17.20      5.80      9.60      0.00      0.00      0.00      0.00      0.00
01:20:41 AM    467.20      0.00      2.20      1.40      6.20      0.00      0.00      0.00      0.00      0.00
01:20:46 AM   1132.00      0.00     20.00      3.60      7.00      0.00      0.00      0.00      0.00      0.00
01:20:51 AM      0.00      0.00      0.00      0.00      4.40      0.00      0.00      0.00      0.00      0.00
01:20:56 AM      0.00      0.00      0.00      0.00      5.00      0.00      0.00      0.00      0.00      0.00
01:21:01 AM      0.00     64.00      0.00      0.00      1.00      0.00      0.00      0.00      0.00      0.00
01:21:06 AM    750.40    183.20      2.40      1.60      5.60      0.00      0.00      0.00      0.00      0.00
01:21:11 AM     15.20   4523.20   7146.60      3.80  14534.60  23172.00    128.00  13282.80      0.00      0.00
01:21:16 AM      2.40      0.00      0.00      0.00      4.00      0.00      0.00      0.00      0.00      0.00
01:21:21 AM    141.60      0.00      6.00      2.00  12384.60      0.00      0.00      0.00      0.00      0.00
01:21:26 AM      0.80      0.00      0.60      0.20      5.40      0.00      0.00      0.00      0.00      0.00
01:21:31 AM      0.00      0.00      0.00      0.00      0.60      0.00      0.00      0.00      0.00      0.00
01:21:36 AM      0.00    124.00      0.00      0.00      3.80      0.00      0.00      0.00      0.00      0.00
01:21:41 AM      0.00      0.00      0.00      0.00      4.00      0.00      0.00      0.00      0.00      0.00
01:21:46 AM      7.20      4.80  12640.80  12583.00     32.00      0.00      0.00      0.00      0.00      0.00
01:21:51 AM      0.00      0.00      0.00      0.00      4.00      0.00      0.00      0.00      0.00      0.00
01:21:56 AM      0.00      0.00      0.00      0.00      3.80      0.00      0.00      0.00      0.00      0.00
01:22:01 AM      0.00      0.00      0.00      0.00      0.40      0.00      0.00      0.00      0.00      0.00
01:22:06 AM      0.00      0.00      0.00      0.00      4.20      0.00      0.00      0.00      0.00      0.00
01:22:11 AM     48.80      0.00      1.60      1.00      8.20      0.00      0.00      0.00      0.00      0.00
01:22:16 AM      0.00    207.20      0.00      0.00    413.60      0.00      0.00      0.00      0.00      0.00
01:22:21 AM      0.00      4.80      0.00      0.00      3.80      0.00      0.00      0.00      0.00      0.00
01:22:26 AM      0.00      0.00      0.00      0.00    823.20      0.00      0.00      0.00      0.00      0.00
01:22:31 AM    588.00      0.00      3.40      2.20      2.20      0.00      0.00      0.00      0.00      0.00
01:22:36 AM      0.00      0.00      0.00      0.00    823.20      0.00      0.00      0.00      0.00      0.00
01:22:41 AM      0.00      0.00      0.20      0.00      3.80      0.00      0.00      0.00      0.00      0.00
01:22:46 AM      0.00      0.00      0.00      0.00    823.00      0.00      0.00      0.00      0.00      0.00
01:22:51 AM      0.00    258.40      0.20      0.00      4.00      0.00      0.00      0.00      0.00      0.00
01:22:56 AM      0.00      4.00      0.00      0.00   1766.60      0.00      0.00      0.00      0.00      0.00
01:23:01 AM      0.00      0.00      0.00      0.00      0.60      0.00      0.00      0.00      0.00      0.00
01:23:06 AM    468.00      0.00    293.80      4.20   2003.00      0.00      0.00      0.00      0.00      0.00
01:23:11 AM      0.00      0.00      0.20      0.00      4.00      0.00      0.00      0.00      0.00      0.00
01:23:16 AM 145298.40 156941.60  36495.60  36324.60  40331.80  43469.00   1139.40  39235.60      0.00      0.00
01:23:21 AM 100062.40 102347.20  25015.60  25015.60  31066.40  24089.60   1498.60  25574.40      0.00      0.00
01:23:26 AM 111166.40 113790.40  27791.60  27791.60  35324.60  26572.80   1844.00  28416.00      0.00      0.00
01:23:31 AM 117070.40 112605.60  29267.40  29267.40  34159.60  25011.20   3136.60  28160.00      0.00      0.00
01:23:36 AM 111674.40 119500.80  27918.80  27918.80  36461.80  27148.80   2637.80  29875.20      0.00      0.00
01:23:41 AM 116689.60 108338.40  29172.20  29172.20  33291.00  25177.60   1908.00  27072.00      0.00      0.00
01:23:46 AM 126134.40 127780.00  31533.80  31533.80  36405.60  27609.60   4340.00  31948.80      0.00      0.00
01:23:51 AM 133231.20 129468.80  33307.60  33307.60  36859.80  28416.00   3955.80  32371.20      0.00      0.00
01:23:56 AM 150371.20 161641.60  37546.60  37573.00  48463.80  34897.40   6282.20  40815.40      0.00      0.00
01:24:01 AM    698.40     92.00    138.00    138.00     95.00      0.00      0.00      0.00      0.00      0.00
01:24:06 AM   1140.00      4.00    285.00    285.00    946.00      0.00      0.00      0.00      0.00      0.00
01:24:11 AM      0.80      0.00      0.20      0.20      3.80      0.00      0.00      0.00      0.00      0.00
01:24:16 AM      0.00      0.00      0.00      0.00    823.00      0.00      0.00      0.00      0.00      0.00
01:24:21 AM      0.00      0.00      0.20      0.00      4.00      0.00      0.00      0.00      0.00      0.00
01:24:26 AM      0.00      0.00      0.00      0.00    823.00      0.00      0.00      0.00      0.00      0.00
01:24:31 AM      0.00     32.00      0.00      0.00      0.60      0.00      0.00      0.00      0.00      0.00
01:24:36 AM      0.00    111.20      0.00      0.00    823.80      0.00      0.00      0.00      0.00      0.00
01:24:41 AM      0.00      7.20      0.00      0.00      4.00      0.00      0.00      0.00      0.00      0.00
01:24:46 AM      0.00      0.00      0.00      0.00      5.40      0.00      0.00      0.00      0.00      0.00
01:24:51 AM  20164.00      0.00   5041.20   5041.00   1524.20      0.00      0.00      0.00      0.00      0.00
01:24:56 AM      0.00      0.00      0.00      0.00      4.00      0.00      0.00      0.00      0.00      0.00
01:25:01 AM      0.00      0.00      0.00      0.00    819.60      0.00      0.00      0.00      0.00      0.00
01:25:06 AM      3.20     32.00      0.80      0.80      4.20      0.00      0.00      0.00      0.00      0.00
01:25:11 AM      0.00     92.00      0.00      0.00   1510.00      0.00      0.00      0.00      0.00      0.00
01:25:16 AM      0.00      3.99      0.00      0.00      3.99      0.00      0.00      0.00      0.00      0.00
01:25:21 AM      0.00      0.00      0.00      0.00    829.40      0.00      0.00      0.00      0.00      0.00
01:25:26 AM      0.00      0.00      0.00      0.00      4.00      0.00      0.00      0.00      0.00      0.00
01:25:31 AM      0.00      0.00      0.00      0.00   1651.60      0.00      0.00      0.00      0.00      0.00
01:25:36 AM      0.00      0.00      1.60      0.00      4.40      0.00      0.00      0.00      0.00      0.00
01:25:41 AM      0.80     32.00      0.40      0.20   2842.00      0.00      0.00      0.00      0.00      0.00
01:25:46 AM      0.80    111.20      6.80      0.20      7.20      0.00      0.00      0.00      0.00      0.00
01:25:51 AM      0.00      4.00      0.20      0.00   2141.20      0.00      0.00      0.00      0.00      0.00
01:25:56 AM      0.00      0.00      0.00      0.00      4.00      0.00      0.00      0.00      0.00      0.00
01:26:01 AM      0.00      0.00      0.20      0.00    921.20      0.00      0.00      0.00      0.00      0.00
01:26:06 AM      0.00     49.60      6.00      0.00      4.80      0.00      0.00      0.00      0.00      0.00
01:26:11 AM      0.00      0.00      0.00      0.00    925.20      0.00      0.00      0.00      0.00      0.00
01:26:16 AM      0.00    137.60      0.00      0.00      3.80      0.00      0.00      0.00      0.00      0.00
01:26:21 AM      0.80      0.00      0.20      0.20   1638.60      0.00      0.00      0.00      0.00      0.00
01:26:26 AM      0.00      4.00      0.00      0.00      4.00      0.00      0.00      0.00      0.00      0.00
01:26:31 AM      0.00      0.00      0.20      0.00   2934.80      0.00      0.00      0.00      0.00      0.00
01:26:36 AM      0.00      0.00      0.00      0.00      4.00      0.00      0.00      0.00      0.00      0.00
01:26:41 AM      0.00      0.00      0.00      0.00   1608.80      0.00      0.00      0.00      0.00      0.00
01:26:46 AM      0.00    117.60      0.00      0.00      4.00      0.00      0.00      0.00      0.00      0.00
01:26:51 AM      0.00      0.00      0.00      0.00    925.40      0.00      0.00      0.00      0.00      0.00
01:26:56 AM      0.80      0.00      0.40      0.20      4.00      0.00      0.00      0.00      0.00      0.00
01:27:01 AM      0.00      4.00      0.00      0.00   1422.40      0.00      0.00      0.00      0.00      0.00
01:27:06 AM 222896.80 267437.60  65211.00  55719.80  68046.60  66468.20   1024.00  67082.00      0.00      0.00
01:27:11 AM 107500.00 199283.20  31963.20  26825.00  49431.40  57403.60      0.00  44933.40      0.00      0.00
01:27:16 AM      1.60      0.00      0.40      0.00      3.80      0.00      0.00      0.00      0.00      0.00
01:27:21 AM    135.20      0.00      0.20      0.20  13205.20      0.00      0.00      0.00      0.00      0.00
01:27:26 AM      0.00      0.00      0.40      0.00      3.80      0.00      0.00      0.00      0.00      0.00
01:27:31 AM      0.00     92.00      0.00      0.00    819.80      0.00      0.00      0.00      0.00      0.00
01:27:36 AM      0.00      0.00      0.00      0.00      3.80      0.00      0.00      0.00      0.00      0.00
01:27:41 AM  28796.00      0.00   7223.80   7199.00    883.00      0.00      0.00      0.00      0.00      0.00
01:27:46 AM 140950.40 430015.20  35251.60  35225.80 109024.00 120624.00  44146.60 108716.40      0.00      0.00
01:27:51 AM 109120.80 116551.20  27271.60  27266.20  30834.40  28459.60    563.20  29120.80      0.00      0.00
01:27:56 AM    204.00      0.00      0.20      0.20      4.80      0.00      0.00      0.00      0.00      0.00
01:28:01 AM  62574.40  59655.20  15643.60  15643.60  14932.80  14913.40      0.00  14900.60      0.00      0.00
01:28:06 AM  17966.40  25886.40   4670.80   4389.80   6742.20   6464.00      0.00   6476.80      0.00      0.00
01:28:11 AM  12374.40  12401.60   3093.60   3093.60   3919.80   3584.00      0.00   3084.40      0.00      0.00
01:28:16 AM  31375.20  36851.20   7843.80   7843.80   9203.60   9177.60      0.00   9190.40      0.00      0.00
01:28:21 AM  48179.20      0.00  12045.00  12044.80  11700.00      0.00      0.00      0.00      0.00      0.00
01:28:26 AM 359522.40 118378.40  89880.80  89880.60  92633.40  29593.60      0.00  29593.60      0.00      0.00
01:28:31 AM 221260.80 121651.20  55315.40  55315.20  55744.40  30412.80      0.00  30412.80      0.00      0.00
01:28:36 AM 122101.60 121687.20  30525.40  30525.40  30474.60  30412.80      0.00  30412.80      0.00      0.00
01:28:41 AM  42660.00  26852.80  10665.20  10665.00   6730.40   6720.00      0.00   6707.20      0.00      0.00
01:28:46 AM  65746.40  74564.80  16433.40  16436.60  18783.60  18905.60      0.00  18638.20      0.00      0.00
01:28:51 AM 326135.20 317698.40  81534.20  81533.80  79808.40 115884.00  20453.40  79555.40      0.00      0.00
01:28:56 AM  68305.60  77655.20  17051.60  17050.40  19610.60  23863.20   7387.20  19590.60      0.00      0.00
01:29:01 AM  90416.00  72420.80  51259.20  51258.60  51537.80  72807.00   2369.00  49652.80      0.00      0.00
01:29:06 AM    560.00      4.00    146.60    145.00   3159.20   5785.60      0.00   2301.20      0.00      0.00
01:29:11 AM    170.40      0.00      0.60      0.60      4.00      0.00      0.00      0.00      0.00      0.00
01:29:16 AM      0.00      0.00      0.00      0.00   1765.80      0.00      0.00      0.00      0.00      0.00
01:29:21 AM      9.60      0.00      0.20      0.20      3.80      0.00      0.00      0.00      0.00      0.00
01:29:26 AM    936.80      0.00      2.40      1.20   1341.00      0.00      0.00      0.00      0.00      0.00
01:29:31 AM      0.00     85.60      0.00      0.00      0.40      0.00      0.00      0.00      0.00      0.00
01:29:36 AM    188.80    188.80     47.20     47.20   1728.80      0.00      0.00     65.80      0.00      0.00
01:29:41 AM      0.00      4.80      0.00      0.00      3.80      0.00      0.00      0.00      0.00      0.00
01:29:46 AM      0.00   2036.80      0.20      0.00   2726.60      0.00      0.00    819.60      0.00      0.00
01:29:51 AM   2036.80      0.00    819.20    819.20      7.80      0.00      0.00      0.00      0.00      0.00
01:29:56 AM      0.00    819.20      0.20      0.00    332.20      0.00      0.00    205.00      0.00      0.00
01:30:01 AM    819.20      0.00    204.80    204.80     16.00      0.00      0.00      0.00      0.00      0.00
01:30:06 AM      0.80      0.00      0.20      0.20      3.80      0.00      0.00      0.00      0.00      0.00
01:30:11 AM      0.00    143.20      0.00      0.00     10.40      0.00      0.00      0.00      0.00      0.00
01:30:16 AM      0.00      4.80      0.00      0.00      4.00      0.00      0.00      0.00      0.00      0.00
01:30:21 AM      0.00      0.00      0.00      0.00      3.99      0.00      0.00      0.00      0.00      0.00
01:30:26 AM      0.00      0.00      0.00      0.00      3.80      0.00      0.00      0.00      0.00      0.00
01:30:31 AM      0.00      0.00      0.20      0.00      0.40      0.00      0.00      0.00      0.00      0.00
01:30:36 AM    940.80      0.00      1.20      1.20      6.20      0.00      0.00      0.00      0.00      0.00
01:30:41 AM     77.60     32.00      3.80      3.60      7.40      0.00      0.00      0.00      0.00      0.00
01:30:46 AM   1142.40     92.00     20.60     13.40      7.40      0.00      0.00      0.00      0.00      0.00
01:30:51 AM  21618.40  20280.00   5459.20   5404.60   7005.40   5069.00      0.00   5069.00      0.00      0.00
01:30:56 AM 127492.00 245340.80  31872.80  31872.80  85107.80 141924.00  17922.60  62031.00      0.00      0.00
01:31:01 AM 168585.60  62900.00  42002.60  42002.40  58537.40  23144.80      0.00  16090.20      0.00      0.00
01:31:06 AM     17.60     45.60      9.40      2.80    827.00      0.00      0.00      0.00      0.00      0.00
01:31:11 AM    188.80      0.00      0.20      0.20      5.20      0.00      0.00      0.00      0.00      0.00
01:31:16 AM     12.80    190.40      0.00      0.00   1332.60      0.00      0.00     88.40      0.00      0.00
01:31:21 AM     36.00      0.00      9.00      9.00      4.60      0.00      0.00      0.00      0.00      0.00
01:31:26 AM     22.40      4.00      1.40      0.40   2503.60      0.00      0.00      0.00      0.00      0.00
01:31:31 AM      0.00      0.00      0.20      0.00      0.60      0.00      0.00      0.00      0.00      0.00
01:31:36 AM      0.00      0.00      0.20      0.00   1039.80      0.00      0.00      0.00      0.00      0.00
01:31:41 AM      0.00      0.00      0.00      0.00      4.00      0.00      0.00      0.00      0.00      0.00
01:31:46 AM      0.00    104.80      0.00      0.00   1547.40      0.00      0.00      0.00      0.00      0.00
01:31:51 AM      0.00      0.00      0.20      0.00      4.00      0.00      0.00      0.00      0.00      0.00
01:31:56 AM      0.00      5.60    179.20    179.20   3965.00      0.00      0.00    180.40      0.00      0.00
01:32:01 AM      0.00      0.00      0.00      0.00      0.40      0.00      0.00      0.00      0.00      0.00
01:32:06 AM      1.60      0.00      0.60      0.40    824.60      0.00      0.00      0.00      0.00      0.00
01:32:11 AM   1796.80      0.00      4.80      2.40     12.80      0.00      0.00      0.00      0.00      0.00
01:32:16 AM      0.00      0.00      0.00      0.00      4.00      0.00      0.00      0.00      0.00      0.00
01:32:21 AM      4.00      0.00      0.20      0.20   1639.00      0.00      0.00      0.00      0.00      0.00
01:32:26 AM      0.00      0.00      0.00      0.00      4.00      0.00      0.00      0.00      0.00      0.00
01:32:31 AM      0.00    148.00      0.00      0.00   1606.80      0.00      0.00      0.00      0.00      0.00
01:32:36 AM    190.40      0.00      0.20      0.20      4.00      0.00      0.00      0.00      0.00      0.00
01:32:41 AM  20764.80  49257.60  16419.20   5191.20  16836.60  15053.00      0.00  14994.40      0.00      0.00
01:32:46 AM  45893.60  34822.40  11474.80  11473.40  10995.20  11953.60     12.80  10181.60      0.00      0.00
01:32:51 AM      0.80      0.00      2.20      0.20   1493.60      0.00      0.00      0.00      0.00      0.00
01:32:56 AM      0.00      0.00      0.00      0.00  12383.40      0.00      0.00      0.00      0.00      0.00
01:33:01 AM      0.00      0.00      0.40      0.00   1235.40      0.00      0.00      0.00      0.00      0.00
01:33:06 AM    613.60      4.00    289.00      3.20    258.20      0.00      0.00      0.00      0.00      0.00
01:33:11 AM      0.00      0.00      0.00      0.00   1924.00      0.00      0.00      0.00      0.00      0.00
01:33:16 AM      0.00      0.00      0.00      0.00      3.80      0.00      0.00      0.00      0.00      0.00
01:33:21 AM      0.00      0.00      0.00      0.00   1630.80      0.00      0.00      0.00      0.00      0.00
01:33:26 AM      0.00      0.00      0.00      0.00      4.00      0.00      0.00      0.00      0.00      0.00
01:33:31 AM      0.00      0.00      0.00      0.00   1536.60      0.00      0.00      0.00      0.00      0.00
01:33:36 AM      0.00    143.20      0.00      0.00      5.60      0.00      0.00      0.00      0.00      0.00
01:33:41 AM      6.40      4.80   9704.60   9477.00    842.40      0.00      0.00      0.00      0.00      0.00
01:33:46 AM      0.00      0.00      0.00      0.00      4.00      0.00      0.00      0.00      0.00      0.00
01:33:51 AM    418.40     53.60    104.80    104.60    998.40      0.00      0.00      5.00      0.00      0.00
01:33:56 AM   7452.80      0.00   1738.80   1735.60    248.60      0.00      0.00      0.00      0.00      0.00
01:34:01 AM      4.80      0.00      1.20      1.20   1382.40      0.00      0.00      0.00      0.00      0.00
01:34:06 AM      0.00      0.00      0.20      0.00   1068.60      0.00      0.00      0.00      0.00      0.00
01:34:11 AM      0.00     92.00      0.00      0.00   1608.80      0.00      0.00      0.00      0.00      0.00
01:34:16 AM      0.00      0.00      0.20      0.00      3.80      0.00      0.00      0.00      0.00      0.00
01:34:21 AM      0.00      4.00      0.00      0.00   1700.20      0.00      0.00      0.60      0.00      0.00
01:34:26 AM      0.00      0.00      0.20      0.00      3.80      0.00      0.00      0.00      0.00      0.00
01:34:31 AM      0.00      0.00      0.00      0.00    819.80      0.00      0.00      0.00      0.00      0.00
01:34:36 AM      0.00      0.00      0.20      0.00      3.80      0.00      0.00      0.00      0.00      0.00
01:34:41 AM      0.80      0.00      0.20      0.20   1417.40      0.00      0.00      0.00      0.00      0.00
01:34:46 AM      0.00      0.00      0.20      0.00      3.80      0.00      0.00      0.00      0.00      0.00
01:34:51 AM      0.00    128.00      0.00      0.00    833.00      0.00      0.00      6.80      0.00      0.00
01:34:56 AM      0.00      4.00      0.00      0.00      4.00      0.00      0.00      0.00      0.00      0.00
01:35:01 AM      0.00     69.60      0.00      0.00    250.60      0.00      0.00     18.00      0.00      0.00
01:35:06 AM      2.40      0.00      0.60      0.60      3.99      0.00      0.00      0.00      0.00      0.00
01:35:11 AM      0.00      0.00      0.00      0.00      3.80      0.00      0.00      0.00      0.00      0.00
01:35:16 AM      0.00      0.00      0.00      0.00    860.00      0.00      0.00      0.00      0.00      0.00
01:35:21 AM      0.00      0.00      0.00      0.00      4.00      0.00      0.00      0.00      0.00      0.00
01:35:26 AM      0.00     92.00      0.00      0.00      8.00      0.00      0.00      0.00      0.00      0.00
01:35:31 AM      0.00      0.00      0.00      0.00      0.40      0.00      0.00      0.00      0.00      0.00
01:35:36 AM      0.80      5.60      0.20      0.20      4.60      0.00      0.00      0.00      0.00      0.00
01:35:41 AM      1.60      0.00      0.60      0.40      5.00      0.00      0.00      0.00      0.00      0.00
01:35:46 AM   1128.00      0.00      7.20      0.60      7.20      0.00      0.00      0.00      0.00      0.00
01:35:51 AM      0.80      0.00      0.20      0.20      4.20      0.00      0.00      0.00      0.00      0.00
01:35:56 AM      0.00      0.00      0.00      0.00      4.00      0.00      0.00      0.00      0.00      0.00
01:36:01 AM      0.00      0.00      0.00      0.00      1.00      0.00      0.00      0.00      0.00      0.00
01:36:06 AM      0.00    304.00      6.20      0.00    876.60      0.00      0.00      0.00      0.00      0.00
01:36:11 AM      0.00      4.80      0.00      0.00      4.00      0.00      0.00      0.00      0.00      0.00
01:36:16 AM      0.00     24.80      0.00      0.00   1337.40      0.00      0.00      0.00      0.00      0.00
01:36:21 AM     22.40      0.00      0.20      0.20      4.20      0.00      0.00      0.00      0.00      0.00
01:36:26 AM      0.00      0.00      0.00      0.00    823.40      0.00      0.00      0.00      0.00      0.00
01:36:31 AM      0.00      0.00      0.00      0.00      0.40      0.00      0.00      0.00      0.00      0.00
01:36:36 AM      0.00    167.20      0.00      0.00    163.40      0.00      0.00     10.60      0.00      0.00
01:36:41 AM      0.00      0.00      0.00      0.00      3.80      0.00      0.00      0.00      0.00      0.00
01:36:46 AM      0.00      4.80      0.00      0.00    466.00      0.00      0.00      0.00      0.00      0.00
01:36:51 AM      0.00      0.00      0.00      0.00      3.80      0.00      0.00      0.00      0.00      0.00
01:36:56 AM  69891.20 120912.80  40338.00  28632.00  43294.80  51200.40    679.80  41477.20      0.00      0.00
01:37:01 AM 119984.80 113900.80  38422.20  38422.00  38891.60  38604.80      0.00  38617.60      0.00      0.00
01:37:06 AM      0.00      0.00   1715.40   1715.40  12387.60      0.00      0.00      0.00      0.00      0.00
01:37:11 AM      0.00      0.00      0.00      0.00     11.00      0.00      0.00      0.00      0.00      0.00
01:37:16 AM      0.00    104.80      0.00      0.00      5.40      0.00      0.00      0.00      0.00      0.00
01:37:21 AM      0.00      0.00      0.00      0.00      4.00      0.00      0.00      0.00      0.00      0.00
01:37:26 AM      0.00      0.00      0.00      0.00      4.00      0.00      0.00      0.00      0.00      0.00
01:37:31 AM      0.00      0.00      0.00      0.00    821.00      0.00      0.00      0.00      0.00      0.00
01:37:36 AM      0.80      4.80      0.20      0.20   1318.20      0.00      0.00      0.00      0.00      0.00
01:37:41 AM      0.00      0.00      0.00      0.00      3.80      0.00      0.00      0.00      0.00      0.00
01:37:46 AM      0.00      0.00      0.00      0.00    823.20      0.00      0.00      0.00      0.00      0.00
01:37:51 AM 147769.60 126365.60  36942.60  36942.40  35384.60  85177.00   9295.60  32066.20      0.00      0.00
01:37:56 AM 208293.60 182976.00  52068.80  52068.60  53827.20  39282.00   7078.40  45734.00      0.00      0.00
01:38:01 AM 201290.40 169216.80  50322.00  50321.80  50678.40  75748.80  16657.00  48936.00      0.00      0.00
01:38:06 AM  44659.20  47537.60  11158.00  11157.80  12053.40  10396.00   2209.40  11968.20      0.00      0.00
01:38:11 AM 213960.80 221367.20  53593.00  53311.20  60591.00  59847.80   2317.00  57375.80      0.00      0.00
01:38:16 AM  12516.80  52464.00   4852.60   3129.20  13123.40  13120.20      0.00  13107.40      0.00      0.00
01:38:21 AM 273480.00 278032.80  68370.80  68370.00  70926.40  75355.40    486.80  70794.20      0.00      0.00
01:38:26 AM     16.00      0.00      0.40      0.20    176.40      0.00      0.00      0.00      0.00      0.00
01:38:31 AM    668.80      0.00      0.60      0.40  12380.60      0.00      0.00      0.00      0.00      0.00
01:38:36 AM     15.20     36.00      4.20      3.80      5.40      0.00      0.00      0.00      0.00      0.00
01:38:41 AM      2.40      0.00   9650.00   8851.40     26.60      0.00      0.00      0.00      0.00      0.00
01:38:46 AM    624.00    111.20      0.20      0.20      3.80      0.00      0.00      0.00      0.00      0.00
01:38:51 AM      0.80      0.00      0.20      0.20      4.00      0.00      0.00      0.00      0.00      0.00
01:38:56 AM      0.00      0.00      0.00      0.00      3.80      0.00      0.00      0.00      0.00      0.00
01:39:01 AM      0.00      0.00      0.00      0.00    717.40      0.00      0.00      0.00      0.00      0.00
01:39:06 AM   1123.20      0.00    134.40    133.80     19.40      0.00      0.00      0.00      0.00      0.00
01:39:11 AM      0.00      5.60      0.00      0.00    823.00      0.00      0.00      0.00      0.00      0.00
01:39:16 AM      0.00     32.00      0.00      0.00      4.00      0.00      0.00      0.00      0.00      0.00
01:39:21 AM      0.00      0.00      0.00      0.00    823.00      0.00      0.00      0.00      0.00      0.00
01:39:26 AM      0.80      0.00      0.20      0.20      4.00      0.00      0.00      0.00      0.00      0.00
01:39:31 AM      0.00      0.00      0.00      0.00    819.80      0.00      0.00      0.00      0.00      0.00
01:39:36 AM      0.80      0.00      0.40      0.20      4.00      0.00      0.00      0.00      0.00      0.00
01:39:41 AM     40.80    111.20      0.40      0.20    823.00      0.00      0.00      0.00      0.00      0.00
01:39:46 AM    530.40      4.80      0.20      0.20      4.60      0.00      0.00      0.00      0.00      0.00
01:39:51 AM      0.00    394.40      0.20      0.00    912.80      0.00      0.00     89.60      0.00      0.00
01:39:56 AM      0.80      0.00      0.20      0.20      3.80      0.00      0.00      0.00      0.00      0.00
01:40:01 AM      0.00    825.60      0.20      0.00   1654.60      0.00      0.00    197.80      0.00      0.00
01:40:06 AM 147299.80 145700.60  36828.14  36824.95  37638.92  48171.66   3846.91  36468.46      0.00      0.00
01:40:11 AM  52628.00  77768.80  13171.60  13162.20  21163.80  36683.60   6543.40  20153.60      0.00      0.00
01:40:16 AM    624.80     92.00    107.40    107.40     16.60      0.00      0.00      0.00      0.00      0.00
01:40:21 AM   1292.00      0.00      0.60      0.60    823.20      0.00      0.00      0.00      0.00      0.00
01:40:26 AM      0.00      0.00      0.20      0.00      3.80      0.00      0.00      0.00      0.00      0.00
01:40:31 AM      0.00      0.00      0.00      0.00    819.80      0.00      0.00      0.00      0.00      0.00
01:40:36 AM   2005.60      0.00     18.20      8.80      5.20      0.00      0.00      0.00      0.00      0.00
01:40:41 AM    470.40      0.00      4.60      2.40    825.20      0.00      0.00      0.00      0.00      0.00
01:40:46 AM    686.40      4.00     27.60     11.00     17.20      0.00      0.00      0.00      0.00      0.00
01:40:51 AM      0.00      0.00      0.00      0.00    823.60      0.00      0.00      0.00      0.00      0.00
01:40:56 AM      0.00      0.00      0.00      0.00      5.00      0.00      0.00      0.00      0.00      0.00
01:41:01 AM      0.80      0.00      0.20      0.20    820.00      0.00      0.00      0.00      0.00      0.00
01:41:06 AM      9.60    190.40      2.40      2.20      5.80      0.00      0.00      0.00      0.00      0.00
01:41:11 AM      0.00      0.00      0.20      0.00    823.00      0.00      0.00      0.00      0.00      0.00
01:41:16 AM      0.00     19.20      0.00      0.00      3.80      0.00      0.00      0.00      0.00      0.00
01:41:21 AM    276.00      4.00      0.20      0.20    842.80      0.00      0.00      0.00      0.00      0.00
01:41:26 AM      0.00      0.00      0.00      0.00      3.80      0.00      0.00      0.00      0.00      0.00
01:41:31 AM      1.60      0.00      0.40      0.40      1.00      0.00      0.00      0.00      0.00      0.00
01:41:36 AM      0.00    104.80      0.00      0.00   1228.00      0.00      0.00      0.00      0.00      0.00
01:41:41 AM      0.00      0.00      0.00      0.00      4.80      0.00      0.00      0.00      0.00      0.00
01:41:46 AM      0.00      0.00      0.00      0.00    823.00      0.00      0.00      0.00      0.00      0.00
01:41:51 AM      0.00      0.00      0.00      0.00      4.00      0.00      0.00      0.00      0.00      0.00
01:41:56 AM      0.00    823.20      0.00      0.00   1208.00      0.00      0.00    206.20      0.00      0.00
01:42:01 AM      0.00      0.00      0.00      0.00      0.40      0.00      0.00      0.00      0.00      0.00
01:42:06 AM      0.80   2457.60      0.20      0.20   2228.00      0.00      0.00    618.60      0.00      0.00
01:42:11 AM      3.20      0.00      1.00      0.80     10.40      0.00      0.00      0.00      0.00      0.00
01:42:16 AM      0.00    111.20      0.00      0.00      9.60      0.00      0.00      0.00      0.00      0.00
01:42:21 AM      0.00      0.00      0.00      0.00      3.80      0.00      0.00      0.00      0.00      0.00
01:42:26 AM      0.00      0.00      0.00      0.00      4.00      0.00      0.00      0.00      0.00      0.00
01:42:31 AM      0.00      4.00      0.00      0.00      0.60      0.00      0.00      0.00      0.00      0.00
01:42:36 AM      0.00      0.00      0.20      0.00      4.00      0.00      0.00      0.00      0.00      0.00
01:42:41 AM      0.00      0.00      0.00      0.00      3.80      0.00      0.00      0.00      0.00      0.00
01:42:46 AM      0.00      0.00      0.00      0.00      3.80      0.00      0.00      0.00      0.00      0.00
01:42:51 AM      0.00      0.00      0.00      0.00      4.00      0.00      0.00      0.00      0.00      0.00
01:42:56 AM      0.00      0.00      0.00      0.00      3.80      0.00      0.00      0.00      0.00      0.00
01:43:01 AM      0.00    303.20      0.00      0.00      0.60      0.00      0.00      0.00      0.00      0.00
01:43:06 AM     14.40      8.00      6.20      6.00    108.80      0.00      0.00      0.00      0.00      0.00
01:43:11 AM    161.60      0.00    282.60      1.00    214.00      0.00      0.00      0.00      0.00      0.00
01:43:16 AM      0.00    409.60      0.00      0.00    928.00      0.00      0.00    103.00      0.00      0.00
01:43:21 AM      0.00      0.00      0.00      0.00      3.80      0.00      0.00      0.00      0.00      0.00
01:43:26 AM      0.00   2867.20      0.20      0.00   1543.80      0.00      0.00    720.60      0.00      0.00
01:43:31 AM      0.00      0.00      0.00      0.00      0.40      0.00      0.00      0.00      0.00      0.00
01:43:36 AM      0.00    533.60      0.00      0.00   1473.60      0.00      0.00    103.60      0.00      0.00
01:43:41 AM      0.80  45469.60   7859.80     51.60  11453.00  10956.80   2160.20  11448.80      0.00      0.00
01:43:46 AM      0.00      0.00      0.00      0.00      4.00      0.00      0.00      0.00      0.00      0.00
01:43:51 AM      0.00      0.00      0.00      0.00      4.60      0.00      0.00      0.00      0.00      0.00
01:43:56 AM      0.00      0.00      0.00      0.00  12384.40      0.00      0.00      0.00      0.00      0.00
01:44:01 AM      0.00      0.00      0.00      0.00      0.40      0.00      0.00      0.00      0.00      0.00
01:44:06 AM      0.00     32.00      0.00      0.00      3.80      0.00      0.00      0.00      0.00      0.00
01:44:11 AM      0.00    111.20      0.00      0.00      4.00      0.00      0.00      0.00      0.00      0.00
01:44:16 AM      0.00      4.00      0.00      0.00      3.80      0.00      0.00      0.00      0.00      0.00
01:44:21 AM      0.00      0.00      0.00      0.00      4.00      0.00      0.00      0.00      0.00      0.00
01:44:26 AM      0.00      0.00      0.00      0.00      3.80      0.00      0.00      0.00      0.00      0.00
01:44:31 AM      0.00      0.00      0.00      0.00      0.60      0.00      0.00      0.00      0.00      0.00
01:44:36 AM      0.00      0.00      0.00      0.00      4.00      0.00      0.00      0.00      0.00      0.00
01:44:41 AM      0.00     32.00      0.00      0.00    618.40      0.00      0.00      0.00      0.00      0.00
01:44:46 AM      0.00     92.00      0.00      0.00      3.80      0.00      0.00      0.00      0.00      0.00
01:44:51 AM      0.00      4.00      0.00      0.00    823.00      0.00      0.00      0.00      0.00      0.00
01:44:56 AM      0.00      0.00      0.00      0.00      4.00      0.00      0.00      0.00      0.00      0.00
01:45:01 AM      0.00      0.00      0.00      0.00    817.96      0.00      0.00      0.00      0.00      0.00
01:45:06 AM      0.00      0.00      0.00      0.00      4.00      0.00      0.00      0.00      0.00      0.00
01:45:11 AM      0.00      0.00      0.00      0.00    823.80      0.00      0.00      0.00      0.00      0.00
01:45:16 AM      0.00     32.00      0.00      0.00      4.00      0.00      0.00      0.00      0.00      0.00
01:45:21 AM      0.00    111.20      0.00      0.00    823.00      0.00      0.00      0.00      0.00      0.00
01:45:26 AM      0.00      4.80      0.00      0.00      4.00      0.00      0.00      0.00      0.00      0.00
01:45:31 AM      0.00      0.00      0.00      0.00    819.60      0.00      0.00      0.00      0.00      0.00
01:45:36 AM      0.80      0.00      0.20      0.20      4.60      0.00      0.00      0.00      0.00      0.00
01:45:41 AM      0.00      0.00      0.00      0.00    824.00      0.00      0.00      0.00      0.00      0.00
01:45:46 AM    565.60     14.40      7.60      0.60      8.80      0.00      0.00      0.00      0.00      0.00
01:45:51 AM      0.00     64.00      0.00      0.00    823.80      0.00      0.00      0.00      0.00      0.00
01:45:56 AM      0.00    124.00      0.00      0.00      4.00      0.00      0.00      0.00      0.00      0.00
01:46:01 AM      0.00      4.80      0.00      0.00   2053.00      0.00      0.00      0.00      0.00      0.00
01:46:06 AM      1.60      0.00      0.40      0.40      4.20      0.00      0.00      0.00      0.00      0.00
01:46:11 AM      0.80      0.00      0.20      0.20   1646.20      0.00      0.00      0.00      0.00      0.00
01:46:16 AM      0.00     26.40      0.00      0.00      4.00      0.00      0.00      0.00      0.00      0.00
01:46:21 AM      0.00     64.00      0.00      0.00   1647.40      0.00      0.00      0.00      0.00      0.00
01:46:26 AM      0.00    136.80      0.00      0.00      4.00      0.00      0.00      0.00      0.00      0.00
01:46:31 AM      0.00      0.00      0.00      0.00   1585.60      0.00      0.00      0.00      0.00      0.00
01:46:36 AM      0.00      5.60      0.00      0.00      4.00      0.00      0.00      0.00      0.00      0.00
01:46:41 AM      0.00      0.00      0.00      0.00   1704.00      0.00      0.00      0.00      0.00      0.00
01:46:46 AM      0.00      0.00      0.00      0.00      4.00      0.00      0.00      0.00      0.00      0.00
01:46:51 AM      0.00      0.00      0.00      0.00   1349.20      0.00      0.00      0.00      0.00      0.00
01:46:56 AM      0.00      0.00      0.00      0.00      3.80      0.00      0.00      0.00      0.00      0.00
01:47:01 AM    226.40     32.00      0.20      0.20    819.80      0.00      0.00      0.00      0.00      0.00
01:47:06 AM      0.00     92.00      0.00      0.00   1022.80      0.00      0.00      0.00      0.00      0.00
01:47:11 AM     54.40      4.00      1.00      0.80    482.00      0.00      0.00      0.00      0.00      0.00
01:47:16 AM      0.00      0.00      0.00      0.00   1091.00      0.00      0.00      0.00      0.00      0.00
01:47:21 AM      0.00      0.00      0.00      0.00      4.00      0.00      0.00      0.00      0.00      0.00
01:47:26 AM      0.00      0.00      0.00      0.00   1938.40      0.00      0.00      0.00      0.00      0.00
01:47:31 AM      0.00      0.00      0.00      0.00      0.60      0.00      0.00      0.00      0.00      0.00
01:47:36 AM      0.00     32.00      0.00      0.00    823.00      0.00      0.00      0.00      0.00      0.00
01:47:41 AM      0.00    111.20      0.00      0.00      8.80      0.00      0.00      0.00      0.00      0.00
01:47:46 AM      0.00      4.00      0.00      0.00    823.20      0.00      0.00      0.00      0.00      0.00
01:47:51 AM      0.00      0.00      0.00      0.00      3.80      0.00      0.00      0.00      0.00      0.00
01:47:56 AM 350302.40 245222.40 113956.40 113938.60 101750.40  96141.00   1728.00  87719.20      0.00      0.00
01:48:01 AM 623061.60 622227.20 155765.60 155765.40 156341.60 155545.60      0.00 155545.60      0.00      0.00
01:48:06 AM 596526.40 502598.40 173131.40 173131.20 177035.20 193878.00  17092.00 173876.00      0.00      0.00
01:48:11 AM      1.60   6921.60  48292.60  48010.60  47455.20 109414.00  10554.20  47146.20      0.00      0.00
01:48:16 AM 221896.80 237342.40  82651.60  82660.80  83530.00  92916.40    320.00  82800.20      0.00      0.00
01:48:21 AM    564.80  20280.00      0.60      0.60   5073.00   5069.00      0.00   5069.00      0.00      0.00
01:48:26 AM  49366.40  28934.40  72310.40  72309.80  71122.00  70963.20      0.00  70962.80      0.00      0.00
01:48:31 AM      4.00    174.40   9180.00   9180.20  10154.00  10137.60      0.00  10137.60      0.00      0.00
01:48:36 AM 121825.60 121651.20  35054.00  35053.80  30519.80  30412.80      0.00  30412.80      0.00      0.00
01:48:41 AM      0.00      0.00      0.20      0.00      4.20      0.00      0.00      0.00      0.00      0.00
01:48:46 AM  17157.60     51.20   4521.20   4289.40   5191.80   5068.80      0.00   5068.80      0.00      0.00
01:48:51 AM  34738.40  51849.60  16888.80  16888.80  16299.20  15206.40    819.20  16025.60      0.00      0.00
01:48:56 AM  56335.20  63470.40  14083.80  14083.80  17624.60  14924.80    947.80  15859.20      0.00      0.00
01:49:01 AM  42336.00  50705.60  10584.00  10584.00  14867.00  12582.40     89.80  12684.80      0.00      0.00
01:49:06 AM  41301.60  11093.60  10330.00  10330.00  14068.40  19008.80   7323.40  12055.00      0.00      0.00
01:49:11 AM   2647.20      0.00    530.00    530.00    146.80      0.00      0.00      0.00      0.00      0.00
01:49:16 AM    233.60      0.00     51.80     51.60    312.00      0.00      0.00      0.00      0.00      0.00
01:49:21 AM   4354.40      0.00   1041.40   1041.40     24.00      0.00      0.00      0.00      0.00      0.00
01:49:26 AM   3514.40   3519.20   1069.00    878.60  10218.80  32478.00   1279.80  10203.40      0.00      0.00
01:49:31 AM    409.60    445.60    104.60    102.40   1355.00      0.00      0.00    102.40      0.00      0.00
01:49:36 AM      0.80      0.00      0.20      0.20  12381.00      0.00      0.00      0.00      0.00      0.00
01:49:41 AM      0.00      0.00      0.40      0.00    823.20      0.00      0.00      0.00      0.00      0.00
01:49:46 AM      0.00      0.00      0.00      0.00      3.80      0.00      0.00      0.00      0.00      0.00
01:49:51 AM      0.00      0.00      0.00      0.00    824.00      0.00      0.00      0.00      0.00      0.00
01:49:56 AM      0.00    111.20      0.00      0.00      5.40      0.00      0.00      0.00      0.00      0.00
01:50:01 AM      0.00      0.00      0.00      0.00    819.80      0.00      0.00      0.00      0.00      0.00
01:50:06 AM      0.00      4.00      0.00      0.00      3.80      0.00      0.00      0.00      0.00      0.00
01:50:11 AM      0.00      0.00      0.00      0.00    618.40      0.00      0.00      0.00      0.00      0.00
01:50:16 AM      0.00      0.00      0.00      0.00      3.79      0.00      0.00      0.00      0.00      0.00
01:50:21 AM      3.20      0.00      0.40      0.80    108.60      0.00      0.00      0.00      0.00      0.00
01:50:26 AM      0.00      0.00      0.00      0.00     55.00      0.00      0.00      0.00      0.00      0.00
01:50:31 AM      0.00      0.00      0.00      0.00      0.40      0.00      0.00      0.00      0.00      0.00
01:50:36 AM    875.20    207.20      6.80      6.40      8.00      0.00      0.00      0.00      0.00      0.00
01:50:41 AM    995.20      6.40      4.80      2.40      6.40      0.00      0.00      0.00      0.00      0.00
01:50:46 AM    864.80     28.80     16.60      6.60      7.80      0.00      0.00      0.00      0.00      0.00
01:50:51 AM    532.80      0.00      1.00      1.00      5.00      0.00      0.00      0.00      0.00      0.00
01:50:56 AM      0.00      0.00      0.20      0.00      4.20      0.00      0.00      0.00      0.00      0.00
01:51:01 AM      0.00      0.00      0.00      0.00      1.00      0.00      0.00      0.00      0.00      0.00
01:51:06 AM      0.80      0.00      2.80      2.40      6.00      0.00      0.00      0.00      0.00      0.00
01:51:11 AM      0.00    200.80      0.00      0.00      3.80      0.00      0.00      0.00      0.00      0.00
01:51:16 AM      0.00     30.40      0.20      0.00      3.80      0.00      0.00      0.00      0.00      0.00
01:51:21 AM      0.80      0.00      0.20      0.20      4.40      0.00      0.00      0.00      0.00      0.00
01:51:26 AM      0.00      0.00      0.00      0.00      3.80      0.00      0.00      0.00      0.00      0.00
01:51:31 AM      0.00      0.00      0.00      0.00      0.60      0.00      0.00      0.00      0.00      0.00
01:51:36 AM      0.80      0.00      0.20      0.20      3.80      0.00      0.00      0.00      0.00      0.00
01:51:41 AM      0.00     32.00      0.20      0.00      4.00      0.00      0.00      0.00      0.00      0.00
01:51:46 AM      0.00    111.20      0.00      0.00      4.00      0.00      0.00      0.00      0.00      0.00
01:51:51 AM      0.00      4.00      0.00      0.00      4.00      0.00      0.00      0.00      0.00      0.00
01:51:56 AM      0.00      0.00      0.00      0.00      3.80      0.00      0.00      0.00      0.00      0.00
01:52:01 AM      0.00      0.00      0.00      0.00      0.40      0.00      0.00      0.00      0.00      0.00
01:52:06 AM      0.00      0.00      0.00      0.00      4.00      0.00      0.00      0.00      0.00      0.00
01:52:11 AM      4.80      0.00      2.00      1.40     11.40      0.00      0.00      0.00      0.00      0.00
01:52:16 AM    407.20     32.00      0.20      0.20      4.80      0.00      0.00      0.00      0.00      0.00
01:52:21 AM      0.00    111.20      0.20      0.00      3.80      0.00      0.00      0.00      0.00      0.00
01:52:26 AM      0.00      4.80      0.00      0.00      4.00      0.00      0.00      0.00      0.00      0.00
01:52:31 AM      0.00      0.00      0.00      0.00      0.40      0.00      0.00      0.00      0.00      0.00
01:52:36 AM      0.00      0.00      0.00      0.00      4.60      0.00      0.00      0.00      0.00      0.00
01:52:41 AM      0.00      0.00      0.00      0.00      4.00      0.00      0.00      0.00      0.00      0.00
01:52:46 AM      0.00      0.00      0.00      0.00      4.00      0.00      0.00      0.00      0.00      0.00
01:52:51 AM      0.00     38.40      0.00      0.00      4.00      0.00      0.00      0.00      0.00      0.00
01:52:56 AM      0.00     92.00      0.00      0.00      3.80      0.00      0.00      0.00      0.00      0.00
01:53:01 AM      0.00      4.00      0.00      0.00      0.60      0.00      0.00      0.00      0.00      0.00
01:53:06 AM      2.40      0.00      1.20      1.20      3.80      0.00      0.00      0.00      0.00      0.00
01:53:11 AM      0.00      0.00    282.20      0.00    210.20      0.00      0.00      0.00      0.00      0.00
01:53:16 AM      0.00      0.00      0.00      0.00    413.40      0.00      0.00      0.00      0.00      0.00
01:53:21 AM      0.00      0.00      0.00      0.00      3.80      0.00      0.00      0.00      0.00      0.00
01:53:26 AM      0.00     32.00      0.00      0.00    823.20      0.00      0.00      0.00      0.00      0.00
01:53:31 AM      0.00    117.60      0.00      0.00      0.40      0.00      0.00      0.00      0.00      0.00
01:53:36 AM      0.00      4.80      0.00      0.00    823.20      0.00      0.00      0.00      0.00      0.00
01:53:41 AM      0.00      0.00      0.00      0.00      3.80      0.00      0.00      0.00      0.00      0.00
01:53:46 AM      0.00      0.00      0.00      0.00    720.80      0.00      0.00      0.00      0.00      0.00
01:53:51 AM      0.00      0.00    191.40     91.60      4.40      0.00      0.00      0.00      0.00      0.00
01:53:56 AM      0.00      0.00      0.00      0.00    720.80      0.00      0.00      0.00      0.00      0.00
01:54:01 AM      0.00     38.40      0.00      0.00      0.40      0.00      0.00      0.00      0.00      0.00
01:54:06 AM      0.00     92.00      0.20      0.00    720.60      0.00      0.00      0.00      0.00      0.00
01:54:11 AM      0.00      5.60      0.00      0.00      4.00      0.00      0.00      0.00      0.00      0.00
01:54:16 AM      0.00      0.00      0.00      0.00    720.60      0.00      0.00      0.00      0.00      0.00
01:54:21 AM      0.00      0.00      0.00      0.00      4.00      0.00      0.00      0.00      0.00      0.00
01:54:26 AM      0.00      0.00      0.00      0.00    823.00      0.00      0.00      0.00      0.00      0.00
01:54:31 AM      0.80      0.00      0.20      0.20      0.60      0.00      0.00      0.00      0.00      0.00
01:54:36 AM      0.00     32.00      0.00      0.00    823.00      0.00      0.00      0.00      0.00      0.00
01:54:41 AM      0.00    117.60      0.00      0.00      4.00      0.00      0.00      0.00      0.00      0.00
01:54:46 AM  42976.80  42977.60  17679.00  10743.40  14551.80  18062.60      0.00  13785.60      0.00      0.00
01:54:51 AM      0.80      0.00      0.00      0.00      4.00      0.00      0.00      0.00      0.00      0.00
01:54:56 AM      0.00      0.00      0.40      0.00  13472.40      0.00      0.00      0.00      0.00      0.00
01:55:01 AM      0.00      0.00      0.00      0.00      0.40      0.00      0.00      0.00      0.00      0.00
01:55:06 AM      0.00      0.00      0.00      0.00    823.20      0.00      0.00      0.00      0.00      0.00
01:55:11 AM      0.00     38.40      0.00      0.00      3.80      0.00      0.00      0.00      0.00      0.00
01:55:16 AM      0.00     91.82      0.00      0.00    821.56      0.00      0.00      0.00      0.00      0.00
01:55:21 AM      0.00      4.80      0.00      0.00      4.60      0.00      0.00      0.00      0.00      0.00
01:55:26 AM      0.00      0.00      0.00      0.00    823.00      0.00      0.00      0.00      0.00      0.00
01:55:31 AM      0.00      0.00      0.00      0.00      0.60      0.00      0.00      0.00      0.00      0.00
01:55:36 AM      0.00      0.00      0.00      0.00    823.60      0.00      0.00      0.00      0.00      0.00
01:55:41 AM      1.60      0.00      0.40      0.40      4.80      0.00      0.00      0.00      0.00      0.00
01:55:46 AM    462.40    106.40      9.40      0.80    824.20      0.00      0.00      0.00      0.00      0.00
01:55:51 AM      0.00    157.60      6.60      0.00      5.20      0.00      0.00      0.00      0.00      0.00
01:55:56 AM      0.00      5.60      0.00      0.00    823.40      0.00      0.00      0.00      0.00      0.00
01:56:01 AM      0.00      0.00      0.00      0.00      1.00      0.00      0.00      0.00      0.00      0.00
01:56:06 AM      0.00      0.00      0.00      0.00    823.40      0.00      0.00      0.00      0.00      0.00
01:56:11 AM      0.00      0.00      0.00      0.00      3.80      0.00      0.00      0.00      0.00      0.00
01:56:16 AM      0.00     96.00      0.00      0.00    823.20      0.00      0.00      0.00      0.00      0.00
01:56:21 AM      0.00    124.00      0.00      0.00      4.20      0.00      0.00      0.00      0.00      0.00
01:56:26 AM      0.00      0.00      0.00      0.00    823.20      0.00      0.00      0.00      0.00      0.00
01:56:31 AM      0.00      4.00      0.00      0.00      0.40      0.00      0.00      0.00      0.00      0.00
01:56:36 AM      0.00      0.00      0.00      0.00      4.00      0.00      0.00      0.00      0.00      0.00
01:56:41 AM      0.00      0.00      0.00      0.00   2367.80      0.00      0.00      0.00      0.00      0.00
01:56:46 AM      0.00      0.00      0.00      0.00      4.00      0.00      0.00      0.00      0.00      0.00
01:56:51 AM      0.00     32.00      0.00      0.00   1743.60      0.00      0.00      0.00      0.00      0.00
01:56:56 AM      0.00      0.00      0.00      0.00      3.80      0.00      0.00      0.00      0.00      0.00
01:57:01 AM      0.00    117.60      0.00      0.00    900.40      0.00      0.00      0.00      0.00      0.00
01:57:06 AM      0.00      4.00      0.00      0.00      3.80      0.00      0.00      0.00      0.00      0.00
01:57:11 AM      0.00      0.00      0.00      0.00    834.20      0.00      0.00      0.00      0.00      0.00
01:57:16 AM      0.00      0.00      0.00      0.00      3.80      0.00      0.00      0.00      0.00      0.00
01:57:21 AM      0.00      0.00      0.00      0.00    932.60      0.00      0.00      0.00      0.00      0.00
01:57:26 AM      0.00      0.00      0.00      0.00      4.60      0.00      0.00      0.00      0.00      0.00
01:57:31 AM      0.00     38.40      0.00      0.00    861.60      0.00      0.00      0.00      0.00      0.00
01:57:36 AM      0.00     92.00      0.00      0.00      7.00      0.00      0.00      0.00      0.00      0.00
01:57:41 AM      0.00      5.60      0.00      0.00    860.40      0.00      0.00      0.00      0.00      0.00
01:57:46 AM      0.00      0.00      0.00      0.00      4.00      0.00      0.00      0.00      0.00      0.00
01:57:51 AM      0.00      0.00      0.00      0.00    910.40      0.00      0.00      0.00      0.00      0.00
01:57:56 AM    212.00  10372.00  19683.80  19544.60   4184.20   3405.80    768.00   4134.40      0.00      0.00
01:58:01 AM 240212.80 329160.80  81579.20  81198.00  85668.60  92313.60  36059.60  84547.00      0.00      0.00
01:58:06 AM 289458.40 290988.80  72363.40  72363.40  76821.80  65912.80  17832.00  72822.20      0.00      0.00
01:58:11 AM 353824.00 335015.20  88463.60  88182.00  93824.60 185741.00  32879.40  87969.00      0.00      0.00
01:58:16 AM  77165.60  63697.60  19286.40  19284.00  18610.80  18508.80      0.00  16350.80      0.00      0.00
01:58:21 AM   4592.00   9228.80    781.00    780.00   2768.60   5811.20      0.00   2678.80      0.00      0.00
01:58:26 AM    707.20      0.00      1.60      0.60      3.80      0.00      0.00      0.00      0.00      0.00
01:58:31 AM      0.00      0.00      0.00      0.00      0.60      0.00      0.00      0.00      0.00      0.00
01:58:36 AM   2095.20      0.00      1.80      1.00      5.60      0.00      0.00      0.00      0.00      0.00
01:58:41 AM      0.80      0.00      0.20      0.20      4.00      0.00      0.00      0.00      0.00      0.00
01:58:46 AM   5208.00  98184.00   6589.60   6453.00  26998.00  19814.80   9901.80  25838.20      0.00      0.00
01:58:51 AM 138852.00  67788.80  34858.80  34713.00  35427.00  19110.40      0.00  16922.60      0.00      0.00
01:58:56 AM 261277.60 240021.60  65318.60  65318.60  66504.00  96316.00   4370.60  66127.80      0.00      0.00
01:59:01 AM  10657.60      0.00   2664.20   2664.20      5.40      0.00      0.00      0.00      0.00      0.00
01:59:06 AM    205.60  27552.80  16961.00  16951.40  20565.60  20269.20     38.40  18940.40      0.00      0.00
01:59:11 AM      2.40      0.00    413.20    413.00      4.60      0.00      0.00      0.00      0.00      0.00
01:59:16 AM    131.20      0.00      0.20      0.20    722.40      0.00      0.00      0.00      0.00      0.00
01:59:21 AM      0.80      0.00      0.20      0.20      3.80      0.00      0.00      0.00      0.00      0.00
01:59:26 AM     10.40    206.40      0.20      0.20    461.20      0.00      0.00     13.20      0.00      0.00
01:59:31 AM      7.20      0.00      0.40      0.20      0.40      0.00      0.00      0.00      0.00      0.00
01:59:36 AM      0.80      0.00      0.20      0.20    848.80      0.00      0.00      0.00      0.00      0.00
01:59:41 AM      0.80      0.00      0.20      0.20      3.79      0.00      0.00      0.00      0.00      0.00
01:59:46 AM      0.00      0.00      0.20      0.00      3.80      0.00      0.00      0.00      0.00      0.00
01:59:51 AM      0.00      0.00      0.00      0.00      4.00      0.00      0.00      0.00      0.00      0.00
01:59:56 AM      0.00      0.00      0.00      0.00      4.00      0.00      0.00      0.00      0.00      0.00
02:00:01 AM      0.00      4.00      0.00      0.00      0.60      0.00      0.00      0.00      0.00      0.00
02:00:06 AM      0.80      0.00      0.20      0.20      3.80      0.00      0.00      0.00      0.00      0.00
02:00:11 AM      0.00      0.00      0.20      0.00      4.00      0.00      0.00      0.00      0.00      0.00
02:00:16 AM    184.00      0.00      0.20      0.20      4.60      0.00      0.00      0.00      0.00      0.00
02:00:21 AM      0.00      0.00      0.00      0.00      4.00      0.00      0.00      0.00      0.00      0.00
02:00:26 AM 108028.00 156812.00  38439.60  27006.40  41338.80  40052.20    294.40  39572.00      0.00      0.00
02:00:31 AM    224.00    111.20      0.20      0.20      2.80      0.00      0.00      0.00      0.00      0.00
02:00:36 AM    225.60      0.00     11.60      2.80  13619.20      0.00      0.00      0.00      0.00      0.00
02:00:41 AM    582.40      0.00      4.00      2.00      4.60      0.00      0.00      0.00      0.00      0.00
02:00:46 AM    136.80      0.00     18.80      4.40    825.40      0.00      0.00      0.00      0.00      0.00
02:00:51 AM      0.00     53.60      0.20      0.00      5.00      0.00      0.00      0.00      0.00      0.00
02:00:56 AM      0.00     46.40      6.40      0.00    619.40      0.00      0.00      0.00      0.00      0.00
02:01:01 AM      0.00      5.60      0.00      0.00      1.00      0.00      0.00      0.00      0.00      0.00
02:01:06 AM      0.00      0.00      1.20      1.20   1476.00      0.00      0.00      0.00      0.00      0.00
02:01:11 AM      0.00      0.00      0.00      0.00   2301.40      0.00      0.00      0.00      0.00      0.00
02:01:16 AM      3.20    161.60      0.00      0.00   1251.60      0.00      0.00      0.00      0.00      0.00
02:01:21 AM      0.00      0.00      0.00      0.00      4.00      0.00      0.00      0.00      0.00      0.00
02:01:26 AM      0.00      0.00      0.00      0.00    823.40      0.00      0.00      0.00      0.00      0.00
02:01:31 AM      0.00      0.00      0.00      0.00      0.60      0.00      0.00      0.00      0.00      0.00
02:01:36 AM      1.60      5.60      0.40      0.40    823.00      0.00      0.00      0.00      0.00      0.00
02:01:41 AM      0.00      0.00      0.00      0.00      4.00      0.00      0.00      0.00      0.00      0.00
02:01:46 AM    468.80      0.00    230.00    108.60    935.20      0.00      0.00      0.00      0.00      0.00
02:01:51 AM      0.00      0.00      0.20      0.00   1613.00      0.00      0.00      0.00      0.00      0.00
02:01:56 AM      0.00      0.00      0.20      0.00    413.60      0.00      0.00      0.00      0.00      0.00
02:02:01 AM    128.80      0.00      0.20      0.20    390.60      0.00      0.00      0.00      0.00      0.00
02:02:06 AM      0.00    149.60      0.20      0.00    823.20      0.00      0.00      0.00      0.00      0.00
02:02:11 AM      4.00      4.00      0.20      0.20    475.60      0.00      0.00      0.00      0.00      0.00
02:02:16 AM      0.00      0.00      0.00      0.00      4.00      0.00      0.00      0.00      0.00      0.00
02:02:21 AM      1.60      0.00      1.20      0.40   1487.60      0.00      0.00      0.00      0.00      0.00
02:02:26 AM      0.00      0.00      0.20      0.00      4.80      0.00      0.00      0.00      0.00      0.00
02:02:31 AM      0.00      0.00      0.00      0.00    989.60      0.00      0.00      0.00      0.00      0.00
02:02:36 AM      0.00     38.40      0.00      0.00      3.80      0.00      0.00      0.00      0.00      0.00
02:02:41 AM      0.00     92.00      0.00      0.00   1051.00      0.00      0.00      0.00      0.00      0.00
02:02:46 AM      0.00      4.80      0.00      0.00      3.80      0.00      0.00      0.00      0.00      0.00
02:02:51 AM      0.00      0.00      0.00      0.00    912.60      0.00      0.00      0.00      0.00      0.00
02:02:56 AM      0.00      0.00      0.00      0.00      3.80      0.00      0.00      0.00      0.00      0.00
02:03:01 AM      0.00      0.00      0.00      0.00    310.20      0.00      0.00      0.00      0.00      0.00
02:03:06 AM    262.40      0.00      2.40      1.20     14.40      0.00      0.00      0.00      0.00      0.00
02:03:11 AM      0.00     32.00      0.00      0.00    311.20      0.00      0.00      0.00      0.00      0.00
02:03:16 AM    444.80    117.60    283.20      2.60    257.00      0.00      0.00      0.00      0.00      0.00
02:03:21 AM      0.00      4.00      0.00      0.00    515.80      0.00      0.00      0.00      0.00      0.00
02:03:26 AM      0.00      0.00      0.00      0.00      4.00      0.00      0.00      0.00      0.00      0.00
02:03:31 AM      0.00      0.00      0.00      0.00   2220.40      0.00      0.00      0.00      0.00      0.00
02:03:36 AM      0.00      0.00      0.00      0.00      4.00      0.00      0.00      0.00      0.00      0.00
02:03:41 AM      0.00      0.00      0.20      0.00   5112.00      0.00      0.00      0.00      0.00      0.00
02:03:46 AM      0.00     38.40      0.00      0.00      4.00      0.00      0.00      0.00      0.00      0.00
02:03:51 AM      0.00     92.00      0.00      0.00    519.80      0.00      0.00      0.00      0.00      0.00
02:03:56 AM      7.20      4.80    126.80    103.20      4.80      0.00      0.00      0.00      0.00      0.00
02:04:01 AM      0.00      0.00      0.00      0.00    819.80      0.00      0.00      0.00      0.00      0.00
02:04:06 AM      0.00      0.00      0.00      0.00      3.80      0.00      0.00      0.00      0.00      0.00
02:04:11 AM      0.00      0.00      0.00      0.00    823.20      0.00      0.00      0.00      0.00      0.00
02:04:16 AM      0.00      0.00      0.00      0.00      3.80      0.00      0.00      0.00      0.00      0.00
02:04:21 AM      0.00     31.94      0.00      0.00   1413.37      0.00      0.00      0.00      0.00      0.00
02:04:26 AM      0.00    117.60      0.00      0.00      5.40      0.00      0.00      0.00      0.00      0.00
02:04:31 AM      0.00      4.80      0.00      0.00   1206.80      0.00      0.00      0.00      0.00      0.00
02:04:36 AM      0.00      0.00      0.00      0.00      3.80      0.00      0.00      0.00      0.00      0.00
02:04:41 AM      0.00      0.00      0.00      0.00   1475.20      0.00      0.00      0.00      0.00      0.00
02:04:46 AM      0.00      0.00      0.20      0.00      4.00      0.00      0.00      0.00      0.00      0.00
02:04:51 AM      0.00      0.00      0.00      0.00   1267.40      0.00      0.00      0.00      0.00      0.00
02:04:56 AM      0.00     38.40      0.00      0.00      4.00      0.00      0.00      0.00      0.00      0.00
02:05:01 AM      0.00     92.00      0.60      0.00   1614.80      0.00      0.00      0.00      0.00      0.00
02:05:06 AM      0.00      5.60      0.00      0.00      4.20      0.00      0.00      0.00      0.00      0.00
02:05:11 AM      0.00      0.00      0.20      0.00   1668.60      0.00      0.00      0.00      0.00      0.00
02:05:16 AM      0.00      0.00      0.00      0.00      4.00      0.00      0.00      0.00      0.00      0.00
02:05:21 AM      0.00      0.00      0.20      0.00   1650.40      0.00      0.00      0.00      0.00      0.00
02:05:26 AM      0.00      0.00      0.00      0.00    334.40      0.00      0.00      0.00      0.00      0.00
02:05:31 AM      0.00     32.00      0.00      0.00   1387.80      0.00      0.00      0.00      0.00      0.00
02:05:36 AM      0.00    117.60      0.00      0.00      5.20      0.00      0.00      0.00      0.00      0.00
02:05:41 AM      0.80      4.00      0.20      0.20   1632.20      0.00      0.00      0.00      0.00      0.00
02:05:46 AM  19777.60  20085.60  17098.60   4944.40   5096.40   5099.60      0.00   5078.80      0.00      0.00
02:05:51 AM      0.00      0.00      0.00      0.00      4.40      0.00      0.00      0.00      0.00      0.00
02:05:56 AM    412.80    450.40    109.00    102.40   1172.60      0.00      0.00    103.00      0.00      0.00
02:06:01 AM      0.00      0.00      0.00      0.00  12384.80      0.00      0.00      0.00      0.00      0.00
02:06:06 AM      0.00     70.40      0.40      0.00   1536.80      0.00      0.00      0.00      0.00      0.00
02:06:11 AM      0.00    117.60      0.00      0.00      8.00      0.00      0.00      0.00      0.00      0.00
02:06:16 AM      0.00     29.60      0.00      0.00   1661.60      0.00      0.00      0.00      0.00      0.00
02:06:21 AM      0.00      0.00      0.00      0.00      3.80      0.00      0.00      0.00      0.00      0.00
02:06:26 AM      0.00      0.00      0.00      0.00   1586.60      0.00      0.00      0.00      0.00      0.00
02:06:31 AM      0.00      0.00      0.00      0.00     44.80      0.00      0.00      0.00      0.00      0.00
02:06:36 AM      0.00     32.00      0.00      0.00   1625.60      0.00      0.00      0.00      0.00      0.00
02:06:41 AM      0.00      0.00      0.00      0.00      3.80      0.00      0.00      0.00      0.00      0.00
02:06:46 AM      0.00    130.40      0.00      0.00   1615.20      0.00      0.00      0.00      0.00      0.00
02:06:51 AM      0.80      4.00      0.40      0.20      3.80      0.00      0.00      0.00      0.00      0.00
02:06:56 AM      0.00      0.00      0.00      0.00   1605.60      0.00      0.00      0.00      0.00      0.00
02:07:01 AM      0.00      0.00      0.00      0.00     16.60      0.00      0.00      0.00      0.00      0.00
02:07:06 AM      0.00      0.00      0.00      0.00   1532.00      0.00      0.00      0.00      0.00      0.00
02:07:11 AM      0.00      0.00      0.00      0.00     10.60      0.00      0.00      0.00      0.00      0.00
02:07:16 AM      0.00     38.40      0.00      0.00   1607.20      0.00      0.00      0.00      0.00      0.00
02:07:21 AM      0.00     92.00      0.00      0.00      4.00      0.00      0.00      0.00      0.00      0.00
02:07:26 AM      0.00      4.80      0.00      0.00   1357.20      0.00      0.00      0.00      0.00      0.00
02:07:31 AM      0.00      0.00      0.00      0.00      4.00      0.00      0.00      0.00      0.00      0.00
02:07:36 AM      0.00    394.40      0.00      0.00   1307.00      0.00      0.00     90.20      0.00      0.00
02:07:41 AM    358.40      0.00     89.60     89.60      7.00      0.00      0.00      0.00      0.00      0.00
02:07:46 AM      0.00      0.00      0.00      0.00    989.60      0.00      0.00      0.00      0.00      0.00
02:07:51 AM      0.00      0.00      0.20      0.00      3.80      0.00      0.00      0.00      0.00      0.00
02:07:56 AM      0.00    117.60      0.00      0.00   1600.80      0.00      0.00      0.00      0.00      0.00
02:08:01 AM  50449.60      0.00  12612.60  12612.40     27.40      0.00      0.00      0.00      0.00      0.00
02:08:06 AM 143830.40 189482.40  36244.20  35957.80  50441.80  42176.40  15416.20  47684.20      0.00      0.00
02:08:11 AM 127428.00 136174.40  31857.00  31856.60  42737.80  29580.80   4766.20  34174.40      0.00      0.00
02:08:16 AM 429895.20 367335.20 107701.20 107416.20 108524.80 210261.80  30804.80  92650.40      0.00      0.00
02:08:21 AM   4848.00  20138.40    510.60    505.80   5045.00   9456.20      0.00   5040.20      0.00      0.00
02:08:26 AM 116696.00 125906.40  51385.00  51384.40  55532.00  56537.60   5773.20  55413.40      0.00      0.00
02:08:31 AM  12542.40  14914.40   4857.40   4857.40   3776.60   5651.80      0.00   3731.80      0.00      0.00
02:08:36 AM      4.00    149.60      1.00      1.00      6.40      0.00      0.00      0.00      0.00      0.00
02:08:41 AM      0.00      6.40      0.00      0.00      4.00      0.00      0.00      0.00      0.00      0.00
02:08:46 AM      0.00      0.00      0.00      0.00      3.80      0.00      0.00      0.00      0.00      0.00
02:08:51 AM      0.00      0.00      0.80      0.00      4.00      0.00      0.00      0.00      0.00      0.00
02:08:56 AM  65053.60   8692.80  23163.40  22881.60  22307.20  21435.60    524.80  20020.60      0.00      0.00
02:09:01 AM 189212.00 248051.20  70584.60  70584.20  74223.60  76371.60   4092.00  74078.80      0.00      0.00
02:09:06 AM   1490.40  20283.20     92.80     85.40   5083.20   5184.00      0.00   5070.80      0.00      0.00
02:09:11 AM      0.00     98.40      0.00      0.00    311.20      0.00      0.00      0.00      0.00      0.00
02:09:16 AM    522.95      0.00      0.40      0.20      3.99      0.00      0.00      0.00      0.00      0.00
02:09:21 AM      0.00      0.00      0.00      0.00    906.20      0.00      0.00      0.00      0.00      0.00
02:09:26 AM      0.00      0.00      0.00      0.00      4.00      0.00      0.00      0.00      0.00      0.00
02:09:31 AM      0.00      4.00      0.00      0.00   2266.80      0.00      0.00      0.00      0.00      0.00
02:09:36 AM      0.00      0.00      0.00      0.00      0.60      0.00      0.00      0.00      0.00      0.00
02:09:41 AM      0.00      0.00      0.00      0.00    823.00      0.00      0.00      0.00      0.00      0.00
02:09:46 AM      0.00      0.00      0.00      0.00      3.80      0.00      0.00      0.00      0.00      0.00
02:09:51 AM      0.80      0.00      0.40      0.20   1366.20      0.00      0.00      0.00      0.00      0.00
02:09:56 AM      0.00      0.00      0.00      0.00      3.80      0.00      0.00      0.00      0.00      0.00
02:10:01 AM      0.00    149.60      0.00      0.00   1535.60      0.00      0.00      0.00      0.00      0.00
02:10:06 AM      0.80      4.00      0.20      0.20    822.00      0.00      0.00      0.00      0.00      0.00
02:10:11 AM      0.00    716.80      0.20      0.00   2053.60      0.00      0.00    180.40      0.00      0.00
02:10:16 AM      0.00      0.00      0.20      0.00      3.80      0.00      0.00      0.00      0.00      0.00
02:10:21 AM      0.00   2508.80      0.00      0.00   1348.20      0.00      0.00    627.40      0.00      0.00
02:10:26 AM      0.00      0.00      0.00      0.00      3.80      0.00      0.00      0.00      0.00      0.00
02:10:31 AM      0.00    390.40      0.20      0.00     93.40      0.00      0.00     89.60      0.00      0.00
02:10:36 AM    344.80     98.40      9.40      5.00      4.40      0.00      0.00      0.00      0.00      0.00
02:10:41 AM    475.20      4.80      2.60      1.00      4.60      0.00      0.00      0.00      0.00      0.00
02:10:46 AM    447.20      0.00     17.00      4.60    762.20      0.00      0.00      0.00      0.00      0.00
02:10:51 AM  22500.00  15460.00   6930.40   6736.60   5976.80   5529.60      0.00   5017.60      0.00      0.00
02:10:56 AM      0.00     44.00      7.00      0.20      8.60      0.00      0.00      0.00      0.00      0.00
02:11:01 AM      0.00      0.00      0.00      0.00      4.20      0.00      0.00      0.00      0.00      0.00
02:11:06 AM      3.20     70.40      4.00      3.20      1.00      0.00      0.00      0.00      0.00      0.00
02:11:11 AM      0.00    136.80      0.00      0.00      8.20      0.00      0.00      0.00      0.00      0.00
02:11:16 AM     45.60     29.60      0.20      0.20      4.60      0.00      0.00      0.00      0.00      0.00
02:11:21 AM      0.00      0.00      0.00      0.00      4.00      0.00      0.00      0.00      0.00      0.00
02:11:26 AM  23906.40  92600.80  17205.20   5975.80  26225.00  27314.80   2933.60  25207.00      0.00      0.00
02:11:31 AM      0.80      0.00      0.00      0.00      4.00      0.00      0.00      0.00      0.00      0.00
02:11:36 AM      0.00    394.40      0.00      0.00  12470.40      0.00      0.00     89.60      0.00      0.00
02:11:41 AM    104.80      0.00      0.20      0.20      4.80      0.00      0.00      0.00      0.00      0.00
02:11:46 AM      3.20    117.60      0.00      0.00    824.60      0.00      0.00      0.00      0.00      0.00
02:11:51 AM   1415.20      0.00      0.40      0.40      3.80      0.00      0.00      0.00      0.00      0.00
02:11:56 AM      0.00      0.00      0.20      0.00   2973.00      0.00      0.00      0.00      0.00      0.00
02:12:01 AM      0.00      0.00      0.00      0.00      5.80      0.00      0.00      0.00      0.00      0.00
02:12:06 AM      0.00      0.00      0.00      0.00    819.80      0.00      0.00      0.00      0.00      0.00
02:12:11 AM   1037.60      4.00      1.60      1.00     11.60      0.00      0.00      0.00      0.00      0.00
02:12:16 AM      0.00      0.00      0.20      0.00    721.00      0.00      0.00      0.00      0.00      0.00
02:12:21 AM      0.00      0.00      0.00      0.00      3.80      0.00      0.00      0.00      0.00      0.00
02:12:26 AM      0.00      0.00      0.00      0.00   1508.80      0.00      0.00      0.00      0.00      0.00
02:12:31 AM      0.00      0.00      0.00      0.00   1960.60      0.00      0.00      0.00      0.00      0.00
02:12:36 AM      0.00    117.60      0.00      0.00   1545.60      0.00      0.00      0.00      0.00      0.00
02:12:41 AM      0.00      0.00      0.00      0.00      4.00      0.00      0.00      0.00      0.00      0.00
02:12:46 AM      0.00      5.60      0.20      0.00    619.00      0.00      0.00      0.00      0.00      0.00
02:12:51 AM    529.60      0.00      0.20      0.20      4.80      0.00      0.00      0.00      0.00      0.00
02:12:56 AM      0.00      0.00      0.00      0.00    515.80      0.00      0.00      0.00      0.00      0.00
02:13:01 AM      0.00      0.00      0.00      0.00      4.00      0.00      0.00      0.00      0.00      0.00
02:13:06 AM      0.80      0.00      1.80      1.60   2456.20      0.00      0.00      0.00      0.00      0.00
02:13:11 AM      0.00      0.00      0.00      0.00      6.40      0.00      0.00      0.00      0.00      0.00
02:13:16 AM   1251.20    149.60    286.00      4.80    806.40      0.00      0.00      0.00      0.00      0.00
02:13:21 AM      0.00      4.80      0.00      0.00      3.80      0.00      0.00      0.00      0.00      0.00
02:13:26 AM      0.00      0.00      0.20      0.00    823.20      0.00      0.00      0.00      0.00      0.00
02:13:31 AM      0.00      0.00      0.00      0.00      3.80      0.00      0.00      0.00      0.00      0.00
02:13:36 AM      0.00      0.00      0.00      0.00    717.40      0.00      0.00      0.00      0.00      0.00
02:13:41 AM      0.00      0.00      0.00      0.00   1916.00      0.00      0.00      0.00      0.00      0.00
02:13:46 AM      0.00     38.40      0.00      0.00    720.80      0.00      0.00      0.00      0.00      0.00
02:13:51 AM     25.60     92.00     15.40      6.40      3.80      0.00      0.00      0.00      0.00      0.00
02:13:56 AM      3.19      4.79     18.96      0.80    719.36      0.00      0.00      0.00      0.00      0.00
02:14:01 AM      0.00      0.00      0.00      0.00      4.60      0.00      0.00      0.00      0.00      0.00
02:14:06 AM      0.00      0.00      0.00      0.00   1222.80      0.00      0.00      0.00      0.00      0.00
02:14:11 AM      0.00      0.00      0.00      0.00      4.00      0.00      0.00      0.00      0.00      0.00
02:14:16 AM      0.00      0.00      0.00      0.00   3583.20      0.00      0.00      0.00      0.00      0.00
02:14:21 AM      0.00     32.00      0.00      0.00      4.00      0.00      0.00      0.00      0.00      0.00
02:14:26 AM      0.00    117.60      0.00      0.00    827.80      0.00      0.00      0.00      0.00      0.00
02:14:31 AM      0.00      4.00      0.00      0.00      4.00      0.00      0.00      0.00      0.00      0.00
02:14:36 AM      0.00      0.00      0.00      0.00    819.60      0.00      0.00      0.00      0.00      0.00
02:14:41 AM      0.00      0.00      0.00      0.00      3.80      0.00      0.00      0.00      0.00      0.00
02:14:46 AM      0.00      0.00      0.20      0.00   1076.00      0.00      0.00      0.00      0.00      0.00
02:14:51 AM      0.00      0.00      0.00      0.00   1888.80      0.00      0.00      0.00      0.00      0.00
02:14:56 AM      0.00     38.40      0.00      0.00    823.20      0.00      0.00      0.00      0.00      0.00
02:15:01 AM      0.00     92.00      0.00      0.00    843.60      0.00      0.00      0.00      0.00      0.00
02:15:06 AM      0.00      4.00      0.00      0.00      0.60      0.00      0.00      0.00      0.00      0.00
02:15:11 AM      0.00      0.00      0.00      0.00   1723.00      0.00      0.00      0.00      0.00      0.00
02:15:16 AM      0.00      0.00      0.00      0.00      4.00      0.00      0.00      0.00      0.00      0.00
02:15:21 AM      0.00      0.00      0.00      0.00   1704.60      0.00      0.00      0.00      0.00      0.00
02:15:26 AM      0.00      0.00      0.00      0.00      3.80      0.00      0.00      0.00      0.00      0.00
02:15:31 AM      0.00     32.00      0.00      0.00    823.20      0.00      0.00      0.00      0.00      0.00
02:15:36 AM      0.00    117.60      0.00      0.00      1.00      0.00      0.00      0.00      0.00      0.00
02:15:41 AM   1857.60      4.80      3.20      1.00    824.00      0.00      0.00      0.00      0.00      0.00
02:15:46 AM    332.00      0.00     10.80      0.80      7.40      0.00      0.00      0.00      0.00      0.00
02:15:51 AM      0.00      0.00      0.00      0.00   3806.40      0.00      0.00      0.00      0.00      0.00
02:15:56 AM      0.00     53.60      0.20      0.00      4.80      0.00      0.00      0.00      0.00      0.00
02:16:01 AM      0.00      0.00      0.00      0.00   1774.40      0.00      0.00      0.00      0.00      0.00
02:16:06 AM      0.80     84.80      7.20      0.20      0.80      0.00      0.00      0.00      0.00      0.00
02:16:11 AM      0.00    124.00      0.00      0.00    826.20      0.00      0.00      0.00      0.00      0.00
02:16:16 AM      0.00     31.20      0.00      0.00      4.00      0.00      0.00      0.00      0.00      0.00
02:16:21 AM      0.00      0.00      0.00      0.00    823.20      0.00      0.00      0.00      0.00      0.00
02:16:26 AM      0.00      0.00      0.00      0.00      4.40      0.00      0.00      0.00      0.00      0.00
02:16:31 AM      0.00      0.00      0.00      0.00   1188.20      0.00      0.00      0.00      0.00      0.00
02:16:36 AM      0.00     32.00      0.00      0.00      3.80      0.00      0.00      0.00      0.00      0.00
02:16:41 AM      0.00      0.00      0.00      0.00    823.00      0.00      0.00      0.00      0.00      0.00
02:16:46 AM      0.00  18502.40  11432.40      0.00   4600.20   5320.00      0.00   4594.60      0.00      0.00
02:16:51 AM      1.60      4.80      1.20      0.40   1653.80      0.00      0.00      0.00      0.00      0.00
02:16:56 AM      0.00      0.00      0.00      0.00  12384.20      0.00      0.00      0.00      0.00      0.00
02:17:01 AM      0.00      0.00      0.00      0.00    823.20      0.00      0.00      0.00      0.00      0.00
02:17:06 AM      2.40      0.00      0.60      0.60   1650.60      0.00      0.00      0.00      0.00      0.00
02:17:11 AM      0.80      0.00      0.20      0.20    829.80      0.00      0.00      0.00      0.00      0.00
02:17:16 AM      0.00     38.40      0.00      0.00      3.80      0.00      0.00      0.00      0.00      0.00
02:17:21 AM      0.00     92.00      0.00      0.00    823.40      0.00      0.00      0.00      0.00      0.00
02:17:26 AM    137.60      4.00     40.60     23.40      5.80      0.00      0.00      0.00      0.00      0.00
Average:      8066.67   8218.84   2409.30   2312.15   2969.21   2875.71    320.14   2249.00      0.00      0.00
