Linux 7.0.9-arch2-1 (archlinux) 	05/25/2026 	_x86_64_	(4 CPU)

08:19:15 AM  %smem-10  %smem-60 %smem-300     %smem  %fmem-10  %fmem-60 %fmem-300     %fmem
08:19:20 AM      0.00      0.00      0.00      0.00      0.00      0.00      0.00      0.00
08:19:25 AM      0.00      0.00      0.00      0.00      0.00      0.00      0.00      0.00
08:19:30 AM      0.00      0.00      0.00      0.00      0.00      0.00      0.00      0.00
08:19:35 AM      0.00      0.00      0.00      0.00      0.00      0.00      0.00      0.00
08:19:40 AM      0.00      0.00      0.00      0.00      0.00      0.00      0.00      0.00
08:19:45 AM      0.00      0.00      0.00      0.00      0.00      0.00      0.00      0.00
08:19:50 AM      0.00      0.00      0.00      0.00      0.00      0.00      0.00      0.00
08:19:55 AM      0.00      0.00      0.00      0.00      0.00      0.00      0.00      0.00
08:20:00 AM      0.00      0.00      0.00      0.00      0.00      0.00      0.00      0.00
08:20:05 AM      0.00      0.00      0.00      0.00      0.00      0.00      0.00      0.00
08:20:10 AM      0.00      0.00      0.00      0.00      0.00      0.00      0.00      0.00
08:20:15 AM      0.00      0.00      0.00      0.00      0.00      0.00      0.00      0.00
08:20:20 AM      0.00      0.00      0.00      0.00      0.00      0.00      0.00      0.00
08:20:25 AM      0.00      0.00      0.00      0.00      0.00      0.00      0.00      0.00
08:20:30 AM      0.00      0.00      0.00      0.00      0.00      0.00      0.00      0.00
08:20:35 AM      0.00      0.00      0.00      0.00      0.00      0.00      0.00      0.00
08:20:40 AM      0.00      0.00      0.00      0.00      0.00      0.00      0.00      0.00
08:20:45 AM      0.00      0.00      0.00      0.00      0.00      0.00      0.00      0.00
08:20:50 AM      0.00      0.00      0.00      0.00      0.00      0.00      0.00      0.00
08:20:55 AM      0.00      0.00      0.00      0.00      0.00      0.00      0.00      0.00
08:21:00 AM      0.00      0.00      0.00      0.00      0.00      0.00      0.00      0.00
08:21:05 AM      0.00      0.00      0.00      0.00      0.00      0.00      0.00      0.00
08:21:10 AM      0.00      0.00      0.00      0.00      0.00      0.00      0.00      0.00
08:21:15 AM      0.00      0.00      0.00      0.00      0.00      0.00      0.00      0.00
08:21:20 AM      0.00      0.00      0.00      0.00      0.00      0.00      0.00      0.00
08:21:25 AM      0.00      0.00      0.00      0.00      0.00      0.00      0.00      0.00
08:21:30 AM      0.00      0.00      0.00      0.00      0.00      0.00      0.00      0.00
08:21:35 AM      0.00      0.00      0.00      0.00      0.00      0.00      0.00      0.00
08:21:40 AM      0.00      0.00      0.00      0.00      0.00      0.00      0.00      0.00
08:21:45 AM      0.00      0.00      0.00      0.00      0.00      0.00      0.00      0.00
08:21:50 AM      0.00      0.00      0.00      0.00      0.00      0.00      0.00      0.00
08:21:55 AM      0.00      0.00      0.00      0.00      0.00      0.00      0.00      0.00
08:22:00 AM      0.00      0.00      0.00      0.00      0.00      0.00      0.00      0.00
08:22:05 AM      0.00      0.00      0.00      0.00      0.00      0.00      0.00      0.00
08:22:10 AM      0.00      0.00      0.00      0.00      0.00      0.00      0.00      0.00
08:22:15 AM      0.00      0.00      0.00      0.00      0.00      0.00      0.00      0.00
08:22:20 AM      0.00      0.00      0.00      0.00      0.00      0.00      0.00      0.00
08:22:25 AM      0.00      0.00      0.00      0.00      0.00      0.00      0.00      0.00
08:22:30 AM      0.00      0.00      0.00      0.00      0.00      0.00      0.00      0.00
08:22:35 AM      0.00      0.00      0.00      0.00      0.00      0.00      0.00      0.00
08:22:40 AM      0.00      0.00      0.00      0.00      0.00      0.00      0.00      0.00
08:22:45 AM      0.00      0.00      0.00      0.00      0.00      0.00      0.00      0.00
08:22:50 AM      0.00      0.00      0.00      0.00      0.00      0.00      0.00      0.00
08:22:55 AM      0.00      0.00      0.00      0.00      0.00      0.00      0.00      0.00
08:23:00 AM      0.00      0.00      0.00      0.00      0.00      0.00      0.00      0.00
08:23:05 AM      0.00      0.00      0.00      0.00      0.00      0.00      0.00      0.00
08:23:10 AM      0.00      0.00      0.00      0.00      0.00      0.00      0.00      0.00
08:23:15 AM      0.00      0.00      0.00      0.00      0.00      0.00      0.00      0.00
08:23:20 AM      0.00      0.00      0.00      0.00      0.00      0.00      0.00      0.00
08:23:25 AM      0.00      0.00      0.00      0.00      0.00      0.00      0.00      0.00
08:23:30 AM      0.00      0.00      0.00      0.00      0.00      0.00      0.00      0.00
08:23:35 AM      0.00      0.00      0.00      0.00      0.00      0.00      0.00      0.00
08:23:40 AM      0.00      0.00      0.00      0.00      0.00      0.00      0.00      0.00
08:23:45 AM      0.00      0.00      0.00      0.00      0.00      0.00      0.00      0.00
08:23:50 AM      0.00      0.00      0.00      0.00      0.00      0.00      0.00      0.00
08:23:55 AM      0.00      0.00      0.00      0.00      0.00      0.00      0.00      0.00
08:24:00 AM      0.00      0.00      0.00      0.00      0.00      0.00      0.00      0.00
08:24:05 AM      0.00      0.00      0.00      0.00      0.00      0.00      0.00      0.00
08:24:10 AM      0.00      0.00      0.00      0.00      0.00      0.00      0.00      0.00
08:24:15 AM      0.00      0.00      0.00      0.00      0.00      0.00      0.00      0.00
08:24:20 AM      0.00      0.00      0.00      0.00      0.00      0.00      0.00      0.00
08:24:25 AM      0.00      0.00      0.00      0.00      0.00      0.00      0.00      0.00
08:24:30 AM      0.00      0.00      0.00      0.00      0.00      0.00      0.00      0.00
08:24:35 AM      0.00      0.00      0.00      0.00      0.00      0.00      0.00      0.00
08:24:40 AM      0.00      0.00      0.00      0.00      0.00      0.00      0.00      0.00
08:24:45 AM      0.00      0.00      0.00      0.00      0.00      0.00      0.00      0.00
08:24:50 AM      0.00      0.00      0.00      0.00      0.00      0.00      0.00      0.00
08:24:55 AM      0.00      0.00      0.00      0.00      0.00      0.00      0.00      0.00
08:25:00 AM      0.00      0.00      0.00      0.00      0.00      0.00      0.00      0.00
08:25:05 AM      0.00      0.00      0.00      0.00      0.00      0.00      0.00      0.00
08:25:10 AM      0.00      0.00      0.00      0.00      0.00      0.00      0.00      0.00
08:25:15 AM      0.00      0.00      0.00      0.00      0.00      0.00      0.00      0.00
08:25:20 AM      0.00      0.00      0.00      0.00      0.00      0.00      0.00      0.00
08:25:25 AM      0.00      0.00      0.00      0.00      0.00      0.00      0.00      0.00
08:25:30 AM      0.00      0.00      0.00      0.00      0.00      0.00      0.00      0.00
08:25:35 AM      0.00      0.00      0.00      0.00      0.00      0.00      0.00      0.00
08:25:40 AM      0.00      0.00      0.00      0.00      0.00      0.00      0.00      0.00
08:25:45 AM      0.00      0.00      0.00      0.00      0.00      0.00      0.00      0.00
08:25:50 AM      0.00      0.00      0.00      0.00      0.00      0.00      0.00      0.00
08:25:55 AM      0.00      0.00      0.00      0.00      0.00      0.00      0.00      0.00
08:26:00 AM      0.00      0.00      0.00      0.00      0.00      0.00      0.00      0.00
08:26:05 AM      0.00      0.00      0.00      0.00      0.00      0.00      0.00      0.00
08:26:10 AM      0.00      0.00      0.00      0.00      0.00      0.00      0.00      0.00
08:26:15 AM      0.00      0.00      0.00      0.00      0.00      0.00      0.00      0.00
08:26:20 AM      0.00      0.00      0.00      0.00      0.00      0.00      0.00      0.00
08:26:25 AM      0.00      0.00      0.00      0.00      0.00      0.00      0.00      0.00
08:26:30 AM      0.00      0.00      0.00      0.00      0.00      0.00      0.00      0.00
08:26:35 AM      0.00      0.00      0.00      0.00      0.00      0.00      0.00      0.00
08:26:40 AM      0.00      0.00      0.00      0.00      0.00      0.00      0.00      0.00
08:26:45 AM      0.00      0.00      0.00      0.00      0.00      0.00      0.00      0.00
08:26:50 AM      0.00      0.00      0.00      0.00      0.00      0.00      0.00      0.00
08:26:55 AM      0.00      0.00      0.00      0.00      0.00      0.00      0.00      0.00
08:27:00 AM      0.00      0.00      0.00      0.00      0.00      0.00      0.00      0.00
08:27:05 AM      0.00      0.00      0.00      0.00      0.00      0.00      0.00      0.00
08:27:10 AM      0.00      0.00      0.00      0.00      0.00      0.00      0.00      0.00
08:27:15 AM      0.00      0.00      0.00      0.00      0.00      0.00      0.00      0.00
08:27:20 AM      0.00      0.00      0.00      0.00      0.00      0.00      0.00      0.00
08:27:25 AM      0.00      0.00      0.00      0.00      0.00      0.00      0.00      0.00
08:27:30 AM      0.00      0.00      0.00      0.00      0.00      0.00      0.00      0.00
08:27:35 AM      0.00      0.00      0.00      0.00      0.00      0.00      0.00      0.00
08:27:40 AM      0.00      0.00      0.00      0.00      0.00      0.00      0.00      0.00
08:27:45 AM      0.00      0.00      0.00      0.00      0.00      0.00      0.00      0.00
08:27:50 AM      0.00      0.00      0.00      0.00      0.00      0.00      0.00      0.00
08:27:55 AM      0.00      0.00      0.00      0.00      0.00      0.00      0.00      0.00
08:28:00 AM      0.00      0.00      0.00      0.00      0.00      0.00      0.00      0.00
08:28:05 AM      0.00      0.00      0.00      0.00      0.00      0.00      0.00      0.00
08:28:10 AM      0.00      0.00      0.00      0.00      0.00      0.00      0.00      0.00
08:28:15 AM      0.00      0.00      0.00      0.00      0.00      0.00      0.00      0.00
08:28:20 AM      0.00      0.00      0.00      0.00      0.00      0.00      0.00      0.00
08:28:25 AM      0.00      0.00      0.00      0.00      0.00      0.00      0.00      0.00
08:28:30 AM      0.00      0.00      0.00      0.00      0.00      0.00      0.00      0.00
08:28:35 AM      0.00      0.00      0.00      0.00      0.00      0.00      0.00      0.00
08:28:40 AM      0.00      0.00      0.00      0.00      0.00      0.00      0.00      0.00
08:28:45 AM      0.00      0.00      0.00      0.00      0.00      0.00      0.00      0.00
08:28:50 AM      0.00      0.00      0.00      0.00      0.00      0.00      0.00      0.00
08:28:55 AM      0.00      0.00      0.00      0.00      0.00      0.00      0.00      0.00
08:29:00 AM      0.00      0.00      0.00      0.00      0.00      0.00      0.00      0.00
08:29:05 AM      0.00      0.00      0.00      0.00      0.00      0.00      0.00      0.00
08:29:10 AM      0.00      0.00      0.00      0.00      0.00      0.00      0.00      0.00
08:29:15 AM      0.00      0.00      0.00      0.00      0.00      0.00      0.00      0.00
08:29:20 AM      0.00      0.00      0.00      0.00      0.00      0.00      0.00      0.00
08:29:25 AM      0.00      0.00      0.00      0.00      0.00      0.00      0.00      0.00
08:29:30 AM      0.00      0.00      0.00      0.00      0.00      0.00      0.00      0.00
08:29:35 AM      0.00      0.00      0.00      0.00      0.00      0.00      0.00      0.00
08:29:40 AM      0.00      0.00      0.00      0.00      0.00      0.00      0.00      0.00
08:29:45 AM      0.00      0.00      0.00      0.00      0.00      0.00      0.00      0.00
08:29:50 AM      0.00      0.00      0.00      0.00      0.00      0.00      0.00      0.00
08:29:55 AM      0.00      0.00      0.00      0.00      0.00      0.00      0.00      0.00
08:30:00 AM      0.00      0.00      0.00      0.00      0.00      0.00      0.00      0.00
08:30:05 AM      0.00      0.00      0.00      0.00      0.00      0.00      0.00      0.00
08:30:10 AM      0.00      0.00      0.00      0.00      0.00      0.00      0.00      0.00
08:30:15 AM      0.00      0.00      0.00      0.00      0.00      0.00      0.00      0.00
08:30:20 AM      0.00      0.00      0.00      0.00      0.00      0.00      0.00      0.00
08:30:25 AM      0.00      0.00      0.00      0.00      0.00      0.00      0.00      0.00
08:30:30 AM      0.00      0.00      0.00      0.00      0.00      0.00      0.00      0.00
08:30:35 AM      0.00      0.00      0.00      0.00      0.00      0.00      0.00      0.00
08:30:40 AM      0.00      0.00      0.00      0.00      0.00      0.00      0.00      0.00
08:30:45 AM      0.00      0.00      0.00      0.00      0.00      0.00      0.00      0.00
08:30:50 AM      0.00      0.00      0.00      0.00      0.00      0.00      0.00      0.00
08:30:55 AM      0.00      0.00      0.00      0.00      0.00      0.00      0.00      0.00
08:31:00 AM      0.00      0.00      0.00      0.00      0.00      0.00      0.00      0.00
08:31:05 AM      0.00      0.00      0.00      0.00      0.00      0.00      0.00      0.00
08:31:10 AM      0.00      0.00      0.00      0.00      0.00      0.00      0.00      0.00
08:31:15 AM      0.00      0.00      0.00      0.00      0.00      0.00      0.00      0.00
08:31:20 AM      0.00      0.00      0.00      0.00      0.00      0.00      0.00      0.00
08:31:25 AM      0.00      0.00      0.00      0.00      0.00      0.00      0.00      0.00
08:31:30 AM      0.00      0.00      0.00      0.00      0.00      0.00      0.00      0.00
08:31:35 AM      0.00      0.00      0.00      0.00      0.00      0.00      0.00      0.00
08:31:40 AM      0.00      0.00      0.00      0.00      0.00      0.00      0.00      0.00
08:31:45 AM      0.00      0.00      0.00      0.00      0.00      0.00      0.00      0.00
08:31:50 AM      0.00      0.00      0.00      0.00      0.00      0.00      0.00      0.00
08:31:55 AM      0.00      0.00      0.00      0.00      0.00      0.00      0.00      0.00
08:32:00 AM      0.00      0.00      0.00      0.00      0.00      0.00      0.00      0.00
08:32:05 AM      0.00      0.00      0.00      0.00      0.00      0.00      0.00      0.00
08:32:10 AM      0.00      0.00      0.00      0.00      0.00      0.00      0.00      0.00
08:32:15 AM      0.00      0.00      0.00      0.00      0.00      0.00      0.00      0.00
08:32:20 AM      0.00      0.00      0.00      0.00      0.00      0.00      0.00      0.00
08:32:25 AM      0.00      0.00      0.00      0.00      0.00      0.00      0.00      0.00
08:32:30 AM      0.00      0.00      0.00      0.00      0.00      0.00      0.00      0.00
08:32:35 AM      0.00      0.00      0.00      0.00      0.00      0.00      0.00      0.00
08:32:40 AM      0.00      0.00      0.00      0.00      0.00      0.00      0.00      0.00
08:32:45 AM      0.00      0.00      0.00      0.00      0.00      0.00      0.00      0.00
08:32:50 AM      0.00      0.00      0.00      0.00      0.00      0.00      0.00      0.00
08:32:55 AM      0.00      0.00      0.00      0.00      0.00      0.00      0.00      0.00
08:33:00 AM      0.00      0.00      0.00      0.00      0.00      0.00      0.00      0.00
08:33:05 AM      0.00      0.00      0.00      0.00      0.00      0.00      0.00      0.00
08:33:10 AM      0.00      0.00      0.00      0.00      0.00      0.00      0.00      0.00
08:33:15 AM      0.00      0.00      0.00      0.00      0.00      0.00      0.00      0.00
08:33:20 AM      0.00      0.00      0.00      0.00      0.00      0.00      0.00      0.00
08:33:25 AM      0.00      0.00      0.00      0.00      0.00      0.00      0.00      0.00
08:33:30 AM      0.00      0.00      0.00      0.00      0.00      0.00      0.00      0.00
08:33:35 AM      0.00      0.00      0.00      0.00      0.00      0.00      0.00      0.00
08:33:40 AM      0.00      0.00      0.00      0.00      0.00      0.00      0.00      0.00
08:33:45 AM      0.00      0.00      0.00      0.00      0.00      0.00      0.00      0.00
08:33:50 AM      0.00      0.00      0.00      0.00      0.00      0.00      0.00      0.00
08:33:55 AM      0.00      0.00      0.00      0.00      0.00      0.00      0.00      0.00
08:34:00 AM      0.00      0.00      0.00      0.00      0.00      0.00      0.00      0.00
08:34:05 AM      0.00      0.00      0.00      0.00      0.00      0.00      0.00      0.00
08:34:10 AM      0.00      0.00      0.00      0.00      0.00      0.00      0.00      0.00
08:34:15 AM      0.00      0.00      0.00      0.00      0.00      0.00      0.00      0.00
08:34:20 AM      0.00      0.00      0.00      0.04      0.00      0.00      0.00      0.01
08:34:25 AM      0.00      0.00      0.00      0.00      0.00      0.00      0.00      0.00
08:34:30 AM      0.00      0.00      0.00      0.00      0.00      0.00      0.00      0.00
08:34:35 AM      0.00      0.00      0.00      0.00      0.00      0.00      0.00      0.00
08:34:40 AM      0.00      0.00      0.00      0.00      0.00      0.00      0.00      0.00
08:34:45 AM      0.00      0.00      0.00      0.00      0.00      0.00      0.00      0.00
08:34:50 AM      0.00      0.00      0.00      0.00      0.00      0.00      0.00      0.00
08:34:55 AM      0.00      0.00      0.00      0.00      0.00      0.00      0.00      0.00
08:35:00 AM      0.00      0.00      0.00      0.00      0.00      0.00      0.00      0.00
08:35:05 AM      0.00      0.00      0.00      0.00      0.00      0.00      0.00      0.00
08:35:10 AM      0.00      0.00      0.00      0.00      0.00      0.00      0.00      0.00
08:35:15 AM      0.00      0.00      0.00      0.00      0.00      0.00      0.00      0.00
08:35:20 AM      0.00      0.00      0.00      0.00      0.00      0.00      0.00      0.00
08:35:25 AM      0.00      0.00      0.00      0.00      0.00      0.00      0.00      0.00
08:35:30 AM      0.00      0.00      0.00      0.00      0.00      0.00      0.00      0.00
08:35:35 AM      0.00      0.00      0.00      0.00      0.00      0.00      0.00      0.00
08:35:40 AM      0.00      0.00      0.00      0.00      0.00      0.00      0.00      0.00
08:35:45 AM      0.00      0.00      0.00      0.00      0.00      0.00      0.00      0.00
08:35:50 AM      0.00      0.00      0.00      0.00      0.00      0.00      0.00      0.00
08:35:55 AM      0.00      0.00      0.00      0.00      0.00      0.00      0.00      0.00
08:36:00 AM      0.00      0.00      0.00      0.00      0.00      0.00      0.00      0.00
08:36:05 AM      0.00      0.00      0.00      0.00      0.00      0.00      0.00      0.00
08:36:10 AM      0.00      0.00      0.00      0.00      0.00      0.00      0.00      0.00
08:36:15 AM      0.00      0.00      0.00      0.00      0.00      0.00      0.00      0.00
08:36:20 AM      0.00      0.00      0.00      0.00      0.00      0.00      0.00      0.00
08:36:25 AM      0.00      0.00      0.00      0.00      0.00      0.00      0.00      0.00
08:36:30 AM      0.00      0.00      0.00      0.00      0.00      0.00      0.00      0.00
08:36:35 AM      0.00      0.00      0.00      0.00      0.00      0.00      0.00      0.00
08:36:40 AM      0.00      0.00      0.00      0.00      0.00      0.00      0.00      0.00
08:36:45 AM      0.00      0.00      0.00      0.00      0.00      0.00      0.00      0.00
08:36:50 AM      0.00      0.00      0.00      0.00      0.00      0.00      0.00      0.00
08:36:55 AM      0.00      0.00      0.00      0.00      0.00      0.00      0.00      0.00
08:37:00 AM      0.00      0.00      0.00      0.00      0.00      0.00      0.00      0.00
08:37:05 AM      0.00      0.00      0.00      0.00      0.00      0.00      0.00      0.00
08:37:10 AM      0.00      0.00      0.00      0.00      0.00      0.00      0.00      0.00
08:37:15 AM      0.00      0.00      0.00      0.00      0.00      0.00      0.00      0.00
08:37:20 AM      0.00      0.00      0.00      0.00      0.00      0.00      0.00      0.00
08:37:25 AM      0.00      0.00      0.00      0.01      0.00      0.00      0.00      0.00
08:37:30 AM      0.00      0.00      0.00      0.00      0.00      0.00      0.00      0.00
08:37:35 AM      0.00      0.00      0.00      0.00      0.00      0.00      0.00      0.00
08:37:40 AM      0.00      0.00      0.00      0.00      0.00      0.00      0.00      0.00
08:37:45 AM      0.00      0.00      0.00      0.00      0.00      0.00      0.00      0.00
08:37:50 AM      0.00      0.00      0.00      0.00      0.00      0.00      0.00      0.00
08:37:55 AM      0.00      0.00      0.00      0.00      0.00      0.00      0.00      0.00
08:38:00 AM      0.00      0.00      0.00      0.00      0.00      0.00      0.00      0.00
08:38:05 AM      0.00      0.00      0.00      0.00      0.00      0.00      0.00      0.00
08:38:10 AM      0.00      0.00      0.00      0.00      0.00      0.00      0.00      0.00
08:38:15 AM      0.00      0.00      0.00      0.00      0.00      0.00      0.00      0.00
08:38:20 AM      0.00      0.00      0.00      0.00      0.00      0.00      0.00      0.00
08:38:25 AM      0.00      0.00      0.00      0.00      0.00      0.00      0.00      0.00
08:38:30 AM      0.00      0.00      0.00      0.00      0.00      0.00      0.00      0.00
08:38:35 AM      0.00      0.00      0.00      0.00      0.00      0.00      0.00      0.00
08:38:40 AM      0.00      0.00      0.00      0.00      0.00      0.00      0.00      0.00
08:38:45 AM      0.00      0.00      0.00      0.00      0.00      0.00      0.00      0.00
08:38:50 AM      0.00      0.00      0.00      0.00      0.00      0.00      0.00      0.00
08:38:55 AM      0.00      0.00      0.00      0.00      0.00      0.00      0.00      0.00
08:39:00 AM      0.00      0.00      0.00      0.00      0.00      0.00      0.00      0.00
08:39:05 AM      0.00      0.00      0.00      0.00      0.00      0.00      0.00      0.00
08:39:10 AM      0.00      0.00      0.00      0.00      0.00      0.00      0.00      0.00
08:39:15 AM      0.00      0.00      0.00      0.00      0.00      0.00      0.00      0.00
08:39:20 AM      0.00      0.00      0.00      0.00      0.00      0.00      0.00      0.00
08:39:25 AM      0.00      0.00      0.00      0.00      0.00      0.00      0.00      0.00
08:39:30 AM      0.00      0.00      0.00      0.00      0.00      0.00      0.00      0.00
08:39:35 AM      0.00      0.00      0.00      0.00      0.00      0.00      0.00      0.00
08:39:40 AM      0.00      0.00      0.00      0.00      0.00      0.00      0.00      0.00
08:39:45 AM      0.00      0.00      0.00      0.00      0.00      0.00      0.00      0.00
08:39:50 AM      0.00      0.00      0.00      0.00      0.00      0.00      0.00      0.00
08:39:55 AM      0.00      0.00      0.00      0.00      0.00      0.00      0.00      0.00
08:40:00 AM      0.00      0.00      0.00      0.00      0.00      0.00      0.00      0.00
08:40:05 AM      0.00      0.00      0.00      0.00      0.00      0.00      0.00      0.00
08:40:10 AM      0.00      0.00      0.00      0.00      0.00      0.00      0.00      0.00
08:40:15 AM      0.00      0.00      0.00      0.00      0.00      0.00      0.00      0.00
08:40:20 AM      0.00      0.00      0.00      0.00      0.00      0.00      0.00      0.00
08:40:25 AM      0.00      0.00      0.00      0.00      0.00      0.00      0.00      0.00
08:40:30 AM      0.00      0.00      0.00      0.00      0.00      0.00      0.00      0.00
08:40:35 AM      0.00      0.00      0.00      0.00      0.00      0.00      0.00      0.00
08:40:40 AM      0.00      0.00      0.00      0.00      0.00      0.00      0.00      0.00
08:40:45 AM      0.00      0.00      0.00      0.00      0.00      0.00      0.00      0.00
08:40:50 AM      0.00      0.00      0.00      0.00      0.00      0.00      0.00      0.00
08:40:55 AM      0.00      0.00      0.00      0.00      0.00      0.00      0.00      0.00
08:41:00 AM      0.00      0.00      0.00      0.00      0.00      0.00      0.00      0.00
08:41:05 AM      0.00      0.00      0.00      0.00      0.00      0.00      0.00      0.00
08:41:10 AM      0.00      0.00      0.00      0.00      0.00      0.00      0.00      0.00
08:41:15 AM      0.00      0.00      0.00      0.00      0.00      0.00      0.00      0.00
08:41:20 AM      0.00      0.00      0.00      0.00      0.00      0.00      0.00      0.00
08:41:25 AM      0.00      0.00      0.00      0.00      0.00      0.00      0.00      0.00
08:41:30 AM      0.00      0.00      0.00      0.00      0.00      0.00      0.00      0.00
08:41:35 AM      0.00      0.00      0.00      0.00      0.00      0.00      0.00      0.00
08:41:40 AM      0.00      0.00      0.00      0.00      0.00      0.00      0.00      0.00
08:41:45 AM      0.00      0.00      0.00      0.00      0.00      0.00      0.00      0.00
08:41:50 AM      0.00      0.00      0.00      0.00      0.00      0.00      0.00      0.00
08:41:55 AM      0.00      0.00      0.00      0.00      0.00      0.00      0.00      0.00
08:42:00 AM      0.00      0.00      0.00      0.00      0.00      0.00      0.00      0.00
08:42:05 AM      0.00      0.00      0.00      0.00      0.00      0.00      0.00      0.00
08:42:10 AM      0.00      0.00      0.00      0.00      0.00      0.00      0.00      0.00
08:42:15 AM      0.00      0.00      0.00      0.00      0.00      0.00      0.00      0.00
08:42:20 AM      0.00      0.00      0.00      0.00      0.00      0.00      0.00      0.00
08:42:25 AM      0.00      0.00      0.00      0.00      0.00      0.00      0.00      0.00
08:42:30 AM      0.00      0.00      0.00      0.00      0.00      0.00      0.00      0.00
08:42:35 AM      0.00      0.00      0.00      0.00      0.00      0.00      0.00      0.00
08:42:40 AM      0.00      0.00      0.00      0.00      0.00      0.00      0.00      0.00
08:42:45 AM      0.00      0.00      0.00      0.00      0.00      0.00      0.00      0.00
08:42:50 AM      0.00      0.00      0.00      0.00      0.00      0.00      0.00      0.00
08:42:55 AM      0.00      0.00      0.00      0.00      0.00      0.00      0.00      0.00
08:43:00 AM      0.00      0.00      0.00      0.00      0.00      0.00      0.00      0.00
08:43:05 AM      0.00      0.00      0.00      0.00      0.00      0.00      0.00      0.00
08:43:10 AM      0.00      0.00      0.00      0.00      0.00      0.00      0.00      0.00
08:43:15 AM      0.00      0.00      0.00      0.00      0.00      0.00      0.00      0.00
08:43:20 AM      0.00      0.00      0.00      0.00      0.00      0.00      0.00      0.00
08:43:25 AM      0.00      0.00      0.00      0.00      0.00      0.00      0.00      0.00
08:43:30 AM      0.00      0.00      0.00      0.01      0.00      0.00      0.00      0.00
08:43:35 AM      0.00      0.00      0.00      0.00      0.00      0.00      0.00      0.00
08:43:40 AM      0.00      0.00      0.00      0.00      0.00      0.00      0.00      0.00
08:43:45 AM      0.00      0.00      0.00      0.00      0.00      0.00      0.00      0.00
08:43:50 AM      0.00      0.00      0.00      0.00      0.00      0.00      0.00      0.00
08:43:55 AM      0.00      0.00      0.00      0.00      0.00      0.00      0.00      0.00
08:44:00 AM      0.00      0.00      0.00      0.00      0.00      0.00      0.00      0.00
08:44:05 AM      0.00      0.00      0.00      0.00      0.00      0.00      0.00      0.00
08:44:10 AM      0.00      0.00      0.00      0.00      0.00      0.00      0.00      0.00
08:44:15 AM      0.00      0.00      0.00      0.00      0.00      0.00      0.00      0.00
08:44:20 AM      0.00      0.00      0.00      0.00      0.00      0.00      0.00      0.00
08:44:25 AM      0.00      0.00      0.00      0.00      0.00      0.00      0.00      0.00
08:44:30 AM      0.00      0.00      0.00      0.00      0.00      0.00      0.00      0.00
08:44:35 AM      0.00      0.00      0.00      0.00      0.00      0.00      0.00      0.00
08:44:40 AM      0.00      0.00      0.00      0.00      0.00      0.00      0.00      0.00
08:44:45 AM      0.00      0.00      0.00      0.00      0.00      0.00      0.00      0.00
08:44:50 AM      0.00      0.00      0.00      0.00      0.00      0.00      0.00      0.00
08:44:55 AM      0.00      0.00      0.00      0.00      0.00      0.00      0.00      0.00
08:45:00 AM      0.00      0.00      0.00      0.00      0.00      0.00      0.00      0.00
08:45:05 AM      0.00      0.00      0.00      0.00      0.00      0.00      0.00      0.00
08:45:10 AM      0.00      0.00      0.00      0.00      0.00      0.00      0.00      0.00
08:45:15 AM      0.00      0.00      0.00      0.00      0.00      0.00      0.00      0.00
08:45:20 AM      0.00      0.00      0.00      0.00      0.00      0.00      0.00      0.00
08:45:25 AM      0.00      0.00      0.00      0.00      0.00      0.00      0.00      0.00
08:45:30 AM      0.00      0.00      0.00      0.00      0.00      0.00      0.00      0.00
08:45:35 AM      0.00      0.00      0.00      0.00      0.00      0.00      0.00      0.00
08:45:40 AM      0.00      0.00      0.00      0.00      0.00      0.00      0.00      0.00
08:45:45 AM      0.00      0.00      0.00      0.00      0.00      0.00      0.00      0.00
08:45:50 AM      0.00      0.00      0.00      0.00      0.00      0.00      0.00      0.00
08:45:55 AM      0.00      0.00      0.00      0.00      0.00      0.00      0.00      0.00
08:46:00 AM      0.00      0.00      0.00      0.00      0.00      0.00      0.00      0.00
08:46:05 AM      0.00      0.00      0.00      0.00      0.00      0.00      0.00      0.00
08:46:10 AM      0.00      0.00      0.00      0.00      0.00      0.00      0.00      0.00
08:46:15 AM      0.00      0.00      0.00      0.00      0.00      0.00      0.00      0.00
08:46:20 AM      0.00      0.00      0.00      0.00      0.00      0.00      0.00      0.00
08:46:25 AM      0.00      0.00      0.00      0.00      0.00      0.00      0.00      0.00
08:46:30 AM      0.00      0.00      0.00      0.00      0.00      0.00      0.00      0.00
08:46:35 AM      0.00      0.00      0.00      0.00      0.00      0.00      0.00      0.00
08:46:40 AM      0.00      0.00      0.00      0.00      0.00      0.00      0.00      0.00
08:46:45 AM      0.00      0.00      0.00      0.00      0.00      0.00      0.00      0.00
08:46:50 AM      0.00      0.00      0.00      0.00      0.00      0.00      0.00      0.00
08:46:55 AM      0.00      0.00      0.00      0.00      0.00      0.00      0.00      0.00
08:47:00 AM      0.00      0.00      0.00      0.00      0.00      0.00      0.00      0.00
08:47:05 AM      0.00      0.00      0.00      0.00      0.00      0.00      0.00      0.00
08:47:10 AM      0.00      0.00      0.00      0.00      0.00      0.00      0.00      0.00
08:47:15 AM      0.00      0.00      0.00      0.00      0.00      0.00      0.00      0.00
08:47:20 AM      0.00      0.00      0.00      0.00      0.00      0.00      0.00      0.00
08:47:25 AM      0.00      0.00      0.00      0.00      0.00      0.00      0.00      0.00
08:47:30 AM      0.00      0.00      0.00      0.02      0.00      0.00      0.00      0.01
08:47:35 AM      0.00      0.00      0.00      0.00      0.00      0.00      0.00      0.00
08:47:40 AM      0.00      0.00      0.00      0.00      0.00      0.00      0.00      0.00
08:47:45 AM      0.00      0.00      0.00      0.00      0.00      0.00      0.00      0.00
08:47:50 AM      0.00      0.00      0.00      0.00      0.00      0.00      0.00      0.00
08:47:55 AM      0.00      0.00      0.00      0.00      0.00      0.00      0.00      0.00
08:48:00 AM      0.00      0.00      0.00      0.00      0.00      0.00      0.00      0.00
08:48:05 AM      0.00      0.00      0.00      0.00      0.00      0.00      0.00      0.00
08:48:10 AM      0.00      0.00      0.00      0.00      0.00      0.00      0.00      0.00
08:48:15 AM      0.00      0.00      0.00      0.00      0.00      0.00      0.00      0.00
08:48:20 AM      0.00      0.00      0.00      0.00      0.00      0.00      0.00      0.00
08:48:25 AM      0.00      0.00      0.00      0.00      0.00      0.00      0.00      0.00
08:48:30 AM      0.00      0.00      0.00      0.00      0.00      0.00      0.00      0.00
08:48:35 AM      0.00      0.00      0.00      0.01      0.00      0.00      0.00      0.00
08:48:40 AM      0.00      0.00      0.00      0.00      0.00      0.00      0.00      0.00
08:48:45 AM      0.00      0.00      0.00      0.00      0.00      0.00      0.00      0.00
08:48:50 AM      0.00      0.00      0.00      0.00      0.00      0.00      0.00      0.00
08:48:55 AM      0.00      0.00      0.00      0.00      0.00      0.00      0.00      0.00
08:49:00 AM      0.00      0.00      0.00      0.00      0.00      0.00      0.00      0.00
08:49:05 AM      0.00      0.00      0.00      0.00      0.00      0.00      0.00      0.00
08:49:10 AM      0.00      0.00      0.00      0.00      0.00      0.00      0.00      0.00
08:49:15 AM      0.00      0.00      0.00      0.00      0.00      0.00      0.00      0.00
08:49:20 AM      0.00      0.00      0.00      0.01      0.00      0.00      0.00      0.00
08:49:25 AM      0.00      0.00      0.00      0.00      0.00      0.00      0.00      0.00
08:49:30 AM      0.00      0.00      0.00      0.00      0.00      0.00      0.00      0.00
08:49:35 AM      0.00      0.00      0.00      0.00      0.00      0.00      0.00      0.00
08:49:40 AM      0.00      0.00      0.00      0.00      0.00      0.00      0.00      0.00
08:49:45 AM      0.00      0.00      0.00      0.00      0.00      0.00      0.00      0.00
08:49:50 AM      0.00      0.00      0.00      0.00      0.00      0.00      0.00      0.00
08:49:55 AM      0.00      0.00      0.00      0.00      0.00      0.00      0.00      0.00
08:50:00 AM      0.00      0.00      0.00      0.00      0.00      0.00      0.00      0.00
08:50:05 AM      0.00      0.00      0.00      0.00      0.00      0.00      0.00      0.00
08:50:10 AM      0.00      0.00      0.00      0.00      0.00      0.00      0.00      0.00
08:50:15 AM      0.00      0.00      0.00      0.00      0.00      0.00      0.00      0.00
08:50:20 AM      0.00      0.00      0.00      0.00      0.00      0.00      0.00      0.00
08:50:25 AM      0.00      0.00      0.00      0.00      0.00      0.00      0.00      0.00
08:50:30 AM      0.00      0.00      0.00      0.00      0.00      0.00      0.00      0.00
08:50:35 AM      0.00      0.00      0.00      0.00      0.00      0.00      0.00      0.00
08:50:40 AM      0.00      0.00      0.00      0.00      0.00      0.00      0.00      0.00
08:50:45 AM      0.00      0.00      0.00      0.00      0.00      0.00      0.00      0.00
08:50:50 AM      0.00      0.00      0.00      0.00      0.00      0.00      0.00      0.00
08:50:55 AM      0.00      0.00      0.00      0.00      0.00      0.00      0.00      0.00
08:51:00 AM      0.00      0.00      0.00      0.00      0.00      0.00      0.00      0.00
08:51:05 AM      0.00      0.00      0.00      0.00      0.00      0.00      0.00      0.00
08:51:10 AM      0.00      0.00      0.00      0.00      0.00      0.00      0.00      0.00
08:51:15 AM      0.00      0.00      0.00      0.00      0.00      0.00      0.00      0.00
08:51:20 AM      0.00      0.00      0.00      0.00      0.00      0.00      0.00      0.00
08:51:25 AM      0.00      0.00      0.00      0.00      0.00      0.00      0.00      0.00
08:51:30 AM      0.00      0.00      0.00      0.00      0.00      0.00      0.00      0.00
08:51:35 AM      0.00      0.00      0.00      0.00      0.00      0.00      0.00      0.00
08:51:40 AM      0.00      0.00      0.00      0.00      0.00      0.00      0.00      0.00
08:51:45 AM      0.00      0.00      0.00      0.00      0.00      0.00      0.00      0.00
08:51:50 AM      0.00      0.00      0.00      0.00      0.00      0.00      0.00      0.00
08:51:55 AM      0.00      0.00      0.00      0.00      0.00      0.00      0.00      0.00
08:52:00 AM      0.00      0.00      0.00      0.00      0.00      0.00      0.00      0.00
08:52:05 AM      0.00      0.00      0.00      0.00      0.00      0.00      0.00      0.00
08:52:10 AM      0.00      0.00      0.00      0.00      0.00      0.00      0.00      0.00
08:52:15 AM      0.00      0.00      0.00      0.00      0.00      0.00      0.00      0.00
08:52:20 AM      0.00      0.00      0.00      0.00      0.00      0.00      0.00      0.00
08:52:25 AM      0.00      0.00      0.00      0.00      0.00      0.00      0.00      0.00
08:52:30 AM      0.00      0.00      0.00      0.05      0.00      0.00      0.00      0.05
08:52:35 AM      0.00      0.00      0.00      0.00      0.00      0.00      0.00      0.00
08:52:40 AM      0.00      0.00      0.00      0.00      0.00      0.00      0.00      0.00
08:52:45 AM      0.00      0.00      0.00      0.00      0.00      0.00      0.00      0.00
08:52:50 AM      0.00      0.00      0.00      0.00      0.00      0.00      0.00      0.00
08:52:55 AM      0.00      0.00      0.00      0.00      0.00      0.00      0.00      0.00
08:53:00 AM      0.00      0.00      0.00      0.00      0.00      0.00      0.00      0.00
08:53:05 AM      0.00      0.00      0.00      0.00      0.00      0.00      0.00      0.00
08:53:10 AM      0.00      0.00      0.00      0.00      0.00      0.00      0.00      0.00
08:53:15 AM      0.00      0.00      0.00      0.00      0.00      0.00      0.00      0.00
08:53:20 AM      0.00      0.00      0.00      0.00      0.00      0.00      0.00      0.00
08:53:25 AM      0.00      0.00      0.00      0.00      0.00      0.00      0.00      0.00
08:53:30 AM      0.00      0.00      0.00      0.00      0.00      0.00      0.00      0.00
08:53:35 AM      0.00      0.00      0.00      0.00      0.00      0.00      0.00      0.00
08:53:40 AM      0.00      0.00      0.00      0.00      0.00      0.00      0.00      0.00
08:53:45 AM      0.00      0.00      0.00      0.00      0.00      0.00      0.00      0.00
08:53:50 AM      0.00      0.00      0.00      0.00      0.00      0.00      0.00      0.00
08:53:55 AM      0.00      0.00      0.00      0.00      0.00      0.00      0.00      0.00
08:54:00 AM      0.00      0.00      0.00      0.00      0.00      0.00      0.00      0.00
08:54:05 AM      0.00      0.00      0.00      0.00      0.00      0.00      0.00      0.00
08:54:10 AM      0.00      0.00      0.00      0.00      0.00      0.00      0.00      0.00
08:54:15 AM      0.00      0.00      0.00      0.00      0.00      0.00      0.00      0.00
08:54:20 AM      0.00      0.00      0.00      0.00      0.00      0.00      0.00      0.00
08:54:25 AM      0.00      0.00      0.00      0.00      0.00      0.00      0.00      0.00
08:54:30 AM      0.00      0.00      0.00      0.00      0.00      0.00      0.00      0.00
08:54:35 AM      0.00      0.00      0.00      0.00      0.00      0.00      0.00      0.00
08:54:40 AM      0.00      0.00      0.00      0.00      0.00      0.00      0.00      0.00
08:54:45 AM      0.00      0.00      0.00      0.00      0.00      0.00      0.00      0.00
08:54:50 AM      0.00      0.00      0.00      0.00      0.00      0.00      0.00      0.00
08:54:55 AM      0.00      0.00      0.00      0.00      0.00      0.00      0.00      0.00
08:55:00 AM      0.00      0.00      0.00      0.00      0.00      0.00      0.00      0.00
08:55:05 AM      0.00      0.00      0.00      0.00      0.00      0.00      0.00      0.00
08:55:10 AM      0.00      0.00      0.00      0.00      0.00      0.00      0.00      0.00
08:55:15 AM      0.00      0.00      0.00      0.00      0.00      0.00      0.00      0.00
08:55:20 AM      0.00      0.00      0.00      0.00      0.00      0.00      0.00      0.00
08:55:25 AM      0.00      0.00      0.00      0.00      0.00      0.00      0.00      0.00
08:55:30 AM      0.00      0.00      0.00      0.00      0.00      0.00      0.00      0.00
08:55:35 AM      0.00      0.00      0.00      0.02      0.00      0.00      0.00      0.01
08:55:40 AM      0.00      0.00      0.00      0.00      0.00      0.00      0.00      0.00
08:55:45 AM      0.00      0.00      0.00      0.00      0.00      0.00      0.00      0.00
08:55:50 AM      0.00      0.00      0.00      0.00      0.00      0.00      0.00      0.00
08:55:55 AM      0.00      0.00      0.00      0.00      0.00      0.00      0.00      0.00
08:56:00 AM      0.00      0.00      0.00      0.00      0.00      0.00      0.00      0.00
08:56:05 AM      0.00      0.00      0.00      0.00      0.00      0.00      0.00      0.00
08:56:10 AM      0.00      0.00      0.00      0.00      0.00      0.00      0.00      0.00
08:56:15 AM      0.00      0.00      0.00      0.00      0.00      0.00      0.00      0.00
08:56:20 AM      0.00      0.00      0.00      0.00      0.00      0.00      0.00      0.00
08:56:25 AM      0.00      0.00      0.00      0.00      0.00      0.00      0.00      0.00
08:56:30 AM      0.00      0.00      0.00      0.00      0.00      0.00      0.00      0.00
08:56:35 AM      0.00      0.00      0.00      0.00      0.00      0.00      0.00      0.00
08:56:40 AM      0.00      0.00      0.00      0.00      0.00      0.00      0.00      0.00
08:56:45 AM      0.00      0.00      0.00      0.00      0.00      0.00      0.00      0.00
08:56:50 AM      0.00      0.00      0.00      0.00      0.00      0.00      0.00      0.00
08:56:55 AM      0.00      0.00      0.00      0.00      0.00      0.00      0.00      0.00
08:57:00 AM      0.00      0.00      0.00      0.00      0.00      0.00      0.00      0.00
08:57:05 AM      0.00      0.00      0.00      0.00      0.00      0.00      0.00      0.00
08:57:10 AM      0.00      0.00      0.00      0.00      0.00      0.00      0.00      0.00
08:57:15 AM      0.00      0.00      0.00      0.00      0.00      0.00      0.00      0.00
08:57:20 AM      0.00      0.00      0.00      0.00      0.00      0.00      0.00      0.00
08:57:25 AM      0.00      0.00      0.00      0.00      0.00      0.00      0.00      0.00
08:57:30 AM      0.00      0.00      0.00      0.02      0.00      0.00      0.00      0.01
08:57:35 AM      0.00      0.00      0.00      0.00      0.00      0.00      0.00      0.00
08:57:40 AM      0.00      0.00      0.00      0.00      0.00      0.00      0.00      0.00
08:57:45 AM      0.00      0.00      0.00      0.00      0.00      0.00      0.00      0.00
08:57:50 AM      0.00      0.00      0.00      0.00      0.00      0.00      0.00      0.00
08:57:55 AM      0.00      0.00      0.00      0.00      0.00      0.00      0.00      0.00
08:58:00 AM      0.00      0.00      0.00      0.00      0.00      0.00      0.00      0.00
08:58:05 AM      0.00      0.00      0.00      0.00      0.00      0.00      0.00      0.00
08:58:10 AM      0.00      0.00      0.00      0.00      0.00      0.00      0.00      0.00
08:58:15 AM      0.00      0.00      0.00      0.00      0.00      0.00      0.00      0.00
08:58:20 AM      0.00      0.00      0.00      0.00      0.00      0.00      0.00      0.00
08:58:25 AM      0.00      0.00      0.00      0.00      0.00      0.00      0.00      0.00
08:58:30 AM      0.00      0.00      0.00      0.00      0.00      0.00      0.00      0.00
08:58:35 AM      0.00      0.00      0.00      0.00      0.00      0.00      0.00      0.00
08:58:40 AM      0.00      0.00      0.00      0.00      0.00      0.00      0.00      0.00
08:58:45 AM      0.00      0.00      0.00      0.00      0.00      0.00      0.00      0.00
08:58:50 AM      0.00      0.00      0.00      0.00      0.00      0.00      0.00      0.00
08:58:55 AM      0.00      0.00      0.00      0.00      0.00      0.00      0.00      0.00
08:59:00 AM      0.00      0.00      0.00      0.00      0.00      0.00      0.00      0.00
08:59:05 AM      0.00      0.00      0.00      0.00      0.00      0.00      0.00      0.00
08:59:10 AM      0.00      0.00      0.00      0.00      0.00      0.00      0.00      0.00
08:59:15 AM      0.00      0.00      0.00      0.00      0.00      0.00      0.00      0.00
08:59:20 AM      0.00      0.00      0.00      0.00      0.00      0.00      0.00      0.00
08:59:25 AM      0.00      0.00      0.00      0.00      0.00      0.00      0.00      0.00
08:59:30 AM      0.00      0.00      0.00      0.00      0.00      0.00      0.00      0.00
08:59:35 AM      0.00      0.00      0.00      0.00      0.00      0.00      0.00      0.00
08:59:40 AM      0.00      0.00      0.00      0.00      0.00      0.00      0.00      0.00
08:59:45 AM      0.00      0.00      0.00      0.00      0.00      0.00      0.00      0.00
08:59:50 AM      0.00      0.00      0.00      0.00      0.00      0.00      0.00      0.00
08:59:55 AM      0.00      0.00      0.00      0.00      0.00      0.00      0.00      0.00
09:00:00 AM      0.00      0.00      0.00      0.00      0.00      0.00      0.00      0.00
09:00:05 AM      0.00      0.00      0.00      0.00      0.00      0.00      0.00      0.00
09:00:10 AM      0.00      0.00      0.00      0.00      0.00      0.00      0.00      0.00
09:00:15 AM      0.00      0.00      0.00      0.00      0.00      0.00      0.00      0.00
09:00:20 AM      0.00      0.00      0.00      0.00      0.00      0.00      0.00      0.00
09:00:25 AM      0.00      0.00      0.00      0.00      0.00      0.00      0.00      0.00
09:00:30 AM      0.00      0.00      0.00      0.00      0.00      0.00      0.00      0.00
09:00:35 AM      0.00      0.00      0.00      0.00      0.00      0.00      0.00      0.00
09:00:40 AM      0.00      0.00      0.00      0.00      0.00      0.00      0.00      0.00
09:00:45 AM      0.00      0.00      0.00      0.00      0.00      0.00      0.00      0.00
09:00:50 AM      0.00      0.00      0.00      0.00      0.00      0.00      0.00      0.00
09:00:55 AM      0.00      0.00      0.00      0.00      0.00      0.00      0.00      0.00
09:01:00 AM      0.00      0.00      0.00      0.00      0.00      0.00      0.00      0.00
09:01:05 AM      0.00      0.00      0.00      0.00      0.00      0.00      0.00      0.00
09:01:10 AM      0.00      0.00      0.00      0.00      0.00      0.00      0.00      0.00
09:01:15 AM      0.00      0.00      0.00      0.00      0.00      0.00      0.00      0.00
09:01:20 AM      0.00      0.00      0.00      0.00      0.00      0.00      0.00      0.00
09:01:25 AM      0.00      0.00      0.00      0.00      0.00      0.00      0.00      0.00
09:01:30 AM      0.00      0.00      0.00      0.00      0.00      0.00      0.00      0.00
09:01:35 AM      0.00      0.00      0.00      0.00      0.00      0.00      0.00      0.00
09:01:40 AM      0.00      0.00      0.00      0.00      0.00      0.00      0.00      0.00
09:01:45 AM      0.00      0.00      0.00      0.00      0.00      0.00      0.00      0.00
09:01:50 AM      0.00      0.00      0.00      0.00      0.00      0.00      0.00      0.00
09:01:55 AM      0.00      0.00      0.00      0.00      0.00      0.00      0.00      0.00
09:02:00 AM      0.00      0.00      0.00      0.00      0.00      0.00      0.00      0.00
09:02:05 AM      0.00      0.00      0.00      0.00      0.00      0.00      0.00      0.00
09:02:10 AM      0.00      0.00      0.00      0.00      0.00      0.00      0.00      0.00
09:02:15 AM      0.00      0.00      0.00      0.00      0.00      0.00      0.00      0.00
09:02:20 AM      0.00      0.00      0.00      0.00      0.00      0.00      0.00      0.00
09:02:25 AM      0.00      0.00      0.00      0.00      0.00      0.00      0.00      0.00
09:02:30 AM      0.00      0.00      0.00      0.00      0.00      0.00      0.00      0.00
09:02:35 AM      0.00      0.00      0.00      0.00      0.00      0.00      0.00      0.00
09:02:40 AM      0.00      0.00      0.00      0.00      0.00      0.00      0.00      0.00
09:02:45 AM      0.00      0.00      0.00      0.00      0.00      0.00      0.00      0.00
09:02:50 AM      0.00      0.00      0.00      0.00      0.00      0.00      0.00      0.00
09:02:55 AM      0.00      0.00      0.00      0.00      0.00      0.00      0.00      0.00
09:03:00 AM      0.00      0.00      0.00      0.00      0.00      0.00      0.00      0.00
09:03:05 AM      0.00      0.00      0.00      0.00      0.00      0.00      0.00      0.00
09:03:10 AM      0.00      0.00      0.00      0.00      0.00      0.00      0.00      0.00
09:03:15 AM      0.00      0.00      0.00      0.00      0.00      0.00      0.00      0.00
09:03:20 AM      0.00      0.00      0.00      0.00      0.00      0.00      0.00      0.00
09:03:25 AM      0.00      0.00      0.00      0.00      0.00      0.00      0.00      0.00
09:03:30 AM      0.00      0.00      0.00      0.00      0.00      0.00      0.00      0.00
09:03:35 AM      0.00      0.00      0.00      0.00      0.00      0.00      0.00      0.00
09:03:40 AM      0.00      0.00      0.00      0.00      0.00      0.00      0.00      0.00
09:03:45 AM      0.00      0.00      0.00      0.00      0.00      0.00      0.00      0.00
09:03:50 AM      0.00      0.00      0.00      0.00      0.00      0.00      0.00      0.00
09:03:55 AM      0.00      0.00      0.00      0.00      0.00      0.00      0.00      0.00
09:04:00 AM      0.00      0.00      0.00      0.00      0.00      0.00      0.00      0.00
09:04:05 AM      0.00      0.00      0.00      0.00      0.00      0.00      0.00      0.00
09:04:10 AM      0.00      0.00      0.00      0.00      0.00      0.00      0.00      0.00
09:04:15 AM      0.00      0.00      0.00      0.00      0.00      0.00      0.00      0.00
09:04:20 AM      0.00      0.00      0.00      0.00      0.00      0.00      0.00      0.00
09:04:25 AM      0.00      0.00      0.00      0.00      0.00      0.00      0.00      0.00
09:04:30 AM      0.00      0.00      0.00      0.00      0.00      0.00      0.00      0.00
09:04:35 AM      0.00      0.00      0.00      0.00      0.00      0.00      0.00      0.00
09:04:40 AM      0.00      0.00      0.00      0.00      0.00      0.00      0.00      0.00
09:04:45 AM      0.00      0.00      0.00      0.00      0.00      0.00      0.00      0.00
09:04:50 AM      0.00      0.00      0.00      0.00      0.00      0.00      0.00      0.00
09:04:55 AM      0.00      0.00      0.00      0.00      0.00      0.00      0.00      0.00
09:05:00 AM      0.00      0.00      0.00      0.00      0.00      0.00      0.00      0.00
09:05:05 AM      0.00      0.00      0.00      0.00      0.00      0.00      0.00      0.00
09:05:10 AM      0.00      0.00      0.00      0.00      0.00      0.00      0.00      0.00
09:05:15 AM      0.00      0.00      0.00      0.00      0.00      0.00      0.00      0.00
09:05:20 AM      0.00      0.00      0.00      0.00      0.00      0.00      0.00      0.00
09:05:25 AM      0.00      0.00      0.00      0.00      0.00      0.00      0.00      0.00
09:05:30 AM      0.00      0.00      0.00      0.00      0.00      0.00      0.00      0.00
09:05:35 AM      0.00      0.00      0.00      0.00      0.00      0.00      0.00      0.00
09:05:40 AM      0.00      0.00      0.00      0.00      0.00      0.00      0.00      0.00
09:05:45 AM      0.00      0.00      0.00      0.00      0.00      0.00      0.00      0.00
09:05:50 AM      0.00      0.00      0.00      0.00      0.00      0.00      0.00      0.00
09:05:55 AM      0.00      0.00      0.00      0.00      0.00      0.00      0.00      0.00
09:06:00 AM      0.00      0.00      0.00      0.00      0.00      0.00      0.00      0.00
09:06:05 AM      0.00      0.00      0.00      0.00      0.00      0.00      0.00      0.00
09:06:10 AM      0.00      0.00      0.00      0.00      0.00      0.00      0.00      0.00
09:06:15 AM      0.00      0.00      0.00      0.00      0.00      0.00      0.00      0.00
09:06:20 AM      0.00      0.00      0.00      0.00      0.00      0.00      0.00      0.00
09:06:25 AM      0.00      0.00      0.00      0.00      0.00      0.00      0.00      0.00
09:06:30 AM      0.00      0.00      0.00      0.00      0.00      0.00      0.00      0.00
09:06:35 AM      0.00      0.00      0.00      0.00      0.00      0.00      0.00      0.00
09:06:40 AM      0.00      0.00      0.00      0.00      0.00      0.00      0.00      0.00
09:06:45 AM      0.00      0.00      0.00      0.00      0.00      0.00      0.00      0.00
09:06:50 AM      0.00      0.00      0.00      0.00      0.00      0.00      0.00      0.00
09:06:55 AM      0.00      0.00      0.00      0.00      0.00      0.00      0.00      0.00
09:07:00 AM      0.00      0.00      0.00      0.00      0.00      0.00      0.00      0.00
09:07:05 AM      0.00      0.00      0.00      0.00      0.00      0.00      0.00      0.00
09:07:10 AM      0.00      0.00      0.00      0.00      0.00      0.00      0.00      0.00
09:07:15 AM      0.00      0.00      0.00      0.00      0.00      0.00      0.00      0.00
09:07:20 AM      0.00      0.00      0.00      0.00      0.00      0.00      0.00      0.00
09:07:25 AM      0.00      0.00      0.00      0.00      0.00      0.00      0.00      0.00
09:07:30 AM      0.00      0.00      0.00      0.03      0.00      0.00      0.00      0.02
09:07:35 AM      0.00      0.00      0.00      0.00      0.00      0.00      0.00      0.00
09:07:40 AM      0.00      0.00      0.00      0.00      0.00      0.00      0.00      0.00
09:07:45 AM      0.00      0.00      0.00      0.00      0.00      0.00      0.00      0.00
09:07:50 AM      0.00      0.00      0.00      0.00      0.00      0.00      0.00      0.00
09:07:55 AM      0.00      0.00      0.00      0.00      0.00      0.00      0.00      0.00
09:08:00 AM      0.00      0.00      0.00      0.00      0.00      0.00      0.00      0.00
09:08:05 AM      0.00      0.00      0.00      0.00      0.00      0.00      0.00      0.00
09:08:10 AM      0.00      0.00      0.00      0.00      0.00      0.00      0.00      0.00
09:08:15 AM      0.00      0.00      0.00      0.00      0.00      0.00      0.00      0.00
09:08:20 AM      0.00      0.00      0.00      0.00      0.00      0.00      0.00      0.00
09:08:25 AM      0.00      0.00      0.00      0.00      0.00      0.00      0.00      0.00
09:08:30 AM      0.00      0.00      0.00      0.00      0.00      0.00      0.00      0.00
09:08:35 AM      0.00      0.00      0.00      0.00      0.00      0.00      0.00      0.00
09:08:40 AM      0.00      0.00      0.00      0.00      0.00      0.00      0.00      0.00
09:08:45 AM      0.00      0.00      0.00      0.00      0.00      0.00      0.00      0.00
09:08:50 AM      0.00      0.00      0.00      0.00      0.00      0.00      0.00      0.00
09:08:55 AM      0.00      0.00      0.00      0.00      0.00      0.00      0.00      0.00
09:09:00 AM      0.00      0.00      0.00      0.00      0.00      0.00      0.00      0.00
09:09:05 AM      0.00      0.00      0.00      0.00      0.00      0.00      0.00      0.00
09:09:10 AM      0.00      0.00      0.00      0.00      0.00      0.00      0.00      0.00
09:09:15 AM      0.00      0.00      0.00      0.00      0.00      0.00      0.00      0.00
09:09:20 AM      0.00      0.00      0.00      0.00      0.00      0.00      0.00      0.00
09:09:25 AM      0.00      0.00      0.00      0.00      0.00      0.00      0.00      0.00
09:09:30 AM      0.00      0.00      0.00      0.00      0.00      0.00      0.00      0.00
09:09:35 AM      0.00      0.00      0.00      0.00      0.00      0.00      0.00      0.00
09:09:40 AM      0.00      0.00      0.00      0.00      0.00      0.00      0.00      0.00
09:09:45 AM      0.00      0.00      0.00      0.00      0.00      0.00      0.00      0.00
09:09:50 AM      0.00      0.00      0.00      0.00      0.00      0.00      0.00      0.00
09:09:55 AM      0.00      0.00      0.00      0.00      0.00      0.00      0.00      0.00
09:10:00 AM      0.00      0.00      0.00      0.00      0.00      0.00      0.00      0.00
09:10:05 AM      0.00      0.00      0.00      0.00      0.00      0.00      0.00      0.00
09:10:10 AM      0.00      0.00      0.00      0.00      0.00      0.00      0.00      0.00
09:10:15 AM      0.00      0.00      0.00      0.00      0.00      0.00      0.00      0.00
09:10:20 AM      0.00      0.00      0.00      0.00      0.00      0.00      0.00      0.00
09:10:25 AM      0.00      0.00      0.00      0.00      0.00      0.00      0.00      0.00
09:10:30 AM      0.00      0.00      0.00      0.00      0.00      0.00      0.00      0.00
09:10:35 AM      0.00      0.00      0.00      0.00      0.00      0.00      0.00      0.00
09:10:40 AM      0.00      0.00      0.00      0.00      0.00      0.00      0.00      0.00
09:10:45 AM      0.00      0.00      0.00      0.00      0.00      0.00      0.00      0.00
09:10:50 AM      0.00      0.00      0.00      0.00      0.00      0.00      0.00      0.00
09:10:55 AM      0.00      0.00      0.00      0.00      0.00      0.00      0.00      0.00
09:11:00 AM      0.00      0.00      0.00      0.00      0.00      0.00      0.00      0.00
09:11:05 AM      0.00      0.00      0.00      0.00      0.00      0.00      0.00      0.00
09:11:10 AM      0.00      0.00      0.00      0.00      0.00      0.00      0.00      0.00
09:11:15 AM      0.00      0.00      0.00      0.00      0.00      0.00      0.00      0.00
09:11:20 AM      0.00      0.00      0.00      0.00      0.00      0.00      0.00      0.00
09:11:25 AM      0.00      0.00      0.00      0.00      0.00      0.00      0.00      0.00
09:11:30 AM      0.00      0.00      0.00      0.00      0.00      0.00      0.00      0.00
09:11:35 AM      0.00      0.00      0.00      0.00      0.00      0.00      0.00      0.00
09:11:40 AM      0.00      0.00      0.00      0.00      0.00      0.00      0.00      0.00
09:11:45 AM      0.00      0.00      0.00      0.00      0.00      0.00      0.00      0.00
09:11:50 AM      0.00      0.00      0.00      0.00      0.00      0.00      0.00      0.00
09:11:55 AM      0.00      0.00      0.00      0.00      0.00      0.00      0.00      0.00
09:12:00 AM      0.00      0.00      0.00      0.00      0.00      0.00      0.00      0.00
09:12:05 AM      0.00      0.00      0.00      0.00      0.00      0.00      0.00      0.00
09:12:10 AM      0.00      0.00      0.00      0.00      0.00      0.00      0.00      0.00
09:12:15 AM      0.00      0.00      0.00      0.00      0.00      0.00      0.00      0.00
09:12:20 AM      0.00      0.00      0.00      0.00      0.00      0.00      0.00      0.00
09:12:25 AM      0.00      0.00      0.00      0.00      0.00      0.00      0.00      0.00
09:12:30 AM      0.00      0.00      0.00      0.00      0.00      0.00      0.00      0.00
09:12:35 AM      0.00      0.00      0.00      0.00      0.00      0.00      0.00      0.00
09:12:40 AM      0.00      0.00      0.00      0.00      0.00      0.00      0.00      0.00
09:12:45 AM      0.00      0.00      0.00      0.00      0.00      0.00      0.00      0.00
09:12:50 AM      0.00      0.00      0.00      0.00      0.00      0.00      0.00      0.00
09:12:55 AM      0.00      0.00      0.00      0.00      0.00      0.00      0.00      0.00
09:13:00 AM      0.00      0.00      0.00      0.00      0.00      0.00      0.00      0.00
09:13:05 AM      0.00      0.00      0.00      0.00      0.00      0.00      0.00      0.00
09:13:10 AM      0.00      0.00      0.00      0.00      0.00      0.00      0.00      0.00
09:13:15 AM      0.00      0.00      0.00      0.00      0.00      0.00      0.00      0.00
09:13:20 AM      0.00      0.00      0.00      0.00      0.00      0.00      0.00      0.00
09:13:25 AM      0.00      0.00      0.00      0.00      0.00      0.00      0.00      0.00
09:13:30 AM      0.00      0.00      0.00      0.00      0.00      0.00      0.00      0.00
09:13:35 AM      0.00      0.00      0.00      0.00      0.00      0.00      0.00      0.00
09:13:40 AM      0.00      0.00      0.00      0.00      0.00      0.00      0.00      0.00
09:13:45 AM      0.00      0.00      0.00      0.00      0.00      0.00      0.00      0.00
09:13:50 AM      0.00      0.00      0.00      0.00      0.00      0.00      0.00      0.00
09:13:55 AM      0.00      0.00      0.00      0.00      0.00      0.00      0.00      0.00
09:14:00 AM      0.00      0.00      0.00      0.00      0.00      0.00      0.00      0.00
09:14:05 AM      0.00      0.00      0.00      0.00      0.00      0.00      0.00      0.00
09:14:10 AM      0.00      0.00      0.00      0.00      0.00      0.00      0.00      0.00
09:14:15 AM      0.00      0.00      0.00      0.00      0.00      0.00      0.00      0.00
09:14:20 AM      0.00      0.00      0.00      0.00      0.00      0.00      0.00      0.00
09:14:25 AM      0.00      0.00      0.00      0.00      0.00      0.00      0.00      0.00
09:14:30 AM      0.00      0.00      0.00      0.00      0.00      0.00      0.00      0.00
09:14:35 AM      0.00      0.00      0.00      0.00      0.00      0.00      0.00      0.00
09:14:40 AM      0.00      0.00      0.00      0.00      0.00      0.00      0.00      0.00
09:14:45 AM      0.00      0.00      0.00      0.00      0.00      0.00      0.00      0.00
09:14:50 AM      0.00      0.00      0.00      0.00      0.00      0.00      0.00      0.00
09:14:55 AM      0.00      0.00      0.00      0.00      0.00      0.00      0.00      0.00
09:15:00 AM      0.00      0.00      0.00      0.00      0.00      0.00      0.00      0.00
09:15:05 AM      0.00      0.00      0.00      0.00      0.00      0.00      0.00      0.00
09:15:10 AM      0.00      0.00      0.00      0.00      0.00      0.00      0.00      0.00
09:15:15 AM      0.00      0.00      0.00      0.00      0.00      0.00      0.00      0.00
09:15:20 AM      0.00      0.00      0.00      0.00      0.00      0.00      0.00      0.00
09:15:25 AM      0.00      0.00      0.00      0.00      0.00      0.00      0.00      0.00
09:15:30 AM      0.00      0.00      0.00      0.00      0.00      0.00      0.00      0.00
09:15:35 AM      0.00      0.00      0.00      0.00      0.00      0.00      0.00      0.00
09:15:40 AM      0.00      0.00      0.00      0.00      0.00      0.00      0.00      0.00
09:15:45 AM      0.00      0.00      0.00      0.00      0.00      0.00      0.00      0.00
09:15:50 AM      0.00      0.00      0.00      0.00      0.00      0.00      0.00      0.00
09:15:55 AM      0.00      0.00      0.00      0.00      0.00      0.00      0.00      0.00
09:16:00 AM      0.00      0.00      0.00      0.00      0.00      0.00      0.00      0.00
09:16:05 AM      0.00      0.00      0.00      0.00      0.00      0.00      0.00      0.00
09:16:10 AM      0.00      0.00      0.00      0.00      0.00      0.00      0.00      0.00
09:16:15 AM      0.00      0.00      0.00      0.00      0.00      0.00      0.00      0.00
09:16:20 AM      0.00      0.00      0.00      0.00      0.00      0.00      0.00      0.00
09:16:25 AM      0.00      0.00      0.00      0.00      0.00      0.00      0.00      0.00
09:16:30 AM      0.00      0.00      0.00      0.00      0.00      0.00      0.00      0.00
09:16:35 AM      0.00      0.00      0.00      0.00      0.00      0.00      0.00      0.00
09:16:40 AM      0.00      0.00      0.00      0.00      0.00      0.00      0.00      0.00
09:16:45 AM      0.00      0.00      0.00      0.00      0.00      0.00      0.00      0.00
09:16:50 AM      0.00      0.00      0.00      0.00      0.00      0.00      0.00      0.00
09:16:55 AM      0.00      0.00      0.00      0.00      0.00      0.00      0.00      0.00
09:17:00 AM      0.00      0.00      0.00      0.00      0.00      0.00      0.00      0.00
09:17:05 AM      0.00      0.00      0.00      0.00      0.00      0.00      0.00      0.00
09:17:10 AM      0.00      0.00      0.00      0.00      0.00      0.00      0.00      0.00
09:17:15 AM      0.00      0.00      0.00      0.00      0.00      0.00      0.00      0.00
09:17:20 AM      0.00      0.00      0.00      0.00      0.00      0.00      0.00      0.00
09:17:25 AM      0.00      0.00      0.00      0.02      0.00      0.00      0.00      0.01
09:17:30 AM      0.00      0.00      0.00      0.00      0.00      0.00      0.00      0.00
09:17:35 AM      0.00      0.00      0.00      0.00      0.00      0.00      0.00      0.00
09:17:40 AM      0.00      0.00      0.00      0.00      0.00      0.00      0.00      0.00
09:17:45 AM      0.00      0.00      0.00      0.00      0.00      0.00      0.00      0.00
09:17:50 AM      0.00      0.00      0.00      0.00      0.00      0.00      0.00      0.00
09:17:55 AM      0.00      0.00      0.00      0.00      0.00      0.00      0.00      0.00
09:18:00 AM      0.00      0.00      0.00      0.00      0.00      0.00      0.00      0.00
09:18:05 AM      0.00      0.00      0.00      0.00      0.00      0.00      0.00      0.00
09:18:10 AM      0.00      0.00      0.00      0.00      0.00      0.00      0.00      0.00
09:18:15 AM      0.00      0.00      0.00      0.00      0.00      0.00      0.00      0.00
09:18:20 AM      0.00      0.00      0.00      0.00      0.00      0.00      0.00      0.00
09:18:25 AM      0.00      0.00      0.00      0.00      0.00      0.00      0.00      0.00
09:18:30 AM      0.00      0.00      0.00      0.00      0.00      0.00      0.00      0.00
09:18:35 AM      0.00      0.00      0.00      0.00      0.00      0.00      0.00      0.00
09:18:40 AM      0.00      0.00      0.00      0.00      0.00      0.00      0.00      0.00
09:18:45 AM      0.00      0.00      0.00      0.00      0.00      0.00      0.00      0.00
09:18:50 AM      0.00      0.00      0.00      0.00      0.00      0.00      0.00      0.00
09:18:55 AM      0.00      0.00      0.00      0.00      0.00      0.00      0.00      0.00
09:19:00 AM      0.00      0.00      0.00      0.00      0.00      0.00      0.00      0.00
09:19:05 AM      0.00      0.00      0.00      0.00      0.00      0.00      0.00      0.00
09:19:10 AM      0.00      0.00      0.00      0.00      0.00      0.00      0.00      0.00
09:19:15 AM      0.00      0.00      0.00      0.00      0.00      0.00      0.00      0.00
09:19:20 AM      1.15      0.25      0.05      3.25      1.01      0.22      0.04      3.24
09:19:25 AM      0.77      0.23      0.05      0.00      0.67      0.20      0.04      0.00
09:19:30 AM      0.60      0.24      0.05      7.92      0.55      0.21      0.05      7.92
09:19:35 AM      3.37      0.86      0.19      3.61      3.33      0.83      0.18      3.61
09:19:40 AM      2.58      0.96      0.23      0.00      2.56      0.94      0.22      0.00
09:19:45 AM      1.72      0.90      0.22      0.00      1.71      0.87      0.21      0.00
09:19:50 AM      0.94      0.81      0.22      0.00      0.94      0.79      0.21      0.00
09:19:55 AM      0.63      0.76      0.21      0.00      0.63      0.74      0.21      0.00
09:20:00 AM      0.34      0.68      0.21      0.00      0.34      0.67      0.20      0.00
09:20:05 AM      0.23      0.64      0.20      0.00      0.23      0.62      0.20      0.00
09:20:10 AM      0.12      0.58      0.20      0.00      0.12      0.56      0.19      0.00
09:20:15 AM      0.08      0.54      0.20      0.00      0.08      0.53      0.19      0.00
09:20:20 AM      0.04      0.49      0.19      0.00      0.04      0.47      0.19      0.00
09:20:25 AM      0.03      0.45      0.19      0.00      0.03      0.44      0.18      0.00
09:20:30 AM      0.01      0.41      0.18      0.00      0.01      0.40      0.18      0.00
09:20:35 AM      0.01      0.38      0.18      0.21      0.01      0.37      0.18      0.21
09:20:40 AM      0.00      0.35      0.18      0.00      0.00      0.34      0.17      0.00
09:20:45 AM      0.00      0.32      0.17      0.00      0.00      0.31      0.17      0.00
09:20:50 AM      0.00      0.29      0.17      0.00      0.00      0.28      0.16      0.00
09:20:55 AM      0.00      0.27      0.17      0.00      0.00      0.26      0.16      0.00
09:21:00 AM      0.00      0.25      0.16      0.00      0.00      0.24      0.16      0.00
09:21:05 AM      0.00      0.23      0.16      0.00      0.00      0.22      0.15      0.00
09:21:10 AM      0.00      0.21      0.16      0.00      0.00      0.20      0.15      0.00
09:21:15 AM      0.00      0.19      0.15      0.00      0.00      0.19      0.15      0.00
09:21:20 AM      0.00      0.17      0.15      0.00      0.00      0.17      0.14      0.00
09:21:25 AM      0.00      0.16      0.14      0.00      0.00      0.16      0.14      0.00
09:21:30 AM      0.00      0.14      0.14      0.00      0.00      0.14      0.14      0.00
09:21:35 AM      0.00      0.13      0.14      0.00      0.00      0.13      0.13      0.00
09:21:40 AM      0.00      0.12      0.13      0.00      0.00      0.12      0.13      0.00
09:21:45 AM      0.00      0.11      0.13      0.00      0.00      0.11      0.13      0.00
09:21:50 AM      0.00      0.10      0.13      0.00      0.00      0.10      0.13      0.00
09:21:55 AM      0.00      0.09      0.13      0.00      0.00      0.09      0.12      0.00
09:22:00 AM      0.00      0.08      0.12      0.00      0.00      0.08      0.12      0.00
09:22:05 AM      0.00      0.08      0.12      0.00      0.00      0.07      0.12      0.00
09:22:10 AM      0.00      0.07      0.12      0.00      0.00      0.07      0.12      0.00
09:22:15 AM      0.00      0.06      0.12      0.00      0.00      0.06      0.11      0.00
09:22:20 AM      0.00      0.06      0.12      0.00      0.00      0.05      0.11      0.00
09:22:25 AM      0.00      0.05      0.11      0.00      0.00      0.05      0.11      0.00
09:22:30 AM      0.00      0.04      0.11      0.00      0.00      0.04      0.11      0.00
09:22:35 AM      0.00      0.04      0.11      0.00      0.00      0.04      0.10      0.00
09:22:40 AM      0.00      0.04      0.11      0.00      0.00      0.04      0.10      0.00
09:22:45 AM      0.00      0.03      0.10      0.00      0.00      0.03      0.10      0.00
09:22:50 AM      0.00      0.03      0.10      1.04      0.00      0.03      0.10      1.04
09:22:55 AM      0.29      0.09      0.11      0.00      0.29      0.09      0.11      0.00
09:23:00 AM      0.16      0.08      0.11      0.00      0.16      0.08      0.11      0.00
09:23:05 AM      0.10      0.07      0.11      0.00      0.10      0.07      0.10      0.00
09:23:10 AM      0.05      0.07      0.10      0.00      0.05      0.06      0.10      0.00
09:23:15 AM      0.03      0.06      0.10      0.00      0.03      0.06      0.10      0.00
09:23:20 AM      0.02      0.05      0.10      0.00      0.02      0.05      0.10      0.00
09:23:25 AM      0.01      0.05      0.10      0.00      0.01      0.05      0.09      0.00
09:23:30 AM      0.00      0.04      0.10      0.00      0.00      0.04      0.09      0.00
09:23:35 AM      0.00      0.04      0.09      0.00      0.00      0.04      0.09      0.00
09:23:40 AM      0.00      0.04      0.09      0.00      0.00      0.03      0.09      0.00
09:23:45 AM      0.00      0.03      0.09      0.00      0.00      0.03      0.08      0.00
09:23:50 AM      0.00      0.03      0.09      0.00      0.00      0.03      0.08      0.00
09:23:55 AM      0.00      0.02      0.08      0.00      0.00      0.02      0.08      0.00
09:24:00 AM      0.00      0.02      0.08      0.00      0.00      0.02      0.08      0.00
09:24:05 AM      0.00      0.02      0.08      0.00      0.00      0.02      0.08      0.00
09:24:10 AM      0.00      0.02      0.08      0.05      0.00      0.02      0.07      0.05
09:24:15 AM      0.00      0.02      0.07      0.00      0.00      0.01      0.07      0.00
09:24:20 AM      0.00      0.01      0.07      0.18      0.00      0.01      0.07      0.18
09:24:25 AM      0.00      0.01      0.07      0.00      0.00      0.01      0.07      0.00
09:24:30 AM      0.00      0.01      0.07      0.00      0.00      0.01      0.06      0.00
09:24:35 AM      0.00      0.01      0.06      0.00      0.00      0.01      0.06      0.00
09:24:40 AM      0.00      0.01      0.06      0.00      0.00      0.01      0.06      0.00
09:24:45 AM      0.00      0.00      0.06      0.00      0.00      0.00      0.06      0.00
09:24:50 AM      0.00      0.00      0.06      0.00      0.00      0.00      0.06      0.00
09:24:55 AM      0.00      0.00      0.06      0.00      0.00      0.00      0.06      0.00
09:25:00 AM      0.00      0.00      0.06      0.00      0.00      0.00      0.06      0.00
09:25:05 AM      0.00      0.00      0.06      0.00      0.00      0.00      0.06      0.00
09:25:10 AM      0.00      0.00      0.06      0.00      0.00      0.00      0.05      0.00
09:25:15 AM      0.00      0.00      0.06      0.00      0.00      0.00      0.05      0.00
09:25:20 AM      0.00      0.00      0.05      0.00      0.00      0.00      0.05      0.00
09:25:25 AM      0.00      0.00      0.05      0.00      0.00      0.00      0.05      0.00
09:25:30 AM      0.00      0.00      0.05      0.00      0.00      0.00      0.05      0.00
09:25:35 AM      0.00      0.00      0.05      0.00      0.00      0.00      0.05      0.00
09:25:40 AM      0.00      0.00      0.05      0.00      0.00      0.00      0.05      0.00
09:25:45 AM      0.00      0.00      0.05      0.00      0.00      0.00      0.05      0.00
09:25:50 AM      0.00      0.00      0.05      0.00      0.00      0.00      0.04      0.00
09:25:55 AM      0.00      0.00      0.05      0.00      0.00      0.00      0.04      0.00
09:26:00 AM      0.00      0.00      0.04      0.00      0.00      0.00      0.04      0.00
09:26:05 AM      0.00      0.00      0.04      0.00      0.00      0.00      0.04      0.00
09:26:10 AM      0.00      0.00      0.04      0.00      0.00      0.00      0.04      0.00
09:26:15 AM      0.00      0.00      0.04      0.00      0.00      0.00      0.04      0.00
09:26:20 AM      0.00      0.00      0.04      0.00      0.00      0.00      0.04      0.00
09:26:25 AM      0.00      0.00      0.04      0.00      0.00      0.00      0.04      0.00
09:26:30 AM      0.00      0.00      0.04      0.00      0.00      0.00      0.04      0.00
09:26:35 AM      0.00      0.00      0.04      0.00      0.00      0.00      0.03      0.00
09:26:40 AM      0.00      0.00      0.03      0.00      0.00      0.00      0.03      0.00
09:26:45 AM      0.00      0.00      0.03      0.00      0.00      0.00      0.03      0.00
09:26:50 AM      0.00      0.00      0.03      0.00      0.00      0.00      0.03      0.00
09:26:55 AM      0.00      0.00      0.03      0.00      0.00      0.00      0.03      0.00
09:27:00 AM      0.00      0.00      0.03      0.00      0.00      0.00      0.03      0.00
09:27:05 AM      0.00      0.00      0.03      0.00      0.00      0.00      0.03      0.00
09:27:10 AM      0.00      0.00      0.03      0.00      0.00      0.00      0.03      0.00
09:27:15 AM      0.00      0.00      0.03      0.00      0.00      0.00      0.02      0.00
09:27:20 AM      0.00      0.00      0.02      0.00      0.00      0.00      0.02      0.00
09:27:25 AM      0.00      0.00      0.02      0.00      0.00      0.00      0.02      0.00
09:27:30 AM      0.00      0.00      0.02      0.00      0.00      0.00      0.02      0.00
09:27:35 AM      0.00      0.00      0.02      0.01      0.00      0.00      0.02      0.01
09:27:40 AM      0.00      0.00      0.02      0.00      0.00      0.00      0.02      0.00
09:27:45 AM      0.00      0.00      0.02      0.00      0.00      0.00      0.02      0.00
09:27:50 AM      0.00      0.00      0.02      0.00      0.00      0.00      0.02      0.00
09:27:55 AM      0.00      0.00      0.02      0.00      0.00      0.00      0.01      0.00
09:28:00 AM      0.00      0.00      0.01      0.00      0.00      0.00      0.01      0.00
09:28:05 AM      0.00      0.00      0.01      0.00      0.00      0.00      0.01      0.00
09:28:10 AM      0.00      0.00      0.01      0.00      0.00      0.00      0.01      0.00
09:28:15 AM      0.00      0.00      0.01      0.00      0.00      0.00      0.01      0.00
09:28:20 AM      0.00      0.00      0.01      0.00      0.00      0.00      0.01      0.00
09:28:25 AM      0.00      0.00      0.01      0.00      0.00      0.00      0.01      0.00
09:28:30 AM      0.00      0.00      0.01      0.00      0.00      0.00      0.01      0.00
09:28:35 AM      0.00      0.00      0.01      0.00      0.00      0.00      0.00      0.00
09:28:40 AM      0.00      0.00      0.00      0.00      0.00      0.00      0.00      0.00
09:28:45 AM      0.00      0.00      0.00      0.00      0.00      0.00      0.00      0.00
09:28:50 AM      0.00      0.00      0.00      0.00      0.00      0.00      0.00      0.00
09:28:55 AM      0.00      0.00      0.00      0.00      0.00      0.00      0.00      0.00
09:29:00 AM      0.00      0.00      0.00      0.00      0.00      0.00      0.00      0.00
09:29:05 AM      0.00      0.00      0.00      0.00      0.00      0.00      0.00      0.00
09:29:10 AM      0.00      0.00      0.00      0.00      0.00      0.00      0.00      0.00
09:29:15 AM      0.00      0.00      0.00      0.00      0.00      0.00      0.00      0.00
09:29:20 AM      0.00      0.00      0.00      0.00      0.00      0.00      0.00      0.00
09:29:25 AM      0.00      0.00      0.00      0.00      0.00      0.00      0.00      0.00
09:29:30 AM      0.00      0.00      0.00      0.00      0.00      0.00      0.00      0.00
09:29:35 AM      4.84      0.90      0.19     20.13      4.84      0.90      0.19     20.13
09:29:40 AM      6.89      1.86      0.41      5.27      6.89      1.86      0.41      5.27
09:29:45 AM      7.32      2.26      0.52      6.62      7.32      2.26      0.52      6.62
09:29:50 AM      8.51      2.86      0.68     17.23      8.51      2.86      0.68     17.22
09:29:55 AM     25.03      6.44      1.47     57.54     25.03      6.44      1.47     57.54
09:30:00 AM     19.21      7.21      1.74      0.83     19.21      7.21      1.74      0.83
09:30:05 AM     13.02      6.78      1.72      0.49     13.02      6.78      1.72      0.49
09:30:10 AM      7.15      6.13      1.69      0.00      7.15      6.13      1.69      0.00
09:30:15 AM      4.79      5.74      1.66      0.00      4.79      5.74      1.66      0.00
09:30:20 AM      2.63      5.19      1.63      0.00      2.63      5.19      1.63      0.00
09:30:25 AM      1.76      4.85      1.60      0.02      1.76      4.85      1.60      0.02
09:30:30 AM      0.96      4.39      1.57      0.00      0.96      4.39      1.57      0.00
09:30:35 AM      0.64      4.11      1.55      0.01      0.64      4.11      1.55      0.01
09:30:40 AM      0.35      3.72      1.52      0.00      0.35      3.72      1.52      0.00
09:30:45 AM      0.23      3.48      1.50      0.00      0.23      3.48      1.50      0.00
09:30:50 AM      0.12      3.15      1.46      0.01      0.12      3.15      1.46      0.01
09:30:55 AM      0.08      2.94      1.44      0.00      0.08      2.94      1.44      0.00
09:31:00 AM      0.04      2.66      1.41      0.00      0.04      2.66      1.41      0.00
09:31:05 AM      0.03      2.49      1.39      0.00      0.03      2.49      1.39      0.00
09:31:10 AM      0.01      2.25      1.36      0.04      0.01      2.25      1.36      0.04
09:31:15 AM      0.01      2.11      1.35      0.00      0.01      2.11      1.35      0.00
09:31:20 AM      0.00      1.91      1.32      0.00      0.00      1.91      1.32      0.00
09:31:25 AM      0.00      1.78      1.30      0.00      0.00      1.78      1.30      0.00
09:31:30 AM      0.00      1.61      1.27      0.04      0.00      1.61      1.27      0.04
09:31:35 AM      0.00      1.51      1.25      0.00      0.00      1.51      1.25      0.00
09:31:40 AM      0.00      1.36      1.23      0.00      0.00      1.36      1.23      0.00
09:31:45 AM      0.00      1.27      1.21      0.00      0.00      1.27      1.21      0.00
09:31:50 AM      0.00      1.15      1.18      0.00      0.00      1.15      1.18      0.00
09:31:55 AM      0.00      1.08      1.17      0.00      0.00      1.08      1.17      0.00
09:32:00 AM      0.00      0.97      1.14      0.00      0.00      0.97      1.14      0.00
09:32:05 AM      0.00      0.91      1.13      0.00      0.00      0.91      1.13      0.00
09:32:10 AM      0.00      0.82      1.10      0.00      0.00      0.82      1.10      0.00
09:32:15 AM      0.00      0.77      1.09      0.00      0.00      0.77      1.09      0.00
09:32:20 AM      0.00      0.69      1.06      0.00      0.00      0.69      1.06      0.00
09:32:25 AM      0.00      0.65      1.05      0.00      0.00      0.65      1.05      0.00
09:32:30 AM      0.00      0.59      1.03      0.05      0.00      0.59      1.03      0.05
09:32:35 AM      0.00      0.55      1.01      0.00      0.00      0.55      1.01      0.00
09:32:40 AM      0.00      0.50      0.99      0.00      0.00      0.50      0.99      0.00
09:32:45 AM      0.00      0.46      0.98      0.00      0.00      0.46      0.98      0.00
09:32:50 AM      0.00      0.42      0.96      0.00      0.00      0.42      0.96      0.00
09:32:55 AM      0.00      0.39      0.94      0.00      0.00      0.39      0.94      0.00
09:33:00 AM      0.00      0.35      0.92      0.00      0.00      0.35      0.92      0.00
09:33:05 AM      0.00      0.33      0.91      0.00      0.00      0.33      0.91      0.00
09:33:10 AM      0.00      0.30      0.89      0.00      0.00      0.30      0.89      0.00
09:33:15 AM      0.00      0.28      0.88      0.00      0.00      0.28      0.88      0.00
09:33:20 AM      0.00      0.25      0.86      0.00      0.00      0.25      0.86      0.00
09:33:25 AM      0.00      0.23      0.85      0.00      0.00      0.23      0.85      0.00
09:33:30 AM      0.00      0.21      0.83      0.00      0.00      0.21      0.83      0.00
09:33:35 AM      0.00      0.19      0.82      0.01      0.00      0.19      0.82      0.01
09:33:40 AM      1.26      0.40      0.85      3.17      1.26      0.40      0.85      3.17
09:33:45 AM      0.84      0.38      0.84      0.00      0.84      0.38      0.84      0.00
09:33:50 AM      0.46      0.34      0.82      0.00      0.46      0.34      0.82      0.00
09:33:55 AM      0.31      0.32      0.81      0.00      0.31      0.32      0.81      0.00
09:34:00 AM      0.17      0.29      0.79      0.00      0.17      0.29      0.79      0.00
09:34:05 AM      0.11      0.27      0.78      0.00      0.11      0.27      0.78      0.00
09:34:10 AM      0.06      0.24      0.76      0.00      0.06      0.24      0.76      0.00
09:34:15 AM      0.04      0.22      0.75      0.00      0.04      0.22      0.75      0.00
09:34:20 AM      0.02      0.20      0.73      0.00      0.02      0.20      0.73      0.00
09:34:25 AM      0.01      0.19      0.72      0.00      0.01      0.19      0.72      0.00
09:34:30 AM      0.00      0.17      0.71      0.00      0.00      0.17      0.71      0.00
09:34:35 AM      0.00      0.16      0.70      0.00      0.00      0.16      0.70      0.00
09:34:40 AM      0.00      0.14      0.68      0.00      0.00      0.14      0.68      0.00
09:34:45 AM      0.00      0.13      0.67      0.00      0.00      0.13      0.67      0.00
09:34:50 AM      0.00      0.12      0.66      0.00      0.00      0.12      0.66      0.00
09:34:55 AM      0.00      0.11      0.65      0.00      0.00      0.11      0.65      0.00
09:35:00 AM      0.00      0.10      0.63      0.00      0.00      0.10      0.63      0.00
09:35:05 AM      0.00      0.09      0.63      0.00      0.00      0.09      0.63      0.00
09:35:10 AM      0.00      0.08      0.61      0.00      0.00      0.08      0.61      0.00
09:35:15 AM      0.00      0.08      0.60      0.00      0.00      0.08      0.60      0.00
09:35:20 AM      0.00      0.07      0.59      0.00      0.00      0.07      0.59      0.00
09:35:25 AM      0.00      0.06      0.58      0.00      0.00      0.06      0.58      0.00
09:35:30 AM      0.00      0.05      0.57      0.00      0.00      0.05      0.57      0.00
09:35:35 AM      0.00      0.05      0.56      0.00      0.00      0.05      0.56      0.00
09:35:40 AM      0.00      0.04      0.55      0.00      0.00      0.04      0.55      0.00
09:35:45 AM      0.00      0.04      0.54      0.14      0.00      0.04      0.54      0.14
09:35:50 AM      0.00      0.04      0.53      0.00      0.00      0.04      0.53      0.00
09:35:55 AM      0.00      0.03      0.52      0.00      0.00      0.03      0.52      0.00
09:36:00 AM      0.00      0.03      0.51      0.00      0.00      0.03      0.51      0.00
09:36:05 AM      0.00      0.03      0.50      0.00      0.00      0.03      0.50      0.00
09:36:10 AM      0.00      0.02      0.49      0.00      0.00      0.02      0.49      0.00
09:36:15 AM      0.00      0.02      0.48      0.00      0.00      0.02      0.48      0.00
09:36:20 AM      0.00      0.02      0.47      0.00      0.00      0.02      0.47      0.00
09:36:25 AM      0.00      0.02      0.47      0.00      0.00      0.02      0.47      0.00
09:36:30 AM      0.00      0.01      0.46      0.00      0.00      0.01      0.46      0.00
09:36:35 AM      0.00      0.01      0.45      0.00      0.00      0.01      0.45      0.00
09:36:40 AM      0.00      0.01      0.44      0.00      0.00      0.01      0.44      0.00
09:36:45 AM      0.00      0.01      0.43      0.00      0.00      0.01      0.43      0.00
09:36:50 AM      0.00      0.01      0.42      0.00      0.00      0.01      0.42      0.00
09:36:55 AM      0.00      0.01      0.42      0.00      0.00      0.01      0.42      0.00
09:37:00 AM      0.00      0.00      0.41      0.00      0.00      0.00      0.41      0.00
09:37:05 AM      0.00      0.00      0.40      0.00      0.00      0.00      0.40      0.00
09:37:10 AM      0.00      0.00      0.39      0.00      0.00      0.00      0.39      0.00
09:37:15 AM      0.00      0.00      0.39      0.00      0.00      0.00      0.39      0.00
09:37:20 AM      0.00      0.00      0.38      0.00      0.00      0.00      0.38      0.00
09:37:25 AM      0.00      0.00      0.37      0.00      0.00      0.00      0.37      0.00
09:37:30 AM      0.00      0.00      0.36      0.00      0.00      0.00      0.36      0.00
09:37:35 AM      0.00      0.00      0.36      0.00      0.00      0.00      0.36      0.00
09:37:40 AM      0.00      0.00      0.35      0.00      0.00      0.00      0.35      0.00
09:37:45 AM      0.00      0.00      0.34      0.00      0.00      0.00      0.34      0.00
09:37:50 AM      0.00      0.00      0.34      0.00      0.00      0.00      0.34      0.00
09:37:55 AM      0.00      0.00      0.33      0.00      0.00      0.00      0.33      0.00
09:38:00 AM      0.00      0.00      0.33      0.00      0.00      0.00      0.33      0.00
09:38:05 AM      0.00      0.00      0.32      0.00      0.00      0.00      0.32      0.00
09:38:10 AM      0.00      0.00      0.31      0.00      0.00      0.00      0.31      0.00
09:38:15 AM      0.00      0.00      0.31      0.11      0.00      0.00      0.31      0.11
09:38:20 AM      0.00      0.00      0.30      0.00      0.00      0.00      0.30      0.00
09:38:25 AM      0.00      0.00      0.30      0.02      0.00      0.00      0.30      0.02
09:38:30 AM      0.00      0.00      0.29      0.00      0.00      0.00      0.29      0.00
09:38:35 AM      0.00      0.00      0.28      0.00      0.00      0.00      0.28      0.00
09:38:40 AM      0.00      0.00      0.28      0.00      0.00      0.00      0.28      0.00
09:38:45 AM      0.00      0.00      0.27      0.00      0.00      0.00      0.27      0.00
09:38:50 AM      0.00      0.00      0.27      0.00      0.00      0.00      0.27      0.00
09:38:55 AM      0.00      0.00      0.26      0.00      0.00      0.00      0.26      0.00
09:39:00 AM      0.00      0.00      0.26      0.00      0.00      0.00      0.26      0.00
09:39:05 AM      0.00      0.00      0.25      0.00      0.00      0.00      0.25      0.00
09:39:10 AM      0.00      0.00      0.25      0.00      0.00      0.00      0.25      0.00
09:39:15 AM      0.00      0.00      0.24      0.01      0.00      0.00      0.24      0.00
09:39:20 AM      0.00      0.00      0.24      0.00      0.00      0.00      0.24      0.00
09:39:25 AM      0.00      0.00      0.23      0.00      0.00      0.00      0.23      0.00
09:39:30 AM      0.00      0.00      0.23      0.00      0.00      0.00      0.23      0.00
09:39:35 AM      0.00      0.00      0.22      0.00      0.00      0.00      0.22      0.00
09:39:40 AM     10.59      1.98      0.64     27.96     10.59      1.98      0.64     27.95
09:39:45 AM     12.60      2.99      0.87     11.97     12.60      2.99      0.87     11.97
09:39:50 AM      6.92      2.71      0.85      0.00      6.92      2.71      0.85      0.00
09:39:55 AM      4.63      2.53      0.84      1.02      4.63      2.53      0.84      1.02
09:40:00 AM      3.85      2.58      0.89      3.50      3.85      2.58      0.89      3.50
09:40:05 AM      2.94      2.47      0.89      1.42      2.94      2.47      0.89      1.42
09:40:10 AM      1.86      2.30      0.88      0.61      1.86      2.30      0.88      0.61
09:40:15 AM      1.24      2.15      0.87      0.00      1.24      2.15      0.87      0.00
09:40:20 AM      3.94      2.53      0.97      7.22      3.94      2.53      0.97      7.22
09:40:25 AM      2.64      2.37      0.96      0.26      2.64      2.37      0.96      0.26
09:40:30 AM      2.57      2.42      1.00      3.70      2.57      2.42      1.00      3.70
09:40:35 AM      2.79      2.49      1.03      3.46      2.79      2.49      1.03      3.46
09:40:40 AM      2.72      2.50      1.07      3.45      2.72      2.50      1.07      3.45
09:40:45 AM      5.26      2.96      1.18     20.17      5.26      2.96      1.18     20.17
09:40:50 AM     19.35      6.37      1.96     35.65     19.20      6.34      1.95     35.59
09:40:55 AM     13.33      6.03      1.95      0.86     13.23      6.00      1.94      0.86
09:41:00 AM      7.32      5.45      1.90      0.00      7.26      5.43      1.90      0.00
09:41:05 AM      4.90      5.10      1.88      0.00      4.87      5.08      1.87      0.00
09:41:10 AM      2.69      4.62      1.84      0.00      2.67      4.59      1.83      0.00
09:41:15 AM      1.80      4.32      1.81      0.00      1.79      4.30      1.81      0.00
09:41:20 AM      0.99      3.91      1.78      0.02      0.98      3.89      1.77      0.01
09:41:25 AM      0.66      3.65      1.75      0.00      0.65      3.64      1.74      0.00
09:41:30 AM      0.36      3.31      1.71      0.00      0.36      3.29      1.71      0.00
09:41:35 AM      0.24      3.09      1.69      0.00      0.24      3.08      1.68      0.00
09:41:40 AM      0.13      2.80      1.66      0.00      0.13      2.78      1.65      0.00
09:41:45 AM      0.08      2.62      1.63      0.00      0.08      2.60      1.63      0.00
09:41:50 AM      0.04      2.37      1.60      0.00      0.04      2.36      1.59      0.00
09:41:55 AM      0.03      2.21      1.58      0.00      0.03      2.20      1.57      0.00
09:42:00 AM      0.01      2.00      1.54      0.00      0.01      1.99      1.54      0.00
09:42:05 AM      0.01      1.87      1.52      0.00      0.01      1.86      1.52      0.00
09:42:10 AM      0.00      1.69      1.49      0.00      0.00      1.69      1.48      0.00
09:42:15 AM      0.00      1.58      1.47      0.00      0.00      1.58      1.46      0.00
09:42:20 AM      0.00      1.43      1.44      0.00      0.00      1.43      1.43      0.00
09:42:25 AM      0.00      1.34      1.42      0.00      0.00      1.33      1.41      0.00
09:42:30 AM      0.00      1.21      1.39      0.00      0.00      1.21      1.38      0.00
09:42:35 AM      0.00      1.13      1.37      0.00      0.00      1.13      1.36      0.00
09:42:40 AM      0.00      1.02      1.34      0.00      0.00      1.02      1.34      0.00
09:42:45 AM      0.00      0.96      1.32      0.00      0.00      0.95      1.32      0.00
09:42:50 AM      0.00      0.86      1.29      0.00      0.00      0.86      1.29      0.00
09:42:55 AM      0.00      0.81      1.28      0.00      0.00      0.80      1.27      0.00
09:43:00 AM      0.00      0.73      1.25      0.00      0.00      0.73      1.24      0.00
09:43:05 AM      0.00      0.68      1.23      0.00      0.00      0.68      1.23      0.00
09:43:10 AM      0.00      0.62      1.20      0.00      0.00      0.61      1.20      0.00
09:43:15 AM      0.00      0.58      1.19      0.06      0.00      0.57      1.18      0.06
09:43:20 AM      0.00      0.52      1.16      0.00      0.00      0.52      1.16      0.00
09:43:25 AM      0.00      0.49      1.15      0.00      0.00      0.48      1.14      0.00
09:43:30 AM      0.00      0.44      1.12      0.00      0.00      0.44      1.12      0.00
09:43:35 AM      0.00      0.41      1.11      0.00      0.00      0.41      1.10      0.00
09:43:40 AM      0.00      0.37      1.08      0.00      0.00      0.37      1.08      0.00
09:43:45 AM      0.00      0.35      1.07      0.00      0.00      0.34      1.06      0.00
09:43:50 AM      0.00      0.31      1.05      0.00      0.00      0.31      1.04      0.00
09:43:55 AM      0.00      0.29      1.03      0.00      0.00      0.29      1.03      0.00
09:44:00 AM      0.00      0.26      1.01      0.00      0.00      0.26      1.01      0.00
09:44:05 AM      0.00      0.24      0.99      0.00      0.00      0.24      0.99      0.00
09:44:10 AM      0.00      0.22      0.97      0.00      0.00      0.22      0.97      0.00
09:44:15 AM      0.00      0.20      0.96      0.00      0.00      0.20      0.96      0.00
09:44:20 AM      0.00      0.18      0.94      0.10      0.00      0.18      0.94      0.10
09:44:25 AM      0.00      0.17      0.93      0.00      0.00      0.17      0.92      0.00
09:44:30 AM      0.00      0.15      0.91      0.00      0.00      0.15      0.90      0.00
09:44:35 AM      6.34      1.29      1.13     14.71      6.34      1.29      1.13     14.71
09:44:40 AM      3.48      1.16      1.11      0.00      3.48      1.16      1.11      0.00
09:44:45 AM      2.33      1.09      1.09      0.00      2.33      1.09      1.09      0.00
09:44:50 AM      1.28      0.98      1.07      0.00      1.28      0.98      1.07      0.00
09:44:55 AM      0.85      0.92      1.06      0.00      0.85      0.92      1.05      0.00
09:45:00 AM      0.47      0.83      1.03      0.00      0.47      0.83      1.03      0.00
09:45:05 AM      0.31      0.78      1.02      0.00      0.31      0.78      1.02      0.00
09:45:10 AM      0.17      0.70      1.00      0.00      0.17      0.70      0.99      0.00
09:45:15 AM      0.11      0.66      0.98      0.00      0.11      0.66      0.98      0.00
09:45:20 AM      0.06      0.59      0.96      0.00      0.06      0.59      0.96      0.00
09:45:25 AM      0.04      0.55      0.95      0.00      0.04      0.55      0.95      0.00
09:45:30 AM      0.02      0.50      0.93      0.00      0.02      0.50      0.93      0.00
09:45:35 AM      0.01      0.47      0.91      0.00      0.01      0.47      0.91      0.00
09:45:40 AM      0.00      0.42      0.90      0.00      0.00      0.42      0.89      0.00
09:45:45 AM      0.00      0.39      0.88      0.00      0.00      0.39      0.88      0.00
09:45:50 AM      0.00      0.36      0.86      0.00      0.00      0.36      0.86      0.00
09:45:55 AM      0.00      0.33      0.85      0.00      0.00      0.33      0.85      0.00
09:46:00 AM      0.00      0.30      0.83      0.00      0.00      0.30      0.83      0.00
09:46:05 AM      0.00      0.28      0.82      0.00      0.00      0.28      0.82      0.00
09:46:10 AM      0.00      0.25      0.80      0.00      0.00      0.25      0.80      0.00
09:46:15 AM      0.00      0.23      0.79      0.00      0.00      0.23      0.79      0.00
09:46:20 AM      0.00      0.21      0.78      0.00      0.00      0.21      0.77      0.00
09:46:25 AM      0.00      0.20      0.76      0.00      0.00      0.20      0.76      0.00
09:46:30 AM      0.00      0.18      0.75      0.00      0.00      0.18      0.75      0.00
09:46:35 AM      0.00      0.16      0.74      0.04      0.00      0.16      0.74      0.04
09:46:40 AM      0.00      0.15      0.72      0.00      0.00      0.15      0.72      0.00
09:46:45 AM      0.00      0.14      0.71      0.00      0.00      0.14      0.71      0.00
09:46:50 AM      0.00      0.12      0.70      0.00      0.00      0.12      0.69      0.00
09:46:55 AM      0.00      0.11      0.69      0.00      0.00      0.11      0.68      0.00
09:47:00 AM      0.00      0.10      0.67      0.00      0.00      0.10      0.67      0.00
09:47:05 AM      0.00      0.10      0.66      0.00      0.00      0.10      0.66      0.00
09:47:10 AM      0.00      0.08      0.65      0.00      0.00      0.08      0.65      0.00
09:47:15 AM      0.00      0.08      0.64      0.00      0.00      0.08      0.64      0.00
09:47:20 AM      0.00      0.07      0.62      0.00      0.00      0.07      0.62      0.00
09:47:25 AM      0.00      0.06      0.62      0.07      0.00      0.06      0.61      0.07
09:47:30 AM      0.00      0.06      0.60      0.00      0.00      0.06      0.60      0.00
09:47:35 AM      0.00      0.05      0.59      0.00      0.00      0.05      0.59      0.00
09:47:40 AM      0.00      0.05      0.58      0.00      0.00      0.05      0.58      0.00
09:47:45 AM      0.00      0.04      0.57      0.40      0.00      0.04      0.57      0.40
09:47:50 AM      0.00      0.04      0.56      0.00      0.00      0.04      0.56      0.00
09:47:55 AM      0.00      0.03      0.55      0.00      0.00      0.03      0.55      0.00
09:48:00 AM      0.00      0.03      0.54      0.00      0.00      0.03      0.54      0.00
09:48:05 AM      0.00      0.03      0.53      0.00      0.00      0.03      0.53      0.00
09:48:10 AM      0.00      0.02      0.52      0.00      0.00      0.02      0.52      0.00
09:48:15 AM      0.00      0.02      0.51      0.00      0.00      0.02      0.51      0.00
09:48:20 AM      0.00      0.02      0.50      0.00      0.00      0.02      0.50      0.00
09:48:25 AM      0.00      0.02      0.49      0.00      0.00      0.02      0.49      0.00
09:48:30 AM      0.00      0.01      0.48      0.00      0.00      0.01      0.48      0.00
09:48:35 AM      0.00      0.01      0.47      0.00      0.00      0.01      0.47      0.00
09:48:40 AM      0.00      0.01      0.46      0.00      0.00      0.01      0.46      0.00
09:48:45 AM      0.00      0.01      0.46      0.00      0.00      0.01      0.46      0.00
09:48:50 AM      0.00      0.01      0.45      0.09      0.00      0.01      0.45      0.09
09:48:55 AM      0.00      0.01      0.44      0.00      0.00      0.01      0.44      0.00
09:49:00 AM      0.00      0.00      0.43      0.02      0.00      0.00      0.43      0.02
09:49:05 AM      0.00      0.00      0.42      0.00      0.00      0.00      0.42      0.00
09:49:10 AM      0.00      0.00      0.41      0.00      0.00      0.00      0.41      0.00
09:49:15 AM      0.00      0.00      0.41      0.00      0.00      0.00      0.41      0.00
09:49:20 AM      0.00      0.00      0.40      0.00      0.00      0.00      0.40      0.00
09:49:25 AM      0.00      0.00      0.39      0.00      0.00      0.00      0.39      0.00
09:49:30 AM      0.00      0.00      0.39      0.00      0.00      0.00      0.39      0.00
09:49:35 AM      0.00      0.00      0.38      0.00      0.00      0.00      0.38      0.00
09:49:40 AM      0.00      0.00      0.37      0.00      0.00      0.00      0.37      0.00
09:49:45 AM      1.08      0.19      0.41      3.87      1.08      0.19      0.41      3.87
09:49:50 AM     12.63      2.44      0.88     28.19     12.63      2.44      0.88     28.18
09:49:55 AM     25.40      5.52      1.55     53.75     25.40      5.52      1.55     53.73
09:50:00 AM     18.07      6.03      1.74      0.55     18.07      6.03      1.74      0.54
09:50:05 AM     12.56      5.74      1.74      1.38     12.56      5.74      1.74      1.38
09:50:10 AM      6.89      5.19      1.70      0.00      6.89      5.19      1.70      0.00
09:50:15 AM      4.62      4.86      1.68      0.00      4.62      4.86      1.68      0.00
09:50:20 AM      2.53      4.40      1.65      0.00      2.53      4.40      1.65      0.00
09:50:25 AM      1.70      4.11      1.62      0.00      1.70      4.11      1.62      0.00
09:50:30 AM      0.93      3.72      1.59      0.00      0.93      3.72      1.59      0.00
09:50:35 AM      0.62      3.48      1.57      0.00      0.62      3.48      1.57      0.00
09:50:40 AM      0.34      3.15      1.53      0.00      0.34      3.15      1.53      0.00
09:50:45 AM      0.22      2.94      1.51      0.00      0.22      2.94      1.51      0.00
09:50:50 AM      0.12      2.66      1.48      0.00      0.12      2.66      1.48      0.00
09:50:55 AM      0.08      2.49      1.46      0.00      0.08      2.49      1.46      0.00
09:51:00 AM      0.04      2.25      1.43      0.00      0.04      2.25      1.43      0.00
09:51:05 AM      0.03      2.11      1.41      0.00      0.03      2.11      1.41      0.00
09:51:10 AM      0.01      1.91      1.38      0.00      0.01      1.91      1.38      0.00
09:51:15 AM      0.01      1.78      1.36      0.00      0.01      1.78      1.36      0.00
09:51:20 AM      0.00      1.61      1.33      0.37      0.00      1.61      1.33      0.37
09:51:25 AM      0.00      1.51      1.31      0.00      0.00      1.51      1.31      0.00
09:51:30 AM      0.00      1.36      1.29      0.06      0.00      1.36      1.29      0.06
09:51:35 AM      0.00      1.28      1.27      0.00      0.00      1.28      1.27      0.00
09:51:40 AM      0.00      1.15      1.24      0.00      0.00      1.15      1.24      0.00
09:51:45 AM      0.00      1.08      1.22      0.00      0.00      1.08      1.22      0.00
09:51:50 AM      0.00      1.01      1.21      0.00      0.00      1.01      1.21      0.00
09:51:55 AM      0.00      0.91      1.18      0.00      0.00      0.91      1.18      0.00
09:52:00 AM      0.00      0.85      1.16      0.00      0.00      0.85      1.16      0.00
09:52:05 AM      0.00      0.77      1.14      0.01      0.00      0.77      1.14      0.00
09:52:10 AM      0.00      0.72      1.12      0.00      0.00      0.72      1.12      0.00
09:52:15 AM      0.00      0.65      1.10      0.00      0.00      0.65      1.10      0.00
09:52:20 AM      0.00      0.61      1.08      0.00      0.00      0.61      1.08      0.00
09:52:25 AM      0.00      0.55      1.06      0.00      0.00      0.55      1.06      0.00
09:52:30 AM      0.00      0.51      1.05      0.01      0.00      0.51      1.05      0.01
09:52:35 AM      0.00      0.46      1.02      0.00      0.00      0.46      1.02      0.00
09:52:40 AM      0.00      0.43      1.01      0.00      0.00      0.43      1.01      0.00
09:52:45 AM      0.00      0.39      0.99      0.00      0.00      0.39      0.99      0.00
09:52:50 AM      0.00      0.36      0.97      0.00      0.00      0.36      0.97      0.00
09:52:55 AM      0.00      0.33      0.95      0.00      0.00      0.33      0.95      0.00
09:53:00 AM      0.00      0.31      0.94      0.00      0.00      0.31      0.94      0.00
09:53:05 AM      0.00      0.28      0.92      0.00      0.00      0.28      0.92      0.00
09:53:10 AM      0.00      0.26      0.91      0.00      0.00      0.26      0.91      0.00
09:53:15 AM      0.00      0.23      0.89      0.00      0.00      0.23      0.89      0.00
09:53:20 AM      0.00      0.22      0.88      0.00      0.00      0.22      0.88      0.00
09:53:25 AM      0.00      0.19      0.86      0.00      0.00      0.19      0.86      0.00
09:53:30 AM      0.00      0.18      0.84      0.00      0.00      0.18      0.84      0.00
09:53:35 AM      0.00      0.16      0.83      0.00      0.00      0.16      0.83      0.00
09:53:40 AM      0.00      0.15      0.81      0.00      0.00      0.15      0.81      0.00
09:53:45 AM      0.00      0.14      0.80      0.00      0.00      0.14      0.80      0.00
09:53:50 AM      0.00      0.13      0.79      0.00      0.00      0.13      0.79      0.00
09:53:55 AM      0.00      0.11      0.77      0.00      0.00      0.11      0.77      0.00
09:54:00 AM      0.00      0.11      0.76      0.00      0.00      0.11      0.76      0.00
09:54:05 AM      0.00      0.09      0.74      0.00      0.00      0.09      0.74      0.00
09:54:10 AM      0.00      0.09      0.73      0.00      0.00      0.09      0.73      0.00
09:54:15 AM      0.00      0.08      0.72      0.00      0.00      0.08      0.72      0.00
09:54:20 AM      0.00      0.07      0.70      0.00      0.00      0.07      0.70      0.00
09:54:25 AM      0.00      0.06      0.69      0.00      0.00      0.06      0.69      0.00
09:54:30 AM      0.00      0.06      0.68      0.00      0.00      0.06      0.68      0.00
09:54:35 AM      0.00      0.05      0.67      0.00      0.00      0.05      0.67      0.00
09:54:40 AM      0.00      0.05      0.66      0.00      0.00      0.05      0.66      0.00
09:54:45 AM      0.00      0.04      0.64      0.00      0.00      0.04      0.64      0.00
09:54:50 AM      0.00      0.04      0.63      0.00      0.00      0.04      0.63      0.00
09:54:55 AM      0.00      0.03      0.62      0.00      0.00      0.03      0.62      0.00
09:55:00 AM      0.00      0.03      0.61      0.13      0.00      0.03      0.61      0.13
09:55:05 AM      0.00      0.03      0.60      0.00      0.00      0.03      0.60      0.00
09:55:10 AM      0.00      0.02      0.59      0.17      0.00      0.02      0.59      0.17
09:55:15 AM      0.00      0.02      0.57      0.00      0.00      0.02      0.57      0.00
09:55:20 AM      0.00      0.02      0.57      0.00      0.00      0.02      0.57      0.00
09:55:25 AM      0.90      0.18      0.59      5.60      0.90      0.18      0.59      5.60
09:55:30 AM      4.85      1.00      0.76     12.32      4.85      1.00      0.76     12.31
09:55:35 AM      5.70      1.62      0.90      4.52      5.70      1.62      0.90      4.51
09:55:40 AM      3.82      1.52      0.89      0.00      3.82      1.52      0.89      0.00
09:55:45 AM      2.09      1.37      0.87      0.00      2.09      1.37      0.87      0.00
09:55:50 AM      1.40      1.28      0.85      0.00      1.40      1.28      0.85      0.00
09:55:55 AM      0.77      1.16      0.84      0.00      0.77      1.16      0.84      0.00
09:56:00 AM      0.51      1.08      0.82      0.00      0.51      1.08      0.82      0.00
09:56:05 AM      0.28      0.98      0.81      0.00      0.28      0.98      0.81      0.00
09:56:10 AM      0.18      0.92      0.80      0.00      0.18      0.92      0.80      0.00
09:56:15 AM      0.10      0.83      0.78      0.00      0.10      0.83      0.78      0.00
09:56:20 AM      0.06      0.77      0.77      0.00      0.06      0.77      0.77      0.00
09:56:25 AM      0.03      0.70      0.75      0.00      0.03      0.70      0.75      0.00
09:56:30 AM      0.02      0.65      0.74      0.00      0.02      0.65      0.74      0.00
09:56:35 AM      0.01      0.59      0.72      0.00      0.01      0.59      0.72      0.00
09:56:40 AM      0.00      0.55      0.71      0.00      0.00      0.55      0.71      0.00
09:56:45 AM      0.00      0.50      0.70      0.00      0.00      0.50      0.70      0.00
09:56:50 AM      0.00      0.47      0.69      0.00      0.00      0.47      0.69      0.00
09:56:55 AM      0.00      0.42      0.67      0.00      0.00      0.42      0.67      0.00
09:57:00 AM      0.00      0.39      0.66      0.00      0.00      0.39      0.66      0.00
09:57:05 AM      0.00      0.35      0.65      0.00      0.00      0.35      0.65      0.00
09:57:10 AM      0.00      0.33      0.64      0.00      0.00      0.33      0.64      0.00
09:57:15 AM      0.00      0.30      0.63      0.00      0.00      0.30      0.63      0.00
09:57:20 AM      0.00      0.28      0.62      0.00      0.00      0.28      0.62      0.00
09:57:25 AM      0.00      0.25      0.60      0.00      0.00      0.25      0.60      0.00
09:57:30 AM      0.00      0.23      0.60      0.00      0.00      0.23      0.60      0.00
09:57:35 AM      0.00      0.21      0.58      0.00      0.00      0.21      0.58      0.00
09:57:40 AM      0.00      0.20      0.57      0.00      0.00      0.20      0.57      0.00
09:57:45 AM      0.00      0.18      0.56      0.24      0.00      0.18      0.56      0.24
09:57:50 AM      0.00      0.16      0.55      0.00      0.00      0.16      0.55      0.00
09:57:55 AM      0.00      0.15      0.54      0.00      0.00      0.15      0.54      0.00
09:58:00 AM      0.00      0.14      0.53      0.00      0.00      0.14      0.53      0.00
09:58:05 AM      0.00      0.12      0.52      0.00      0.00      0.12      0.52      0.00
09:58:10 AM      0.00      0.11      0.51      0.00      0.00      0.11      0.51      0.00
09:58:15 AM      0.00      0.10      0.50      0.00      0.00      0.10      0.50      0.00
09:58:20 AM      0.00      0.10      0.49      0.00      0.00      0.10      0.49      0.00
09:58:25 AM      0.00      0.08      0.48      0.00      0.00      0.08      0.48      0.00
09:58:30 AM      0.00      0.08      0.48      0.00      0.00      0.08      0.48      0.00
09:58:35 AM      0.00      0.07      0.47      0.00      0.00      0.07      0.47      0.00
09:58:40 AM      0.00      0.06      0.46      0.00      0.00      0.06      0.46      0.00
09:58:45 AM      0.00      0.06      0.45      0.00      0.00      0.06      0.45      0.00
09:58:50 AM      0.00      0.05      0.44      0.00      0.00      0.05      0.44      0.00
09:58:55 AM      0.00      0.05      0.43      0.00      0.00      0.05      0.43      0.00
09:59:00 AM      0.00      0.04      0.43      0.00      0.00      0.04      0.43      0.00
09:59:05 AM      0.00      0.04      0.42      0.00      0.00      0.04      0.42      0.00
09:59:10 AM      0.00      0.03      0.41      0.00      0.00      0.03      0.41      0.00
09:59:15 AM      0.00      0.03      0.40      0.00      0.00      0.03      0.40      0.00
09:59:20 AM      0.00      0.03      0.40      0.00      0.00      0.03      0.40      0.00
09:59:25 AM      0.00      0.02      0.39      0.00      0.00      0.02      0.39      0.00
09:59:30 AM      0.00      0.02      0.38      0.00      0.00      0.02      0.38      0.00
09:59:35 AM      0.00      0.02      0.37      0.00      0.00      0.02      0.37      0.00
09:59:40 AM      0.00      0.02      0.37      0.00      0.00      0.02      0.37      0.00
09:59:45 AM      0.00      0.01      0.36      0.00      0.00      0.01      0.36      0.00
09:59:50 AM      0.00      0.01      0.35      0.00      0.00      0.01      0.35      0.00
09:59:55 AM      3.65      0.72      0.50     13.42      3.65      0.72      0.50     13.41
10:00:00 AM      4.08      1.02      0.56      8.79      4.08      1.02      0.56      8.78
10:00:05 AM     14.53      3.55      1.12     28.47     14.53      3.55      1.12     28.45
10:00:10 AM     16.48      4.64      1.38     20.75     16.48      4.64      1.38     20.74
10:00:15 AM     13.82      5.31      1.60      7.71     13.82      5.31      1.60      7.71
10:00:20 AM     10.17      5.13      1.61      2.26     10.17      5.13      1.61      2.26
10:00:25 AM      5.94      4.71      1.59      1.11      5.94      4.71      1.59      1.11
10:00:30 AM      3.98      4.41      1.57      0.00      3.98      4.41      1.57      0.00
10:00:35 AM      2.18      3.99      1.53      0.01      2.18      3.99      1.53      0.01
10:00:40 AM      1.46      3.73      1.51      0.00      1.46      3.73      1.51      0.00
10:00:45 AM      0.80      3.37      1.48      0.00      0.80      3.37      1.48      0.00
10:00:50 AM      0.53      3.16      1.46      0.00      0.53      3.16      1.46      0.00
10:00:55 AM      0.29      2.86      1.43      0.00      0.29      2.86      1.43      0.00
10:01:00 AM      0.19      2.67      1.41      0.00      0.19      2.67      1.41      0.00
10:01:05 AM      0.10      2.42      1.38      0.27      0.10      2.42      1.38      0.27
10:01:10 AM      0.07      2.26      1.36      0.00      0.07      2.26      1.36      0.00
10:01:15 AM      0.03      2.04      1.33      0.00      0.03      2.04      1.33      0.00
10:01:20 AM      0.02      1.91      1.31      0.00      0.02      1.91      1.31      0.00
10:01:25 AM      0.01      1.73      1.29      0.00      0.01      1.73      1.29      0.00
10:01:30 AM      0.00      1.62      1.27      0.00      0.00      1.62      1.27      0.00
10:01:35 AM      0.00      1.46      1.24      0.12      0.00      1.46      1.24      0.12
10:01:40 AM      0.00      1.37      1.22      0.00      0.00      1.37      1.22      0.00
10:01:45 AM      0.00      1.24      1.20      0.00      0.00      1.24      1.20      0.00
10:01:50 AM      0.00      1.16      1.18      0.00      0.00      1.16      1.18      0.00
10:01:55 AM      0.00      1.04      1.16      0.00      0.00      1.04      1.16      0.00
10:02:00 AM      0.00      0.98      1.14      0.00      0.00      0.98      1.14      0.00
10:02:05 AM      0.00      0.88      1.12      0.00      0.00      0.88      1.12      0.00
10:02:10 AM      0.00      0.83      1.10      0.00      0.00      0.83      1.10      0.00
10:02:15 AM      0.00      0.75      1.08      0.00      0.00      0.75      1.08      0.00
10:02:20 AM      0.00      0.70      1.06      0.00      0.00      0.70      1.06      0.00
10:02:25 AM      0.00      0.63      1.04      0.00      0.00      0.63      1.04      0.00
10:02:30 AM      0.00      0.59      1.02      0.00      0.00      0.59      1.02      0.00
10:02:35 AM      0.00      0.53      1.00      0.00      0.00      0.53      1.00      0.00
10:02:40 AM      0.00      0.50      0.99      0.00      0.00      0.50      0.99      0.00
10:02:45 AM      0.00      0.45      0.97      0.00      0.00      0.45      0.97      0.00
10:02:50 AM      0.00      0.42      0.95      0.01      0.00      0.42      0.95      0.01
10:02:55 AM      0.00      0.38      0.93      0.00      0.00      0.38      0.93      0.00
10:03:00 AM      0.00      0.35      0.92      0.00      0.00      0.35      0.92      0.00
10:03:05 AM      0.00      0.32      0.90      0.00      0.00      0.32      0.90      0.00
10:03:10 AM      0.00      0.30      0.89      0.00      0.00      0.30      0.89      0.00
10:03:15 AM      0.00      0.27      0.87      0.00      0.00      0.27      0.87      0.00
10:03:20 AM      0.00      0.25      0.86      0.00      0.00      0.25      0.86      0.00
10:03:25 AM      0.00      0.22      0.84      0.00      0.00      0.22      0.84      0.00
10:03:30 AM      0.00      0.21      0.83      0.09      0.00      0.21      0.83      0.09
10:03:35 AM      0.00      0.19      0.81      0.00      0.00      0.19      0.81      0.00
10:03:40 AM      0.00      0.18      0.80      0.00      0.00      0.18      0.80      0.00
10:03:45 AM      0.00      0.16      0.78      0.00      0.00      0.16      0.78      0.00
10:03:50 AM      0.00      0.15      0.77      0.00      0.00      0.15      0.77      0.00
10:03:55 AM      0.00      0.13      0.75      0.00      0.00      0.13      0.75      0.00
10:04:00 AM      0.00      0.12      0.74      0.07      0.00      0.12      0.74      0.07
10:04:05 AM      0.00      0.11      0.73      0.00      0.00      0.11      0.73      0.00
10:04:10 AM      0.00      0.10      0.72      0.00      0.00      0.10      0.72      0.00
10:04:15 AM      0.00      0.09      0.70      0.00      0.00      0.09      0.70      0.00
10:04:20 AM      0.00      0.08      0.69      0.00      0.00      0.08      0.69      0.00
10:04:25 AM      0.00      0.08      0.68      0.00      0.00      0.08      0.68      0.00
10:04:30 AM      0.00      0.07      0.67      0.00      0.00      0.07      0.67      0.00
10:04:35 AM      0.00      0.06      0.65      0.00      0.00      0.06      0.65      0.00
10:04:40 AM      0.00      0.06      0.64      0.00      0.00      0.06      0.64      0.00
10:04:45 AM      0.00      0.05      0.63      0.00      0.00      0.05      0.63      0.00
10:04:50 AM      0.00      0.05      0.62      0.00      0.00      0.05      0.62      0.00
10:04:55 AM      0.00      0.04      0.61      0.00      0.00      0.04      0.61      0.00
10:05:00 AM      0.00      0.04      0.60      0.00      0.00      0.04      0.60      0.00
10:05:05 AM      0.00      0.03      0.58      0.00      0.00      0.03      0.58      0.00
10:05:10 AM      0.00      0.03      0.57      0.07      0.00      0.03      0.57      0.07
10:05:15 AM      0.00      0.03      0.56      0.00      0.00      0.03      0.56      0.00
10:05:20 AM      0.00      0.02      0.55      0.01      0.00      0.02      0.55      0.01
10:05:25 AM      0.00      0.02      0.54      0.00      0.00      0.02      0.54      0.00
10:05:30 AM      0.00      0.02      0.53      0.08      0.00      0.02      0.53      0.08
10:05:35 AM      0.00      0.02      0.52      0.00      0.00      0.02      0.52      0.00
10:05:40 AM      0.00      0.01      0.52      0.00      0.00      0.01      0.52      0.00
10:05:45 AM      0.00      0.01      0.50      0.00      0.00      0.01      0.50      0.00
10:05:50 AM      0.00      0.01      0.50      0.00      0.00      0.01      0.50      0.00
10:05:55 AM      0.00      0.01      0.48      0.00      0.00      0.01      0.48      0.00
10:06:00 AM      0.00      0.01      0.48      0.00      0.00      0.01      0.48      0.00
10:06:05 AM      0.00      0.01      0.47      0.00      0.00      0.01      0.47      0.00
10:06:10 AM      0.00      0.00      0.46      0.00      0.00      0.00      0.46      0.00
10:06:15 AM      0.00      0.00      0.45      0.00      0.00      0.00      0.45      0.00
10:06:20 AM      0.00      0.00      0.44      0.00      0.00      0.00      0.44      0.00
10:06:25 AM      0.00      0.00      0.43      0.00      0.00      0.00      0.43      0.00
10:06:30 AM      0.00      0.00      0.43      0.00      0.00      0.00      0.43      0.00
10:06:35 AM      0.00      0.00      0.42      0.00      0.00      0.00      0.42      0.00
10:06:40 AM      0.00      0.00      0.41      0.00      0.00      0.00      0.41      0.00
10:06:45 AM      0.00      0.00      0.40      0.00      0.00      0.00      0.40      0.00
10:06:50 AM      0.00      0.00      0.40      0.00      0.00      0.00      0.40      0.00
10:06:55 AM      0.00      0.00      0.39      0.00      0.00      0.00      0.39      0.00
10:07:00 AM      0.00      0.00      0.38      0.00      0.00      0.00      0.38      0.00
10:07:05 AM      0.00      0.00      0.37      0.00      0.00      0.00      0.37      0.00
10:07:10 AM      0.00      0.00      0.37      0.00      0.00      0.00      0.37      0.00
10:07:15 AM      0.00      0.00      0.36      0.00      0.00      0.00      0.36      0.00
10:07:20 AM      0.00      0.00      0.35      0.00      0.00      0.00      0.35      0.00
10:07:25 AM      0.00      0.00      0.35      0.00      0.00      0.00      0.35      0.00
10:07:30 AM      0.00      0.00      0.34      0.00      0.00      0.00      0.34      0.00
10:07:35 AM      0.00      0.00      0.33      0.00      0.00      0.00      0.33      0.00
10:07:40 AM      0.00      0.00      0.33      0.00      0.00      0.00      0.33      0.00
10:07:45 AM      0.00      0.00      0.32      0.00      0.00      0.00      0.32      0.00
10:07:50 AM      0.00      0.00      0.32      0.00      0.00      0.00      0.32      0.00
10:07:55 AM      0.00      0.00      0.31      0.00      0.00      0.00      0.31      0.00
10:08:00 AM      0.00      0.00      0.30      0.00      0.00      0.00      0.30      0.00
10:08:05 AM      0.00      0.00      0.30      0.00      0.00      0.00      0.30      0.00
10:08:10 AM      0.00      0.00      0.29      0.00      0.00      0.00      0.29      0.00
10:08:15 AM      0.00      0.00      0.28      0.00      0.00      0.00      0.28      0.00
10:08:20 AM      0.00      0.00      0.28      0.00      0.00      0.00      0.28      0.00
10:08:25 AM      0.00      0.00      0.27      0.00      0.00      0.00      0.27      0.00
10:08:30 AM      0.00      0.00      0.27      0.00      0.00      0.00      0.27      0.00
10:08:35 AM      0.00      0.00      0.26      0.00      0.00      0.00      0.26      0.00
10:08:40 AM      0.00      0.00      0.26      0.00      0.00      0.00      0.26      0.00
10:08:45 AM      0.00      0.00      0.25      0.00      0.00      0.00      0.25      0.00
10:08:50 AM      0.00      0.00      0.25      0.00      0.00      0.00      0.25      0.00
10:08:55 AM      0.00      0.00      0.24      0.00      0.00      0.00      0.24      0.00
10:09:00 AM      0.00      0.00      0.24      0.00      0.00      0.00      0.24      0.00
10:09:05 AM      0.00      0.00      0.23      0.00      0.00      0.00      0.23      0.00
10:09:10 AM      0.00      0.00      0.23      0.00      0.00      0.00      0.23      0.00
10:09:15 AM      0.00      0.00      0.22      0.00      0.00      0.00      0.22      0.00
10:09:20 AM      0.00      0.00      0.22      0.00      0.00      0.00      0.22      0.00
10:09:25 AM      0.00      0.00      0.21      0.00      0.00      0.00      0.21      0.00
10:09:30 AM      0.00      0.00      0.21      0.00      0.00      0.00      0.21      0.00
10:09:35 AM      0.00      0.00      0.21      0.00      0.00      0.00      0.21      0.00
10:09:40 AM      0.00      0.00      0.20      0.00      0.00      0.00      0.20      0.00
10:09:45 AM      0.00      0.00      0.20      0.00      0.00      0.00      0.20      0.00
10:09:50 AM      0.00      0.00      0.20      0.00      0.00      0.00      0.20      0.00
10:09:55 AM      0.00      0.00      0.19      0.00      0.00      0.00      0.19      0.00
10:10:00 AM     11.95      2.15      0.64     48.20     11.95      2.15      0.64     48.18
10:10:05 AM     35.89      8.12      1.95     63.16     35.89      8.12      1.95     63.14
10:10:10 AM     41.66     11.07      2.66     37.63     41.66     11.07      2.66     37.61
10:10:15 AM     22.87     10.02      2.61      0.00     22.87     10.02      2.61      0.00
10:10:20 AM     15.33      9.37      2.57      0.00     15.33      9.37      2.57      0.00
10:10:25 AM      8.42      8.48      2.52      0.00      8.42      8.48      2.52      0.00
10:10:30 AM      5.64      7.93      2.48      0.00      5.64      7.93      2.48      0.00
10:10:35 AM      3.09      7.18      2.43      0.00      3.09      7.18      2.43      0.00
10:10:40 AM      2.07      6.72      2.40      0.00      2.07      6.72      2.40      0.00
10:10:45 AM      1.14      6.08      2.35      0.00      1.14      6.08      2.35      0.00
10:10:50 AM      0.76      5.68      2.31      0.00      0.76      5.68      2.31      0.00
10:10:55 AM      0.41      5.14      2.27      0.00      0.41      5.14      2.27      0.00
10:11:00 AM      0.28      4.81      2.23      0.00      0.28      4.81      2.23      0.00
10:11:05 AM      0.15      4.35      2.19      0.00      0.15      4.35      2.19      0.00
10:11:10 AM      0.10      4.07      2.16      0.00      0.10      4.07      2.16      0.00
10:11:15 AM      0.05      3.68      2.11      0.00      0.05      3.68      2.11      0.00
10:11:20 AM      0.03      3.45      2.08      0.00      0.03      3.45      2.08      0.00
10:11:25 AM      0.01      3.12      2.04      0.00      0.01      3.12      2.04      0.00
10:11:30 AM      0.01      2.92      2.01      0.00      0.01      2.92      2.01      0.00
10:11:35 AM      0.00      2.64      1.97      0.00      0.00      2.64      1.97      0.00
10:11:40 AM      0.00      2.47      1.94      0.00      0.00      2.47      1.94      0.00
10:11:45 AM      0.00      2.23      1.90      0.00      0.00      2.23      1.90      0.00
10:11:50 AM      0.00      2.09      1.88      0.00      0.00      2.09      1.88      0.00
10:11:55 AM      0.90      2.05      1.87      2.14      0.90      2.05      1.87      2.14
10:12:00 AM      0.60      1.92      1.84      0.00      0.60      1.92      1.84      0.00
10:12:05 AM      0.33      1.74      1.81      0.00      0.33      1.74      1.81      0.00
10:12:10 AM      0.22      1.62      1.78      0.00      0.22      1.62      1.78      0.00
10:12:15 AM      0.12      1.47      1.74      0.00      0.12      1.47      1.74      0.00
10:12:20 AM      0.08      1.37      1.72      0.00      0.08      1.37      1.72      0.00
10:12:25 AM      0.04      1.24      1.68      0.00      0.04      1.24      1.68      0.00
10:12:30 AM      0.02      1.16      1.66      0.00      0.02      1.16      1.66      0.00
10:12:35 AM      0.01      1.05      1.63      0.00      0.01      1.05      1.63      0.00
10:12:40 AM      0.00      0.98      1.60      0.00      0.00      0.98      1.60      0.00
10:12:45 AM      0.00      0.89      1.57      0.00      0.00      0.89      1.57      0.00
10:12:50 AM      0.00      0.83      1.55      0.00      0.00      0.83      1.55      0.00
10:12:55 AM      0.00      0.75      1.52      0.00      0.00      0.75      1.52      0.00
10:13:00 AM      0.00      0.70      1.49      0.00      0.00      0.70      1.49      0.00
10:13:05 AM      0.00      0.63      1.46      0.00      0.00      0.63      1.46      0.00
10:13:10 AM      0.00      0.59      1.44      0.00      0.00      0.59      1.44      0.00
10:13:15 AM      0.00      0.53      1.41      0.00      0.00      0.53      1.41      0.00
10:13:20 AM      0.00      0.50      1.39      0.00      0.00      0.50      1.39      0.00
10:13:25 AM      0.00      0.45      1.36      0.00      0.00      0.45      1.36      0.00
10:13:30 AM      0.00      0.42      1.34      0.00      0.00      0.42      1.34      0.00
10:13:35 AM      0.00      0.38      1.32      0.00      0.00      0.38      1.32      0.00
10:13:40 AM      0.00      0.35      1.30      0.00      0.00      0.35      1.30      0.00
10:13:45 AM      0.00      0.32      1.27      0.00      0.00      0.32      1.27      0.00
10:13:50 AM      0.00      0.30      1.25      0.00      0.00      0.30      1.25      0.00
10:13:55 AM      0.00      0.27      1.23      0.00      0.00      0.27      1.23      0.00
10:14:00 AM      0.00      0.25      1.21      0.00      0.00      0.25      1.21      0.00
10:14:05 AM      0.00      0.23      1.18      0.00      0.00      0.23      1.18      0.00
10:14:10 AM      0.00      0.21      1.17      0.00      0.00      0.21      1.17      0.00
10:14:15 AM      0.00      0.19      1.14      0.00      0.00      0.19      1.14      0.00
10:14:20 AM      0.00      0.18      1.13      0.00      0.00      0.18      1.13      0.00
10:14:25 AM      0.00      0.16      1.10      0.00      0.00      0.16      1.10      0.00
10:14:30 AM      0.00      0.15      1.09      0.00      0.00      0.15      1.09      0.00
10:14:35 AM      0.00      0.13      1.06      0.00      0.00      0.13      1.06      0.00
10:14:40 AM      0.00      0.12      1.05      0.00      0.00      0.12      1.05      0.00
10:14:45 AM      0.00      0.11      1.03      0.00      0.00      0.11      1.03      0.00
10:14:50 AM      0.00      0.10      1.01      0.00      0.00      0.10      1.01      0.00
10:14:55 AM      0.00      0.09      0.99      0.00      0.00      0.09      0.99      0.00
10:15:00 AM      0.00      0.08      0.98      0.00      0.00      0.08      0.98      0.00
10:15:05 AM      0.00      0.08      0.96      0.00      0.00      0.08      0.96      0.00
10:15:10 AM      0.00      0.07      0.94      0.00      0.00      0.07      0.94      0.00
10:15:15 AM      0.00      0.06      0.92      0.00      0.00      0.06      0.92      0.00
10:15:20 AM      0.00      0.06      0.91      0.00      0.00      0.06      0.91      0.00
10:15:25 AM      0.00      0.05      0.89      0.00      0.00      0.05      0.89      0.00
10:15:30 AM      0.00      0.05      0.88      0.00      0.00      0.05      0.88      0.00
10:15:35 AM      0.00      0.04      0.86      0.00      0.00      0.04      0.86      0.00
10:15:40 AM      0.00      0.04      0.85      0.00      0.00      0.04      0.85      0.00
10:15:45 AM      0.00      0.03      0.83      0.00      0.00      0.03      0.83      0.00
10:15:50 AM      0.00      0.03      0.82      0.00      0.00      0.03      0.82      0.00
10:15:55 AM      0.00      0.03      0.80      0.00      0.00      0.03      0.80      0.00
10:16:00 AM      0.00      0.02      0.79      0.00      0.00      0.02      0.79      0.00
10:16:05 AM      0.00      0.02      0.77      0.00      0.00      0.02      0.77      0.00
10:16:10 AM      0.00      0.02      0.76      0.00      0.00      0.02      0.76      0.00
10:16:15 AM      0.00      0.02      0.74      0.00      0.00      0.02      0.74      0.00
10:16:20 AM      0.00      0.01      0.73      0.00      0.00      0.01      0.73      0.00
10:16:25 AM      0.00      0.01      0.72      0.01      0.00      0.01      0.72      0.01
10:16:30 AM      0.00      0.01      0.71      0.00      0.00      0.01      0.71      0.00
10:16:35 AM      0.00      0.01      0.69      0.00      0.00      0.01      0.69      0.00
10:16:40 AM      0.00      0.01      0.68      0.00      0.00      0.01      0.68      0.00
10:16:45 AM      0.00      0.01      0.67      0.00      0.00      0.01      0.67      0.00
10:16:50 AM      0.00      0.00      0.66      0.00      0.00      0.00      0.66      0.00
10:16:55 AM      0.00      0.00      0.64      0.00      0.00      0.00      0.64      0.00
10:17:00 AM      0.00      0.00      0.63      0.00      0.00      0.00      0.63      0.00
10:17:05 AM      0.00      0.00      0.62      0.00      0.00      0.00      0.62      0.00
10:17:10 AM      0.00      0.00      0.61      0.00      0.00      0.00      0.61      0.00
10:17:15 AM      1.44      0.26      0.65      4.42      1.44      0.26      0.65      4.42
10:17:20 AM      1.26      0.31      0.66      0.00      1.26      0.31      0.66      0.00
10:17:25 AM      0.69      0.28      0.64      0.00      0.69      0.28      0.64      0.00
10:17:30 AM      0.46      0.26      0.63      0.00      0.46      0.26      0.63      0.00
10:17:35 AM      0.25      0.23      0.62      0.00      0.25      0.23      0.62      0.00
10:17:40 AM      0.17      0.22      0.61      0.00      0.17      0.22      0.61      0.00
10:17:45 AM      0.09      0.19      0.60      0.00      0.09      0.19      0.60      0.00
10:17:50 AM      0.06      0.18      0.59      0.00      0.06      0.18      0.59      0.00
10:17:55 AM      0.03      0.16      0.58      0.00      0.03      0.16      0.58      0.00
10:18:00 AM      0.02      0.15      0.57      0.00      0.02      0.15      0.57      0.00
10:18:05 AM      0.01      0.14      0.56      0.00      0.01      0.14      0.56      0.00
10:18:10 AM      0.00      0.13      0.55      0.00      0.00      0.13      0.55      0.00
10:18:15 AM      0.00      0.11      0.54      0.00      0.00      0.11      0.54      0.00
10:18:20 AM      0.00      0.11      0.53      0.00      0.00      0.11      0.53      0.00
10:18:25 AM      0.00      0.09      0.52      0.00      0.00      0.09      0.52      0.00
10:18:30 AM      0.00      0.09      0.51      0.00      0.00      0.09      0.51      0.00
10:18:35 AM      0.00      0.08      0.50      0.00      0.00      0.08      0.50      0.00
10:18:40 AM      0.00      0.07      0.49      0.00      0.00      0.07      0.49      0.00
10:18:45 AM      0.00      0.06      0.48      0.00      0.00      0.06      0.48      0.00
10:18:50 AM      0.00      0.06      0.47      0.00      0.00      0.06      0.47      0.00
10:18:55 AM      0.00      0.05      0.46      0.00      0.00      0.05      0.46      0.00
10:19:00 AM      0.00      0.05      0.45      0.00      0.00      0.05      0.45      0.00
10:19:05 AM      0.00      0.04      0.44      0.00      0.00      0.04      0.44      0.00
10:19:10 AM      0.00      0.04      0.44      0.00      0.00      0.04      0.44      0.00
10:19:15 AM      0.00      0.03      0.43      0.00      0.00      0.03      0.43      0.00
Average:         0.41      0.41      0.38      0.43      0.41      0.41      0.38      0.43
