Linux 7.0.9-arch2-1 (archlinux) 	05/24/2026 	_x86_64_	(4 CPU)

05:36:46 PM kbmemfree   kbavail kbmemused  %memused kbbuffers  kbcached  kbcommit   %commit  kbactive   kbinact   kbdirty   kbshmem
05:36:51 PM   1412264   1443776   6462044     81.74      2556    246364   6404868     23.31   6228696     62784      1224      5948
05:36:56 PM   1412264   1443824   6461996     81.74      2556    246364   6404868     23.31   6228732     62832      1224      5948
05:37:01 PM   1403580   1435188   6470632     81.85      2556    246416   6404868     23.31   6228732     62880       716      5948
05:37:06 PM   1416104   1444976   6460844     81.72      2556    241604   6404868     23.31   6209416     62820       712      3876
05:37:11 PM   1460008   1469828   6435992     81.41      2556    222560   6404868     23.31   6160544     62180       716      3860
05:37:16 PM   1459252   1468908   6436912     81.42      2556    222372   6404868     23.31   6160180     62524       392      3860
05:37:21 PM   1458788   1468400   6437420     81.43      2556    222400   6404868     23.31   6160064     62592       216      3860
05:37:26 PM   1556892   1565992   6339828     80.19      2556    221840   6404868     23.31   6059160     62640       236      3860
05:37:31 PM   1584272   1593512   6312308     79.84      2556    222052   6404868     23.31   6032664     62672       240      3860
05:37:36 PM   1610480   1619816   6286004     79.51      2556    222048   6404868     23.31   6004096     62672       240      3860
05:37:41 PM   1624136   1633476   6272344     79.34      2556    222048   6404868     23.31   5983620     62672       240      3860
05:37:46 PM   1623912   1633252   6272568     79.34      2556    222048   6404868     23.31   5983620     62672       240      3860
05:37:51 PM   1623660   1633304   6272516     79.34      2556    222404   6404868     23.31   5977480     62976       160      3860
05:37:56 PM   1650372   1660144   6245676     79.00      2556    222512   6404868     23.31   5948808     63104       232      3860
05:38:01 PM   1650372   1660176   6245644     79.00      2556    222512   6404868     23.31   5948808     63136       252      3860
05:38:06 PM   1650372   1660176   6245644     79.00      2556    222512   6404868     23.31   5948808     63136       252      3860
05:38:11 PM   1706372   1716176   6189644     78.29      2556    222512   6404868     23.31   5891464     63136       252      3860
05:38:16 PM   1761068   1770872   6134948     77.60      2556    222512   6404868     23.31   5825928     63136       252      3860
05:38:21 PM   1829372   1839424   6066396     76.73      2556    222784   6404868     23.31   5756296     63384       108      3860
05:38:26 PM   1855540   1865616   6040204     76.40      2556    222784   6404868     23.31   5737864     63408        20      3860
05:38:31 PM   1882700   1889044   6016776     76.11      2556    219044   6404868     23.31   5715684     62696        48      3848
05:38:36 PM   1923028   1929796   5976024     75.59      2556    219472   6404868     23.31   5677156     62704       216      3848
05:38:41 PM   1950372   1957172   5948648     75.24      2556    219504   6404868     23.31   5650532     62736       248      3848
05:38:46 PM   1964092   1967432   5938388     75.11      2556    216136   6404868     23.31   5637024     62076       244      3848
05:38:51 PM   1962608   1966860   5938960     75.12      2556    216956   6404868     23.31   5635772     62200       116      3848
05:38:56 PM   1975464   1979716   5926104     74.96      2556    217008   6404868     23.31   5613244     62200       168      3848
05:39:01 PM   1989388   1993724   5912096     74.78      2556    217040   6404868     23.31   5598912     62284       200      3848
05:39:06 PM   2017284   2021668   5884152     74.43      2556    217084   6404868     23.31   5576388     62332       224      3848
05:39:11 PM   2017284   2021668   5884152     74.43      2556    217084   6404868     23.31   5576388     62332       148      3848
05:39:16 PM   2017032   2021416   5884404     74.43      2556    217180   6404868     23.31   5574340     62332       148      3848
05:39:21 PM   2017032   2021516   5884304     74.43      2556    217184   6404868     23.31   5574436     62336       152      3848
05:39:26 PM   2015840   2020440   5885380     74.44      2556    217304   6404868     23.31   5574380     62508       156      3848
05:39:31 PM   2015772   2020656   5885164     74.44      2556    217664   6404868     23.31   5574484     62704        72      3848
05:39:36 PM   2030440   2035276   5870544     74.26      2556    217616   6404868     23.31   5560096     62704        72      3848
05:39:41 PM   2043952   2049000   5856820     74.08      2556    217748   6404868     23.31   5543828     62800       144      3848
05:39:46 PM   2071900   2076524   5829296     73.73      2556    217344   6404868     23.31   5520876     62800       164      3848
05:39:51 PM   1890836   1895456   6010364     76.02      2556    217320   6404868     23.31   5709300     62804       168      3848
05:39:56 PM   1890804   1895424   6010396     76.02      2556    217324   6404868     23.31   5709300     62804       172      3848
05:40:01 PM   1890552   1895644   6010176     76.02      2556    217792   6404868     23.31   5709416     63116        28      3848
05:40:06 PM   1890552   1895644   6010176     76.02      2556    217792   6404868     23.31   5708464     63116        28      3848
05:40:11 PM   1890552   1895644   6010176     76.02      2556    217792   6404868     23.31   5707404     63116        28      3848
05:40:16 PM   1890552   1895692   6010128     76.02      2556    217872   6404868     23.31   5707012     63164        84      3848
05:40:21 PM   1903456   1908628   5997192     75.86      2556    217872   6404868     23.31   5696924     63196       104      3848
05:40:26 PM   1917756   1922928   5982892     75.68      2556    217880   6404868     23.31   5678492     63196       108      3848
05:40:31 PM   1917280   1922708   5983112     75.68      2556    218240   6404868     23.31   5678748     63204        28      3848
05:40:36 PM   1930468   1935896   5969924     75.51      2556    218300   6404868     23.31   5660316     63204        28      3848
05:40:41 PM   1963340   1968664   5937156     75.10      2556    218092   6404868     23.31   5628124     63192        28      3848
05:40:46 PM   1963688   1969668   5936152     75.09      2556    218844   6404868     23.31   5625604     63504       152      3848
05:40:51 PM   1964904   1970848   5934972     75.07      2556    218644   6404868     23.31   5623588     63768       280      3848
05:40:56 PM   1975680   1981624   5924196     74.93      2556    218716   6404868     23.31   5610824     63768       292      3848
05:41:01 PM   2003084   2009092   5896728     74.59      2556    218712   6404868     23.31   5588360     63768       288      3848
05:41:06 PM   2003752   2008360   5897460     74.60      2556    217304   6404868     23.31   5575660     63432       288      3844
05:41:11 PM   2034036   2038328   5867492     74.22      2556    216988   6404868     23.31   5554936     63432       288      3844
05:41:16 PM   2048512   2053464   5852356     74.03      2556    217680   6413064     23.33   5529304     63864         8      3844
05:41:21 PM   2105220   2110172   5795648     73.31      2556    217680   6413064     23.33   5477748     63864        20      3844
05:41:26 PM   2173556   2181312   5724508     72.41      2556    220660   6412128     23.33   5406208     64076        92      3844
05:41:31 PM   2195548   2203180   5702640     72.13      2556    220536   6412128     23.33   5386400     64076       100      3844
05:41:36 PM   2208788   2216572   5689248     71.96      2556    220484   6412128     23.33   5363496     64156       100      3844
05:41:41 PM   2220388   2228172   5677648     71.82      2556    220484   6412128     23.33   5354364     64156       100      3844
05:41:46 PM   2220388   2228176   5677644     71.82      2556    220484   6412128     23.33   5354368     64156        96      3844
05:41:51 PM   1932724   1940804   5965016     75.45      2556    220868   6412128     23.33   5658192     64524       108      3848
05:41:56 PM   1958344   1965512   5940308     75.14      2556    219864   6412128     23.33   5629748     64544       124      3848
05:42:01 PM   1961808   1968960   5936860     75.09      2556    219856   6412128     23.33   5624120     64544       112      3848
05:42:06 PM   1990920   1997172   5908648     74.74      2556    218948   6412128     23.33   5591112     64544       120      3848
05:42:11 PM   2005036   2011288   5894532     74.56      2556    218948   6412128     23.33   5581604     64544       120      3848
05:42:16 PM   2017264   2023496   5882324     74.40      2556    218964   6412128     23.33   5575512     64544       116      3848
05:42:21 PM   2017012   2023424   5882396     74.41      2556    219152   6412128     23.33   5571016     64792        24      3848
05:42:26 PM   2028544   2034980   5870840     74.26      2556    219164   6412128     23.33   5563704     64848        92      3848
05:42:31 PM   2027788   2034708   5871112     74.26      2556    219740   6412128     23.33   5563876     64884       100      3848
05:42:36 PM   2027788   2034776   5871044     74.26      2556    219684   6412128     23.33   5563772     64884        92      3848
05:42:41 PM   2028040   2034696   5871124     74.26      2556    219352   6412128     23.33   5563036     64884       100      3848
05:42:46 PM   2039156   2045812   5860008     74.12      2556    219352   6412128     23.33   5560708     64884        96      3848
05:42:51 PM   1847308   1853964   6051856     76.55      2556    219500   6412128     23.33   5757676     64884       104      3848
05:42:56 PM   1847056   1854152   6051668     76.55      2556    219804   6412128     23.33   5745520     65180        24      3848
05:43:01 PM   1851324   1858424   6047396     76.49      2556    219900   6412128     23.33   5734320     65188       112      3848
05:43:06 PM   1867524   1874592   6031228     76.29      2556    219792   6412128     23.33   5715716     65236       120      3848
05:43:11 PM   1891088   1897880   6007940     75.99      2556    219560   6412128     23.33   5698796     65236       120      3848
05:43:16 PM   1895224   1901768   6004052     75.94      2556    219244   6412128     23.33   5686556     65240       120      3848
05:43:21 PM   1908368   1914764   5991056     75.78      2556    219132   6412128     23.33   5678840     65232       144      3848
05:43:26 PM   1908368   1914728   5991092     75.78      2556    219060   6412128     23.33   5678536     65268       148      3848
05:43:31 PM   1908368   1914624   5991196     75.78      2556    219008   6412128     23.33   5678396     65268        20      3848
05:43:36 PM   1908368   1914960   5990860     75.78      2556    219300   6412128     23.33   5678200     65584        12      3848
05:43:41 PM   1917524   1924060   5981760     75.66      2556    219296   6412128     23.33   5671872     65584        20      3848
05:43:46 PM   1936024   1942800   5963020     75.43      2556    219476   6412128     23.33   5655284     65680       108      3848
05:43:51 PM   1963536   1970288   5935532     75.08      2556    219468   6412128     23.33   5632764     65680       128      3848
05:43:56 PM   1963032   1969776   5936044     75.08      2556    219448   6412128     23.33   5624240     65696       132      3848
05:44:01 PM   1967692   1974436   5931384     75.03      2556    219500   6412128     23.33   5619020     65696       132      3848
05:44:06 PM   1974444   1981244   5924576     74.94      2556    219500   6412128     23.33   5612316     65696        20      3848
05:44:11 PM   1998448   2005248   5900572     74.64      2556    219588   6412128     23.33   5578204     65696        92      3848
05:44:16 PM   2008604   2015712   5890108     74.50      2556    219808   6412128     23.33   5570372     66040        20      3848
05:44:21 PM   2041208   2048684   5857136     74.09      2556    220204   6412128     23.33   5546088     66120        92      3848
05:44:26 PM   2040956   2048452   5857368     74.09      2556    220196   6412128     23.33   5544756     66136       112      3848
05:44:31 PM   2040956   2048152   5857668     74.09      2556    219900   6412128     23.33   5544400     66136       120      3848
05:44:36 PM   2059236   2066424   5839396     73.86      2556    219892   6412128     23.33   5529468     66136       120      3848
05:44:41 PM   2058984   2066176   5839644     73.87      2556    219892   6412128     23.33   5525104     66140        24      3848
05:44:46 PM   2058984   2066136   5839684     73.87      2556    219932   6412128     23.33   5525116     66140        96      3848
05:44:51 PM   2058480   2066924   5838896     73.86      2556    221164   6412128     23.33   5525204     66584       220      3848
05:44:56 PM   2077228   2085284   5820536     73.62      2556    220872   6412128     23.33   5516188     66584       304      3848
05:45:01 PM   2076976   2085368   5820452     73.62      2556    221176   6412128     23.33   5516308     66680       332      3848
05:45:06 PM   2076976   2085412   5820408     73.62      2556    221160   6412128     23.33   5515972     66680       340      3848
05:45:11 PM   2103724   2112180   5793640     73.28      2556    221172   6412128     23.33   5491288     66696       340      3848
05:45:16 PM   2103248   2111716   5794104     73.29      2556    221168   6412128     23.33   5487088     66696       128      3848
05:45:21 PM   2124684   2133360   5772460     73.02      2556    221376   6412128     23.33   5457080     66856       172      3848
05:45:26 PM   2166924   2175848   5729972     72.48      2556    221680   6412128     23.33   5421988     67104        20      3848
05:45:31 PM   2179588   2188556   5717264     72.32      2556    221664   6412128     23.33   5400900     67240        92      3844
05:45:36 PM   2205784   2214748   5691072     71.99      2556    221676   6412128     23.33   5370104     67240       112      3844
05:45:41 PM   2212632   2221608   5684212     71.90      2556    221672   6412128     23.33   5363352     67256       116      3844
05:45:46 PM   2238636   2247084   5658736     71.58      2556    221148   6412128     23.33   5336104     67256       116      3844
05:45:51 PM   2068552   2077360   5828460     73.72      2556    221512   6412128     23.33   5504692     67256        20      3844
05:45:56 PM   2112564   2121372   5784448     73.17      2556    221596   6412128     23.33   5471936     67256       100      3844
05:46:01 PM   2112060   2121080   5784740     73.17      2556    221820   6412128     23.33   5471992     67464        28      3844
05:46:06 PM   2111556   2120676   5785144     73.18      2556    221916   6412128     23.33   5471992     67564       112      3844
05:46:11 PM   2111556   2120772   5785048     73.17      2556    221932   6412128     23.33   5471992     67660       132      3844
05:46:16 PM   2111556   2120772   5785048     73.17      2556    221932   6412128     23.33   5471992     67660       136      3844
05:46:21 PM   2111556   2120788   5785032     73.17      2556    221996   6412128     23.33   5471992     67676       136      3844
05:46:26 PM   2108640   2120120   5785700     73.18      2556    224188   6412128     23.33   5475640     67768        20      3844
05:46:31 PM   2108416   2119916   5785904     73.19      2556    224268   6412128     23.33   5475908     67768        92      3844
05:46:36 PM   2108416   2119916   5785904     73.19      2556    224268   6412128     23.33   5475908     67768       100      3844
05:46:41 PM   2108244   2120128   5785692     73.18      2556    224572   6412128     23.33   5475908     68152        20      3844
05:46:46 PM   2108336   2120220   5785600     73.18      2556    224652   6412128     23.33   5475908     68152       100      3844
05:46:51 PM   1419640   1431620   6474200     81.89      2556    224692   6412128     23.33   6195652     68248       112      3856
05:46:56 PM   1419640   1431620   6474200     81.89      2556    224692   6412128     23.33   6195652     68248       116      3856
05:47:01 PM   1419756   1431748   6474072     81.89      2556    224692   6412128     23.33   6195676     68248       116      3856
05:47:06 PM   1419756   1431748   6474072     81.89      2556    224776   6412128     23.33   6195676     68248        96      3856
05:47:11 PM   1419084   1431160   6474660     81.90      2556    224776   6412128     23.33   6195676     68332       104      3856
05:47:16 PM   1419084   1431284   6474536     81.90      2556    225016   6412128     23.33   6195676     68456        12      3856
05:47:21 PM   1415748   1428060   6477760     81.94      2556    225012   6412128     23.33   6184100     68572        20      3856
05:47:26 PM   1415636   1427948   6477872     81.94      2556    225092   6412128     23.33   6184100     68572       100      3856
05:47:31 PM   1415636   1428028   6477792     81.94      2556    225092   6412128     23.33   6184100     68652       104      3856
05:47:36 PM   1415636   1428028   6477792     81.94      2556    225092   6412128     23.33   6184100     68652        24      3856
05:47:41 PM   1422188   1434672   6471148     81.85      2556    225184   6412128     23.33   6171444     68748       112      3856
05:47:46 PM   1422188   1434672   6471148     81.85      2556    225184   6412128     23.33   6171444     68748       120      3856
05:47:51 PM   1422188   1434620   6471200     81.85      2556    225132   6412128     23.33   6170664     68752       120      3856
05:47:56 PM   1433288   1445908   6459912     81.71      2556    225404   6412128     23.33   6151608     69000        28      3856
05:48:01 PM   1459268   1472052   6433768     81.38      2556    225476   6412128     23.33   6119868     69084       104      3856
05:48:06 PM   1495724   1508284   6397536     80.92      2556    225256   6412128     23.33   6074440     69080       108      3856
05:48:11 PM   1547344   1559836   6345984     80.27      2556    225192   6412128     23.33   6017880     69080        28      3856
05:48:16 PM   1556588   1569068   6336752     80.15      2556    225288   6412128     23.33   6006588     69076        92      3856
05:48:21 PM   1557968   1570444   6335376     80.14      2556    225284   6412128     23.33   6005424     69076       100      3856
05:48:26 PM   1569948   1582488   6323332     79.98      2556    225236   6412128     23.33   5988408     69156        92      3856
05:48:31 PM   1619264   1631348   6274472     79.37      2556    224872   6412128     23.33   5932420     69276        20      3856
05:48:36 PM   1658152   1669712   6236108     78.88      2556    224340   6412128     23.33   5889788     69364        96      3856
05:48:41 PM   1699708   1711236   6194584     78.35      2556    224312   6412128     23.33   5843396     69364       100      3856
05:48:46 PM   1706632   1718240   6187580     78.27      2556    224312   6412128     23.33   5835720     69444        20      3856
05:48:51 PM   1706632   1718240   6187580     78.27      2556    224408   6412128     23.33   5833576     69444       108      3856
05:48:56 PM   1702284   1713992   6191828     78.32      2556    224412   6412128     23.33   5833844     69544       120      3856
05:49:01 PM   1631948   1644232   6261588     79.20      2556    225020   6412128     23.33   5963156     69592       292      3856
05:49:06 PM   1633016   1644656   6261164     79.20      2556    224488   6412128     23.33   5962516     69608       128      3856
05:49:11 PM   1633016   1644812   6261008     79.19      2556    224632   6412128     23.33   5961516     69724       204      3856
05:49:16 PM   1647176   1658960   6246860     79.02      2556    224520   6412128     23.33   5945956     69804       208      3856
05:49:21 PM   1679172   1690976   6214844     78.61      2556    224512   6412128     23.33   5925180     69804       128      3856
05:49:26 PM   1702060   1713852   6191968     78.32      2556    224580   6412128     23.33   5891904     69804       200      3856
05:49:31 PM   1707700   1719492   6186328     78.25      2556    224580   6412128     23.33   5888304     69804       104      3856
05:49:36 PM   1746320   1758196   6147624     77.76      2556    224580   6412128     23.33   5847228     69884        92      3856
05:49:41 PM   1815080   1826996   6078824     76.89      2556    224632   6412128     23.33   5779916     70132        24      3856
05:49:46 PM   1832260   1844184   6061636     76.67      2556    224708   6412128     23.33   5753108     70144       100      3856
05:49:51 PM   1858280   1870060   6035760     76.35      2556    224736   6412128     23.33   5727468     70220       108      3856
05:49:56 PM   1867092   1879124   6026696     76.23      2556    224736   6412128     23.33   5717800     70252        28      3856
05:50:01 PM   1875656   1887576   6018244     76.12      2556    224820   6412128     23.33   5710268     70256       264      3856
05:50:06 PM   1879376   1891552   6014268     76.07      2556    224884   6412128     23.33   5706216     70460       304      3856
05:50:11 PM   1879376   1891516   6014304     76.07      2556    224844   6412128     23.33   5704860     70460       300      3856
05:50:16 PM   1881764   1893896   6011924     76.04      2556    224880   6412128     23.33   5701732     70460       296      3856
05:50:21 PM   1882452   1894856   6010964     76.03      2556    225184   6412128     23.33   5701100     70732       104      3856
05:50:26 PM   1882888   1895444   6010376     76.02      2556    225260   6412128     23.33   5700432     70844       176      3856
05:50:31 PM   1883672   1896216   6009604     76.01      2556    225248   6412128     23.33   5700192     70844        20      3856
05:50:36 PM   1928024   1940556   5965264     75.45      2556    225236   6412128     23.33   5666876     70924        92      3856
05:50:41 PM   1927772   1940304   5965516     75.46      2556    225236   6412128     23.33   5654672     70924       100      3856
05:50:46 PM   1948748   1960920   5944900     75.20      2556    224876   6412128     23.33   5633312     70920        92      3856
05:50:51 PM   1966756   1978952   5926868     74.97      2556    225048   6412128     23.33   5616208     71044        20      3856
05:50:56 PM   1986136   1998396   5907424     74.72      2556    224964   6412128     23.33   5599200     71192        20      3856
05:51:01 PM   1988720   2000980   5904840     74.69      2556    224964   6412128     23.33   5592908     71192        96      3856
05:51:06 PM   2001036   2013296   5892524     74.53      2556    224964   6412128     23.33   5582748     71192        20      3856
05:51:11 PM   2009072   2021328   5884492     74.43      2556    224960   6412128     23.33   5576416     71192       108      3856
05:51:16 PM   2016508   2028764   5877056     74.34      2556    224960   6412128     23.33   5573804     71192       116      3856
05:51:21 PM   2045912   2058276   5847544     73.97      2556    225160   6412128     23.33   5536160     71192       108      3856
05:51:26 PM   2108796   2125476   5780344     73.12      2556    229368   6412548     23.33   5482868     71392       344      3856
05:51:31 PM   2119404   2136076   5769744     72.98      2556    229360   6412548     23.33   5473036     71392       200      3856
05:51:36 PM   2155824   2172420   5733400     72.52      2556    229292   6412548     23.33   5431604     71400       284      3856
05:51:41 PM   2163360   2179932   5725888     72.43      2556    229272   6412548     23.33   5425152     71400       208      3856
05:51:46 PM   2166180   2182712   5723108     72.39      2556    229236   6412548     23.33   5422532     71400       272      3856
05:51:51 PM   1916700   1933804   5972016     75.54      2556    229856   6412548     23.33   5680256     71396       280      3856
05:51:56 PM   1938972   1956136   5949684     75.26      2556    229856   6412548     23.33   5661816     71400        96      3856
05:52:01 PM   1677584   1694752   6211068     78.56      2556    229860   6412548     23.33   5918912     71404       108      3856
05:52:06 PM   1677332   1694500   6211320     78.57      2556    229876   6412548     23.33   5918912     71404        28      3856
05:52:11 PM   1676340   1693524   6212296     78.58      2556    229916   6412548     23.33   5919220     71420       104      3856
05:52:16 PM   1676304   1693488   6212332     78.58      2556    229920   6412548     23.33   5919220     71420        32      3856
05:52:21 PM   1676556   1693784   6212036     78.58      2556    229920   6412548     23.33   5919272     71424       120      3856
05:52:26 PM   1676556   1693784   6212036     78.58      2556    229920   6412548     23.33   5919272     71424       124      3856
05:52:31 PM   1676304   1693532   6212288     78.58      2556    229920   6412548     23.33   5919288     71424       108      3856
05:52:36 PM   1676304   1693532   6212288     78.58      2556    229920   6412548     23.33   5919288     71424       116      3856
05:52:41 PM   1676304   1693532   6212288     78.58      2556    229920   6412548     23.33   5919300     71424        20      3856
05:52:46 PM   1676304   1693532   6212288     78.58      2556    229920   6412548     23.33   5919300     71424        96      3856
05:52:51 PM   1676304   1693532   6212288     78.58      2556    229920   6412548     23.33   5919300     71424        20      3856
05:52:56 PM   1676304   1693532   6212288     78.58      2556    229920   6412548     23.33   5919300     71424        92      3856
05:53:01 PM   1676304   1693532   6212288     78.58      2556    229920   6412548     23.33   5919300     71424       100      3856
05:53:06 PM   1676304   1693532   6212288     78.58      2556    229920   6412548     23.33   5919300     71424        92      3856
05:53:11 PM   1676304   1693532   6212288     78.58      2556    229920   6412548     23.33   5919300     71424       100      3856
05:53:16 PM   1676304   1693532   6212288     78.58      2556    229920   6412548     23.33   5919300     71424       100      3856
05:53:21 PM   1676304   1693532   6212288     78.58      2556    229920   6412548     23.33   5919308     71424        96      3856
05:53:26 PM   1676304   1693532   6212288     78.58      2556    229920   6412548     23.33   5919308     71424        20      3856
05:53:31 PM   1685140   1702368   6203452     78.47      2556    229920   6412548     23.33   5909312     71424       108      3856
05:53:36 PM   1685140   1702368   6203452     78.47      2556    229920   6412548     23.33   5909312     71424       116      3856
05:53:41 PM   1688792   1706012   6199808     78.42      2556    229912   6412548     23.33   5904776     71424       108      3856
05:53:46 PM   1704020   1720324   6185496     78.24      2556    229000   6412548     23.33   5877044     71408       116      3856
05:53:51 PM   1751656   1767940   6137880     77.64      2556    228980   6412548     23.33   5812108     71408        20      3856
05:53:56 PM   1791912   1808056   6097764     77.13      2556    228884   6412548     23.33   5765060     71408        20      3856
05:54:01 PM   1816596   1832784   6073036     76.82      2556    228884   6412548     23.33   5734904     71408        96      3856
05:54:06 PM   1856976   1873156   6032664     76.31      2556    228892   6412548     23.33   5690044     71408        12      3856
05:54:11 PM   1861784   1877920   6027900     76.25      2556    228832   6412548     23.33   5683032     71408        20      3856
05:54:16 PM   1873964   1890096   6015724     76.09      2556    228972   6412548     23.33   5669312     71408        92      3856
05:54:21 PM   1891184   1907424   5998396     75.87      2556    228952   6412548     23.33   5661504     71408       100      3856
05:54:26 PM   1944968   1961200   5944620     75.19      2556    228964   6412548     23.33   5607152     71404       100      3856
05:54:31 PM   1968544   1984812   5921008     74.89      2556    228964   6412548     23.33   5574660     71404        20      3856
05:54:36 PM   1979460   1995284   5910536     74.76      2556    228520   6412548     23.33   5557156     71404        96      3856
05:54:41 PM   1979312   1995136   5910684     74.76      2556    228520   6412548     23.33   5557156     71404       124      3856
05:54:46 PM   1995708   2010736   5895084     74.57      2556    227724   6412548     23.33   5536660     71384        20      3856
05:54:51 PM   2024504   2039532   5866288     74.20      2556    227728   6412548     23.33   5500108     71384        92      3856
05:54:56 PM   2028644   2043668   5862152     74.15      2556    227720   6412548     23.33   5486792     71388       100      3856
05:55:01 PM   1843584   1859436   6046384     76.48      2556    228548   6412548     23.33   5684028     71396       156      3856
05:55:06 PM   1843332   1859180   6046640     76.48      2556    228548   6412548     23.33   5684028     71392       168      3856
05:55:11 PM   1843332   1859180   6046640     76.48      2556    228544   6412548     23.33   5684040     71392       272      3856
05:55:16 PM   1843332   1859180   6046640     76.48      2556    228552   6412548     23.33   5684044     71392       284      3856
05:55:21 PM   1843332   1859184   6046636     76.48      2556    228552   6412548     23.33   5684048     71396       196      3856
05:55:26 PM   1843332   1859188   6046632     76.48      2556    228552   6412548     23.33   5684048     71400       264      3856
05:55:31 PM   1843332   1859188   6046632     76.48      2556    228552   6412548     23.33   5684064     71400       184      3856
05:55:36 PM   1843332   1859188   6046632     76.48      2556    228552   6412548     23.33   5684068     71400        20      3856
05:55:41 PM   1843332   1859188   6046632     76.48      2556    228552   6412548     23.33   5684068     71400        20      3856
05:55:46 PM   1843332   1859188   6046632     76.48      2556    228552   6412548     23.33   5684068     71400        96      3856
05:55:51 PM   1843332   1859188   6046632     76.48      2556    228552   6412548     23.33   5684068     71400        12      3856
05:55:56 PM   1843584   1859440   6046380     76.48      2556    228552   6412548     23.33   5684068     71400        20      3856
05:56:01 PM   1843584   1859440   6046380     76.48      2556    228552   6412548     23.33   5684068     71400        92      3856
05:56:06 PM   1843584   1858936   6046884     76.49      2556    228044   6412548     23.33   5677532     71340       100      3852
05:56:11 PM   1857892   1872552   6033268     76.31      2556    227360   6412548     23.33   5669556     71296       100      3852
05:56:16 PM   1857640   1872300   6033520     76.32      2556    227360   6412548     23.33   5662012     71296        20      3852
05:56:21 PM   1934960   1949620   5956200     75.34      2556    227448   6412548     23.33   5584528     71296        96      3852
05:56:26 PM   1949976   1965608   5940212     75.14      2556    228484   6412128     23.33   5569780     71304       112      3852
05:56:31 PM   1951368   1966984   5938836     75.12      2556    228468   6412128     23.33   5561416     71300        24      3852
05:56:36 PM   1968076   1983724   5922096     74.91      2556    228336   6412128     23.33   5544868     71300        96      3852
05:56:41 PM   1991416   2006928   5898892     74.61      2556    228200   6412128     23.33   5517900     71300       104      3852
05:56:46 PM   2021992   2037424   5868396     74.23      2556    228124   6412128     23.33   5482952     71296       104      3852
05:56:51 PM   1652956   1667936   6237884     78.90      2556    227680   6412128     23.33   5867400     71288        24      3852
05:56:56 PM   1652956   1667952   6237868     78.90      2556    227684   6412128     23.33   5867484     71292       100      3852
05:57:01 PM   1519396   1534392   6371428     80.59      2556    227684   6412128     23.33   6090304     71296       128      3852
05:57:06 PM   1519396   1534392   6371428     80.59      2556    227684   6412128     23.33   6090308     71296        24      3852
05:57:11 PM   1519396   1534392   6371428     80.59      2556    227684   6412128     23.33   6090308     71296        96      3852
05:57:16 PM   1519396   1534392   6371428     80.59      2556    227684   6412128     23.33   6090308     71296       104      3852
05:57:21 PM   1519396   1534392   6371428     80.59      2556    227684   6412128     23.33   6090308     71296       104      3852
05:57:26 PM   1519396   1534396   6371424     80.59      2556    227688   6412128     23.33   6090312     71300       108      3852
05:57:31 PM   1519396   1534396   6371424     80.59      2556    227688   6412128     23.33   6090312     71300        24      3852
05:57:36 PM   1519396   1534396   6371424     80.59      2556    227688   6412128     23.33   6090312     71300       108      3852
05:57:41 PM   1519396   1534396   6371424     80.59      2556    227688   6412128     23.33   6090312     71300       120      3852
05:57:46 PM   1519396   1534396   6371424     80.59      2556    227688   6412128     23.33   6090312     71300        12      3852
05:57:51 PM   1519396   1534396   6371424     80.59      2556    227688   6412128     23.33   6090312     71300        20      3852
05:57:56 PM   1519396   1534396   6371424     80.59      2556    227688   6412128     23.33   6090312     71300        20      3852
05:58:01 PM   1434292   1449292   6456528     81.67      2556    227688   6412128     23.33   6175636     71300        20      3852
05:58:06 PM   1415328   1430348   6475472     81.91      2556    227708   6412128     23.33   6195004     71320        24      3852
05:58:11 PM   1415328   1430348   6475472     81.91      2556    227708   6412128     23.33   6195004     71320       124      3852
05:58:16 PM   1415328   1430348   6475472     81.91      2556    227708   6412128     23.33   6195004     71320       136      3852
05:58:21 PM   1415328   1430348   6475472     81.91      2556    227708   6412128     23.33   6195004     71320       124      3852
05:58:26 PM   1415328   1430348   6475472     81.91      2556    227708   6412128     23.33   6195004     71320       132      3852
05:58:31 PM   1418948   1433968   6471852     81.86      2556    227708   6412128     23.33   6192972     71320       132      3852
05:58:36 PM   1418948   1433968   6471852     81.86      2556    227708   6412128     23.33   6192976     71320        20      3852
05:58:41 PM   1418948   1433968   6471852     81.86      2556    227708   6412128     23.33   6192976     71320        20      3852
05:58:46 PM   1418948   1433968   6471852     81.86      2556    227708   6412128     23.33   6192976     71320       104      3852
05:58:51 PM   1418948   1433968   6471852     81.86      2556    227708   6412128     23.33   6192976     71320       116      3852
05:58:56 PM   1418948   1433780   6472040     81.86      2556    227520   6412128     23.33   6183560     71320       108      3852
05:59:01 PM   1418948   1433788   6472032     81.86      2556    227528   6412128     23.33   6183560     71328       128      3852
05:59:06 PM   1425380   1440208   6465612     81.78      2556    227516   6412128     23.33   6174440     71328       128      3852
05:59:11 PM   1425380   1440208   6465612     81.78      2556    227516   6412128     23.33   6174440     71328        32      3852
05:59:16 PM   1425380   1440208   6465612     81.78      2556    227516   6412128     23.33   6174436     71328        32      3852
05:59:21 PM   1425380   1440208   6465612     81.78      2556    227516   6412128     23.33   6174436     71328       124      3852
05:59:26 PM   1425380   1440208   6465612     81.78      2556    227516   6412128     23.33   6174412     71328       136      3852
05:59:31 PM   1425380   1440208   6465612     81.78      2556    227516   6412128     23.33   6174400     71328       124      3852
05:59:36 PM   1450748   1465572   6440248     81.46      2556    227512   6412128     23.33   6145128     71328       132      3852
05:59:41 PM   1485732   1500484   6405336     81.02      2556    227440   6412128     23.33   6113940     71328       132      3852
05:59:46 PM   1491720   1506464   6399356     80.94      2556    227436   6412128     23.33   6101300     71324        20      3852
05:59:51 PM   1545504   1560244   6345576     80.26      2556    227428   6412128     23.33   6052076     71324        20      3852
05:59:56 PM   1593860   1608484   6297336     79.65      2556    227312   6412128     23.33   5996152     71316       104      3852
06:00:01 PM   1616760   1631380   6274440     79.36      2556    227308   6412128     23.33   5972304     71320       120      3852
06:00:06 PM   1642556   1657528   6248292     79.03      2556    227672   6412128     23.33   5946232     71316       188      3852
06:00:11 PM   1651164   1666044   6239776     78.93      2556    227568   6412128     23.33   5931060     71312       284      3852
06:00:16 PM   1688316   1703160   6202660     78.46      2556    227640   6412128     23.33   5894968     71312       284      3852
06:00:21 PM   1720684   1735584   6170236     78.05      2556    227592   6412128     23.33   5858868     71312       112      3852
06:00:26 PM   1750384   1765224   6140596     77.67      2556    227532   6412128     23.33   5828020     71304       108      3852
06:00:31 PM   1811396   1826236   6079584     76.90      2556    227532   6412128     23.33   5773820     71304       208      3852
06:00:36 PM   1830336   1845176   6060644     76.66      2556    227532   6412128     23.33   5753612     71304       132      3852
06:00:41 PM   1867028   1881868   6023952     76.20      2556    227532   6412128     23.33   5707004     71304       124      3852
06:00:46 PM   1918144   1932976   5972844     75.55      2556    227524   6412128     23.33   5653556     71296       132      3852
06:00:51 PM   1940244   1954568   5951252     75.28      2556    227024   6412128     23.33   5630848     71296       132      3852
06:00:56 PM   1952532   1966848   5938972     75.12      2556    227016   6412128     23.33   5618080     71296        20      3852
06:01:01 PM   1995224   2009464   5896356     74.58      2556    226940   6412128     23.33   5574140     71296        20      3852
06:01:06 PM   1802560   1816792   6089028     77.02      2556    227012   6412128     23.33   5788360     71404         8      3852
06:01:11 PM   1813592   1827904   6077916     76.88      2556    227012   6412128     23.33   5771948     71488        28      3852
06:01:16 PM   1826024   1840336   6065484     76.72      2556    227108   6412128     23.33   5756996     71488       112      3852
06:01:21 PM   1838160   1852564   6053256     76.57      2556    227120   6412128     23.33   5732448     71584       120      3852
06:01:26 PM   1851204   1865608   6040212     76.40      2556    227120   6412128     23.33   5725600     71584       120      3852
06:01:31 PM   1862440   1877336   6028484     76.25      2556    227584   6412128     23.33   5716800     71592       120      3852
06:01:36 PM   1888608   1903500   6002320     75.92      2556    227580   6412128     23.33   5685336     71588        24      3852
06:01:41 PM   1888636   1903624   6002196     75.92      2556    227676   6412128     23.33   5685336     71684       104      3852
06:01:46 PM   1898492   1913600   5992220     75.80      2556    227848   6412128     23.33   5672108     71804        20      3852
06:01:51 PM   1899500   1914736   5991084     75.78      2556    227924   6412128     23.33   5670468     71936        92      3852
06:01:56 PM   1905044   1920276   5985544     75.71      2556    227920   6412128     23.33   5662948     71936       100      3852
06:02:01 PM   1714548   1730480   6175340     78.11      2556    228624   6412128     23.33   5858964     71936       100      3852
06:02:06 PM   1717628   1733560   6172260     78.07      2556    228624   6412128     23.33   5858964     71936       104      3852
06:02:11 PM   1717628   1733608   6172212     78.07      2556    228672   6412128     23.33   5859000     71984        20      3852
06:02:16 PM   1717376   1733356   6172464     78.07      2556    228768   6412128     23.33   5859000     71984       104      3852
06:02:21 PM   1714060   1730356   6175464     78.11      2556    229044   6412128     23.33   5859160     72232        20      3852
06:02:26 PM   1716780   1733132   6172688     78.08      2556    229140   6412128     23.33   5859100     72288       108      3852
06:02:31 PM   1716780   1733132   6172688     78.08      2556    229140   6412128     23.33   5859100     72288       116      3852
06:02:36 PM   1716948   1733400   6172420     78.07      2556    229144   6412128     23.33   5859336     72388       120      3852
06:02:41 PM   1716948   1733400   6172420     78.07      2556    229152   6412128     23.33   5859336     72388       128      3852
06:02:46 PM   1714600   1731060   6174760     78.10      2556    229152   6412128     23.33   5859352     72396        32      3852
06:02:51 PM   1714600   1731060   6174760     78.10      2556    229232   6412128     23.33   5859352     72396       108      3852
06:02:56 PM   1713716   1730384   6175436     78.11      2556    229460   6412128     23.33   5859852     72604        28      3852
06:03:01 PM   1713716   1730384   6175436     78.11      2556    229540   6412128     23.33   5859852     72604        96      3852
06:03:06 PM   1715008   1731856   6173964     78.09      2556    229540   6412128     23.33   5860076     72784       104      3852
06:03:11 PM   1715008   1731856   6173964     78.09      2556    229540   6412128     23.33   5860076     72784       104      3852
06:03:16 PM   1716228   1733076   6172744     78.08      2556    229540   6412128     23.33   5860148     72784       104      3852
06:03:21 PM   1716228   1733076   6172744     78.08      2556    229540   6412128     23.33   5860148     72784        24      3852
06:03:26 PM   1716228   1733076   6172744     78.08      2556    229624   6412128     23.33   5860148     72784       104      3852
06:03:31 PM   1715976   1732948   6172872     78.08      2556    229776   6412128     23.33   5860164     72908        20      3852
06:03:36 PM   1715976   1733060   6172760     78.08      2556    229840   6412128     23.33   5860284     73020       108      3852
06:03:41 PM   1715976   1733060   6172760     78.08      2556    229840   6412128     23.33   5860284     73020       116      3852
06:03:46 PM   1715976   1733124   6172696     78.08      2556    229840   6412128     23.33   5860284     73084       116      3852
06:03:51 PM   1723052   1740200   6165620     77.99      2556    229840   6412128     23.33   5851736     73084       116      3852
06:03:56 PM   1723052   1740200   6165620     77.99      2556    229840   6412128     23.33   5843528     73084        24      3852
06:04:01 PM   1737424   1754572   6151248     77.81      2556    229888   6412128     23.33   5827300     73084       108      3852
06:04:06 PM   1704880   1721884   6183936     78.22      2556    229776   6412128     23.33   5904180     73128        24      3852
06:04:11 PM   1704880   1721888   6183932     78.22      2556    229860   6412128     23.33   5904180     73132        96      3852
06:04:16 PM   1692592   1709760   6196060     78.37      2556    229860   6412128     23.33   5904180     73292       104      3852
06:04:21 PM   1693360   1710528   6195292     78.36      2556    229860   6412128     23.33   5904180     73292       104      3852
06:04:26 PM   1694620   1711788   6194032     78.35      2556    229860   6412128     23.33   5904184     73292       100      3852
06:04:31 PM   1694620   1711788   6194032     78.35      2556    229860   6412128     23.33   5904196     73292       100      3852
06:04:36 PM   1694160   1711328   6194492     78.35      2556    229860   6412128     23.33   5904220     73292        20      3852
06:04:41 PM   1693908   1711076   6194744     78.36      2556    229956   6412128     23.33   5904220     73292       104      3852
06:04:46 PM   1696812   1714252   6191568     78.32      2556    230132   6412128     23.33   5904220     73564        12      3852
06:04:51 PM   1696812   1714252   6191568     78.32      2556    230132   6412128     23.33   5904220     73564        20      3852
06:04:56 PM   1695476   1712916   6192904     78.33      2556    230132   6412128     23.33   5904220     73564        20      3852
06:05:01 PM   1695476   1712916   6192904     78.33      2556    230184   6412128     23.33   5904224     73564       168      3852
06:05:06 PM   1693452   1710976   6194844     78.36      2556    230216   6412128     23.33   5904224     73648       200      3852
06:05:11 PM   1696312   1713920   6191900     78.32      2556    230364   6412128     23.33   5904228     73732       168      3852
06:05:16 PM   1696312   1714124   6191696     78.32      2556    230504   6412128     23.33   5904228     73936       296      3852
06:05:21 PM   1696312   1714124   6191696     78.32      2556    230504   6412128     23.33   5904228     73936       296      3852
06:05:26 PM   1694108   1712044   6193776     78.34      2556    230728   6412128     23.33   5904292     74060       112      3852
06:05:31 PM   1694140   1712176   6193644     78.34      2556    230728   6412128     23.33   5904228     74160        20      3852
06:05:36 PM   1692652   1710688   6195132     78.36      2556    230728   6412128     23.33   5904228     74160        20      3852
06:05:41 PM   1692652   1710688   6195132     78.36      2556    230728   6412128     23.33   5904228     74160        20      3852
06:05:46 PM   1694328   1712364   6193456     78.34      2556    230728   6412128     23.33   5904228     74160        20      3852
06:05:51 PM   1694328   1712364   6193456     78.34      2556    230824   6412128     23.33   5904228     74160       104      3852
06:05:56 PM   1693132   1711248   6194572     78.35      2556    230824   6412128     23.33   5904292     74240       108      3852
06:06:01 PM   1692924   1711056   6194764     78.36      2556    230824   6412128     23.33   5904228     74256       116      3852
06:06:06 PM   1697236   1715548   6190272     78.30      2556    231012   6412128     23.33   5895552     74504        20      3852
06:06:11 PM   1698952   1717264   6188556     78.28      2556    231004   6412128     23.33   5887180     74508        20      3852
06:06:16 PM   1715512   1733812   6172008     78.07      2556    230992   6412128     23.33   5872760     74508        20      3852
06:06:21 PM   1722648   1740948   6164872     77.98      2556    230996   6412128     23.33   5859576     74508        20      3852
06:06:26 PM   1747140   1765404   6140416     77.67      2556    231080   6412128     23.33   5837336     74508       120      3852
06:06:31 PM   1754924   1773804   6132016     77.56      2556    231620   6412128     23.33   5830384     74632       124      3852
06:06:36 PM   1766064   1784928   6120892     77.42      2556    231604   6412128     23.33   5819724     74628       132      3852
06:06:41 PM   1781760   1800132   6105688     77.23      2556    231060   6412128     23.33   5803548     74628       132      3852
06:06:46 PM   1807152   1825260   6080560     76.91      2556    230800   6412128     23.33   5777716     74620       132      3852
06:06:51 PM   1604292   1622632   6283188     79.48      2556    231056   6412128     23.33   6003568     74620       132      3852
06:06:56 PM   1597128   1615840   6289980     79.56      2556    231408   6412128     23.33   6011180     74968        24      3852
06:07:01 PM   1491792   1510508   6395312     80.89      2556    231504   6412128     23.33   6117984     74972       108      3852
06:07:06 PM   1491792   1510508   6395312     80.89      2556    231504   6412128     23.33   6117984     74972       112      3852
06:07:11 PM   1417176   1435988   6469832     81.84      2556    231504   6412128     23.33   6192244     75068       120      3852
06:07:16 PM   1417176   1435988   6469832     81.84      2556    231508   6412128     23.33   6192248     75068       124      3852
06:07:21 PM   1416564   1435380   6470440     81.84      2556    231508   6412128     23.33   6192248     75072       124      3852
06:07:26 PM   1416564   1435380   6470440     81.84      2556    231508   6412128     23.33   6192248     75072       120      3852
06:07:31 PM   1417272   1436336   6469484     81.83      2556    231828   6412128     23.33   6192248     75320        24      3852
06:07:36 PM   1417272   1436336   6469484     81.83      2556    231940   6412128     23.33   6192248     75320       124      3852
06:07:41 PM   1416592   1435840   6469980     81.84      2556    231940   6412128     23.33   6192248     75504       124      3852
06:07:46 PM   1416592   1435840   6469980     81.84      2556    231944   6412128     23.33   6192248     75504       136      3852
06:07:51 PM   1418448   1437700   6468120     81.81      2556    231944   6412128     23.33   6192248     75508       136      3852
06:07:56 PM   1418448   1437700   6468120     81.81      2556    231944   6412128     23.33   6192248     75508       136      3852
06:08:01 PM   1418448   1437700   6468120     81.81      2556    231944   6412128     23.33   6192248     75508       136      3852
06:08:06 PM   1418448   1437700   6468120     81.81      2556    231944   6412128     23.33   6192248     75508        24      3852
06:08:11 PM   1418196   1437704   6468116     81.81      2556    232200   6412128     23.33   6192248     75764        24      3852
06:08:16 PM   1418196   1437704   6468116     81.81      2556    232296   6412128     23.33   6192248     75764        96      3852
06:08:21 PM   1418196   1437800   6468020     81.81      2556    232296   6412128     23.33   6192248     75860       116      3852
06:08:26 PM   1418196   1437800   6468020     81.81      2556    232296   6412128     23.33   6192248     75860       116      3852
06:08:31 PM   1418196   1437800   6468020     81.81      2556    232296   6412128     23.33   6192264     75860       116      3852
06:08:36 PM   1418196   1437800   6468020     81.81      2556    232296   6412128     23.33   6192264     75860       116      3852
06:08:41 PM   1418772   1438376   6467444     81.81      2556    232296   6412128     23.33   6192268     75860        20      3852
06:08:46 PM   1418520   1438372   6467448     81.81      2556    232616   6412128     23.33   6192268     76108        20      3852
06:08:51 PM   1418768   1438804   6467016     81.80      2556    232728   6412128     23.33   6192268     76292       112      3852
06:08:56 PM   1418768   1438804   6467016     81.80      2556    232728   6412128     23.33   6192268     76292       132      3852
06:09:01 PM   1416884   1436920   6468900     81.82      2556    232728   6412128     23.33   6192268     76292       132      3852
06:09:06 PM   1416884   1436920   6468900     81.82      2556    232728   6412128     23.33   6192268     76292       132      3852
06:09:11 PM   1417272   1437308   6468512     81.82      2556    232728   6412128     23.33   6192268     76292       132      3852
06:09:16 PM   1417272   1437308   6468512     81.82      2556    232728   6412128     23.33   6192268     76292        20      3852
06:09:21 PM   1420756   1441048   6464772     81.77      2556    232984   6412128     23.33   6192268     76548        20      3852
06:09:26 PM   1420504   1440796   6465024     81.78      2556    233080   6412128     23.33   6192268     76548        96      3852
06:09:31 PM   1413468   1433760   6472060     81.86      2556    233084   6412128     23.33   6192332     76548       120      3852
06:09:36 PM   1413468   1433860   6471960     81.86      2556    233084   6412128     23.33   6192268     76648       120      3852
06:09:41 PM   1413468   1433860   6471960     81.86      2556    233084   6412128     23.33   6192268     76648       120      3852
06:09:46 PM   1416800   1437192   6468628     81.82      2556    233084   6412128     23.33   6192268     76648       120      3852
06:09:51 PM   1416800   1437192   6468628     81.82      2556    233084   6412128     23.33   6192268     76648        24      3852
06:09:56 PM   1416356   1436996   6468824     81.82      2556    233404   6412128     23.33   6192268     76896        24      3852
06:10:01 PM   1416072   1436836   6468984     81.83      2556    233568   6412128     23.33   6192268     77020       256      3852
06:10:06 PM   1414804   1435708   6470112     81.84      2556    233600   6412128     23.33   6192268     77160       308      3852
06:10:11 PM   1413084   1433992   6471828     81.86      2556    233604   6412128     23.33   6182120     77164       312      3852
06:10:16 PM   1413668   1434632   6471188     81.85      2556    233656   6412128     23.33   6182096     77236       228      3852
06:10:21 PM   1413668   1434632   6471188     81.85      2556    233692   6412128     23.33   6182096     77236       320      3852
06:10:26 PM   1415492   1436740   6469080     81.83      2556    234016   6412128     23.33   6182348     77272       128      3852
06:10:31 PM   1415252   1437016   6468804     81.82      2556    234512   6412128     23.33   6182360     77768        40      3852
06:10:36 PM   1419284   1441208   6464612     81.77      2556    234608   6412128     23.33   6182424     77864       100      3852
06:10:41 PM   1419284   1441208   6464612     81.77      2556    234608   6412128     23.33   6182424     77864       120      3852
06:10:46 PM   1419924   1441848   6463972     81.76      2556    234608   6412128     23.33   6182424     77864       116      3852
06:10:51 PM   1419924   1441848   6463972     81.76      2556    234608   6412128     23.33   6182424     77864       116      3852
06:10:56 PM   1419192   1441116   6464704     81.77      2556    234608   6412128     23.33   6182424     77864       116      3852
06:11:01 PM   1419192   1441364   6464456     81.77      2556    234960   6412128     23.33   6182424     78112        20      3852
06:11:06 PM   1415144   1437420   6468400     81.82      2556    234960   6412128     23.33   6182424     78216        20      3852
06:11:11 PM   1415144   1437420   6468400     81.82      2556    235072   6412128     23.33   6182424     78216       112      3852
06:11:16 PM   1420044   1442432   6463388     81.75      2556    235072   6412128     23.33   6182424     78328       132      3852
06:11:21 PM   1420044   1442432   6463388     81.75      2556    235072   6412128     23.33   6182424     78328       132      3852
06:11:26 PM   1420044   1442432   6463388     81.75      2556    235072   6412128     23.33   6182424     78328       132      3852
06:11:31 PM   1417528   1440192   6465628     81.78      2556    235364   6412128     23.33   6183712     78332       132      3852
06:11:36 PM   1414264   1436948   6468872     81.82      2556    235364   6412128     23.33   6183948     78332        20      3852
06:11:41 PM   1414012   1436944   6468876     81.82      2556    235620   6412128     23.33   6183948     78580        20      3852
06:11:46 PM   1422308   1445344   6460476     81.72      2556    235716   6412128     23.33   6183948     78684        96      3852
06:11:51 PM   1422308   1445344   6460476     81.72      2556    235716   6412128     23.33   6183948     78684       116      3852
06:11:56 PM   1435316   1458116   6447704     81.56      2556    235480   6412128     23.33   6158844     78684       116      3852
06:12:01 PM   1451612   1474180   6431640     81.35      2556    235248   6412128     23.33   6143424     78684       116      3852
06:12:06 PM   1441436   1464004   6441816     81.48      2556    235248   6412128     23.33   6156288     78684       120      3852
06:12:11 PM   1441436   1464004   6441816     81.48      2556    235248   6412128     23.33   6156288     78684        24      3852
06:12:16 PM   1441184   1464072   6441748     81.48      2556    235568   6412128     23.33   6156288     79004        24      3852
06:12:21 PM   1440680   1463568   6442252     81.49      2556    235680   6412128     23.33   6156288     79004       116      3852
06:12:26 PM   1439184   1462184   6443636     81.50      2556    235680   6412128     23.33   6156288     79116       136      3852
06:12:31 PM   1439184   1462184   6443636     81.50      2556    235680   6412128     23.33   6156288     79116       136      3852
06:12:36 PM   1440040   1463040   6442780     81.49      2556    235680   6412128     23.33   6156460     79116       132      3852
06:12:41 PM   1440040   1463040   6442780     81.49      2556    235680   6412128     23.33   6156460     79116       132      3852
06:12:46 PM   1442308   1465308   6440512     81.47      2556    235680   6412128     23.33   6156468     79116        20      3852
06:12:51 PM   1446732   1469812   6436008     81.41      2556    235776   6412128     23.33   6151364     79360        20      3852
06:12:56 PM   1448604   1471796   6434024     81.38      2556    235876   6412128     23.33   6148736     79472       100      3852
06:13:01 PM   1448604   1471796   6434024     81.38      2556    235876   6412128     23.33   6148736     79472       120      3852
06:13:06 PM   1444416   1467608   6438212     81.44      2556    235876   6412128     23.33   6149112     79472       116      3852
06:13:11 PM   1444232   1467424   6438396     81.44      2556    235876   6412128     23.33   6149092     79472       116      3852
06:13:16 PM   1436168   1459740   6446080     81.54      2556    236256   6412128     23.33   6162484     79472       120      3852
06:13:21 PM   1436168   1459744   6446076     81.54      2556    236260   6412128     23.33   6162496     79476        28      3852
06:13:26 PM   1435916   1459740   6446080     81.54      2556    236580   6412128     23.33   6162496     79724        28      3852
06:13:31 PM   1435916   1459812   6446008     81.53      2556    236692   6412128     23.33   6162496     79796       116      3852
06:13:36 PM   1435916   1459812   6446008     81.53      2556    236692   6412128     23.33   6162496     79796       132      3852
06:13:41 PM   1435916   1459924   6445896     81.53      2556    236692   6412128     23.33   6162496     79908       132      3852
06:13:46 PM   1435916   1459924   6445896     81.53      2556    236692   6412128     23.33   6162496     79908       132      3852
06:13:51 PM   1435916   1459932   6445888     81.53      2556    236700   6412128     23.33   6162496     79916       140      3852
06:13:56 PM   1435916   1459932   6445888     81.53      2556    236700   6412128     23.33   6162496     79916        28      3852
06:14:01 PM   1438636   1462900   6442920     81.50      2556    236956   6412128     23.33   6162496     80164        28      3852
06:14:06 PM   1438384   1462648   6443172     81.50      2556    237052   6412128     23.33   6162496     80164        96      3852
06:14:11 PM   1437964   1462332   6443488     81.50      2556    237052   6412128     23.33   6162496     80268       116      3852
06:14:16 PM   1437964   1462332   6443488     81.50      2556    237052   6412128     23.33   6162496     80268       116      3852
06:14:21 PM   1437964   1462332   6443488     81.50      2556    237052   6412128     23.33   6162496     80268       116      3852
06:14:26 PM   1437964   1462332   6443488     81.50      2556    237052   6412128     23.33   6162496     80268       116      3852
06:14:31 PM   1437964   1462332   6443488     81.50      2556    237052   6412128     23.33   6162496     80268        20      3852
06:14:36 PM   1437964   1462580   6443240     81.50      2556    237372   6412128     23.33   6162496     80516        20      3852
06:14:41 PM   1437964   1462764   6443056     81.50      2556    237484   6412128     23.33   6162496     80700       112      3852
06:14:46 PM   1437964   1462764   6443056     81.50      2556    237484   6412128     23.33   6162496     80700       132      3852
06:14:51 PM   1437964   1462764   6443056     81.50      2556    237484   6412128     23.33   6162500     80700       132      3852
06:14:56 PM   1437964   1462764   6443056     81.50      2556    237484   6412128     23.33   6162500     80700       132      3852
06:15:01 PM   1437964   1462764   6443056     81.50      2556    237536   6412128     23.33   6162500     80700       276      3852
06:15:06 PM   1437964   1462812   6443008     81.50      2556    237568   6412128     23.33   6162500     80748       308      3852
06:15:11 PM   1437208   1462424   6443396     81.50      2556    237952   6412128     23.33   6162500     81116       164      3852
06:15:16 PM   1437208   1462488   6443332     81.50      2556    238076   6412128     23.33   6162500     81180       268      3852
06:15:21 PM   1437208   1462632   6443188     81.50      2556    238108   6412128     23.33   6162500     81324       284      3852
06:15:26 PM   1437208   1462632   6443188     81.50      2556    238108   6412128     23.33   6162500     81324       284      3852
06:15:31 PM   1437208   1462636   6443184     81.50      2556    238112   6412128     23.33   6162500     81328       200      3852
06:15:36 PM   1437208   1462636   6443184     81.50      2556    238112   6412128     23.33   6162500     81328       200      3852
06:15:41 PM   1437208   1462636   6443184     81.50      2556    238112   6412128     23.33   6162500     81328        24      3852
06:15:46 PM   1436716   1462524   6443296     81.50      2556    238496   6412128     23.33   6162500     81700        24      3852
06:15:51 PM   1436464   1462396   6443424     81.50      2556    238608   6412128     23.33   6162500     81824       112      3852
06:15:56 PM   1436464   1462396   6443424     81.50      2556    238608   6412128     23.33   6162500     81824       132      3852
06:16:01 PM   1436464   1462396   6443424     81.50      2556    238608   6412128     23.33   6162500     81824       132      3852
06:16:06 PM   1436464   1462396   6443424     81.50      2556    238612   6412128     23.33   6162500     81824       136      3852
06:16:11 PM   1436464   1462400   6443420     81.50      2556    238612   6412128     23.33   6162500     81828       136      3852
06:16:16 PM   1436464   1462400   6443420     81.50      2556    238612   6412128     23.33   6162500     81828        24      3852
06:16:21 PM   1436212   1462408   6443412     81.50      2556    238872   6412128     23.33   6162500     82088        28      3852
06:16:26 PM   1436212   1462408   6443412     81.50      2556    238968   6412128     23.33   6162500     82088        96      3852
06:16:31 PM   1435456   1462056   6443764     81.51      2556    239276   6412128     23.33   6163352     82184       116      3852
06:16:36 PM   1435456   1462060   6443760     81.51      2556    239276   6412128     23.33   6163468     82184       116      3852
06:16:41 PM   1435456   1462060   6443760     81.51      2556    239276   6412128     23.33   6163468     82184       116      3852
06:16:46 PM   1435456   1462060   6443760     81.51      2556    239276   6412128     23.33   6163468     82184       116      3852
06:16:51 PM   1435456   1462060   6443760     81.51      2556    239276   6412128     23.33   6163468     82184        20      3852
06:16:56 PM   1435456   1462308   6443512     81.50      2556    239612   6412128     23.33   6163468     82432        20      3852
06:17:01 PM   1418824   1445764   6460056     81.71      2556    239724   6412128     23.33   6190580     82520       112      3852
06:17:06 PM   1415296   1442348   6463472     81.76      2556    239724   6412128     23.33   6194168     82632       132      3852
06:17:11 PM   1415296   1442348   6463472     81.76      2556    239724   6412128     23.33   6194168     82632       132      3852
06:17:16 PM   1415296   1442348   6463472     81.76      2556    239724   6412128     23.33   6194168     82632       132      3852
06:17:21 PM   1415296   1442348   6463472     81.76      2556    239724   6412128     23.33   6194168     82632       132      3852
06:17:26 PM   1415296   1442348   6463472     81.76      2556    239724   6412128     23.33   6194168     82632        20      3852
06:17:31 PM   1415296   1442596   6463224     81.75      2556    239980   6412128     23.33   6194168     82880        20      3852
06:17:36 PM   1415044   1442456   6463364     81.75      2556    240084   6412128     23.33   6194168     82992        96      3852
06:17:41 PM   1415044   1442456   6463364     81.75      2556    240084   6412128     23.33   6194168     82992       116      3852
06:17:46 PM   1415044   1442456   6463364     81.75      2556    240084   6412128     23.33   6194168     82992       116      3852
06:17:51 PM   1415044   1442456   6463364     81.75      2556    240084   6412128     23.33   6194168     82992       116      3852
06:17:56 PM   1415044   1442456   6463364     81.75      2556    240084   6412128     23.33   6194168     82992       116      3852
06:18:01 PM   1415044   1442456   6463364     81.75      2556    240084   6412128     23.33   6194168     82992        20      3852
06:18:06 PM   1414792   1442524   6463296     81.75      2556    240404   6412128     23.33   6194168     83312        20      3852
06:18:11 PM   1414792   1442524   6463296     81.75      2556    240520   6412128     23.33   6194168     83312       112      3852
06:18:16 PM   1414552   1442400   6463420     81.76      2556    240520   6412128     23.33   6194168     83428       132      3852
06:18:21 PM   1414552   1442400   6463420     81.76      2556    240520   6412128     23.33   6194168     83428       132      3852
06:18:26 PM   1414552   1442400   6463420     81.76      2556    240520   6412128     23.33   6194168     83428       132      3852
06:18:31 PM   1414552   1442400   6463420     81.76      2556    240520   6412128     23.33   6194168     83428       132      3852
06:18:36 PM   1414552   1442400   6463420     81.76      2556    240520   6412128     23.33   6194168     83428        20      3852
06:18:41 PM   1414300   1442396   6463424     81.76      2556    240776   6412128     23.33   6194168     83676        20      3852
06:18:46 PM   1414300   1442500   6463320     81.75      2556    240872   6412128     23.33   6194168     83780        96      3852
06:18:51 PM   1414300   1442500   6463320     81.75      2556    240872   6412128     23.33   6194168     83780       116      3852
06:18:56 PM   1414300   1442500   6463320     81.75      2556    240872   6412128     23.33   6194168     83780       116      3852
06:19:01 PM   1414300   1442500   6463320     81.75      2556    240872   6412128     23.33   6194168     83780       116      3852
06:19:06 PM   1414300   1442500   6463320     81.75      2556    240872   6412128     23.33   6194168     83780       116      3852
06:19:11 PM   1414300   1442500   6463320     81.75      2556    240872   6412128     23.33   6194168     83780        20      3852
06:19:16 PM   1414048   1442568   6463252     81.75      2556    241192   6412128     23.33   6194168     84100        20      3852
06:19:21 PM   1414048   1442568   6463252     81.75      2556    241304   6412128     23.33   6194168     84100       112      3852
06:19:26 PM   1414048   1442684   6463136     81.75      2556    241308   6412128     23.33   6194168     84216       136      3852
06:19:31 PM   1414048   1442684   6463136     81.75      2556    241308   6412128     23.33   6194168     84216       136      3852
06:19:36 PM   1414048   1442684   6463136     81.75      2556    241308   6412128     23.33   6194168     84216       136      3852
06:19:41 PM   1414048   1442684   6463136     81.75      2556    241308   6412128     23.33   6194168     84216       136      3852
06:19:46 PM   1414048   1442684   6463136     81.75      2556    241308   6412128     23.33   6194168     84216        24      3852
06:19:51 PM   1413824   1442708   6463112     81.75      2556    241564   6412128     23.33   6194168     84464        24      3852
06:19:56 PM   1421260   1450248   6455572     81.66      2556    241660   6412128     23.33   6194168     84568        96      3852
06:20:01 PM   1421260   1450248   6455572     81.66      2556    241712   6412128     23.33   6194168     84568       260      3852
06:20:06 PM   1421260   1450332   6455488     81.65      2556    241744   6412128     23.33   6194168     84652       292      3852
06:20:11 PM   1421260   1450328   6455492     81.65      2556    241744   6412128     23.33   6194168     84648       292      3852
06:20:16 PM   1421260   1450328   6455492     81.65      2556    241740   6412128     23.33   6194168     84648       288      3852
06:20:21 PM   1421260   1450328   6455492     81.65      2556    241852   6412128     23.33   6194168     84648       188      3852
06:20:26 PM   1420504   1449820   6456000     81.66      2556    242156   6412128     23.33   6194168     84896       108      3852
06:20:31 PM   1420000   1449548   6456272     81.66      2556    242268   6412128     23.33   6194168     85128       112      3852
06:20:36 PM   1420000   1449548   6456272     81.66      2556    242268   6412128     23.33   6194168     85128       132      3852
06:20:41 PM   1420000   1449596   6456224     81.66      2556    242268   6412128     23.33   6194168     85176       132      3852
06:20:46 PM   1420000   1449596   6456224     81.66      2556    242272   6412128     23.33   6194168     85176       136      3852
06:20:51 PM   1420000   1449600   6456220     81.66      2556    242272   6412128     23.33   6194168     85180        24      3852
06:20:56 PM   1420000   1449600   6456220     81.66      2556    242272   6412128     23.33   6194168     85180        24      3852
06:21:01 PM   1411808   1441656   6464164     81.76      2556    242576   6412128     23.33   6194168     85428        24      3852
06:21:06 PM   1411808   1441780   6464040     81.76      2556    242672   6412128     23.33   6194168     85552        96      3852
06:21:11 PM   1417504   1447504   6458316     81.69      2556    242672   6412128     23.33   6194168     85580       116      3852
06:21:16 PM   1417504   1447504   6458316     81.69      2556    242680   6412128     23.33   6194168     85580       124      3852
06:21:21 PM   1415456   1445464   6460356     81.72      2556    242680   6412128     23.33   6194168     85588       124      3852
06:21:26 PM   1415456   1445464   6460356     81.72      2556    242680   6412128     23.33   6194168     85588       124      3852
06:21:31 PM   1411108   1441116   6464704     81.77      2556    242680   6412128     23.33   6194052     85588        28      3852
06:21:36 PM   1410856   1441084   6464736     81.77      2556    243000   6412128     23.33   6194080     85808        28      3852
06:21:41 PM   1411664   1442104   6463716     81.76      2556    243112   6412128     23.33   6194168     86020       112      3852
06:21:46 PM   1411664   1442104   6463716     81.76      2556    243112   6412128     23.33   6194168     86020       132      3852
06:21:51 PM   1415460   1445900   6459920     81.71      2556    243112   6412128     23.33   6194168     86020       132      3852
06:21:56 PM   1415460   1445900   6459920     81.71      2556    243112   6412128     23.33   6194168     86020       132      3852
06:22:01 PM   1415460   1445900   6459920     81.71      2556    243112   6412128     23.33   6194168     86020       132      3852
06:22:06 PM   1415460   1445900   6459920     81.71      2556    243112   6412128     23.33   6194168     86020        20      3852
06:22:11 PM   1415208   1445904   6459916     81.71      2556    243368   6412128     23.33   6194168     86276        20      3852
06:22:16 PM   1415208   1445904   6459916     81.71      2556    243464   6412128     23.33   6194168     86276        96      3852
06:22:21 PM   1415208   1446000   6459820     81.71      2556    243464   6412128     23.33   6194168     86372       116      3852
06:22:26 PM   1415208   1446000   6459820     81.71      2556    243464   6412128     23.33   6194168     86372       116      3852
06:22:31 PM   1415208   1446004   6459816     81.71      2556    243468   6412128     23.33   6194168     86376       120      3852
06:22:36 PM   1415208   1446004   6459816     81.71      2556    243468   6412128     23.33   6194168     86376       120      3852
06:22:41 PM   1413160   1443960   6461860     81.74      2556    243472   6412128     23.33   6194168     86380        28      3852
06:22:46 PM   1412908   1441908   6463912     81.76      2556    243792   6412128     23.33   6194168     86628        28      3852
06:22:51 PM   1403868   1433060   6472760     81.87      2556    243904   6412128     23.33   6194168     86812       112      3852
06:22:56 PM   1403868   1433060   6472760     81.87      2556    243904   6412128     23.33   6194168     86812       132      3852
06:23:01 PM   1406336   1435528   6470292     81.84      2556    243904   6412128     23.33   6194168     86812       132      3852
06:23:06 PM   1406336   1435528   6470292     81.84      2556    243904   6412128     23.33   6194168     86812       132      3852
06:23:11 PM   1406172   1435364   6470456     81.84      2556    243904   6412128     23.33   6194168     86812       132      3852
06:23:16 PM   1406172   1435364   6470456     81.84      2556    243904   6412128     23.33   6194168     86812        20      3852
06:23:21 PM   1406924   1436392   6469428     81.83      2556    244180   6412128     23.33   6194168     87088        24      3852
06:23:26 PM   1406924   1436392   6469428     81.83      2556    244276   6412128     23.33   6194168     87088        96      3852
06:23:31 PM   1406928   1436492   6469328     81.83      2556    244276   6412128     23.33   6194168     87184       116      3852
06:23:36 PM   1406928   1436492   6469328     81.83      2556    244276   6412128     23.33   6194168     87184       116      3852
06:23:41 PM   1409652   1439216   6466604     81.80      2556    244276   6412128     23.33   6194232     87184       116      3852
06:23:46 PM   1409652   1439216   6466604     81.80      2556    244276   6412128     23.33   6194168     87184       116      3852
06:23:51 PM   1409652   1439216   6466604     81.80      2556    244276   6412128     23.33   6194168     87184        20      3852
06:23:56 PM   1405052   1434864   6470956     81.85      2556    244596   6412128     23.33   6194168     87432        20      3852
06:24:01 PM   1405052   1434864   6470956     81.85      2556    244708   6412128     23.33   6194168     87432       112      3852
06:24:06 PM   1405052   1435048   6470772     81.85      2556    244708   6412128     23.33   6194168     87616       132      3852
06:24:11 PM   1405052   1435048   6470772     81.85      2556    244708   6412128     23.33   6194168     87616       132      3852
06:24:16 PM   1405792   1435788   6470032     81.84      2556    244708   6412128     23.33   6194168     87616       132      3852
06:24:21 PM   1405792   1435788   6470032     81.84      2556    244708   6412128     23.33   6194168     87616       132      3852
06:24:26 PM   1401696   1431692   6474128     81.89      2556    244708   6412128     23.33   6194168     87616        20      3852
06:24:31 PM   1400688   1428884   6476936     81.93      2556    244964   6412128     23.33   6194168     87864        20      3852
06:24:36 PM   1400436   1428640   6477180     81.93      2556    245060   6412128     23.33   6194168     87872        96      3852
06:24:41 PM   1400436   1428640   6477180     81.93      2556    245060   6412128     23.33   6194168     87872       116      3852
06:24:46 PM   1398928   1427228   6478592     81.95      2556    245060   6412128     23.33   6194168     87968       116      3852
06:24:51 PM   1398928   1427228   6478592     81.95      2556    245060   6412128     23.33   6194168     87968       116      3852
06:24:56 PM   1401176   1429476   6476344     81.92      2556    245060   6412128     23.33   6194168     87968       116      3852
06:25:01 PM   1401176   1429476   6476344     81.92      2556    245120   6412128     23.33   6194168     87968       172      3852
06:25:06 PM   1395032   1423668   6482152     81.99      2556    245504   6412128     23.33   6194168     88304       172      3852
06:25:11 PM   1395032   1423792   6482028     81.99      2556    245648   6412128     23.33   6194168     88428       288      3852
06:25:16 PM   1394624   1423508   6482312     81.99      2556    245644   6412128     23.33   6194168     88552       304      3852
06:25:21 PM   1394624   1423572   6482248     81.99      2556    245740   6412128     23.33   6194168     88616       300      3852
06:25:26 PM   1399400   1428380   6477440     81.93      2556    245740   6412128     23.33   6194168     88648       300      3852
06:25:31 PM   1407140   1436076   6469744     81.84      2556    245700   6412128     23.33   6184728     88644        24      3852
06:25:36 PM   1404340   1433528   6472292     81.87      2556    246036   6412128     23.33   6184736     88896        28      3852
06:25:41 PM   1404340   1433528   6472292     81.87      2556    246036   6412128     23.33   6184736     88896        28      3852
06:25:46 PM   1424772   1454144   6451676     81.61      2556    246132   6412128     23.33   6168912     89080       100      3852
06:25:51 PM   1440752   1470052   6435768     81.41      2556    246060   6412128     23.33   6151660     89072       120      3852
06:25:56 PM   1440752   1470056   6435764     81.41      2556    246064   6412128     23.33   6155964     89076       124      3852
06:26:01 PM   1440752   1470056   6435764     81.41      2556    246064   6412128     23.33   6155964     89076       124      3852
06:26:06 PM   1440752   1470056   6435764     81.41      2556    246064   6412128     23.33   6155968     89076       120      3852
06:26:11 PM   1440752   1470056   6435764     81.41      2556    246064   6412128     23.33   6155968     89076        24      3852
06:26:16 PM   1441340   1470964   6434856     81.39      2556    246384   6412128     23.33   6155968     89396        24      3852
06:26:21 PM   1440916   1470540   6435280     81.40      2556    246496   6412128     23.33   6155968     89396       112      3852
06:26:26 PM   1435784   1465520   6440300     81.46      2556    246496   6412128     23.33   6156124     89508       132      3852
06:26:31 PM   1435784   1465520   6440300     81.46      2556    246496   6412128     23.33   6156124     89508       136      3852
06:26:36 PM   1434672   1464460   6441360     81.48      2556    246548   6412128     23.33   6156376     89508       132      3852
06:26:41 PM   1439036   1468824   6436996     81.42      2556    246548   6412128     23.33   6156376     89508       136      3852
06:26:46 PM   1436296   1466084   6439736     81.46      2556    246548   6412128     23.33   6156848     89508        24      3852
06:26:51 PM   1436296   1466332   6439488     81.45      2556    246804   6412128     23.33   6156848     89756        24      3852
06:26:56 PM   1438244   1468384   6437436     81.43      2556    246900   6412128     23.33   6156848     89860       100      3852
06:27:01 PM   1414304   1444444   6461376     81.73      2556    246900   6412128     23.33   6178208     89860       120      3852
06:27:06 PM   1408844   1438984   6466836     81.80      2556    246900   6412128     23.33   6178396     89860       116      3852
06:27:11 PM   1400276   1430416   6475404     81.91      2556    246900   6412128     23.33   6194120     89860       116      3852
06:27:16 PM   1401512   1431652   6474168     81.89      2556    246900   6412128     23.33   6194184     89860       116      3852
06:27:21 PM   1401544   1431684   6474136     81.89      2556    246900   6412128     23.33   6194120     89860        20      3852
06:27:26 PM   1401544   1431932   6473888     81.89      2556    247220   6412128     23.33   6194120     90108        20      3852
06:27:31 PM   1401408   1431868   6473952     81.89      2556    247332   6412128     23.33   6194120     90180       112      3852
06:27:36 PM   1401408   1431868   6473952     81.89      2556    247332   6412128     23.33   6194120     90180       132      3852
06:27:41 PM   1401408   1431980   6473840     81.89      2556    247332   6412128     23.33   6194120     90292       132      3852
06:27:46 PM   1401408   1431980   6473840     81.89      2556    247332   6412128     23.33   6194120     90292       132      3852
06:27:51 PM   1399524   1430096   6475724     81.91      2556    247332   6412128     23.33   6194120     90292       132      3852
06:27:56 PM   1399524   1430096   6475724     81.91      2556    247332   6412128     23.33   6194120     90292        20      3852
06:28:01 PM   1399480   1430224   6475596     81.91      2556    247504   6412128     23.33   6194120     90464        20      3852
06:28:06 PM   1399400   1430220   6475600     81.91      2556    247684   6412128     23.33   6194120     90540        96      3852
06:28:11 PM   1399744   1430668   6475152     81.90      2556    247684   6412128     23.33   6194120     90644       116      3852
06:28:16 PM   1399744   1430668   6475152     81.90      2556    247684   6412128     23.33   6194120     90644       116      3852
06:28:21 PM   1401340   1432264   6473556     81.88      2556    247684   6412128     23.33   6194120     90644       116      3852
06:28:26 PM   1401340   1432264   6473556     81.88      2556    247684   6412128     23.33   6194120     90644       116      3852
06:28:31 PM   1406572   1437500   6468320     81.82      2556    247688   6412128     23.33   6194120     90648       120      3852
06:28:36 PM   1406572   1437500   6468320     81.82      2556    247692   6412128     23.33   6194120     90648        28      3852
06:28:41 PM   1406068   1437440   6468380     81.82      2556    248136   6412128     23.33   6194120     91092       116      3852
06:28:46 PM   1406068   1437440   6468380     81.82      2556    248180   6412128     23.33   6194120     91092       180      3852
06:28:51 PM   1406068   1437488   6468332     81.82      2556    248180   6412128     23.33   6194120     91140       180      3852
06:28:56 PM   1406068   1437488   6468332     81.82      2556    248180   6412128     23.33   6194120     91140       180      3852
06:29:01 PM   1406068   1437488   6468332     81.82      2556    248180   6412128     23.33   6194120     91140       180      3852
06:29:06 PM   1406068   1437488   6468332     81.82      2556    248180   6412128     23.33   6194120     91140       180      3852
06:29:11 PM   1406068   1437732   6468088     81.81      2556    248424   6412128     23.33   6194120     91384        24      3852
06:29:16 PM   1406068   1437732   6468088     81.81      2556    248520   6412128     23.33   6194120     91384        96      3852
06:29:21 PM   1403508   1435268   6470552     81.85      2556    248520   6412128     23.33   6194120     91480       116      3852
06:29:26 PM   1403504   1435264   6470556     81.85      2556    248520   6412128     23.33   6194120     91480       116      3852
06:29:31 PM   1403496   1435256   6470564     81.85      2556    248520   6412128     23.33   6194120     91480       116      3852
06:29:36 PM   1403496   1435256   6470564     81.85      2556    248520   6412128     23.33   6194120     91480       116      3852
06:29:41 PM   1404712   1436472   6469348     81.83      2556    248520   6412128     23.33   6194120     91480       116      3852
06:29:46 PM   1403704   1435712   6470108     81.84      2556    248872   6412128     23.33   6194120     91728        20      3852
06:29:51 PM   1403424   1435648   6470172     81.84      2556    248984   6412128     23.33   6194124     91944       112      3852
06:29:56 PM   1403424   1435648   6470172     81.84      2556    248984   6412128     23.33   6194124     91944       132      3852
06:30:01 PM   1407952   1440228   6465592     81.78      2556    249036   6412128     23.33   6194124     91996       280      3852
06:30:06 PM   1407952   1440224   6465596     81.78      2556    249068   6412128     23.33   6194124     91992       312      3852
06:30:11 PM   1407696   1440000   6465820     81.79      2556    249068   6412128     23.33   6194124     92024       312      3852
06:30:16 PM   1407696   1440000   6465820     81.79      2556    249064   6412128     23.33   6194124     92024       116      3852
06:30:21 PM   1407444   1440164   6465656     81.78      2556    249512   6412128     23.33   6194124     92440       188      3852
06:30:26 PM   1407444   1440164   6465656     81.78      2556    249608   6412128     23.33   6194124     92440       264      3852
06:30:31 PM   1407444   1440292   6465528     81.78      2556    249608   6412128     23.33   6194124     92568       196      3852
06:30:36 PM   1407444   1440292   6465528     81.78      2556    249608   6412128     23.33   6194124     92568       196      3852
06:30:41 PM   1405396   1438244   6467576     81.81      2556    249608   6412128     23.33   6194124     92568       196      3852
06:30:46 PM   1405396   1438244   6467576     81.81      2556    249608   6412128     23.33   6194124     92568       196      3852
06:30:51 PM   1404360   1435532   6470288     81.84      2556    249992   6412128     23.33   6194188     92940        20      3852
06:30:56 PM   1404512   1435696   6470124     81.84      2556    249992   6412128     23.33   6194124     92952        20      3852
06:31:01 PM   1404512   1435696   6470124     81.84      2556    250104   6412128     23.33   6194124     92952       112      3852
06:31:06 PM   1400416   1431716   6474104     81.89      2556    250108   6412128     23.33   6194124     93068       136      3852
06:31:11 PM   1400416   1431716   6474104     81.89      2556    250108   6412128     23.33   6194124     93068       136      3852
06:31:16 PM   1404256   1435556   6470264     81.84      2556    250108   6412128     23.33   6194124     93068       136      3852
06:31:21 PM   1404256   1435556   6470264     81.84      2556    250108   6412128     23.33   6194124     93068        24      3852
06:31:26 PM   1402516   1433816   6472004     81.86      2556    250108   6412128     23.33   6194124     93068        24      3852
06:31:31 PM   1402516   1434064   6471756     81.86      2556    250364   6412128     23.33   6194124     93316        24      3852
06:31:36 PM   1400232   1431884   6473936     81.89      2556    250464   6412128     23.33   6193948     93424        96      3852
06:31:41 PM   1400232   1431884   6473936     81.89      2556    250464   6412128     23.33   6193948     93424       116      3852
06:31:46 PM   1400660   1432316   6473504     81.88      2556    250464   6412128     23.33   6194128     93424       116      3852
06:31:51 PM   1400660   1432316   6473504     81.88      2556    250464   6412128     23.33   6194128     93424       116      3852
06:31:56 PM   1398720   1430376   6475444     81.91      2556    250464   6412128     23.33   6194128     93424       116      3852
06:32:01 PM   1399744   1431400   6474420     81.89      2556    250464   6412128     23.33   6194128     93424        20      3852
06:32:06 PM   1398436   1430412   6475408     81.91      2556    250784   6412128     23.33   6194132     93744        20      3852
06:32:11 PM   1398436   1430412   6475408     81.91      2556    250896   6412128     23.33   6194132     93744       112      3852
06:32:16 PM   1402120   1434208   6471612     81.86      2556    250896   6412128     23.33   6194132     93856       132      3852
06:32:21 PM   1402120   1434208   6471612     81.86      2556    250896   6412128     23.33   6194132     93856       132      3852
06:32:26 PM   1401104   1433200   6472620     81.87      2556    250904   6412128     23.33   6194132     93864       140      3852
06:32:31 PM   1401104   1433200   6472620     81.87      2556    250904   6412128     23.33   6194132     93864       140      3852
06:32:36 PM   1399060   1431156   6474664     81.90      2556    250904   6412128     23.33   6194132     93864        28      3852
06:32:41 PM   1398808   1431152   6474668     81.90      2556    251160   6412128     23.33   6194132     94112        28      3852
06:32:46 PM   1400364   1432812   6473008     81.88      2556    251256   6412128     23.33   6194132     94216        96      3852
06:32:51 PM   1400364   1432812   6473008     81.88      2556    251256   6412128     23.33   6194132     94216       116      3852
06:32:56 PM   1400364   1432812   6473008     81.88      2556    251256   6412128     23.33   6194132     94216       116      3852
06:33:01 PM   1400364   1432812   6473008     81.88      2556    251256   6412128     23.33   6194132     94216       116      3852
06:33:06 PM   1398736   1431184   6474636     81.90      2556    251256   6412128     23.33   6194132     94216       116      3852
06:33:11 PM   1398736   1431184   6474636     81.90      2556    251256   6412128     23.33   6194132     94216        20      3852
06:33:16 PM   1403992   1436760   6469060     81.83      2556    251576   6412128     23.33   6194132     94536        20      3852
06:33:21 PM   1403992   1436760   6469060     81.83      2556    251688   6412128     23.33   6194132     94536       112      3852
06:33:26 PM   1398804   1431684   6474136     81.89      2556    251688   6412128     23.33   6194132     94648       132      3852
06:33:31 PM   1398804   1431684   6474136     81.89      2556    251688   6412128     23.33   6194132     94648       132      3852
06:33:36 PM   1396992   1429872   6475948     81.91      2556    251688   6412128     23.33   6194132     94648       132      3852
06:33:41 PM   1396992   1429872   6475948     81.91      2556    251692   6412128     23.33   6194132     94648       136      3852
06:33:46 PM   1396216   1429100   6476720     81.92      2556    251692   6412128     23.33   6194132     94652        24      3852
06:33:51 PM   1395208   1428340   6477480     81.93      2556    251948   6412128     23.33   6194132     94900        24      3852
06:33:56 PM   1395208   1428340   6477480     81.93      2556    252044   6412128     23.33   6194132     94900        96      3852
06:34:01 PM   1395208   1428444   6477376     81.93      2556    252044   6412128     23.33   6194132     95004       116      3852
06:34:06 PM   1395208   1428444   6477376     81.93      2556    252044   6412128     23.33   6194132     95004       116      3852
06:34:11 PM   1395208   1428444   6477376     81.93      2556    252044   6412128     23.33   6194132     95004       116      3852
06:34:16 PM   1395208   1428444   6477376     81.93      2556    252044   6412128     23.33   6194132     95004       116      3852
06:34:21 PM   1395208   1428444   6477376     81.93      2556    252044   6412128     23.33   6194132     95004        20      3852
06:34:26 PM   1395208   1428692   6477128     81.93      2556    252364   6412128     23.33   6194132     95252        20      3852
06:34:31 PM   1395208   1428764   6477056     81.93      2556    252476   6412128     23.33   6194132     95324       112      3852
06:34:36 PM   1395208   1428764   6477056     81.93      2556    252476   6412128     23.33   6194132     95324       132      3852
06:34:41 PM   1395208   1428880   6476940     81.93      2556    252480   6412128     23.33   6194132     95440       136      3852
06:34:46 PM   1395208   1428880   6476940     81.93      2556    252480   6412128     23.33   6194132     95440       136      3852
06:34:51 PM   1394120   1427792   6478028     81.94      2556    252480   6412128     23.33   6194132     95440       136      3852
06:34:56 PM   1394120   1427792   6478028     81.94      2556    252480   6412128     23.33   6194132     95440        24      3852
06:35:01 PM   1393868   1427788   6478032     81.94      2556    252788   6412128     23.33   6194132     95688       168      3852
06:35:06 PM   1393616   1427584   6478236     81.94      2556    252916   6412128     23.33   6194132     95736       272      3852
06:35:11 PM   1393616   1427720   6478100     81.94      2556    252916   6412128     23.33   6194136     95872       292      3852
06:35:16 PM   1393616   1427720   6478100     81.94      2556    252912   6412128     23.33   6194136     95872       288      3852
06:35:21 PM   1393616   1427720   6478100     81.94      2556    252944   6412128     23.33   6194136     95872       284      3852
06:35:26 PM   1393616   1427720   6478100     81.94      2556    252944   6412128     23.33   6194136     95872       284      3852
06:35:31 PM   1393444   1427924   6477896     81.94      2556    253288   6412128     23.33   6194136     96248        20      3852
06:35:36 PM   1393364   1427872   6477948     81.94      2556    253328   6412128     23.33   6194136     96276        20      3852
06:35:41 PM   1393364   1427996   6477824     81.94      2556    253440   6412128     23.33   6194136     96400       112      3852
06:35:46 PM   1393364   1427996   6477824     81.94      2556    253444   6412128     23.33   6194136     96400       136      3852
06:35:51 PM   1393364   1428000   6477820     81.94      2556    253444   6412128     23.33   6194136     96404       136      3852
06:35:56 PM   1393364   1428000   6477820     81.94      2556    253444   6412128     23.33   6194136     96404       136      3852
06:36:01 PM   1393364   1428000   6477820     81.94      2556    253444   6412128     23.33   6194136     96404       136      3852
06:36:06 PM   1393364   1428000   6477820     81.94      2556    253452   6412128     23.33   6194136     96404        32      3852
06:36:11 PM   1392860   1427752   6478068     81.94      2556    253708   6412128     23.33   6194136     96660        32      3852
06:36:16 PM   1392860   1427756   6478064     81.94      2556    253808   6412128     23.33   6194136     96664        96      3852
06:36:21 PM   1392860   1427860   6477960     81.94      2556    253808   6412128     23.33   6194136     96768       116      3852
06:36:26 PM   1392860   1427860   6477960     81.94      2556    253808   6412128     23.33   6194136     96768       116      3852
06:36:31 PM   1392860   1427860   6477960     81.94      2556    253808   6412096     23.33   6194064     96768       116      3852
06:36:36 PM   1393808   1428808   6477012     81.93      2556    253808   6412096     23.33   6193948     96768       116      3852
06:36:41 PM   1393808   1428808   6477012     81.93      2556    253808   6412096     23.33   6194060     96768        20      3852
06:36:46 PM    469748    516436   7389384     93.47      2556    259544   8418308     30.63   7124532     97112        20      4044
06:36:51 PM    122232     44104   7861716     99.44        20    102872   8418308     30.63   4899840   2634204       272      3848
06:36:56 PM    219720    141516   7764304     98.21        20    102544   8418308     30.63   4899908   2519012       292      3848
06:37:01 PM    174896     95892   7809928     98.79        20    100860   8418308     30.63   5223496   2232604       292      3848
06:37:06 PM    166000     86996   7818824     98.90        20    100860   8418308     30.63   5223496   2232604       292      3848
06:37:11 PM    166000     87012   7818808     98.90        20    100860   8418308     30.63   5223516   2232640       292      3848
06:37:16 PM    169840     88836   7816984     98.88        20     96828   8418308     30.63   6002144   1538268       148      3848
06:37:21 PM    161740     81140   7824680     98.97        32     97624   8418308     30.63   6002148   1539076        20      3848
06:37:26 PM    161236     80636   7825184     98.98        32     97708   8418308     30.63   6002148   1539076        80      3848
06:37:31 PM    160576     80020   7825800     98.99        32     97708   8418308     30.63   6002152   1539160       100      3848
06:37:36 PM    160576     80020   7825800     98.99        32     97708   8418308     30.63   6002152   1539160       100      3848
06:37:41 PM    157708     77152   7828668     99.02        32     97712   8418308     30.63   6002152   1539164       104      3848
06:37:46 PM    157708     77152   7828668     99.02        32     97712   8418308     30.63   6002152   1539164       104      3848
06:37:51 PM    158012     77520   7828300     99.02        32     98000   8418308     30.63   6002216   1539288        24      3848
06:37:56 PM    158088     77676   7828144     99.02        32     98000   8418308     30.63   6002152   1539452        24      3848
06:38:01 PM    157964     77552   7828268     99.02        32     98080   8418308     30.63   6002216   1539452        80      3848
06:38:06 PM    139388     37844   7867976     99.52        20     54960   8418308     30.63   3605612   3963688       100      2228
06:38:11 PM    192676     88940   7816880     98.88        20     50632   8418308     30.63   5259656   2246776       100      2224
06:38:16 PM    192424     88992   7816828     98.87        20     51152   8418308     30.63   5260264   2246804       100      2224
06:38:21 PM    160196     65896   7839924     99.17        20     69488   8418308     30.63   5278660   2246828       100      2224
06:38:26 PM    160196     65944   7839876     99.17        20     69488   8418308     30.63   5278804   2246828       100      2224
06:38:31 PM    159944     65940   7839880     99.17        32     69988   8418308     30.63   5280864   2247288        20      2224
06:38:36 PM    162428     68432   7837388     99.13        32     70068   8418308     30.63   5280944   2247288        80      2224
06:38:41 PM    160744     66748   7839072     99.16        32     70152   8418308     30.63   5280944   2247288       100      2224
06:38:46 PM    165580     71668   7834152     99.09        32     70152   8418308     30.63   5280996   2247400       100      2224
06:38:51 PM    166176     72448   7833372     99.08        32     70556   8418308     30.63   5281364   2247404       104      2224
06:38:56 PM    163500     69788   7836032     99.12        32     70556   8418308     30.63   5281396   2247404       104      2224
06:39:01 PM    166168     72456   7833364     99.08        32     70556   8418308     30.63   5281396   2247404        24      2224
06:39:06 PM    164596     71008   7834812     99.10        32     70828   8418308     30.63   5281396   2247652        24      2224
06:39:11 PM    165896     72308   7833512     99.09        32     70908   8418308     30.63   5281396   2247652        80      2224
06:39:16 PM    162092     68712   7837108     99.13        32     70924   8418308     30.63   5281416   2247756       100      2224
06:39:21 PM    165784     72256   7833564     99.09        32     70924   8418308     30.63   5281416   2247756       100      2224
06:39:26 PM    159864     66336   7839484     99.16        32     70924   8418308     30.63   5281416   2247756       100      2224
06:39:31 PM    165780     72316   7833504     99.09        32     71132   8418308     30.63   5281540   2247756       100      2224
06:39:36 PM    165884     72460   7833360     99.08        32     71132   8418308     30.63   5281624   2247756        20      2224
06:39:41 PM    164356     70996   7834824     99.10        32     71356   8418308     30.63   5281624   2247880        20      2224
06:39:46 PM    159552     66280   7839540     99.16        32     71436   8418308     30.63   5281624   2248060        80      2224
06:39:51 PM    165212     73340   7832480     99.07        32     74336   8418308     30.63   5284560   2248100       108      2224
06:39:56 PM    164708     74128   7831692     99.06        32     76992   8418308     30.63   5287256   2248104       108      2224
06:40:01 PM    164056     75000   7830820     99.05        32     80020   8418308     30.63   5290468   2248104       256      2228
06:40:06 PM    163952     75012   7830808     99.05        32     80104   8418308     30.63   5290816   2248200       288      2228
06:40:11 PM    163952     75012   7830808     99.05        32     80152   8418308     30.63   5290824   2248200       176      2228
06:40:16 PM    163700     74928   7830892     99.05        32     80436   8418308     30.63   5290840   2248536       124      2228
06:40:21 PM    155396     69688   7836132     99.12        32     86660   8418308     30.63   5296840   2248696       240      2228
06:40:26 PM    117824     31976   7873844     99.60        32     86284   8665352     31.53   5544028   2028832       260      2228
06:40:31 PM    117320     31472   7874348     99.60        32     86284   8665352     31.53   5544100   2028832       180      2228
06:40:36 PM    365012    279420   7626400     96.47        32     86800   8418308     30.63   5297572   2028832       180      2228
06:40:41 PM    364760    279168   7626652     96.47        32     86800   8418308     30.63   5297572   2028832       180      2228
06:40:46 PM    364508    278920   7626900     96.47        32     86804   8418308     30.63   5297576   2028836        24      2228
06:40:51 PM    364256    278792   7627028     96.47        32     87108   8418308     30.63   5297576   2029084        24      2228
06:40:56 PM    364256    278860   7626960     96.47        32     87188   8418308     30.63   5297576   2029220        80      2228
06:41:01 PM    364256    278860   7626960     96.47        32     87188   8418308     30.63   5297576   2029220       100      2228
06:41:06 PM    364004    278608   7627212     96.48        32     87188   8418308     30.63   5297608   2029220       100      2228
06:41:11 PM    316628    231232   7674588     97.08        32     87188   8418308     30.63   5343644   2029220       100      2228
06:41:16 PM    316628    231232   7674588     97.08        32     87188   8418308     30.63   5343644   2029220       100      2228
06:41:21 PM    316628    231232   7674588     97.08        32     87188   8418308     30.63   5343644   2029220        20      2228
06:41:26 PM    316152    230892   7674928     97.08        32     87464   8418308     30.63   5343652   2029496        24      2228
06:41:31 PM    316152    230892   7674928     97.08        32     87544   8418308     30.63   5343652   2029496        80      2228
06:41:36 PM    302792    220544   7685276     97.21        32     93540   8418308     30.63   5352528   2029744       256      2228
06:41:41 PM    302792    220572   7685248     97.21        32     93540   8418308     30.63   5352580   2029768       256      2228
06:41:46 PM    302792    220668   7685152     97.21        32     93904   8418308     30.63   5352824   2029768       256      2228
06:41:51 PM    302792    220752   7685068     97.21        32     93904   8418308     30.63   5353008   2029768       256      2228
06:41:56 PM    302792    220752   7685068     97.21        32     93904   8418308     30.63   5353008   2029768       128      2228
06:42:01 PM    302540    220624   7685196     97.21        32     94176   8418308     30.63   5353008   2030016       128      2228
06:42:06 PM    302540    220664   7685156     97.21        32     94256   8418308     30.63   5353008   2030096        80      2228
06:42:11 PM    302540    220676   7685144     97.21        32     94256   8418308     30.63   5353008   2030120       100      2228
06:42:16 PM    302540    220676   7685144     97.21        32     94256   8418308     30.63   5353008   2030120       100      2228
06:42:21 PM    302540    220680   7685140     97.21        32     94260   8418308     30.63   5353008   2030124       104      2228
06:42:26 PM    302540    220680   7685140     97.21        32     94260   8418308     30.63   5353008   2030124       104      2228
06:42:31 PM    302288    220428   7685392     97.21        32     94260   8418308     30.63   5353052   2030124        24      2228
06:42:36 PM    159228     67068   7838752     99.15        20     73888   8418308     30.63   3091892   4453656        80      2220
06:42:41 PM    157744     65632   7840188     99.17        20     73984   8418308     30.63   3091968   4453676       100      2224
06:42:46 PM    157744     65632   7840188     99.17        20     73984   8418308     30.63   3091968   4453676       100      2224
06:42:51 PM    154972     63152   7842668     99.20        20     74568   8418308     30.63   3092556   4453676       100      2224
06:42:56 PM    154972     63152   7842668     99.20        20     74568   8418308     30.63   3092560   4453676       100      2224
06:43:01 PM    154972     63152   7842668     99.20        20     74568   8418308     30.63   3092560   4453676       100      2224
06:43:06 PM    154972     63212   7842608     99.20        32     74728   8418308     30.63   3092560   4453800        20      2224
06:43:11 PM    154732     63036   7842784     99.20        32     74808   8418308     30.63   3092560   4453928        80      2224
06:43:16 PM    154732     63036   7842784     99.20        32     74808   8418308     30.63   3092560   4453928       100      2224
06:43:21 PM    154732     63036   7842784     99.20        32     74808   8418308     30.63   3092560   4453928       100      2224
06:43:26 PM    154732     63036   7842784     99.20        32     74808   8418308     30.63   3092560   4453928       100      2224
06:43:31 PM    154732     63040   7842780     99.20        32     74816   8418308     30.63   3092560   4453936       108      2224
06:43:36 PM    154732     63040   7842780     99.20        32     74816   8418308     30.63   3092560   4453936       108      2224
06:43:41 PM    145940     54360   7851460     99.31        32     75040   8418308     30.63   3092560   4454160        28      2224
06:43:46 PM    145940     54360   7851460     99.31        32     75120   8418308     30.63   3092560   4454160        80      2224
06:43:51 PM    145700     54164   7851656     99.31        32     75124   8418308     30.63   3092560   4454244       104      2224
06:43:56 PM    145700     54164   7851656     99.31        32     75124   8418308     30.63   3092560   4454244       104      2224
06:44:01 PM    145448     53912   7851908     99.32        32     75128   8418308     30.63   3092560   4454248       108      2224
06:44:06 PM    145448     53912   7851908     99.32        32     75128   8418308     30.63   3092560   4454248       108      2224
06:44:11 PM    178304     86676   7819144     98.90        32     74944   8418308     30.63   3327012   4195204       108      2224
06:44:16 PM    176036     84472   7821348     98.93        32     75168   8418308     30.63   3343836   4195328        28      2224
06:44:21 PM    176036     84560   7821260     98.93        32     75248   8418308     30.63   3343828   4195516        80      2224
06:44:26 PM    176036     84560   7821260     98.93        32     75248   8418308     30.63   3343828   4195516       100      2224
06:44:31 PM    174776     83352   7822468     98.95        32     75348   8418308     30.63   3343936   4195516       100      2224
06:44:36 PM    173012     82208   7823612     98.96        32     76696   8418308     30.63   3345176   4195516       100      2224
06:44:41 PM    173012     82264   7823556     98.96        32     76696   8418308     30.63   3345288   4195516       100      2224
06:44:46 PM    172788     82040   7823780     98.96        32     76696   8418308     30.63   3345288   4195516        20      2224
06:44:51 PM    172548     81936   7823884     98.96        32     76968   8418308     30.63   3345288   4195788        20      2224
06:44:56 PM    172548     81936   7823884     98.96        32     77048   8418308     30.63   3345288   4195788        80      2224
06:45:01 PM    168768     79416   7826404     99.00        32     79620   8418308     30.63   3347744   4195864       272      2224
06:45:06 PM    168768     79460   7826360     98.99        32     79624   8418308     30.63   3347744   4195948       276      2224
06:45:11 PM    168768     79460   7826360     98.99        32     79624   8418308     30.63   3347744   4195948       276      2224
06:45:16 PM    168768     79484   7826336     98.99        32     79620   8418308     30.63   3347744   4195996       272      2224
06:45:21 PM    168768     79492   7826328     98.99        32     79748   8418308     30.63   3347744   4196012       188      2224
06:45:26 PM    168516     79356   7826464     99.00        32     79972   8418308     30.63   3347748   4196248       108      2224
06:45:31 PM    168264     79104   7826716     99.00        32     80052   8418308     30.63   3347748   4196248        80      2224
06:45:36 PM    168264     79196   7826624     99.00        32     80052   8418308     30.63   3347748   4196428       100      2224
06:45:41 PM    168264     80000   7825820     98.99        32     81700   8418308     30.63   3349360   4196428       100      2224
06:45:46 PM    204140    113368   7792452     98.57        32     76640   8665352     31.53   3321720   4179908       100      2220
06:45:51 PM    204140    113368   7792452     98.57        32     76716   8665352     31.53   3321720   4179908        20      2220
06:45:56 PM    446596    355860   7549960     95.50        32     76716   8418308     30.63   3211776   4042884        20      2220
06:46:01 PM    446596    356048   7549772     95.50        32     77116   8418308     30.63   3211776   4043256        20      2220
06:46:06 PM    446344    355848   7549972     95.50        32     77196   8418308     30.63   3211780   4043364        80      2220
06:46:11 PM    446344    355848   7549972     95.50        32     77196   8418308     30.63   3211780   4043364       100      2220
06:46:16 PM    446344    355848   7549972     95.50        32     77196   8418308     30.63   3211780   4043364       100      2220
06:46:21 PM    445840    355344   7550476     95.51        32     77196   8418308     30.63   3211780   4043364       100      2220
06:46:26 PM    445648    355152   7550668     95.51        32     77196   8418308     30.63   3211800   4043364       100      2220
06:46:31 PM    445616    355120   7550700     95.51        32     77196   8418308     30.63   3211800   4043364        20      2220
06:46:36 PM    440524    350496   7555324     95.57        32     78128   8418308     30.63   3212180   4043608        24      2220
06:46:41 PM    440348    350424   7555396     95.57        32     78424   8418308     30.63   3212624   4043608        80      2220
06:46:46 PM    440348    350468   7555352     95.57        32     78424   8418308     30.63   3212740   4043688       100      2220
06:46:51 PM    440348    350468   7555352     95.57        32     78428   8418308     30.63   3212740   4043688       104      2220
06:46:56 PM    440348    350468   7555352     95.57        32     78428   8418308     30.63   3212740   4043692       104      2220
06:47:01 PM    259972    170156   7735664     97.85        32     78608   8418308     30.63   3394052   4043692       104      2224
06:47:06 PM    145636     39172   7866648     99.50        32     45608   8418308     30.63   2900096   3980180        24      2212
06:47:11 PM    192672     86116   7819704     98.91        32     45352   8418308     30.63   2891456   2771864        24      2216
06:47:16 PM    183864     81232   7824588     98.97        32     53688   8418308     30.63   4113068   1552908        96      2216
06:47:21 PM    184360     83728   7822092     98.94        32     57808   8418308     30.63   4117504   1552908       116      2216
06:47:26 PM    179572     79512   7826308     98.99        32     58832   8418308     30.63   4118996   1552912       116      2216
06:47:31 PM    179572     79512   7826308     98.99        32     58832   8418308     30.63   4118996   1552912       116      2216
06:47:36 PM    178816     79100   7826720     99.00        32     59520   8418308     30.63   4119728   1552912       116      2216
06:47:41 PM    168056     68340   7837480     99.14        32     59524   8418308     30.63   4323664   1552912        20      2220
06:47:46 PM    171760     72200   7833620     99.09        32     59836   8418308     30.63   5404392   1553184        20      2220
06:47:51 PM    180312     81980   7823840     98.96        32     62312   8418308     30.63   5899828   1553284        80      2220
06:47:56 PM    180152     81832   7823988     98.96        32     62312   8418308     30.63   5899868   1553284       100      2220
06:48:01 PM    180088     81768   7824052     98.97        32     62368   8418308     30.63   5899868   1553284       100      2224
06:48:06 PM    180088     81792   7824028     98.97        32     62368   8418308     30.63   5899936   1553284       100      2224
06:48:11 PM    180088     81792   7824028     98.97        32     62368   8418308     30.63   5899936   1553284       100      2224
06:48:16 PM    175552     80196   7825624     98.99        32     68244   8418308     30.63   5905820   1553284        20      2224
06:48:21 PM    175928     80696   7825124     98.98        32     68548   8418308     30.63   5905820   1553532        20      2224
06:48:26 PM    175928     80764   7825056     98.98        32     68628   8418308     30.63   5905832   1553668        80      2224
06:48:31 PM    174164     79036   7826784     99.00        32     68700   8418308     30.63   5908988   1553668       100      2224
06:48:36 PM    174164     79036   7826784     99.00        32     68700   8418308     30.63   5908988   1553668       100      2224
06:48:41 PM    174164     79036   7826784     99.00        32     68700   8418308     30.63   5909096   1553668       100      2224
06:48:46 PM    174164     79036   7826784     99.00        32     68700   8418308     30.63   5909096   1553668       100      2224
06:48:51 PM    174164     79036   7826784     99.00        32     68700   8418308     30.63   5909096   1553668        20      2224
06:48:56 PM    174164     79096   7826724     99.00        32     68928   8418308     30.63   5909096   1553792        24      2224
06:49:01 PM    174164     79148   7826672     99.00        32     69008   8418308     30.63   5909096   1553896        80      2224
06:49:06 PM    174164     79148   7826672     99.00        32     69008   8418308     30.63   5909096   1553896       100      2224
06:49:11 PM    174164     79192   7826628     99.00        32     69012   8418308     30.63   5909096   1553980       104      2224
06:49:16 PM    174164     79192   7826628     99.00        32     69012   8418308     30.63   5909096   1553980       104      2224
06:49:21 PM    174164     79192   7826628     99.00        32     69012   8418308     30.63   5909100   1553980       104      2224
06:49:26 PM    174164     79192   7826628     99.00        32     69012   8418308     30.63   5909104   1553980        24      2224
06:49:31 PM    174164     79316   7826504     99.00        32     69284   8418308     30.63   5909104   1554228        24      2224
06:49:36 PM    174164     79328   7826492     99.00        32     69364   8418308     30.63   5909104   1554252        80      2224
06:49:41 PM    174164     79368   7826452     99.00        32     69364   8418308     30.63   5909108   1554332       100      2224
06:49:46 PM    174164     79368   7826452     99.00        32     69364   8418308     30.63   5909108   1554332       100      2224
06:49:51 PM    168496     73700   7832120     99.07        32     69368   8418308     30.63   5909668   1554028       100      2224
06:49:56 PM    168496     74848   7830972     99.05        32     71740   8418308     30.63   5911996   1554028       104      2224
06:50:01 PM    169312     75704   7830116     99.04        32     71840   8418308     30.63   5912840   1553340       168      2224
06:50:06 PM    169060     75632   7830188     99.04        32     72212   8418308     30.63   5912916   1553672       168      2224
06:50:11 PM    166504     73184   7832636     99.07        32     72324   8418308     30.63   5913344   1553600       256      2224
06:50:16 PM    166504     73184   7832636     99.07        32     72320   8418308     30.63   5916352   1553600       272      2224
06:50:21 PM    160004     66684   7839136     99.16        32     72352   8418308     30.63   5916632   1553328       268      2224
06:50:26 PM    160004     66684   7839136     99.16        32     72352   8418308     30.63   5916632   1553328       268      2224
06:50:31 PM    163400     70096   7835724     99.11        32     72352   8418308     30.63   5921136   1548912        20      2224
06:50:36 PM    163400     70468   7835352     99.11        32     73292   8418308     30.63   5921632   1549160        20      2224
06:50:41 PM    163392     70560   7835260     99.11        32     73292   8418308     30.63   5931204   1539788        20      2224
06:50:46 PM    163392     70560   7835260     99.11        32     73372   8418308     30.63   5931204   1539788        80      2224
06:50:51 PM    161240     68448   7837372     99.13        32     73372   8418308     30.63   5931620   1539452       100      2224
06:50:56 PM    161240     68448   7837372     99.13        32     73380   8418308     30.63   5931620   1539452       108      2224
06:51:01 PM    160492     68200   7837620     99.14        32     74376   8418308     30.63   5932640   1539432       108      2224
06:51:06 PM    113256     20964   7884856     99.73        32     74376   8665352     31.53   7367720    194516       108      2224
06:51:11 PM    200128     93880   7811940     98.81        32     45380   8665352     31.53     89036   7361876        28       172
06:51:16 PM    199664     93544   7812276     98.82        32     45852   8665352     31.53     89280   7361984        28       172
06:51:21 PM    426028    326716   7579104     95.87        32     59252   8418308     30.63    117908   7099964       128       172
06:51:26 PM    426028    326716   7579104     95.87        32     59328   8418308     30.63    117916   7099964       148       172
06:51:31 PM    422304    323028   7582792     95.91        32     59436   8418308     30.63    139036   7078928       148       172
06:51:36 PM    422304    323028   7582792     95.91        32     59436   8418308     30.63    139036   7078928       148       172
06:51:41 PM    411448    313464   7592356     96.04        32     61912   8418308     30.63    170816   7052808       148       172
06:51:46 PM    411248    313264   7592556     96.04        32     61916   8418308     30.63    170944   7052680        24       172
06:51:51 PM    410932    313136   7592684     96.04        32     62284   8418308     30.63    186928   7037068        24       172
06:51:56 PM    410932    313136   7592684     96.04        32     62380   8418308     30.63    186928   7037068        96       172
06:52:01 PM    411352    313604   7592216     96.03        32     62380   8418308     30.63    202288   7021804       116       172
06:52:06 PM    411352    313604   7592216     96.03        32     62380   8418308     30.63    202288   7021804       116       172
06:52:11 PM    411768    314020   7591800     96.03        32     62380   8418308     30.63    218732   7005464       116       172
06:52:16 PM    417728    319976   7585844     95.95        32     62380   8418308     30.63    274460   6949576       116       172
06:52:21 PM    417476    319724   7586096     95.96        32     62380   8418308     30.63    274460   6949576        20       172
06:52:26 PM    417432    319808   7586012     95.95        32     62668   8418308     30.63    290848   6933492        20       172
06:52:31 PM    413820    318192   7587628     95.98        32     66892   8418308     30.63    294848   6933532        96       172
06:52:36 PM    403680    308204   7597616     96.10        32     66928   8418308     30.63    328116   6900536       116       172
06:52:41 PM    403680    308204   7597616     96.10        32     66928   8418308     30.63    328116   6900536       116       172
06:52:46 PM    397664    302188   7603632     96.18        32     66928   8418308     30.63    348556   6880128       116       172
06:52:51 PM    397664    302188   7603632     96.18        32     66928   8418308     30.63    348556   6880128       116       172
06:52:56 PM    394452    298980   7606840     96.22        32     66932   8418308     30.63    372564   6856124        24       172
06:53:01 PM    394452    299104   7606716     96.22        32     67236   8418308     30.63    372564   6856372        24       172
06:53:06 PM    395648    300336   7605484     96.20        32     67332   8418308     30.63    397120   6831900        96       172
06:53:11 PM    395648    300336   7605484     96.20        32     67332   8418308     30.63    397120   6831900       116       172
06:53:16 PM    401128    305856   7599964     96.13        32     67336   8418308     30.63    416460   6812644       116       172
06:53:21 PM    390796    295524   7610296     96.26        32     67348   8418308     30.63    431128   6812644       116       172
06:53:26 PM    382676    287404   7618416     96.36        32     67348   8418308     30.63    453152   6790528       116       172
06:53:31 PM    382676    287404   7618416     96.36        32     67348   8418308     30.63    453156   6790528        20       172
06:53:36 PM    379364    284220   7621600     96.40        32     67604   8418308     30.63    479752   6764188        20       172
06:53:41 PM    379364    284224   7621596     96.40        32     67700   8418308     30.63    479852   6764188        96       172
06:53:46 PM    382164    287076   7618744     96.37        32     67700   8418308     30.63    496232   6747912       116       172
06:53:51 PM    382164    287076   7618744     96.37        32     67700   8418308     30.63    496232   6747912       116       172
06:53:56 PM    380736    285648   7620172     96.39        32     67700   8418308     30.63    512616   6731528       116       172
06:54:01 PM    380736    285648   7620172     96.39        32     67700   8418308     30.63    512616   6731528       116       172
06:54:06 PM    379248    284160   7621660     96.41        32     67700   8418308     30.63    528996   6715148        20       172
06:54:11 PM    378996    284032   7621788     96.41        32     68004   8418308     30.63    528996   6715396        20       172
06:54:16 PM    379704    284816   7621004     96.40        32     68100   8418308     30.63    545368   6699176        96       172
06:54:21 PM    379704    284816   7621004     96.40        32     68104   8418308     30.63    545372   6699176       120       172
06:54:26 PM    380068    285180   7620640     96.39        32     68104   8418308     30.63    574216   6670336       120       172
06:54:31 PM    380068    285180   7620640     96.39        32     68104   8418308     30.63    574224   6670336       120       172
06:54:36 PM    376500    281612   7624208     96.44        32     68104   8418308     30.63    587960   6656600       120       172
06:54:41 PM    376500    281612   7624208     96.44        32     68112   8418308     30.63    587960   6656600        32       172
06:54:46 PM    378324    283568   7622252     96.41        32     68368   8418308     30.63    599796   6645028        32       172
06:54:51 PM    378072    283316   7622504     96.42        32     68484   8418308     30.63    599796   6645028       112       172
06:54:56 PM    373908    279212   7626608     96.47        32     68484   8418308     30.63    613144   6631812       132       172
06:55:01 PM    373908    281224   7624596     96.44        32     72544   8418308     30.63    617124   6631860       304       172
06:55:06 PM    369968    277304   7628516     96.49        32     72548   8418308     30.63    632012   6617008       308       172
06:55:11 PM    371900    279232   7626588     96.47        32     72548   8418308     30.63    632012   6617004       308       172
06:55:16 PM    371792    279124   7626696     96.47        32     72544   8418308     30.63    638908   6610112       112       172
06:55:21 PM    369776    278596   7627224     96.48        32     75672   8418308     30.63    641508   6610488       164       172
06:55:26 PM    359212    268172   7637648     96.61        32     75796   8418308     30.63    654752   6597528       268       172
06:55:31 PM    366604    275564   7630256     96.51        32     75800   8418308     30.63    661316   6590968       200       172
06:55:36 PM    366132    275092   7630728     96.52        32     75800   8418308     30.63    671804   6580480       200       172
06:55:41 PM    365340    274264   7631556     96.53        32     75800   8418308     30.63    678052   6574156       200       172
06:55:46 PM    362476    271400   7634420     96.57        32     75800   8418308     30.63    691580   6560740       200       172
06:55:51 PM    363332    272416   7633404     96.55        32     76104   8418308     30.63    691516   6561016        24       172
06:55:56 PM    363332    272416   7633404     96.55        32     76104   8418308     30.63    691516   6561016        24       172
06:56:01 PM    367260    276376   7629444     96.50        32     76204   8418308     30.63    711784   6540808        96       172
06:56:06 PM    367260    276384   7629436     96.50        32     76204   8418308     30.63    711788   6540824       116       172
06:56:11 PM    370128    279292   7626528     96.47        32     76204   8418308     30.63    734928   6517764       116       172
06:56:16 PM    370128    279292   7626528     96.47        32     76204   8418308     30.63    734928   6517764       116       172
06:56:21 PM    128456     37620   7868200     99.52        32     76204   8665352     31.53    997488   6502272       116       172
06:56:26 PM    129740     38904   7866916     99.51        32     76204   8912396     32.43   1251308   6258088       116       172
06:56:31 PM    373972    283320   7622500     96.42        32     76684   8665352     31.53   1004940   6255800        20       172
06:56:36 PM    609540    518888   7386932     93.44        32     76780   8418308     30.63    757896   6255800        96       172
06:56:41 PM    608800    518248   7387572     93.44        32     76780   8418308     30.63    757704   6256004       116       172
06:56:46 PM    608800    518248   7387572     93.44        32     76780   8418308     30.63    757704   6256004       116       172
06:56:51 PM    608800    518252   7387568     93.44        32     76780   8418308     30.63    757820   6256004       116       172
06:56:56 PM    608800    518252   7387568     93.44        32     76784   8418308     30.63    757820   6256004       120       172
06:57:01 PM    608800    518252   7387568     93.44        32     76784   8418308     30.63    757820   6256004       120       172
06:57:06 PM    608800    518368   7387452     93.44        32     77056   8418308     30.63    757836   6256236        24       172
06:57:11 PM    148540     57032   7848788     99.28        32     74868   8418308     30.63   3848088   3712728        96       176
06:57:16 PM    147560     56052   7849768     99.29        32     74888   8418308     30.63   3848088   3712728       116       176
06:57:21 PM    146804     55600   7850220     99.30        32     75484   8418308     30.63   3848700   3712736       116       176
06:57:26 PM    146804     55600   7850220     99.30        32     75484   8418308     30.63   3848700   3712736       116       176
06:57:31 PM    132180     40980   7864840     99.48        32     75484   8418308     30.63   3859820   3701628       116       176
06:57:36 PM    134092     42892   7862928     99.46        32     75484   8418308     30.63   3859820   3701628        20       176
06:57:41 PM    131480     40432   7865388     99.49        32     75788   8418308     30.63   3872564   3689220        20       176
06:57:46 PM    132860     41812   7864008     99.47        32     75884   8418308     30.63   3872564   3689220        96       176
06:57:51 PM    152996     61996   7843824     99.22        32     75884   8418308     30.63   3889784   3671952       116       176
06:57:56 PM    152492     61492   7844328     99.22        32     75884   8418308     30.63   3889784   3671952       116       176
06:58:01 PM    139048     40496   7865324     99.49        32     60768   8418308     30.63   6306960   1205604       116       168
06:58:06 PM    114952     16400   7889420     99.79        32     60768   8418308     30.63   6331288   1205604       116       168
06:58:11 PM    157764     55444   7850376     99.30        32     53236   8418308     30.63   4715648   2779936        96       168
06:58:16 PM    156860     55348   7850472     99.30        32     54912   8418308     30.63   4717136   2780060        20       168
06:58:21 PM    150760     49284   7856536     99.38        32     54920   8418308     30.63   4717160   2780120        28       168
06:58:26 PM    150760     49284   7856536     99.38        32     54920   8418308     30.63   4717160   2780120        28       168
06:58:31 PM    145268     48184   7857636     99.39        32     63704   8418308     30.63   4733644   2774396        28       168
06:58:36 PM    144260     47176   7858644     99.40        32     63704   8418308     30.63   4733644   2774396        28       168
06:58:41 PM    161348     64264   7841556     99.19        32     63704   8418308     30.63   4744112   2763080        28       168
06:58:46 PM    165444     68400   7837420     99.13        32     63800   8418308     30.63   4764592   2742680        96       168
06:58:51 PM    153960     56924   7848896     99.28        32     63800   8418308     30.63   4778928   2728360       116       168
06:58:56 PM    153960     56924   7848896     99.28        32     63800   8418308     30.63   4778928   2728360       116       168
06:59:01 PM    154536     57500   7848320     99.27        32     63804   8418308     30.63   4795308   2711984       120       168
06:59:06 PM    154032     57060   7848760     99.28        32     64028   8418308     30.63   4795308   2712108        24       168
06:59:11 PM    157356     60384   7845436     99.24        32     64028   8418308     30.63   4803628   2703852        24       168
06:59:16 PM    154380     57456   7848364     99.27        32     64028   8418308     30.63   4805744   2701776        24       168
06:59:21 PM    162868     65944   7839876     99.17        32     64124   8418308     30.63   4808048   2697820        96       168
06:59:26 PM    160476     63600   7842220     99.20        32     64124   8418308     30.63   4807984   2697776       116       168
06:59:31 PM    156552     59124   7846696     99.25        32     63016   8418308     30.63   2691364   4725200       120       164
06:59:36 PM    144808     47380   7858440     99.40        32     63024   8418308     30.63   2728224   4688340       120       172
06:59:41 PM    144660     47232   7858588     99.40        32     63024   8418308     30.63   2728224   4688340       120       172
06:59:46 PM    133792     36364   7869456     99.54        32     63024   8418308     30.63   2742572   4674004       120       172
06:59:51 PM    131776     35636   7870184     99.55        32     65600   8418308     30.63   2745012   4674452        24       172
06:59:56 PM    127700     31600   7874220     99.60        32     65696   8418308     30.63   2760664   4658904        96       172
07:00:01 PM    127448     31404   7874416     99.60        32     65792   8418308     30.63   2760852   4659016       288       172
07:00:06 PM    152848     56692   7849128     99.28        32     65564   8418308     30.63   2775388   4644288       288       172
07:00:11 PM    152624     56468   7849352     99.29        32     65568   8418308     30.63   2775388   4644288       292       172
07:00:16 PM    285364    183672   7722148     97.68        32     54520   8418308     30.63   3408772   3836012       288       168
07:00:21 PM    275312    176564   7729256     97.77        32     60532   8418308     30.63   3414572   3836108       196       168
07:00:26 PM    278880    180316   7725504     97.72        32     60900   8418308     30.63   3414700   3829188        20       168
07:00:31 PM    278012    179456   7726364     97.73        32     60996   8418308     30.63   3414744   3829204        96       168
07:00:36 PM    278012    179456   7726364     97.73        32     60996   8418308     30.63   3414744   3829204       116       168
07:00:41 PM    278012    179456   7726364     97.73        32     60996   8418308     30.63   3414744   3829204       116       168
07:00:46 PM    278012    179456   7726364     97.73        32     60996   8418308     30.63   3414744   3829204       116       168
07:00:51 PM    274448    175892   7729928     97.78        32     60996   8418308     30.63   3418840   3825108       116       168
07:00:56 PM    274448    175892   7729928     97.78        32     60996   8418308     30.63   3418840   3825108        20       168
07:01:01 PM    274448    176016   7729804     97.77        32     61300   8418308     30.63   3418840   3825356        20       168
07:01:06 PM    274448    176076   7729744     97.77        32     61396   8418308     30.63   3418840   3825476        96       168
07:01:11 PM    274448    176076   7729744     97.77        32     61396   8418308     30.63   3418840   3825476       116       168
07:01:16 PM    274448    176076   7729744     97.77        32     61396   8418308     30.63   3418840   3825476       116       168
07:01:21 PM    273636    175264   7730556     97.78        32     61396   8418308     30.63   3418840   3825476       116       168
07:01:26 PM    288044    189708   7716112     97.60        32     61396   8418308     30.63   3418848   3823756       116       168
07:01:31 PM    287540    189204   7716616     97.61        32     61396   8418308     30.63   3418848   3823756        20       168
07:01:36 PM    285524    187312   7718508     97.63        32     61652   8418308     30.63   3418848   3824004        20       168
07:01:41 PM    282812    186624   7719196     97.64        32     65700   8418308     30.63   3425788   3819204        96       168
07:01:46 PM    146408     50192   7855628     99.37        32     65536   8665352     31.53   3728788   3605848       116       168
07:01:51 PM    146408     50192   7855628     99.37        32     65536   8665352     31.53   3728788   3605848       116       168
07:01:56 PM    396828    300612   7605208     96.20        32     65536   8418308     30.63   3481744   3605848       116       168
07:02:01 PM    396828    300612   7605208     96.20        32     65540   8418308     30.63   3481744   3605848       120       168
07:02:06 PM    396576    300368   7605452     96.20        32     65556   8418308     30.63   3481860   3605856        40       168
07:02:11 PM    395820    299784   7606036     96.21        32     65860   8418308     30.63   3481940   3606148        40       168
07:02:16 PM    395820    299788   7606032     96.21        32     65956   8418308     30.63   3481940   3606152        96       168
07:02:21 PM    395820    299788   7606032     96.21        32     65956   8418308     30.63   3481940   3606152       116       168
07:02:26 PM    395820    299788   7606032     96.21        32     65956   8418308     30.63   3481940   3606152       116       168
07:02:31 PM    395568    299656   7606164     96.21        32     66120   8418308     30.63   3482148   3606232       116       168
07:02:36 PM    395568    299664   7606156     96.21        32     66120   8418308     30.63   3482160   3606248       116       168
07:02:41 PM    379184    283280   7622540     96.42        32     66120   8418308     30.63   3482160   3606248        20       168
07:02:46 PM    379184    283404   7622416     96.42        32     66376   8418308     30.63   3482160   3606496        20       168
07:02:51 PM    380400    284684   7621136     96.40        32     66472   8418308     30.63   3482160   3606620       100       168
07:02:56 PM    380400    284684   7621136     96.40        32     66472   8418308     30.63   3482160   3606620       116       168
07:03:01 PM    373132    277416   7628404     96.49        32     66472   8418308     30.63   3497600   3606620       116       168
07:03:06 PM    372908    277192   7628628     96.49        32     66472   8418308     30.63   3497600   3606620       116       168
07:03:11 PM    369396    273676   7632144     96.54        32     66472   8418308     30.63   3511868   3592348       116       168
07:03:16 PM    369396    273676   7632144     96.54        32     66472   8418308     30.63   3511868   3592348        20       168
07:03:21 PM    360152    264588   7641232     96.65        32     66776   8418308     30.63   3511868   3592656        20       168
07:03:26 PM    360152    264588   7641232     96.65        32     66872   8418308     30.63   3511868   3592656        96       168
07:03:31 PM    368596    273080   7632740     96.55        32     66872   8418308     30.63   3511868   3592752       116       168
07:03:36 PM    368596    273080   7632740     96.55        32     66872   8418308     30.63   3511868   3592752       116       168
07:03:41 PM    361392    265876   7639944     96.64        32     66872   8418308     30.63   3509868   3592752       116       168
07:03:46 PM    374304    278784   7627036     96.47        32     66872   8418308     30.63   3522108   3582508       116       168
07:03:51 PM    374304    278784   7627036     96.47        32     66872   8418308     30.63   3522108   3582508        20       168
07:03:56 PM    383256    287860   7617960     96.36        32     67120   8418308     30.63   3522108   3580704        20       168
07:04:01 PM    383004    287608   7618212     96.36        32     67216   8418308     30.63   3522108   3580704        96       168
07:04:06 PM    386192    290840   7614980     96.32        32     67204   8418308     30.63   3522112   3576696       116       168
07:04:11 PM    386192    290840   7614980     96.32        32     67204   8418308     30.63   3522112   3576696       116       168
07:04:16 PM    388260    292892   7612928     96.30        32     67176   8418308     30.63   3526220   3564364       116       168
07:04:21 PM    388260    292892   7612928     96.30        32     67176   8418308     30.63   3526220   3564364       116       168
07:04:26 PM    382180    286816   7619004     96.37        32     67176   8418308     30.63   3538744   3551844        20       168
07:04:31 PM    381424    286300   7619520     96.38        32     67656   8418308     30.63   3538944   3552148        20       168
07:04:36 PM    380440    285364   7620456     96.39        32     67752   8418308     30.63   3542356   3548832        96       168
07:04:41 PM    380188    285112   7620708     96.39        32     67756   8418308     30.63   3542356   3548832       120       168
07:04:46 PM    384524    289448   7616372     96.34        32     67756   8418308     30.63   3546692   3544500       120       168
07:04:51 PM    381932    286856   7618964     96.37        32     67756   8418308     30.63   3548740   3542448       120       168
07:04:56 PM    384232    289156   7616664     96.34        32     67756   8418308     30.63   3560028   3531172       120       168
07:05:01 PM    383444    288368   7617452     96.35        32     67840   8418308     30.63   3560028   3531172       168       168
07:05:06 PM    383640    288748   7617072     96.35        32     68176   8418308     30.63   3578744   3512828       172       168
07:05:11 PM    383416    288564   7617256     96.35        32     68308   8418308     30.63   3578748   3512908       276       168
07:05:16 PM    383416    288616   7617204     96.35        32     68304   8418308     30.63   3578748   3513008       292       168
07:05:21 PM    388440    293640   7612180     96.29        32     68304   8418308     30.63   3588988   3502768       300       168
07:05:26 PM    388200    293400   7612420     96.29        32     68304   8418308     30.63   3588988   3502768       300       168
07:05:31 PM    388200    293400   7612420     96.29        32     68352   8418308     30.63   3588988   3502768        68       168
07:05:36 PM    387948    293296   7612524     96.29        32     68672   8418308     30.63   3588988   3503064        20       168
07:05:41 PM    387948    293296   7612524     96.29        32     68672   8418308     30.63   3588988   3503064        20       168
07:05:46 PM    387696    293132   7612688     96.29        32     68776   8418308     30.63   3588988   3503240        96       168
07:05:51 PM    387696    293132   7612688     96.29        32     68776   8418308     30.63   3588988   3503240       116       168
07:05:56 PM    387696    293132   7612688     96.29        32     68776   8418308     30.63   3588988   3503240       116       168
07:06:01 PM    387696    293132   7612688     96.29        32     68776   8418308     30.63   3588988   3503240        20       168
07:06:06 PM    382952    288384   7617436     96.35        32     68776   8418308     30.63   3599352   3494896        20       168
07:06:11 PM    382952    288384   7617436     96.35        32     68776   8418308     30.63   3599352   3494896        20       168
07:06:16 PM    370740    276300   7629520     96.51        32     69032   8418308     30.63   3603312   3491192        20       168
07:06:21 PM    370740    276320   7629500     96.50        32     69128   8418308     30.63   3603336   3491228        96       168
07:06:26 PM    370548    276160   7629660     96.51        32     69128   8418308     30.63   3603340   3491292       116       168
07:06:31 PM    370516    276128   7629692     96.51        32     69128   8418308     30.63   3603340   3491292       116       168
07:06:36 PM    370516    276128   7629692     96.51        32     69128   8418308     30.63   3603340   3491292       116       168
07:06:41 PM    370016    275628   7630192     96.51        32     69128   8418308     30.63   3603256   3491292       116       168
07:06:46 PM    370016    275628   7630192     96.51        32     69128   8418308     30.63   3603340   3491292        20       168
07:06:51 PM    368188    273920   7631900     96.54        32     69432   8418308     30.63   3605388   3489488        20       168
07:06:56 PM    368188    274000   7631820     96.53        32     69528   8418308     30.63   3605388   3489644        96       168
07:07:01 PM    368188    274000   7631820     96.53        32     69528   8418308     30.63   3605388   3489644       116       168
07:07:06 PM    191548     97360   7808460     98.77        32     69528   8665352     31.53   3852368   3381100       116       168
07:07:11 PM    102364      7832   7897988     99.90        32     69016   8665352     31.53   4205576   3162524       116       172
07:07:16 PM    162248     49028   7856792     99.38        32     32036   8418308     30.63   4042824   3508276       120       160
07:07:21 PM    142512     36588   7869232     99.54        32     46604   8418308     30.63   4057840   3508312        24       160
07:07:26 PM    141784     35972   7869848     99.54        32     46892   8418308     30.63   4057868   3508532        24       160
07:07:31 PM    141784     36048   7869772     99.54        32     47020   8418308     30.63   4057956   3508600       112       160
07:07:36 PM    141784     36056   7869764     99.54        32     47020   8418308     30.63   4057956   3508620       132       160
07:07:41 PM    141784     36112   7869708     99.54        32     47020   8418308     30.63   4057956   3508732       132       160
07:07:46 PM    133972     31152   7874668     99.61        32     52820   8418308     30.63   4063660   3508732       132       160
07:07:51 PM    123444     21232   7884588     99.73        32     53984   8418308     30.63   4064976   3508636       132       160
07:07:56 PM    123444     21232   7884588     99.73        32     53984   8418308     30.63   4064976   3508636        20       160
07:08:01 PM    127060     25056   7880764     99.68        32     54352   8418308     30.63   4064996   3509036        20       160
07:08:06 PM    175776     73768   7832052     99.07        32     54344   8418308     30.63   5756920   1766844        96       160
07:08:11 PM    166980     64976   7840844     99.18        32     54356   8418308     30.63   5756984   1766824       120       164
07:08:16 PM    166980     64976   7840844     99.18        32     54356   8418308     30.63   5756984   1766824       120       164
07:08:21 PM    189848     87904   7817916     98.89        32     54528   8418308     30.63   5763148   1759860        96       164
07:08:26 PM    189848     87904   7817916     98.89        32     54528   8418308     30.63   5763148   1759860       116       164
07:08:31 PM    189092     87172   7818648     98.90        32     54528   8418308     30.63   5764100   1759864       116       164
07:08:36 PM    188840     87000   7818820     98.90        32     54708   8418308     30.63   5764188   1760024        24       164
07:08:41 PM    120372     18544   7887276     99.77        32     54808   8418308     30.63   6108796   1474320        96       168
07:08:46 PM    188168     80452   7825368     98.98        28     43048   8418308     30.63    494612   7036144       116       176
07:08:51 PM    188088     80460   7825360     98.98        28     43128   8418308     30.63    494716   7036240       116       176
07:08:56 PM    187332     80076   7825744     98.99        28     43992   8418308     30.63    495460   7036240       116       176
07:09:01 PM    187332     80076   7825744     98.99        28     43992   8418308     30.63    495460   7036240       116       176
07:09:06 PM    187332     80136   7825684     98.99        28     44056   8418308     30.63    495624   7036252       116       176
07:09:11 PM    174732     71776   7834044     99.09        28     52516   8418308     30.63    504192   7036280       116       176
07:09:16 PM    174480     71648   7834172     99.09        32     52884   8418308     30.63    504192   7036528         0       176
07:09:21 PM    170384     67552   7838268     99.15        32     52884   8418308     30.63    506284   7034636        20       176
07:09:26 PM    170384     67600   7838220     99.14        32     52884   8418308     30.63    506244   7034576        20       176
07:09:31 PM    170144     67360   7838460     99.15        32     52892   8418308     30.63    506244   7034576        28       176
07:09:36 PM    184216     81472   7824348     98.97        32     52892   8418308     30.63    513348   7023900        28       176
07:09:41 PM    184216     81472   7824348     98.97        32     52892   8418308     30.63    513348   7023900        28       176
07:09:46 PM    184044     81300   7824520     98.97        32     52892   8418308     30.63    513348   7023900        28       176
07:09:51 PM    183208     80540   7825280     98.98        32     53040   8418308     30.63    513596   7024048        96       176
07:09:56 PM    179204     77688   7828132     99.02        32     55348   8418308     30.63    516084   7024048       116       176
07:10:01 PM    171392     73260   7832560     99.07        32     62192   8418308     30.63    523012   7024144       268       176
07:10:06 PM    171392     73288   7832532     99.07        32     62248   8418308     30.63    523052   7024188       300       176
07:10:11 PM    171392     73288   7832532     99.07        32     62248   8418308     30.63    523072   7024188       300       176
07:10:16 PM    171392     73304   7832516     99.07        32     62244   8418308     30.63    523076   7024220       296       176
07:10:21 PM    171392     73496   7832324     99.07        32     62692   8418308     30.63    523140   7024588       200       176
07:10:26 PM    171392     73496   7832324     99.07        32     62788   8418308     30.63    523144   7024588       276       176
07:10:31 PM    170888     73080   7832740     99.08        32     62788   8418308     30.63    523596   7024764       196       176
07:10:36 PM    176860     79052   7826768     99.00        32     62788   8418308     30.63    524032   7022716       196       176
07:10:41 PM    175880     78072   7827748     99.01        32     62788   8418308     30.63    524032   7022716       196       176
07:10:46 PM    178728     80932   7824888     98.98        32     62788   8418308     30.63    524244   7020692       196       176
07:10:51 PM    176500     78768   7827052     99.00        32     62948   8418308     30.63    524244   7020816        20       176
07:10:56 PM    176500     78768   7827052     99.00        32     62948   8418308     30.63    524244   7020816        20       176
07:11:01 PM    176500     78768   7827052     99.00        32     63044   8418308     30.63    524244   7020816        96       176
07:11:06 PM    176500     78768   7827052     99.00        32     63044   8418308     30.63    524244   7020816       116       176
07:11:11 PM    176500     78768   7827052     99.00        32     63044   8418308     30.63    524244   7020816       116       176
07:11:16 PM    175996     78264   7827556     99.01        32     63048   8418308     30.63    524244   7020816       120       176
07:11:21 PM    175252     77560   7828260     99.02        32     63048   8418308     30.63    524248   7020896       120       176
07:11:26 PM    173828     76320   7829500     99.03        32     63504   8418308     30.63    524628   7020900       120       176
07:11:31 PM    173544     76160   7829660     99.04        32     63808   8418308     30.63    524628   7021148        24       176
07:11:36 PM    173544     76188   7829632     99.04        32     63904   8418308     30.63    524628   7021204        96       176
07:11:41 PM    163188     70020   7835800     99.11        32     72232   8418308     30.63    535776   7018352       116       176
07:11:46 PM    162976     69948   7835872     99.12        32     72444   8418308     30.63    536060   7018340       116       176
07:11:51 PM    170444     77416   7828404     99.02        32     72444   8418308     30.63    536240   7016292       116       176
07:11:56 PM    170444     77416   7828404     99.02        32     72444   8418308     30.63    536240   7016292       116       176
07:12:01 PM    172192     79224   7826596     99.00        32     72444   8418308     30.63    536596   7014244        20       176
07:12:06 PM    171052     78208   7827612     99.01        32     72700   8418308     30.63    536596   7014492        20       176
07:12:11 PM    170800     77956   7827864     99.01        32     72796   8418308     30.63    536596   7014492        96       176
07:12:16 PM    170800     77956   7827864     99.01        32     72796   8418308     30.63    536596   7014492       116       176
07:12:21 PM    170456     77612   7828208     99.02        32     72796   8418308     30.63    536596   7014492       116       176
07:12:26 PM    134560     35748   7870072     99.55        32     60776   8665352     31.53   1918628   5654768       120       176
07:12:31 PM    132512     34700   7871120     99.56        32     62772   8665352     31.53   1920668   5654768       120       176
07:12:36 PM    369988    272176   7633644     96.56        32     62772   8418308     30.63   1828844   5499548        24       176
07:12:41 PM    369988    272300   7633520     96.56        32     63076   8418308     30.63   1828844   5499796        24       176
07:12:46 PM    369988    272328   7633492     96.56        32     63188   8418308     30.63   1828844   5499852       112       176
07:12:51 PM    369988    272328   7633492     96.56        32     63188   8418308     30.63   1828844   5499852       132       176
07:12:56 PM    366964    270292   7635528     96.58        32     65120   8418308     30.63   1830712   5499968       132       176
07:13:01 PM    366964    270292   7635528     96.58        32     65120   8418308     30.63   1830712   5499968       132       176
07:13:06 PM    358772    262100   7643720     96.68        32     65120   8418308     30.63   1838904   5491776       132       176
07:13:11 PM    242856    146188   7759632     98.15        32     65128   8418308     30.63   1959484   5491780        28       176
07:13:16 PM    243496    146996   7758824     98.14        32     65400   8418308     30.63   1969764   5481836        28       176
07:13:21 PM    243496    147008   7758812     98.14        32     65496   8418308     30.63   1969764   5481860        96       176
07:13:26 PM    243240    146800   7759020     98.14        32     65496   8418308     30.63   1986148   5465572       116       176
07:13:31 PM    243240    146800   7759020     98.14        32     65496   8418308     30.63   1986148   5465572       116       176
07:13:36 PM    239016    142576   7763244     98.20        32     65496   8418308     30.63   2000488   5451236       116       176
07:13:41 PM    239016    142576   7763244     98.20        32     65496   8418308     30.63   2000488   5451236       116       176
07:13:46 PM    239400    142960   7762860     98.19        32     65496   8418308     30.63   2064828   5386812        20       176
07:13:51 PM    238896    142580   7763240     98.20        32     65832   8418308     30.63   2064828   5387060        20       176
07:13:56 PM    235652    139428   7766392     98.24        32     65928   8418308     30.63   2075876   5376280        96       176
07:14:01 PM    235652    139428   7766392     98.24        32     65928   8418308     30.63   2075876   5376280       116       176
07:14:06 PM    235648    139424   7766396     98.24        32     65928   8418308     30.63   2091748   5360408       116       176
07:14:11 PM    235648    139424   7766396     98.24        32     65928   8418308     30.63   2091748   5360408       116       176
07:14:16 PM    221304    125080   7780740     98.42        32     65932   8418308     30.63   2112888   5339272       120       176
07:14:21 PM    221304    125080   7780740     98.42        32     65932   8418308     30.63   2112888   5339272        24       176
07:14:26 PM    266408    170312   7735508     97.85        32     66188   8418308     30.63   2129420   5322996        24       176
07:14:31 PM    266124    170028   7735792     97.85        32     66284   8418308     30.63   2129436   5322996        96       176
07:14:36 PM    266368    170320   7735500     97.85        32     66284   8418308     30.63   2155156   5297372       116       176
07:14:41 PM    266144    170096   7735724     97.85        32     66284   8418308     30.63   2155156   5297372       116       176
07:14:46 PM    266200    170152   7735668     97.85        32     66284   8418308     30.63   2182740   5269788       116       176
07:14:51 PM    262080    166032   7739788     97.90        32     66284   8418308     30.63   2184568   5267972       116       176
07:14:56 PM    261792    165744   7740076     97.90        32     66284   8418308     30.63   2205320   5247224        20       176
07:15:01 PM    259316    165056   7740764     97.91        32     70152   8418308     30.63   2208588   5247532       176       176
07:15:06 PM    257708    163660   7742160     97.93        32     70280   8418308     30.63   2236752   5219788       276       176
07:15:11 PM    257708    163660   7742160     97.93        32     70284   8418308     30.63   2236832   5219788       300       176
07:15:16 PM    264748    170700   7735120     97.84        32     70284   8418308     30.63   2268224   5188400       300       176
07:15:21 PM    263768    169720   7736100     97.85        32     70284   8418308     30.63   2268228   5188400       300       176
07:15:26 PM    263808    169760   7736060     97.85        32     70284   8418308     30.63   2296508   5160192       300       176
07:15:31 PM    263020    169096   7736724     97.86        32     70620   8418308     30.63   2296444   5160432        24       176
07:15:36 PM    262172    168248   7737572     97.87        32     70620   8418308     30.63   2321188   5135836        24       176
07:15:41 PM    261696    167816   7738004     97.88        32     70716   8418308     30.63   2321132   5135840        96       176
07:15:46 PM    262168    168288   7737532     97.87        32     70716   8418308     30.63   2331060   5126036       116       176
07:15:51 PM    261944    168112   7737708     97.87        32     70716   8418308     30.63   2330996   5126072       116       176
07:15:56 PM    261944    168112   7737708     97.87        32     70716   8418308     30.63   2330996   5126072       116       176
07:16:01 PM    262196    168364   7737456     97.87        32     70716   8418308     30.63   2341672   5115396       116       176
07:16:06 PM    261972    168140   7737680     97.87        32     70716   8418308     30.63   2341672   5115396        20       176
07:16:11 PM    260520    166812   7739008     97.89        32     71020   8418308     30.63   2355020   5102876        20       176
07:16:16 PM    260520    166876   7738944     97.89        32     71116   8418308     30.63   2355020   5103000        96       176
07:16:21 PM    260344    166712   7739108     97.89        32     71116   8418308     30.63   2367100   5091532       116       176
07:16:26 PM    259928    166296   7739524     97.90        32     71116   8418308     30.63   2367104   5091532       116       176
07:16:31 PM    261604    167972   7737848     97.88        32     71116   8418308     30.63   2389004   5070260       116       176
07:16:36 PM    261380    167748   7738072     97.88        32     71116   8418308     30.63   2389004   5070260       116       176
07:16:41 PM    261040    167408   7738412     97.88        32     71116   8418308     30.63   2398412   5061200        20       176
07:16:46 PM    259796    166272   7739548     97.90        32     71372   8418308     30.63   2398324   5061420        20       176
07:16:51 PM    259272    165816   7740004     97.90        32     71468   8418308     30.63   2413980   5046124        96       176
07:16:56 PM    258412    164956   7740864     97.91        32     71476   8418308     30.63   2413980   5046124       124       176
07:17:01 PM    258748    165296   7740524     97.91        32     71476   8418308     30.63   2427764   5032348       124       176
07:17:06 PM    258524    165072   7740748     97.91        32     71476   8418308     30.63   2427764   5032348       124       176
07:17:11 PM    253304    159852   7745968     97.98        32     71476   8418308     30.63   2453272   5006840       124       176
07:17:16 PM    190128     96676   7809144     98.78        32     71476   8418308     30.63   2515708   5006840        28       176
07:17:21 PM    163392     52552   7853268     99.34        28     36896   8418308     30.63    315832   7228020        32       176
07:17:26 PM    147356     40704   7865116     99.49        28     45272   8418308     30.63    324124   7228104       112       176
07:17:31 PM    119476     16960   7888860     99.79        28     53572   8418308     30.63    348708   7211812       132       176
07:17:36 PM    119476     17024   7888796     99.78        28     53592   8418308     30.63    349008   7211816       136       176
07:17:41 PM    119868     18036   7887784     99.77        28     54716   8418308     30.63    384608   7177496       136       176
07:17:46 PM    187380     88256   7817564     98.88        28     60136   8665352     31.53    686120   6818472       136       176
07:17:51 PM    182800     83676   7822144     98.94        28     60136   8665352     31.53    702424   6802272        24       176
07:17:56 PM    419320    321372   7584448     95.93        28     62528   8418308     30.63    457488   6802520        24       176
07:18:01 PM    417624    321320   7584500     95.94        28     65860   8418308     30.63    476736   6786560       128       176
07:18:06 PM    378236    282532   7623288     96.43        28     67236   8418308     30.63    515436   6786560       148       176
07:18:11 PM    168136     66048   7839772     99.16        28     54192   8418308     30.63   1754484   5798368       148       164
07:18:16 PM    163548     61540   7844280     99.22        28     54368   8418308     30.63   1758164   5798368       148       172
07:18:21 PM    162240     60236   7845584     99.24        28     54368   8418308     30.63   1765100   5791588       148       172
07:18:26 PM    162240     60236   7845584     99.24        28     54368   8418308     30.63   1765100   5791588        20       172
07:18:31 PM    155280     53844   7851976     99.32        28     55508   8418308     30.63   1782080   5778912        20       172
07:18:36 PM    156080     54644   7851176     99.31        28     55620   8418308     30.63   1782160   5778912       112       172
07:18:41 PM    153048     51684   7854136     99.35        28     55652   8418308     30.63   1793564   5767664       132       172
07:18:46 PM    153048     51684   7854136     99.35        28     55652   8418308     30.63   1793564   5767664       132       172
07:18:51 PM    158448     57084   7848736     99.28        28     55652   8418308     30.63   1810244   5751104       132       172
07:18:56 PM    158276     56912   7848908     99.28        28     55652   8418308     30.63   1810244   5751104       132       172
07:19:01 PM    153832     52468   7853352     99.34        28     55652   8418308     30.63   1818292   5743056        20       172
07:19:06 PM    146556     47296   7858524     99.40        28     59928   8418308     30.63   1822400   5743168        20       172
07:19:11 PM    146552     47468   7858352     99.40        28     60344   8418308     30.63   1824572   5741448       112       172
07:19:16 PM    146552     47572   7858248     99.40        28     60468   8418308     30.63   1824532   5741608       132       172
07:19:21 PM    142456     43476   7862344     99.45        28     60468   8418308     30.63   1824428   5741092       132       172
07:19:26 PM    147464     48508   7857312     99.39        28     60468   8418308     30.63   1828012   5738176       132       172
07:19:31 PM    146708     48064   7857756     99.39        28     61156   8418308     30.63   1828632   5738176       132       172
07:19:36 PM    142612     44000   7861820     99.44        28     61156   8418308     30.63   1833796   5733084        20       172
07:19:41 PM    142360     43872   7861948     99.45        28     61508   8418308     30.63   1833796   5733332        20       172
07:19:46 PM    144568     46132   7859688     99.42        28     61624   8418308     30.63   1838740   5728492       112       172
07:19:51 PM    144328     46040   7859780     99.42        28     61808   8418308     30.63   1839112   5728604       132       172
07:19:56 PM    136388     39256   7866564     99.50        28     64116   8418308     30.63   1866288   5701840       132       172
07:20:01 PM    131580     36244   7869576     99.54        28     67744   8418308     30.63   1869920   5701892       200       172
07:20:06 PM    133440     38136   7867684     99.52        28     67808   8418308     30.63   1876612   5695408       316       172
07:20:11 PM    133440     38140   7867680     99.52        28     67808   8418308     30.63   1876620   5695412       124       172
07:20:16 PM    131992     36872   7868948     99.53        28     68160   8418308     30.63   1880132   5692264       124       172
07:20:21 PM    131992     36888   7868932     99.53        28     68356   8418308     30.63   1880136   5692296       292       172
07:20:26 PM    131748     36736   7869084     99.54        28     68356   8418308     30.63   1892640   5679980       312       172
07:20:31 PM    131172     36160   7869660     99.54        28     68356   8418308     30.63   1892700   5679980       212       172
07:20:36 PM    131376     36368   7869452     99.54        28     68364   8418308     30.63   1902164   5670528       220       172
07:20:41 PM    131124     36116   7869704     99.54        28     68364   8418308     30.63   1902164   5670528       220       172
07:20:46 PM    131124     36116   7869704     99.54        28     68364   8418308     30.63   1902164   5670528        28       172
07:20:51 PM    131124     36304   7869516     99.54        28     68748   8418308     30.63   1902164   5670900        28       172
07:20:56 PM    130216     35456   7870364     99.55        28     68860   8418308     30.63   1905620   5667584       112       172
07:21:01 PM    124704     29944   7875876     99.62        28     68860   8418308     30.63   1913596   5659604       132       172
07:21:06 PM    120832     26072   7879748     99.67        28     68860   8418308     30.63   1924008   5649196       132       172
07:21:11 PM    142688     47340   7858480     99.40        28     67684   8418308     30.63   2246884   5310412       132       172
07:21:16 PM    138592     43244   7862576     99.45        28     67684   8418308     30.63   2250580   5306716       132       172
07:21:21 PM    138592     43244   7862576     99.45        28     67684   8418308     30.63   2250580   5306716        20       172
07:21:26 PM    161296     66080   7839740     99.16        28     67944   8418308     30.63   2256100   5299432        20       172
07:21:31 PM    160760     65544   7840276     99.17        28     68056   8418308     30.63   2256100   5299432       112       172
07:21:36 PM    152568     57408   7848412     99.27        28     68056   8418308     30.63   2259888   5295756       132       172
07:21:41 PM    141200     46040   7859780     99.42        28     68056   8418308     30.63   2266508   5289136       132       172
07:21:46 PM    168196     73060   7832760     99.08        28     68108   8418308     30.63   2272912   5282476       136       172
07:21:51 PM    167388     72252   7833568     99.09        28     68108   8418308     30.63   2272912   5282476       136       172
07:21:56 PM    167388     72252   7833568     99.09        28     68108   8418308     30.63   2272912   5282476        24       172
07:22:01 PM    167136     72124   7833696     99.09        28     68428   8418308     30.63   2272912   5282724        24       172
07:22:06 PM    166912     71900   7833920     99.09        28     68540   8418308     30.63   2272912   5282724       112       172
07:22:11 PM    166912     71900   7833920     99.09        28     68540   8418308     30.63   2272912   5282724       132       172
07:22:16 PM    166912     71900   7833920     99.09        28     68540   8418308     30.63   2272912   5282724       132       172
07:22:21 PM    166912     71900   7833920     99.09        28     68540   8418308     30.63   2272912   5282724       132       172
07:22:26 PM    166912     71900   7833920     99.09        28     68540   8418308     30.63   2272912   5282724       132       172
07:22:31 PM    166568     71556   7834264     99.09        28     68540   8418308     30.63   2272912   5282724        20       172
07:22:36 PM    165400     70520   7835300     99.11        28     68812   8418308     30.63   2272952   5282988        20       172
07:22:41 PM    165400     70532   7835288     99.11        28     68924   8418308     30.63   2272952   5283012       112       172
07:22:46 PM    165148     70280   7835540     99.11        28     68928   8418308     30.63   2272952   5283012       136       172
07:22:51 PM    169140     74312   7831508     99.06        28     68916   8418308     30.63   2272964   5281040       136       172
07:22:56 PM    167124     72296   7833524     99.09        28     68916   8418308     30.63   2272964   5281040       136       172
07:23:01 PM    189816     85420   7820400     98.92        28     49584   8665352     31.53   4298368   3220244       136       168
07:23:06 PM    185560     81164   7824656     98.97        28     49584   8665352     31.53   4298368   3220244        24       168
07:23:11 PM    425652    321380   7584440     95.93        28     49904   8418308     30.63   4162840   3108988        24       168
07:23:16 PM    425652    321420   7584400     95.93        28     50016   8418308     30.63   4163132   3109068       112       168
07:23:21 PM    425652    321420   7584400     95.93        28     50016   8418308     30.63   4163132   3109068       132       168
07:23:26 PM    425652    321420   7584400     95.93        28     50020   8418308     30.63   4163132   3109068       136       168
07:23:31 PM    425652    321420   7584400     95.93        28     50020   8418308     30.63   4163132   3109068       136       168
07:23:36 PM    425652    321420   7584400     95.93        28     50020   8418308     30.63   4163132   3109068       136       168
07:23:41 PM    425652    321420   7584400     95.93        28     50020   8418308     30.63   4163132   3109068        24       168
07:23:46 PM    425652    321544   7584276     95.93        28     50308   8418308     30.63   4163132   3109316        24       168
07:23:51 PM    425652    321544   7584276     95.93        28     50404   8418308     30.63   4163132   3109316        96       168
07:23:56 PM    425652    321544   7584276     95.93        28     50404   8418308     30.63   4163132   3109316       116       168
07:24:01 PM    425652    321544   7584276     95.93        28     50404   8418308     30.63   4163132   3109316       116       168
07:24:06 PM    417460    313360   7592460     96.04        28     50404   8418308     30.63   4171208   3101256       116       168
07:24:11 PM    416704    312660   7593160     96.05        28     50404   8418308     30.63   4171708   3101368       116       168
07:24:16 PM    408828    306208   7599612     96.13        28     53176   8418308     30.63   4176484   3099436        20       168
07:24:21 PM    408828    306332   7599488     96.13        28     53504   8418308     30.63   4176484   3099684        28       168
07:24:26 PM    406636    304200   7601620     96.15        28     53600   8418308     30.63   4188444   3087848        96       168
07:24:31 PM    406636    304200   7601620     96.15        28     53600   8418308     30.63   4188444   3087848       116       168
07:24:36 PM    406364    303976   7601844     96.16        28     53600   8418308     30.63   4197384   3079004       116       168
07:24:41 PM    406124    303736   7602084     96.16        28     53600   8418308     30.63   4197384   3079004       116       168
07:24:46 PM    406124    303736   7602084     96.16        28     53600   8418308     30.63   4197384   3079004       116       168
07:24:51 PM    406124    303736   7602084     96.16        28     53600   8418308     30.63   4197384   3079004        20       168
07:24:56 PM    404360    303956   7601864     96.16        28     57584   8418308     30.63   4201008   3079356        20       168
07:25:01 PM    404360    307692   7598128     96.11        28     65416   8418308     30.63   4208476   3079356       248       168
07:25:06 PM    403868    307408   7598412     96.11        28     65488   8418308     30.63   4208720   3079532       296       168
07:25:11 PM    403868    307408   7598412     96.11        28     65488   8418308     30.63   4208720   3079532       296       168
07:25:16 PM    403868    307424   7598396     96.11        28     65484   8418308     30.63   4208720   3079564       292       168
07:25:21 PM    403868    307424   7598396     96.11        28     65488   8418308     30.63   4208720   3079564       296       168
07:25:26 PM    403868    307424   7598396     96.11        28     65488   8418308     30.63   4208720   3079568       120       168
07:25:31 PM    403868    307548   7598272     96.11        28     65856   8418308     30.63   4208720   3079816        24       168
07:25:36 PM    403868    307656   7598164     96.11        28     65952   8418308     30.63   4208720   3080032        96       168
07:25:41 PM    403644    307432   7598388     96.11        28     65952   8418308     30.63   4208720   3080032       116       168
07:25:46 PM    403644    307432   7598388     96.11        28     65952   8418308     30.63   4208720   3080032       116       168
07:25:51 PM    403644    307432   7598388     96.11        28     65952   8418308     30.63   4208720   3080032       116       168
07:25:56 PM    403644    307432   7598388     96.11        28     65952   8418308     30.63   4208720   3080032       116       168
07:26:01 PM    407740    311592   7594228     96.06        28     66160   8418308     30.63   4208720   3080156        20       168
07:26:06 PM    399084    302972   7602848     96.17        28     66160   8418308     30.63   4214828   3074124        20       168
07:26:11 PM    398832    302720   7603100     96.17        28     66256   8418308     30.63   4214828   3074124        96       168
07:26:16 PM    398832    302772   7603048     96.17        28     66256   8418308     30.63   4214828   3074228       116       168
07:26:21 PM    398832    302772   7603048     96.17        28     66256   8418308     30.63   4214836   3074228       116       168
07:26:26 PM    404068    308008   7597812     96.10        28     66256   8418308     30.63   4218940   3070272       116       168
07:26:31 PM    403784    307724   7598096     96.11        28     66260   8418308     30.63   4218876   3070188       120       168
07:26:36 PM    403784    307724   7598096     96.11        28     66260   8418308     30.63   4218884   3070188       120       168
07:26:41 PM    403752    307816   7598004     96.11        28     66564   8418308     30.63   4218884   3070432        24       168
07:26:46 PM    470204    374400   7531420     95.26        28     66764   8418308     30.63   4249984   2987968        96       168
07:26:51 PM    470204    374400   7531420     95.26        28     66764   8418308     30.63   4249984   2987968       116       168
07:26:56 PM    470204    374400   7531420     95.26        28     66764   8418308     30.63   4249984   2987968       116       168
07:27:01 PM    470204    374400   7531420     95.26        28     66764   8418308     30.63   4249984   2987968       116       168
07:27:06 PM    470204    374400   7531420     95.26        28     66764   8418308     30.63   4249984   2987968       116       168
07:27:11 PM    470204    374400   7531420     95.26        28     66764   8418308     30.63   4249984   2987968        20       168
07:27:16 PM    470204    374524   7531296     95.26        28     67020   8418308     30.63   4249984   2988216        20       168
07:27:21 PM    110084     13996   7891824     99.82        28     66084   8418308     30.63   6623572    973292        96       168
07:27:26 PM    207252     94956   7810864     98.80        28     33816   8418308     30.63   1406860   6049704       116       164
07:27:31 PM    187000     78260   7827560     99.01        28     41004   8418308     30.63   1414512   6049180       116       164
07:27:36 PM    177676     74456   7831364     99.06        28     52184   8418308     30.63   1425548   6049180       116       164
07:27:41 PM    158232     58300   7847520     99.26        28     58616   8418308     30.63   1433912   6047396       116       164
07:27:46 PM    158232     58300   7847520     99.26        28     58616   8418308     30.63   1433912   6047396        20       164
07:27:51 PM    159680     60732   7845088     99.23        28     60604   8418308     30.63   1436424   6046856        20       164
07:27:56 PM    157916     60668   7845152     99.23        28     63960   8418308     30.63   1439712   6046976        96       164
07:28:01 PM    157168     59968   7845852     99.24        28     63968   8418308     30.63   1440868   6045912       124       164
07:28:06 PM    157168     59968   7845852     99.24        28     63968   8418308     30.63   1440868   6045912       124       164
07:28:11 PM    152200     55000   7850820     99.30        28     63968   8418308     30.63   1446316   6040464       124       164
07:28:16 PM    126604     29836   7875984     99.62        28     64992   8418308     30.63   2120316   5422904       128       172
07:28:21 PM    200916    104224   7801596     98.68        28     64992   8665352     31.53   4126148   3299176        32       172
07:28:26 PM    200160    103592   7802228     98.69        28     65248   8665352     31.53   4126148   3299424        32       172
07:28:31 PM    437156    340724   7565096     95.69        28     65516   8418308     30.63   3881060   3298260        96       172
07:28:36 PM    436928    340564   7565256     95.69        28     65648   8418308     30.63   3881388   3298260       116       172
07:28:41 PM    433312    336948   7568872     95.74        28     65648   8418308     30.63   3882544   3297248       116       172
07:28:46 PM    433312    336948   7568872     95.74        28     65648   8418308     30.63   3882544   3297248       116       172
07:28:51 PM    419872    323508   7582312     95.91        28     65648   8418308     30.63   3882844   3296956       116       172
07:28:56 PM    419872    323508   7582312     95.91        28     65648   8418308     30.63   3882844   3296956        20       172
07:29:01 PM    421184    324972   7580848     95.89        28     65952   8418308     30.63   3883964   3296140        20       172
07:29:06 PM    421184    324972   7580848     95.89        28     66048   8418308     30.63   3883964   3296140        96       172
07:29:11 PM    426524    330360   7575460     95.82        28     66048   8418308     30.63   3903648   3276432       116       172
07:29:16 PM    426524    330360   7575460     95.82        28     66048   8418308     30.63   3903648   3276432       116       172
07:29:21 PM    415072    318908   7586912     95.97        28     66048   8418308     30.63   3906576   3273624       116       172
07:29:26 PM    415072    318908   7586912     95.97        28     66048   8418308     30.63   3906576   3273624       116       172
07:29:31 PM    414728    318564   7587256     95.97        28     66052   8418308     30.63   3906588   3273616        24       172
07:29:36 PM    418556    322456   7583364     95.92        28     66356   8418308     30.63   3906588   3273740        24       172
07:29:41 PM    414916    318952   7586868     95.97        28     66452   8418308     30.63   3906632   3273972        96       172
07:29:46 PM    414916    318952   7586868     95.97        28     66460   8418308     30.63   3906632   3273972       116       172
07:29:51 PM    419876    324436   7581384     95.90        28     67500   8418308     30.63   3907872   3273888       116       172
07:29:56 PM    419876    324436   7581384     95.90        28     67500   8418308     30.63   3907900   3273888       116       172
07:30:01 PM    415764    320368   7585452     95.95        28     67584   8418308     30.63   3907988   3273908       268       172
07:30:06 PM    415684    320360   7585460     95.95        28     67760   8418308     30.63   3908088   3274020        24       172
07:30:11 PM    230020    116504   7789316     98.53        28     31464   8418308     30.63   2221452   5095896       168       168
07:30:16 PM    331988    221100   7684720     97.20        28     36984   8418308     30.63   2275612   4896152       272       172
07:30:21 PM    329732    219884   7685936     97.22        28     39028   8418308     30.63   2277668   4896204       292       172
07:30:26 PM    316436    210864   7694956     97.33        28     47780   8418308     30.63   2286220   4896204       292       172
07:30:31 PM    316404    210900   7694920     97.33        28     47816   8418308     30.63   2286324   4896240       200       172
07:30:36 PM    314388    210028   7695792     97.34        28     50076   8418308     30.63   2289040   4896240       200       172
07:30:41 PM    314388    210028   7695792     97.34        28     50076   8418308     30.63   2289040   4896240        24       172
07:30:46 PM    314388    210212   7695608     97.34        28     50444   8418308     30.63   2289044   4896608        24       172
07:30:51 PM    314136    210008   7695812     97.34        28     50540   8418308     30.63   2289228   4896628        96       172
07:30:56 PM    314136    210008   7695812     97.34        28     50540   8418308     30.63   2289228   4896628       116       172
07:31:01 PM    314136    210008   7695812     97.34        28     50540   8418308     30.63   2289228   4896628       116       172
07:31:06 PM    314136    210008   7695812     97.34        28     50540   8418308     30.63   2289228   4896628       116       172
07:31:11 PM    314136    210008   7695812     97.34        28     50540   8418308     30.63   2289228   4896628       116       172
07:31:16 PM    307992    203872   7701948     97.42        28     50540   8418308     30.63   2293324   4892548        20       172
07:31:21 PM    306984    203948   7701872     97.42        28     52720   8418308     30.63   2295124   4892964        20       172
07:31:26 PM    302664    199676   7706144     97.47        28     52816   8418308     30.63   2297300   4890932        96       172
07:31:31 PM    302664    199676   7706144     97.47        28     52816   8418308     30.63   2297300   4890932       116       172
07:31:36 PM    302664    199724   7706096     97.47        28     52816   8418308     30.63   2297300   4891028       116       172
07:31:41 PM    302664    199724   7706096     97.47        28     52816   8418308     30.63   2297300   4891028       116       172
07:31:46 PM    364572    264316   7641504     96.66        28     58260   8418308     30.63   2325908   4782284       124       172
07:31:51 PM    364320    264064   7641756     96.66        28     58260   8418308     30.63   2325908   4782284        28       172
07:31:56 PM    363816    263720   7642100     96.66        28     58516   8418308     30.63   2326036   4782532        28       172
07:32:01 PM    363564    263472   7642348     96.67        28     58612   8418308     30.63   2326036   4782540        96       172
07:32:06 PM    363564    263520   7642300     96.67        28     58612   8418308     30.63   2326036   4782636       116       172
07:32:11 PM    363564    263520   7642300     96.67        28     58612   8418308     30.63   2326036   4782636       116       172
07:32:16 PM    363564    263520   7642300     96.67        28     58612   8418308     30.63   2326036   4782636       116       172
07:32:21 PM    363564    263520   7642300     96.67        28     58612   8418308     30.63   2326036   4782636       116       172
07:32:26 PM    363564    263520   7642300     96.67        28     58612   8418308     30.63   2326036   4782636        20       172
07:32:31 PM    363312    263392   7642428     96.67        28     58916   8418308     30.63   2326036   4782884        20       172
07:32:36 PM    363312    263472   7642348     96.67        28     59016   8418308     30.63   2326104   4783040        96       172
07:32:41 PM    363312    263472   7642348     96.67        28     59016   8418308     30.63   2326104   4783040       116       172
07:32:46 PM    363312    263472   7642348     96.67        28     59016   8418308     30.63   2326104   4783040       116       172
07:32:51 PM    363312    263472   7642348     96.67        28     59016   8418308     30.63   2326104   4783040       116       172
07:32:56 PM    363312    263472   7642348     96.67        28     59016   8418308     30.63   2326104   4783040       116       172
07:33:01 PM    363312    263472   7642348     96.67        28     59016   8418308     30.63   2326104   4783040        20       172
07:33:06 PM    363312    263600   7642220     96.67        28     59276   8418308     30.63   2326104   4783300        24       172
07:33:11 PM    363312    263600   7642220     96.67        28     59372   8418308     30.63   2326104   4783300        96       172
07:33:16 PM    293172    193508   7712312     97.55        28     59372   8418308     30.63   2419648   4783396       116       172
07:33:21 PM    161220     60340   7845480     99.24        28     56940   8418308     30.63   2677164   4700812       116       172
07:33:26 PM    151392     55704   7850116     99.30        28     67324   8418308     30.63   2688148   4700892       308       172
07:33:31 PM    149500     54244   7851576     99.31        28     68184   8418308     30.63   2689008   4700892       308       172
07:33:36 PM    149376     54188   7851632     99.31        28     68320   8418308     30.63   2689144   4700892       132       172
07:33:41 PM    193284     91136   7814684     98.85        28     54576   8665352     31.53   2460192   4797820       132       168
07:33:46 PM    193060     91020   7814800     98.85        28     54672   8665352     31.53   2460192   4798036       208       168
07:33:51 PM    431800    329760   7576060     95.83        28     54672   8418308     30.63   2460192   4550992       228       168
07:33:56 PM    431900    329860   7575960     95.83        28     54672   8418308     30.63   2460192   4550992       116       168
07:34:01 PM    431900    329860   7575960     95.83        28     54672   8418308     30.63   2460192   4550992       116       168
07:34:06 PM    431900    329860   7575960     95.83        28     54672   8418308     30.63   2460192   4550992       116       168
07:34:11 PM    431900    329860   7575960     95.83        28     54672   8418308     30.63   2460192   4550992        20       168
07:34:16 PM    431144    329228   7576592     95.84        28     54976   8418308     30.63   2460192   4551240        20       168
07:34:21 PM    430904    329016   7576804     95.84        28     55072   8418308     30.63   2460192   4551296        96       168
07:34:26 PM    430904    329016   7576804     95.84        28     55072   8418308     30.63   2460192   4551296       116       168
07:34:31 PM    430904    329064   7576756     95.84        28     55072   8418308     30.63   2460192   4551392       116       168
07:34:36 PM    427376    327080   7578740     95.86        28     58156   8418308     30.63   2463316   4551392       116       168
07:34:41 PM    427376    327080   7578740     95.86        28     58156   8418308     30.63   2463320   4551392       116       168
07:34:46 PM    427376    327080   7578740     95.86        28     58156   8418308     30.63   2463320   4551392        20       168
07:34:51 PM    416792    319908   7585912     95.95        28     65164   8418308     30.63   2469836   4551700        24       168
07:34:56 PM    412760    315968   7589852     96.00        28     65260   8418308     30.63   2470020   4551704        96       168
07:35:01 PM    404008    308760   7597060     96.09        28     68496   8418308     30.63   2473024   4551796       268       168
07:35:06 PM    403940    308780   7597040     96.09        28     68536   8418308     30.63   2473172   4551828       300       168
07:35:11 PM    403940    308832   7596988     96.09        28     68568   8418308     30.63   2473232   4551876       296       168
07:35:16 PM    403940    308848   7596972     96.09        28     68564   8418308     30.63   2473232   4551908       292       168
07:35:21 PM    403940    308848   7596972     96.09        28     68612   8418308     30.63   2473232   4551908       168       168
07:35:26 PM    403940    308972   7596848     96.09        28     68900   8418308     30.63   2473232   4552156       120       168
07:35:31 PM    403940    309068   7596752     96.09        28     69052   8418308     30.63   2473232   4552348       144       168
07:35:36 PM    403940    309068   7596752     96.09        28     69056   8418308     30.63   2473232   4552348       168       168
07:35:41 PM    403940    309096   7596724     96.09        28     69060   8418308     30.63   2473236   4552404       172       168
07:35:46 PM    403940    309096   7596724     96.09        28     69060   8418308     30.63   2473236   4552404       172       168
07:35:51 PM    403940    309096   7596724     96.09        28     69060   8418308     30.63   2473236   4552404       172       168
07:35:56 PM    403700    308856   7596964     96.09        28     69060   8418308     30.63   2473236   4552404        28       168
07:36:01 PM    403448    308772   7597048     96.09        28     69396   8418308     30.63   2473244   4552740        28       168
07:36:06 PM    403448    308772   7597048     96.09        28     69492   8418308     30.63   2473244   4552740        96       168
07:36:11 PM    401952    307324   7598496     96.11        28     69492   8418308     30.63   2473248   4552836       116       168
07:36:16 PM    328040    233412   7672408     97.05        28     69492   8418308     30.63   2550488   4552836       116       168
07:36:21 PM    329604    234976   7670844     97.03        28     69492   8418308     30.63   2552544   4550780       116       168
07:36:26 PM    329532    234904   7670916     97.03        28     69492   8418308     30.63   2552544   4550780       116       168
07:36:31 PM    330456    235828   7669992     97.02        28     69492   8418308     30.63   2554716   4548596        20       168
07:36:36 PM    330204    235700   7670120     97.02        28     69748   8418564     30.63   2554720   4548844        20       168
07:36:41 PM    330944    236492   7669328     97.01        28     69844   8418564     30.63   2554804   4548872        96       168
07:36:46 PM    337340    243144   7662676     96.92        28     70704   8418564     30.63   2557384   4548872       116       168
Average:       937806    900104   7005716     88.61      1293    150469   7420652     27.00   4511252   2192760       112      2278
