Linux 7.0.9-arch2-1 (archlinux) 	05/25/2026 	_x86_64_	(4 CPU)

11:03:09 AM  %smem-10  %smem-60 %smem-300     %smem  %fmem-10  %fmem-60 %fmem-300     %fmem
11:03:14 AM      0.00      0.00      0.00      0.00      0.00      0.00      0.00      0.00
11:03:19 AM      0.00      0.00      0.00      0.00      0.00      0.00      0.00      0.00
11:03:24 AM      0.00      0.00      0.00      0.00      0.00      0.00      0.00      0.00
11:03:29 AM      0.00      0.00      0.00      0.00      0.00      0.00      0.00      0.00
11:03:34 AM      0.00      0.00      0.00      0.00      0.00      0.00      0.00      0.00
11:03:39 AM      0.00      0.00      0.00      0.00      0.00      0.00      0.00      0.00
11:03:44 AM      0.00      0.00      0.00      0.00      0.00      0.00      0.00      0.00
11:03:49 AM      0.00      0.00      0.00      0.00      0.00      0.00      0.00      0.00
11:03:54 AM      0.00      0.00      0.00      0.00      0.00      0.00      0.00      0.00
11:03:59 AM      0.00      0.00      0.00      0.00      0.00      0.00      0.00      0.00
11:04:04 AM      0.00      0.00      0.00      0.00      0.00      0.00      0.00      0.00
11:04:09 AM      0.00      0.00      0.00      0.00      0.00      0.00      0.00      0.00
11:04:14 AM      0.00      0.00      0.00      0.00      0.00      0.00      0.00      0.00
11:04:19 AM      0.00      0.00      0.00      0.00      0.00      0.00      0.00      0.00
11:04:24 AM      0.00      0.00      0.00      0.00      0.00      0.00      0.00      0.00
11:04:29 AM      0.00      0.00      0.00      0.00      0.00      0.00      0.00      0.00
11:04:34 AM      0.00      0.00      0.00      0.00      0.00      0.00      0.00      0.00
11:04:39 AM      0.00      0.00      0.00      0.00      0.00      0.00      0.00      0.00
11:04:44 AM      0.00      0.00      0.00      0.00      0.00      0.00      0.00      0.00
11:04:49 AM      0.00      0.00      0.00      0.00      0.00      0.00      0.00      0.00
11:04:54 AM      0.00      0.00      0.00      0.00      0.00      0.00      0.00      0.00
11:04:59 AM      0.00      0.00      0.00      0.00      0.00      0.00      0.00      0.00
11:05:04 AM      0.00      0.00      0.00      0.00      0.00      0.00      0.00      0.00
11:05:09 AM      0.00      0.00      0.00      0.00      0.00      0.00      0.00      0.00
11:05:14 AM      0.00      0.00      0.00      0.00      0.00      0.00      0.00      0.00
11:05:19 AM      0.00      0.00      0.00      0.00      0.00      0.00      0.00      0.00
11:05:24 AM      0.00      0.00      0.00      0.00      0.00      0.00      0.00      0.00
11:05:29 AM      0.00      0.00      0.00      0.00      0.00      0.00      0.00      0.00
11:05:34 AM      0.00      0.00      0.00      0.00      0.00      0.00      0.00      0.00
11:05:39 AM      0.00      0.00      0.00      0.00      0.00      0.00      0.00      0.00
11:05:44 AM      0.00      0.00      0.00      0.00      0.00      0.00      0.00      0.00
11:05:49 AM      0.00      0.00      0.00      0.00      0.00      0.00      0.00      0.00
11:05:54 AM      0.00      0.00      0.00      0.00      0.00      0.00      0.00      0.00
11:05:59 AM      0.00      0.00      0.00      0.00      0.00      0.00      0.00      0.00
11:06:04 AM      0.00      0.00      0.00      0.00      0.00      0.00      0.00      0.00
11:06:09 AM      0.00      0.00      0.00      0.00      0.00      0.00      0.00      0.00
11:06:14 AM      0.00      0.00      0.00      0.00      0.00      0.00      0.00      0.00
11:06:19 AM      0.00      0.00      0.00      0.00      0.00      0.00      0.00      0.00
11:06:24 AM      0.00      0.00      0.00      0.00      0.00      0.00      0.00      0.00
11:06:29 AM      0.00      0.00      0.00      0.00      0.00      0.00      0.00      0.00
11:06:34 AM      0.00      0.00      0.00      0.00      0.00      0.00      0.00      0.00
11:06:39 AM      0.00      0.00      0.00      0.00      0.00      0.00      0.00      0.00
11:06:44 AM      0.00      0.00      0.00      0.00      0.00      0.00      0.00      0.00
11:06:49 AM      0.00      0.00      0.00      0.00      0.00      0.00      0.00      0.00
11:06:54 AM      0.00      0.00      0.00      0.00      0.00      0.00      0.00      0.00
11:06:59 AM      0.00      0.00      0.00      0.00      0.00      0.00      0.00      0.00
11:07:04 AM      0.00      0.00      0.00      0.00      0.00      0.00      0.00      0.00
11:07:09 AM      0.00      0.00      0.00      0.00      0.00      0.00      0.00      0.00
11:07:14 AM      0.00      0.00      0.00      0.00      0.00      0.00      0.00      0.00
11:07:19 AM      0.00      0.00      0.00      0.00      0.00      0.00      0.00      0.00
11:07:24 AM      0.00      0.00      0.00      0.00      0.00      0.00      0.00      0.00
11:07:29 AM      0.00      0.00      0.00      0.00      0.00      0.00      0.00      0.00
11:07:34 AM      0.00      0.00      0.00      0.00      0.00      0.00      0.00      0.00
11:07:39 AM      0.00      0.00      0.00      0.00      0.00      0.00      0.00      0.00
11:07:44 AM      0.00      0.00      0.00      0.00      0.00      0.00      0.00      0.00
11:07:49 AM      0.00      0.00      0.00      0.00      0.00      0.00      0.00      0.00
11:07:54 AM      0.00      0.00      0.00      0.00      0.00      0.00      0.00      0.00
11:07:59 AM      0.00      0.00      0.00      0.00      0.00      0.00      0.00      0.00
11:08:04 AM      0.00      0.00      0.00      0.00      0.00      0.00      0.00      0.00
11:08:09 AM      0.00      0.00      0.00      0.00      0.00      0.00      0.00      0.00
11:08:14 AM      0.00      0.00      0.00      0.00      0.00      0.00      0.00      0.00
11:08:19 AM      0.00      0.00      0.00      0.00      0.00      0.00      0.00      0.00
11:08:24 AM      0.00      0.00      0.00      0.00      0.00      0.00      0.00      0.00
11:08:29 AM      0.00      0.00      0.00      0.00      0.00      0.00      0.00      0.00
11:08:34 AM      0.00      0.00      0.00      0.00      0.00      0.00      0.00      0.00
11:08:39 AM      0.00      0.00      0.00      0.00      0.00      0.00      0.00      0.00
11:08:44 AM      0.00      0.00      0.00      0.00      0.00      0.00      0.00      0.00
11:08:49 AM      0.00      0.00      0.00      0.00      0.00      0.00      0.00      0.00
11:08:54 AM      0.00      0.00      0.00      0.00      0.00      0.00      0.00      0.00
11:08:59 AM      0.00      0.00      0.00      0.00      0.00      0.00      0.00      0.00
11:09:04 AM      0.00      0.00      0.00      0.00      0.00      0.00      0.00      0.00
11:09:09 AM      0.00      0.00      0.00      0.00      0.00      0.00      0.00      0.00
11:09:14 AM      0.00      0.00      0.00      0.00      0.00      0.00      0.00      0.00
11:09:19 AM      0.00      0.00      0.00      0.00      0.00      0.00      0.00      0.00
11:09:24 AM      0.00      0.00      0.00      0.00      0.00      0.00      0.00      0.00
11:09:29 AM      0.00      0.00      0.00      0.00      0.00      0.00      0.00      0.00
11:09:34 AM      0.00      0.00      0.00      0.00      0.00      0.00      0.00      0.00
11:09:39 AM      0.00      0.00      0.00      0.00      0.00      0.00      0.00      0.00
11:09:44 AM      0.00      0.00      0.00      0.00      0.00      0.00      0.00      0.00
11:09:49 AM      0.00      0.00      0.00      0.00      0.00      0.00      0.00      0.00
11:09:54 AM      0.00      0.00      0.00      0.00      0.00      0.00      0.00      0.00
11:09:59 AM      0.00      0.00      0.00      0.00      0.00      0.00      0.00      0.00
11:10:04 AM      0.00      0.00      0.00      0.00      0.00      0.00      0.00      0.00
11:10:09 AM      0.00      0.00      0.00      0.00      0.00      0.00      0.00      0.00
11:10:14 AM      0.00      0.00      0.00      0.00      0.00      0.00      0.00      0.00
11:10:19 AM      0.00      0.00      0.00      0.00      0.00      0.00      0.00      0.00
11:10:24 AM      0.00      0.00      0.00      0.00      0.00      0.00      0.00      0.00
11:10:29 AM      0.00      0.00      0.00      0.00      0.00      0.00      0.00      0.00
11:10:34 AM      0.00      0.00      0.00      0.00      0.00      0.00      0.00      0.00
11:10:39 AM      0.00      0.00      0.00      0.00      0.00      0.00      0.00      0.00
11:10:44 AM      0.00      0.00      0.00      0.00      0.00      0.00      0.00      0.00
11:10:49 AM      0.00      0.00      0.00      0.00      0.00      0.00      0.00      0.00
11:10:54 AM      0.00      0.00      0.00      0.00      0.00      0.00      0.00      0.00
11:10:59 AM      0.00      0.00      0.00      0.00      0.00      0.00      0.00      0.00
11:11:04 AM      0.00      0.00      0.00      0.00      0.00      0.00      0.00      0.00
11:11:09 AM      0.00      0.00      0.00      0.00      0.00      0.00      0.00      0.00
11:11:14 AM      0.00      0.00      0.00      0.00      0.00      0.00      0.00      0.00
11:11:19 AM      0.00      0.00      0.00      0.00      0.00      0.00      0.00      0.00
11:11:24 AM      0.00      0.00      0.00      0.00      0.00      0.00      0.00      0.00
11:11:29 AM      0.00      0.00      0.00      0.00      0.00      0.00      0.00      0.00
11:11:34 AM      0.00      0.00      0.00      0.00      0.00      0.00      0.00      0.00
11:11:39 AM      0.00      0.00      0.00      0.00      0.00      0.00      0.00      0.00
11:11:44 AM      0.00      0.00      0.00      0.00      0.00      0.00      0.00      0.00
11:11:49 AM      0.00      0.00      0.00      0.00      0.00      0.00      0.00      0.00
11:11:54 AM      0.00      0.00      0.00      0.00      0.00      0.00      0.00      0.00
11:11:59 AM      0.00      0.00      0.00      0.00      0.00      0.00      0.00      0.00
11:12:04 AM      0.00      0.00      0.00      0.00      0.00      0.00      0.00      0.00
11:12:09 AM      0.00      0.00      0.00      0.00      0.00      0.00      0.00      0.00
11:12:14 AM      0.00      0.00      0.00      0.00      0.00      0.00      0.00      0.00
11:12:19 AM      0.00      0.00      0.00      0.00      0.00      0.00      0.00      0.00
11:12:24 AM      0.00      0.00      0.00      0.00      0.00      0.00      0.00      0.00
11:12:29 AM      0.00      0.00      0.00      0.00      0.00      0.00      0.00      0.00
11:12:34 AM      0.00      0.00      0.00      0.00      0.00      0.00      0.00      0.00
11:12:39 AM      0.00      0.00      0.00      0.00      0.00      0.00      0.00      0.00
11:12:44 AM      0.00      0.00      0.00      0.00      0.00      0.00      0.00      0.00
11:12:49 AM      0.00      0.00      0.00      0.00      0.00      0.00      0.00      0.00
11:12:54 AM      0.00      0.00      0.00      0.00      0.00      0.00      0.00      0.00
11:12:59 AM      0.00      0.00      0.00      0.00      0.00      0.00      0.00      0.00
11:13:04 AM      0.00      0.00      0.00      0.00      0.00      0.00      0.00      0.00
11:13:09 AM      0.00      0.00      0.00      0.00      0.00      0.00      0.00      0.00
11:13:14 AM      0.00      0.00      0.00      0.00      0.00      0.00      0.00      0.00
11:13:19 AM      0.00      0.00      0.00      0.00      0.00      0.00      0.00      0.00
11:13:24 AM      0.00      0.00      0.00      0.00      0.00      0.00      0.00      0.00
11:13:29 AM      0.00      0.00      0.00      0.00      0.00      0.00      0.00      0.00
11:13:34 AM      0.00      0.00      0.00      0.00      0.00      0.00      0.00      0.00
11:13:39 AM      0.00      0.00      0.00      0.00      0.00      0.00      0.00      0.00
11:13:44 AM      0.00      0.00      0.00      0.00      0.00      0.00      0.00      0.00
11:13:49 AM      0.00      0.00      0.00      0.00      0.00      0.00      0.00      0.00
11:13:54 AM      0.00      0.00      0.00      0.00      0.00      0.00      0.00      0.00
11:13:59 AM      0.00      0.00      0.00      0.00      0.00      0.00      0.00      0.00
11:14:04 AM      0.00      0.00      0.00      0.00      0.00      0.00      0.00      0.00
11:14:09 AM      0.00      0.00      0.00      0.00      0.00      0.00      0.00      0.00
11:14:14 AM      0.00      0.00      0.00      0.00      0.00      0.00      0.00      0.00
11:14:19 AM      0.00      0.00      0.00      0.00      0.00      0.00      0.00      0.00
11:14:24 AM      0.00      0.00      0.00      0.00      0.00      0.00      0.00      0.00
11:14:29 AM      0.00      0.00      0.00      0.00      0.00      0.00      0.00      0.00
11:14:34 AM      0.00      0.00      0.00      0.00      0.00      0.00      0.00      0.00
11:14:39 AM      0.00      0.00      0.00      0.00      0.00      0.00      0.00      0.00
11:14:44 AM      0.00      0.00      0.00      0.00      0.00      0.00      0.00      0.00
11:14:49 AM      0.00      0.00      0.00      0.00      0.00      0.00      0.00      0.00
11:14:54 AM      0.00      0.00      0.00      0.00      0.00      0.00      0.00      0.00
11:14:59 AM      0.00      0.00      0.00      0.00      0.00      0.00      0.00      0.00
11:15:04 AM      0.00      0.00      0.00      0.00      0.00      0.00      0.00      0.00
11:15:09 AM      0.00      0.00      0.00      0.00      0.00      0.00      0.00      0.00
11:15:14 AM      0.00      0.00      0.00      0.00      0.00      0.00      0.00      0.00
11:15:19 AM      0.00      0.00      0.00      0.00      0.00      0.00      0.00      0.00
11:15:24 AM      0.00      0.00      0.00      0.00      0.00      0.00      0.00      0.00
11:15:29 AM      0.00      0.00      0.00      0.00      0.00      0.00      0.00      0.00
11:15:34 AM      0.00      0.00      0.00      0.00      0.00      0.00      0.00      0.00
11:15:39 AM      0.00      0.00      0.00      0.00      0.00      0.00      0.00      0.00
11:15:44 AM      0.00      0.00      0.00      0.00      0.00      0.00      0.00      0.00
11:15:49 AM      0.00      0.00      0.00      0.00      0.00      0.00      0.00      0.00
11:15:54 AM      0.00      0.00      0.00      0.00      0.00      0.00      0.00      0.00
11:15:59 AM      0.00      0.00      0.00      0.00      0.00      0.00      0.00      0.00
11:16:04 AM      0.00      0.00      0.00      0.00      0.00      0.00      0.00      0.00
11:16:09 AM      0.00      0.00      0.00      0.00      0.00      0.00      0.00      0.00
11:16:14 AM      0.00      0.00      0.00      0.00      0.00      0.00      0.00      0.00
11:16:19 AM      0.00      0.00      0.00      0.00      0.00      0.00      0.00      0.00
11:16:24 AM      0.00      0.00      0.00      0.00      0.00      0.00      0.00      0.00
11:16:29 AM      0.00      0.00      0.00      0.00      0.00      0.00      0.00      0.00
11:16:34 AM      0.00      0.00      0.00      0.00      0.00      0.00      0.00      0.00
11:16:39 AM      0.00      0.00      0.00      0.00      0.00      0.00      0.00      0.00
11:16:44 AM      0.00      0.00      0.00      0.00      0.00      0.00      0.00      0.00
11:16:49 AM      0.00      0.00      0.00      0.00      0.00      0.00      0.00      0.00
11:16:54 AM      0.00      0.00      0.00      0.00      0.00      0.00      0.00      0.00
11:16:59 AM      0.00      0.00      0.00      0.00      0.00      0.00      0.00      0.00
11:17:04 AM      0.00      0.00      0.00      0.00      0.00      0.00      0.00      0.00
11:17:09 AM      0.00      0.00      0.00      0.00      0.00      0.00      0.00      0.00
11:17:14 AM      0.00      0.00      0.00      0.00      0.00      0.00      0.00      0.00
11:17:19 AM      0.00      0.00      0.00      0.00      0.00      0.00      0.00      0.00
11:17:24 AM      0.00      0.00      0.00      0.00      0.00      0.00      0.00      0.00
11:17:29 AM      0.00      0.00      0.00      0.00      0.00      0.00      0.00      0.00
11:17:34 AM      0.00      0.00      0.00      0.00      0.00      0.00      0.00      0.00
11:17:39 AM      0.00      0.00      0.00      0.00      0.00      0.00      0.00      0.00
11:17:44 AM      0.00      0.00      0.00      0.00      0.00      0.00      0.00      0.00
11:17:49 AM      0.00      0.00      0.00      0.00      0.00      0.00      0.00      0.00
11:17:54 AM      0.00      0.00      0.00      0.00      0.00      0.00      0.00      0.00
11:17:59 AM      0.00      0.00      0.00      0.00      0.00      0.00      0.00      0.00
11:18:04 AM      0.00      0.00      0.00      0.00      0.00      0.00      0.00      0.00
11:18:09 AM      0.00      0.00      0.00      0.00      0.00      0.00      0.00      0.00
11:18:14 AM      0.00      0.00      0.00      0.00      0.00      0.00      0.00      0.00
11:18:19 AM      0.00      0.00      0.00      0.00      0.00      0.00      0.00      0.00
11:18:24 AM      0.00      0.00      0.00      0.00      0.00      0.00      0.00      0.00
11:18:29 AM      0.00      0.00      0.00      0.00      0.00      0.00      0.00      0.00
11:18:34 AM      0.00      0.00      0.00      0.00      0.00      0.00      0.00      0.00
11:18:39 AM      0.00      0.00      0.00      0.00      0.00      0.00      0.00      0.00
11:18:44 AM      0.00      0.00      0.00      0.00      0.00      0.00      0.00      0.00
11:18:49 AM      0.00      0.00      0.00      0.00      0.00      0.00      0.00      0.00
11:18:54 AM      0.00      0.00      0.00      0.00      0.00      0.00      0.00      0.00
11:18:59 AM      0.00      0.00      0.00      0.00      0.00      0.00      0.00      0.00
11:19:04 AM      0.00      0.00      0.00      0.00      0.00      0.00      0.00      0.00
11:19:09 AM      0.00      0.00      0.00      0.00      0.00      0.00      0.00      0.00
11:19:14 AM      0.00      0.00      0.00      0.00      0.00      0.00      0.00      0.00
11:19:19 AM      0.00      0.00      0.00      0.00      0.00      0.00      0.00      0.00
11:19:24 AM      0.00      0.00      0.00      0.00      0.00      0.00      0.00      0.00
11:19:29 AM      0.00      0.00      0.00      0.00      0.00      0.00      0.00      0.00
11:19:34 AM      0.00      0.00      0.00      0.00      0.00      0.00      0.00      0.00
11:19:39 AM      0.00      0.00      0.00      0.00      0.00      0.00      0.00      0.00
11:19:44 AM      0.00      0.00      0.00      0.00      0.00      0.00      0.00      0.00
11:19:49 AM      0.00      0.00      0.00      0.00      0.00      0.00      0.00      0.00
11:19:54 AM      0.00      0.00      0.00      0.00      0.00      0.00      0.00      0.00
11:19:59 AM      0.00      0.00      0.00      0.00      0.00      0.00      0.00      0.00
11:20:04 AM      0.00      0.00      0.00      0.00      0.00      0.00      0.00      0.00
11:20:09 AM      0.00      0.00      0.00      0.00      0.00      0.00      0.00      0.00
11:20:14 AM      0.00      0.00      0.00      0.00      0.00      0.00      0.00      0.00
11:20:19 AM      0.00      0.00      0.00      0.00      0.00      0.00      0.00      0.00
11:20:24 AM      0.00      0.00      0.00      0.00      0.00      0.00      0.00      0.00
11:20:29 AM      0.00      0.00      0.00      0.00      0.00      0.00      0.00      0.00
11:20:34 AM      0.00      0.00      0.00      0.00      0.00      0.00      0.00      0.00
11:20:39 AM      0.00      0.00      0.00      0.00      0.00      0.00      0.00      0.00
11:20:44 AM      0.00      0.00      0.00      0.00      0.00      0.00      0.00      0.00
11:20:49 AM      0.00      0.00      0.00      0.00      0.00      0.00      0.00      0.00
11:20:54 AM      0.00      0.00      0.00      0.00      0.00      0.00      0.00      0.00
11:20:59 AM      0.00      0.00      0.00      0.00      0.00      0.00      0.00      0.00
11:21:04 AM      0.00      0.00      0.00      0.00      0.00      0.00      0.00      0.00
11:21:09 AM      0.00      0.00      0.00      0.00      0.00      0.00      0.00      0.00
11:21:14 AM      0.00      0.00      0.00      0.00      0.00      0.00      0.00      0.00
11:21:19 AM      0.00      0.00      0.00      0.00      0.00      0.00      0.00      0.00
11:21:24 AM      0.00      0.00      0.00      0.00      0.00      0.00      0.00      0.00
11:21:29 AM      0.00      0.00      0.00      0.00      0.00      0.00      0.00      0.00
11:21:34 AM      0.00      0.00      0.00      0.00      0.00      0.00      0.00      0.00
11:21:39 AM      0.00      0.00      0.00      0.00      0.00      0.00      0.00      0.00
11:21:44 AM      0.00      0.00      0.00      0.00      0.00      0.00      0.00      0.00
11:21:49 AM      0.00      0.00      0.00      0.00      0.00      0.00      0.00      0.00
11:21:54 AM      0.00      0.00      0.00      0.00      0.00      0.00      0.00      0.00
11:21:59 AM      0.00      0.00      0.00      0.00      0.00      0.00      0.00      0.00
11:22:04 AM      0.00      0.00      0.00      0.00      0.00      0.00      0.00      0.00
11:22:09 AM      0.00      0.00      0.00      0.00      0.00      0.00      0.00      0.00
11:22:14 AM      0.00      0.00      0.00      0.00      0.00      0.00      0.00      0.00
11:22:19 AM      0.00      0.00      0.00      0.00      0.00      0.00      0.00      0.00
11:22:24 AM      0.00      0.00      0.00      0.00      0.00      0.00      0.00      0.00
11:22:29 AM      0.00      0.00      0.00      0.00      0.00      0.00      0.00      0.00
11:22:34 AM      0.00      0.00      0.00      0.00      0.00      0.00      0.00      0.00
11:22:39 AM      0.00      0.00      0.00      0.00      0.00      0.00      0.00      0.00
11:22:44 AM      0.00      0.00      0.00      0.00      0.00      0.00      0.00      0.00
11:22:49 AM      0.00      0.00      0.00      0.00      0.00      0.00      0.00      0.00
11:22:54 AM      0.00      0.00      0.00      0.00      0.00      0.00      0.00      0.00
11:22:59 AM      0.00      0.00      0.00      0.00      0.00      0.00      0.00      0.00
11:23:04 AM      0.00      0.00      0.00      0.00      0.00      0.00      0.00      0.00
11:23:09 AM      0.00      0.00      0.00      0.00      0.00      0.00      0.00      0.00
11:23:14 AM      0.00      0.00      0.00      0.00      0.00      0.00      0.00      0.00
11:23:19 AM      0.00      0.00      0.00      0.00      0.00      0.00      0.00      0.00
11:23:24 AM      0.00      0.00      0.00      0.00      0.00      0.00      0.00      0.00
11:23:29 AM      0.00      0.00      0.00      0.00      0.00      0.00      0.00      0.00
11:23:34 AM      0.00      0.00      0.00      0.00      0.00      0.00      0.00      0.00
11:23:39 AM      0.00      0.00      0.00      0.00      0.00      0.00      0.00      0.00
11:23:44 AM      0.00      0.00      0.00      0.00      0.00      0.00      0.00      0.00
11:23:49 AM      0.00      0.00      0.00      0.00      0.00      0.00      0.00      0.00
11:23:54 AM      0.00      0.00      0.00      0.00      0.00      0.00      0.00      0.00
11:23:59 AM      0.00      0.00      0.00      0.00      0.00      0.00      0.00      0.00
11:24:04 AM      0.00      0.00      0.00      0.00      0.00      0.00      0.00      0.00
11:24:09 AM      0.00      0.00      0.00      0.00      0.00      0.00      0.00      0.00
11:24:14 AM      0.00      0.00      0.00      0.00      0.00      0.00      0.00      0.00
11:24:19 AM      0.00      0.00      0.00      0.00      0.00      0.00      0.00      0.00
11:24:24 AM      0.00      0.00      0.00      0.00      0.00      0.00      0.00      0.00
11:24:29 AM      0.00      0.00      0.00      0.00      0.00      0.00      0.00      0.00
11:24:34 AM      0.00      0.00      0.00      0.00      0.00      0.00      0.00      0.00
11:24:39 AM      0.00      0.00      0.00      0.00      0.00      0.00      0.00      0.00
11:24:44 AM      0.00      0.00      0.00      0.00      0.00      0.00      0.00      0.00
11:24:49 AM      0.00      0.00      0.00      0.00      0.00      0.00      0.00      0.00
11:24:54 AM      0.00      0.00      0.00      0.00      0.00      0.00      0.00      0.00
11:24:59 AM      0.00      0.00      0.00      0.00      0.00      0.00      0.00      0.00
11:25:04 AM      0.00      0.00      0.00      0.00      0.00      0.00      0.00      0.00
11:25:09 AM      0.00      0.00      0.00      0.00      0.00      0.00      0.00      0.00
11:25:14 AM      0.00      0.00      0.00      0.00      0.00      0.00      0.00      0.00
11:25:19 AM      0.00      0.00      0.00      0.00      0.00      0.00      0.00      0.00
11:25:24 AM      0.00      0.00      0.00      0.00      0.00      0.00      0.00      0.00
11:25:29 AM      0.00      0.00      0.00      0.00      0.00      0.00      0.00      0.00
11:25:34 AM      0.00      0.00      0.00      0.00      0.00      0.00      0.00      0.00
11:25:39 AM      0.00      0.00      0.00      0.00      0.00      0.00      0.00      0.00
11:25:44 AM      0.00      0.00      0.00      0.00      0.00      0.00      0.00      0.00
11:25:49 AM      0.00      0.00      0.00      0.00      0.00      0.00      0.00      0.00
11:25:54 AM      0.00      0.00      0.00      0.00      0.00      0.00      0.00      0.00
11:25:59 AM      0.00      0.00      0.00      0.00      0.00      0.00      0.00      0.00
11:26:04 AM      0.00      0.00      0.00      0.00      0.00      0.00      0.00      0.00
11:26:09 AM      0.00      0.00      0.00      0.00      0.00      0.00      0.00      0.00
11:26:14 AM      0.00      0.00      0.00      0.00      0.00      0.00      0.00      0.00
11:26:19 AM      0.00      0.00      0.00      0.00      0.00      0.00      0.00      0.00
11:26:24 AM      0.00      0.00      0.00      0.00      0.00      0.00      0.00      0.00
11:26:29 AM      0.00      0.00      0.00      0.00      0.00      0.00      0.00      0.00
11:26:34 AM      0.00      0.00      0.00      0.00      0.00      0.00      0.00      0.00
11:26:39 AM      0.00      0.00      0.00      0.00      0.00      0.00      0.00      0.00
11:26:44 AM      0.00      0.00      0.00      0.00      0.00      0.00      0.00      0.00
11:26:49 AM      0.00      0.00      0.00      0.00      0.00      0.00      0.00      0.00
11:26:54 AM      0.00      0.00      0.00      0.00      0.00      0.00      0.00      0.00
11:26:59 AM      0.00      0.00      0.00      0.00      0.00      0.00      0.00      0.00
11:27:04 AM      0.00      0.00      0.00      0.00      0.00      0.00      0.00      0.00
11:27:09 AM      0.00      0.00      0.00      0.00      0.00      0.00      0.00      0.00
11:27:14 AM      0.00      0.00      0.00      0.00      0.00      0.00      0.00      0.00
11:27:19 AM      0.00      0.00      0.00      0.00      0.00      0.00      0.00      0.00
11:27:24 AM      0.00      0.00      0.00      0.00      0.00      0.00      0.00      0.00
11:27:29 AM      0.00      0.00      0.00      0.00      0.00      0.00      0.00      0.00
11:27:34 AM      0.00      0.00      0.00      0.00      0.00      0.00      0.00      0.00
11:27:39 AM      0.00      0.00      0.00      0.00      0.00      0.00      0.00      0.00
11:27:44 AM      0.00      0.00      0.00      0.00      0.00      0.00      0.00      0.00
11:27:49 AM      0.00      0.00      0.00      0.00      0.00      0.00      0.00      0.00
11:27:54 AM      0.00      0.00      0.00      0.00      0.00      0.00      0.00      0.00
11:27:59 AM      0.00      0.00      0.00      0.00      0.00      0.00      0.00      0.00
11:28:04 AM      0.00      0.00      0.00      0.00      0.00      0.00      0.00      0.00
11:28:09 AM      0.00      0.00      0.00      0.00      0.00      0.00      0.00      0.00
11:28:14 AM      0.00      0.00      0.00      0.00      0.00      0.00      0.00      0.00
11:28:19 AM      0.00      0.00      0.00      0.00      0.00      0.00      0.00      0.00
11:28:24 AM      0.00      0.00      0.00      0.00      0.00      0.00      0.00      0.00
11:28:29 AM      0.00      0.00      0.00      0.00      0.00      0.00      0.00      0.00
11:28:34 AM      0.00      0.00      0.00      0.00      0.00      0.00      0.00      0.00
11:28:39 AM      0.00      0.00      0.00      0.00      0.00      0.00      0.00      0.00
11:28:44 AM      0.00      0.00      0.00      0.00      0.00      0.00      0.00      0.00
11:28:49 AM      0.00      0.00      0.00      0.00      0.00      0.00      0.00      0.00
11:28:54 AM      0.00      0.00      0.00      0.00      0.00      0.00      0.00      0.00
11:28:59 AM      0.00      0.00      0.00      0.00      0.00      0.00      0.00      0.00
11:29:04 AM      0.00      0.00      0.00      0.00      0.00      0.00      0.00      0.00
11:29:09 AM      0.00      0.00      0.00      0.00      0.00      0.00      0.00      0.00
11:29:14 AM      0.00      0.00      0.00      0.00      0.00      0.00      0.00      0.00
11:29:19 AM      0.00      0.00      0.00      0.00      0.00      0.00      0.00      0.00
11:29:24 AM      0.00      0.00      0.00      0.00      0.00      0.00      0.00      0.00
11:29:29 AM      0.00      0.00      0.00      0.00      0.00      0.00      0.00      0.00
11:29:34 AM      0.00      0.00      0.00      0.00      0.00      0.00      0.00      0.00
11:29:39 AM      0.00      0.00      0.00      0.00      0.00      0.00      0.00      0.00
11:29:44 AM      0.00      0.00      0.00      0.00      0.00      0.00      0.00      0.00
11:29:49 AM      0.00      0.00      0.00      0.00      0.00      0.00      0.00      0.00
11:29:54 AM      0.00      0.00      0.00      0.00      0.00      0.00      0.00      0.00
11:29:59 AM      0.00      0.00      0.00      0.00      0.00      0.00      0.00      0.00
11:30:04 AM      0.00      0.00      0.00      0.00      0.00      0.00      0.00      0.00
11:30:09 AM      0.00      0.00      0.00      0.00      0.00      0.00      0.00      0.00
11:30:14 AM      0.00      0.00      0.00      0.00      0.00      0.00      0.00      0.00
11:30:19 AM      0.00      0.00      0.00      0.00      0.00      0.00      0.00      0.00
11:30:24 AM      0.00      0.00      0.00      0.00      0.00      0.00      0.00      0.00
11:30:29 AM      0.00      0.00      0.00      0.00      0.00      0.00      0.00      0.00
11:30:34 AM      0.00      0.00      0.00      0.00      0.00      0.00      0.00      0.00
11:30:39 AM      0.00      0.00      0.00      0.00      0.00      0.00      0.00      0.00
11:30:44 AM      0.00      0.00      0.00      0.00      0.00      0.00      0.00      0.00
11:30:49 AM      0.00      0.00      0.00      0.00      0.00      0.00      0.00      0.00
11:30:54 AM      0.00      0.00      0.00      0.00      0.00      0.00      0.00      0.00
11:30:59 AM      0.00      0.00      0.00      0.00      0.00      0.00      0.00      0.00
11:31:04 AM      0.00      0.00      0.00      0.00      0.00      0.00      0.00      0.00
11:31:09 AM      0.00      0.00      0.00      0.00      0.00      0.00      0.00      0.00
11:31:14 AM      0.00      0.00      0.00      0.00      0.00      0.00      0.00      0.00
11:31:19 AM      0.00      0.00      0.00      0.00      0.00      0.00      0.00      0.00
11:31:24 AM      0.00      0.00      0.00      0.00      0.00      0.00      0.00      0.00
11:31:29 AM      0.00      0.00      0.00      0.00      0.00      0.00      0.00      0.00
11:31:34 AM      0.00      0.00      0.00      0.00      0.00      0.00      0.00      0.00
11:31:39 AM      0.00      0.00      0.00      0.00      0.00      0.00      0.00      0.00
11:31:44 AM      0.00      0.00      0.00      0.00      0.00      0.00      0.00      0.00
11:31:49 AM      0.00      0.00      0.00      0.00      0.00      0.00      0.00      0.00
11:31:54 AM      0.00      0.00      0.00      0.00      0.00      0.00      0.00      0.00
11:31:59 AM      0.00      0.00      0.00      0.00      0.00      0.00      0.00      0.00
11:32:04 AM      0.00      0.00      0.00      0.00      0.00      0.00      0.00      0.00
11:32:09 AM      0.00      0.00      0.00      0.00      0.00      0.00      0.00      0.00
11:32:14 AM      0.00      0.00      0.00      0.00      0.00      0.00      0.00      0.00
11:32:19 AM      0.00      0.00      0.00      0.00      0.00      0.00      0.00      0.00
11:32:24 AM      0.00      0.00      0.00      0.00      0.00      0.00      0.00      0.00
11:32:29 AM      0.00      0.00      0.00      0.00      0.00      0.00      0.00      0.00
11:32:34 AM      0.00      0.00      0.00      0.00      0.00      0.00      0.00      0.00
11:32:39 AM      0.00      0.00      0.00      0.00      0.00      0.00      0.00      0.00
11:32:44 AM      0.00      0.00      0.00      0.00      0.00      0.00      0.00      0.00
11:32:49 AM      0.00      0.00      0.00      0.00      0.00      0.00      0.00      0.00
11:32:54 AM      0.00      0.00      0.00      0.00      0.00      0.00      0.00      0.00
11:32:59 AM      0.00      0.00      0.00      0.00      0.00      0.00      0.00      0.00
11:33:04 AM      0.00      0.00      0.00      0.00      0.00      0.00      0.00      0.00
11:33:09 AM      0.00      0.00      0.00      0.00      0.00      0.00      0.00      0.00
11:33:14 AM      0.00      0.00      0.00      0.00      0.00      0.00      0.00      0.00
11:33:19 AM      0.00      0.00      0.00      0.00      0.00      0.00      0.00      0.00
11:33:24 AM      0.00      0.00      0.00      0.00      0.00      0.00      0.00      0.00
11:33:29 AM      0.00      0.00      0.00      0.00      0.00      0.00      0.00      0.00
11:33:34 AM      0.00      0.00      0.00      0.00      0.00      0.00      0.00      0.00
11:33:39 AM      0.00      0.00      0.00      0.00      0.00      0.00      0.00      0.00
11:33:44 AM      0.00      0.00      0.00      0.00      0.00      0.00      0.00      0.00
11:33:49 AM      0.00      0.00      0.00      0.00      0.00      0.00      0.00      0.00
11:33:54 AM      0.00      0.00      0.00      0.00      0.00      0.00      0.00      0.00
11:33:59 AM      0.00      0.00      0.00      0.00      0.00      0.00      0.00      0.00
11:34:04 AM      0.00      0.00      0.00      0.00      0.00      0.00      0.00      0.00
11:34:09 AM      0.00      0.00      0.00      0.00      0.00      0.00      0.00      0.00
11:34:14 AM      0.00      0.00      0.00      0.00      0.00      0.00      0.00      0.00
11:34:19 AM      0.00      0.00      0.00      0.00      0.00      0.00      0.00      0.00
11:34:24 AM      0.00      0.00      0.00      0.00      0.00      0.00      0.00      0.00
11:34:29 AM      0.00      0.00      0.00      0.00      0.00      0.00      0.00      0.00
11:34:34 AM      0.00      0.00      0.00      0.00      0.00      0.00      0.00      0.00
11:34:39 AM      0.00      0.00      0.00      0.00      0.00      0.00      0.00      0.00
11:34:44 AM      0.00      0.00      0.00      0.00      0.00      0.00      0.00      0.00
11:34:49 AM      0.00      0.00      0.00      0.00      0.00      0.00      0.00      0.00
11:34:54 AM      0.00      0.00      0.00      0.00      0.00      0.00      0.00      0.00
11:34:59 AM      0.00      0.00      0.00      0.00      0.00      0.00      0.00      0.00
11:35:04 AM      0.00      0.00      0.00      0.00      0.00      0.00      0.00      0.00
11:35:09 AM      0.00      0.00      0.00      0.00      0.00      0.00      0.00      0.00
11:35:14 AM      0.00      0.00      0.00      0.00      0.00      0.00      0.00      0.00
11:35:19 AM      0.00      0.00      0.00      0.00      0.00      0.00      0.00      0.00
11:35:24 AM      0.00      0.00      0.00      0.00      0.00      0.00      0.00      0.00
11:35:29 AM      0.00      0.00      0.00      0.00      0.00      0.00      0.00      0.00
11:35:34 AM      0.00      0.00      0.00      0.00      0.00      0.00      0.00      0.00
11:35:39 AM      0.00      0.00      0.00      0.00      0.00      0.00      0.00      0.00
11:35:44 AM      0.00      0.00      0.00      0.00      0.00      0.00      0.00      0.00
11:35:49 AM      0.00      0.00      0.00      0.00      0.00      0.00      0.00      0.00
11:35:54 AM      0.00      0.00      0.00      0.00      0.00      0.00      0.00      0.00
11:35:59 AM      0.00      0.00      0.00      0.00      0.00      0.00      0.00      0.00
11:36:04 AM      0.00      0.00      0.00      0.00      0.00      0.00      0.00      0.00
11:36:09 AM      0.00      0.00      0.00      0.00      0.00      0.00      0.00      0.00
11:36:14 AM      0.00      0.00      0.00      0.00      0.00      0.00      0.00      0.00
11:36:19 AM      0.00      0.00      0.00      0.00      0.00      0.00      0.00      0.00
11:36:24 AM      0.00      0.00      0.00      0.00      0.00      0.00      0.00      0.00
11:36:29 AM      0.00      0.00      0.00      0.00      0.00      0.00      0.00      0.00
11:36:34 AM      0.00      0.00      0.00      0.00      0.00      0.00      0.00      0.00
11:36:39 AM      0.00      0.00      0.00      0.00      0.00      0.00      0.00      0.00
11:36:44 AM      0.00      0.00      0.00      0.00      0.00      0.00      0.00      0.00
11:36:49 AM      0.00      0.00      0.00      0.00      0.00      0.00      0.00      0.00
11:36:54 AM      0.00      0.00      0.00      0.00      0.00      0.00      0.00      0.00
11:36:59 AM      0.00      0.00      0.00      0.00      0.00      0.00      0.00      0.00
11:37:04 AM      0.00      0.00      0.00      0.00      0.00      0.00      0.00      0.00
11:37:09 AM      0.00      0.00      0.00      0.00      0.00      0.00      0.00      0.00
11:37:14 AM      0.00      0.00      0.00      0.00      0.00      0.00      0.00      0.00
11:37:19 AM      0.00      0.00      0.00      0.00      0.00      0.00      0.00      0.00
11:37:24 AM      0.00      0.00      0.00      0.00      0.00      0.00      0.00      0.00
11:37:29 AM      0.00      0.00      0.00      0.00      0.00      0.00      0.00      0.00
11:37:34 AM      0.00      0.00      0.00      0.00      0.00      0.00      0.00      0.00
11:37:39 AM      0.00      0.00      0.00      0.00      0.00      0.00      0.00      0.00
11:37:44 AM      0.00      0.00      0.00      0.00      0.00      0.00      0.00      0.00
11:37:49 AM      0.00      0.00      0.00      0.00      0.00      0.00      0.00      0.00
11:37:54 AM      0.00      0.00      0.00      0.00      0.00      0.00      0.00      0.00
11:37:59 AM      0.00      0.00      0.00      0.00      0.00      0.00      0.00      0.00
11:38:04 AM      0.00      0.00      0.00      0.00      0.00      0.00      0.00      0.00
11:38:09 AM      0.00      0.00      0.00      0.00      0.00      0.00      0.00      0.00
11:38:14 AM      0.00      0.00      0.00      0.00      0.00      0.00      0.00      0.00
11:38:19 AM      0.00      0.00      0.00      0.00      0.00      0.00      0.00      0.00
11:38:24 AM      0.00      0.00      0.00      0.00      0.00      0.00      0.00      0.00
11:38:29 AM      0.00      0.00      0.00      0.00      0.00      0.00      0.00      0.00
11:38:34 AM      0.00      0.00      0.00      0.00      0.00      0.00      0.00      0.00
11:38:39 AM      0.00      0.00      0.00      0.00      0.00      0.00      0.00      0.00
11:38:44 AM      0.00      0.00      0.00      0.00      0.00      0.00      0.00      0.00
11:38:49 AM      0.00      0.00      0.00      0.00      0.00      0.00      0.00      0.00
11:38:54 AM      0.00      0.00      0.00      0.00      0.00      0.00      0.00      0.00
11:38:59 AM      0.00      0.00      0.00      0.00      0.00      0.00      0.00      0.00
11:39:04 AM      0.00      0.00      0.00      0.00      0.00      0.00      0.00      0.00
11:39:09 AM      0.00      0.00      0.00      0.00      0.00      0.00      0.00      0.00
11:39:14 AM      0.00      0.00      0.00      0.00      0.00      0.00      0.00      0.00
11:39:19 AM      0.00      0.00      0.00      0.00      0.00      0.00      0.00      0.00
11:39:24 AM      0.00      0.00      0.00      0.00      0.00      0.00      0.00      0.00
11:39:29 AM      0.00      0.00      0.00      0.00      0.00      0.00      0.00      0.00
11:39:34 AM      0.00      0.00      0.00      0.00      0.00      0.00      0.00      0.00
11:39:39 AM      0.00      0.00      0.00      0.00      0.00      0.00      0.00      0.00
11:39:44 AM      0.00      0.00      0.00      0.00      0.00      0.00      0.00      0.00
11:39:49 AM      0.00      0.00      0.00      0.00      0.00      0.00      0.00      0.00
11:39:54 AM      0.00      0.00      0.00      0.00      0.00      0.00      0.00      0.00
11:39:59 AM      0.00      0.00      0.00      0.00      0.00      0.00      0.00      0.00
11:40:04 AM      0.00      0.00      0.00      0.00      0.00      0.00      0.00      0.00
11:40:09 AM      0.00      0.00      0.00      0.00      0.00      0.00      0.00      0.00
11:40:14 AM      0.00      0.00      0.00      0.00      0.00      0.00      0.00      0.00
11:40:19 AM      0.00      0.00      0.00      0.00      0.00      0.00      0.00      0.00
11:40:24 AM      0.00      0.00      0.00      0.00      0.00      0.00      0.00      0.00
11:40:29 AM      0.00      0.00      0.00      0.00      0.00      0.00      0.00      0.00
11:40:34 AM      0.00      0.00      0.00      0.00      0.00      0.00      0.00      0.00
11:40:39 AM      0.00      0.00      0.00      0.00      0.00      0.00      0.00      0.00
11:40:44 AM      0.00      0.00      0.00      0.00      0.00      0.00      0.00      0.00
11:40:49 AM      0.00      0.00      0.00      0.00      0.00      0.00      0.00      0.00
11:40:54 AM      0.00      0.00      0.00      0.00      0.00      0.00      0.00      0.00
11:40:59 AM      0.00      0.00      0.00      0.00      0.00      0.00      0.00      0.00
11:41:04 AM      0.00      0.00      0.00      0.00      0.00      0.00      0.00      0.00
11:41:09 AM      0.00      0.00      0.00      0.00      0.00      0.00      0.00      0.00
11:41:14 AM      0.00      0.00      0.00      0.00      0.00      0.00      0.00      0.00
11:41:19 AM      0.00      0.00      0.00      0.00      0.00      0.00      0.00      0.00
11:41:24 AM      0.00      0.00      0.00      0.00      0.00      0.00      0.00      0.00
11:41:29 AM      0.00      0.00      0.00      0.00      0.00      0.00      0.00      0.00
11:41:34 AM      0.00      0.00      0.00      0.00      0.00      0.00      0.00      0.00
11:41:39 AM      0.00      0.00      0.00      0.00      0.00      0.00      0.00      0.00
11:41:44 AM      0.00      0.00      0.00      0.00      0.00      0.00      0.00      0.00
11:41:49 AM      0.00      0.00      0.00      0.00      0.00      0.00      0.00      0.00
11:41:54 AM      0.00      0.00      0.00      0.00      0.00      0.00      0.00      0.00
11:41:59 AM      0.00      0.00      0.00      0.00      0.00      0.00      0.00      0.00
11:42:04 AM      0.00      0.00      0.00      0.00      0.00      0.00      0.00      0.00
11:42:09 AM      0.00      0.00      0.00      0.00      0.00      0.00      0.00      0.00
11:42:14 AM      0.00      0.00      0.00      0.00      0.00      0.00      0.00      0.00
11:42:19 AM      0.00      0.00      0.00      0.00      0.00      0.00      0.00      0.00
11:42:24 AM      0.00      0.00      0.00      0.00      0.00      0.00      0.00      0.00
11:42:29 AM      0.00      0.00      0.00      0.00      0.00      0.00      0.00      0.00
11:42:34 AM      0.00      0.00      0.00      0.00      0.00      0.00      0.00      0.00
11:42:39 AM      0.00      0.00      0.00      0.00      0.00      0.00      0.00      0.00
11:42:44 AM      0.00      0.00      0.00      0.00      0.00      0.00      0.00      0.00
11:42:49 AM      0.00      0.00      0.00      0.00      0.00      0.00      0.00      0.00
11:42:54 AM      0.00      0.00      0.00      0.00      0.00      0.00      0.00      0.00
11:42:59 AM      0.00      0.00      0.00      0.00      0.00      0.00      0.00      0.00
11:43:04 AM      0.00      0.00      0.00      0.00      0.00      0.00      0.00      0.00
11:43:09 AM      0.00      0.00      0.00      0.00      0.00      0.00      0.00      0.00
11:43:14 AM      0.00      0.00      0.00      0.00      0.00      0.00      0.00      0.00
11:43:19 AM      0.00      0.00      0.00      0.00      0.00      0.00      0.00      0.00
11:43:24 AM      0.00      0.00      0.00      0.00      0.00      0.00      0.00      0.00
11:43:29 AM      0.00      0.00      0.00      0.00      0.00      0.00      0.00      0.00
11:43:34 AM      0.00      0.00      0.00      0.00      0.00      0.00      0.00      0.00
11:43:39 AM      0.00      0.00      0.00      0.00      0.00      0.00      0.00      0.00
11:43:44 AM      0.00      0.00      0.00      0.00      0.00      0.00      0.00      0.00
11:43:49 AM      0.00      0.00      0.00      0.00      0.00      0.00      0.00      0.00
11:43:54 AM      0.00      0.00      0.00      0.00      0.00      0.00      0.00      0.00
11:43:59 AM      0.00      0.00      0.00      0.00      0.00      0.00      0.00      0.00
11:44:04 AM      0.00      0.00      0.00      0.00      0.00      0.00      0.00      0.00
11:44:09 AM      0.00      0.00      0.00      0.00      0.00      0.00      0.00      0.00
11:44:14 AM      0.00      0.00      0.00      0.00      0.00      0.00      0.00      0.00
11:44:19 AM      0.00      0.00      0.00      0.00      0.00      0.00      0.00      0.00
11:44:24 AM      0.00      0.00      0.00      0.00      0.00      0.00      0.00      0.00
11:44:29 AM      0.00      0.00      0.00      0.00      0.00      0.00      0.00      0.00
11:44:34 AM      0.00      0.00      0.00      0.00      0.00      0.00      0.00      0.00
11:44:39 AM      0.00      0.00      0.00      0.00      0.00      0.00      0.00      0.00
11:44:44 AM      0.00      0.00      0.00      0.00      0.00      0.00      0.00      0.00
11:44:49 AM      0.00      0.00      0.00      0.00      0.00      0.00      0.00      0.00
11:44:54 AM      0.00      0.00      0.00      0.00      0.00      0.00      0.00      0.00
11:44:59 AM      0.00      0.00      0.00      0.00      0.00      0.00      0.00      0.00
11:45:04 AM      0.00      0.00      0.00      0.00      0.00      0.00      0.00      0.00
11:45:09 AM      0.00      0.00      0.00      0.00      0.00      0.00      0.00      0.00
11:45:14 AM      0.00      0.00      0.00      0.00      0.00      0.00      0.00      0.00
11:45:19 AM      0.00      0.00      0.00      0.00      0.00      0.00      0.00      0.00
11:45:24 AM      0.00      0.00      0.00      0.00      0.00      0.00      0.00      0.00
11:45:29 AM      0.00      0.00      0.00      0.00      0.00      0.00      0.00      0.00
11:45:34 AM      0.00      0.00      0.00      0.00      0.00      0.00      0.00      0.00
11:45:39 AM      0.00      0.00      0.00      0.00      0.00      0.00      0.00      0.00
11:45:44 AM      0.00      0.00      0.00      0.00      0.00      0.00      0.00      0.00
11:45:49 AM      0.00      0.00      0.00      0.00      0.00      0.00      0.00      0.00
11:45:54 AM      0.00      0.00      0.00      0.00      0.00      0.00      0.00      0.00
11:45:59 AM      0.00      0.00      0.00      0.00      0.00      0.00      0.00      0.00
11:46:04 AM      0.00      0.00      0.00      0.00      0.00      0.00      0.00      0.00
11:46:09 AM      0.00      0.00      0.00      0.00      0.00      0.00      0.00      0.00
11:46:14 AM      0.00      0.00      0.00      0.00      0.00      0.00      0.00      0.00
11:46:19 AM      0.00      0.00      0.00      0.00      0.00      0.00      0.00      0.00
11:46:24 AM      0.00      0.00      0.00      0.00      0.00      0.00      0.00      0.00
11:46:29 AM      0.00      0.00      0.00      0.00      0.00      0.00      0.00      0.00
11:46:34 AM      0.00      0.00      0.00      0.00      0.00      0.00      0.00      0.00
11:46:39 AM      0.00      0.00      0.00      0.00      0.00      0.00      0.00      0.00
11:46:44 AM      0.00      0.00      0.00      0.00      0.00      0.00      0.00      0.00
11:46:49 AM      0.00      0.00      0.00      0.00      0.00      0.00      0.00      0.00
11:46:54 AM      0.00      0.00      0.00      0.00      0.00      0.00      0.00      0.00
11:46:59 AM      0.00      0.00      0.00      0.00      0.00      0.00      0.00      0.00
11:47:04 AM      0.00      0.00      0.00      0.00      0.00      0.00      0.00      0.00
11:47:09 AM      0.00      0.00      0.00      0.00      0.00      0.00      0.00      0.00
11:47:14 AM      0.00      0.00      0.00      0.00      0.00      0.00      0.00      0.00
11:47:19 AM      0.00      0.00      0.00      0.00      0.00      0.00      0.00      0.00
11:47:24 AM      0.00      0.00      0.00      0.00      0.00      0.00      0.00      0.00
11:47:29 AM      0.00      0.00      0.00      0.00      0.00      0.00      0.00      0.00
11:47:34 AM      0.00      0.00      0.00      0.00      0.00      0.00      0.00      0.00
11:47:39 AM      0.00      0.00      0.00      0.00      0.00      0.00      0.00      0.00
11:47:44 AM      0.00      0.00      0.00      0.00      0.00      0.00      0.00      0.00
11:47:49 AM      0.00      0.00      0.00      0.00      0.00      0.00      0.00      0.00
11:47:54 AM      0.00      0.00      0.00      0.00      0.00      0.00      0.00      0.00
11:47:59 AM      0.00      0.00      0.00      0.00      0.00      0.00      0.00      0.00
11:48:04 AM      0.00      0.00      0.00      0.00      0.00      0.00      0.00      0.00
11:48:09 AM      0.00      0.00      0.00      0.00      0.00      0.00      0.00      0.00
11:48:14 AM      0.00      0.00      0.00      0.00      0.00      0.00      0.00      0.00
11:48:19 AM      0.00      0.00      0.00      0.00      0.00      0.00      0.00      0.00
11:48:24 AM      0.00      0.00      0.00      0.00      0.00      0.00      0.00      0.00
11:48:29 AM      0.00      0.00      0.00      0.00      0.00      0.00      0.00      0.00
11:48:34 AM      0.00      0.00      0.00      0.00      0.00      0.00      0.00      0.00
11:48:39 AM      0.00      0.00      0.00      0.00      0.00      0.00      0.00      0.00
11:48:44 AM      0.00      0.00      0.00      0.00      0.00      0.00      0.00      0.00
11:48:49 AM      0.00      0.00      0.00      0.00      0.00      0.00      0.00      0.00
11:48:54 AM      0.00      0.00      0.00      0.00      0.00      0.00      0.00      0.00
11:48:59 AM      0.00      0.00      0.00      0.00      0.00      0.00      0.00      0.00
11:49:04 AM      0.00      0.00      0.00      0.00      0.00      0.00      0.00      0.00
11:49:09 AM      0.00      0.00      0.00      0.00      0.00      0.00      0.00      0.00
11:49:14 AM      0.00      0.00      0.00      0.00      0.00      0.00      0.00      0.00
11:49:19 AM      0.00      0.00      0.00      0.00      0.00      0.00      0.00      0.00
11:49:24 AM      0.00      0.00      0.00      0.00      0.00      0.00      0.00      0.00
11:49:29 AM      0.00      0.00      0.00      0.00      0.00      0.00      0.00      0.00
11:49:34 AM      0.00      0.00      0.00      0.00      0.00      0.00      0.00      0.00
11:49:39 AM      0.00      0.00      0.00      0.00      0.00      0.00      0.00      0.00
11:49:44 AM      0.00      0.00      0.00      0.00      0.00      0.00      0.00      0.00
11:49:49 AM      0.00      0.00      0.00      0.00      0.00      0.00      0.00      0.00
11:49:54 AM      0.00      0.00      0.00      0.00      0.00      0.00      0.00      0.00
11:49:59 AM      0.00      0.00      0.00      0.00      0.00      0.00      0.00      0.00
11:50:04 AM      0.00      0.00      0.00      0.00      0.00      0.00      0.00      0.00
11:50:09 AM      0.00      0.00      0.00      0.00      0.00      0.00      0.00      0.00
11:50:14 AM      0.00      0.00      0.00      0.00      0.00      0.00      0.00      0.00
11:50:19 AM      0.00      0.00      0.00      0.00      0.00      0.00      0.00      0.00
11:50:24 AM      0.00      0.00      0.00      0.00      0.00      0.00      0.00      0.00
11:50:29 AM      0.00      0.00      0.00      0.00      0.00      0.00      0.00      0.00
11:50:34 AM      0.00      0.00      0.00      0.00      0.00      0.00      0.00      0.00
11:50:39 AM      0.00      0.00      0.00      0.00      0.00      0.00      0.00      0.00
11:50:44 AM      0.00      0.00      0.00      0.00      0.00      0.00      0.00      0.00
11:50:49 AM      0.00      0.00      0.00      0.00      0.00      0.00      0.00      0.00
11:50:54 AM      0.00      0.00      0.00      0.00      0.00      0.00      0.00      0.00
11:50:59 AM      0.00      0.00      0.00      0.00      0.00      0.00      0.00      0.00
11:51:04 AM      0.00      0.00      0.00      0.00      0.00      0.00      0.00      0.00
11:51:09 AM      0.00      0.00      0.00      0.00      0.00      0.00      0.00      0.00
11:51:14 AM      0.00      0.00      0.00      0.00      0.00      0.00      0.00      0.00
11:51:19 AM      0.00      0.00      0.00      0.00      0.00      0.00      0.00      0.00
11:51:24 AM      0.00      0.00      0.00      0.00      0.00      0.00      0.00      0.00
11:51:29 AM      0.00      0.00      0.00      0.00      0.00      0.00      0.00      0.00
11:51:34 AM      0.00      0.00      0.00      0.00      0.00      0.00      0.00      0.00
11:51:39 AM      0.00      0.00      0.00      0.00      0.00      0.00      0.00      0.00
11:51:44 AM      0.00      0.00      0.00      0.00      0.00      0.00      0.00      0.00
11:51:49 AM      0.00      0.00      0.00      0.00      0.00      0.00      0.00      0.00
11:51:54 AM      0.00      0.00      0.00      0.00      0.00      0.00      0.00      0.00
11:51:59 AM      0.00      0.00      0.00      0.00      0.00      0.00      0.00      0.00
11:52:04 AM      0.00      0.00      0.00      0.00      0.00      0.00      0.00      0.00
11:52:09 AM      0.00      0.00      0.00      0.00      0.00      0.00      0.00      0.00
11:52:14 AM      0.00      0.00      0.00      0.00      0.00      0.00      0.00      0.00
11:52:19 AM      0.00      0.00      0.00      0.00      0.00      0.00      0.00      0.00
11:52:24 AM      0.00      0.00      0.00      0.00      0.00      0.00      0.00      0.00
11:52:29 AM      0.00      0.00      0.00      0.00      0.00      0.00      0.00      0.00
11:52:34 AM      0.00      0.00      0.00      0.00      0.00      0.00      0.00      0.00
11:52:39 AM      0.00      0.00      0.00      0.00      0.00      0.00      0.00      0.00
11:52:44 AM      0.00      0.00      0.00      0.00      0.00      0.00      0.00      0.00
11:52:49 AM      0.00      0.00      0.00      0.00      0.00      0.00      0.00      0.00
11:52:54 AM      0.00      0.00      0.00      0.00      0.00      0.00      0.00      0.00
11:52:59 AM      0.00      0.00      0.00      0.00      0.00      0.00      0.00      0.00
11:53:04 AM      0.00      0.00      0.00      0.00      0.00      0.00      0.00      0.00
11:53:09 AM      0.00      0.00      0.00      0.00      0.00      0.00      0.00      0.00
11:53:14 AM      0.00      0.00      0.00      0.00      0.00      0.00      0.00      0.00
11:53:19 AM      0.00      0.00      0.00      0.00      0.00      0.00      0.00      0.00
11:53:24 AM      0.00      0.00      0.00      0.00      0.00      0.00      0.00      0.00
11:53:29 AM      0.00      0.00      0.00      0.00      0.00      0.00      0.00      0.00
11:53:34 AM      0.00      0.00      0.00      0.00      0.00      0.00      0.00      0.00
11:53:39 AM      0.00      0.00      0.00      0.00      0.00      0.00      0.00      0.00
11:53:44 AM      0.00      0.00      0.00      0.00      0.00      0.00      0.00      0.00
11:53:49 AM      0.00      0.00      0.00      0.00      0.00      0.00      0.00      0.00
11:53:54 AM      0.00      0.00      0.00      0.00      0.00      0.00      0.00      0.00
11:53:59 AM      0.00      0.00      0.00      0.00      0.00      0.00      0.00      0.00
11:54:04 AM      0.00      0.00      0.00      0.00      0.00      0.00      0.00      0.00
11:54:09 AM      0.00      0.00      0.00      0.00      0.00      0.00      0.00      0.00
11:54:14 AM      0.00      0.00      0.00      0.00      0.00      0.00      0.00      0.00
11:54:19 AM      0.00      0.00      0.00      0.00      0.00      0.00      0.00      0.00
11:54:24 AM      0.00      0.00      0.00      0.00      0.00      0.00      0.00      0.00
11:54:29 AM      0.00      0.00      0.00      0.00      0.00      0.00      0.00      0.00
11:54:34 AM      0.00      0.00      0.00      0.00      0.00      0.00      0.00      0.00
11:54:39 AM      0.00      0.00      0.00      0.00      0.00      0.00      0.00      0.00
11:54:44 AM      0.00      0.00      0.00      0.00      0.00      0.00      0.00      0.00
11:54:49 AM      0.00      0.00      0.00      0.00      0.00      0.00      0.00      0.00
11:54:54 AM      0.00      0.00      0.00      0.00      0.00      0.00      0.00      0.00
11:54:59 AM      0.00      0.00      0.00      0.00      0.00      0.00      0.00      0.00
11:55:04 AM      0.00      0.00      0.00      0.00      0.00      0.00      0.00      0.00
11:55:09 AM      0.00      0.00      0.00      0.00      0.00      0.00      0.00      0.00
11:55:14 AM      0.00      0.00      0.00      0.00      0.00      0.00      0.00      0.00
11:55:19 AM      0.00      0.00      0.00      0.00      0.00      0.00      0.00      0.00
11:55:24 AM      0.00      0.00      0.00      0.00      0.00      0.00      0.00      0.00
11:55:29 AM      0.00      0.00      0.00      0.00      0.00      0.00      0.00      0.00
11:55:34 AM      0.00      0.00      0.00      0.00      0.00      0.00      0.00      0.00
11:55:39 AM      0.00      0.00      0.00      0.00      0.00      0.00      0.00      0.00
11:55:44 AM      0.00      0.00      0.00      0.00      0.00      0.00      0.00      0.00
11:55:49 AM      0.00      0.00      0.00      0.00      0.00      0.00      0.00      0.00
11:55:54 AM      0.00      0.00      0.00      0.00      0.00      0.00      0.00      0.00
11:55:59 AM      0.00      0.00      0.00      0.00      0.00      0.00      0.00      0.00
11:56:04 AM      0.00      0.00      0.00      0.00      0.00      0.00      0.00      0.00
11:56:09 AM      0.00      0.00      0.00      0.00      0.00      0.00      0.00      0.00
11:56:14 AM      0.00      0.00      0.00      0.00      0.00      0.00      0.00      0.00
11:56:19 AM      0.00      0.00      0.00      0.00      0.00      0.00      0.00      0.00
11:56:24 AM      0.00      0.00      0.00      0.00      0.00      0.00      0.00      0.00
11:56:29 AM      0.00      0.00      0.00      0.00      0.00      0.00      0.00      0.00
11:56:34 AM      0.00      0.00      0.00      0.00      0.00      0.00      0.00      0.00
11:56:39 AM      0.00      0.00      0.00      0.00      0.00      0.00      0.00      0.00
11:56:44 AM      0.00      0.00      0.00      0.00      0.00      0.00      0.00      0.00
11:56:49 AM      0.00      0.00      0.00      0.00      0.00      0.00      0.00      0.00
11:56:54 AM      0.00      0.00      0.00      0.00      0.00      0.00      0.00      0.00
11:56:59 AM      0.00      0.00      0.00      0.00      0.00      0.00      0.00      0.00
11:57:04 AM      0.00      0.00      0.00      0.00      0.00      0.00      0.00      0.00
11:57:09 AM      0.00      0.00      0.00      0.00      0.00      0.00      0.00      0.00
11:57:14 AM      0.00      0.00      0.00      0.00      0.00      0.00      0.00      0.00
11:57:19 AM      0.00      0.00      0.00      0.00      0.00      0.00      0.00      0.00
11:57:24 AM      0.00      0.00      0.00      0.00      0.00      0.00      0.00      0.00
11:57:29 AM      0.00      0.00      0.00      0.00      0.00      0.00      0.00      0.00
11:57:34 AM      0.00      0.00      0.00      0.00      0.00      0.00      0.00      0.00
11:57:39 AM      0.00      0.00      0.00      0.00      0.00      0.00      0.00      0.00
11:57:44 AM      0.00      0.00      0.00      0.00      0.00      0.00      0.00      0.00
11:57:49 AM      0.00      0.00      0.00      0.00      0.00      0.00      0.00      0.00
11:57:54 AM      0.00      0.00      0.00      0.00      0.00      0.00      0.00      0.00
11:57:59 AM      0.00      0.00      0.00      0.00      0.00      0.00      0.00      0.00
11:58:04 AM      0.00      0.00      0.00      0.00      0.00      0.00      0.00      0.00
11:58:09 AM      0.00      0.00      0.00      0.00      0.00      0.00      0.00      0.00
11:58:14 AM      0.00      0.00      0.00      0.00      0.00      0.00      0.00      0.00
11:58:19 AM      0.00      0.00      0.00      0.00      0.00      0.00      0.00      0.00
11:58:24 AM      0.00      0.00      0.00      0.00      0.00      0.00      0.00      0.00
11:58:29 AM      0.00      0.00      0.00      0.00      0.00      0.00      0.00      0.00
11:58:34 AM      0.00      0.00      0.00      0.00      0.00      0.00      0.00      0.00
11:58:39 AM      0.00      0.00      0.00      0.00      0.00      0.00      0.00      0.00
11:58:44 AM      0.00      0.00      0.00      0.00      0.00      0.00      0.00      0.00
11:58:49 AM      0.00      0.00      0.00      0.00      0.00      0.00      0.00      0.00
11:58:54 AM      0.00      0.00      0.00      0.00      0.00      0.00      0.00      0.00
11:58:59 AM      0.00      0.00      0.00      0.00      0.00      0.00      0.00      0.00
11:59:04 AM      0.00      0.00      0.00      0.00      0.00      0.00      0.00      0.00
11:59:09 AM      0.00      0.00      0.00      0.00      0.00      0.00      0.00      0.00
11:59:14 AM      0.00      0.00      0.00      0.00      0.00      0.00      0.00      0.00
11:59:19 AM      0.00      0.00      0.00      0.00      0.00      0.00      0.00      0.00
11:59:24 AM      0.00      0.00      0.00      0.00      0.00      0.00      0.00      0.00
11:59:29 AM      0.00      0.00      0.00      0.00      0.00      0.00      0.00      0.00
11:59:34 AM      0.00      0.00      0.00      0.00      0.00      0.00      0.00      0.00
11:59:39 AM      0.00      0.00      0.00      0.00      0.00      0.00      0.00      0.00
11:59:44 AM      0.00      0.00      0.00      0.00      0.00      0.00      0.00      0.00
11:59:49 AM      0.00      0.00      0.00      0.00      0.00      0.00      0.00      0.00
11:59:54 AM      0.00      0.00      0.00      0.00      0.00      0.00      0.00      0.00
11:59:59 AM      0.00      0.00      0.00      0.00      0.00      0.00      0.00      0.00
12:00:04 PM      0.00      0.00      0.00      0.00      0.00      0.00      0.00      0.00
12:00:09 PM      0.00      0.00      0.00      0.00      0.00      0.00      0.00      0.00
12:00:14 PM      0.00      0.00      0.00      0.00      0.00      0.00      0.00      0.00
12:00:19 PM      0.00      0.00      0.00      0.00      0.00      0.00      0.00      0.00
12:00:24 PM      0.00      0.00      0.00      0.00      0.00      0.00      0.00      0.00
12:00:29 PM      0.00      0.00      0.00      0.00      0.00      0.00      0.00      0.00
12:00:34 PM      0.00      0.00      0.00      0.00      0.00      0.00      0.00      0.00
12:00:39 PM      0.00      0.00      0.00      0.00      0.00      0.00      0.00      0.00
12:00:44 PM      0.00      0.00      0.00      0.00      0.00      0.00      0.00      0.00
12:00:49 PM      0.00      0.00      0.00      0.00      0.00      0.00      0.00      0.00
12:00:54 PM      0.00      0.00      0.00      0.00      0.00      0.00      0.00      0.00
12:00:59 PM      0.00      0.00      0.00      0.00      0.00      0.00      0.00      0.00
12:01:04 PM      0.00      0.00      0.00      0.00      0.00      0.00      0.00      0.00
12:01:09 PM      0.00      0.00      0.00      0.00      0.00      0.00      0.00      0.00
12:01:14 PM      0.00      0.00      0.00      0.00      0.00      0.00      0.00      0.00
12:01:19 PM      0.00      0.00      0.00      0.00      0.00      0.00      0.00      0.00
12:01:24 PM      0.00      0.00      0.00      0.00      0.00      0.00      0.00      0.00
12:01:29 PM      0.00      0.00      0.00      0.00      0.00      0.00      0.00      0.00
12:01:34 PM      0.00      0.00      0.00      0.00      0.00      0.00      0.00      0.00
12:01:39 PM      0.00      0.00      0.00      0.00      0.00      0.00      0.00      0.00
12:01:44 PM      0.00      0.00      0.00      0.00      0.00      0.00      0.00      0.00
12:01:49 PM      0.00      0.00      0.00      0.00      0.00      0.00      0.00      0.00
12:01:54 PM      0.00      0.00      0.00      0.00      0.00      0.00      0.00      0.00
12:01:59 PM      0.00      0.00      0.00      0.00      0.00      0.00      0.00      0.00
12:02:04 PM      0.00      0.00      0.00      0.00      0.00      0.00      0.00      0.00
12:02:09 PM      0.00      0.00      0.00      0.00      0.00      0.00      0.00      0.00
12:02:14 PM      0.00      0.00      0.00      0.00      0.00      0.00      0.00      0.00
12:02:19 PM      0.00      0.00      0.00      0.00      0.00      0.00      0.00      0.00
12:02:24 PM      0.00      0.00      0.00      0.00      0.00      0.00      0.00      0.00
12:02:29 PM      0.00      0.00      0.00      0.00      0.00      0.00      0.00      0.00
12:02:34 PM      0.00      0.00      0.00      0.00      0.00      0.00      0.00      0.00
12:02:39 PM      0.00      0.00      0.00      0.00      0.00      0.00      0.00      0.00
12:02:44 PM      0.00      0.00      0.00      0.00      0.00      0.00      0.00      0.00
12:02:49 PM      0.00      0.00      0.00      0.00      0.00      0.00      0.00      0.00
12:02:54 PM      0.00      0.00      0.00      0.00      0.00      0.00      0.00      0.00
12:02:59 PM      0.00      0.00      0.00      0.00      0.00      0.00      0.00      0.00
12:03:04 PM      0.00      0.00      0.00      0.00      0.00      0.00      0.00      0.00
12:03:09 PM      0.00      0.00      0.00      0.00      0.00      0.00      0.00      0.00
12:03:14 PM      3.52      0.88      0.19     11.52      3.52      0.88      0.19     11.51
12:03:19 PM      2.36      0.82      0.19      0.01      2.36      0.82      0.19      0.01
12:03:24 PM      5.28      1.47      0.33      8.96      5.28      1.47      0.33      8.96
12:03:29 PM      3.54      1.37      0.33      0.00      3.54      1.37      0.33      0.00
12:03:34 PM      2.48      1.34      0.34      1.46      2.48      1.34      0.34      1.46
12:03:39 PM      5.52      2.07      0.51     10.44      5.37      2.04      0.51     10.41
12:03:44 PM      3.03      1.88      0.50      0.00      2.95      1.85      0.50      0.00
12:03:49 PM      2.03      1.75      0.50      0.00      1.97      1.73      0.49      0.00
12:03:54 PM      1.11      1.59      0.48      0.00      1.08      1.56      0.48      0.00
12:03:59 PM      0.74      1.48      0.48      0.00      0.72      1.46      0.47      0.00
12:04:04 PM      0.41      1.34      0.47      0.00      0.39      1.32      0.46      0.00
12:04:09 PM      0.27      1.25      0.46      0.00      0.26      1.24      0.45      0.00
12:04:14 PM      0.14      1.13      0.45      0.00      0.14      1.12      0.44      0.00
12:04:19 PM      0.10      1.06      0.44      0.01      0.09      1.04      0.44      0.01
12:04:24 PM      0.06      0.99      0.44      0.00      0.06      0.98      0.43      0.00
12:04:29 PM      5.76      1.94      0.65     14.87      5.76      1.93      0.64     14.87
12:04:34 PM      4.60      1.97      0.67      0.00      4.60      1.96      0.66      0.00
12:04:39 PM      2.52      1.79      0.66      0.00      2.52      1.77      0.65      0.00
12:04:44 PM      1.69      1.67      0.65      0.00      1.69      1.66      0.64      0.00
12:04:49 PM      0.93      1.51      0.63      0.00      0.93      1.50      0.63      0.00
12:04:54 PM      0.62      1.41      0.62      0.00      0.62      1.40      0.62      0.00
12:04:59 PM      0.34      1.28      0.61      0.00      0.34      1.27      0.60      0.00
12:05:04 PM      0.22      1.19      0.60      0.00      0.22      1.19      0.60      0.00
12:05:09 PM      0.12      1.08      0.59      0.00      0.12      1.07      0.58      0.00
12:05:14 PM      0.08      1.01      0.58      0.00      0.08      1.00      0.57      0.00
12:05:19 PM      0.04      0.91      0.57      0.00      0.04      0.91      0.56      0.00
12:05:24 PM      0.03      0.85      0.56      0.00      0.03      0.85      0.55      0.00
12:05:29 PM      0.01      0.77      0.55      0.00      0.01      0.76      0.54      0.00
12:05:34 PM      0.01      0.72      0.54      0.11      0.01      0.71      0.53      0.11
12:05:39 PM      0.00      0.65      0.53      0.00      0.00      0.65      0.52      0.00
12:05:44 PM      0.00      0.61      0.52      0.00      0.00      0.60      0.51      0.00
12:05:49 PM      0.00      0.55      0.51      0.00      0.00      0.54      0.50      0.00
12:05:54 PM      0.00      0.51      0.50      0.00      0.00      0.51      0.50      0.00
12:05:59 PM      0.00      0.46      0.49      0.09      0.00      0.46      0.48      0.09
12:06:04 PM      0.00      0.43      0.48      0.00      0.00      0.43      0.48      0.00
12:06:09 PM      0.00      0.39      0.47      0.09      0.00      0.39      0.47      0.08
12:06:14 PM      0.00      0.36      0.46      0.00      0.00      0.36      0.46      0.00
12:06:19 PM      0.00      0.33      0.45      0.03      0.00      0.32      0.45      0.03
12:06:24 PM      0.00      0.31      0.45      0.01      0.00      0.30      0.44      0.01
12:06:29 PM      0.00      0.28      0.44      0.02      0.00      0.27      0.43      0.02
12:06:34 PM      0.00      0.26      0.43      0.00      0.00      0.25      0.43      0.00
12:06:39 PM      0.00      0.23      0.42      0.14      0.00      0.23      0.42      0.14
12:06:44 PM      0.00      0.22      0.41      0.64      0.00      0.21      0.41      0.64
12:06:49 PM      0.12      0.23      0.41      0.00      0.12      0.22      0.41      0.00
12:06:54 PM      0.08      0.21      0.41      0.00      0.08      0.21      0.40      0.00
12:06:59 PM      0.04      0.19      0.40      0.00      0.04      0.19      0.40      0.00
12:07:04 PM      0.02      0.18      0.39      0.00      0.02      0.17      0.39      0.00
12:07:09 PM      0.01      0.16      0.38      0.00      0.01      0.16      0.38      0.00
12:07:14 PM      0.00      0.15      0.38      0.00      0.00      0.15      0.37      0.00
12:07:19 PM      0.00      0.13      0.37      0.00      0.00      0.13      0.37      0.00
12:07:24 PM      0.00      0.12      0.36      0.00      0.00      0.12      0.36      0.00
12:07:29 PM      0.00      0.11      0.35      0.00      0.00      0.11      0.35      0.00
12:07:34 PM      0.00      0.10      0.35      0.00      0.00      0.10      0.35      0.00
12:07:39 PM      0.00      0.09      0.34      0.00      0.00      0.09      0.34      0.00
12:07:44 PM      0.00      0.08      0.34      0.00      0.00      0.08      0.33      0.00
12:07:49 PM      0.00      0.08      0.33      0.00      0.00      0.07      0.33      0.00
12:07:54 PM      0.00      0.07      0.32      0.00      0.00      0.07      0.32      0.00
12:07:59 PM      0.00      0.06      0.32      0.00      0.00      0.06      0.31      0.00
12:08:04 PM      0.00      0.06      0.31      0.00      0.00      0.06      0.31      0.00
12:08:09 PM      0.00      0.05      0.31      0.00      0.00      0.05      0.30      0.00
12:08:14 PM      0.00      0.05      0.30      0.00      0.00      0.05      0.30      0.00
12:08:19 PM      0.00      0.04      0.29      0.00      0.00      0.04      0.29      0.00
12:08:24 PM      0.00      0.04      0.29      0.00      0.00      0.04      0.29      0.00
12:08:29 PM      0.00      0.03      0.28      0.00      0.00      0.03      0.28      0.00
12:08:34 PM      0.00      0.03      0.28      0.00      0.00      0.03      0.27      0.00
12:08:39 PM      0.00      0.03      0.27      0.00      0.00      0.03      0.27      0.00
12:08:44 PM      0.00      0.02      0.27      0.00      0.00      0.02      0.27      0.00
12:08:49 PM      0.00      0.02      0.26      0.00      0.00      0.02      0.26      0.00
12:08:54 PM      0.00      0.02      0.26      0.00      0.00      0.02      0.26      0.00
12:08:59 PM      0.00      0.02      0.25      0.00      0.00      0.02      0.25      0.00
12:09:04 PM      0.00      0.01      0.25      0.00      0.00      0.01      0.25      0.00
12:09:09 PM      0.00      0.01      0.24      0.00      0.00      0.01      0.24      0.00
12:09:14 PM      0.00      0.01      0.24      0.00      0.00      0.01      0.24      0.00
12:09:19 PM      0.00      0.01      0.23      0.00      0.00      0.01      0.23      0.00
12:09:24 PM      0.00      0.01      0.23      0.00      0.00      0.01      0.23      0.00
12:09:29 PM      0.00      0.01      0.22      0.00      0.00      0.00      0.22      0.00
12:09:34 PM      0.00      0.00      0.22      0.00      0.00      0.00      0.22      0.00
12:09:39 PM      0.00      0.00      0.21      0.00      0.00      0.00      0.21      0.00
12:09:44 PM      0.00      0.00      0.21      0.00      0.00      0.00      0.21      0.00
12:09:49 PM      0.00      0.00      0.20      0.00      0.00      0.00      0.20      0.00
12:09:54 PM      0.00      0.00      0.20      0.00      0.00      0.00      0.20      0.00
12:09:59 PM      0.00      0.00      0.20      0.00      0.00      0.00      0.20      0.00
12:10:04 PM      0.00      0.00      0.19      0.00      0.00      0.00      0.19      0.00
12:10:09 PM      0.00      0.00      0.19      0.00      0.00      0.00      0.19      0.00
12:10:14 PM      0.00      0.00      0.19      0.00      0.00      0.00      0.18      0.00
12:10:19 PM      0.00      0.00      0.18      0.00      0.00      0.00      0.18      0.00
12:10:24 PM      0.00      0.00      0.18      0.00      0.00      0.00      0.18      0.00
12:10:29 PM      0.00      0.00      0.17      0.00      0.00      0.00      0.17      0.00
12:10:34 PM      0.00      0.00      0.17      0.00      0.00      0.00      0.17      0.00
12:10:39 PM      0.00      0.00      0.17      0.00      0.00      0.00      0.17      0.00
12:10:44 PM      0.00      0.00      0.16      0.00      0.00      0.00      0.16      0.00
12:10:49 PM      0.00      0.00      0.16      0.00      0.00      0.00      0.16      0.00
12:10:54 PM      0.00      0.00      0.16      0.00      0.00      0.00      0.16      0.00
12:10:59 PM      0.00      0.00      0.15      0.00      0.00      0.00      0.15      0.00
12:11:04 PM      0.00      0.00      0.15      0.00      0.00      0.00      0.15      0.00
12:11:09 PM      0.00      0.00      0.15      0.00      0.00      0.00      0.14      0.00
12:11:14 PM      0.00      0.00      0.14      0.00      0.00      0.00      0.14      0.00
12:11:19 PM      0.00      0.00      0.14      0.00      0.00      0.00      0.14      0.00
12:11:24 PM      0.00      0.00      0.14      0.00      0.00      0.00      0.13      0.00
12:11:29 PM      0.00      0.00      0.13      0.00      0.00      0.00      0.13      0.00
12:11:34 PM      0.00      0.00      0.13      0.00      0.00      0.00      0.13      0.00
12:11:39 PM      0.00      0.00      0.13      0.00      0.00      0.00      0.13      0.00
12:11:44 PM      0.00      0.00      0.13      0.00      0.00      0.00      0.12      0.00
12:11:49 PM      0.00      0.00      0.12      0.00      0.00      0.00      0.12      0.00
12:11:54 PM      0.00      0.00      0.12      0.00      0.00      0.00      0.12      0.00
12:11:59 PM      0.00      0.00      0.12      0.00      0.00      0.00      0.12      0.00
12:12:04 PM      0.00      0.00      0.12      0.28      0.00      0.00      0.12      0.28
12:12:09 PM      0.00      0.00      0.11      0.00      0.00      0.00      0.11      0.00
12:12:14 PM      0.00      0.00      0.11      0.00      0.00      0.00      0.11      0.00
12:12:19 PM      0.00      0.00      0.11      0.00      0.00      0.00      0.11      0.00
12:12:24 PM      0.00      0.00      0.11      0.00      0.00      0.00      0.11      0.00
12:12:29 PM      0.00      0.00      0.10      0.00      0.00      0.00      0.10      0.00
12:12:34 PM      0.00      0.00      0.10      0.00      0.00      0.00      0.10      0.00
12:12:39 PM      0.00      0.00      0.10      0.00      0.00      0.00      0.10      0.00
12:12:44 PM      0.00      0.00      0.10      0.00      0.00      0.00      0.10      0.00
12:12:49 PM      0.00      0.00      0.09      0.00      0.00      0.00      0.09      0.00
12:12:54 PM      0.00      0.00      0.09      0.00      0.00      0.00      0.09      0.00
12:12:59 PM      0.00      0.00      0.09      0.00      0.00      0.00      0.09      0.00
12:13:04 PM      0.00      0.00      0.09      0.00      0.00      0.00      0.09      0.00
12:13:09 PM      0.00      0.00      0.08      0.00      0.00      0.00      0.08      0.00
12:13:14 PM      0.00      0.00      0.08      0.00      0.00      0.00      0.08      0.00
12:13:19 PM      0.00      0.00      0.08      0.00      0.00      0.00      0.08      0.00
12:13:24 PM      0.00      0.00      0.08      1.18      0.00      0.00      0.08      1.18
12:13:29 PM     20.73      4.02      0.93     53.35     20.73      4.02      0.93     53.33
12:13:34 PM     19.39      4.83      1.14     32.84     19.39      4.83      1.14     32.84
12:13:39 PM     38.56     10.36      2.41     64.39     38.56     10.36      2.41     64.37
12:13:44 PM     31.94     10.99      2.65      5.78     31.94     10.99      2.65      5.78
12:13:49 PM     17.53      9.95      2.60      0.00     17.53      9.95      2.60      0.00
12:13:54 PM     11.75      9.31      2.56      0.00     11.75      9.31      2.56      0.00
12:13:59 PM      6.45      8.42      2.51      0.02      6.45      8.42      2.51      0.02
12:14:04 PM      4.32      7.88      2.47      1.20      4.32      7.88      2.47      1.20
12:14:09 PM      2.88      7.25      2.45      0.55      2.88      7.25      2.45      0.55
12:14:14 PM      1.93      6.79      2.42      0.00      1.93      6.79      2.41      0.00
12:14:19 PM      1.06      6.14      2.37      0.00      1.06      6.14      2.37      0.00
12:14:24 PM      0.71      5.74      2.33      0.00      0.71      5.74      2.33      0.00
12:14:29 PM      0.39      5.20      2.29      0.00      0.39      5.20      2.28      0.00
12:14:34 PM      0.26      4.86      2.25      0.00      0.26      4.86      2.25      0.00
12:14:39 PM      0.14      4.40      2.21      0.00      0.14      4.40      2.21      0.00
12:14:44 PM      0.09      4.11      2.18      0.00      0.09      4.11      2.18      0.00
12:14:49 PM      0.05      3.72      2.13      0.01      0.05      3.72      2.13      0.01
12:14:54 PM      0.03      3.48      2.10      0.00      0.03      3.48      2.10      0.00
12:14:59 PM      0.01      3.15      2.06      0.00      0.01      3.15      2.06      0.00
12:15:04 PM      0.01      2.95      2.03      0.00      0.01      2.95      2.03      0.00
12:15:09 PM      0.00      2.67      1.99      0.02      0.00      2.67      1.99      0.02
12:15:14 PM      0.00      2.49      1.96      0.00      0.00      2.49      1.96      0.00
12:15:19 PM      0.00      2.26      1.92      0.00      0.00      2.26      1.92      0.00
12:15:24 PM      0.00      2.11      1.89      0.00      0.00      2.11      1.89      0.00
12:15:29 PM      0.00      1.91      1.85      0.00      0.00      1.91      1.85      0.00
12:15:34 PM      0.00      1.78      1.83      0.00      0.00      1.78      1.83      0.00
12:15:39 PM      0.00      1.61      1.79      0.00      0.00      1.61      1.79      0.00
12:15:44 PM      0.00      1.51      1.76      0.00      0.00      1.51      1.76      0.00
12:15:49 PM      0.00      1.37      1.73      0.00      0.00      1.37      1.73      0.00
12:15:54 PM      0.00      1.28      1.70      0.00      0.00      1.28      1.70      0.00
12:15:59 PM      0.00      1.15      1.67      0.00      0.00      1.15      1.67      0.00
12:16:04 PM      0.00      1.08      1.64      0.00      0.00      1.08      1.64      0.00
12:16:09 PM      0.00      0.98      1.61      0.00      0.00      0.98      1.61      0.00
12:16:14 PM      0.00      0.91      1.59      0.00      0.00      0.91      1.59      0.00
12:16:19 PM      0.00      0.82      1.55      0.00      0.00      0.82      1.55      0.00
12:16:24 PM      0.00      0.77      1.53      0.00      0.00      0.77      1.53      0.00
12:16:29 PM      0.00      0.70      1.50      0.00      0.00      0.70      1.50      0.00
12:16:34 PM      0.00      0.65      1.48      0.00      0.00      0.65      1.48      0.00
12:16:39 PM      0.00      0.59      1.45      4.21      0.00      0.59      1.45      4.21
12:16:44 PM     15.02      3.51      2.06     32.88     15.02      3.51      2.06     32.86
12:16:49 PM      8.24      3.17      2.01      0.00      8.24      3.17      2.01      0.00
12:16:54 PM      5.53      2.97      1.99      0.00      5.53      2.97      1.98      0.00
12:16:59 PM      3.03      2.68      1.94      0.00      3.03      2.68      1.94      0.00
12:17:04 PM      2.03      2.51      1.92      0.00      2.03      2.51      1.92      0.00
12:17:09 PM      1.11      2.27      1.88      0.00      1.11      2.27      1.88      0.00
12:17:14 PM      0.74      2.12      1.85      0.00      0.74      2.12      1.85      0.00
12:17:19 PM      0.41      1.92      1.81      0.00      0.41      1.92      1.81      0.00
12:17:24 PM      0.99      1.93      1.82      2.03      0.99      1.93      1.81      2.03
12:17:29 PM      0.54      1.74      1.78      0.00      0.54      1.74      1.78      0.00
12:17:34 PM      0.36      1.63      1.75      0.00      0.36      1.63      1.75      0.00
12:17:39 PM      0.20      1.47      1.72      0.00      0.20      1.47      1.72      0.00
12:17:44 PM      0.13      1.38      1.69      0.00      0.13      1.38      1.69      0.00
12:17:49 PM      0.07      1.25      1.66      0.00      0.07      1.25      1.66      0.00
12:17:54 PM      0.04      1.17      1.63      0.00      0.04      1.17      1.63      0.00
12:17:59 PM      0.02      1.05      1.60      0.00      0.02      1.05      1.60      0.00
12:18:04 PM      0.01      0.99      1.58      0.00      0.01      0.99      1.58      0.00
12:18:09 PM      0.00      0.89      1.54      0.00      0.00      0.89      1.54      0.00
12:18:14 PM      0.00      0.83      1.52      0.00      0.00      0.83      1.52      0.00
12:18:19 PM      0.00      0.75      1.49      0.00      0.00      0.75      1.49      0.00
12:18:24 PM      0.00      0.70      1.47      0.00      0.00      0.70      1.47      0.00
12:18:29 PM      0.00      0.63      1.44      0.00      0.00      0.63      1.44      0.00
12:18:34 PM      0.00      0.59      1.42      0.00      0.00      0.59      1.42      0.00
12:18:39 PM      0.00      0.54      1.39      0.00      0.00      0.54      1.39      0.00
12:18:44 PM      0.00      0.50      1.37      0.00      0.00      0.50      1.37      0.00
12:18:49 PM      0.00      0.45      1.34      0.00      0.00      0.45      1.34      0.00
12:18:54 PM      0.00      0.42      1.32      0.00      0.00      0.42      1.32      0.00
12:18:59 PM      0.00      0.38      1.30      0.00      0.00      0.38      1.29      0.00
12:19:04 PM      0.00      0.36      1.28      0.00      0.00      0.36      1.28      0.00
12:19:09 PM      0.00      0.32      1.25      0.00      0.00      0.32      1.25      0.00
12:19:14 PM      0.00      0.30      1.23      0.00      0.00      0.30      1.23      0.00
12:19:19 PM      0.00      0.27      1.21      0.00      0.00      0.27      1.21      0.00
12:19:24 PM      0.00      0.25      1.19      0.00      0.00      0.25      1.19      0.00
12:19:29 PM      0.00      0.23      1.16      0.00      0.00      0.23      1.16      0.00
12:19:34 PM      0.00      0.21      1.15      0.00      0.00      0.21      1.15      0.00
12:19:39 PM      0.00      0.19      1.12      0.00      0.00      0.19      1.12      0.00
12:19:44 PM      0.00      0.18      1.11      0.00      0.00      0.18      1.11      0.00
12:19:49 PM      0.00      0.16      1.08      0.00      0.00      0.16      1.08      0.00
12:19:54 PM      0.00      0.15      1.07      0.00      0.00      0.15      1.07      0.00
12:19:59 PM      0.00      0.13      1.05      0.00      0.00      0.13      1.05      0.00
12:20:04 PM      0.00      0.12      1.03      0.00      0.00      0.12      1.03      0.00
12:20:09 PM      0.00      0.11      1.01      0.00      0.00      0.11      1.01      0.00
12:20:14 PM      0.00      0.10      1.00      0.00      0.00      0.10      1.00      0.00
12:20:19 PM      0.00      0.09      0.97      0.00      0.00      0.09      0.97      0.00
12:20:24 PM      0.00      0.08      0.96      0.00      0.00      0.08      0.96      0.00
12:20:29 PM      0.00      0.08      0.94      0.00      0.00      0.08      0.94      0.00
12:20:34 PM      0.00      0.07      0.93      0.00      0.00      0.07      0.93      0.00
12:20:39 PM      0.00      0.06      0.91      0.00      0.00      0.06      0.91      0.00
12:20:44 PM      0.00      0.06      0.89      0.00      0.00      0.06      0.89      0.00
12:20:49 PM      0.00      0.05      0.88      0.00      0.00      0.05      0.88      0.00
12:20:54 PM      0.00      0.05      0.86      0.00      0.00      0.05      0.86      0.00
12:20:59 PM      0.00      0.04      0.84      0.00      0.00      0.04      0.84      0.00
12:21:04 PM      0.00      0.04      0.83      0.00      0.00      0.04      0.83      0.00
12:21:09 PM      0.00      0.03      0.81      0.00      0.00      0.03      0.81      0.00
12:21:14 PM      0.00      0.03      0.80      0.00      0.00      0.03      0.80      0.00
12:21:19 PM      0.00      0.03      0.79      0.00      0.00      0.03      0.79      0.00
12:21:24 PM      0.00      0.02      0.77      0.00      0.00      0.02      0.77      0.00
12:21:29 PM      0.00      0.02      0.76      0.00      0.00      0.02      0.76      0.00
12:21:34 PM      0.00      0.02      0.75      0.00      0.00      0.02      0.75      0.00
12:21:39 PM      0.00      0.02      0.73      0.00      0.00      0.02      0.73      0.00
12:21:44 PM      0.00      0.01      0.72      0.00      0.00      0.01      0.72      0.00
12:21:49 PM      0.00      0.01      0.70      0.00      0.00      0.01      0.70      0.00
12:21:54 PM      0.00      0.01      0.69      0.00      0.00      0.01      0.69      0.00
12:21:59 PM      0.00      0.01      0.68      0.00      0.00      0.01      0.68      0.00
12:22:04 PM      0.00      0.01      0.67      0.00      0.00      0.01      0.67      0.00
12:22:09 PM      0.00      0.01      0.66      0.00      0.00      0.01      0.66      0.00
12:22:14 PM      0.00      0.00      0.65      0.00      0.00      0.00      0.65      0.00
12:22:19 PM      0.00      0.00      0.63      0.00      0.00      0.00      0.63      0.00
12:22:24 PM      0.00      0.00      0.62      0.00      0.00      0.00      0.62      0.00
12:22:29 PM      0.00      0.00      0.61      0.00      0.00      0.00      0.61      0.00
12:22:34 PM      0.00      0.00      0.60      0.00      0.00      0.00      0.60      0.00
12:22:39 PM      0.00      0.00      0.59      0.00      0.00      0.00      0.59      0.00
12:22:44 PM      0.14      0.03      0.59      0.57      0.14      0.03      0.59      0.57
12:22:49 PM      0.22      0.06      0.58      0.76      0.22      0.06      0.58      0.76
12:22:54 PM      0.15      0.05      0.57      0.00      0.15      0.05      0.57      0.00
12:22:59 PM      0.08      0.05      0.56      0.00      0.08      0.05      0.56      0.00
12:23:04 PM      0.05      0.04      0.55      0.00      0.05      0.04      0.55      0.00
12:23:09 PM      0.03      0.04      0.54      0.00      0.03      0.04      0.54      0.00
12:23:14 PM      0.01      0.03      0.53      0.00      0.01      0.03      0.53      0.00
12:23:19 PM      0.01      0.03      0.52      0.00      0.01      0.03      0.52      0.00
12:23:24 PM      0.00      0.03      0.51      0.00      0.00      0.03      0.51      0.00
12:23:29 PM      0.00      0.02      0.50      0.00      0.00      0.02      0.50      0.00
12:23:34 PM      2.35      0.45      0.58      5.36      2.35      0.45      0.58      5.36
12:23:39 PM      1.29      0.40      0.57      0.00      1.29      0.40      0.57      0.00
12:23:44 PM      0.86      0.38      0.56      0.19      0.86      0.38      0.56      0.19
12:23:49 PM      1.08      0.49      0.58      2.04      1.08      0.49      0.58      2.04
12:23:54 PM      0.72      0.46      0.57      0.00      0.72      0.46      0.57      0.00
12:23:59 PM      0.39      0.41      0.56      0.00      0.39      0.41      0.56      0.00
12:24:04 PM      0.26      0.39      0.55      0.01      0.26      0.39      0.55      0.01
12:24:09 PM      0.14      0.35      0.54      0.00      0.14      0.35      0.54      0.00
12:24:14 PM      0.09      0.33      0.53      0.03      0.09      0.33      0.53      0.03
12:24:19 PM      0.05      0.29      0.52      0.00      0.05      0.29      0.52      0.00
12:24:24 PM      0.77      0.43      0.55      2.11      0.77      0.43      0.55      2.11
12:24:29 PM      0.42      0.39      0.54      0.00      0.42      0.39      0.54      0.00
12:24:34 PM      0.28      0.36      0.53      0.00      0.28      0.36      0.53      0.00
12:24:39 PM      0.15      0.33      0.52      0.00      0.15      0.33      0.52      0.00
12:24:44 PM      0.10      0.31      0.51      0.00      0.10      0.31      0.51      0.00
12:24:49 PM      0.05      0.28      0.50      0.02      0.05      0.28      0.50      0.02
12:24:54 PM      0.03      0.26      0.49      0.00      0.03      0.26      0.49      0.00
12:24:59 PM      0.02      0.23      0.48      0.00      0.02      0.23      0.48      0.00
12:25:04 PM      0.01      0.22      0.47      0.00      0.01      0.22      0.47      0.00
12:25:09 PM      0.00      0.19      0.46      0.00      0.00      0.19      0.46      0.00
12:25:14 PM      0.00      0.18      0.46      0.00      0.00      0.18      0.46      0.00
12:25:19 PM      0.00      0.16      0.45      0.00      0.00      0.16      0.45      0.00
12:25:24 PM      0.00      0.15      0.44      0.00      0.00      0.15      0.44      0.00
12:25:29 PM      0.00      0.14      0.43      0.00      0.00      0.14      0.43      0.00
12:25:34 PM      0.00      0.13      0.42      0.06      0.00      0.13      0.42      0.06
12:25:39 PM      0.00      0.11      0.41      0.00      0.00      0.11      0.41      0.00
12:25:44 PM      0.00      0.11      0.41      0.09      0.00      0.11      0.41      0.09
12:25:49 PM      0.00      0.09      0.40      0.00      0.00      0.09      0.40      0.00
12:25:54 PM      0.00      0.09      0.39      0.00      0.00      0.09      0.39      0.00
12:25:59 PM      2.89      0.60      0.49     10.68      2.89      0.60      0.49     10.68
12:26:04 PM      4.02      1.01      0.58      1.75      4.02      1.01      0.58      1.75
12:26:09 PM      2.20      0.91      0.57      0.01      2.20      0.91      0.57      0.01
12:26:14 PM      1.47      0.85      0.56      0.00      1.47      0.85      0.56      0.00
12:26:19 PM      0.81      0.77      0.55      0.01      0.81      0.77      0.55      0.01
12:26:24 PM      0.54      0.72      0.54      0.00      0.54      0.72      0.54      0.00
12:26:29 PM      0.29      0.65      0.53      0.02      0.29      0.65      0.53      0.02
12:26:34 PM      0.19      0.61      0.52      0.00      0.19      0.61      0.52      0.00
12:26:39 PM      0.10      0.55      0.51      0.00      0.10      0.55      0.51      0.00
12:26:44 PM      0.07      0.51      0.50      0.00      0.07      0.51      0.50      0.00
12:26:49 PM      0.03      0.46      0.49      0.12      0.03      0.46      0.49      0.12
12:26:54 PM      0.02      0.43      0.48      0.00      0.02      0.43      0.48      0.00
12:26:59 PM      0.01      0.39      0.47      0.01      0.01      0.39      0.47      0.01
12:27:04 PM      0.00      0.36      0.47      0.00      0.00      0.36      0.47      0.00
12:27:09 PM      0.00      0.33      0.46      0.08      0.00      0.33      0.46      0.08
12:27:14 PM      0.00      0.31      0.45      0.00      0.00      0.31      0.45      0.00
12:27:19 PM      0.00      0.27      0.44      0.01      0.00      0.27      0.44      0.01
12:27:24 PM      0.00      0.26      0.43      0.00      0.00      0.26      0.43      0.00
12:27:29 PM      0.00      0.23      0.42      0.00      0.00      0.23      0.42      0.00
12:27:34 PM      0.00      0.22      0.42      0.00      0.00      0.22      0.42      0.00
12:27:39 PM      0.00      0.19      0.41      0.00      0.00      0.19      0.41      0.00
12:27:44 PM      0.00      0.18      0.40      0.00      0.00      0.18      0.40      0.00
12:27:49 PM      0.00      0.16      0.39      0.00      0.00      0.16      0.39      0.00
12:27:54 PM      0.00      0.15      0.39      0.00      0.00      0.15      0.39      0.00
12:27:59 PM      0.00      0.14      0.38      0.00      0.00      0.14      0.38      0.00
12:28:04 PM      1.05      0.32      0.41      2.94      1.05      0.32      0.41      2.94
12:28:09 PM      0.57      0.29      0.41      1.75      0.57      0.29      0.41      1.75
12:28:14 PM      0.98      0.40      0.43      0.03      0.98      0.40      0.43      0.03
12:28:19 PM      0.53      0.36      0.42      0.00      0.53      0.36      0.42      0.00
12:28:24 PM      0.36      0.33      0.41      0.00      0.36      0.33      0.41      0.00
12:28:29 PM      0.19      0.30      0.40      0.00      0.19      0.30      0.40      0.00
12:28:34 PM      0.13      0.28      0.40      0.00      0.13      0.28      0.40      0.00
12:28:39 PM      0.07      0.25      0.39      0.00      0.07      0.25      0.39      0.00
12:28:44 PM      0.04      0.24      0.38      0.00      0.04      0.24      0.38      0.00
12:28:49 PM      0.02      0.21      0.37      0.00      0.02      0.21      0.37      0.00
12:28:54 PM      0.01      0.20      0.37      0.00      0.01      0.20      0.37      0.00
12:28:59 PM      0.00      0.18      0.36      0.00      0.00      0.18      0.36      0.00
12:29:04 PM      0.00      0.17      0.35      0.00      0.00      0.17      0.35      0.00
12:29:09 PM      0.00      0.15      0.35      0.00      0.00      0.15      0.35      0.00
12:29:14 PM      0.00      0.14      0.34      0.00      0.00      0.14      0.34      0.00
12:29:19 PM      0.00      0.12      0.33      0.00      0.00      0.12      0.33      0.00
12:29:24 PM      0.00      0.12      0.33      0.01      0.00      0.12      0.33      0.01
12:29:29 PM      0.00      0.10      0.32      0.00      0.00      0.10      0.32      0.00
12:29:34 PM      0.00      0.10      0.32      0.00      0.00      0.10      0.32      0.00
12:29:39 PM      0.00      0.09      0.31      0.00      0.00      0.09      0.31      0.00
12:29:44 PM      0.00      0.08      0.30      0.00      0.00      0.08      0.30      0.00
12:29:49 PM      0.00      0.07      0.30      0.00      0.00      0.07      0.30      0.00
12:29:54 PM      0.00      0.06      0.29      0.00      0.00      0.06      0.29      0.00
12:29:59 PM      0.00      0.06      0.28      0.00      0.00      0.06      0.28      0.00
12:30:04 PM      0.00      0.05      0.28      0.00      0.00      0.05      0.28      0.00
12:30:09 PM      0.00      0.05      0.27      0.00      0.00      0.05      0.27      0.00
12:30:14 PM      0.00      0.04      0.27      0.00      0.00      0.04      0.27      0.00
12:30:19 PM      0.00      0.04      0.26      0.00      0.00      0.04      0.26      0.00
12:30:24 PM      0.00      0.03      0.26      0.00      0.00      0.03      0.26      0.00
12:30:29 PM      0.00      0.03      0.25      0.00      0.00      0.03      0.25      0.00
12:30:34 PM      0.00      0.03      0.25      0.00      0.00      0.03      0.25      0.00
12:30:39 PM      0.00      0.02      0.24      0.00      0.00      0.02      0.24      0.00
12:30:44 PM      0.00      0.02      0.24      0.00      0.00      0.02      0.24      0.00
12:30:49 PM      0.00      0.02      0.23      0.00      0.00      0.02      0.23      0.00
12:30:54 PM      0.00      0.02      0.23      0.00      0.00      0.02      0.23      0.00
12:30:59 PM      0.00      0.01      0.22      0.00      0.00      0.01      0.22      0.00
12:31:04 PM      0.00      0.01      0.22      0.00      0.00      0.01      0.22      0.00
12:31:09 PM      0.00      0.01      0.22      0.00      0.00      0.01      0.22      0.00
12:31:14 PM      0.00      0.01      0.21      0.00      0.00      0.01      0.21      0.00
12:31:19 PM      0.00      0.01      0.21      0.00      0.00      0.01      0.21      0.00
12:31:24 PM      0.00      0.01      0.20      0.00      0.00      0.01      0.20      0.00
12:31:29 PM      0.00      0.00      0.20      0.00      0.00      0.00      0.20      0.00
12:31:34 PM      0.00      0.00      0.20      0.00      0.00      0.00      0.20      0.00
12:31:39 PM      0.00      0.00      0.19      0.00      0.00      0.00      0.19      0.00
12:31:44 PM      0.00      0.00      0.19      0.01      0.00      0.00      0.19      0.01
12:31:49 PM      0.00      0.00      0.18      0.00      0.00      0.00      0.18      0.00
12:31:54 PM      0.00      0.00      0.18      0.00      0.00      0.00      0.18      0.00
12:31:59 PM      0.00      0.00      0.18      0.00      0.00      0.00      0.18      0.00
12:32:04 PM      0.00      0.00      0.17      0.00      0.00      0.00      0.17      0.00
12:32:09 PM      0.00      0.00      0.17      0.00      0.00      0.00      0.17      0.00
12:32:14 PM      0.00      0.00      0.17      0.00      0.00      0.00      0.17      0.00
12:32:19 PM      0.00      0.00      0.16      0.00      0.00      0.00      0.16      0.00
12:32:24 PM      0.00      0.00      0.16      0.00      0.00      0.00      0.16      0.00
12:32:29 PM      0.00      0.00      0.15      0.00      0.00      0.00      0.15      0.00
12:32:34 PM      0.00      0.00      0.15      0.00      0.00      0.00      0.15      0.00
12:32:39 PM      0.00      0.00      0.15      0.00      0.00      0.00      0.15      0.00
12:32:44 PM      0.00      0.00      0.14      0.00      0.00      0.00      0.14      0.00
12:32:49 PM      0.00      0.00      0.14      0.00      0.00      0.00      0.14      0.00
12:32:54 PM      0.00      0.00      0.14      0.00      0.00      0.00      0.14      0.00
12:32:59 PM      0.00      0.00      0.13      0.00      0.00      0.00      0.13      0.00
12:33:04 PM      0.00      0.00      0.13      0.00      0.00      0.00      0.13      0.00
12:33:09 PM      0.00      0.00      0.13      0.00      0.00      0.00      0.13      0.00
12:33:14 PM      0.00      0.00      0.13      0.00      0.00      0.00      0.13      0.00
12:33:19 PM      0.00      0.00      0.12      0.00      0.00      0.00      0.12      0.00
12:33:24 PM      0.44      0.09      0.14      1.49      0.44      0.09      0.14      1.49
12:33:29 PM      0.24      0.08      0.14      0.00      0.24      0.08      0.14      0.00
12:33:34 PM      0.16      0.07      0.14      1.55      0.16      0.07      0.14      1.55
12:33:39 PM      4.93      1.21      0.38     13.70      4.93      1.21      0.38     13.70
12:33:44 PM      3.30      1.13      0.38      0.01      3.30      1.13      0.38      0.01
12:33:49 PM      1.81      1.03      0.37      0.00      1.81      1.03      0.37      0.00
12:33:54 PM      1.21      0.96      0.36      0.00      1.21      0.96      0.36      0.00
12:33:59 PM      0.66      0.87      0.35      0.00      0.66      0.87      0.35      0.00
12:34:04 PM      0.44      0.81      0.35      0.00      0.44      0.81      0.35      0.00
12:34:09 PM      0.24      0.73      0.34      0.04      0.24      0.73      0.34      0.01
12:34:14 PM      0.16      0.68      0.34      0.00      0.16      0.68      0.34      0.00
12:34:19 PM      0.08      0.62      0.33      0.00      0.08      0.62      0.33      0.00
12:34:24 PM      0.05      0.58      0.32      0.00      0.05      0.58      0.32      0.00
12:34:29 PM      0.32      0.58      0.33      0.81      0.32      0.58      0.33      0.81
12:34:34 PM      0.22      0.55      0.33      0.00      0.22      0.55      0.33      0.00
12:34:39 PM      0.12      0.49      0.32      0.00      0.12      0.49      0.32      0.00
12:34:44 PM      0.08      0.46      0.31      0.00      0.08      0.46      0.31      0.00
12:34:49 PM      0.04      0.42      0.31      0.00      0.04      0.42      0.31      0.00
12:34:54 PM      0.02      0.39      0.30      0.01      0.02      0.39      0.30      0.01
12:34:59 PM      0.01      0.35      0.29      0.00      0.01      0.35      0.29      0.00
12:35:04 PM      0.00      0.33      0.29      0.00      0.00      0.33      0.29      0.00
12:35:09 PM      0.00      0.29      0.28      0.32      0.00      0.29      0.28      0.32
12:35:14 PM      1.28      0.53      0.33      3.45      1.28      0.53      0.33      3.45
12:35:19 PM      0.70      0.48      0.33      0.00      0.70      0.48      0.33      0.00
12:35:24 PM      0.47      0.45      0.32      0.00      0.47      0.45      0.32      0.00
12:35:29 PM      0.25      0.40      0.31      0.00      0.25      0.40      0.31      0.00
12:35:34 PM      0.17      0.38      0.31      0.00      0.17      0.38      0.31      0.00
12:35:39 PM      0.09      0.34      0.30      0.01      0.09      0.34      0.30      0.01
12:35:44 PM      0.06      0.32      0.30      0.00      0.06      0.32      0.30      0.00
12:35:49 PM      0.03      0.29      0.29      0.00      0.03      0.29      0.29      0.00
12:35:54 PM      0.02      0.27      0.28      0.00      0.02      0.27      0.28      0.00
12:35:59 PM      0.01      0.24      0.28      0.00      0.01      0.24      0.28      0.00
12:36:04 PM      0.00      0.22      0.27      0.00      0.00      0.22      0.27      0.00
12:36:09 PM      0.00      0.20      0.27      0.01      0.00      0.20      0.27      0.01
12:36:14 PM      0.00      0.19      0.26      0.00      0.00      0.19      0.26      0.00
12:36:19 PM      0.00      0.17      0.26      0.00      0.00      0.17      0.26      0.00
12:36:24 PM      0.00      0.16      0.25      0.00      0.00      0.16      0.25      0.00
12:36:29 PM      0.00      0.14      0.25      0.05      0.00      0.14      0.25      0.05
12:36:34 PM      0.00      0.13      0.24      0.00      0.00      0.13      0.24      0.00
12:36:39 PM      0.00      0.12      0.24      0.00      0.00      0.12      0.24      0.00
12:36:44 PM      0.00      0.11      0.23      0.00      0.00      0.11      0.23      0.00
12:36:49 PM      0.00      0.10      0.23      0.00      0.00      0.10      0.23      0.00
12:36:54 PM      0.00      0.09      0.22      0.00      0.00      0.09      0.22      0.00
12:36:59 PM      0.00      0.08      0.22      0.00      0.00      0.08      0.22      0.00
12:37:04 PM      0.00      0.08      0.22      0.00      0.00      0.08      0.22      0.00
12:37:09 PM      0.00      0.07      0.21      0.00      0.00      0.07      0.21      0.00
12:37:14 PM      0.00      0.06      0.21      0.00      0.00      0.06      0.21      0.00
12:37:19 PM      0.00      0.05      0.20      0.00      0.00      0.05      0.20      0.00
12:37:24 PM      0.00      0.05      0.20      0.00      0.00      0.05      0.20      0.00
12:37:29 PM      0.00      0.04      0.19      0.00      0.00      0.04      0.19      0.00
12:37:34 PM      0.00      0.04      0.19      0.00      0.00      0.04      0.19      0.00
12:37:39 PM      0.00      0.04      0.19      0.00      0.00      0.04      0.19      0.00
12:37:44 PM      0.00      0.03      0.18      0.00      0.00      0.03      0.18      0.00
12:37:49 PM      0.00      0.03      0.18      0.00      0.00      0.03      0.18      0.00
12:37:54 PM      0.00      0.03      0.18      0.00      0.00      0.03      0.18      0.00
12:37:59 PM      0.00      0.02      0.17      0.00      0.00      0.02      0.17      0.00
12:38:04 PM      0.00      0.02      0.17      0.00      0.00      0.02      0.17      0.00
12:38:09 PM      0.00      0.02      0.16      0.00      0.00      0.02      0.16      0.00
12:38:14 PM      0.00      0.02      0.16      0.00      0.00      0.02      0.16      0.00
12:38:19 PM      0.00      0.01      0.16      0.00      0.00      0.01      0.16      0.00
12:38:24 PM      0.00      0.01      0.15      0.00      0.00      0.01      0.15      0.00
12:38:29 PM      0.00      0.01      0.15      0.00      0.00      0.01      0.15      0.00
12:38:34 PM      0.00      0.01      0.15      0.00      0.00      0.01      0.15      0.00
12:38:39 PM      0.00      0.01      0.14      0.00      0.00      0.01      0.14      0.00
12:38:44 PM      0.14      0.04      0.15      0.58      0.14      0.04      0.15      0.58
12:38:49 PM      0.08      0.03      0.14      0.00      0.08      0.03      0.14      0.00
12:38:54 PM      0.05      0.03      0.14      0.00      0.05      0.03      0.14      0.00
12:38:59 PM      0.02      0.03      0.14      0.00      0.02      0.03      0.14      0.00
12:39:04 PM      0.01      0.02      0.13      0.00      0.01      0.02      0.13      0.00
12:39:09 PM      0.00      0.02      0.13      0.00      0.00      0.02      0.13      0.00
12:39:14 PM      0.00      0.02      0.13      0.00      0.00      0.02      0.13      0.00
12:39:19 PM      0.00      0.02      0.13      0.00      0.00      0.02      0.13      0.00
12:39:24 PM      0.00      0.01      0.12      0.00      0.00      0.01      0.12      0.00
12:39:29 PM      0.00      0.01      0.12      0.00      0.00      0.01      0.12      0.00
12:39:34 PM      0.00      0.01      0.12      0.00      0.00      0.01      0.12      0.00
12:39:39 PM      0.00      0.01      0.12      0.00      0.00      0.01      0.12      0.00
12:39:44 PM      0.00      0.01      0.11      0.00      0.00      0.01      0.11      0.00
12:39:49 PM      0.00      0.01      0.11      0.00      0.00      0.01      0.11      0.00
12:39:54 PM      0.00      0.00      0.11      0.00      0.00      0.00      0.11      0.00
12:39:59 PM      0.00      0.00      0.11      0.00      0.00      0.00      0.11      0.00
12:40:04 PM      0.00      0.00      0.10      0.00      0.00      0.00      0.10      0.00
12:40:09 PM      0.00      0.00      0.10      0.00      0.00      0.00      0.10      0.00
12:40:14 PM      0.00      0.00      0.10      0.00      0.00      0.00      0.10      0.00
12:40:19 PM      0.00      0.00      0.10      0.00      0.00      0.00      0.10      0.00
12:40:24 PM      0.00      0.00      0.10      0.00      0.00      0.00      0.10      0.00
12:40:29 PM      0.00      0.00      0.09      0.00      0.00      0.00      0.09      0.00
12:40:34 PM      0.00      0.00      0.09      0.00      0.00      0.00      0.09      0.00
12:40:39 PM      0.00      0.00      0.09      0.00      0.00      0.00      0.09      0.00
12:40:44 PM      0.00      0.00      0.09      0.00      0.00      0.00      0.09      0.00
12:40:49 PM      0.00      0.00      0.08      0.00      0.00      0.00      0.08      0.00
12:40:54 PM      0.00      0.00      0.08      0.00      0.00      0.00      0.08      0.00
12:40:59 PM      0.00      0.00      0.08      0.00      0.00      0.00      0.08      0.00
12:41:04 PM      0.00      0.00      0.08      0.00      0.00      0.00      0.08      0.00
12:41:09 PM      0.00      0.00      0.07      0.00      0.00      0.00      0.07      0.00
12:41:14 PM      0.00      0.00      0.07      0.00      0.00      0.00      0.07      0.00
12:41:19 PM      0.00      0.00      0.07      0.00      0.00      0.00      0.07      0.00
12:41:24 PM      0.00      0.00      0.07      0.01      0.00      0.00      0.07      0.01
12:41:29 PM      0.00      0.00      0.06      0.00      0.00      0.00      0.06      0.00
12:41:34 PM      0.00      0.00      0.06      0.00      0.00      0.00      0.06      0.00
12:41:39 PM      0.00      0.00      0.06      0.00      0.00      0.00      0.06      0.00
12:41:44 PM      0.00      0.00      0.06      0.00      0.00      0.00      0.06      0.00
12:41:49 PM      0.00      0.00      0.06      0.00      0.00      0.00      0.06      0.00
12:41:54 PM      0.00      0.00      0.06      0.00      0.00      0.00      0.06      0.00
12:41:59 PM      0.00      0.00      0.06      0.00      0.00      0.00      0.06      0.00
12:42:04 PM      0.00      0.00      0.06      0.00      0.00      0.00      0.06      0.00
12:42:09 PM      0.00      0.00      0.06      0.00      0.00      0.00      0.06      0.00
12:42:14 PM      0.00      0.00      0.05      0.00      0.00      0.00      0.05      0.00
12:42:19 PM      0.00      0.00      0.05      0.00      0.00      0.00      0.05      0.00
12:42:24 PM      0.00      0.00      0.05      0.00      0.00      0.00      0.05      0.00
12:42:29 PM      0.00      0.00      0.05      0.00      0.00      0.00      0.05      0.00
12:42:34 PM      0.00      0.00      0.05      0.00      0.00      0.00      0.05      0.00
12:42:39 PM      0.00      0.00      0.05      0.00      0.00      0.00      0.05      0.00
12:42:44 PM      0.00      0.00      0.05      0.00      0.00      0.00      0.05      0.00
12:42:49 PM      0.00      0.00      0.05      0.00      0.00      0.00      0.05      0.00
12:42:54 PM      0.00      0.00      0.04      0.00      0.00      0.00      0.04      0.00
12:42:59 PM      0.00      0.00      0.04      0.00      0.00      0.00      0.04      0.00
12:43:04 PM      0.00      0.00      0.04      0.00      0.00      0.00      0.04      0.00
12:43:09 PM      0.00      0.00      0.04      0.01      0.00      0.00      0.04      0.01
12:43:14 PM      0.00      0.00      0.04      0.00      0.00      0.00      0.04      0.00
12:43:19 PM      0.00      0.00      0.04      0.00      0.00      0.00      0.04      0.00
12:43:24 PM      0.00      0.00      0.04      0.00      0.00      0.00      0.04      0.00
12:43:29 PM      0.00      0.00      0.04      0.00      0.00      0.00      0.04      0.00
12:43:34 PM      0.00      0.00      0.03      0.00      0.00      0.00      0.03      0.00
12:43:39 PM      0.00      0.00      0.03      7.25      0.00      0.00      0.03      7.25
12:43:44 PM      2.60      0.64      0.17      1.48      2.60      0.64      0.17      1.48
12:43:49 PM      1.74      0.60      0.17      0.00      1.74      0.60      0.17      0.00
12:43:54 PM      0.95      0.54      0.17      0.00      0.95      0.54      0.17      0.00
12:43:59 PM      0.64      0.50      0.16      0.01      0.64      0.50      0.16      0.01
12:44:04 PM      0.50      0.49      0.17      0.77      0.50      0.49      0.17      0.77
12:44:09 PM      0.33      0.46      0.16      0.00      0.33      0.46      0.16      0.00
12:44:14 PM      0.18      0.41      0.16      0.00      0.18      0.41      0.16      0.00
12:44:19 PM      0.12      0.38      0.16      0.00      0.12      0.38      0.16      0.00
12:44:24 PM      0.06      0.35      0.15      0.00      0.06      0.35      0.15      0.00
12:44:29 PM      0.04      0.32      0.15      0.00      0.04      0.32      0.15      0.00
12:44:34 PM      0.20      0.32      0.15      0.62      0.20      0.32      0.15      0.62
12:44:39 PM      3.94      0.99      0.29      8.35      3.94      0.99      0.29      8.34
12:44:44 PM      2.16      0.89      0.29      0.00      2.16      0.89      0.29      0.00
12:44:49 PM      1.44      0.84      0.28      0.00      1.44      0.84      0.28      0.00
12:44:54 PM      0.79      0.76      0.27      0.00      0.79      0.76      0.27      0.00
12:44:59 PM      0.53      0.71      0.27      0.00      0.53      0.71      0.27      0.00
12:45:04 PM      0.29      0.64      0.27      0.00      0.29      0.64      0.27      0.00
12:45:09 PM      0.19      0.60      0.26      0.00      0.19      0.60      0.26      0.00
12:45:14 PM      0.10      0.54      0.26      0.00      0.10      0.54      0.26      0.00
12:45:19 PM      0.07      0.50      0.25      0.00      0.07      0.50      0.25      0.00
12:45:24 PM      0.03      0.45      0.25      0.00      0.03      0.45      0.25      0.00
12:45:29 PM      0.02      0.42      0.24      0.00      0.02      0.42      0.24      0.00
12:45:34 PM      0.01      0.38      0.24      0.00      0.01      0.38      0.24      0.00
12:45:39 PM      0.00      0.36      0.23      0.00      0.00      0.36      0.23      0.00
12:45:44 PM      0.00      0.32      0.23      0.00      0.00      0.32      0.23      0.00
12:45:49 PM      0.00      0.30      0.22      0.00      0.00      0.30      0.22      0.00
12:45:54 PM      0.00      0.27      0.22      0.00      0.00      0.27      0.22      0.00
12:45:59 PM      0.00      0.25      0.21      0.00      0.00      0.25      0.21      0.00
12:46:04 PM      0.00      0.23      0.21      0.00      0.00      0.23      0.21      0.00
12:46:09 PM      0.00      0.21      0.20      0.00      0.00      0.21      0.20      0.00
12:46:14 PM      0.00      0.19      0.20      0.00      0.00      0.19      0.20      0.00
12:46:19 PM      0.00      0.18      0.20      0.00      0.00      0.18      0.20      0.00
12:46:24 PM      0.00      0.16      0.19      0.01      0.00      0.16      0.19      0.01
12:46:29 PM      0.00      0.15      0.19      0.00      0.00      0.15      0.19      0.00
12:46:34 PM      0.00      0.13      0.18      0.00      0.00      0.13      0.18      0.00
12:46:39 PM      0.00      0.12      0.18      0.00      0.00      0.12      0.18      0.00
12:46:44 PM      0.00      0.11      0.18      0.00      0.00      0.11      0.18      0.00
12:46:49 PM      0.00      0.10      0.17      0.00      0.00      0.10      0.17      0.00
12:46:54 PM      0.00      0.09      0.17      0.00      0.00      0.09      0.17      0.00
12:46:59 PM      0.00      0.09      0.17      0.00      0.00      0.09      0.17      0.00
12:47:04 PM      0.00      0.08      0.16      0.00      0.00      0.08      0.16      0.00
12:47:09 PM      0.00      0.07      0.16      0.00      0.00      0.07      0.16      0.00
12:47:14 PM      0.00      0.06      0.16      0.00      0.00      0.06      0.16      0.00
12:47:19 PM      0.00      0.06      0.15      0.00      0.00      0.06      0.15      0.00
12:47:24 PM      0.00      0.05      0.15      0.00      0.00      0.05      0.15      0.00
12:47:29 PM      0.00      0.05      0.15      0.00      0.00      0.05      0.15      0.00
12:47:34 PM      0.00      0.04      0.14      0.00      0.00      0.04      0.14      0.00
12:47:39 PM      0.00      0.04      0.14      0.00      0.00      0.04      0.14      0.00
12:47:44 PM      0.00      0.03      0.13      0.00      0.00      0.03      0.13      0.00
12:47:49 PM      0.00      0.03      0.13      0.00      0.00      0.03      0.13      0.00
12:47:54 PM      0.00      0.03      0.13      0.00      0.00      0.03      0.13      0.00
12:47:59 PM      0.00      0.02      0.13      0.00      0.00      0.02      0.13      0.00
12:48:04 PM      0.00      0.02      0.12      0.00      0.00      0.02      0.12      0.00
12:48:09 PM      0.18      0.05      0.13      0.49      0.18      0.05      0.13      0.49
12:48:14 PM      0.09      0.05      0.13      0.00      0.09      0.05      0.13      0.00
12:48:19 PM      0.06      0.04      0.13      0.00      0.06      0.04      0.13      0.00
12:48:24 PM      0.03      0.04      0.12      0.00      0.03      0.04      0.12      0.00
12:48:29 PM      0.02      0.03      0.12      0.00      0.02      0.03      0.12      0.00
12:48:34 PM      0.01      0.03      0.12      0.00      0.01      0.03      0.12      0.00
12:48:39 PM      0.00      0.03      0.12      0.00      0.00      0.03      0.12      0.00
12:48:44 PM      0.00      0.02      0.11      0.00      0.00      0.02      0.11      0.00
12:48:49 PM      0.00      0.02      0.11      0.00      0.00      0.02      0.11      0.00
12:48:54 PM      0.00      0.02      0.11      0.00      0.00      0.02      0.11      0.00
12:48:59 PM      0.00      0.02      0.11      0.00      0.00      0.02      0.11      0.00
12:49:04 PM      0.00      0.01      0.10      0.00      0.00      0.01      0.10      0.00
12:49:09 PM      0.00      0.01      0.10      0.00      0.00      0.01      0.10      0.00
12:49:14 PM      0.00      0.01      0.10      0.01      0.00      0.01      0.10      0.01
12:49:19 PM      0.00      0.01      0.10      0.24      0.00      0.01      0.10      0.24
12:49:24 PM      0.00      0.01      0.09      0.00      0.00      0.01      0.09      0.00
12:49:29 PM      0.00      0.01      0.09      0.00      0.00      0.01      0.09      0.00
12:49:34 PM      0.00      0.00      0.09      0.01      0.00      0.00      0.09      0.01
12:49:39 PM      0.00      0.00      0.09      0.00      0.00      0.00      0.09      0.00
12:49:44 PM      0.00      0.00      0.08      0.00      0.00      0.00      0.08      0.00
12:49:49 PM      0.00      0.00      0.08      0.00      0.00      0.00      0.08      0.00
12:49:54 PM      0.00      0.00      0.08      0.00      0.00      0.00      0.08      0.00
12:49:59 PM      0.00      0.00      0.08      0.00      0.00      0.00      0.08      0.00
12:50:04 PM      0.00      0.00      0.07      0.00      0.00      0.00      0.07      0.00
12:50:09 PM      0.00      0.00      0.07      0.00      0.00      0.00      0.07      0.00
12:50:14 PM      0.00      0.00      0.07      0.00      0.00      0.00      0.07      0.00
12:50:19 PM      0.00      0.00      0.07      0.00      0.00      0.00      0.07      0.00
12:50:24 PM      0.00      0.00      0.06      0.00      0.00      0.00      0.06      0.00
12:50:29 PM      0.00      0.00      0.06      0.00      0.00      0.00      0.06      0.00
12:50:34 PM      0.00      0.00      0.06      0.00      0.00      0.00      0.06      0.00
12:50:39 PM      0.00      0.00      0.06      0.00      0.00      0.00      0.06      0.00
12:50:44 PM      0.00      0.00      0.06      0.00      0.00      0.00      0.06      0.00
12:50:49 PM      0.00      0.00      0.06      0.00      0.00      0.00      0.06      0.00
12:50:54 PM      0.00      0.00      0.06      0.00      0.00      0.00      0.06      0.00
12:50:59 PM      0.00      0.00      0.06      0.00      0.00      0.00      0.06      0.00
12:51:04 PM      0.00      0.00      0.06      0.00      0.00      0.00      0.06      0.00
12:51:09 PM      0.00      0.00      0.05      0.00      0.00      0.00      0.05      0.00
12:51:14 PM      0.00      0.00      0.05      0.00      0.00      0.00      0.05      0.00
12:51:19 PM      0.00      0.00      0.05      0.00      0.00      0.00      0.05      0.00
12:51:24 PM      0.00      0.00      0.05      0.00      0.00      0.00      0.05      0.00
12:51:29 PM      0.00      0.00      0.05      0.00      0.00      0.00      0.05      0.00
12:51:34 PM      0.00      0.00      0.05      0.00      0.00      0.00      0.05      0.00
12:51:39 PM      0.00      0.00      0.05      0.00      0.00      0.00      0.05      0.00
12:51:44 PM      0.00      0.00      0.05      0.00      0.00      0.00      0.05      0.00
12:51:49 PM      0.00      0.00      0.04      0.00      0.00      0.00      0.04      0.00
12:51:54 PM      0.00      0.00      0.04      0.00      0.00      0.00      0.04      0.00
12:51:59 PM      0.00      0.00      0.04      0.00      0.00      0.00      0.04      0.00
12:52:04 PM      0.00      0.00      0.04      0.00      0.00      0.00      0.04      0.00
12:52:09 PM      0.00      0.00      0.04      0.00      0.00      0.00      0.04      0.00
12:52:14 PM      0.00      0.00      0.04      0.00      0.00      0.00      0.04      0.00
12:52:19 PM      0.00      0.00      0.04      0.00      0.00      0.00      0.04      0.00
12:52:24 PM      0.00      0.00      0.04      0.00      0.00      0.00      0.04      0.00
12:52:29 PM      0.00      0.00      0.03      0.00      0.00      0.00      0.03      0.00
12:52:34 PM      0.00      0.00      0.03      0.00      0.00      0.00      0.03      0.00
12:52:39 PM      0.00      0.00      0.03      0.00      0.00      0.00      0.03      0.00
12:52:44 PM      0.00      0.00      0.03      0.00      0.00      0.00      0.03      0.00
12:52:49 PM      0.00      0.00      0.03      0.00      0.00      0.00      0.03      0.00
12:52:54 PM      0.00      0.00      0.03      0.00      0.00      0.00      0.03      0.00
12:52:59 PM      0.00      0.00      0.03      0.00      0.00      0.00      0.03      0.00
12:53:04 PM      0.00      0.00      0.03      0.00      0.00      0.00      0.03      0.00
12:53:09 PM      0.00      0.00      0.02      0.00      0.00      0.00      0.02      0.00
12:53:14 PM      0.00      0.00      0.02      0.00      0.00      0.00      0.02      0.00
12:53:19 PM      0.00      0.00      0.02      0.00      0.00      0.00      0.02      0.00
12:53:24 PM      0.00      0.00      0.02      0.00      0.00      0.00      0.02      0.00
12:53:29 PM      0.00      0.00      0.02      0.00      0.00      0.00      0.02      0.00
12:53:34 PM      0.00      0.00      0.02      0.00      0.00      0.00      0.02      0.00
12:53:39 PM      0.00      0.00      0.02      0.00      0.00      0.00      0.02      0.00
12:53:44 PM      6.15      1.11      0.25     21.32      6.15      1.11      0.25     21.31
12:53:49 PM     16.07      3.38      0.74     21.66     16.07      3.38      0.74     21.65
12:53:54 PM      8.82      3.06      0.73      0.00      8.82      3.06      0.73      0.00
12:53:59 PM      5.91      2.86      0.72      0.00      5.91      2.86      0.72      0.00
12:54:04 PM      3.24      2.59      0.70      0.02      3.24      2.59      0.70      0.01
12:54:09 PM      2.17      2.42      0.69      0.00      2.17      2.42      0.69      0.00
12:54:14 PM      1.19      2.19      0.68      0.00      1.19      2.19      0.68      0.00
12:54:19 PM      0.80      2.05      0.67      0.00      0.80      2.05      0.67      0.00
12:54:24 PM      0.43      1.85      0.65      0.00      0.43      1.85      0.65      0.00
12:54:29 PM      0.29      1.73      0.64      0.00      0.29      1.73      0.64      0.00
12:54:34 PM      0.16      1.57      0.63      0.02      0.16      1.57      0.63      0.01
12:54:39 PM      7.63      2.86      0.91     17.47      7.63      2.86      0.91     17.46
12:54:44 PM      4.19      2.59      0.89      0.00      4.19      2.59      0.89      0.00
12:54:49 PM      2.80      2.42      0.88      0.00      2.80      2.42      0.88      0.00
12:54:54 PM      1.54      2.19      0.86      0.01      1.54      2.19      0.86      0.01
12:54:59 PM      1.03      2.05      0.85      0.00      1.03      2.05      0.85      0.00
12:55:04 PM      0.56      1.85      0.83      0.00      0.56      1.85      0.83      0.00
12:55:09 PM      0.37      1.73      0.82      0.00      0.37      1.73      0.82      0.00
12:55:14 PM      0.20      1.57      0.80      0.00      0.20      1.57      0.80      0.00
12:55:19 PM      0.13      1.47      0.79      0.00      0.13      1.47      0.79      0.00
12:55:24 PM      0.07      1.33      0.77      0.00      0.07      1.33      0.77      0.00
12:55:29 PM      0.05      1.24      0.76      0.00      0.05      1.24      0.76      0.00
12:55:34 PM      0.02      1.12      0.75      0.00      0.02      1.12      0.75      0.00
12:55:39 PM      0.01      1.05      0.74      0.00      0.01      1.05      0.74      0.00
12:55:44 PM      0.00      0.95      0.72      0.00      0.00      0.95      0.72      0.00
12:55:49 PM      0.00      0.89      0.71      0.00      0.00      0.89      0.71      0.00
12:55:54 PM      0.00      0.80      0.70      0.00      0.00      0.80      0.70      0.00
12:55:59 PM      0.00      0.75      0.69      0.00      0.00      0.75      0.69      0.00
12:56:04 PM      0.00      0.68      0.67      0.00      0.00      0.68      0.67      0.00
12:56:09 PM      0.00      0.63      0.66      0.00      0.00      0.63      0.66      0.00
12:56:14 PM      0.00      0.57      0.65      0.00      0.00      0.57      0.65      0.00
12:56:19 PM      0.00      0.53      0.64      0.00      0.00      0.53      0.64      0.00
12:56:24 PM      0.00      0.48      0.62      0.00      0.00      0.48      0.62      0.00
12:56:29 PM      0.00      0.45      0.61      0.01      0.00      0.45      0.61      0.01
12:56:34 PM      0.00      0.41      0.60      0.00      0.00      0.41      0.60      0.00
12:56:39 PM      0.00      0.38      0.59      2.40      0.00      0.38      0.59      2.40
12:56:44 PM     10.31      2.63      1.08     27.05     10.31      2.63      1.08     27.05
12:56:49 PM      6.91      2.46      1.06      0.00      6.91      2.46      1.06      0.00
12:56:54 PM      3.79      2.23      1.04      0.00      3.79      2.23      1.04      0.00
12:56:59 PM      2.54      2.08      1.02      0.12      2.54      2.08      1.02      0.12
12:57:04 PM      1.39      1.89      1.00      0.00      1.39      1.89      1.00      0.00
12:57:09 PM      0.93      1.76      0.99      0.20      0.93      1.76      0.99      0.20
12:57:14 PM      0.51      1.60      0.97      0.00      0.51      1.60      0.97      0.00
12:57:19 PM      0.34      1.49      0.95      0.01      0.34      1.49      0.95      0.01
12:57:24 PM      0.18      1.35      0.93      0.00      0.18      1.35      0.93      0.00
12:57:29 PM      0.12      1.26      0.92      0.25      0.12      1.26      0.92      0.25
12:57:34 PM      0.06      1.14      0.90      0.00      0.06      1.14      0.90      0.00
12:57:39 PM      0.04      1.07      0.89      0.00      0.04      1.07      0.89      0.00
12:57:44 PM      0.02      0.96      0.87      0.00      0.02      0.96      0.87      0.00
12:57:49 PM      0.01      0.90      0.85      0.00      0.01      0.90      0.85      0.00
12:57:54 PM      0.00      0.81      0.84      0.00      0.00      0.81      0.84      0.00
12:57:59 PM      0.00      0.76      0.83      0.00      0.00      0.76      0.83      0.00
12:58:04 PM      0.00      0.69      0.81      0.00      0.00      0.69      0.81      0.00
12:58:09 PM      0.00      0.64      0.80      0.00      0.00      0.64      0.80      0.00
12:58:14 PM      0.00      0.58      0.78      0.01      0.00      0.58      0.78      0.01
12:58:19 PM      0.00      0.54      0.77      0.00      0.00      0.54      0.77      0.00
12:58:24 PM      0.00      0.49      0.75      0.00      0.00      0.49      0.75      0.00
12:58:29 PM      0.00      0.46      0.74      0.00      0.00      0.46      0.74      0.00
12:58:34 PM      0.00      0.41      0.72      0.00      0.00      0.41      0.72      0.00
12:58:39 PM      0.00      0.39      0.71      0.00      0.00      0.39      0.71      0.00
12:58:44 PM      0.00      0.35      0.70      0.22      0.00      0.35      0.70      0.22
12:58:49 PM      0.00      0.32      0.69      0.00      0.00      0.32      0.69      0.00
12:58:54 PM      0.00      0.29      0.67      0.07      0.00      0.29      0.67      0.07
12:58:59 PM      0.00      0.27      0.66      0.00      0.00      0.27      0.66      0.00
12:59:04 PM      0.00      0.25      0.65      0.00      0.00      0.25      0.65      0.00
12:59:09 PM      0.00      0.23      0.64      0.00      0.00      0.23      0.64      0.00
12:59:14 PM      0.00      0.21      0.63      0.00      0.00      0.21      0.63      0.00
12:59:19 PM      0.00      0.19      0.62      0.00      0.00      0.19      0.62      0.00
12:59:24 PM      0.00      0.17      0.60      0.00      0.00      0.17      0.60      0.00
12:59:29 PM      0.00      0.16      0.60      0.00      0.00      0.16      0.60      0.00
12:59:34 PM      0.00      0.14      0.58      0.00      0.00      0.14      0.58      0.00
12:59:39 PM      7.06      1.41      0.84     16.18      7.06      1.41      0.84     16.17
12:59:44 PM      3.99      1.31      0.83      0.00      3.99      1.31      0.83      0.00
12:59:49 PM      2.68      1.22      0.82      0.00      2.68      1.22      0.82      0.00
12:59:54 PM      1.47      1.10      0.80      0.05      1.47      1.10      0.80      0.05
12:59:59 PM      4.66      1.77      0.95      9.76      4.66      1.77      0.95      9.76
01:00:04 PM      2.55      1.60      0.93      0.00      2.55      1.60      0.93      0.00
01:00:09 PM      1.71      1.50      0.91      0.00      1.71      1.50      0.91      0.00
01:00:14 PM      0.94      1.35      0.89      0.00      0.94      1.35      0.89      0.00
01:00:19 PM      0.63      1.27      0.88      0.00      0.63      1.27      0.88      0.00
01:00:24 PM      0.34      1.14      0.86      0.01      0.34      1.14      0.86      0.01
01:00:29 PM      0.23      1.07      0.85      0.00      0.23      1.07      0.85      0.00
01:00:34 PM      0.12      0.97      0.83      0.00      0.12      0.97      0.83      0.00
01:00:39 PM      0.08      0.90      0.82      0.00      0.08      0.90      0.82      0.00
01:00:44 PM      0.04      0.82      0.80      0.00      0.04      0.82      0.80      0.00
01:00:49 PM      0.03      0.76      0.79      0.00      0.03      0.76      0.79      0.00
01:00:54 PM      0.01      0.69      0.77      0.00      0.01      0.69      0.77      0.00
01:00:59 PM      0.01      0.64      0.76      0.00      0.01      0.64      0.76      0.00
01:01:04 PM      0.00      0.58      0.75      0.00      0.00      0.58      0.75      0.00
01:01:09 PM      0.00      0.54      0.74      0.00      0.00      0.54      0.74      0.00
01:01:14 PM      0.00      0.49      0.72      0.17      0.00      0.49      0.72      0.17
01:01:19 PM      0.00      0.46      0.71      0.00      0.00      0.46      0.71      0.00
01:01:24 PM      0.00      0.41      0.69      0.17      0.00      0.41      0.69      0.17
01:01:29 PM      0.00      0.39      0.68      0.00      0.00      0.39      0.68      0.00
01:01:34 PM      0.00      0.35      0.67      0.00      0.00      0.35      0.67      0.00
01:01:39 PM      0.00      0.32      0.66      0.10      0.00      0.32      0.66      0.10
01:01:44 PM      0.00      0.29      0.65      0.00      0.00      0.29      0.65      0.00
01:01:49 PM      0.00      0.27      0.64      0.10      0.00      0.27      0.64      0.10
01:01:54 PM      0.00      0.25      0.62      0.00      0.00      0.25      0.62      0.00
01:01:59 PM      0.00      0.23      0.61      0.01      0.00      0.23      0.61      0.01
01:02:04 PM      0.00      0.21      0.60      0.00      0.00      0.21      0.60      0.00
01:02:09 PM      0.00      0.19      0.59      0.00      0.00      0.19      0.59      0.00
01:02:14 PM      0.00      0.17      0.58      0.00      0.00      0.17      0.58      0.00
01:02:19 PM      0.00      0.16      0.57      0.11      0.00      0.16      0.57      0.11
01:02:24 PM      0.00      0.14      0.56      0.00      0.00      0.14      0.56      0.00
01:02:29 PM      0.00      0.13      0.55      0.03      0.00      0.13      0.55      0.03
01:02:34 PM      0.00      0.12      0.54      0.00      0.00      0.12      0.54      0.00
01:02:39 PM      0.00      0.11      0.53      0.00      0.00      0.11      0.53      0.00
01:02:44 PM      0.00      0.10      0.52      0.03      0.00      0.10      0.52      0.03
01:02:49 PM      0.00      0.09      0.51      0.00      0.00      0.09      0.51      0.00
01:02:54 PM      0.00      0.08      0.50      0.00      0.00      0.08      0.50      0.00
01:02:59 PM      0.00      0.08      0.49      0.03      0.00      0.08      0.49      0.03
01:03:04 PM      0.00      0.07      0.48      0.00      0.00      0.07      0.48      0.00
01:03:09 PM      0.00      0.06      0.47      0.00      0.00      0.06      0.47      0.00
Average:         0.29      0.29      0.26      0.30      0.29      0.29      0.25      0.30
