Linux 7.0.9-arch2-1 (archlinux) 	05/25/2026 	_x86_64_	(4 CPU)

11:03:09 AM kbmemfree   kbavail kbmemused  %memused kbbuffers  kbcached  kbcommit   %commit  kbactive   kbinact   kbdirty   kbshmem
11:03:14 AM   1430480   1452928   6452896     81.62      2556    237392   6413416     23.34   6212172     61988      1216      5948
11:03:19 AM   1421560   1444072   6461752     81.73      2556    237456   6413416     23.34   6212248     62052       784      5948
11:03:24 AM   1421560   1444072   6461752     81.73      2556    237460   6413416     23.34   6212248     62052       792      5948
11:03:29 AM   1421308   1443796   6462028     81.74      2556    237416   6405220     23.31   6212296     62028       792      5948
11:03:34 AM   1421308   1443796   6462028     81.74      2556    237420   6397024     23.28   6212272     62028       800      5948
11:03:39 AM   1420564   1443332   6462492     81.74      2556    237720   6397024     23.28   6212276     62300        80      5948
11:03:44 AM   1420324   1443172   6462652     81.75      2556    237768   6397024     23.28   6212304     62380       296      5948
11:03:49 AM   1420100   1442948   6462876     81.75      2556    237768   6397024     23.28   6212320     62380       312      5948
11:03:54 AM   1420100   1442948   6462876     81.75      2556    237768   6397024     23.28   6212320     62380       312      5948
11:03:59 AM   1420100   1442948   6462876     81.75      2556    237768   6397024     23.28   6212320     62380       316      5948
11:04:04 AM   1420100   1442948   6462876     81.75      2556    237768   6397024     23.28   6212320     62380       316      5948
11:04:09 AM   1420100   1443120   6462704     81.75      2556    237940   6397024     23.28   6212320     62552       328      5948
11:04:14 AM   1419848   1442948   6462876     81.75      2556    238072   6397024     23.28   6212320     62628        20      5948
11:04:19 AM   1419848   1443132   6462692     81.75      2556    238204   6397024     23.28   6212324     62812       236      5948
11:04:24 AM   1419848   1443132   6462692     81.75      2556    238200   6397024     23.28   6212324     62812       252      5948
11:04:29 AM   1419848   1443132   6462692     81.75      2556    238200   6397024     23.28   6212336     62812       252      5948
11:04:34 AM   1419624   1442908   6462916     81.75      2556    238200   6397024     23.28   6212336     62812       252      5948
11:04:39 AM   1419624   1442908   6462916     81.75      2556    238200   6397024     23.28   6212336     62812       252      5948
11:04:44 AM   1419372   1442780   6463044     81.75      2556    238424   6397024     23.28   6212336     62936       124      5948
11:04:49 AM   1419156   1442712   6463112     81.75      2556    238472   6397024     23.28   6212404     63084        68      5948
11:04:54 AM   1418904   1442508   6463316     81.75      2556    238520   6397024     23.28   6212404     63132        96      5948
11:04:59 AM   1418904   1442544   6463280     81.75      2556    238556   6397024     23.28   6212404     63168       260      5948
11:05:04 AM   1419156   1442792   6463032     81.75      2556    238552   6397024     23.28   6212404     63164       256      5948
11:05:09 AM   1419156   1442792   6463032     81.75      2556    238552   6397024     23.28   6212404     63164       256      5948
11:05:14 AM   1419156   1442792   6463032     81.75      2556    238552   6397024     23.28   6212404     63164       256      5948
11:05:19 AM   1418904   1442788   6463036     81.75      2556    238860   6397024     23.28   6212404     63412       180      5948
11:05:24 AM   1418904   1442844   6462980     81.75      2556    238888   6397024     23.28   6212404     63468       208      5948
11:05:29 AM   1418904   1442924   6462900     81.75      2556    238936   6397024     23.28   6212404     63548       128      5948
11:05:34 AM   1418904   1442924   6462900     81.75      2556    238936   6397024     23.28   6212404     63548       148      5948
11:05:39 AM   1418904   1442924   6462900     81.75      2556    238936   6397024     23.28   6212404     63548       148      5948
11:05:44 AM   1473148   1497180   6408644     81.06      2556    238940   6397024     23.28   6150964     63552       152      5948
11:05:49 AM   1485836   1509868   6395956     80.90      2556    238940   6397024     23.28   6134580     63552        24      5948
11:05:54 AM   1507904   1532176   6373648     80.62      2556    239180   6397024     23.28   6114100     63792        24      5948
11:05:59 AM   1521004   1545276   6360548     80.45      2556    239228   6397024     23.28   6097716     63792        72      5948
11:06:04 AM   1520248   1544616   6361208     80.46      2556    239324   6397024     23.28   6087476     63888       144      5948
11:06:09 AM   1530520   1554888   6350936     80.33      2556    239324   6397024     23.28   6075188     63888       164      5948
11:06:14 AM   1502492   1526912   6378912     80.69      2556    239328   6397024     23.28   6107964     63940       168      5948
11:06:19 AM   1502268   1526688   6379136     80.69      2556    239332   6397024     23.28   6107964     63940       172      5948
11:06:24 AM   1502268   1526688   6379136     80.69      2556    239328   6397024     23.28   6107968     63940        24      5948
11:06:29 AM   1502268   1526688   6379136     80.69      2556    239328   6397024     23.28   6107968     63940        24      5948
11:06:34 AM   1502268   1526944   6378880     80.69      2556    239584   6397024     23.28   6107968     64196        24      5948
11:06:39 AM   1502268   1526992   6378832     80.69      2556    239680   6397024     23.28   6107968     64244        96      5948
11:06:44 AM   1502268   1527040   6378784     80.68      2556    239680   6397024     23.28   6107968     64292       116      5948
11:06:49 AM   1502268   1527040   6378784     80.68      2556    239688   6397024     23.28   6103872     64292       124      5948
11:06:54 AM   1502268   1527048   6378776     80.68      2556    239688   6397024     23.28   6103876     64300       124      5948
11:06:59 AM   1502268   1527048   6378776     80.68      2556    239688   6397024     23.28   6103876     64300       124      5948
11:07:04 AM   1502268   1527048   6378776     80.68      2556    239688   6397024     23.28   6103880     64300        28      5948
11:07:09 AM   1501740   1526776   6379048     80.69      2556    240072   6397024     23.28   6099500     64548       216      5948
11:07:14 AM   1516264   1541564   6364260     80.50      2556    240200   6397024     23.28   6089492     64812       316      5948
11:07:19 AM   1530736   1556032   6349792     80.32      2556    240204   6397024     23.28   6076376     64808       340      5948
11:07:24 AM   1543572   1568872   6336952     80.16      2556    240200   6397024     23.28   6066144     64808       336      5948
11:07:29 AM   1562036   1587332   6318492     79.92      2556    240200   6397024     23.28   6059992     64808       336      5948
11:07:34 AM   1575732   1601032   6304792     79.75      2556    240200   6397024     23.28   6041564     64808       336      5948
11:07:39 AM   1587480   1613184   6292640     79.59      2556    240696   6405220     23.31   6031324     65212        20      5948
11:07:44 AM   1613320   1639116   6266708     79.27      2556    240696   6405220     23.31   5991940     65304        20      5948
11:07:49 AM   1637736   1663632   6242192     78.96      2556    240808   6404284     23.30   5965864     65416       112      5948
11:07:54 AM   1637232   1663140   6242684     78.96      2556    240808   6404284     23.30   5958312     65416       132      5948
11:07:59 AM   1637232   1663140   6242684     78.96      2556    240808   6404284     23.30   5958312     65416       132      5948
11:08:04 AM   1663040   1688948   6216876     78.64      2556    240808   6404284     23.30   5941928     65416       132      5948
11:08:09 AM   1690876   1716780   6189044     78.28      2556    240808   6404284     23.30   5909812     65416        20      5948
11:08:14 AM   1619804   1645712   6260112     79.18      2556    240808   6404284     23.30   5987204     65416        20      5948
11:08:19 AM   1647332   1673488   6232336     78.83      2556    241164   6404284     23.30   5962568     65664        24      5948
11:08:24 AM   1647080   1673440   6232384     78.83      2556    241260   6404284     23.30   5958608     65868        96      5948
11:08:29 AM   1647080   1673440   6232384     78.83      2556    241260   6404284     23.30   5954372     65868       116      5948
11:08:34 AM   1655948   1675844   6229980     78.80      2556    234796   6404284     23.30   5943916     65864       116      5948
11:08:39 AM   1655696   1675112   6230712     78.81      2556    234316   6404284     23.30   5942428     65864       116      5948
11:08:44 AM   1657104   1674696   6231128     78.82      2556    232504   6404284     23.30   5940600     65864       116      5948
11:08:49 AM   1659920   1676916   6228908     78.79      2556    231896   6404284     23.30   5939328     65864        20      5948
11:08:54 AM   1659668   1676364   6229460     78.80      2556    231620   6404284     23.30   5938780     66112        20      5948
11:08:59 AM   1659416   1673236   6232588     78.84      2556    228780   6404284     23.30   5931732     66184        96      5948
11:09:04 AM   1684828   1697980   6207844     78.52      2556    228112   6404284     23.30   5912640     66184       116      5948
11:09:09 AM   1690516   1703568   6202256     78.45      2556    227956   6404284     23.30   5906500     66232       116      5948
11:09:14 AM   1555188   1571644   6334180     80.12      2556    231364   6404284     23.30   6045044     66232       120      5948
11:09:19 AM   1555188   1571652   6334172     80.12      2556    231364   6404284     23.30   6045052     66236       120      5948
11:09:24 AM   1555188   1571652   6334172     80.12      2556    231364   6404284     23.30   6045052     66236        24      5948
11:09:29 AM   1554936   1571648   6334176     80.12      2556    231652   6404284     23.30   6045060     66484        24      5948
11:09:34 AM   1554936   1571736   6334088     80.12      2556    231748   6404284     23.30   6045060     66572        96      5948
11:09:39 AM   1554936   1571788   6334036     80.12      2556    231752   6404284     23.30   6045060     66624       120      5948
11:09:44 AM   1554936   1571788   6334036     80.12      2556    231752   6404284     23.30   6045060     66624       120      5948
11:09:49 AM   1554936   1571788   6334036     80.12      2556    231752   6404284     23.30   6045060     66624       120      5948
11:09:54 AM   1554936   1571788   6334036     80.12      2556    231752   6404284     23.30   6045060     66624       120      5948
11:09:59 AM   1554936   1571788   6334036     80.12      2556    231752   6404284     23.30   6045060     66624        24      5948
11:10:04 AM   1554432   1571408   6334416     80.12      2556    231992   6404284     23.30   6045060     66748        24      5948
11:10:09 AM   1554432   1571636   6334188     80.12      2556    232104   6404284     23.30   6045060     66976       112      5948
11:10:14 AM   1554432   1571636   6334188     80.12      2556    232104   6404284     23.30   6045060     66976       132      5948
11:10:19 AM   1554432   1571636   6334188     80.12      2556    232104   6404284     23.30   6045060     66976       132      5948
11:10:24 AM   1554432   1571636   6334188     80.12      2556    232104   6404284     23.30   6045060     66976       132      5948
11:10:29 AM   1554432   1571636   6334188     80.12      2556    232104   6404284     23.30   6045060     66976       132      5948
11:10:34 AM   1554432   1571636   6334188     80.12      2556    232112   6404284     23.30   6045060     66976        28      5948
11:10:39 AM   1554180   1571712   6334112     80.12      2556    232432   6404284     23.30   6045060     67304        28      5948
11:10:44 AM   1554180   1571712   6334112     80.12      2556    232544   6404284     23.30   6045060     67304       112      5948
11:10:49 AM   1557872   1575408   6330416     80.07      2556    232436   6404284     23.30   6039140     67416       132      5948
11:10:54 AM   1559360   1576896   6328928     80.05      2556    232440   6404284     23.30   6037736     67416       136      5948
11:10:59 AM   1570760   1587372   6318452     79.92      2556    231516   6404284     23.30   6026172     67416       136      5948
11:11:04 AM   1581324   1597356   6308468     79.80      2556    230936   6404284     23.30   6015180     67416       136      5948
11:11:09 AM   1598444   1614360   6291464     79.58      2556    230820   6404284     23.30   5997708     67416        24      5948
11:11:14 AM   1598928   1615088   6290736     79.57      2556    231124   6404284     23.30   5997160     67660        24      5948
11:11:19 AM   1616260   1632572   6273252     79.35      2556    231216   6404284     23.30   5974644     67808        96      5948
11:11:24 AM   1647032   1663340   6242484     78.96      2556    231304   6404284     23.30   5947752     67804       280      5948
11:11:29 AM   1673576   1690008   6215816     78.62      2556    231336   6404284     23.30   5924468     67924       312      5948
11:11:34 AM   1673360   1689788   6216036     78.63      2556    231336   6404284     23.30   5917044     67920       312      5948
11:11:39 AM   1687604   1704032   6201792     78.45      2556    231332   6404284     23.30   5911572     67920       308      5948
11:11:44 AM   1687352   1703780   6202044     78.45      2556    231336   6404284     23.30   5909632     67920       136      5948
11:11:49 AM   1700180   1716980   6188844     78.28      2556    231732   6404284     23.30   5902644     68292       132      5948
11:11:54 AM   1703680   1718972   6186852     78.26      2556    230276   6404284     23.30   5891208     68384       148      5948
11:11:59 AM   1703680   1718184   6187640     78.27      2556    229408   6404284     23.30   5888944     68464       164      5948
11:12:04 AM   1709068   1723572   6182252     78.20      2556    229048   6404284     23.30   5885008     68464       164      5588
11:12:09 AM   1726464   1740956   6164868     77.98      2556    229024   6404284     23.30   5873612     68464       164      5576
11:12:14 AM   1660096   1678204   6227620     78.77      2556    232656   6404284     23.30   5960596     68464       164      5580
11:12:19 AM   1693292   1711412   6194412     78.35      2556    232660   6404284     23.30   5921696     68464        24      5580
11:12:24 AM   1692060   1710432   6195392     78.36      2556    232952   6404284     23.30   5921696     68716        24      5584
11:12:29 AM   1692060   1710432   6195392     78.36      2556    233048   6404284     23.30   5921696     68716       100      5584
11:12:34 AM   1692060   1710568   6195256     78.36      2556    233048   6404284     23.30   5921700     68852       116      5584
11:12:39 AM   1692060   1710568   6195256     78.36      2556    233048   6404284     23.30   5921700     68852       116      5584
11:12:44 AM   1691584   1710092   6195732     78.37      2556    233048   6404284     23.30   5921700     68852       116      5584
11:12:49 AM   1689624   1708136   6197688     78.39      2556    233048   6404284     23.30   5922580     68852       116      5584
11:12:54 AM   1689624   1708136   6197688     78.39      2556    233048   6404284     23.30   5922716     68852        20      5584
11:12:59 AM   1689120   1707880   6197944     78.40      2556    233336   6404284     23.30   5922716     69100        20      5584
11:13:04 AM   1689120   1707920   6197904     78.40      2556    233432   6404284     23.30   5922716     69140        96      5584
11:13:09 AM   1689120   1707920   6197904     78.40      2556    233432   6404284     23.30   5922716     69140       116      5584
11:13:14 AM   1429560   1448456   6457368     81.68      2556    233436   6404284     23.30   6195672     69236       116      5588
11:13:19 AM   1429560   1448456   6457368     81.68      2556    233436   6404284     23.30   6195672     69236       116      5588
11:13:24 AM   1429560   1448456   6457368     81.68      2556    233436   6404284     23.30   6195676     69236       116      5588
11:13:29 AM   1429560   1448456   6457368     81.68      2556    233440   6404284     23.30   6195676     69236        24      5588
11:13:34 AM   1435708   1454732   6451092     81.60      2556    233680   6404284     23.30   6195676     69364        24      5588
11:13:39 AM   1435708   1454732   6451092     81.60      2556    233776   6404284     23.30   6195676     69364        96      5588
11:13:44 AM   1435708   1454944   6450880     81.60      2556    233776   6404284     23.30   6195676     69576       116      5588
11:13:49 AM   1435708   1454944   6450880     81.60      2556    233776   6404284     23.30   6195676     69576       116      5588
11:13:54 AM   1435708   1454944   6450880     81.60      2556    233776   6404284     23.30   6195676     69576       116      5588
11:13:59 AM   1435708   1454944   6450880     81.60      2556    233776   6404284     23.30   6195676     69576       116      5588
11:14:04 AM   1430592   1449828   6455996     81.66      2556    233776   6404284     23.30   6195676     69576        20      5588
11:14:09 AM   1430592   1450076   6455748     81.66      2556    234064   6404284     23.30   6195676     69824        20      5588
11:14:14 AM   1430592   1450236   6455588     81.66      2556    234184   6404284     23.30   6195676     69984       112      5588
11:14:19 AM   1430592   1450236   6455588     81.66      2556    234184   6404284     23.30   6195676     69984       132      5588
11:14:24 AM   1430592   1450236   6455588     81.66      2556    234184   6404284     23.30   6195676     69984       132      5588
11:14:29 AM   1430592   1450236   6455588     81.66      2556    234184   6404284     23.30   6195676     69984       132      5588
11:14:34 AM   1430592   1450236   6455588     81.66      2556    234184   6404284     23.30   6195676     69984       132      5588
11:14:39 AM   1430592   1450236   6455588     81.66      2556    234184   6404284     23.30   6195676     69984        20      5588
11:14:44 AM   1430340   1450288   6455536     81.66      2556    234488   6404284     23.30   6195676     70288        20      5588
11:14:49 AM   1430340   1450288   6455536     81.66      2556    234584   6404284     23.30   6195676     70288        96      5588
11:14:54 AM   1430340   1450384   6455440     81.65      2556    234584   6404284     23.30   6195676     70384       116      5588
11:14:59 AM   1430340   1450384   6455440     81.65      2556    234584   6404284     23.30   6195676     70384       116      5588
11:15:04 AM   1430340   1450384   6455440     81.65      2556    234584   6404284     23.30   6195676     70384       116      5588
11:15:09 AM   1430340   1450384   6455440     81.65      2556    234584   6404284     23.30   6195676     70384       116      5588
11:15:14 AM   1430340   1450384   6455440     81.65      2556    234584   6404284     23.30   6195676     70384        20      5588
11:15:19 AM   1429584   1449876   6455948     81.66      2556    234924   6404284     23.30   6195676     70632        24      5588
11:15:24 AM   1452208   1472688   6433136     81.37      2556    235020   6404284     23.30   6175244     70820        96      5588
11:15:29 AM   1452208   1472688   6433136     81.37      2556    235020   6404284     23.30   6175244     70820       116      5588
11:15:34 AM   1451540   1472020   6433804     81.38      2556    235020   6404284     23.30   6175244     70820       116      5588
11:15:39 AM   1451540   1472020   6433804     81.38      2556    235020   6404284     23.30   6175244     70820       116      5588
11:15:44 AM   1451540   1472020   6433804     81.38      2556    235020   6404284     23.30   6175244     70820       116      5588
11:15:49 AM   1451540   1472020   6433804     81.38      2556    235020   6404284     23.30   6175244     70820        20      5588
11:15:54 AM   1453980   1474584   6431240     81.35      2556    235260   6404284     23.30   6175308     70944        20      5588
11:15:59 AM   1453572   1474292   6431532     81.35      2556    235356   6404284     23.30   6175244     71060        96      5588
11:16:04 AM   1453572   1474292   6431532     81.35      2556    235360   6404284     23.30   6175244     71060       120      5588
11:16:09 AM   1452052   1472872   6432952     81.37      2556    235360   6404284     23.30   6175244     71160       120      5588
11:16:14 AM   1452052   1472872   6432952     81.37      2556    235364   6404284     23.30   6175244     71160       124      5588
11:16:19 AM   1452052   1472876   6432948     81.37      2556    235364   6404284     23.30   6175244     71164       124      5588
11:16:24 AM   1452052   1472880   6432944     81.37      2556    235480   6404284     23.30   6175248     71168       188      5588
11:16:29 AM   1451560   1472784   6433040     81.37      2556    235832   6404284     23.30   6175248     71556       188      5588
11:16:34 AM   1451560   1472816   6433008     81.37      2556    235960   6404284     23.30   6175248     71588       288      5588
11:16:39 AM   1451560   1472984   6432840     81.37      2556    235956   6404284     23.30   6175248     71756       304      5588
11:16:44 AM   1451560   1472984   6432840     81.37      2556    235960   6404284     23.30   6175248     71756       308      5588
11:16:49 AM   1451560   1472984   6432840     81.37      2556    235956   6404284     23.30   6175248     71756       304      5588
11:16:54 AM   1451308   1472732   6433092     81.37      2556    235956   6404284     23.30   6175248     71756        20      5588
11:16:59 AM   1451132   1472728   6433096     81.37      2556    236128   6404284     23.30   6175248     71928        20      5588
11:17:04 AM   1451068   1472748   6433076     81.37      2556    236276   6404284     23.30   6164944     72004        20      5588
11:17:09 AM   1462048   1483868   6421956     81.23      2556    236344   6404284     23.30   6147112     72172        96      5588
11:17:14 AM   1489304   1511124   6394700     80.89      2556    236344   6404284     23.30   6119524     72172       116      5588
11:17:19 AM   1510648   1532464   6373360     80.62      2556    236340   6404284     23.30   6097804     72172       116      5588
11:17:24 AM   1510908   1532724   6373100     80.61      2556    236340   6404284     23.30   6088048     72172       116      5588
11:17:29 AM   1546924   1568352   6337472     80.16      2556    235952   6404284     23.30   6057300     72172       116      5588
11:17:34 AM   1557056   1578268   6327556     80.04      2556    235736   6404284     23.30   6040460     72172        20      5588
11:17:39 AM   1562132   1583280   6322544     79.97      2556    235712   6404284     23.30   6033412     72412        20      5588
11:17:44 AM   1606684   1625760   6280064     79.44      2556    233732   6404284     23.30   5993420     72412        96      5584
11:17:49 AM   1670344   1689572   6216252     78.63      2556    233780   6404704     23.30   5925628     72548       356      5584
11:17:54 AM   1713748   1732556   6173268     78.09      2556    233360   6404704     23.30   5889540     72548       356      5584
11:17:59 AM   1762380   1781244   6124580     77.47      2556    233368   6404704     23.30   5844392     72604       364      5584
11:18:04 AM   1777324   1796144   6109680     77.28      2556    233324   6404704     23.30   5824572     72604       364      5584
11:18:09 AM   1792596   1811416   6094408     77.09      2556    233324   6404704     23.30   5804056     72604       220      5584
11:18:14 AM   1701080   1723616   6182208     78.20      2556    237160   6404704     23.30   5905440     72852       220      5584
11:18:19 AM   1724960   1747156   6158668     77.90      2556    236700   6404704     23.30   5892572     73100       160      5584
11:18:24 AM   1553016   1575216   6330608     80.08      2556    236740   6404704     23.30   6058236     73104       184      5588
11:18:29 AM   1553016   1575248   6330576     80.07      2556    236740   6404704     23.30   6058268     73104       184      5588
11:18:34 AM   1553016   1575248   6330576     80.07      2556    236756   6404704     23.30   6058268     73104       184      5588
11:18:39 AM   1554360   1576612   6329212     80.06      2556    236760   6404704     23.30   6058284     73108       188      5588
11:18:44 AM   1559440   1581692   6324132     79.99      2556    236760   6404704     23.30   6058284     73108        28      5588
11:18:49 AM   1558684   1581352   6324472     80.00      2556    237176   6404704     23.30   6058284     73524        28      5588
11:18:54 AM   1558512   1581180   6324644     80.00      2556    237272   6404704     23.30   6058284     73524        96      5588
11:18:59 AM   1559708   1582472   6323352     79.98      2556    237272   6404704     23.30   6058284     73620       116      5588
11:19:04 AM   1559708   1582472   6323352     79.98      2556    237272   6404704     23.30   6058284     73620       116      5588
11:19:09 AM   1559708   1582472   6323352     79.98      2556    237272   6404704     23.30   6058284     73620       116      5588
11:19:14 AM   1559708   1582472   6323352     79.98      2556    237272   6404704     23.30   6058284     73620       116      5588
11:19:19 AM   1559708   1582472   6323352     79.98      2556    237272   6404704     23.30   6058284     73620        20      5588
11:19:24 AM   1559708   1582720   6323104     79.98      2556    237624   6404704     23.30   6058284     73868        20      5588
11:19:29 AM   1559456   1582468   6323356     79.98      2556    237720   6404704     23.30   6058284     73868        96      5588
11:19:34 AM   1559456   1582668   6323156     79.98      2556    237720   6404704     23.30   6058284     74068       116      5588
11:19:39 AM   1559456   1582668   6323156     79.98      2556    237720   6404704     23.30   6058284     74068       116      5588
11:19:44 AM   1559456   1582668   6323156     79.98      2556    237720   6404704     23.30   6058284     74068       116      5588
11:19:49 AM   1559456   1582668   6323156     79.98      2556    237720   6404704     23.30   6058284     74068       116      5588
11:19:54 AM   1559456   1582668   6323156     79.98      2556    237720   6404704     23.30   6058284     74068        20      5588
11:19:59 AM   1558952   1582412   6323412     79.98      2556    238008   6404704     23.30   6058284     74316        20      5588
11:20:04 AM   1558952   1582452   6323372     79.98      2556    238104   6404704     23.30   6058284     74356        96      5588
11:20:09 AM   1558952   1582452   6323372     79.98      2556    238104   6404704     23.30   6058284     74356       116      5588
11:20:14 AM   1558952   1582548   6323276     79.98      2556    238104   6404704     23.30   6058284     74452       116      5588
11:20:19 AM   1558952   1582548   6323276     79.98      2556    238104   6404704     23.30   6058284     74452       116      5588
11:20:24 AM   1558952   1582548   6323276     79.98      2556    238104   6404704     23.30   6058284     74452       116      5588
11:20:29 AM   1558728   1582324   6323500     79.99      2556    238104   6404704     23.30   6058284     74452        20      5588
11:20:34 AM   1558728   1582448   6323376     79.98      2556    238344   6404704     23.30   6058284     74576        20      5588
11:20:39 AM   1558728   1582448   6323376     79.98      2556    238440   6404704     23.30   6058284     74576        96      5588
11:20:44 AM   1558728   1582660   6323164     79.98      2556    238440   6404704     23.30   6058284     74788       116      5588
11:20:49 AM   1567000   1590932   6314892     79.88      2556    238440   6404704     23.30   6021620     74788       116      5588
11:20:54 AM   1589356   1613288   6292536     79.59      2556    238440   6404704     23.30   5992940     74788       116      5588
11:20:59 AM   1618332   1642256   6263568     79.23      2556    238432   6404704     23.30   5960620     74780       116      5588
11:21:04 AM   1623092   1647016   6258808     79.17      2556    238432   6404704     23.30   5955628     74780        20      5588
11:21:09 AM   1626984   1651156   6254668     79.11      2556    238720   6404704     23.30   5950584     75028        20      5588
11:21:14 AM   1635264   1659564   6246260     79.01      2556    238808   6404704     23.30   5936212     75160        96      5588
11:21:19 AM   1638092   1662392   6243432     78.97      2556    238808   6404704     23.30   5932972     75160       116      5588
11:21:24 AM   1570304   1594644   6311180     79.83      2556    238928   6404704     23.30   6002020     75200       280      5588
11:21:29 AM   1570304   1594640   6311184     79.83      2556    238960   6404704     23.30   6002020     75196       312      5588
11:21:34 AM   1570304   1594752   6311072     79.83      2556    238960   6404704     23.30   6002020     75308       312      5588
11:21:39 AM   1570304   1594752   6311072     79.83      2556    238964   6404704     23.30   6002020     75308       140      5588
11:21:44 AM   1569872   1594716   6311108     79.83      2556    239352   6404704     23.30   6002020     75704       192      5588
11:21:49 AM   1569872   1594712   6311112     79.83      2556    239492   6404704     23.30   6002020     75700       300      5588
11:21:54 AM   1569872   1594856   6310968     79.83      2556    239492   6404704     23.30   6002020     75844       212      5588
11:21:59 AM   1569872   1594856   6310968     79.83      2556    239492   6404704     23.30   6002020     75844       212      5588
11:22:04 AM   1569872   1594856   6310968     79.83      2556    239492   6404704     23.30   6002020     75844       212      5588
11:22:09 AM   1569872   1594856   6310968     79.83      2556    239492   6404704     23.30   6002020     75844       212      5588
11:22:14 AM   1569368   1594600   6311224     79.83      2556    239860   6404704     23.30   6002020     76092        20      5588
11:22:19 AM   1569368   1594600   6311224     79.83      2556    239860   6404704     23.30   6002020     76092        20      5588
11:22:24 AM   1569368   1594816   6311008     79.83      2556    239956   6404704     23.30   6002020     76308        96      5588
11:22:29 AM   1569368   1594816   6311008     79.83      2556    239956   6404704     23.30   6002020     76308       116      5588
11:22:34 AM   1569368   1594816   6311008     79.83      2556    239956   6404704     23.30   6002020     76308       116      5588
11:22:39 AM   1569368   1594816   6311008     79.83      2556    239956   6404704     23.30   6002020     76308       116      5588
11:22:44 AM   1569368   1594816   6311008     79.83      2556    239956   6404704     23.30   6002020     76308       116      5588
11:22:49 AM   1571680   1597164   6308660     79.80      2556    240028   6404284     23.30   6001832     76312        24      5588
11:22:54 AM   1571428   1597220   6308604     79.80      2556    240300   6404284     23.30   6002028     76584        24      5588
11:22:59 AM   1571428   1597220   6308604     79.80      2556    240396   6404284     23.30   6002028     76584        96      5588
11:23:04 AM   1571428   1597220   6308604     79.80      2556    240396   6404284     23.30   6002028     76584       116      5588
11:23:09 AM   1571428   1597316   6308508     79.80      2556    240396   6404284     23.30   6002028     76680       116      5588
11:23:14 AM   1434592   1460480   6445344     81.53      2556    240396   6404284     23.30   6149832     76680       116      5588
11:23:19 AM   1434592   1460480   6445344     81.53      2556    240396   6404284     23.30   6149832     76680       116      5588
11:23:24 AM   1413676   1439564   6466260     81.79      2556    240396   6404284     23.30   6195196     76680        20      5588
11:23:29 AM   1413424   1439560   6466264     81.79      2556    240684   6404284     23.30   6195196     76928        20      5588
11:23:34 AM   1413424   1439560   6466264     81.79      2556    240780   6404284     23.30   6195196     76928        96      5588
11:23:39 AM   1413424   1439696   6466128     81.79      2556    240780   6404284     23.30   6195196     77064       116      5588
11:23:44 AM   1413424   1439696   6466128     81.79      2556    240780   6404284     23.30   6195196     77064       116      5588
11:23:49 AM   1413424   1439700   6466124     81.79      2556    240784   6404284     23.30   6195196     77068       120      5588
11:23:54 AM   1413424   1439700   6466124     81.79      2556    240784   6404284     23.30   6195196     77068       120      5588
11:23:59 AM   1413424   1439700   6466124     81.79      2556    240784   6404284     23.30   6195196     77068        24      5588
11:24:04 AM   1413424   1439824   6466000     81.79      2556    241024   6404284     23.30   6195196     77192        24      5588
11:24:09 AM   1413424   1440036   6465788     81.79      2556    241120   6404284     23.30   6195196     77404        96      5588
11:24:14 AM   1413424   1440036   6465788     81.79      2556    241120   6404284     23.30   6195196     77404       116      5588
11:24:19 AM   1413424   1440036   6465788     81.79      2556    241120   6404284     23.30   6195196     77404       116      5588
11:24:24 AM   1413424   1440036   6465788     81.79      2556    241120   6404284     23.30   6195196     77404       116      5588
11:24:29 AM   1415472   1442088   6463736     81.76      2556    241124   6404284     23.30   6195196     77408       120      5588
11:24:34 AM   1415472   1442088   6463736     81.76      2556    241124   6404284     23.30   6195196     77408        24      5588
11:24:39 AM   1415472   1442376   6463448     81.76      2556    241412   6404284     23.30   6195196     77696        24      5588
11:24:44 AM   1415472   1442376   6463448     81.76      2556    241508   6404284     23.30   6195196     77696        96      5588
11:24:49 AM   1415472   1442472   6463352     81.75      2556    241508   6404284     23.30   6195196     77792       116      5588
11:24:54 AM   1415472   1442472   6463352     81.75      2556    241508   6404284     23.30   6195196     77792       116      5588
11:24:59 AM   1415472   1442472   6463352     81.75      2556    241508   6404284     23.30   6195196     77792       116      5588
11:25:04 AM   1415472   1442472   6463352     81.75      2556    241508   6404284     23.30   6195196     77792       116      5588
11:25:09 AM   1415472   1442472   6463352     81.75      2556    241508   6404284     23.30   6195196     77792        20      5588
11:25:14 AM   1415220   1442344   6463480     81.76      2556    241828   6404284     23.30   6195196     77916        20      5588
11:25:19 AM   1415220   1442636   6463188     81.75      2556    241924   6404284     23.30   6195196     78208        96      5588
11:25:24 AM   1415220   1442636   6463188     81.75      2556    241932   6404284     23.30   6195196     78208       124      5588
11:25:29 AM   1415220   1442644   6463180     81.75      2556    241932   6404284     23.30   6195196     78216       124      5588
11:25:34 AM   1415220   1442644   6463180     81.75      2556    241932   6404284     23.30   6195196     78216       124      5588
11:25:39 AM   1414968   1442392   6463432     81.76      2556    241932   6404284     23.30   6195196     78216       124      5588
11:25:44 AM   1414968   1442392   6463432     81.76      2556    241932   6404284     23.30   6195196     78216        28      5588
11:25:49 AM   1414716   1442444   6463380     81.75      2556    242236   6404284     23.30   6195196     78520        28      5588
11:25:54 AM   1414716   1442444   6463380     81.75      2556    242348   6404284     23.30   6195196     78520       112      5588
11:25:59 AM   1414716   1442556   6463268     81.75      2556    242348   6404284     23.30   6195196     78632       132      5588
11:26:04 AM   1414716   1442556   6463268     81.75      2556    242348   6404284     23.30   6195196     78632       132      5588
11:26:09 AM   1414716   1442556   6463268     81.75      2556    242348   6404284     23.30   6195196     78632       132      5588
11:26:14 AM   1414716   1442556   6463268     81.75      2556    242348   6404284     23.30   6195196     78632       132      5588
11:26:19 AM   1424256   1452096   6453728     81.63      2556    242348   6404284     23.30   6183492     78632        20      5588
11:26:24 AM   1445680   1473788   6432036     81.36      2556    242728   6404284     23.30   6159500     78908        76      5588
11:26:29 AM   1514304   1540836   6364988     80.51      2556    241040   6404284     23.30   6083880     79180       284      5588
11:26:34 AM   1558536   1585052   6320772     79.95      2556    241032   6404284     23.30   6037992     79176       304      5588
11:26:39 AM   1589648   1616160   6289664     79.56      2556    241028   6404284     23.30   6008364     79176       300      5588
11:26:44 AM   1601176   1627688   6278136     79.41      2556    241024   6404284     23.30   5989916     79172       304      5588
11:26:49 AM   1628168   1654672   6251152     79.07      2556    241016   6404284     23.30   5958352     79164       304      5588
11:26:54 AM   1683636   1710500   6195324     78.36      2556    241404   6404284     23.30   5907968     79536        20      5588
11:26:59 AM   1744512   1771376   6134448     77.59      2556    241404   6404284     23.30   5842388     79536        20      5588
11:27:04 AM   1775084   1801888   6103936     77.21      2556    241412   6404284     23.30   5804356     79560        96      5588
11:27:09 AM   1786308   1813112   6092712     77.07      2556    241412   6404284     23.30   5792620     79560       116      5588
11:27:14 AM   1791564   1818464   6087360     77.00      2556    241412   6404284     23.30   5786592     79656       116      5588
11:27:19 AM   1796788   1823688   6082136     76.93      2556    241412   6404284     23.30   5781348     79656       116      5588
11:27:24 AM   1798096   1824992   6080832     76.92      2556    241408   6404284     23.30   5778176     79656        20      5588
11:27:29 AM   1662816   1689700   6216124     78.63      2556    241396   6404284     23.30   5935348     79648        20      5588
11:27:34 AM   1664124   1691136   6214688     78.61      2556    241640   6404284     23.30   5933592     79776        24      5588
11:27:39 AM   1663676   1690812   6215012     78.61      2556    241736   6404284     23.30   5933592     79892        96      5588
11:27:44 AM   1663668   1690920   6214904     78.61      2556    241756   6404284     23.30   5933612     79988       116      5588
11:27:49 AM   1663668   1690920   6214904     78.61      2556    241756   6404284     23.30   5933612     79988       116      5588
11:27:54 AM   1665768   1693024   6212800     78.59      2556    241756   6404284     23.30   5934572     79988       116      5588
11:27:59 AM   1665768   1693024   6212800     78.59      2556    241756   6404284     23.30   5934572     79988       116      5588
11:28:04 AM   1665768   1693024   6212800     78.59      2556    241756   6404284     23.30   5934628     79988        20      5588
11:28:09 AM   1667752   1695256   6210568     78.56      2556    242044   6404284     23.30   5920224     80236        20      5588
11:28:14 AM   1670052   1697688   6208136     78.53      2556    242140   6404284     23.30   5919268     80372        96      5588
11:28:19 AM   1670304   1697940   6207884     78.52      2556    242140   6404284     23.30   5918184     80372       116      5588
11:28:24 AM   1552116   1579752   6326072     80.02      2556    242140   6404284     23.30   6034984     80372       116      5588
11:28:29 AM   1552116   1579752   6326072     80.02      2556    242140   6404284     23.30   6034984     80372       116      5588
11:28:34 AM   1552116   1579752   6326072     80.02      2556    242140   6404284     23.30   6034992     80372       116      5588
11:28:39 AM   1552116   1579752   6326072     80.02      2556    242140   6404284     23.30   6034992     80372        20      5588
11:28:44 AM   1553480   1581356   6324468     80.00      2556    242380   6404284     23.30   6034992     80612        20      5588
11:28:49 AM   1553396   1581272   6324552     80.00      2556    242476   6404284     23.30   6034992     80612        96      5588
11:28:54 AM   1553392   1581364   6324460     80.00      2556    242476   6404284     23.30   6034992     80708       116      5588
11:28:59 AM   1553384   1581356   6324468     80.00      2556    242480   6404284     23.30   6034992     80708       120      5588
11:29:04 AM   1553376   1581360   6324464     80.00      2556    242488   6404284     23.30   6034992     80720       128      5588
11:29:09 AM   1553376   1581360   6324464     80.00      2556    242488   6404284     23.30   6034992     80720       128      5588
11:29:14 AM   1553368   1581352   6324472     80.00      2556    242488   6404284     23.30   6034992     80720        32      5588
11:29:19 AM   1553108   1581340   6324484     80.00      2556    242780   6404284     23.30   6034992     80968        36      5588
11:29:24 AM   1548740   1577128   6328696     80.05      2556    242892   6404284     23.30   6034992     81124       112      5588
11:29:29 AM   1548740   1577128   6328696     80.05      2556    242892   6404284     23.30   6034992     81124       132      5588
11:29:34 AM   1548732   1577120   6328704     80.05      2556    242892   6404284     23.30   6034992     81124       132      5588
11:29:39 AM   1548724   1577112   6328712     80.05      2556    242892   6404284     23.30   6034992     81124       132      5588
11:29:44 AM   1555284   1583672   6322152     79.97      2556    242892   6404284     23.30   6028228     81124       132      5588
11:29:49 AM   1561944   1590332   6315492     79.88      2556    242892   6404284     23.30   6021792     81124        20      5588
11:29:54 AM   1561852   1590496   6315328     79.88      2556    243148   6404284     23.30   6021948     81380        20      5588
11:29:59 AM   1570584   1599228   6306596     79.77      2556    243244   6404284     23.30   6010036     81380        96      5588
11:30:04 AM   1575980   1604624   6301200     79.70      2556    243244   6404284     23.30   6003860     81380       116      5588
11:30:09 AM   1586580   1615320   6290504     79.57      2556    243244   6404284     23.30   5993132     81476       116      5588
11:30:14 AM   1589256   1617996   6287828     79.53      2556    243244   6404284     23.30   5989908     81476       116      5588
11:30:19 AM   1616952   1645692   6260132     79.18      2556    243244   6404284     23.30   5958468     81476       116      5588
11:30:24 AM   1623196   1651936   6253888     79.10      2556    243244   6404284     23.30   5951768     81476        20      5588
11:30:29 AM   1625920   1654980   6250844     79.07      2556    243564   6404284     23.30   5970880     81796        20      5588
11:30:34 AM   1622140   1651200   6254624     79.11      2556    243664   6404284     23.30   5972928     81796        96      5588
11:30:39 AM   1622140   1651300   6254524     79.11      2556    243664   6404284     23.30   5972936     81896       116      5588
11:30:44 AM   1621888   1651048   6254776     79.12      2556    243664   6404284     23.30   5972936     81896       116      5588
11:30:49 AM   1621888   1651048   6254776     79.12      2556    243664   6404284     23.30   5972936     81896       116      5588
11:30:54 AM   1621888   1651048   6254776     79.12      2556    243664   6404284     23.30   5972964     81896       116      5588
11:30:59 AM   1621888   1651048   6254776     79.12      2556    243664   6404284     23.30   5973004     81896        20      5588
11:31:04 AM   1621636   1650920   6254904     79.12      2556    243904   6404284     23.30   5973004     82020        20      5588
11:31:09 AM   1621636   1651132   6254692     79.11      2556    244000   6404284     23.30   5973004     82232        96      5588
11:31:14 AM   1621636   1651132   6254692     79.11      2556    244000   6404284     23.30   5973004     82232       116      5588
11:31:19 AM   1621636   1651132   6254692     79.11      2556    244000   6404284     23.30   5973004     82232       116      5588
11:31:24 AM   1621636   1651132   6254692     79.11      2556    244052   6404284     23.30   5973004     82232       276      5588
11:31:29 AM   1621384   1650960   6254864     79.12      2556    244116   6404284     23.30   5973012     82312       304      5588
11:31:34 AM   1621384   1650960   6254864     79.12      2556    244168   6404284     23.30   5973012     82312       180      5588
11:31:39 AM   1621132   1651072   6254752     79.12      2556    244468   6404284     23.30   5973012     82676       128      5588
11:31:44 AM   1620884   1650840   6254984     79.12      2556    244644   6404284     23.30   5973012     82692       280      5588
11:31:49 AM   1620632   1650772   6255052     79.12      2556    244644   6404284     23.30   5973012     82876       300      5588
11:31:54 AM   1620680   1650820   6255004     79.12      2556    244644   6404284     23.30   5973028     82876       196      5588
11:31:59 AM   1622120   1652260   6253564     79.10      2556    244644   6404284     23.30   5973032     82876       196      5588
11:32:04 AM   1622120   1652260   6253564     79.10      2556    244644   6404284     23.30   5973032     82876       196      5588
11:32:09 AM   1621424   1651564   6254260     79.11      2556    244644   6404284     23.30   5973032     82876        20      5588
11:32:14 AM   1621172   1651560   6254264     79.11      2556    244964   6404284     23.30   5973032     83124        20      5588
11:32:19 AM   1621756   1652312   6253512     79.10      2556    245060   6404284     23.30   5973032     83292        96      5588
11:32:24 AM   1634744   1665300   6240524     78.94      2556    245060   6404284     23.30   5952864     83292       116      5588
11:32:29 AM   1684908   1715464   6190360     78.30      2556    245060   6404284     23.30   5901728     83292       116      5588
11:32:34 AM   1726904   1757404   6148420     77.77      2556    245004   6404284     23.30   5865092     83288       116      5588
11:32:39 AM   1745524   1776024   6129800     77.54      2556    245004   6404284     23.30   5845672     83288       116      5588
11:32:44 AM   1770344   1800844   6104980     77.22      2556    245004   6404284     23.30   5819436     83288        20      5588
11:32:49 AM   1798796   1829584   6076240     76.86      2556    245292   6404284     23.30   5794676     83576        28      5588
11:32:54 AM   1799048   1829952   6075872     76.85      2556    245404   6404284     23.30   5791668     83688       112      5588
11:32:59 AM   1807280   1838184   6067640     76.75      2556    245404   6404284     23.30   5780500     83688       132      5588
11:33:04 AM   1814476   1845376   6060448     76.66      2556    245400   6404284     23.30   5773296     83688       132      5588
11:33:09 AM   1822496   1853388   6052436     76.56      2556    245396   6404284     23.30   5763940     83684       132      5588
11:33:14 AM   1677940   1708832   6196992     78.39      2556    245396   6404284     23.30   5927008     83684       132      5588
11:33:19 AM   1677744   1708636   6197188     78.39      2556    245396   6404284     23.30   5927216     83684        20      5588
11:33:24 AM   1538640   1569780   6336044     80.14      2556    245652   6404284     23.30   6078424     83932        20      5588
11:33:29 AM   1539704   1570940   6334884     80.13      2556    245748   6404284     23.30   6078636     84028        96      5588
11:33:34 AM   1433240   1464484   6441340     81.48      2556    245748   6404284     23.30   6192548     84036       116      5588
11:33:39 AM   1429144   1460388   6445436     81.53      2556    245752   6404284     23.30   6192548     84036       120      5588
11:33:44 AM   1429144   1460392   6445432     81.53      2556    245764   6404284     23.30   6192548     84040       120      5588
11:33:49 AM   1429144   1460392   6445432     81.53      2556    245764   6404284     23.30   6192548     84040       120      5588
11:33:54 AM   1426596   1457856   6447968     81.56      2556    245764   6404284     23.30   6192560     84040        24      5588
11:33:59 AM   1426344   1457852   6447972     81.56      2556    246084   6404284     23.30   6192560     84288        24      5588
11:34:04 AM   1426688   1458268   6447556     81.55      2556    246180   6404284     23.30   6192560     84360        96      5588
11:34:09 AM   1426436   1458016   6447808     81.56      2556    246184   6404284     23.30   6192560     84360       120      5588
11:34:14 AM   1425616   1457296   6448528     81.57      2556    246184   6404284     23.30   6192560     84460       120      5588
11:34:19 AM   1425616   1457296   6448528     81.57      2556    246184   6404284     23.30   6192560     84460       120      5588
11:34:24 AM   1427668   1459348   6446476     81.54      2556    246184   6404284     23.30   6192560     84460       120      5588
11:34:29 AM   1427668   1459348   6446476     81.54      2556    246184   6404284     23.30   6192560     84460        24      5588
11:34:34 AM   1427416   1459220   6446604     81.54      2556    246424   6404284     23.30   6192560     84584        24      5588
11:34:39 AM   1427416   1459344   6446480     81.54      2556    246520   6404284     23.30   6192560     84708        96      5588
11:34:44 AM   1427416   1459432   6446392     81.54      2556    246520   6404284     23.30   6192560     84796       116      5588
11:34:49 AM   1426912   1458928   6446896     81.55      2556    246520   6404284     23.30   6192564     84796       116      5588
11:34:54 AM   1426912   1458928   6446896     81.55      2556    246520   6404284     23.30   6192564     84796       116      5588
11:34:59 AM   1426912   1458928   6446896     81.55      2556    246520   6404284     23.30   6192564     84796       116      5588
11:35:04 AM   1426912   1458928   6446896     81.55      2556    246520   6404284     23.30   6192564     84796        20      5588
11:35:09 AM   1426660   1458924   6446900     81.55      2556    246808   6404284     23.30   6192564     85044        20      5588
11:35:14 AM   1426660   1459060   6446764     81.54      2556    246904   6404284     23.30   6192564     85180        96      5588
11:35:19 AM   1426660   1459060   6446764     81.54      2556    246904   6404284     23.30   6192564     85180       116      5588
11:35:24 AM   1426660   1459060   6446764     81.54      2556    246904   6404284     23.30   6192564     85180       116      5588
11:35:29 AM   1426660   1459060   6446764     81.54      2556    246904   6404284     23.30   6192564     85180       116      5588
11:35:34 AM   1426660   1459060   6446764     81.54      2556    246904   6404284     23.30   6192564     85180       116      5588
11:35:39 AM   1426660   1459060   6446764     81.54      2556    246904   6404284     23.30   6192564     85180        20      5588
11:35:44 AM   1426660   1459300   6446524     81.54      2556    247144   6404284     23.30   6192564     85420        20      5588
11:35:49 AM   1426660   1459300   6446524     81.54      2556    247240   6404284     23.30   6192564     85420        96      5588
11:35:54 AM   1416972   1449712   6456112     81.66      2556    247244   6404284     23.30   6192564     85520       120      5588
11:35:59 AM   1438160   1470900   6434924     81.39      2556    247244   6404284     23.30   6143684     85520       120      5588
11:36:04 AM   1487468   1520204   6385620     80.77      2556    247240   6404284     23.30   6094476     85516       120      5588
11:36:09 AM   1506476   1539212   6366612     80.53      2556    247240   6404284     23.30   6069828     85516       120      5588
11:36:14 AM   1523776   1556504   6349320     80.31      2556    247232   6404284     23.30   6036092     85516        24      5588
11:36:19 AM   1540448   1573420   6332404     80.10      2556    247516   6404284     23.30   6015508     85760        24      5588
11:36:24 AM   1579540   1612708   6293116     79.60      2556    247664   6404284     23.30   5968820     85948       256      5588
11:36:29 AM   1605436   1638636   6267188     79.27      2556    247760   6404284     23.30   5939788     85980       200      5588
11:36:34 AM   1547916   1581188   6324636     80.00      2556    247800   6404284     23.30   5994176     86048       312      5588
11:36:39 AM   1555572   1588876   6316948     79.90      2556    247800   6404284     23.30   5983704     86080       312      5588
11:36:44 AM   1555572   1588880   6316944     79.90      2556    247804   6404284     23.30   5983640     86084       316      5588
11:36:49 AM   1563288   1596596   6309228     79.80      2556    247804   6404284     23.30   5975412     86084       140      5588
11:36:54 AM   1563116   1596744   6309080     79.80      2556    248124   6404284     23.30   5975440     86404        36      5588
11:36:59 AM   1562864   1596492   6309332     79.81      2556    248236   6404284     23.30   5975440     86404       112      5588
11:37:04 AM   1562476   1596216   6309608     79.81      2556    248236   6404284     23.30   5975468     86520       132      5588
11:37:09 AM   1562720   1596460   6309364     79.81      2556    248236   6404284     23.30   5975468     86520       132      5588
11:37:14 AM   1567308   1601048   6304776     79.75      2556    248236   6404284     23.30   5970512     86520       132      5588
11:37:19 AM   1571248   1604988   6300836     79.70      2556    248236   6404284     23.30   5965376     86520       132      5588
11:37:24 AM   1571552   1605664   6300160     79.69      2556    248636   6404284     23.30   5964096     86892        20      5588
11:37:29 AM   1571552   1605692   6300132     79.69      2556    248636   6404284     23.30   5964004     86920        20      5588
11:37:34 AM   1571552   1605692   6300132     79.69      2556    248732   6404284     23.30   5963824     86920        96      5588
11:37:39 AM   1572056   1606292   6299532     79.68      2556    248732   6404284     23.30   5962956     87016       116      5588
11:37:44 AM   1572036   1606272   6299552     79.68      2556    248732   6404284     23.30   5962956     87016       116      5588
11:37:49 AM   1597396   1631632   6274192     79.36      2556    248732   6404284     23.30   5934488     87016       116      5588
11:37:54 AM   1602556   1636796   6269028     79.30      2556    248732   6404284     23.30   5927732     87016       116      5588
11:37:59 AM   1613336   1647576   6258248     79.16      2556    248732   6404284     23.30   5924916     87016       116      5588
11:38:04 AM   1614092   1648700   6257124     79.15      2556    249128   6404284     23.30   5923784     87384        20      5588
11:38:09 AM   1607664   1642296   6263528     79.23      2556    249224   6404284     23.30   5920496     87412        96      5588
11:38:14 AM   1608420   1643052   6262772     79.22      2556    249224   6404284     23.30   5917624     87412       116      5588
11:38:19 AM   1614868   1649584   6256240     79.13      2556    249212   6404284     23.30   5910240     87496       116      5588
11:38:24 AM   1534776   1569492   6336332     80.15      2556    249212   6404284     23.30   5992952     87496       116      5588
11:38:29 AM   1540192   1574908   6330916     80.08      2556    249212   6404284     23.30   5984668     87496       116      5588
11:38:34 AM   1540192   1574908   6330916     80.08      2556    249212   6404284     23.30   5984668     87496       116      5588
11:38:39 AM   1535844   1570808   6335016     80.13      2556    249500   6404284     23.30   5984668     87744        20      5588
11:38:44 AM   1535592   1570556   6335268     80.13      2556    249596   6404284     23.30   5984668     87744        96      5588
11:38:49 AM   1534436   1569536   6336288     80.15      2556    249596   6404284     23.30   5984688     87880       116      5588
11:38:54 AM   1534436   1569536   6336288     80.15      2556    249596   6404284     23.30   5984688     87880       116      5588
11:38:59 AM   1534436   1569536   6336288     80.15      2556    249596   6404284     23.30   5984688     87880       116      5588
11:39:04 AM   1545812   1580912   6324912     80.00      2556    249596   6404284     23.30   5965276     87880       116      5588
11:39:09 AM   1545560   1580660   6325164     80.01      2556    249596   6404284     23.30   5964692     87880        20      5588
11:39:14 AM   1545308   1580532   6325292     80.01      2556    249836   6404284     23.30   5964692     88004        20      5588
11:39:19 AM   1544804   1580244   6325580     80.01      2556    249936   6404284     23.30   5964692     88220        96      5588
11:39:24 AM   1545716   1580236   6325588     80.01      2556    249012   6404284     23.30   5963848     88080       116      5584
11:39:29 AM   1569352   1603872   6301952     79.71      2556    249012   6404284     23.30   5933336     88080       116      5584
11:39:34 AM   1515948   1550468   6355356     80.39      2556    249024   6404284     23.30   6016140     88080       116      5584
11:39:39 AM   1515940   1550472   6355352     80.39      2556    249024   6404284     23.30   6016288     88080       116      5584
11:39:44 AM   1515940   1550472   6355352     80.39      2556    249028   6404284     23.30   6016288     88080        24      5584
11:39:49 AM   1515688   1550512   6355312     80.39      2556    249316   6404284     23.30   6016288     88372        24      5584
11:39:54 AM   1515688   1550512   6355312     80.39      2556    249412   6404284     23.30   6016296     88372        96      5584
11:39:59 AM   1515688   1550608   6355216     80.39      2556    249412   6404284     23.30   6016300     88468       116      5584
11:40:04 AM   1515688   1550608   6355216     80.39      2556    249412   6404284     23.30   6016300     88468       116      5584
11:40:09 AM   1515688   1550608   6355216     80.39      2556    249412   6404284     23.30   6016300     88468       116      5584
11:40:14 AM   1515688   1550608   6355216     80.39      2556    249420   6404284     23.30   6016300     88468       124      5584
11:40:19 AM   1516692   1551620   6354204     80.37      2556    249420   6404284     23.30   6016300     88476        28      5584
11:40:24 AM   1516440   1551492   6354332     80.38      2556    249660   6404284     23.30   6016300     88600        28      5584
11:40:29 AM   1517812   1553092   6352732     80.36      2556    249772   6404284     23.30   6016300     88828       112      5584
11:40:34 AM   1517812   1553092   6352732     80.36      2556    249772   6404284     23.30   6016300     88828       132      5584
11:40:39 AM   1518796   1554076   6351748     80.34      2556    249772   6404284     23.30   6016300     88828       132      5584
11:40:44 AM   1518796   1554076   6351748     80.34      2556    249772   6404284     23.30   6016300     88828       132      5584
11:40:49 AM   1518796   1554076   6351748     80.34      2556    249772   6404284     23.30   6016300     88828       132      5584
11:40:54 AM   1518796   1554076   6351748     80.34      2556    249772   6404284     23.30   6016300     88828        20      5584
11:40:59 AM   1518544   1554072   6351752     80.34      2556    250076   6404284     23.30   6016300     89076        20      5584
11:41:04 AM   1518544   1554128   6351696     80.34      2556    250172   6404284     23.30   6016300     89132        96      5584
11:41:09 AM   1518544   1554128   6351696     80.34      2556    250172   6404284     23.30   6016300     89132       116      5584
11:41:14 AM   1518872   1554552   6351272     80.34      2556    250172   6404284     23.30   6016300     89228       116      5584
11:41:19 AM   1518872   1554552   6351272     80.34      2556    250172   6404284     23.30   6016300     89228       116      5584
11:41:24 AM   1516800   1552480   6353344     80.36      2556    250224   6404284     23.30   6016300     89228       276      5584
11:41:29 AM   1516800   1552528   6353296     80.36      2556    250304   6404284     23.30   6016300     89276       184      5584
11:41:34 AM   1516548   1552756   6353068     80.36      2556    250784   6404284     23.30   6016300     89756       176      5584
11:41:39 AM   1516296   1552568   6353256     80.36      2556    250908   6404284     23.30   6016300     89820       280      5584
11:41:44 AM   1516296   1552712   6353112     80.36      2556    250908   6404284     23.30   6016300     89964       300      5584
11:41:49 AM   1516296   1552712   6353112     80.36      2556    250908   6404284     23.30   6016300     89964       300      5584
11:41:54 AM   1516296   1552716   6353108     80.36      2556    250912   6404284     23.30   6016300     89968       200      5584
11:41:59 AM   1516296   1552716   6353108     80.36      2556    250912   6404284     23.30   6016300     89968        24      5584
11:42:04 AM   1516296   1552716   6353108     80.36      2556    250912   6404284     23.30   6016300     89968        24      5584
11:42:09 AM   1516044   1552712   6353112     80.36      2556    251264   6404284     23.30   6016300     90216        24      5584
11:42:14 AM   1516044   1552912   6352912     80.36      2556    251360   6404284     23.30   6016300     90416        96      5584
11:42:19 AM   1520484   1557352   6348472     80.30      2556    251360   6404284     23.30   5999336     90416       116      5584
11:42:24 AM   1550692   1587560   6318264     79.92      2556    251360   6404284     23.30   5965268     90416       116      5584
11:42:29 AM   1576632   1613492   6292332     79.59      2556    251356   6404284     23.30   5937456     90408       120      5584
11:42:34 AM   1597340   1634204   6271620     79.33      2556    251356   6404284     23.30   5916220     90412       120      5584
11:42:39 AM   1601312   1638172   6267652     79.28      2556    251352   6404284     23.30   5910572     90412        24      5584
11:42:44 AM   1600480   1637584   6268240     79.29      2556    251596   6404284     23.30   5910752     90656        28      5584
11:42:49 AM   1601816   1638920   6266904     79.27      2556    251692   6404284     23.30   5910576     90656        96      5584
11:42:54 AM   1594128   1631324   6274500     79.37      2556    251696   6404284     23.30   5933988     90752       116      5584
11:42:59 AM   1583020   1620216   6285608     79.51      2556    251696   6404284     23.30   5947852     90752       116      5584
11:43:04 AM   1583020   1620228   6285596     79.51      2556    251696   6404284     23.30   5948060     90752       116      5584
11:43:09 AM   1583020   1620228   6285596     79.51      2556    251696   6404284     23.30   5948060     90752       116      5584
11:43:14 AM   1581640   1618848   6286976     79.52      2556    251696   6404284     23.30   5948060     90752        20      5584
11:43:19 AM   1581388   1618844   6286980     79.52      2556    251984   6404284     23.30   5948060     91000        20      5584
11:43:24 AM   1482780   1520372   6385452     80.77      2556    252080   6404284     23.30   6112868     91136        96      5584
11:43:29 AM   1418268   1455860   6449964     81.58      2556    252080   6404284     23.30   6192364     91136       116      5584
11:43:34 AM   1418268   1455860   6449964     81.58      2556    252080   6404284     23.30   6192364     91136       116      5584
11:43:39 AM   1418268   1455860   6449964     81.58      2556    252080   6404284     23.30   6192364     91136       116      5584
11:43:44 AM   1410076   1447668   6458156     81.69      2556    252080   6404284     23.30   6192364     91136       116      5584
11:43:49 AM   1410076   1447668   6458156     81.69      2556    252080   6404284     23.30   6192364     91136        20      5584
11:43:54 AM   1409572   1447404   6458420     81.69      2556    252320   6404284     23.30   6192364     91376        20      5584
11:43:59 AM   1409572   1447404   6458420     81.69      2556    252440   6404284     23.30   6192364     91376       112      5584
11:44:04 AM   1410200   1448152   6457672     81.68      2556    252440   6404284     23.30   6192364     91496       132      5584
11:44:09 AM   1410200   1448152   6457672     81.68      2556    252440   6404284     23.30   6192364     91496       132      5584
11:44:14 AM   1410200   1448152   6457672     81.68      2556    252440   6404284     23.30   6192364     91496       132      5584
11:44:19 AM   1410200   1448152   6457672     81.68      2556    252440   6404284     23.30   6192364     91496       132      5584
11:44:24 AM   1410200   1448152   6457672     81.68      2556    252440   6404284     23.30   6192364     91496        20      5584
11:44:29 AM   1410200   1448400   6457424     81.68      2556    252744   6404284     23.30   6192364     91744        20      5584
11:44:34 AM   1410200   1448400   6457424     81.68      2556    252844   6404284     23.30   6192364     91744        96      5584
11:44:39 AM   1410200   1448556   6457268     81.68      2556    252844   6404284     23.30   6192364     91900       116      5584
11:44:44 AM   1410200   1448556   6457268     81.68      2556    252844   6404284     23.30   6192364     91900       116      5584
11:44:49 AM   1410200   1448556   6457268     81.68      2556    252844   6404284     23.30   6192364     91900       116      5584
11:44:54 AM   1410200   1448556   6457268     81.68      2556    252844   6404284     23.30   6192364     91900       116      5584
11:44:59 AM   1410200   1448556   6457268     81.68      2556    252844   6404284     23.30   6192364     91900        20      5584
11:45:04 AM   1409192   1447796   6458028     81.69      2556    253116   6404284     23.30   6192364     92148        20      5584
11:45:09 AM   1409192   1447820   6458004     81.69      2556    253212   6404284     23.30   6192364     92172        96      5584
11:45:14 AM   1410216   1448844   6456980     81.67      2556    253212   6404284     23.30   6192364     92172       116      5584
11:45:19 AM   1410216   1448940   6456884     81.67      2556    253212   6404284     23.30   6192364     92268       116      5584
11:45:24 AM   1410216   1448940   6456884     81.67      2556    253212   6404284     23.30   6192364     92268       116      5584
11:45:29 AM   1410216   1448940   6456884     81.67      2556    253212   6404284     23.30   6192364     92268       116      5584
11:45:34 AM   1410216   1448940   6456884     81.67      2556    253212   6404284     23.30   6192364     92268        20      5584
11:45:39 AM   1410216   1449228   6456596     81.67      2556    253500   6404284     23.30   6192364     92556        20      5584
11:45:44 AM   1410216   1449228   6456596     81.67      2556    253596   6404284     23.30   6192364     92556        96      5584
11:45:49 AM   1420044   1459156   6446668     81.54      2556    253600   6404284     23.30   6165732     92656       120      5584
11:45:54 AM   1452380   1491492   6414332     81.13      2556    253600   6404284     23.30   6121616     92656       120      5584
11:45:59 AM   1482148   1519928   6385896     80.77      2556    252272   6404284     23.30   6090564     92652       120      5584
11:46:04 AM   1490752   1526868   6378956     80.69      2556    250608   6404284     23.30   6105468     90988       120      5584
11:46:09 AM   1497032   1533144   6372680     80.61      2556    250600   6404284     23.30   6096216     90980        24      5584
11:46:14 AM   1496780   1533016   6372808     80.61      2556    250840   6404284     23.30   6096216     91104        24      5584
11:46:19 AM   1496556   1533004   6372820     80.61      2556    250936   6404284     23.30   6096244     91316        96      5584
11:46:24 AM   1496556   1533004   6372820     80.61      2556    250996   6404284     23.30   6096244     91316       276      5584
11:46:29 AM   1496556   1533092   6372732     80.61      2556    251028   6404284     23.30   6096244     91404       308      5584
11:46:34 AM   1496556   1533124   6372700     80.61      2556    251092   6404284     23.30   6096248     91436       200      5584
11:46:39 AM   1496556   1533156   6372668     80.61      2556    251088   6404284     23.30   6096248     91468       196      5584
11:46:44 AM   1496556   1533236   6372588     80.61      2556    251200   6404284     23.30   6096248     91548       204      5584
11:46:49 AM   1496304   1533288   6372536     80.61      2556    251472   6404284     23.30   6096248     91852       124      5584
11:46:54 AM   1496304   1533288   6372536     80.61      2556    251568   6404284     23.30   6096248     91852        96      5584
11:46:59 AM   1496304   1533384   6372440     80.60      2556    251568   6404284     23.30   6096248     91948       116      5584
11:47:04 AM   1496304   1533384   6372440     80.60      2556    251568   6404284     23.30   6096248     91948       116      5584
11:47:09 AM   1496304   1533388   6372436     80.60      2556    251572   6404284     23.30   6096248     91952       120      5584
11:47:14 AM   1496304   1533388   6372436     80.60      2556    251572   6404284     23.30   6096248     91952        24      5584
11:47:19 AM   1496304   1533388   6372436     80.60      2556    251572   6404284     23.30   6096248     91952        24      5584
11:47:24 AM   1496052   1533384   6372440     80.60      2556    251860   6404284     23.30   6096248     92200        24      5584
11:47:29 AM   1496052   1533520   6372304     80.60      2556    251956   6404284     23.30   6096248     92336        96      5584
11:47:34 AM   1496052   1533520   6372304     80.60      2556    251956   6404284     23.30   6096248     92336       116      5584
11:47:39 AM   1496052   1533528   6372296     80.60      2556    251964   6404284     23.30   6096248     92344       124      5584
11:47:44 AM   1496052   1533528   6372296     80.60      2556    251964   6404284     23.30   6096248     92344       124      5584
11:47:49 AM   1496052   1533528   6372296     80.60      2556    251964   6404284     23.30   6096248     92344       124      5584
11:47:54 AM   1495804   1533280   6372544     80.61      2556    251964   6404284     23.30   6096284     92344        28      5584
11:47:59 AM   1495552   1533240   6372584     80.61      2556    252252   6404284     23.30   6096412     92556        28      5584
11:48:04 AM   1500100   1537864   6367960     80.55      2556    252364   6404284     23.30   6078736     92632       112      5584
11:48:09 AM   1531016   1568772   6337052     80.16      2556    252356   6404284     23.30   6044576     92624       132      5584
11:48:14 AM   1553408   1591264   6314560     79.87      2556    252344   6404284     23.30   6021232     92728       132      5584
11:48:19 AM   1576456   1614312   6291512     79.58      2556    252344   6404284     23.30   5997376     92728       132      5584
11:48:24 AM   1602868   1640724   6265100     79.25      2556    252344   6404284     23.30   5966904     92728       132      5584
11:48:29 AM   1602252   1640108   6265716     79.25      2556    252344   6404284     23.30   6001284     92728        20      5584
11:48:34 AM   1616284   1654396   6251428     79.07      2556    252656   6404284     23.30   5988820     92976        20      5584
11:48:39 AM   1616032   1654144   6251680     79.08      2556    252752   6404284     23.30   5988820     92976        96      5584
11:48:44 AM   1616032   1654304   6251520     79.07      2556    252752   6404284     23.30   5988820     93136       116      5584
11:48:49 AM   1616032   1654304   6251520     79.07      2556    252752   6404284     23.30   5988820     93136       116      5584
11:48:54 AM   1623996   1662268   6243556     78.97      2556    252752   6404284     23.30   5981660     93136       120      5584
11:48:59 AM   1623996   1662268   6243556     78.97      2556    252752   6404284     23.30   5973740     93136       120      5584
11:49:04 AM   1628216   1666492   6239332     78.92      2556    252756   6404284     23.30   5966304     93140        28      5584
11:49:09 AM   1630196   1668720   6237104     78.89      2556    253092   6404284     23.30   5961972     93388        28      5584
11:49:14 AM   1638640   1677348   6228476     78.78      2556    253188   6404284     23.30   5952976     93572        96      5584
11:49:19 AM   1560268   1598976   6306848     79.77      2556    253188   6404284     23.30   6041140     93572       116      5584
11:49:24 AM   1552076   1590784   6315040     79.88      2556    253188   6404284     23.30   6041348     93572       116      5584
11:49:29 AM   1552076   1590784   6315040     79.88      2556    253188   6404284     23.30   6041348     93572       116      5584
11:49:34 AM   1552076   1590784   6315040     79.88      2556    253188   6404284     23.30   6041440     93572       116      5584
11:49:39 AM   1552076   1590784   6315040     79.88      2556    253188   6404284     23.30   6041440     93572        20      5584
11:49:44 AM   1551824   1590660   6315164     79.88      2556    253432   6404284     23.30   6041440     93700        24      5584
11:49:49 AM   1551824   1590660   6315164     79.88      2556    253528   6404284     23.30   6041440     93700        96      5584
11:49:54 AM   1551824   1590872   6314952     79.88      2556    253528   6404284     23.30   6041440     93912       116      5584
11:49:59 AM   1551824   1590872   6314952     79.88      2556    253528   6404284     23.30   6041440     93912       116      5584
11:50:04 AM   1551824   1590872   6314952     79.88      2556    253528   6404284     23.30   6041440     93912       116      5584
11:50:09 AM   1551824   1590872   6314952     79.88      2556    253528   6404284     23.30   6041440     93912       116      5584
11:50:14 AM   1551824   1590872   6314952     79.88      2556    253528   6404284     23.30   6041440     93912        20      5584
11:50:19 AM   1551824   1591120   6314704     79.87      2556    253816   6404284     23.30   6041440     94160        20      5584
11:50:24 AM   1551824   1591256   6314568     79.87      2556    253912   6404284     23.30   6041440     94296        96      5584
11:50:29 AM   1551824   1591256   6314568     79.87      2556    253912   6404284     23.30   6041440     94296       116      5584
11:50:34 AM   1551824   1591256   6314568     79.87      2556    253912   6404284     23.30   6041440     94296       116      5584
11:50:39 AM   1552848   1592280   6313544     79.86      2556    253912   6404284     23.30   6041440     94296       116      5584
11:50:44 AM   1553112   1592544   6313280     79.86      2556    253912   6404284     23.30   6041684     94296       116      5584
11:50:49 AM   1553112   1592544   6313280     79.86      2556    253912   6404284     23.30   6041688     94296        20      5584
11:50:54 AM   1552508   1592180   6313644     79.86      2556    254152   6404284     23.30   6042692     94536        20      5584
11:50:59 AM   1552508   1592180   6313644     79.86      2556    254248   6404284     23.30   6042692     94536        96      5584
11:51:04 AM   1548412   1588084   6317740     79.91      2556    254248   6404284     23.30   6042756     94536       116      5584
11:51:09 AM   1548412   1588180   6317644     79.91      2556    254248   6404284     23.30   6042692     94632       116      5584
11:51:14 AM   1548412   1588180   6317644     79.91      2556    254248   6404284     23.30   6042700     94632       116      5584
11:51:19 AM   1576220   1615988   6289836     79.56      2556    254248   6404284     23.30   6009104     94632       116      5584
11:51:24 AM   1612928   1652676   6253148     79.10      2556    254292   6404284     23.30   5977072     94632       188      5584
11:51:29 AM   1623376   1663416   6242408     78.96      2556    254640   6404284     23.30   5958604     94920       188      5584
11:51:34 AM   1665084   1705376   6200448     78.43      2556    254780   6404284     23.30   5916540     95176       308      5584
11:51:39 AM   1705412   1745700   6160124     77.92      2556    254776   6404284     23.30   5881676     95172       324      5584
11:51:44 AM   1768428   1808716   6097108     77.12      2556    254808   6404284     23.30   5815748     95172       320      5584
11:51:49 AM   1833352   1873672   6032152     76.30      2556    254808   6404284     23.30   5755808     95204       320      5584
11:51:54 AM   1879764   1920084   5985740     75.71      2556    254808   6404284     23.30   5718732     95204        24      5584
11:51:59 AM   1898612   1939180   5966644     75.47      2556    255144   6404284     23.30   5696436     95452        24      5584
11:52:04 AM   1906512   1947080   5958744     75.37      2556    255144   6404284     23.30   5686636     95452        24      5584
11:52:09 AM   1907036   1947692   5958132     75.36      2556    255240   6404284     23.30   5684692     95540        96      5584
11:52:14 AM   1907036   1947692   5958132     75.36      2556    255240   6404284     23.30   5680564     95540       116      5584
11:52:19 AM   1739200   1779956   6125868     77.49      2556    255244   6404284     23.30   5859472     95640       120      5584
11:52:24 AM   1739200   1779956   6125868     77.49      2556    255244   6404284     23.30   5859472     95640       120      5584
11:52:29 AM   1738344   1779100   6126724     77.50      2556    255244   6404284     23.30   5859596     95640        24      5584
11:52:34 AM   1738344   1779100   6126724     77.50      2556    255244   6404284     23.30   5859596     95640        24      5584
11:52:39 AM   1738344   1779348   6126476     77.49      2556    255564   6404284     23.30   5859596     95888        24      5584
11:52:44 AM   1738344   1779348   6126476     77.49      2556    255660   6404284     23.30   5859604     95888        96      5584
11:52:49 AM   1738120   1779292   6126532     77.49      2556    255660   6404284     23.30   5859604     96056       116      5584
11:52:54 AM   1738120   1779292   6126532     77.49      2556    255660   6404284     23.30   5859604     96056       116      5584
11:52:59 AM   1736372   1777564   6128260     77.52      2556    255672   6404284     23.30   5861312     96056       116      5584
11:53:04 AM   1736372   1777564   6128260     77.52      2556    255672   6404284     23.30   5861312     96056       116      5584
11:53:09 AM   1736372   1777564   6128260     77.52      2556    255672   6404284     23.30   5861312     96056        20      5584
11:53:14 AM   1736372   1777688   6128136     77.51      2556    255912   6404284     23.30   5861312     96180        20      5584
11:53:19 AM   1736372   1777900   6127924     77.51      2556    256008   6404284     23.30   5861312     96392        96      5584
11:53:24 AM   1518360   1563112   6342712     80.23      2556    259328   6404284     23.30   6076796     96392       116      5584
11:53:29 AM   1518360   1563208   6342616     80.23      2556    259328   6404284     23.30   6076896     96392       116      5584
11:53:34 AM   1407984   1452832   6452992     81.62      2556    259328   6404284     23.30   6195740     96392       116      5584
11:53:39 AM   1398576   1443424   6462400     81.74      2556    259328   6404284     23.30   6195748     96392       116      5584
11:53:44 AM   1398576   1443424   6462400     81.74      2556    259328   6404284     23.30   6195748     96392        20      5584
11:53:49 AM   1396920   1442056   6463768     81.76      2556    259616   6404284     23.30   6195748     96680        20      5584
11:53:54 AM   1396920   1442056   6463768     81.76      2556    259712   6404284     23.30   6195748     96680        96      5584
11:53:59 AM   1399296   1444528   6461296     81.73      2556    259712   6404284     23.30   6195748     96776       116      5584
11:54:04 AM   1399296   1444528   6461296     81.73      2556    259712   6404284     23.30   6195748     96776       116      5584
11:54:09 AM   1399104   1444336   6461488     81.73      2556    259712   6404284     23.30   6195748     96776       116      5584
11:54:14 AM   1399072   1444304   6461520     81.73      2556    259712   6404284     23.30   6195748     96776       116      5584
11:54:19 AM   1399072   1444304   6461520     81.73      2556    259712   6404284     23.30   6195748     96776        20      5584
11:54:24 AM   1398832   1444196   6461628     81.73      2556    259952   6404284     23.30   6195748     96900        20      5584
11:54:29 AM   1401492   1447068   6458756     81.70      2556    260048   6404284     23.30   6195748     97112        96      5584
11:54:34 AM   1401492   1447068   6458756     81.70      2556    260048   6404284     23.30   6195748     97112       116      5584
11:54:39 AM   1401492   1447068   6458756     81.70      2556    260048   6404284     23.30   6195748     97112       116      5584
11:54:44 AM   1401492   1447068   6458756     81.70      2556    260048   6404284     23.30   6195748     97112       116      5584
11:54:49 AM   1401492   1447068   6458756     81.70      2556    260048   6404284     23.30   6195748     97112       116      5584
11:54:54 AM   1401492   1447068   6458756     81.70      2556    260052   6404284     23.30   6195748     97112        24      5584
11:54:59 AM   1398360   1444188   6461636     81.73      2556    260344   6404284     23.30   6195812     97364        28      5584
11:55:04 AM   1398384   1444256   6461568     81.73      2556    260464   6404284     23.30   6195748     97408       112      5584
11:55:09 AM   1398840   1444712   6461112     81.73      2556    260464   6404284     23.30   6195812     97408       132      5584
11:55:14 AM   1398884   1444876   6460948     81.72      2556    260464   6404284     23.30   6195748     97528       132      5584
11:55:19 AM   1398884   1444876   6460948     81.72      2556    260464   6404284     23.30   6195748     97528       132      5584
11:55:24 AM   1399740   1445732   6460092     81.71      2556    260464   6404284     23.30   6195748     97528       132      5584
11:55:29 AM   1399740   1445732   6460092     81.71      2556    260464   6404284     23.30   6195748     97528        20      5584
11:55:34 AM   1398340   1444584   6461240     81.73      2556    260724   6404284     23.30   6195748     97780        24      5584
11:55:39 AM   1398340   1444584   6461240     81.73      2556    260836   6404284     23.30   6195748     97780       112      5584
11:55:44 AM   1401004   1447368   6458456     81.69      2556    260836   6404284     23.30   6195748     97900       132      5584
11:55:49 AM   1401004   1447368   6458456     81.69      2556    260836   6404284     23.30   6195748     97900       132      5584
11:55:54 AM   1397540   1443904   6461920     81.74      2556    260836   6404284     23.30   6195748     97900       132      5584
11:55:59 AM   1397540   1443904   6461920     81.74      2556    260836   6404284     23.30   6195748     97900       132      5584
11:56:04 AM   1400200   1446564   6459260     81.70      2556    260836   6404284     23.30   6195748     97900        20      5584
11:56:09 AM   1399016   1445628   6460196     81.71      2556    261156   6404284     23.30   6195748     98148        20      5584
11:56:14 AM   1398700   1445480   6460344     81.72      2556    261252   6404284     23.30   6195748     98316        96      5584
11:56:19 AM   1398700   1445480   6460344     81.72      2556    261252   6404284     23.30   6195748     98316       116      5584
11:56:24 AM   1398700   1445480   6460344     81.72      2556    261304   6404284     23.30   6195748     98316       276      5584
11:56:29 AM   1398700   1445480   6460344     81.72      2556    261336   6404284     23.30   6195748     98316       308      5584
11:56:34 AM   1398260   1445120   6460704     81.72      2556    261336   6404284     23.30   6195748     98396       308      5584
11:56:39 AM   1398260   1445120   6460704     81.72      2556    261332   6404284     23.30   6195748     98396       128      5584
11:56:44 AM   1399144   1446284   6459540     81.71      2556    261764   6404284     23.30   6195748     98676       204      5584
11:56:49 AM   1399144   1446408   6459416     81.70      2556    261860   6404284     23.30   6195748     98800       280      5584
11:56:54 AM   1397468   1444856   6460968     81.72      2556    261860   6404284     23.30   6195748     98924       196      5584
11:56:59 AM   1397468   1444856   6460968     81.72      2556    261860   6404284     23.30   6195748     98924       196      5584
11:57:04 AM   1397564   1444952   6460872     81.72      2556    261860   6404284     23.30   6195748     98924       196      5584
11:57:09 AM   1397564   1444952   6460872     81.72      2556    261860   6404284     23.30   6195748     98924       196      5584
11:57:14 AM   1397564   1445128   6460696     81.72      2556    262036   6404284     23.30   6195748     99100        20      5584
11:57:19 AM   1397564   1445128   6460696     81.72      2556    262036   6404284     23.30   6195748     99100        20      5584
11:57:24 AM   1397564   1445224   6460600     81.72      2556    262132   6404284     23.30   6195748     99196        96      5584
11:57:29 AM   1397564   1445224   6460600     81.72      2556    262136   6404284     23.30   6195748     99196       120      5584
11:57:34 AM   1397564   1445228   6460596     81.72      2556    262136   6404284     23.30   6195748     99200       120      5584
11:57:39 AM   1397564   1445228   6460596     81.72      2556    262136   6404284     23.30   6195748     99200       120      5584
11:57:44 AM   1397340   1445004   6460820     81.72      2556    262136   6404284     23.30   6195752     99200       120      5584
11:57:49 AM   1435264   1482928   6422896     81.24      2556    262136   6404284     23.30   6135800     99200       120      5584
11:57:54 AM   1469912   1517808   6388016     80.80      2556    262372   6404284     23.30   6099864     99436        24      5584
11:57:59 AM   1493116   1541108   6364716     80.51      2556    262472   6404284     23.30   6077384     99536        96      5584
11:58:04 AM   1522288   1570284   6335540     80.14      2556    262468   6404284     23.30   6051004     99532       116      5584
11:58:09 AM   1546476   1594460   6311364     79.83      2556    262456   6404284     23.30   6025484     99528       116      5584
11:58:14 AM   1571708   1619688   6286136     79.51      2556    262456   6404284     23.30   5997884     99528       116      5584
11:58:19 AM   1591040   1639008   6266816     79.27      2556    262452   6404284     23.30   5983272     99520       116      5584
11:58:24 AM   1519764   1567736   6338088     80.17      2556    262452   6404284     23.30   6061892     99520        20      5584
11:58:29 AM   1520564   1568784   6337040     80.16      2556    262740   6404284     23.30   6061892     99768        20      5584
11:58:34 AM   1475960   1524276   6381548     80.72      2556    262836   6404284     23.30   6116660     99864        96      5584
11:58:39 AM   1475960   1524316   6381508     80.72      2556    262836   6404284     23.30   6116660     99904       116      5584
11:58:44 AM   1463672   1512028   6393796     80.87      2556    262836   6404284     23.30   6116660     99904       116      5584
11:58:49 AM   1465100   1513456   6392368     80.86      2556    262844   6404284     23.30   6116660     99904       124      5584
11:58:54 AM   1466024   1514380   6391444     80.84      2556    262844   6404284     23.30   6116660     99904       124      5584
11:58:59 AM   1466024   1514388   6391436     80.84      2556    262844   6404284     23.30   6116664     99912        28      5584
11:59:04 AM   1466024   1514512   6391312     80.84      2556    263084   6404284     23.30   6116664    100036        28      5584
11:59:09 AM   1465464   1514068   6391756     80.85      2556    263196   6404284     23.30   6116664    100152       112      5584
11:59:14 AM   1465464   1514068   6391756     80.85      2556    263196   6404284     23.30   6116664    100152       132      5584
11:59:19 AM   1466904   1515620   6390204     80.83      2556    263196   6404284     23.30   6116664    100264       132      5584
11:59:24 AM   1466904   1515620   6390204     80.83      2556    263196   6404284     23.30   6116664    100264       132      5584
11:59:29 AM   1466652   1515368   6390456     80.83      2556    263196   6404284     23.30   6116664    100264       132      5584
11:59:34 AM   1466652   1515368   6390456     80.83      2556    263196   6404284     23.30   6116664    100264        20      5584
11:59:39 AM   1466400   1515364   6390460     80.83      2556    263500   6404284     23.30   6116664    100512        20      5584
11:59:44 AM   1466400   1515364   6390460     80.83      2556    263596   6404284     23.30   6116664    100512        96      5584
11:59:49 AM   1466400   1515516   6390308     80.83      2556    263596   6404284     23.30   6116664    100664       116      5584
11:59:54 AM   1466400   1515516   6390308     80.83      2556    263596   6404284     23.30   6116664    100664       116      5584
11:59:59 AM   1466400   1515516   6390308     80.83      2556    263596   6404284     23.30   6116664    100664       116      5584
12:00:04 PM   1466400   1515516   6390308     80.83      2556    263600   6404284     23.30   6116664    100664       120      5584
12:00:09 PM   1466400   1515520   6390304     80.83      2556    263600   6404284     23.30   6116664    100668        24      5584
12:00:14 PM   1466148   1515516   6390308     80.83      2556    263872   6404284     23.30   6116664    100916        24      5584
12:00:19 PM   1466148   1515636   6390188     80.83      2556    263968   6404284     23.30   6116664    101036        96      5584
12:00:24 PM   1465896   1515384   6390440     80.83      2556    263968   6404284     23.30   6116664    101036       116      5584
12:00:29 PM   1465896   1515384   6390440     80.83      2556    263968   6404284     23.30   6116664    101036       116      5584
12:00:34 PM   1465896   1515384   6390440     80.83      2556    263968   6404284     23.30   6116664    101036       116      5584
12:00:39 PM   1465896   1515384   6390440     80.83      2556    263968   6404284     23.30   6116664    101036       116      5584
12:00:44 PM   1465896   1515384   6390440     80.83      2556    263968   6404284     23.30   6116664    101036        20      5584
12:00:49 PM   1465644   1515380   6390444     80.83      2556    264256   6404284     23.30   6116664    101284        20      5584
12:00:54 PM   1474588   1524324   6381500     80.72      2556    264352   6404284     23.30   6106172    101284        96      5584
12:00:59 PM   1499688   1549556   6356268     80.40      2556    264348   6404284     23.30   6074012    101416       116      5584
12:01:04 PM   1509784   1559652   6346172     80.27      2556    264352   6404284     23.30   6061100    101416       120      5584
12:01:09 PM   1518636   1568508   6337316     80.16      2556    264352   6404284     23.30   6042900    101420       120      5584
12:01:14 PM   1538864   1588728   6317096     79.90      2556    264344   6404284     23.30   6029484    101412       120      5584
12:01:19 PM   1543052   1592916   6312908     79.85      2556    264344   6404284     23.30   6018708    101412        24      5584
12:01:24 PM   1503488   1553524   6352300     80.35      2556    264664   6404284     23.30   6064528    101584       212      5584
12:01:29 PM   1503488   1553772   6352052     80.35      2556    264764   6404284     23.30   6064524    101836       288      5584
12:01:34 PM   1503488   1553768   6352056     80.35      2556    264764   6404284     23.30   6064524    101832       308      5584
12:01:39 PM   1503488   1553768   6352056     80.35      2556    264760   6404284     23.30   6064524    101832       304      5584
12:01:44 PM   1503488   1553768   6352056     80.35      2556    264792   6404284     23.30   6064528    101832       300      5584
12:01:49 PM   1503488   1553800   6352024     80.35      2556    264792   6404284     23.30   6064528    101864       300      5584
12:01:54 PM   1502732   1553292   6352532     80.35      2556    265144   6404284     23.30   6064528    102112        20      5584
12:01:59 PM   1502732   1553396   6352428     80.35      2556    265144   6404284     23.30   6064528    102216        20      5584
12:02:04 PM   1502732   1553396   6352428     80.35      2556    265240   6404284     23.30   6064528    102216        96      5584
12:02:09 PM   1502732   1553396   6352428     80.35      2556    265244   6404284     23.30   6064528    102216       120      5584
12:02:14 PM   1502732   1553496   6352328     80.35      2556    265244   6404284     23.30   6064528    102316       120      5584
12:02:19 PM   1502732   1553496   6352328     80.35      2556    265244   6404284     23.30   6064528    102316       120      5584
12:02:24 PM   1502732   1553496   6352328     80.35      2556    265244   6404284     23.30   6064528    102316       120      5584
12:02:29 PM   1502732   1553496   6352328     80.35      2556    265252   6404284     23.30   6064528    102316        32      5584
12:02:34 PM   1502480   1553376   6352448     80.35      2556    265492   6404284     23.30   6064528    102448        32      5584
12:02:39 PM   1502228   1553252   6352572     80.35      2556    265608   6404284     23.30   6064528    102576       112      5584
12:02:44 PM   1502228   1553356   6352468     80.35      2556    265608   6404284     23.30   6064528    102680       132      5584
12:02:49 PM   1502228   1553356   6352468     80.35      2556    265608   6404284     23.30   6064528    102680       132      5584
12:02:54 PM   1502228   1553356   6352468     80.35      2556    265608   6404180     23.30   6064516    102680       132      5584
12:02:59 PM   1502804   1553936   6351888     80.34      2556    265608   6404180     23.30   6065212    102680       132      5584
12:03:04 PM   1502804   1553940   6351884     80.34      2556    265608   6404180     23.30   6065368    102680        20      5584
12:03:09 PM    206596    261248   7644576     96.70      2556    269352   8410392     30.60   7364780    102928        20      5756
12:03:14 PM    144600     73248   7832576     99.07        20    118300   8410520     30.60   4653056   2873180       284      5648
12:03:19 PM    143708     72360   7833464     99.08        20    118476   8410520     30.60   4653072   2873184       304      5648
12:03:24 PM    140404     67372   7838452     99.15        20    114972   8410520     30.60   5084304   2381796        96      5648
12:03:29 PM    139928     66896   7838928     99.15        20    114980   8410520     30.60   5084304   2381796       116      5648
12:03:34 PM    121864     47368   7858456     99.40        20    111832   8410520     30.60   5406760   2092028       116      5648
12:03:39 PM    176640     77860   7827964     99.02        20     65268   8410520     30.60    379488   7124184       116      4988
12:03:44 PM    150644     54760   7851064     99.31        32     70856   8410520     30.60    431492   7108212        20      4988
12:03:49 PM    150420     54536   7851288     99.31        32     70876   8410520     30.60    431496   7108212        20      4988
12:03:54 PM    137116     43484   7862340     99.45        32     75356   8410520     30.60    452372   7091848        20      4988
12:03:59 PM    137116     43536   7862288     99.45        32     75556   8410520     30.60    452424   7091928        96      4988
12:04:04 PM    142864     49384   7856440     99.38        32     75664   8410520     30.60    468976   7075596       120      4988
12:04:09 PM    142864     49384   7856440     99.38        32     75664   8410520     30.60    468980   7075596       120      4988
12:04:14 PM    136340     42924   7862900     99.46        32     75796   8410520     30.60    471876   7072824       120      4988
12:04:19 PM    136340     44040   7861784     99.44        32     78120   8410520     30.60    474108   7072824       120      4988
12:04:24 PM    172540     80288   7825536     98.98        32     78116   8410520     30.60    481208   7063788       120      4988
12:04:29 PM    147764     53332   7852492     99.33        32     73788   8410520     30.60   3533600   4028408        24      4976
12:04:34 PM    136176     41812   7864012     99.47        32     73892   8410520     30.60   3550196   4012164        96      4984
12:04:39 PM    135924     41560   7864264     99.47        32     73896   8410520     30.60   3550200   4012164       116      4984
12:04:44 PM    134332     39972   7865852     99.49        32     73896   8410520     30.60   3566588   3995784       116      4984
12:04:49 PM    132820     40356   7865468     99.49        32     77696   8410520     30.60   3572020   3995784       116      4984
12:04:54 PM    129808     37348   7868476     99.53        32     77696   8410520     30.60   3588488   3979400       116      4984
12:04:59 PM    129808     37348   7868476     99.53        32     77696   8410520     30.60   3588488   3979400        20      4984
12:05:04 PM    155020     62676   7843148     99.21        32     77928   8410520     30.60   3604872   3959152        20      4984
12:05:09 PM    154324     61980   7843844     99.22        32     78024   8410520     30.60   3604872   3959152        96      4984
12:05:14 PM    153584     61648   7844176     99.22        32     78748   8410520     30.60   3638304   3926540       120      4984
12:05:19 PM    153584     61648   7844176     99.22        32     78748   8410520     30.60   3638304   3926540       120      4984
12:05:24 PM    149812     57916   7847908     99.27        32     78844   8410520     30.60   3666212   3894616        96      4984
12:05:29 PM    149084     57188   7848636     99.28        32     78844   8410520     30.60   3666212   3894616       116      4984
12:05:34 PM    152072     60184   7845640     99.24        32     78844   8410520     30.60   3691088   3869756       116      4984
12:05:39 PM    151820     60028   7845796     99.24        32     79036   8410520     30.60   3691092   3869948        20      4984
12:05:44 PM    150848     59056   7846768     99.25        32     79036   8410520     30.60   3708288   3850888        20      4984
12:05:49 PM    150224     58472   7847352     99.26        32     79132   8410520     30.60   3708244   3850848       116      4984
12:05:54 PM    150224     58472   7847352     99.26        32     79132   8410520     30.60   3708244   3850848       116      4984
12:05:59 PM    152104     60360   7845464     99.24        32     79132   8410520     30.60   3726456   3832652       116      4984
12:06:04 PM    152104     60360   7845464     99.24        32     79132   8410520     30.60   3726456   3832652       116      4984
12:06:09 PM    151328     61476   7844348     99.22        32     83088   8410520     30.60   3753000   3809892       116      4984
12:06:14 PM    150424     60780   7845044     99.23        32     83340   8410520     30.60   3753700   3809896       124      4984
12:06:19 PM    144044     55756   7850068     99.29        32     86236   8410520     30.60   3775916   3790496        96      4984
12:06:24 PM    144044     55976   7849848     99.29        32     86600   8410520     30.60   3776300   3790608       280      4984
12:06:29 PM    142440     54472   7851352     99.31        32     86684   8410520     30.60   3805496   3761788       312      4984
12:06:34 PM    142200     54232   7851592     99.31        32     86684   8410520     30.60   3805496   3761788       312      4984
12:06:39 PM    140384     55204   7850620     99.30        32     92312   8410520     30.60   3833532   3737288       308      4984
12:06:44 PM    213080    127976   7777848     98.38        32     92480   8657564     31.50   4069672   3416588       196      4984
12:06:49 PM    202560    117668   7788156     98.51        32     92832   8657564     31.50   4086124   3400576        20      4984
12:06:54 PM    457948    373612   7532212     95.27        32     94080   8410520     30.60   3840100   3400672        96      4984
12:06:59 PM    458388    374120   7531704     95.27        32     94080   8410520     30.60   3856472   3384432       116      4984
12:07:04 PM    458388    374120   7531704     95.27        32     94080   8410520     30.60   3856472   3384432       116      4984
12:07:09 PM    458672    374404   7531420     95.26        32     94084   8410520     30.60   3872668   3368240       120      4984
12:07:14 PM    458672    374404   7531420     95.26        32     94084   8410520     30.60   3872668   3368240       120      4984
12:07:19 PM    459944    375676   7530148     95.25        32     94084   8410520     30.60   3884888   3356020        24      4984
12:07:24 PM    459944    375740   7530084     95.25        32     94324   8410520     30.60   3884888   3356144        24      4984
12:07:29 PM    459944    375844   7529980     95.25        32     94420   8410520     30.60   3884888   3356356        96      4984
12:07:34 PM    459944    375848   7529976     95.25        32     94424   8410520     30.60   3884912   3356360       116      4984
12:07:39 PM    459944    376240   7529584     95.24        32     95208   8410520     30.60   3885708   3356360       116      4984
12:07:44 PM    459720    376016   7529808     95.24        32     95208   8410520     30.60   3885708   3356360       116      4984
12:07:49 PM    455224    371520   7534304     95.30        32     95212   8410520     30.60   3894680   3347392       120      4984
12:07:54 PM    455224    371520   7534304     95.30        32     95212   8410520     30.60   3894680   3347392        24      4984
12:07:59 PM    435780    357192   7548632     95.48        32    105516   8410520     30.60   3910916   3343788        24      4984
12:08:04 PM    435528    357152   7548672     95.48        32    105944   8410520     30.60   3911312   3343884        96      4984
12:08:09 PM    435528    357192   7548632     95.48        32    105944   8410520     30.60   3911532   3343884       116      4984
12:08:14 PM    435528    357192   7548632     95.48        32    105944   8410520     30.60   3911532   3343884       116      4984
12:08:19 PM    435528    357192   7548632     95.48        32    105944   8410520     30.60   3911532   3343884       116      4984
12:08:24 PM    435528    357192   7548632     95.48        32    105944   8410520     30.60   3911532   3343884       116      4984
12:08:29 PM    435528    357192   7548632     95.48        32    105944   8410520     30.60   3911532   3343884        20      4984
12:08:34 PM    435276    357000   7548824     95.48        32    106184   8410520     30.60   3911532   3344008        20      4984
12:08:39 PM    435276    357108   7548716     95.48        32    106280   8410520     30.60   3911532   3344220        96      4984
12:08:44 PM    435276    357108   7548716     95.48        32    106284   8410520     30.60   3911532   3344220       120      4984
12:08:49 PM    435276    357108   7548716     95.48        32    106284   8410520     30.60   3911532   3344224       120      4984
12:08:54 PM    435276    357108   7548716     95.48        32    106284   8410520     30.60   3911540   3344224       120      4984
12:08:59 PM    263916    185748   7720076     97.65        32    106284   8410520     30.60   4084556   3344224       120      4984
12:09:04 PM    263916    185748   7720076     97.65        32    106284   8410520     30.60   4084556   3344224        24      4984
12:09:09 PM    263664    185640   7720184     97.65        32    106572   8410520     30.60   4084564   3344512        24      4984
12:09:14 PM    263412    185388   7720436     97.66        32    106668   8410520     30.60   4084564   3344512        96      4984
12:09:19 PM    263412    185388   7720436     97.66        32    106668   8410520     30.60   4084564   3344512       116      4984
12:09:24 PM    263412    185436   7720388     97.65        32    106668   8410520     30.60   4084564   3344608       116      4984
12:09:29 PM    263412    185436   7720388     97.65        32    106668   8410520     30.60   4084564   3344608       116      4984
12:09:34 PM    263412    185436   7720388     97.65        32    106668   8410520     30.60   4084564   3344608       116      4984
12:09:39 PM    263412    185436   7720388     97.65        32    106668   8410520     30.60   4084564   3344608        20      4984
12:09:44 PM    263160    185248   7720576     97.66        32    106908   8410520     30.60   4084564   3344732        20      4984
12:09:49 PM    263160    185248   7720576     97.66        32    107004   8410520     30.60   4084564   3344732        96      4984
12:09:54 PM    263160    185356   7720468     97.66        32    107012   8410520     30.60   4084564   3344952       124      4984
12:09:59 PM    263160    185356   7720468     97.66        32    107012   8410520     30.60   4084564   3344952       124      4984
12:10:04 PM    263160    185356   7720468     97.66        32    107012   8410520     30.60   4084564   3344952       124      4984
12:10:09 PM    263160    185356   7720468     97.66        32    107012   8410520     30.60   4084564   3344952       124      4984
12:10:14 PM    263160    185360   7720464     97.66        32    107016   8410520     30.60   4084564   3344956        32      4984
12:10:19 PM    262656    184980   7720844     97.66        32    107304   8410520     30.60   4084564   3345204        32      4984
12:10:24 PM    262404    184796   7721028     97.66        32    107404   8410520     30.60   4084564   3345344        96      4984
12:10:29 PM    262404    184796   7721028     97.66        32    107404   8410520     30.60   4084564   3345344       116      4984
12:10:34 PM    262404    184796   7721028     97.66        32    107404   8410520     30.60   4084564   3345344       116      4984
12:10:39 PM    262404    184796   7721028     97.66        32    107404   8410520     30.60   4084564   3345344       116      4984
12:10:44 PM    262404    184796   7721028     97.66        32    107404   8410520     30.60   4084564   3345344       116      4984
12:10:49 PM    262404    184796   7721028     97.66        32    107404   8410520     30.60   4084564   3345344        20      4984
12:10:54 PM    262152    184712   7721112     97.66        32    107740   8410520     30.60   4084568   3345680        20      4984
12:10:59 PM    262152    184716   7721108     97.66        32    107844   8410520     30.60   4084572   3345680        96      4984
12:11:04 PM    262152    184764   7721060     97.66        32    107844   8410520     30.60   4084576   3345776       116      4984
12:11:09 PM    262152    184764   7721060     97.66        32    107844   8410520     30.60   4084576   3345776       116      4984
12:11:14 PM    262152    184764   7721060     97.66        32    107844   8410520     30.60   4084576   3345776       116      4984
12:11:19 PM    262152    184764   7721060     97.66        32    107844   8410520     30.60   4084576   3345776       116      4984
12:11:24 PM    262152    184764   7721060     97.66        32    107896   8410520     30.60   4084576   3345776       180      4984
12:11:29 PM    261900    184636   7721188     97.66        32    108264   8410520     30.60   4084576   3346024       180      4984
12:11:34 PM    261900    184784   7721040     97.66        32    108392   8410520     30.60   4084580   3346320       288      4984
12:11:39 PM    261900    184784   7721040     97.66        32    108388   8410520     30.60   4084580   3346320       304      4984
12:11:44 PM    261900    184800   7721024     97.66        32    108420   8410520     30.60   4084580   3346352       300      4984
12:11:49 PM    261900    184800   7721024     97.66        32    108420   8410520     30.60   4084580   3346352       300      4984
12:11:54 PM    261900    184800   7721024     97.66        32    108420   8410520     30.60   4084580   3346352        20      4984
12:11:59 PM    261212    184200   7721624     97.67        32    108592   8410520     30.60   4084580   3346524        20      4984
12:12:04 PM    180236    103300   7802524     98.69        32    108748   8657564     31.50   4331648   3184864        20      4984
12:12:09 PM    180044    103108   7802716     98.70        32    108844   8657564     31.50   4331648   3184864        96      4984
12:12:14 PM    427092    350204   7555620     95.57        32    108844   8410520     30.60   4084604   3184960       116      4984
12:12:19 PM    427092    350204   7555620     95.57        32    108844   8410520     30.60   4084604   3184960       116      4984
12:12:24 PM    427092    350204   7555620     95.57        32    108844   8410520     30.60   4084604   3184960       116      4984
12:12:29 PM    427092    350204   7555620     95.57        32    108844   8410520     30.60   4084604   3184960       116      4984
12:12:34 PM    427092    350356   7555468     95.57        32    109148   8410520     30.60   4084604   3185264        20      4984
12:12:39 PM    427092    350356   7555468     95.57        32    109148   8410520     30.60   4084604   3185264        20      4984
12:12:44 PM    426840    350104   7555720     95.57        32    109244   8410520     30.60   4084608   3185264        96      4984
12:12:49 PM    426840    350152   7555672     95.57        32    109244   8410520     30.60   4084608   3185360       116      4984
12:12:54 PM    426840    350152   7555672     95.57        32    109244   8410520     30.60   4084608   3185360       116      4984
12:12:59 PM    425844    349156   7556668     95.58        32    109248   8410520     30.60   4084476   3185364       120      4984
12:13:04 PM    425844    349156   7556668     95.58        32    109248   8410520     30.60   4084476   3185364        24      4984
12:13:09 PM    425844    349160   7556664     95.58        32    109248   8410520     30.60   4084604   3185364        24      4984
12:13:14 PM    425844    349284   7556540     95.58        32    109556   8410520     30.60   4084604   3185612        28      4984
12:13:19 PM    425844    349312   7556512     95.58        32    109652   8410520     30.60   4084604   3185672        96      4984
12:13:24 PM    205168    128636   7777188     98.37        32    109652   8410520     30.60   4305452   3185672       116      4984
12:13:29 PM    238592    143960   7761864     98.18        32     73180   8410520     30.60   2388944   4859792        96      4592
12:13:34 PM    100708      6632   7899192     99.92        32     74232   8410520     30.60   3212568   4185484        96      4600
12:13:39 PM    156772     65532   7840292     99.17        32     79980   8410520     30.60   2505524   3733148       896      4528
12:13:44 PM    193348    102660   7803164     98.70        32     81084   8410520     30.60   2522304   3667772       916      4528
12:13:49 PM    192844    102408   7803416     98.70        32     81504   8410520     30.60   2522604   3668152       868      4528
12:13:54 PM    189316    100108   7805716     98.73        32     83960   8410520     30.60   2525104   3668152       868      4528
12:13:59 PM    189316    100568   7805256     98.73        32     84828   8410520     30.60   2526004   3668188       868      4528
12:14:04 PM    189316    100612   7805212     98.73        32     84916   8410520     30.60   2804852   3668188       868      4532
12:14:09 PM    156228     70816   7835008     99.10        32     91500   8410520     30.60   3478268   3668256        68      4532
12:14:14 PM    163372     77960   7827864     99.01        32     91596   8410520     30.60   3773588   3668256        96      4532
12:14:19 PM    163636     78272   7827552     99.01        32     91596   8410520     30.60   3773612   3668352       116      4532
12:14:24 PM    163636     78280   7827544     99.01        32     91712   8410520     30.60   3773616   3668368       116      4540
12:14:29 PM    163636     78324   7827500     99.01        32     91712   8410520     30.60   3773728   3668384       116      4540
12:14:34 PM    163636     78324   7827500     99.01        32     91712   8410520     30.60   3773732   3668384       116      4540
12:14:39 PM    163636     78324   7827500     99.01        32     91712   8410520     30.60   3773748   3668384       116      4540
12:14:44 PM    163636     78448   7827376     99.01        32     92048   8410520     30.60   3773752   3668632        20      4540
12:14:49 PM    161116     77428   7828396     99.02        32     95068   8410520     30.60   3778360   3668816        96      4540
12:14:54 PM    161116     77428   7828396     99.02        32     95068   8410520     30.60   3778360   3668816       116      4540
12:14:59 PM    161116     77484   7828340     99.02        32     95068   8410520     30.60   3778512   3668816       116      4540
12:15:04 PM    161116     77484   7828340     99.02        32     95068   8410520     30.60   3778512   3668816       116      4540
12:15:09 PM    161116     77576   7828248     99.02        32     95252   8410520     30.60   3778700   3668816       116      4540
12:15:14 PM    131336     57684   7848140     99.27        32    115056   8422772     30.65   3801036   3669184       380      4560
12:15:19 PM    133752     60300   7845524     99.24        32    115444   8410520     30.60   3798820   3668960       240      4560
12:15:24 PM    133852     60400   7845424     99.24        32    115540   8418664     30.63   3800196   3668960       312      4560
12:15:29 PM    133908     60528   7845296     99.23        32    115588   8410520     30.60   3798876   3669048       456      4560
12:15:34 PM    133908     60528   7845296     99.23        32    115592   8410520     30.60   3798876   3669048       460      4560
12:15:39 PM    133908     60528   7845296     99.23        32    115592   8410520     30.60   3798876   3669048       460      4560
12:15:44 PM    133908     60532   7845292     99.23        32    115592   8410520     30.60   3798888   3669052       168      4560
12:15:49 PM    133908     60532   7845292     99.23        32    115592   8410520     30.60   3798888   3669052        24      4560
12:15:54 PM    133908     60716   7845108     99.23        32    115976   8410520     30.60   3798888   3669424        24      4560
12:15:59 PM    133908     60772   7845052     99.23        32    116072   8410520     30.60   3798888   3669532       100      4560
12:16:04 PM    133404     61892   7843932     99.22        32    119320   8410520     30.60   3802848   3669628       320      4560
12:16:09 PM    133404     62120   7843704     99.21        32    119816   8410520     30.60   3803376   3669628       320      4560
12:16:14 PM    133404     62140   7843684     99.21        32    119816   8410520     30.60   3803436   3669628       320      4560
12:16:19 PM    133404     62140   7843684     99.21        32    119820   8410520     30.60   3803444   3669632       324      4560
12:16:24 PM    133180     61916   7843908     99.22        32    119872   8410520     30.60   3803460   3669632       204      4560
12:16:29 PM    133180     62056   7843768     99.22        32    120236   8410520     30.60   3803472   3669912       200      4560
12:16:34 PM    132928     61936   7843888     99.22        32    120368   8410520     30.60   3803496   3670172       284      4560
12:16:39 PM    125448     54452   7851372     99.31        32    120352   8410520     30.60   3942860   3588456       300      4560
12:16:44 PM    195988    120436   7785388     98.48        32    111272   8410520     30.60   2982744   4501524       300      4556
12:16:49 PM    195512    119976   7785848     98.48        32    111272   8410520     30.60   2982808   4501556       300      4556
12:16:54 PM    195512    119976   7785848     98.48        32    111272   8410520     30.60   2982820   4501556       124      4556
12:16:59 PM    193496    118084   7787740     98.51        32    111640   8410520     30.60   2982820   4501804       124      4556
12:17:04 PM    193004    117652   7788172     98.51        32    111640   8410520     30.60   2982820   4501924       124      4556
12:17:09 PM    192812    117460   7788364     98.51        32    111736   8410520     30.60   2982820   4501924        96      4556
12:17:14 PM    192528    117224   7788600     98.52        32    111736   8410520     30.60   2982824   4502020       116      4556
12:17:19 PM    188748    114620   7791204     98.55        32    114132   8410520     30.60   2985180   4502020       124      4556
12:17:24 PM    161456     87304   7818520     98.90        32    113844   8657564     31.50   3435880   4064784       124      4352
12:17:29 PM    160476     86324   7819500     98.91        32    113844   8657564     31.50   3435884   4064784       124      4352
12:17:34 PM    393768    319620   7586204     95.96        32    113844   8410520     30.60   3188924   4064788        28      4352
12:17:39 PM    389308    315284   7590540     96.01        32    114148   8410520     30.60   3188924   4065036        28      4352
12:17:44 PM    389020    315072   7590752     96.01        32    114244   8410520     30.60   3188936   4065188        96      4352
12:17:49 PM    389020    315072   7590752     96.01        32    114244   8410520     30.60   3188936   4065188       116      4352
12:17:54 PM    389020    315072   7590752     96.01        32    114244   8410520     30.60   3188936   4065188       116      4352
12:17:59 PM    389020    315072   7590752     96.01        32    114244   8410520     30.60   3188936   4065188       116      4352
12:18:04 PM    388028    314096   7591728     96.03        32    114280   8410520     30.60   3192296   4061868       116      4352
12:18:09 PM    388028    314096   7591728     96.03        32    114284   8410520     30.60   3192296   4061868        24      4352
12:18:14 PM    388028    314252   7591572     96.03        32    114588   8410520     30.60   3192296   4062176        24      4352
12:18:19 PM    388028    314252   7591572     96.03        32    114684   8410520     30.60   3192296   4062176        96      4352
12:18:24 PM    388028    314300   7591524     96.02        32    114684   8410520     30.60   3192296   4062272       116      4352
12:18:29 PM    388028    314300   7591524     96.02        32    114684   8410520     30.60   3192296   4062272       116      4352
12:18:34 PM    388028    314300   7591524     96.02        32    114684   8410520     30.60   3192296   4062272       116      4352
12:18:39 PM    388028    314300   7591524     96.02        32    114684   8410520     30.60   3192296   4062272       116      4352
12:18:44 PM    388028    314300   7591524     96.02        32    114684   8410520     30.60   3192296   4062272        20      4352
12:18:49 PM    388028    316344   7589480     96.00        32    118872   8410520     30.60   3196140   4062520        20      4352
12:18:54 PM    388028    316440   7589384     96.00        32    118968   8410520     30.60   3196240   4062624        96      4352
12:18:59 PM    387804    316216   7589608     96.00        32    118968   8410520     30.60   3196240   4062624       116      4352
12:19:04 PM    387804    316216   7589608     96.00        32    118968   8410520     30.60   3196240   4062624       116      4352
12:19:09 PM    387804    316216   7589608     96.00        32    118968   8410520     30.60   3196240   4062624       116      4352
12:19:14 PM    387804    316216   7589608     96.00        32    118968   8410520     30.60   3196240   4062624       116      4352
12:19:19 PM    387804    316216   7589608     96.00        32    118972   8410520     30.60   3196240   4062624        24      4352
12:19:24 PM    387552    316120   7589704     96.00        32    119276   8410520     30.60   3196260   4062932        24      4352
12:19:29 PM    387552    316120   7589704     96.00        32    119372   8410520     30.60   3196260   4062932        96      4352
12:19:34 PM    387552    316168   7589656     96.00        32    119372   8410520     30.60   3196260   4063028       116      4352
12:19:39 PM    387552    316168   7589656     96.00        32    119372   8410520     30.60   3196260   4063028       116      4352
12:19:44 PM    387380    315996   7589828     96.00        32    119372   8410520     30.60   3196260   4063028       116      4352
12:19:49 PM    387300    315916   7589908     96.00        32    119376   8410520     30.60   3196292   4063028       116      4352
12:19:54 PM    387300    315916   7589908     96.00        32    119376   8410520     30.60   3196292   4063028        20      4352
12:19:59 PM    387300    316040   7589784     96.00        32    119632   8410520     30.60   3196296   4063276        20      4352
12:20:04 PM    386796    315588   7590236     96.01        32    119728   8410520     30.60   3196296   4063380        96      4352
12:20:09 PM    386796    315588   7590236     96.01        32    119728   8410520     30.60   3196296   4063380       116      4352
12:20:14 PM    386796    315588   7590236     96.01        32    119728   8410520     30.60   3196296   4063380       116      4352
12:20:19 PM    386796    315588   7590236     96.01        32    119728   8410520     30.60   3196296   4063380       116      4352
12:20:24 PM    386544    315336   7590488     96.01        32    119828   8410520     30.60   3196296   4063380       116      4352
12:20:29 PM    386544    315388   7590436     96.01        32    119828   8410520     30.60   3196404   4063380        20      4352
12:20:34 PM    386544    315512   7590312     96.01        32    120132   8410520     30.60   3196404   4063628        20      4352
12:20:39 PM    386544    315540   7590284     96.01        32    120228   8410520     30.60   3196404   4063684        96      4352
12:20:44 PM    386544    315540   7590284     96.01        32    120232   8410520     30.60   3196404   4063684       120      4352
12:20:49 PM    386544    315592   7590232     96.01        32    120232   8410520     30.60   3196404   4063784       120      4352
12:20:54 PM    386544    315592   7590232     96.01        32    120232   8410520     30.60   3196404   4063784       120      4352
12:20:59 PM    386544    315592   7590232     96.01        32    120232   8410520     30.60   3196408   4063784       120      4352
12:21:04 PM    386544    315592   7590232     96.01        32    120240   8410520     30.60   3196408   4063784        32      4352
12:21:09 PM    382448    311624   7594200     96.06        32    120496   8410520     30.60   3200504   4059944        32      4352
12:21:14 PM    382208    311388   7594436     96.06        32    120592   8410520     30.60   3200520   4059952        96      4352
12:21:19 PM    372840    302032   7603792     96.18        32    120592   8410520     30.60   3251448   4009052       116      4352
12:21:24 PM    372616    301884   7603940     96.18        32    120672   8410520     30.60   3251460   4009200       304      4352
12:21:29 PM    381372    310640   7595184     96.07        32    120676   8410520     30.60   3310024   3950608       308      4352
12:21:34 PM    381372    310640   7595184     96.07        32    120676   8410520     30.60   3310052   3950608       308      4352
12:21:39 PM    385716    314984   7590840     96.02        32    120672   8410520     30.60   3322404   3938264       128      4352
12:21:44 PM    385716    315184   7590640     96.01        32    121152   8410520     30.60   3322404   3938664       204      4352
12:21:49 PM    385188    314744   7591080     96.02        32    121248   8410520     30.60   3328676   3932568       280      4352
12:21:54 PM    385188    314744   7591080     96.02        32    121252   8410520     30.60   3328676   3932572       200      4352
12:21:59 PM    379812    309368   7596456     96.09        32    121252   8410520     30.60   3350916   3910332       200      4352
12:22:04 PM    379812    309368   7596456     96.09        32    121252   8410520     30.60   3350916   3910332       200      4352
12:22:09 PM    380652    310208   7595616     96.08        32    121252   8410520     30.60   3374476   3886772       200      4352
12:22:14 PM    380652    310272   7595552     96.08        32    121412   8410520     30.60   3374480   3886896        24      4352
12:22:19 PM    379544    309180   7596644     96.09        32    121412   8410520     30.60   3399628   3861788        24      4352
12:22:24 PM    379292    308928   7596896     96.09        32    121512   8410520     30.60   3399628   3861788        96      4352
12:22:29 PM    382488    312176   7593648     96.05        32    121512   8410520     30.60   3416048   3845472       116      4352
12:22:34 PM    382488    312176   7593648     96.05        32    121512   8410520     30.60   3416048   3845472       116      4352
12:22:39 PM    377704    307392   7598432     96.11        32    121512   8410520     30.60   3427776   3833744       116      4352
12:22:44 PM    206072    135756   7770068     98.28        32    121504   8657564     31.50   3674808   3732340       116      4352
12:22:49 PM    135744     65428   7840396     99.17        32    121504   8904608     32.40   3945132   3522052       116      4352
12:22:54 PM    391208    321016   7584808     95.94        32    121808   8657564     31.50   3698088   3522300        20      4352
12:22:59 PM    632248    562132   7343692     92.89        32    121904   8410520     30.60   3461228   3512268        96      4352
12:23:04 PM    634592    564472   7341352     92.86        32    121904   8410520     30.60   3487232   3486136       116      4352
12:23:09 PM    636284    566168   7339656     92.84        32    121904   8410520     30.60   3508184   3465312       116      4352
12:23:14 PM    636284    566168   7339656     92.84        32    121904   8410520     30.60   3508184   3465312       116      4352
12:23:19 PM    633300    563184   7342640     92.88        32    121908   8410520     30.60   3512112   3461388       120      4352
12:23:24 PM    633300    563184   7342640     92.88        32    121908   8410520     30.60   3512112   3461388        24      4352
12:23:29 PM    645240    575164   7330660     92.72        32    122164   8410520     30.60   3560980   3412444        24      4352
12:23:34 PM    179836     96192   7809632     98.78        32     90748   8410520     30.60   2785808   4744212        96       252
12:23:39 PM    164872     81236   7824588     98.97        32     90916   8410520     30.60   2790792   4739576       116       252
12:23:44 PM    123676     34680   7871144     99.56        32     80144   8410520     30.60   2177412   5387964        96       252
12:23:49 PM    156196     65876   7839948     99.17        32     77496   8410520     30.60   2901852   4611840       116       252
12:23:54 PM    154004     63732   7842092     99.19        32     77496   8410520     30.60   2918060   4597112       116       252
12:23:59 PM    154004     63732   7842092     99.19        32     77496   8410520     30.60   2918060   4597112       116       252
12:24:04 PM    159820     70540   7835284     99.11        32     79516   8410520     30.60   2925940   4591216        20       252
12:24:09 PM    156040     68808   7837016     99.13        32     83652   8410520     30.60   2930032   4591216        20       252
12:24:14 PM    168076     80884   7824940     98.98        32     83652   8410520     30.60   2964172   4555272        20       252
12:24:19 PM    167348     80156   7825668     98.99        32     83748   8410520     30.60   2964172   4555272        96       252
12:24:24 PM    170472     83968   7821856     98.94        32     85032   8410520     30.60   3195696   4320752       116       252
12:24:29 PM    170392     83888   7821936     98.94        32     85032   8410520     30.60   3195696   4320752       116       252
12:24:34 PM    169384     82880   7822944     98.95        32     85032   8410520     30.60   3195696   4320752       116       252
12:24:39 PM    169384     82880   7822944     98.95        32     85032   8410520     30.60   3195696   4320752       116       252
12:24:44 PM    169384     82880   7822944     98.95        32     85080   8410520     30.60   3195696   4320752       124       252
12:24:49 PM    163336     79064   7826760     99.00        32     89584   8410520     30.60   3199904   4321008        28       252
12:24:54 PM    163336     79076   7826748     99.00        32     89696   8410520     30.60   3199948   4321008       112       252
12:24:59 PM    163336     79076   7826748     99.00        32     89696   8410520     30.60   3199948   4321008       132       252
12:25:04 PM    164360     80100   7825724     98.99        32     89696   8410520     30.60   3199948   4321008       132       252
12:25:09 PM    164360     80100   7825724     98.99        32     89696   8410520     30.60   3199948   4321008       132       252
12:25:14 PM    164360     80100   7825724     98.99        32     89696   8410520     30.60   3199948   4321008       132       252
12:25:19 PM    164360     80100   7825724     98.99        32     89696   8410520     30.60   3199948   4321008        20       252
12:25:24 PM    158348     74244   7831580     99.06        32     90020   8410520     30.60   3214456   4306812        24       252
12:25:29 PM    158348     74300   7831524     99.06        32     90116   8410520     30.60   3214456   4306928        96       252
12:25:34 PM    143636     59588   7846236     99.25        32     90116   8410520     30.60   3239740   4281816       116       252
12:25:39 PM    143560     59600   7846224     99.25        32     90116   8410520     30.60   3239868   4281692       116       252
12:25:44 PM    141648     57688   7848136     99.27        32     90116   8410520     30.60   3265648   4255892       116       252
12:25:49 PM    141632     57672   7848152     99.27        32     90116   8410520     30.60   3265712   4255848       116       252
12:25:54 PM    141632     57672   7848152     99.27        32     90120   8410520     30.60   3265712   4255848        24       252
12:25:59 PM    127364     33532   7872292     99.58        28     70884   8410520     30.60   3216768   4254736        96       244
12:26:04 PM    198512    104520   7801304     98.68        28     70152   8410520     30.60   3611008   3761260       116       248
12:26:09 PM    172388     87380   7818444     98.89        28     88148   8410520     30.60   3636752   3753500       116       248
12:26:14 PM    172244     87368   7818456     98.89        28     88304   8410520     30.60   3637052   3753500       116       248
12:26:19 PM    169136     85384   7820440     98.92        28     90672   8410520     30.60   3665096   3727720       116       248
12:26:24 PM    169136     86508   7819316     98.91        28     92788   8410520     30.60   3667304   3727764       276       248
12:26:29 PM    162236     79772   7826052     98.99        28     93228   8410520     30.60   3674584   3720832       136       248
12:26:34 PM    161732     79324   7826500     99.00        28     93404   8410520     30.60   3674584   3720948       292       248
12:26:39 PM    164964     82644   7823180     98.95        28     93400   8410520     30.60   3678364   3717348       308       248
12:26:44 PM    164712     82392   7823432     98.96        28     93436   8410520     30.60   3678364   3717348       296       248
12:26:49 PM    175568     93264   7812560     98.82        28     93432   8410520     30.60   3687100   3707100       292       248
12:26:54 PM    174336     92032   7813792     98.84        28     93432   8410520     30.60   3687116   3707100       196       248
12:26:59 PM    166432     84192   7821632     98.94        28     93592   8410520     30.60   3716756   3677584        20       248
12:27:04 PM    166432     84192   7821632     98.94        28     93592   8410520     30.60   3716756   3677584        20       248
12:27:09 PM    166976     84800   7821024     98.93        28     93688   8410520     30.60   3729816   3664656        96       248
12:27:14 PM    166976     84800   7821024     98.93        28     93688   8410520     30.60   3729816   3664656       116       248
12:27:19 PM    172992     90816   7815008     98.85        28     93688   8410520     30.60   3740964   3653508       116       248
12:27:24 PM    172992     90816   7815008     98.85        28     93688   8410520     30.60   3740964   3653508       116       248
12:27:29 PM    168896     86720   7819104     98.90        28     93688   8410520     30.60   3740964   3653508       116       248
12:27:34 PM    168644     86468   7819356     98.91        28     93688   8410520     30.60   3740964   3653508       116       248
12:27:39 PM    168392     86368   7819456     98.91        28     93992   8410520     30.60   3740964   3653812        20       248
12:27:44 PM    167916     85900   7819924     98.91        28     94088   8410520     30.60   3740972   3653828        96       248
12:27:49 PM    170476     88500   7817324     98.88        28     94088   8410520     30.60   3743020   3651860       116       248
12:27:54 PM    170476     88500   7817324     98.88        28     94088   8410520     30.60   3743020   3651860       116       248
12:27:59 PM    170476     88500   7817324     98.88        28     94088   8410520     30.60   3743020   3651860       116       248
12:28:04 PM    110692     30932   7874892     99.61        28     98520   8657564     31.50   4236708   3164776       116       248
12:28:09 PM    168544     88784   7817040     98.88        28     98520   8657564     31.50   4236804   3080676        20       248
12:28:14 PM    419464    339828   7565996     95.70        28     98776   8410520     30.60   3989760   3063648        20       248
12:28:19 PM    419464    339880   7565944     95.70        28     98872   8410520     30.60   3989760   3063752        96       248
12:28:24 PM    419464    339880   7565944     95.70        28     98876   8410520     30.60   3989760   3063752       120       248
12:28:29 PM    418632    339060   7566764     95.71        28     98892   8410520     30.60   3989760   3063772       136       248
12:28:34 PM    418632    339060   7566764     95.71        28     98892   8410520     30.60   3989760   3063772       136       248
12:28:39 PM    414248    334676   7571148     95.77        28     98892   8410520     30.60   4006884   3046712       136       248
12:28:44 PM    414412    334840   7570984     95.76        28     98892   8410520     30.60   4006864   3046668        40       248
12:28:49 PM    414048    334628   7571196     95.77        28     99196   8410520     30.60   4006864   3046972        40       248
12:28:54 PM    413620    334200   7571624     95.77        28     99308   8410520     30.60   4006880   3046972       112       248
12:28:59 PM    412660    333240   7572584     95.78        28     99308   8410520     30.60   4014856   3039060       132       248
12:29:04 PM    412672    333308   7572516     95.78        28     99308   8410520     30.60   4014984   3039112       132       248
12:29:09 PM    415524    336160   7569664     95.75        28     99308   8410520     30.60   4014984   3039112       132       248
12:29:14 PM    420984    341620   7564204     95.68        28     99308   8410520     30.60   4019828   3034268       132       248
12:29:19 PM    420984    341620   7564204     95.68        28     99308   8410520     30.60   4019828   3034268        20       248
12:29:24 PM    291204    211976   7693848     97.32        28     99580   8410520     30.60   4149600   3034540        20       248
12:29:29 PM    291204    211976   7693848     97.32        28     99676   8410520     30.60   4149600   3034540        96       248
12:29:34 PM    285060    205880   7699944     97.40        28     99676   8410520     30.60   4149600   3034636       116       248
12:29:39 PM    285060    205880   7699944     97.40        28     99676   8410520     30.60   4149600   3034636       116       248
12:29:44 PM    283188    204008   7701816     97.42        28     99676   8410520     30.60   4152932   3031304       116       248
12:29:49 PM    283188    204008   7701816     97.42        28     99676   8410520     30.60   4152932   3031304       116       248
12:29:54 PM    283188    204008   7701816     97.42        28     99676   8410520     30.60   4152932   3031304        20       248
12:29:59 PM    282936    203880   7701944     97.42        28    100012   8410520     30.60   4152932   3031552        20       248
12:30:04 PM    282936    203924   7701900     97.42        28    100124   8410520     30.60   4152932   3031640       112       248
12:30:09 PM    282936    203924   7701900     97.42        28    100124   8410520     30.60   4152932   3031640       132       248
12:30:14 PM    273680    194704   7711120     97.54        28    100124   8410520     30.60   4158992   3025660       132       248
12:30:19 PM    273680    194704   7711120     97.54        28    100124   8410520     30.60   4158992   3025660       132       248
12:30:24 PM    273680    194724   7711100     97.54        28    100124   8410520     30.60   4159000   3025696       132       248
12:30:29 PM    273680    194724   7711100     97.54        28    100124   8410520     30.60   4159000   3025696        20       248
12:30:34 PM    273680    194848   7710976     97.54        28    100396   8410520     30.60   4159000   3025944        20       248
12:30:39 PM    273680    194848   7710976     97.54        28    100492   8410520     30.60   4159000   3025944        96       248
12:30:44 PM    273680    194908   7710916     97.53        28    100492   8410520     30.60   4159008   3026064       116       248
12:30:49 PM    273616    194844   7710980     97.54        28    100492   8410520     30.60   4159008   3026064       116       248
12:30:54 PM    273616    194844   7710980     97.54        28    100492   8410520     30.60   4159012   3026064       116       248
12:30:59 PM    273616    194844   7710980     97.54        28    100492   8410520     30.60   4159012   3026064       116       248
12:31:04 PM    273616    194844   7710980     97.54        28    100496   8410520     30.60   4159012   3026068        24       248
12:31:09 PM    272860    194212   7711612     97.54        28    100832   8410520     30.60   4159012   3026316        24       248
12:31:14 PM    272860    194312   7711512     97.54        28    100944   8410520     30.60   4159024   3026516       112       248
12:31:19 PM    272828    194280   7711544     97.54        28    100944   8410520     30.60   4159028   3026516       132       248
12:31:24 PM    268576    191580   7714244     97.58        28    104128   8410520     30.60   4162128   3026516       320       248
12:31:29 PM    268352    191356   7714468     97.58        28    104136   8410520     30.60   4162128   3026516       328       248
12:31:34 PM    268352    191400   7714424     97.58        28    104136   8410520     30.60   4162136   3026600       328       248
12:31:39 PM    268352    191400   7714424     97.58        28    104132   8410520     30.60   4162136   3026600       132       248
12:31:44 PM    268100    191364   7714460     97.58        28    104568   8410520     30.60   4162136   3027036       180       248
12:31:49 PM    267836    191116   7714708     97.58        28    104692   8410520     30.60   4162136   3027064       284       248
12:31:54 PM    267836    191164   7714660     97.58        28    104692   8410520     30.60   4162136   3027160       196       248
12:31:59 PM    267836    191164   7714660     97.58        28    104692   8410520     30.60   4162136   3027160       196       248
12:32:04 PM    267836    191164   7714660     97.58        28    104692   8410520     30.60   4162136   3027160       196       248
12:32:09 PM    267836    191164   7714660     97.58        28    104700   8410520     30.60   4162136   3027160       204       248
12:32:14 PM    267836    191280   7714544     97.58        28    104924   8410520     30.60   4162144   3027392        28       248
12:32:19 PM    267836    191280   7714544     97.58        28    104924   8410520     30.60   4162144   3027392        28       248
12:32:24 PM    267572    191072   7714752     97.58        28    105036   8410520     30.60   4162144   3027504       112       248
12:32:29 PM    267572    191072   7714752     97.58        28    105036   8410520     30.60   4162144   3027504       132       248
12:32:34 PM    267572    191072   7714752     97.58        28    105036   8410520     30.60   4164192   3025456       132       248
12:32:39 PM    267572    191072   7714752     97.58        28    105036   8410520     30.60   4164192   3025456       132       248
12:32:44 PM    265316    188816   7717008     97.61        28    105036   8410520     30.60   4168352   3021500       132       248
12:32:49 PM    265388    188888   7716936     97.61        28    105036   8410520     30.60   4168288   3021360       132       248
12:32:54 PM    272484    196168   7709656     97.52        28    105404   8410520     30.60   4208140   2982028        20       248
12:32:59 PM    272516    196200   7709624     97.52        28    105500   8410520     30.60   4208076   2981948        96       248
12:33:04 PM    272268    195996   7709828     97.52        28    105500   8410520     30.60   4207872   2982044       116       248
12:33:09 PM    271228    194960   7710864     97.53        28    105500   8410520     30.60   4214028   2976100       116       248
12:33:14 PM    271228    194960   7710864     97.53        28    105500   8410520     30.60   4214028   2976100       116       248
12:33:19 PM    265200    188932   7716892     97.61        28    105500   8410520     30.60   4225692   2964436       116       248
12:33:24 PM    149980     69896   7835928     99.12        28     97868   8657564     31.50   4539628   2745304       116       248
12:33:29 PM    145632     65672   7840152     99.17        28     98204   8657564     31.50   4543724   2741456        20       248
12:33:34 PM    159252     79360   7826464     99.00        28     98316   8410520     30.60   4602904   2741596       112       248
12:33:39 PM    184816     85064   7820760     98.92        28     58656   8410520     30.60   4274768   3241804         0       228
12:33:44 PM    184564     85000   7820824     98.92        28     58912   8410520     30.60   4275144   3241876        20       228
12:33:49 PM    176020     76468   7829356     99.03        28     58912   8410520     30.60   4280800   3236256        20       228
12:33:54 PM    176020     76468   7829356     99.03        28     58912   8410520     30.60   4280912   3236256        20       228
12:33:59 PM    168892     69340   7836484     99.12        28     58912   8410520     30.60   4295404   3221792        20       228
12:34:04 PM    168640     69212   7836612     99.12        28     59248   8410520     30.60   4295452   3222040        20       228
12:34:09 PM    172420     75640   7830184     99.04        28     64512   8410520     30.60   4312500   3210336        20       228
12:34:14 PM    172136     75356   7830468     99.05        28     64608   8410520     30.60   4312500   3210336        96       228
12:34:19 PM    165024     68320   7837504     99.14        28     64608   8410520     30.60   4318464   3204524       116       228
12:34:24 PM    165024     68320   7837504     99.14        28     64608   8410520     30.60   4318468   3204524       116       228
12:34:29 PM    185676     88720   7817104     98.88        28     64184   8410520     30.60   4547576   2964816       116       228
12:34:34 PM    185424     88468   7817356     98.88        28     64188   8410520     30.60   4547576   2964816        24       228
12:34:39 PM    180696     83780   7822044     98.94        28     64188   8410520     30.60   4555876   2956600        24       228
12:34:44 PM    180444     83652   7822172     98.94        28     64556   8410520     30.60   4555876   2956848        24       228
12:34:49 PM    180564     83908   7821916     98.94        28     64704   8410520     30.60   4568908   2944084       112       228
12:34:54 PM    176784     81356   7824468     98.97        28     67160   8410520     30.60   4572044   2944084       132       228
12:34:59 PM    187588     92160   7813664     98.83        28     67164   8410520     30.60   4580072   2936176       136       228
12:35:04 PM    187588     92160   7813664     98.83        28     67164   8410520     30.60   4580072   2936176       136       228
12:35:09 PM    118000     22572   7883252     99.71        28     67164   8410520     30.60   4650992   2929488       136       228
12:35:14 PM    132452     23028   7882796     99.71        28     39416   8410520     30.60   3034324   4542852        24       188
12:35:19 PM    127724     18524   7887300     99.77        28     39752   8410520     30.60   3044700   4532948        24       188
12:35:24 PM    124936     16608   7889216     99.79        28     41692   8410520     30.60   3046436   4532964       112       188
12:35:29 PM    116744     10520   7895304     99.87        28     45700   8410520     30.60   3052864   4530756       132       188
12:35:34 PM    116744     10520   7895304     99.87        28     45700   8410520     30.60   3052864   4530756       132       188
12:35:39 PM    145436     39064   7866760     99.51        28     45408   8410520     30.60   3053624   4499924       132       188
12:35:44 PM    145436     39064   7866760     99.51        28     45408   8410520     30.60   3053624   4499924       132       188
12:35:49 PM    148080     41708   7864116     99.47        28     45408   8410520     30.60   3053936   4499612        20       188
12:35:54 PM    147604     41484   7864340     99.48        28     45944   8410520     30.60   3053972   4500116        28       188
12:35:59 PM    143508     37460   7868364     99.53        28     46056   8410520     30.60   3056020   4498212       112       188
12:36:04 PM    143508     37460   7868364     99.53        28     46056   8410520     30.60   3056020   4498212       132       188
12:36:09 PM    127740     30248   7875576     99.62        28     63336   8410520     30.60   3073252   4498212       132       188
12:36:14 PM    127580     30184   7875640     99.62        28     63360   8410520     30.60   3073532   4498268       136       188
12:36:19 PM    119704     23488   7882336     99.70        28     65720   8410520     30.60   3076712   4497580       136       188
12:36:24 PM    115672     20640   7885184     99.74        28     68236   8410520     30.60   3079100   4497552       188       192
12:36:29 PM    214252    119224   7786600     98.49        28     68320   8410520     30.60   3081684   4403340       188       188
12:36:34 PM    214000    119124   7786700     98.49        28     68464   8410520     30.60   3081692   4403488       308       188
12:36:39 PM    214000    119124   7786700     98.49        28     68460   8410520     30.60   3081700   4403488       324       188
12:36:44 PM    214512    119704   7786120     98.49        28     68568   8410520     30.60   3083196   4402148       216       188
12:36:49 PM    214512    119720   7786104     98.49        28     68564   8410520     30.60   3083196   4402180       212       188
12:36:54 PM    210164    115372   7790452     98.54        28     68680   8410520     30.60   3085324   4400148        20       188
12:36:59 PM    206168    111548   7794276     98.59        28     69024   8410520     30.60   3085324   4400492        20       188
12:37:04 PM    205880    111344   7794480     98.59        28     69080   8410520     30.60   3085448   4400548        20       188
12:37:09 PM    205880    111344   7794480     98.59        28     69192   8410520     30.60   3085448   4400548       112       188
12:37:14 PM    208932    114452   7791372     98.55        28     69192   8410520     30.60   3087016   4399092       132       188
12:37:19 PM    208932    114452   7791372     98.55        28     69192   8410520     30.60   3087016   4399092       132       188
12:37:24 PM    204836    110356   7795468     98.60        28     69192   8410520     30.60   3089024   4397084       132       188
12:37:29 PM    204836    110356   7795468     98.60        28     69192   8410520     30.60   3089024   4397084       132       188
12:37:34 PM    202492    108012   7797812     98.63        28     69192   8410520     30.60   3101080   4385028        20       188
12:37:39 PM    202240    107972   7797852     98.63        28     69656   8410520     30.60   3101252   4385276        24       188
12:37:44 PM    194828    101624   7804200     98.71        28     71740   8410520     30.60   3115480   4373184       112       188
12:37:49 PM    194828    101624   7804200     98.71        28     71740   8410520     30.60   3115480   4373184       132       188
12:37:54 PM    195896    102692   7803132     98.70        28     71740   8410520     30.60   3121328   4367336       132       188
12:37:59 PM    195896    102692   7803132     98.70        28     71740   8410520     30.60   3121328   4367336       132       188
12:38:04 PM    196412    106560   7799264     98.65        28     78620   8410520     30.60   3135116   4362836       132       188
12:38:09 PM    196104    106440   7799384     98.65        28     78828   8410520     30.60   3135716   4362980        20       188
12:38:14 PM    185184     95692   7810132     98.79        28     79164   8410520     30.60   3143104   4356064        20       188
12:38:19 PM    185184     95692   7810132     98.79        28     79276   8410520     30.60   3143312   4356064       112       188
12:38:24 PM    182872     93436   7812388     98.82        28     79276   8410520     30.60   3149472   4350280       132       188
12:38:29 PM    182872     93436   7812388     98.82        28     79276   8410520     30.60   3149472   4350280       132       188
12:38:34 PM    173528     84036   7821788     98.94        28     79276   8410520     30.60   3166464   4333176       132       188
12:38:39 PM    172772     83336   7822488     98.95        28     79276   8410520     30.60   3166472   4333284       132       188
12:38:44 PM    154632     64212   7841612     99.19        28     77308   8657564     31.50   5135808   2427284        20       188
12:38:49 PM    151740     61444   7844380     99.22        28     77600   8657564     31.50   5135808   2427532        24       188
12:38:54 PM    385356    295136   7610688     96.27        28     77712   8410520     30.60   4890584   2425896       112       188
12:38:59 PM    385356    295136   7610688     96.27        28     77712   8410520     30.60   4890584   2425896       132       188
12:39:04 PM    381036    290816   7615008     96.32        28     77712   8410520     30.60   4890616   2425864       132       188
12:39:09 PM    379504    289284   7616540     96.34        28     77712   8410520     30.60   4891604   2424876       132       188
12:39:14 PM    373120    282900   7622924     96.42        28     77712   8410520     30.60   4891604   2424876       132       188
12:39:19 PM    373120    282900   7622924     96.42        28     77712   8410520     30.60   4891604   2424876        20       188
12:39:24 PM    371264    281212   7624612     96.44        28     78048   8410520     30.60   4895160   2421660        20       188
12:39:29 PM    315880    225828   7679996     97.14        28     78160   8410520     30.60   4952436   2421660       112       188
12:39:34 PM    318632    228640   7677184     97.11        28     78168   8410520     30.60   4953960   2420308       140       188
12:39:39 PM    311444    221452   7684372     97.20        28     78168   8410520     30.60   4965144   2409052       140       188
12:39:44 PM    307348    217356   7688468     97.25        28     78168   8410520     30.60   4965208   2409052       140       188
12:39:49 PM    307416    217424   7688400     97.25        28     78168   8410520     30.60   4965220   2409052       140       188
12:39:54 PM    307416    217424   7688400     97.25        28     78168   8410520     30.60   4965220   2409052        28       188
12:39:59 PM    307164    217296   7688528     97.25        28     78456   8410520     30.60   4965220   2409300        28       188
12:40:04 PM    307164    217296   7688528     97.25        28     78568   8410520     30.60   4965220   2409300       112       188
12:40:09 PM    307164    217372   7688452     97.25        28     78568   8410520     30.60   4965224   2409452       132       188
12:40:14 PM    307164    217372   7688452     97.25        28     78568   8410520     30.60   4965224   2409452       132       188
12:40:19 PM    307164    217372   7688452     97.25        28     78568   8410520     30.60   4965228   2409452       132       188
12:40:24 PM    307164    217372   7688452     97.25        28     78568   8410520     30.60   4965228   2409452       132       188
12:40:29 PM    303068    213276   7692548     97.30        28     78568   8410520     30.60   4965996   2408684        20       188
12:40:34 PM    303068    213400   7692424     97.30        28     78904   8410520     30.60   4965996   2408932        20       188
12:40:39 PM    303068    213448   7692376     97.30        28     79020   8410520     30.60   4965996   2409024       112       188
12:40:44 PM    302844    213224   7692600     97.30        28     79020   8410520     30.60   4965996   2409024       132       188
12:40:49 PM    306792    217228   7688596     97.25        28     79020   8410520     30.60   4969992   2405140       132       188
12:40:54 PM    306792    217228   7688596     97.25        28     79020   8410520     30.60   4969996   2405140       132       188
12:40:59 PM    298600    209036   7696788     97.36        28     79020   8410520     30.60   4973052   2402084       132       188
12:41:04 PM    298600    209036   7696788     97.36        28     79020   8410520     30.60   4973052   2402084        20       188
12:41:09 PM    302548    213128   7692696     97.30        28     79308   8410520     30.60   4977672   2397808        20       188
12:41:14 PM    302548    213128   7692696     97.30        28     79420   8410520     30.60   4977688   2397808       112       188
12:41:19 PM    304520    215156   7690668     97.28        28     79420   8410520     30.60   4995308   2380360       132       188
12:41:24 PM    304268    214924   7690900     97.28        28     79544   8410520     30.60   4995316   2380404       324       188
12:41:29 PM    302204    212900   7692924     97.31        28     79548   8410520     30.60   5000872   2374932       328       188
12:41:34 PM    302204    212900   7692924     97.31        28     79552   8410520     30.60   5000872   2374932       332       188
12:41:39 PM    295884    206584   7699240     97.39        28     79548   8410520     30.60   5024964   2366744       136       188
12:41:44 PM    295380    206264   7699560     97.39        28     80028   8410520     30.60   5024964   2367116       216       188
12:41:49 PM    296520    207516   7698308     97.38        28     80140   8410520     30.60   5031108   2361192       300       188
12:41:54 PM    296520    207516   7698308     97.38        28     80140   8410520     30.60   5031108   2361192       212       188
12:41:59 PM    297280    208276   7697548     97.37        28     80140   8410520     30.60   5040796   2351504       212       188
12:42:04 PM    297280    208276   7697548     97.37        28     80140   8410520     30.60   5040796   2351504       212       188
12:42:09 PM    297396    208392   7697432     97.36        28     80140   8410520     30.60   5056636   2335664       212       188
12:42:14 PM    297396    208516   7697308     97.36        28     80508   8410520     30.60   5056636   2335912        20       188
12:42:19 PM    291464    202644   7703180     97.44        28     80508   8410520     30.60   5073388   2319280        20       188
12:42:24 PM    291684    202880   7702944     97.43        28     80620   8410520     30.60   5073644   2319056       112       188
12:42:29 PM    290844    202040   7703784     97.44        28     80620   8410520     30.60   5075500   2317336       132       188
12:42:34 PM    290884    202120   7703704     97.44        28     80620   8410520     30.60   5075436   2317344       132       188
12:42:39 PM    290884    202120   7703704     97.44        28     80620   8410520     30.60   5076772   2316012       132       188
12:42:44 PM    290884    202120   7703704     97.44        28     80620   8410520     30.60   5076776   2316012        20       188
12:42:49 PM    293156    204392   7701432     97.41        28     80620   8410520     30.60   5078824   2313964        20       188
12:42:54 PM    293156    204516   7701308     97.41        28     80956   8410520     30.60   5078824   2314212        20       188
12:42:59 PM    292904    204364   7701460     97.42        28     81068   8410520     30.60   5080876   2312376       112       188
12:43:04 PM    292904    204364   7701460     97.42        28     81068   8410520     30.60   5080876   2312376       132       188
12:43:09 PM    289368    200840   7704984     97.46        28     81096   8410520     30.60   5095572   2297912       132       188
12:43:14 PM    289392    200864   7704960     97.46        28     81096   8410520     30.60   5095600   2297712       132       188
12:43:19 PM    288188    199664   7706160     97.47        28     81104   8410520     30.60   5098124   2295292       140       188
12:43:24 PM    288188    199664   7706160     97.47        28     81104   8410520     30.60   5098124   2295292        28       188
12:43:29 PM    287644    199244   7706580     97.48        28     81392   8410520     30.60   5102124   2291756        28       188
12:43:34 PM    284604    196224   7709600     97.52        28     81504   8410520     30.60   5104380   2289324       112       188
12:43:39 PM    108628      2188   7903636     99.97        28     45372   8410520     30.60   4180660   3425976       132       188
12:43:44 PM    129288     19644   7886180     99.75        28     38868   8410520     30.60   4253308   3330272       136       192
12:43:49 PM    129064     19420   7886404     99.75        28     38872   8410520     30.60   4253308   3330272       136       192
12:43:54 PM    115892      7840   7897984     99.90        28     42052   8410520     30.60   4260200   3326732       136       192
12:43:59 PM    111104      4296   7901528     99.95        28     44596   8410520     30.60   4262712   3326736        28       192
12:44:04 PM    107296       724   7905100     99.99        28     45028   8657564     31.50   6107668   1493124         0       192
12:44:09 PM    107136       564   7905260     99.99        28     45028   8657564     31.50   6107672   1493124        20       192
12:44:14 PM    343976    237412   7668412     97.00        28     45028   8410520     30.60   5917336   1436496        20       192
12:44:19 PM    343500    236936   7668888     97.00        28     45028   8410520     30.60   5917336   1436496        20       192
12:44:24 PM    340948    234384   7671440     97.04        28     45028   8410520     30.60   5917516   1436320        20       192
12:44:29 PM    340948    234384   7671440     97.04        28     45028   8410520     30.60   5917516   1436320        20       192
12:44:34 PM    138000     31436   7874388     99.60        28     45028   8410520     30.60   6113924   1434236        20       192
12:44:39 PM    150216     42000   7863824     99.47        16     42308   8410520     30.60   2852008   4700080       112       176
12:44:44 PM    141772     33692   7872132     99.57        16     42500   8410520     30.60   2860640   4691916       132       176
12:44:49 PM    141520     33440   7872384     99.58        16     42500   8410520     30.60   2860640   4691916       132       176
12:44:54 PM    139756     35940   7869884     99.55        16     51028   8410520     30.60   2871160   4691916       132       176
12:44:59 PM    141620     37804   7868020     99.52        16     51028   8410520     30.60   2871160   4691916       132       176
12:45:04 PM    137524     34052   7871772     99.57        16     51716   8410520     30.60   2873896   4689868       132       176
12:45:09 PM    137272     34032   7871792     99.57        28     52236   8410520     30.60   2874016   4690232        20       176
12:45:14 PM    137272     34116   7871708     99.57        28     52332   8410520     30.60   2874096   4690328        96       176
12:45:19 PM    137272     34116   7871708     99.57        28     52332   8410520     30.60   2874096   4690328       116       176
12:45:24 PM    129576     28396   7877428     99.64        28     56288   8410520     30.60   2878056   4690328       116       176
12:45:29 PM    129460     28348   7877476     99.64        28     56440   8410520     30.60   2878192   4690328       116       176
12:45:34 PM    129460     28356   7877468     99.64        28     56440   8410520     30.60   2878208   4690328       116       176
12:45:39 PM    129460     28356   7877468     99.64        28     56440   8410520     30.60   2878208   4690328        20       176
12:45:44 PM    129208     28248   7877576     99.64        28     56728   8410520     30.60   2878208   4690616        20       176
12:45:49 PM    128704     27752   7878072     99.65        28     56840   8410520     30.60   2878212   4690632       112       176
12:45:54 PM    128704     27800   7878024     99.65        28     56840   8410520     30.60   2878216   4690728       132       176
12:45:59 PM    128704     27800   7878024     99.65        28     56872   8410520     30.60   2878216   4690728       132       176
12:46:04 PM    128704     27816   7878008     99.65        28     56876   8410520     30.60   2878248   4690728       132       176
12:46:09 PM    125004     25440   7880384     99.68        28     59552   8410520     30.60   2880880   4690780       132       176
12:46:14 PM    124924     25412   7880412     99.68        28     59624   8410520     30.60   2881276   4690784        20       176
12:46:19 PM    123916     25804   7880020     99.67        28     62600   8410520     30.60   2883808   4691104        20       176
12:46:24 PM    120136     25188   7880636     99.68        28     68752   8410520     30.60   2890036   4691392       288       176
12:46:29 PM    120136     25188   7880636     99.68        28     68776   8410520     30.60   2890080   4691392       308       176
12:46:34 PM    119244     24312   7881512     99.69        28     68784   8410520     30.60   2892156   4689356       316       176
12:46:39 PM    119244     24312   7881512     99.69        28     68780   8410520     30.60   2892156   4689352       312       176
12:46:44 PM    119244     24312   7881512     99.69        28     68784   8410520     30.60   2892156   4689356       316       176
12:46:49 PM    119244     24312   7881512     99.69        28     68784   8410520     30.60   2892156   4689356       140       176
12:46:54 PM    118236     24648   7881176     99.69        28     71468   8410520     30.60   2894528   4689724        28       176
12:46:59 PM    118236     24648   7881176     99.69        28     71588   8410520     30.60   2894528   4689724       112       176
12:47:04 PM    118236     24740   7881084     99.69        28     71656   8410520     30.60   2894596   4689840       132       176
12:47:09 PM    118076     24580   7881244     99.69        28     71656   8410520     30.60   2894596   4689844       132       176
12:47:14 PM    118012     24516   7881308     99.69        28     71656   8410520     30.60   2894596   4689844       132       176
12:47:19 PM    118012     24516   7881308     99.69        28     71656   8410520     30.60   2894596   4689844       132       176
12:47:24 PM    117788     24416   7881408     99.69        28     72008   8410520     30.60   2894596   4690092        20       176
12:47:29 PM    117788     24468   7881356     99.69        28     72008   8410520     30.60   2894596   4690196        20       176
12:47:34 PM    117536     24216   7881608     99.69        28     72104   8410520     30.60   2894596   4690196        96       176
12:47:39 PM    115612     22340   7883484     99.72        28     72104   8410520     30.60   2898484   4690292       116       176
12:47:44 PM    115532     22260   7883564     99.72        28     72104   8410520     30.60   2898496   4690292       116       176
12:47:49 PM    111864     18592   7887232     99.76        28     72104   8410520     30.60   2900400   4688388       116       176
12:47:54 PM    111864     18592   7887232     99.76        28     72104   8410520     30.60   2900400   4688388       116       176
12:47:59 PM    111864     18592   7887232     99.76        28     72104   8410520     30.60   2900400   4688388        20       176
12:48:04 PM    111864     18716   7887108     99.76        28     72392   8410520     30.60   2900400   4688636        20       176
12:48:09 PM    227380    135568   7770256     98.29        28     75024   8410520     30.60   2906040   4584192       112       176
12:48:14 PM    227348    135536   7770288     98.29        28     75024   8410520     30.60   2906040   4584192       132       176
12:48:19 PM    227348    135536   7770288     98.29        28     75024   8410520     30.60   2906144   4584192       132       176
12:48:24 PM    227348    135536   7770288     98.29        28     75024   8410520     30.60   2906144   4584192       132       176
12:48:29 PM    227348    135536   7770288     98.29        28     75024   8410520     30.60   2906144   4584192       132       176
12:48:34 PM    227176    135364   7770460     98.29        28     75024   8410520     30.60   2906144   4584192        20       176
12:48:39 PM    227096    135444   7770380     98.29        28     75344   8410520     30.60   2906144   4584512        20       176
12:48:44 PM    227096    135444   7770380     98.29        28     75440   8410520     30.60   2906144   4584512        96       176
12:48:49 PM    227096    135492   7770332     98.29        28     75440   8410520     30.60   2906144   4584608       116       176
12:48:54 PM    227096    135492   7770332     98.29        28     75440   8410520     30.60   2906188   4584608       116       176
12:48:59 PM    227096    135492   7770332     98.29        28     75440   8410520     30.60   2906188   4584608       116       176
12:49:04 PM    227096    135492   7770332     98.29        28     75440   8410520     30.60   2906188   4584608       116       176
12:49:09 PM    227096    135496   7770328     98.29        28     75444   8410520     30.60   2906188   4584612        24       176
12:49:14 PM    226844    135368   7770456     98.29        28     75732   8410520     30.60   2906188   4584860        24       176
12:49:19 PM    118684     27092   7878732     99.66        28     75456   8657564     31.50   4194956   3374960       112       172
12:49:24 PM    125752     34160   7871664     99.57        28     75456   8657564     31.50   4194960   3374960       132       172
12:49:29 PM    380296    288704   7617120     96.35        28     75456   8410520     30.60   4087500   3235428       132       172
12:49:34 PM    335188    243596   7662228     96.92        28     75456   8410520     30.60   4131892   3235428       132       172
12:49:39 PM    331156    239564   7666260     96.97        28     75456   8410520     30.60   4135180   3235428       132       172
12:49:44 PM    331156    239564   7666260     96.97        28     75456   8410520     30.60   4135180   3235428        20       172
12:49:49 PM    330904    239472   7666352     96.97        28     75780   8410520     30.60   4135180   3235752        24       172
12:49:54 PM    330652    239220   7666604     96.97        28     75876   8410520     30.60   4135180   3235752        96       172
12:49:59 PM    330652    239268   7666556     96.97        28     75876   8410520     30.60   4135180   3235848       116       172
12:50:04 PM    330428    239044   7666780     96.98        28     75876   8410520     30.60   4135180   3235848       116       172
12:50:09 PM    330428    239044   7666780     96.98        28     75876   8410520     30.60   4135180   3235848       116       172
12:50:14 PM    330428    239044   7666780     96.98        28     75876   8410520     30.60   4135180   3235848       116       172
12:50:19 PM    330428    239044   7666780     96.98        28     75876   8410520     30.60   4135180   3235848        20       172
12:50:24 PM    329924    238664   7667160     96.98        28     76164   8410520     30.60   4135180   3236096        20       172
12:50:29 PM    329924    238684   7667140     96.98        28     76276   8410520     30.60   4135180   3236136       112       172
12:50:34 PM    329924    238740   7667084     96.98        28     76276   8410520     30.60   4135180   3236248       132       172
12:50:39 PM    314300    223116   7682708     97.18        28     76280   8410520     30.60   4143280   3236248       136       172
12:50:44 PM    314300    223116   7682708     97.18        28     76284   8410520     30.60   4143280   3236248       140       172
12:50:49 PM    314300    223116   7682708     97.18        28     76284   8410520     30.60   4143280   3236248       140       172
12:50:54 PM    314300    223120   7682704     97.18        28     76284   8410520     30.60   4143280   3236256        28       172
12:50:59 PM    314048    222992   7682832     97.18        28     76604   8410520     30.60   4143280   3236504        28       172
12:51:04 PM    314048    223028   7682796     97.18        28     76700   8410520     30.60   4143280   3236576        96       172
12:51:09 PM    314048    223028   7682796     97.18        28     76700   8410520     30.60   4143280   3236576       116       172
12:51:14 PM    314048    223076   7682748     97.18        28     76700   8410520     30.60   4143284   3236672       116       172
12:51:19 PM    314048    223076   7682748     97.18        28     76700   8410520     30.60   4143284   3236672       116       172
12:51:24 PM    313704    222748   7683076     97.18        28     76816   8410520     30.60   4143284   3236704       168       172
12:51:29 PM    311780    221980   7683844     97.19        28     79180   8410520     30.60   4145488   3236816       180       172
12:51:34 PM    311780    222188   7683636     97.19        28     79496   8410520     30.60   4145544   3237176       128       172
12:51:39 PM    311780    222232   7683592     97.19        28     79688   8410520     30.60   4145556   3237264       300       172
12:51:44 PM    311780    222304   7683520     97.19        28     79692   8410520     30.60   4145556   3237412       324       172
12:51:49 PM    311780    222304   7683520     97.19        28     79692   8410520     30.60   4145560   3237412       324       172
12:51:54 PM    311780    222304   7683520     97.19        28     79692   8410520     30.60   4145560   3237412       216       172
12:51:59 PM    311556    222080   7683744     97.19        28     79692   8410520     30.60   4145560   3237412        24       172
12:52:04 PM    310868    221564   7684260     97.20        28     80036   8410520     30.60   4145560   3237756        24       172
12:52:09 PM    310800    221512   7684312     97.20        28     80076   8410520     30.60   4145560   3237784        24       172
12:52:14 PM    310800    221564   7684260     97.20        28     80172   8410520     30.60   4145560   3237892        96       172
12:52:19 PM    310800    221564   7684260     97.20        28     80172   8410520     30.60   4145560   3237892       116       172
12:52:24 PM    310800    221564   7684260     97.20        28     80172   8410520     30.60   4145560   3237892       116       172
12:52:29 PM    310800    221564   7684260     97.20        28     80172   8410520     30.60   4145560   3237892       116       172
12:52:34 PM    310800    221564   7684260     97.20        28     80172   8410520     30.60   4145560   3237892       116       172
12:52:39 PM    310624    221388   7684436     97.20        28     80172   8410520     30.60   4145560   3237892        20       172
12:52:44 PM    306212    217120   7688704     97.25        28     80460   8410520     30.60   4145560   3238180        20       172
12:52:49 PM    305736    216644   7689180     97.26        28     80572   8410520     30.60   4145560   3238180       112       172
12:52:54 PM    304492    215460   7690364     97.27        28     80576   8410520     30.60   4145652   3238208       136       172
12:52:59 PM    304492    215460   7690364     97.27        28     80576   8410520     30.60   4145652   3238208       136       172
12:53:04 PM    296172    207140   7698684     97.38        28     80576   8410520     30.60   4146040   3237820       136       172
12:53:09 PM    294936    205900   7699924     97.40        28     80576   8410520     30.60   4145972   3237820       136       172
12:53:14 PM    310876    221844   7683980     97.19        28     80576   8410520     30.60   4157200   3226692        24       172
12:53:19 PM    310372    221464   7684360     97.20        28     81024   8410520     30.60   4157200   3226940        24       172
12:53:24 PM    307996    219236   7686588     97.23        28     81120   8410520     30.60   4165524   3218912        96       172
12:53:29 PM    307744    218984   7686840     97.23        28     81120   8410520     30.60   4165524   3218912       116       172
12:53:34 PM    299424    210664   7695160     97.34        28     81120   8410520     30.60   4165524   3218912       116       172
12:53:39 PM    299424    210664   7695160     97.34        28     81120   8410520     30.60   4165524   3218912       116       172
12:53:44 PM     99608     99608   7806216     98.74        28     46276   8410520     30.60   1267660   6271384        96       168
12:53:49 PM    252876    143308   7762516     98.19        28     39508   8410520     30.60   3248372   4153648       112       168
12:53:54 PM    245848    138572   7767252     98.25        28     44268   8410520     30.60   3252612   4154112        20       168
12:53:59 PM    245848    138572   7767252     98.25        28     44268   8410520     30.60   3252612   4154112        20       168
12:54:04 PM    242068    136280   7769544     98.28        28     47204   8410520     30.60   3255588   4154112        20       168
12:54:09 PM    238288    134544   7771280     98.30        28     51312   8410520     30.60   3259804   4154112        20       168
12:54:14 PM    238288    134544   7771280     98.30        28     51312   8410520     30.60   3259840   4154112        20       168
12:54:19 PM    238288    134544   7771280     98.30        28     51316   8410520     30.60   3259840   4154112        24       168
12:54:24 PM    237796    134140   7771684     98.30        28     51436   8410520     30.60   3259912   4154236       112       168
12:54:29 PM    237796    134140   7771684     98.30        28     51436   8410520     30.60   3259912   4154236       132       168
12:54:34 PM    233008    130024   7775800     98.36        28     52804   8410520     30.60   3260992   4154520        20       168
12:54:39 PM    126772     27452   7878372     99.65        28     60100   8657564     31.50   6211716   1328336        24       168
12:54:44 PM    126520     27252   7878572     99.66        28     60100   8657564     31.50   6211828   1328336        24       168
12:54:49 PM    360584    261316   7644508     96.69        28     60100   8410520     30.60   5964784   1328336        24       168
12:54:54 PM    352520    255624   7650200     96.77        28     64848   8410520     30.60   5971684   1328336        24       168
12:54:59 PM    352520    255624   7650200     96.77        28     64944   8410520     30.60   5971868   1328336        96       168
12:55:04 PM    352520    255624   7650200     96.77        28     64944   8410520     30.60   5971868   1328336       116       168
12:55:09 PM    352520    255672   7650152     96.77        28     64944   8410520     30.60   5971868   1328432       116       168
12:55:14 PM    352520    255672   7650152     96.77        28     64944   8410520     30.60   5971868   1328432       116       168
12:55:19 PM    352520    255672   7650152     96.77        28     64944   8410520     30.60   5971868   1328432       116       168
12:55:24 PM    352520    255672   7650152     96.77        28     64944   8410520     30.60   5971868   1328432       116       168
12:55:29 PM    352268    255544   7650280     96.77        28     65296   8410520     30.60   5971868   1328680        20       168
12:55:34 PM    352268    255544   7650280     96.77        28     65408   8410520     30.60   5971868   1328680       112       168
12:55:39 PM    352268    255652   7650172     96.77        28     65408   8410520     30.60   5971884   1328896       132       168
12:55:44 PM    352268    255652   7650172     96.77        28     65408   8410520     30.60   5971884   1328896       132       168
12:55:49 PM    352268    255652   7650172     96.77        28     65408   8410520     30.60   5971884   1328896       132       168
12:55:54 PM    352268    255652   7650172     96.77        28     65412   8410520     30.60   5971884   1328896       136       168
12:55:59 PM    352268    255656   7650168     96.77        28     65412   8410520     30.60   5971884   1328900        24       168
12:56:04 PM    352268    255780   7650044     96.76        28     65684   8410520     30.60   5971884   1329148        24       168
12:56:09 PM    348404    253436   7652388     96.79        28     68704   8410520     30.60   5974808   1329268        96       168
12:56:14 PM    348236    253352   7652472     96.80        28     68872   8410520     30.60   5975228   1329268       116       168
12:56:19 PM    347480    253760   7652064     96.79        28     71196   8410520     30.60   5977616   1329268       116       168
12:56:24 PM    344960    252168   7653656     96.81        28     73112   8410520     30.60   5979620   1329304       304       168
12:56:29 PM    344244    251524   7654300     96.82        28     73200   8410520     30.60   5979684   1329428       196       168
12:56:34 PM    344244    251524   7654300     96.82        28     73284   8410520     30.60   5979696   1329428       176       168
12:56:39 PM    150256     57768   7848056     99.27        28     73664   8410520     30.60   6181584   1329892       124       168
12:56:44 PM    129848     34988   7870836     99.56        28     69016   8410520     30.60   1114068   6325628       296       176
12:56:49 PM    120516     25712   7880112     99.67        28     69036   8410520     30.60   1130208   6309688       316       176
12:56:54 PM    120516     25740   7880084     99.67        28     69092   8410520     30.60   1130328   6309692       216       176
12:56:59 PM    124252     29476   7876348     99.63        28     69092   8410520     30.60   1153180   6286840       216       176
12:57:04 PM    123748     28972   7876852     99.63        28     69108   8410520     30.60   1153180   6286840        44       176
12:57:09 PM    121708     26932   7878892     99.66        28     69108   8410520     30.60   1176168   6263964        24       176
12:57:14 PM    121456     26812   7879012     99.66        28     69460   8410520     30.60   1176104   6264180        24       176
12:57:19 PM    119336     24792   7881032     99.69        28     69556   8410520     30.60   1207656   6232828        96       176
12:57:24 PM    119336     24792   7881032     99.69        28     69556   8410520     30.60   1207656   6232828       116       176
12:57:29 PM    133204     38660   7867164     99.51        28     69556   8410520     30.60   1218716   6220100       116       176
12:57:34 PM    132464     37920   7867904     99.52        28     69556   8410520     30.60   1218792   6220052       116       176
12:57:39 PM    130924     36380   7869444     99.54        28     69556   8410520     30.60   1218796   6220052       116       176
12:57:44 PM    130264     35720   7870104     99.55        28     69556   8410520     30.60   1218820   6220052        20       176
12:57:49 PM    130264     35844   7869980     99.55        28     69892   8410520     30.60   1218820   6220300        20       176
12:57:54 PM    130012     35636   7870188     99.55        28     70004   8410520     30.60   1218820   6220388       112       176
12:57:59 PM    130012     35636   7870188     99.55        28     70004   8410520     30.60   1218820   6220388       132       176
12:58:04 PM    130012     35636   7870188     99.55        28     70004   8410520     30.60   1218820   6220388       132       176
12:58:09 PM    123052     30204   7875620     99.62        28     73216   8410520     30.60   1224496   6218308       140       176
12:58:14 PM    122720     30068   7875756     99.62        28     73476   8410520     30.60   1224980   6218352       140       176
12:58:19 PM    122720     30068   7875756     99.62        28     73476   8410520     30.60   1224980   6218352        28       176
12:58:24 PM    121964     29412   7876412     99.63        28     73748   8410520     30.60   1225032   6218548        28       176
12:58:29 PM    121964     29456   7876368     99.63        28     73844   8410520     30.60   1225152   6218552        96       176
12:58:34 PM    120848     28348   7877476     99.64        28     73844   8410520     30.60   1234252   6209468       116       176
12:58:39 PM    120848     28348   7877476     99.64        28     73844   8410520     30.60   1234252   6209468       116       176
12:58:44 PM    120504     28104   7877720     99.64        28     73844   8410520     30.60   1259900   6184016       116       176
12:58:49 PM    120504     28104   7877720     99.64        28     73844   8410520     30.60   1259900   6184016       116       176
12:58:54 PM    130132     37732   7868092     99.52        28     73844   8410520     30.60   1273120   6167376        20       176
12:58:59 PM    128872     36596   7869228     99.54        28     74184   8410520     30.60   1273120   6167624        24       176
12:59:04 PM    128620     36404   7869420     99.54        28     74296   8410520     30.60   1273120   6167748       112       176
12:59:09 PM    128620     36404   7869420     99.54        28     74296   8410520     30.60   1273120   6167748       132       176
12:59:14 PM    128620     36404   7869420     99.54        28     74396   8410520     30.60   1273120   6167748       132       176
12:59:19 PM    128620     36404   7869420     99.54        28     74396   8410520     30.60   1273120   6167748       132       176
12:59:24 PM    128620     36404   7869420     99.54        28     74396   8410520     30.60   1273120   6167748       132       176
12:59:29 PM    128368     36152   7869672     99.54        28     74400   8410520     30.60   1273120   6167748        24       176
12:59:34 PM    127612     35584   7870240     99.55        28     74800   8410520     30.60   1273120   6168120        24       176
12:59:39 PM    181240     89320   7816504     98.87        28     74896   8410520     30.60   2802852   4557352        96       176
12:59:44 PM    180200     88280   7817544     98.88        28     74896   8410520     30.60   2802944   4557352       116       176
12:59:49 PM    180200     88280   7817544     98.88        28     74896   8410520     30.60   2802944   4557352       116       176
12:59:54 PM    180488     88568   7817256     98.88        28     74896   8410520     30.60   2811836   4548436       116       176
12:59:59 PM    135252     43376   7862448     99.45        28     74896   8657564     31.50   4332772   3000304       116       176
01:00:04 PM    122368     30492   7875332     99.61        28     74896   8657564     31.50   4332776   3000300        20       176
01:00:09 PM    364444    272692   7633132     96.55        28     75232   8410520     30.60   4085732   3000548        20       176
01:00:14 PM    364820    273168   7632656     96.54        28     75344   8410520     30.60   4085792   3000748       112       176
01:00:19 PM    364820    273168   7632656     96.54        28     75344   8410520     30.60   4085792   3000748       132       176
01:00:24 PM    374028    282376   7623448     96.43        28     75344   8410520     30.60   4085980   3000564       132       176
01:00:29 PM    373552    281900   7623924     96.43        28     75344   8410520     30.60   4085980   3000564       132       176
01:00:34 PM    373904    282252   7623572     96.43        28     75344   8410520     30.60   4087044   2999500       132       176
01:00:39 PM    373712    282060   7623764     96.43        28     75344   8410520     30.60   4087048   2999500        20       176
01:00:44 PM    372836    281320   7624504     96.44        28     75616   8410520     30.60   4087752   2999068        20       176
01:00:49 PM    372360    280844   7624980     96.45        28     75712   8410520     30.60   4087752   2999068        96       176
01:00:54 PM    372660    281192   7624632     96.44        28     75712   8410520     30.60   4088304   2998612       116       176
01:00:59 PM    372184    280716   7625108     96.45        28     75712   8410520     30.60   4088304   2998612       116       176
01:01:04 PM    370572    279104   7626720     96.47        28     75712   8410520     30.60   4089132   2997784       116       176
01:01:09 PM    370144    278676   7627148     96.48        28     75712   8410520     30.60   4089132   2997784       116       176
01:01:14 PM    369812    278344   7627480     96.48        28     75716   8410520     30.60   4091180   2995892        24       176
01:01:19 PM    365556    275376   7630448     96.52        28     78340   8410520     30.60   4093356   2996148        24       176
01:01:24 PM    365748    275628   7630196     96.51        28     78504   8410520     30.60   4094080   2995700       272       176
01:01:29 PM    365524    275468   7630356     96.52        28     78536   8410520     30.60   4094028   2995736       324       176
01:01:34 PM    365284    275228   7630596     96.52        28     78568   8410520     30.60   4094028   2995740       320       176
01:01:39 PM    365032    274992   7630832     96.52        28     78564   8410520     30.60   4094820   2994976       316       176
01:01:44 PM    365000    274960   7630864     96.52        28     78568   8410520     30.60   4094820   2994976       320       176
01:01:49 PM    365140    275100   7630724     96.52        28     78564   8410520     30.60   4095384   2994412       124       176
01:01:54 PM    364384    274532   7631292     96.53        28     79004   8410520     30.60   4095388   2994788        28       176
01:01:59 PM    364316    274496   7631328     96.53        28     79104   8410520     30.60   4095820   2994424        96       176
01:02:04 PM    364064    274244   7631580     96.53        28     79108   8410520     30.60   4095820   2994424       120       176
01:02:09 PM    363476    273708   7632116     96.54        28     79108   8410520     30.60   4096576   2993772       120       176
01:02:14 PM    363364    273596   7632228     96.54        28     79108   8410520     30.60   4096576   2993772       120       176
01:02:19 PM    363780    274012   7631812     96.53        28     79108   8410520     30.60   4098908   2991444       120       176
01:02:24 PM    363556    273912   7631912     96.54        28     79476   8410520     30.60   4098912   2991692        76       176
01:02:29 PM    363008    273424   7632400     96.54        28     79476   8410520     30.60   4100284   2990440        24       176
01:02:34 PM    362756    273172   7632652     96.54        28     79588   8410520     30.60   4100284   2990440       112       176
01:02:39 PM    360336    270808   7635016     96.57        28     79588   8410520     30.60   4101104   2989736       132       176
01:02:44 PM    347764    258236   7647588     96.73        28     79588   8410520     30.60   4114884   2989736       132       176
01:02:49 PM    344940    255412   7650412     96.77        28     79588   8410520     30.60   4116152   2988468       132       176
01:02:54 PM    344436    254908   7650916     96.78        28     79588   8410392     30.60   4116152   2988456       132       176
01:02:59 PM    343288    253760   7652064     96.79        28     79588   8410392     30.60   4120548   2984064        20       176
01:03:04 PM    343036    253692   7652132     96.79        28     80004   8410520     30.60   4120548   2984436        20       176
01:03:09 PM    342032    252760   7653064     96.80        28     80180   8410520     30.60   4121736   2983612        96       184
Average:       891565    864275   7041549     89.07      1293    166469   7412718     26.97   4888638   1869635       119      3686
