Linux 7.0.10-arch1-1 (archlinux) 	06/03/2026 	_x86_64_	(4 CPU)

07:24:02 PM  %smem-10  %smem-60 %smem-300     %smem  %fmem-10  %fmem-60 %fmem-300     %fmem
07:24:07 PM      0.00      0.00      0.00      0.00      0.00      0.00      0.00      0.00
07:24:12 PM      0.00      0.00      0.00      0.00      0.00      0.00      0.00      0.00
07:24:17 PM      0.00      0.00      0.00      0.00      0.00      0.00      0.00      0.00
07:24:22 PM      0.00      0.00      0.00      0.00      0.00      0.00      0.00      0.00
07:24:27 PM      0.00      0.00      0.00      0.00      0.00      0.00      0.00      0.00
07:24:32 PM      0.00      0.00      0.00      0.00      0.00      0.00      0.00      0.00
07:24:37 PM      0.00      0.00      0.00      0.00      0.00      0.00      0.00      0.00
07:24:42 PM      0.00      0.00      0.00      0.00      0.00      0.00      0.00      0.00
07:24:47 PM      0.00      0.00      0.00      0.00      0.00      0.00      0.00      0.00
07:24:52 PM      0.00      0.00      0.00      0.00      0.00      0.00      0.00      0.00
07:24:57 PM      0.00      0.00      0.00      0.00      0.00      0.00      0.00      0.00
07:25:02 PM      0.00      0.00      0.00      0.00      0.00      0.00      0.00      0.00
07:25:07 PM      0.00      0.00      0.00      0.00      0.00      0.00      0.00      0.00
07:25:12 PM      0.00      0.00      0.00      0.00      0.00      0.00      0.00      0.00
07:25:17 PM      0.00      0.00      0.00      0.00      0.00      0.00      0.00      0.00
07:25:22 PM      0.00      0.00      0.00      0.00      0.00      0.00      0.00      0.00
07:25:27 PM      0.00      0.00      0.00      0.00      0.00      0.00      0.00      0.00
07:25:32 PM      0.00      0.00      0.00      0.00      0.00      0.00      0.00      0.00
07:25:37 PM      0.00      0.00      0.00      0.00      0.00      0.00      0.00      0.00
07:25:42 PM      0.00      0.00      0.00      0.00      0.00      0.00      0.00      0.00
07:25:47 PM      0.00      0.00      0.00      0.00      0.00      0.00      0.00      0.00
07:25:52 PM      0.00      0.00      0.00      0.00      0.00      0.00      0.00      0.00
07:25:57 PM      0.00      0.00      0.00      0.00      0.00      0.00      0.00      0.00
07:26:02 PM      0.00      0.00      0.00      0.00      0.00      0.00      0.00      0.00
07:26:07 PM      0.00      0.00      0.00      0.00      0.00      0.00      0.00      0.00
07:26:12 PM      0.00      0.00      0.00      0.00      0.00      0.00      0.00      0.00
07:26:17 PM      0.00      0.00      0.00      0.00      0.00      0.00      0.00      0.00
07:26:22 PM      0.00      0.00      0.00      0.00      0.00      0.00      0.00      0.00
07:26:27 PM      0.00      0.00      0.00      0.00      0.00      0.00      0.00      0.00
07:26:32 PM      0.00      0.00      0.00      0.00      0.00      0.00      0.00      0.00
07:26:37 PM      0.00      0.00      0.00      0.00      0.00      0.00      0.00      0.00
07:26:42 PM      0.00      0.00      0.00      0.00      0.00      0.00      0.00      0.00
07:26:47 PM      0.00      0.00      0.00      0.00      0.00      0.00      0.00      0.00
07:26:52 PM      0.00      0.00      0.00      0.00      0.00      0.00      0.00      0.00
07:26:57 PM      0.00      0.00      0.00      0.00      0.00      0.00      0.00      0.00
07:27:02 PM      0.00      0.00      0.00      0.00      0.00      0.00      0.00      0.00
07:27:07 PM      0.00      0.00      0.00      0.00      0.00      0.00      0.00      0.00
07:27:12 PM      0.00      0.00      0.00      0.00      0.00      0.00      0.00      0.00
07:27:17 PM      0.00      0.00      0.00      0.00      0.00      0.00      0.00      0.00
07:27:22 PM      0.00      0.00      0.00      0.00      0.00      0.00      0.00      0.00
07:27:27 PM      0.00      0.00      0.00      0.00      0.00      0.00      0.00      0.00
07:27:32 PM      0.00      0.00      0.00      0.00      0.00      0.00      0.00      0.00
07:27:37 PM      0.00      0.00      0.00      0.00      0.00      0.00      0.00      0.00
07:27:42 PM      0.00      0.00      0.00      0.00      0.00      0.00      0.00      0.00
07:27:47 PM      0.00      0.00      0.00      0.00      0.00      0.00      0.00      0.00
07:27:52 PM      0.00      0.00      0.00      0.00      0.00      0.00      0.00      0.00
07:27:57 PM      0.00      0.00      0.00      0.00      0.00      0.00      0.00      0.00
07:28:02 PM      0.00      0.00      0.00      0.00      0.00      0.00      0.00      0.00
07:28:07 PM      0.00      0.00      0.00      0.00      0.00      0.00      0.00      0.00
07:28:12 PM      0.00      0.00      0.00      0.00      0.00      0.00      0.00      0.00
07:28:17 PM      0.00      0.00      0.00      0.00      0.00      0.00      0.00      0.00
07:28:22 PM      0.00      0.00      0.00      0.00      0.00      0.00      0.00      0.00
07:28:27 PM      0.00      0.00      0.00      0.00      0.00      0.00      0.00      0.00
07:28:32 PM      0.00      0.00      0.00      0.00      0.00      0.00      0.00      0.00
07:28:37 PM      0.00      0.00      0.00      0.00      0.00      0.00      0.00      0.00
07:28:42 PM      0.00      0.00      0.00      0.00      0.00      0.00      0.00      0.00
07:28:47 PM      0.00      0.00      0.00      0.00      0.00      0.00      0.00      0.00
07:28:52 PM      0.00      0.00      0.00      0.00      0.00      0.00      0.00      0.00
07:28:57 PM      0.00      0.00      0.00      0.00      0.00      0.00      0.00      0.00
07:29:02 PM      0.00      0.00      0.00      0.00      0.00      0.00      0.00      0.00
07:29:07 PM      0.00      0.00      0.00      0.00      0.00      0.00      0.00      0.00
07:29:12 PM      0.00      0.00      0.00      0.00      0.00      0.00      0.00      0.00
07:29:17 PM      0.00      0.00      0.00      0.00      0.00      0.00      0.00      0.00
07:29:22 PM      0.00      0.00      0.00      0.00      0.00      0.00      0.00      0.00
07:29:27 PM      0.00      0.00      0.00      0.00      0.00      0.00      0.00      0.00
07:29:32 PM      0.00      0.00      0.00      0.00      0.00      0.00      0.00      0.00
07:29:37 PM      0.00      0.00      0.00      0.00      0.00      0.00      0.00      0.00
07:29:42 PM      0.00      0.00      0.00      0.00      0.00      0.00      0.00      0.00
07:29:47 PM      0.00      0.00      0.00      0.00      0.00      0.00      0.00      0.00
07:29:52 PM      0.00      0.00      0.00      0.00      0.00      0.00      0.00      0.00
07:29:57 PM      0.00      0.00      0.00      0.00      0.00      0.00      0.00      0.00
07:30:02 PM      0.00      0.00      0.00      0.00      0.00      0.00      0.00      0.00
07:30:07 PM      0.00      0.00      0.00      0.00      0.00      0.00      0.00      0.00
07:30:12 PM      0.00      0.00      0.00      0.00      0.00      0.00      0.00      0.00
07:30:17 PM      0.00      0.00      0.00      0.00      0.00      0.00      0.00      0.00
07:30:22 PM      0.00      0.00      0.00      0.00      0.00      0.00      0.00      0.00
07:30:27 PM      0.00      0.00      0.00      0.00      0.00      0.00      0.00      0.00
07:30:32 PM      0.00      0.00      0.00      0.00      0.00      0.00      0.00      0.00
07:30:37 PM      0.00      0.00      0.00      0.00      0.00      0.00      0.00      0.00
07:30:42 PM      0.00      0.00      0.00      0.00      0.00      0.00      0.00      0.00
07:30:47 PM      0.00      0.00      0.00      0.00      0.00      0.00      0.00      0.00
07:30:52 PM      0.00      0.00      0.00      0.00      0.00      0.00      0.00      0.00
07:30:57 PM      0.00      0.00      0.00      0.00      0.00      0.00      0.00      0.00
07:31:02 PM      0.00      0.00      0.00      0.00      0.00      0.00      0.00      0.00
07:31:07 PM      0.00      0.00      0.00      0.00      0.00      0.00      0.00      0.00
07:31:12 PM      0.00      0.00      0.00      0.00      0.00      0.00      0.00      0.00
07:31:17 PM      0.00      0.00      0.00      0.00      0.00      0.00      0.00      0.00
07:31:22 PM      0.00      0.00      0.00      0.00      0.00      0.00      0.00      0.00
07:31:27 PM      0.00      0.00      0.00      0.00      0.00      0.00      0.00      0.00
07:31:32 PM      0.00      0.00      0.00      0.00      0.00      0.00      0.00      0.00
07:31:37 PM      0.00      0.00      0.00      0.00      0.00      0.00      0.00      0.00
07:31:43 PM      0.00      0.00      0.00      0.00      0.00      0.00      0.00      0.00
07:31:48 PM      0.00      0.00      0.00      0.00      0.00      0.00      0.00      0.00
07:31:53 PM      0.00      0.00      0.00      0.00      0.00      0.00      0.00      0.00
07:31:58 PM      0.00      0.00      0.00      0.00      0.00      0.00      0.00      0.00
07:32:03 PM      0.00      0.00      0.00      0.00      0.00      0.00      0.00      0.00
07:32:08 PM      0.00      0.00      0.00      0.00      0.00      0.00      0.00      0.00
07:32:13 PM      0.00      0.00      0.00      0.00      0.00      0.00      0.00      0.00
07:32:18 PM      0.00      0.00      0.00      0.00      0.00      0.00      0.00      0.00
07:32:23 PM      0.00      0.00      0.00      0.00      0.00      0.00      0.00      0.00
07:32:28 PM      0.00      0.00      0.00      0.00      0.00      0.00      0.00      0.00
07:32:33 PM      0.00      0.00      0.00      0.00      0.00      0.00      0.00      0.00
07:32:38 PM      0.00      0.00      0.00      0.00      0.00      0.00      0.00      0.00
07:32:43 PM      0.00      0.00      0.00      0.00      0.00      0.00      0.00      0.00
07:32:48 PM      0.00      0.00      0.00      0.00      0.00      0.00      0.00      0.00
07:32:53 PM      0.00      0.00      0.00      0.00      0.00      0.00      0.00      0.00
07:32:58 PM      0.00      0.00      0.00      0.00      0.00      0.00      0.00      0.00
07:33:03 PM      0.00      0.00      0.00      0.00      0.00      0.00      0.00      0.00
07:33:08 PM      0.00      0.00      0.00      0.00      0.00      0.00      0.00      0.00
07:33:13 PM      0.00      0.00      0.00      0.00      0.00      0.00      0.00      0.00
07:33:18 PM      0.00      0.00      0.00      0.00      0.00      0.00      0.00      0.00
07:33:23 PM      0.00      0.00      0.00      0.00      0.00      0.00      0.00      0.00
07:33:28 PM      0.00      0.00      0.00      0.00      0.00      0.00      0.00      0.00
07:33:33 PM      0.00      0.00      0.00      0.00      0.00      0.00      0.00      0.00
07:33:38 PM      0.00      0.00      0.00      0.00      0.00      0.00      0.00      0.00
07:33:43 PM      0.00      0.00      0.00      0.00      0.00      0.00      0.00      0.00
07:33:48 PM      0.00      0.00      0.00      0.00      0.00      0.00      0.00      0.00
07:33:53 PM      0.00      0.00      0.00      0.00      0.00      0.00      0.00      0.00
07:33:58 PM      0.00      0.00      0.00      0.00      0.00      0.00      0.00      0.00
07:34:03 PM      0.00      0.00      0.00      0.00      0.00      0.00      0.00      0.00
07:34:08 PM      0.00      0.00      0.00      0.00      0.00      0.00      0.00      0.00
07:34:13 PM      0.00      0.00      0.00      0.00      0.00      0.00      0.00      0.00
07:34:18 PM      0.00      0.00      0.00      0.00      0.00      0.00      0.00      0.00
07:34:23 PM      0.00      0.00      0.00      0.00      0.00      0.00      0.00      0.00
07:34:28 PM      0.00      0.00      0.00      0.00      0.00      0.00      0.00      0.00
07:34:33 PM      0.00      0.00      0.00      0.00      0.00      0.00      0.00      0.00
07:34:38 PM      0.00      0.00      0.00      0.00      0.00      0.00      0.00      0.00
07:34:43 PM      0.00      0.00      0.00      0.00      0.00      0.00      0.00      0.00
07:34:48 PM      0.00      0.00      0.00      0.00      0.00      0.00      0.00      0.00
07:34:53 PM      0.00      0.00      0.00      0.00      0.00      0.00      0.00      0.00
07:34:58 PM      0.00      0.00      0.00      0.00      0.00      0.00      0.00      0.00
07:35:03 PM      0.00      0.00      0.00      0.00      0.00      0.00      0.00      0.00
07:35:08 PM      0.00      0.00      0.00      0.00      0.00      0.00      0.00      0.00
07:35:13 PM      0.00      0.00      0.00      0.00      0.00      0.00      0.00      0.00
07:35:18 PM      0.00      0.00      0.00      0.00      0.00      0.00      0.00      0.00
07:35:23 PM      0.00      0.00      0.00      0.00      0.00      0.00      0.00      0.00
07:35:28 PM      0.00      0.00      0.00      0.00      0.00      0.00      0.00      0.00
07:35:33 PM      0.00      0.00      0.00      0.00      0.00      0.00      0.00      0.00
07:35:38 PM      0.00      0.00      0.00      0.00      0.00      0.00      0.00      0.00
07:35:43 PM      0.00      0.00      0.00      0.00      0.00      0.00      0.00      0.00
07:35:48 PM      0.00      0.00      0.00      0.00      0.00      0.00      0.00      0.00
07:35:53 PM      0.00      0.00      0.00      0.00      0.00      0.00      0.00      0.00
07:35:58 PM      0.00      0.00      0.00      0.00      0.00      0.00      0.00      0.00
07:36:03 PM      0.00      0.00      0.00      0.00      0.00      0.00      0.00      0.00
07:36:08 PM      0.00      0.00      0.00      0.00      0.00      0.00      0.00      0.00
07:36:13 PM      0.00      0.00      0.00      0.00      0.00      0.00      0.00      0.00
07:36:18 PM      0.00      0.00      0.00      0.00      0.00      0.00      0.00      0.00
07:36:23 PM      0.00      0.00      0.00      0.00      0.00      0.00      0.00      0.00
07:36:28 PM      0.00      0.00      0.00      0.00      0.00      0.00      0.00      0.00
07:36:33 PM      0.00      0.00      0.00      0.00      0.00      0.00      0.00      0.00
07:36:38 PM      0.00      0.00      0.00      0.00      0.00      0.00      0.00      0.00
07:36:43 PM      0.00      0.00      0.00      0.00      0.00      0.00      0.00      0.00
07:36:48 PM      0.00      0.00      0.00      0.00      0.00      0.00      0.00      0.00
07:36:53 PM      0.00      0.00      0.00      0.00      0.00      0.00      0.00      0.00
07:36:58 PM      0.00      0.00      0.00      0.00      0.00      0.00      0.00      0.00
07:37:03 PM      0.00      0.00      0.00      0.00      0.00      0.00      0.00      0.00
07:37:08 PM      0.00      0.00      0.00      0.00      0.00      0.00      0.00      0.00
07:37:13 PM      0.00      0.00      0.00      0.00      0.00      0.00      0.00      0.00
07:37:18 PM      0.00      0.00      0.00      0.00      0.00      0.00      0.00      0.00
07:37:23 PM      0.00      0.00      0.00      0.00      0.00      0.00      0.00      0.00
07:37:28 PM      0.00      0.00      0.00      0.00      0.00      0.00      0.00      0.00
07:37:33 PM      0.00      0.00      0.00      0.00      0.00      0.00      0.00      0.00
07:37:38 PM      0.00      0.00      0.00      0.00      0.00      0.00      0.00      0.00
07:37:43 PM      0.00      0.00      0.00      0.00      0.00      0.00      0.00      0.00
07:37:48 PM      0.00      0.00      0.00      0.00      0.00      0.00      0.00      0.00
07:37:53 PM      0.00      0.00      0.00      0.00      0.00      0.00      0.00      0.00
07:37:58 PM      0.00      0.00      0.00      0.00      0.00      0.00      0.00      0.00
07:38:03 PM      0.00      0.00      0.00      0.00      0.00      0.00      0.00      0.00
07:38:08 PM      0.00      0.00      0.00      0.00      0.00      0.00      0.00      0.00
07:38:13 PM      0.00      0.00      0.00      0.00      0.00      0.00      0.00      0.00
07:38:18 PM      0.00      0.00      0.00      0.00      0.00      0.00      0.00      0.00
07:38:23 PM      0.00      0.00      0.00      0.00      0.00      0.00      0.00      0.00
07:38:28 PM      0.00      0.00      0.00      0.00      0.00      0.00      0.00      0.00
07:38:33 PM      0.00      0.00      0.00      0.00      0.00      0.00      0.00      0.00
07:38:38 PM      0.00      0.00      0.00      0.00      0.00      0.00      0.00      0.00
07:38:43 PM      0.00      0.00      0.00      0.00      0.00      0.00      0.00      0.00
07:38:48 PM      0.00      0.00      0.00      0.00      0.00      0.00      0.00      0.00
07:38:53 PM      0.00      0.00      0.00      0.00      0.00      0.00      0.00      0.00
07:38:58 PM      0.00      0.00      0.00      0.00      0.00      0.00      0.00      0.00
07:39:03 PM      0.00      0.00      0.00      0.00      0.00      0.00      0.00      0.00
07:39:08 PM      0.00      0.00      0.00      0.00      0.00      0.00      0.00      0.00
07:39:13 PM      0.00      0.00      0.00      0.00      0.00      0.00      0.00      0.00
07:39:18 PM      0.00      0.00      0.00      0.00      0.00      0.00      0.00      0.00
07:39:23 PM      0.00      0.00      0.00      0.00      0.00      0.00      0.00      0.00
07:39:28 PM      0.00      0.00      0.00      0.00      0.00      0.00      0.00      0.00
07:39:33 PM      0.00      0.00      0.00      0.00      0.00      0.00      0.00      0.00
07:39:38 PM      0.00      0.00      0.00      0.00      0.00      0.00      0.00      0.00
07:39:43 PM      0.00      0.00      0.00      0.00      0.00      0.00      0.00      0.00
07:39:48 PM      0.00      0.00      0.00      0.00      0.00      0.00      0.00      0.00
07:39:53 PM      0.00      0.00      0.00      0.00      0.00      0.00      0.00      0.00
07:39:58 PM      0.00      0.00      0.00      0.00      0.00      0.00      0.00      0.00
07:40:03 PM      0.00      0.00      0.00      0.00      0.00      0.00      0.00      0.00
07:40:08 PM      0.00      0.00      0.00      0.00      0.00      0.00      0.00      0.00
07:40:13 PM      0.00      0.00      0.00      0.00      0.00      0.00      0.00      0.00
07:40:18 PM      0.00      0.00      0.00      0.00      0.00      0.00      0.00      0.00
07:40:23 PM      0.00      0.00      0.00      0.00      0.00      0.00      0.00      0.00
07:40:28 PM      0.00      0.00      0.00      0.00      0.00      0.00      0.00      0.00
07:40:33 PM      0.00      0.00      0.00      0.00      0.00      0.00      0.00      0.00
07:40:38 PM      0.00      0.00      0.00      0.00      0.00      0.00      0.00      0.00
07:40:43 PM      0.00      0.00      0.00      0.00      0.00      0.00      0.00      0.00
07:40:48 PM      0.00      0.00      0.00      0.00      0.00      0.00      0.00      0.00
07:40:53 PM      0.00      0.00      0.00      0.00      0.00      0.00      0.00      0.00
07:40:58 PM      0.00      0.00      0.00      0.00      0.00      0.00      0.00      0.00
07:41:03 PM      0.00      0.00      0.00      0.00      0.00      0.00      0.00      0.00
07:41:08 PM      0.00      0.00      0.00      0.00      0.00      0.00      0.00      0.00
07:41:13 PM      0.00      0.00      0.00      0.00      0.00      0.00      0.00      0.00
07:41:18 PM      0.00      0.00      0.00      0.00      0.00      0.00      0.00      0.00
07:41:23 PM      0.00      0.00      0.00      0.00      0.00      0.00      0.00      0.00
07:41:28 PM      0.00      0.00      0.00      0.00      0.00      0.00      0.00      0.00
07:41:33 PM      0.00      0.00      0.00      0.00      0.00      0.00      0.00      0.00
07:41:38 PM      0.00      0.00      0.00      0.00      0.00      0.00      0.00      0.00
07:41:43 PM      0.00      0.00      0.00      0.00      0.00      0.00      0.00      0.00
07:41:48 PM      0.00      0.00      0.00      0.00      0.00      0.00      0.00      0.00
07:41:53 PM      0.00      0.00      0.00      0.00      0.00      0.00      0.00      0.00
07:41:58 PM      0.00      0.00      0.00      0.00      0.00      0.00      0.00      0.00
07:42:03 PM      0.00      0.00      0.00      0.00      0.00      0.00      0.00      0.00
07:42:08 PM      0.00      0.00      0.00      0.00      0.00      0.00      0.00      0.00
07:42:13 PM      0.00      0.00      0.00      0.00      0.00      0.00      0.00      0.00
07:42:18 PM      0.00      0.00      0.00      0.00      0.00      0.00      0.00      0.00
07:42:23 PM      0.00      0.00      0.00      0.00      0.00      0.00      0.00      0.00
07:42:28 PM      0.00      0.00      0.00      0.00      0.00      0.00      0.00      0.00
07:42:33 PM      0.00      0.00      0.00      0.00      0.00      0.00      0.00      0.00
07:42:38 PM      0.00      0.00      0.00      0.00      0.00      0.00      0.00      0.00
07:42:43 PM      0.00      0.00      0.00      0.00      0.00      0.00      0.00      0.00
07:42:48 PM      0.00      0.00      0.00      0.00      0.00      0.00      0.00      0.00
07:42:53 PM      0.00      0.00      0.00      0.00      0.00      0.00      0.00      0.00
07:42:58 PM      0.00      0.00      0.00      0.00      0.00      0.00      0.00      0.00
07:43:03 PM      0.00      0.00      0.00      0.00      0.00      0.00      0.00      0.00
07:43:08 PM      0.00      0.00      0.00      0.00      0.00      0.00      0.00      0.00
07:43:13 PM      0.00      0.00      0.00      0.00      0.00      0.00      0.00      0.00
07:43:18 PM      0.00      0.00      0.00      0.00      0.00      0.00      0.00      0.00
07:43:23 PM      0.00      0.00      0.00      0.00      0.00      0.00      0.00      0.00
07:43:28 PM      0.00      0.00      0.00      0.00      0.00      0.00      0.00      0.00
07:43:33 PM      0.00      0.00      0.00      0.00      0.00      0.00      0.00      0.00
07:43:38 PM      0.00      0.00      0.00      0.00      0.00      0.00      0.00      0.00
07:43:43 PM      0.00      0.00      0.00      0.00      0.00      0.00      0.00      0.00
07:43:48 PM      0.00      0.00      0.00      0.00      0.00      0.00      0.00      0.00
07:43:53 PM      0.00      0.00      0.00      0.00      0.00      0.00      0.00      0.00
07:43:58 PM      0.00      0.00      0.00      0.00      0.00      0.00      0.00      0.00
07:44:03 PM      0.00      0.00      0.00      0.00      0.00      0.00      0.00      0.00
07:44:08 PM      0.00      0.00      0.00      0.00      0.00      0.00      0.00      0.00
07:44:13 PM      0.00      0.00      0.00      0.00      0.00      0.00      0.00      0.00
07:44:18 PM      0.00      0.00      0.00      0.00      0.00      0.00      0.00      0.00
07:44:23 PM      0.00      0.00      0.00      0.00      0.00      0.00      0.00      0.00
07:44:28 PM      0.00      0.00      0.00      0.00      0.00      0.00      0.00      0.00
07:44:33 PM      0.00      0.00      0.00      0.00      0.00      0.00      0.00      0.00
07:44:38 PM      0.00      0.00      0.00      0.00      0.00      0.00      0.00      0.00
07:44:43 PM      0.00      0.00      0.00      0.00      0.00      0.00      0.00      0.00
07:44:48 PM      0.00      0.00      0.00      0.00      0.00      0.00      0.00      0.00
07:44:53 PM      0.00      0.00      0.00      0.00      0.00      0.00      0.00      0.00
07:44:58 PM      0.00      0.00      0.00      0.00      0.00      0.00      0.00      0.00
07:45:03 PM      0.00      0.00      0.00      0.00      0.00      0.00      0.00      0.00
07:45:08 PM      0.00      0.00      0.00      0.00      0.00      0.00      0.00      0.00
07:45:13 PM      0.00      0.00      0.00      0.00      0.00      0.00      0.00      0.00
07:45:18 PM      0.00      0.00      0.00      0.00      0.00      0.00      0.00      0.00
07:45:23 PM      0.00      0.00      0.00      0.00      0.00      0.00      0.00      0.00
07:45:28 PM      0.00      0.00      0.00      0.00      0.00      0.00      0.00      0.00
07:45:33 PM      0.00      0.00      0.00      0.00      0.00      0.00      0.00      0.00
07:45:38 PM      0.00      0.00      0.00      0.00      0.00      0.00      0.00      0.00
07:45:43 PM      0.00      0.00      0.00      0.00      0.00      0.00      0.00      0.00
07:45:48 PM      0.00      0.00      0.00      0.00      0.00      0.00      0.00      0.00
07:45:53 PM      0.00      0.00      0.00      0.00      0.00      0.00      0.00      0.00
07:45:58 PM      0.00      0.00      0.00      0.00      0.00      0.00      0.00      0.00
07:46:03 PM      0.00      0.00      0.00      0.00      0.00      0.00      0.00      0.00
07:46:08 PM      0.00      0.00      0.00      0.00      0.00      0.00      0.00      0.00
07:46:13 PM      0.00      0.00      0.00      0.00      0.00      0.00      0.00      0.00
07:46:18 PM      0.00      0.00      0.00      0.00      0.00      0.00      0.00      0.00
07:46:23 PM      0.00      0.00      0.00      0.00      0.00      0.00      0.00      0.00
07:46:28 PM      0.00      0.00      0.00      0.00      0.00      0.00      0.00      0.00
07:46:33 PM      0.00      0.00      0.00      0.00      0.00      0.00      0.00      0.00
07:46:38 PM      0.00      0.00      0.00      0.00      0.00      0.00      0.00      0.00
07:46:43 PM      0.00      0.00      0.00      0.00      0.00      0.00      0.00      0.00
07:46:48 PM      0.00      0.00      0.00      0.00      0.00      0.00      0.00      0.00
07:46:53 PM      0.00      0.00      0.00      0.00      0.00      0.00      0.00      0.00
07:46:58 PM      0.00      0.00      0.00      0.00      0.00      0.00      0.00      0.00
07:47:03 PM      0.00      0.00      0.00      0.00      0.00      0.00      0.00      0.00
07:47:08 PM      0.00      0.00      0.00      0.00      0.00      0.00      0.00      0.00
07:47:13 PM      0.00      0.00      0.00      0.00      0.00      0.00      0.00      0.00
07:47:18 PM      0.00      0.00      0.00      0.00      0.00      0.00      0.00      0.00
07:47:23 PM      0.00      0.00      0.00      0.00      0.00      0.00      0.00      0.00
07:47:28 PM      0.00      0.00      0.00      0.00      0.00      0.00      0.00      0.00
07:47:33 PM      0.00      0.00      0.00      0.00      0.00      0.00      0.00      0.00
07:47:38 PM      0.00      0.00      0.00      0.00      0.00      0.00      0.00      0.00
07:47:43 PM      0.00      0.00      0.00      0.00      0.00      0.00      0.00      0.00
07:47:48 PM      0.00      0.00      0.00      0.00      0.00      0.00      0.00      0.00
07:47:53 PM      0.00      0.00      0.00      0.00      0.00      0.00      0.00      0.00
07:47:58 PM      0.00      0.00      0.00      0.00      0.00      0.00      0.00      0.00
07:48:03 PM      0.00      0.00      0.00      0.00      0.00      0.00      0.00      0.00
07:48:08 PM      0.00      0.00      0.00      0.00      0.00      0.00      0.00      0.00
07:48:13 PM      0.00      0.00      0.00      0.00      0.00      0.00      0.00      0.00
07:48:18 PM      0.00      0.00      0.00      0.00      0.00      0.00      0.00      0.00
07:48:23 PM      0.00      0.00      0.00      0.00      0.00      0.00      0.00      0.00
07:48:28 PM      0.00      0.00      0.00      0.00      0.00      0.00      0.00      0.00
07:48:33 PM      0.00      0.00      0.00      0.00      0.00      0.00      0.00      0.00
07:48:38 PM      0.00      0.00      0.00      0.00      0.00      0.00      0.00      0.00
07:48:43 PM      0.00      0.00      0.00      0.00      0.00      0.00      0.00      0.00
07:48:48 PM      0.00      0.00      0.00      0.00      0.00      0.00      0.00      0.00
07:48:53 PM      0.00      0.00      0.00      0.00      0.00      0.00      0.00      0.00
07:48:58 PM      0.00      0.00      0.00      0.00      0.00      0.00      0.00      0.00
07:49:03 PM      0.00      0.00      0.00      0.00      0.00      0.00      0.00      0.00
07:49:08 PM      0.00      0.00      0.00      0.00      0.00      0.00      0.00      0.00
07:49:13 PM      0.00      0.00      0.00      0.00      0.00      0.00      0.00      0.00
07:49:18 PM      0.00      0.00      0.00      0.00      0.00      0.00      0.00      0.00
07:49:23 PM      0.00      0.00      0.00      0.00      0.00      0.00      0.00      0.00
07:49:28 PM      0.00      0.00      0.00      0.00      0.00      0.00      0.00      0.00
07:49:33 PM      0.00      0.00      0.00      0.00      0.00      0.00      0.00      0.00
07:49:38 PM      0.00      0.00      0.00      0.00      0.00      0.00      0.00      0.00
07:49:43 PM      0.00      0.00      0.00      0.00      0.00      0.00      0.00      0.00
07:49:48 PM      0.00      0.00      0.00      0.00      0.00      0.00      0.00      0.00
07:49:53 PM      0.00      0.00      0.00      0.00      0.00      0.00      0.00      0.00
07:49:58 PM      0.00      0.00      0.00      0.00      0.00      0.00      0.00      0.00
07:50:03 PM      0.00      0.00      0.00      0.00      0.00      0.00      0.00      0.00
07:50:08 PM      0.00      0.00      0.00      0.00      0.00      0.00      0.00      0.00
07:50:13 PM      0.00      0.00      0.00      0.00      0.00      0.00      0.00      0.00
07:50:18 PM      0.00      0.00      0.00      0.00      0.00      0.00      0.00      0.00
07:50:23 PM      0.00      0.00      0.00      0.00      0.00      0.00      0.00      0.00
07:50:28 PM      0.00      0.00      0.00      0.00      0.00      0.00      0.00      0.00
07:50:33 PM      0.00      0.00      0.00      0.00      0.00      0.00      0.00      0.00
07:50:38 PM      0.00      0.00      0.00      0.00      0.00      0.00      0.00      0.00
07:50:43 PM      0.00      0.00      0.00      0.00      0.00      0.00      0.00      0.00
07:50:48 PM      0.00      0.00      0.00      0.00      0.00      0.00      0.00      0.00
07:50:53 PM      0.00      0.00      0.00      0.00      0.00      0.00      0.00      0.00
07:50:58 PM      0.00      0.00      0.00      0.00      0.00      0.00      0.00      0.00
07:51:03 PM      0.00      0.00      0.00      0.00      0.00      0.00      0.00      0.00
07:51:08 PM      0.00      0.00      0.00      0.00      0.00      0.00      0.00      0.00
07:51:13 PM      0.00      0.00      0.00      0.00      0.00      0.00      0.00      0.00
07:51:18 PM      0.00      0.00      0.00      0.00      0.00      0.00      0.00      0.00
07:51:23 PM      0.00      0.00      0.00      0.00      0.00      0.00      0.00      0.00
07:51:28 PM      0.00      0.00      0.00      0.00      0.00      0.00      0.00      0.00
07:51:33 PM      0.00      0.00      0.00      0.00      0.00      0.00      0.00      0.00
07:51:38 PM      0.00      0.00      0.00      0.00      0.00      0.00      0.00      0.00
07:51:43 PM      0.00      0.00      0.00      0.00      0.00      0.00      0.00      0.00
07:51:48 PM      0.00      0.00      0.00      0.00      0.00      0.00      0.00      0.00
07:51:53 PM      0.00      0.00      0.00      0.00      0.00      0.00      0.00      0.00
07:51:58 PM      0.00      0.00      0.00      0.00      0.00      0.00      0.00      0.00
07:52:03 PM      0.00      0.00      0.00      0.00      0.00      0.00      0.00      0.00
07:52:08 PM      0.00      0.00      0.00      0.00      0.00      0.00      0.00      0.00
07:52:13 PM      0.00      0.00      0.00      0.00      0.00      0.00      0.00      0.00
07:52:18 PM      0.00      0.00      0.00      0.00      0.00      0.00      0.00      0.00
07:52:23 PM      0.00      0.00      0.00      0.00      0.00      0.00      0.00      0.00
07:52:28 PM      0.00      0.00      0.00      0.00      0.00      0.00      0.00      0.00
07:52:33 PM      0.00      0.00      0.00      0.00      0.00      0.00      0.00      0.00
07:52:38 PM      0.00      0.00      0.00      0.00      0.00      0.00      0.00      0.00
07:52:43 PM      0.00      0.00      0.00      0.00      0.00      0.00      0.00      0.00
07:52:48 PM      0.00      0.00      0.00      0.00      0.00      0.00      0.00      0.00
07:52:53 PM      0.00      0.00      0.00      0.00      0.00      0.00      0.00      0.00
07:52:58 PM      0.00      0.00      0.00      0.00      0.00      0.00      0.00      0.00
07:53:03 PM      0.00      0.00      0.00      0.00      0.00      0.00      0.00      0.00
07:53:08 PM      0.00      0.00      0.00      0.00      0.00      0.00      0.00      0.00
07:53:13 PM      0.00      0.00      0.00      0.00      0.00      0.00      0.00      0.00
07:53:18 PM      0.00      0.00      0.00      0.00      0.00      0.00      0.00      0.00
07:53:23 PM      0.00      0.00      0.00      0.00      0.00      0.00      0.00      0.00
07:53:28 PM      0.00      0.00      0.00      0.00      0.00      0.00      0.00      0.00
07:53:33 PM      0.00      0.00      0.00      0.00      0.00      0.00      0.00      0.00
07:53:38 PM      0.00      0.00      0.00      0.00      0.00      0.00      0.00      0.00
07:53:43 PM      0.00      0.00      0.00      0.00      0.00      0.00      0.00      0.00
07:53:48 PM      0.00      0.00      0.00      0.00      0.00      0.00      0.00      0.00
07:53:53 PM      0.00      0.00      0.00      0.00      0.00      0.00      0.00      0.00
07:53:58 PM      0.00      0.00      0.00      0.00      0.00      0.00      0.00      0.00
07:54:03 PM      0.00      0.00      0.00      0.00      0.00      0.00      0.00      0.00
07:54:08 PM      0.00      0.00      0.00      0.00      0.00      0.00      0.00      0.00
07:54:13 PM      0.00      0.00      0.00      0.00      0.00      0.00      0.00      0.00
07:54:18 PM      0.00      0.00      0.00      0.00      0.00      0.00      0.00      0.00
07:54:23 PM      0.00      0.00      0.00      0.00      0.00      0.00      0.00      0.00
07:54:28 PM      0.00      0.00      0.00      0.00      0.00      0.00      0.00      0.00
07:54:33 PM      0.00      0.00      0.00      0.00      0.00      0.00      0.00      0.00
07:54:38 PM      0.00      0.00      0.00      0.00      0.00      0.00      0.00      0.00
07:54:43 PM      0.00      0.00      0.00      0.00      0.00      0.00      0.00      0.00
07:54:48 PM      0.00      0.00      0.00      0.00      0.00      0.00      0.00      0.00
07:54:53 PM      0.00      0.00      0.00      0.00      0.00      0.00      0.00      0.00
07:54:58 PM      0.00      0.00      0.00      0.00      0.00      0.00      0.00      0.00
07:55:03 PM      0.00      0.00      0.00      0.00      0.00      0.00      0.00      0.00
07:55:08 PM      0.00      0.00      0.00      0.00      0.00      0.00      0.00      0.00
07:55:13 PM      0.00      0.00      0.00      0.00      0.00      0.00      0.00      0.00
07:55:18 PM      0.00      0.00      0.00      0.00      0.00      0.00      0.00      0.00
07:55:23 PM      0.00      0.00      0.00      0.00      0.00      0.00      0.00      0.00
07:55:28 PM      0.00      0.00      0.00      0.00      0.00      0.00      0.00      0.00
07:55:33 PM      0.00      0.00      0.00      0.00      0.00      0.00      0.00      0.00
07:55:38 PM      0.00      0.00      0.00      0.00      0.00      0.00      0.00      0.00
07:55:43 PM      0.00      0.00      0.00      0.00      0.00      0.00      0.00      0.00
07:55:48 PM      0.00      0.00      0.00      0.00      0.00      0.00      0.00      0.00
07:55:53 PM      0.00      0.00      0.00      0.00      0.00      0.00      0.00      0.00
07:55:58 PM      0.00      0.00      0.00      0.00      0.00      0.00      0.00      0.00
07:56:03 PM      0.00      0.00      0.00      0.00      0.00      0.00      0.00      0.00
07:56:08 PM      0.00      0.00      0.00      0.00      0.00      0.00      0.00      0.00
07:56:13 PM      0.00      0.00      0.00      0.00      0.00      0.00      0.00      0.00
07:56:18 PM      0.00      0.00      0.00      0.00      0.00      0.00      0.00      0.00
07:56:23 PM      0.00      0.00      0.00      0.00      0.00      0.00      0.00      0.00
07:56:28 PM      0.00      0.00      0.00      0.00      0.00      0.00      0.00      0.00
07:56:33 PM      0.00      0.00      0.00      0.00      0.00      0.00      0.00      0.00
07:56:38 PM      0.00      0.00      0.00      0.00      0.00      0.00      0.00      0.00
07:56:43 PM      0.00      0.00      0.00      0.00      0.00      0.00      0.00      0.00
07:56:48 PM      0.00      0.00      0.00      0.00      0.00      0.00      0.00      0.00
07:56:53 PM      0.00      0.00      0.00      0.00      0.00      0.00      0.00      0.00
07:56:58 PM      0.00      0.00      0.00      0.00      0.00      0.00      0.00      0.00
07:57:03 PM      0.00      0.00      0.00      0.00      0.00      0.00      0.00      0.00
07:57:08 PM      0.00      0.00      0.00      0.00      0.00      0.00      0.00      0.00
07:57:13 PM      0.00      0.00      0.00      0.00      0.00      0.00      0.00      0.00
07:57:18 PM      0.00      0.00      0.00      0.00      0.00      0.00      0.00      0.00
07:57:23 PM      0.00      0.00      0.00      0.00      0.00      0.00      0.00      0.00
07:57:28 PM      0.00      0.00      0.00      0.00      0.00      0.00      0.00      0.00
07:57:33 PM      0.00      0.00      0.00      0.00      0.00      0.00      0.00      0.00
07:57:38 PM      0.00      0.00      0.00      0.00      0.00      0.00      0.00      0.00
07:57:43 PM      0.00      0.00      0.00      0.00      0.00      0.00      0.00      0.00
07:57:48 PM      0.00      0.00      0.00      0.00      0.00      0.00      0.00      0.00
07:57:53 PM      0.00      0.00      0.00      0.00      0.00      0.00      0.00      0.00
07:57:58 PM      0.00      0.00      0.00      0.00      0.00      0.00      0.00      0.00
07:58:03 PM      0.00      0.00      0.00      0.00      0.00      0.00      0.00      0.00
07:58:08 PM      0.00      0.00      0.00      0.00      0.00      0.00      0.00      0.00
07:58:13 PM      0.00      0.00      0.00      0.00      0.00      0.00      0.00      0.00
07:58:18 PM      0.00      0.00      0.00      0.00      0.00      0.00      0.00      0.00
07:58:23 PM      0.00      0.00      0.00      0.00      0.00      0.00      0.00      0.00
07:58:28 PM      0.00      0.00      0.00      0.00      0.00      0.00      0.00      0.00
07:58:33 PM      0.00      0.00      0.00      0.00      0.00      0.00      0.00      0.00
07:58:38 PM      0.00      0.00      0.00      0.00      0.00      0.00      0.00      0.00
07:58:43 PM      0.00      0.00      0.00      0.00      0.00      0.00      0.00      0.00
07:58:48 PM      0.00      0.00      0.00      0.00      0.00      0.00      0.00      0.00
07:58:53 PM      0.00      0.00      0.00      0.00      0.00      0.00      0.00      0.00
07:58:58 PM      0.00      0.00      0.00      0.00      0.00      0.00      0.00      0.00
07:59:03 PM      0.00      0.00      0.00      0.00      0.00      0.00      0.00      0.00
07:59:08 PM      0.00      0.00      0.00      0.00      0.00      0.00      0.00      0.00
07:59:13 PM      0.00      0.00      0.00      0.00      0.00      0.00      0.00      0.00
07:59:18 PM      0.00      0.00      0.00      0.00      0.00      0.00      0.00      0.00
07:59:23 PM      0.00      0.00      0.00      0.00      0.00      0.00      0.00      0.00
07:59:28 PM      0.00      0.00      0.00      0.00      0.00      0.00      0.00      0.00
07:59:33 PM      0.00      0.00      0.00      0.00      0.00      0.00      0.00      0.00
07:59:38 PM      0.00      0.00      0.00      0.00      0.00      0.00      0.00      0.00
07:59:43 PM      0.00      0.00      0.00      0.00      0.00      0.00      0.00      0.00
07:59:48 PM      0.00      0.00      0.00      0.00      0.00      0.00      0.00      0.00
07:59:53 PM      0.00      0.00      0.00      0.00      0.00      0.00      0.00      0.00
07:59:58 PM      0.00      0.00      0.00      0.00      0.00      0.00      0.00      0.00
08:00:03 PM      0.00      0.00      0.00      0.00      0.00      0.00      0.00      0.00
08:00:08 PM      0.00      0.00      0.00      0.00      0.00      0.00      0.00      0.00
08:00:13 PM      0.00      0.00      0.00      0.00      0.00      0.00      0.00      0.00
08:00:18 PM      0.00      0.00      0.00      0.00      0.00      0.00      0.00      0.00
08:00:23 PM      0.00      0.00      0.00      0.00      0.00      0.00      0.00      0.00
08:00:28 PM      0.00      0.00      0.00      0.00      0.00      0.00      0.00      0.00
08:00:33 PM      0.00      0.00      0.00      0.00      0.00      0.00      0.00      0.00
08:00:38 PM      0.00      0.00      0.00      0.00      0.00      0.00      0.00      0.00
08:00:43 PM      0.00      0.00      0.00      0.00      0.00      0.00      0.00      0.00
08:00:48 PM      0.00      0.00      0.00      0.00      0.00      0.00      0.00      0.00
08:00:53 PM      0.00      0.00      0.00      0.00      0.00      0.00      0.00      0.00
08:00:58 PM      0.00      0.00      0.00      0.00      0.00      0.00      0.00      0.00
08:01:03 PM      0.00      0.00      0.00      0.00      0.00      0.00      0.00      0.00
08:01:08 PM      0.00      0.00      0.00      0.00      0.00      0.00      0.00      0.00
08:01:13 PM      0.00      0.00      0.00      0.00      0.00      0.00      0.00      0.00
08:01:18 PM      0.00      0.00      0.00      0.00      0.00      0.00      0.00      0.00
08:01:23 PM      0.00      0.00      0.00      0.00      0.00      0.00      0.00      0.00
08:01:28 PM      0.00      0.00      0.00      0.00      0.00      0.00      0.00      0.00
08:01:33 PM      0.00      0.00      0.00      0.00      0.00      0.00      0.00      0.00
08:01:38 PM      0.00      0.00      0.00      0.00      0.00      0.00      0.00      0.00
08:01:43 PM      0.00      0.00      0.00      0.00      0.00      0.00      0.00      0.00
08:01:48 PM      0.00      0.00      0.00      0.00      0.00      0.00      0.00      0.00
08:01:53 PM      0.00      0.00      0.00      0.00      0.00      0.00      0.00      0.00
08:01:58 PM      0.00      0.00      0.00      0.00      0.00      0.00      0.00      0.00
08:02:03 PM      0.00      0.00      0.00      0.00      0.00      0.00      0.00      0.00
08:02:08 PM      0.00      0.00      0.00      0.00      0.00      0.00      0.00      0.00
08:02:13 PM      0.00      0.00      0.00      0.00      0.00      0.00      0.00      0.00
08:02:18 PM      0.00      0.00      0.00      0.00      0.00      0.00      0.00      0.00
08:02:23 PM      0.00      0.00      0.00      0.00      0.00      0.00      0.00      0.00
08:02:28 PM      0.00      0.00      0.00      0.00      0.00      0.00      0.00      0.00
08:02:33 PM      0.00      0.00      0.00      0.00      0.00      0.00      0.00      0.00
08:02:38 PM      0.00      0.00      0.00      0.00      0.00      0.00      0.00      0.00
08:02:43 PM      0.00      0.00      0.00      0.00      0.00      0.00      0.00      0.00
08:02:48 PM      0.00      0.00      0.00      0.00      0.00      0.00      0.00      0.00
08:02:53 PM      0.00      0.00      0.00      0.00      0.00      0.00      0.00      0.00
08:02:58 PM      0.00      0.00      0.00      0.00      0.00      0.00      0.00      0.00
08:03:03 PM      0.00      0.00      0.00      0.00      0.00      0.00      0.00      0.00
08:03:08 PM      0.00      0.00      0.00      0.00      0.00      0.00      0.00      0.00
08:03:13 PM      0.00      0.00      0.00      0.00      0.00      0.00      0.00      0.00
08:03:18 PM      0.00      0.00      0.00      0.00      0.00      0.00      0.00      0.00
08:03:23 PM      0.00      0.00      0.00      0.00      0.00      0.00      0.00      0.00
08:03:28 PM      0.00      0.00      0.00      0.00      0.00      0.00      0.00      0.00
08:03:33 PM      0.00      0.00      0.00      0.00      0.00      0.00      0.00      0.00
08:03:38 PM      0.00      0.00      0.00      0.00      0.00      0.00      0.00      0.00
08:03:43 PM      0.00      0.00      0.00      0.00      0.00      0.00      0.00      0.00
08:03:48 PM      0.00      0.00      0.00      0.00      0.00      0.00      0.00      0.00
08:03:53 PM      0.00      0.00      0.00      0.00      0.00      0.00      0.00      0.00
08:03:58 PM      0.00      0.00      0.00      0.00      0.00      0.00      0.00      0.00
08:04:03 PM      0.00      0.00      0.00      0.00      0.00      0.00      0.00      0.00
08:04:08 PM      0.00      0.00      0.00      0.00      0.00      0.00      0.00      0.00
08:04:13 PM      0.00      0.00      0.00      0.00      0.00      0.00      0.00      0.00
08:04:18 PM      0.00      0.00      0.00      0.00      0.00      0.00      0.00      0.00
08:04:23 PM      0.00      0.00      0.00      0.00      0.00      0.00      0.00      0.00
08:04:28 PM      0.00      0.00      0.00      0.00      0.00      0.00      0.00      0.00
08:04:33 PM      0.00      0.00      0.00      0.00      0.00      0.00      0.00      0.00
08:04:38 PM      0.00      0.00      0.00      0.00      0.00      0.00      0.00      0.00
08:04:43 PM      0.00      0.00      0.00      0.00      0.00      0.00      0.00      0.00
08:04:48 PM      0.00      0.00      0.00      0.00      0.00      0.00      0.00      0.00
08:04:53 PM      0.00      0.00      0.00      0.00      0.00      0.00      0.00      0.00
08:04:58 PM      0.00      0.00      0.00      0.00      0.00      0.00      0.00      0.00
08:05:03 PM      0.00      0.00      0.00      0.00      0.00      0.00      0.00      0.00
08:05:08 PM      0.00      0.00      0.00      0.00      0.00      0.00      0.00      0.00
08:05:13 PM      0.00      0.00      0.00      0.00      0.00      0.00      0.00      0.00
08:05:18 PM      0.00      0.00      0.00      0.00      0.00      0.00      0.00      0.00
08:05:23 PM      0.00      0.00      0.00      0.00      0.00      0.00      0.00      0.00
08:05:28 PM      0.00      0.00      0.00      0.00      0.00      0.00      0.00      0.00
08:05:33 PM      0.00      0.00      0.00      0.00      0.00      0.00      0.00      0.00
08:05:38 PM      0.00      0.00      0.00      0.00      0.00      0.00      0.00      0.00
08:05:43 PM      0.00      0.00      0.00      0.00      0.00      0.00      0.00      0.00
08:05:48 PM      0.00      0.00      0.00      0.00      0.00      0.00      0.00      0.00
08:05:53 PM      0.00      0.00      0.00      0.00      0.00      0.00      0.00      0.00
08:05:58 PM      0.00      0.00      0.00      0.00      0.00      0.00      0.00      0.00
08:06:03 PM      0.00      0.00      0.00      0.00      0.00      0.00      0.00      0.00
08:06:08 PM      0.00      0.00      0.00      0.00      0.00      0.00      0.00      0.00
08:06:13 PM      0.00      0.00      0.00      0.00      0.00      0.00      0.00      0.00
08:06:18 PM      0.00      0.00      0.00      0.00      0.00      0.00      0.00      0.00
08:06:23 PM      0.00      0.00      0.00      0.00      0.00      0.00      0.00      0.00
08:06:28 PM      0.00      0.00      0.00      0.00      0.00      0.00      0.00      0.00
08:06:33 PM      0.00      0.00      0.00      0.00      0.00      0.00      0.00      0.00
08:06:38 PM      0.00      0.00      0.00      0.00      0.00      0.00      0.00      0.00
08:06:43 PM      0.00      0.00      0.00      0.00      0.00      0.00      0.00      0.00
08:06:48 PM      0.00      0.00      0.00      0.00      0.00      0.00      0.00      0.00
08:06:53 PM      0.00      0.00      0.00      0.00      0.00      0.00      0.00      0.00
08:06:58 PM      0.00      0.00      0.00      0.00      0.00      0.00      0.00      0.00
08:07:03 PM      0.00      0.00      0.00      0.00      0.00      0.00      0.00      0.00
08:07:08 PM      0.00      0.00      0.00      0.03      0.00      0.00      0.00      0.02
08:07:13 PM      0.00      0.00      0.00      0.00      0.00      0.00      0.00      0.00
08:07:18 PM      0.00      0.00      0.00      0.00      0.00      0.00      0.00      0.00
08:07:23 PM      0.00      0.00      0.00      0.00      0.00      0.00      0.00      0.00
08:07:28 PM      0.00      0.00      0.00      0.00      0.00      0.00      0.00      0.00
08:07:33 PM      0.00      0.00      0.00      0.00      0.00      0.00      0.00      0.00
08:07:38 PM      0.00      0.00      0.00      0.00      0.00      0.00      0.00      0.00
08:07:43 PM      0.00      0.00      0.00      0.00      0.00      0.00      0.00      0.00
08:07:48 PM      0.00      0.00      0.00      0.00      0.00      0.00      0.00      0.00
08:07:53 PM      0.00      0.00      0.00      0.00      0.00      0.00      0.00      0.00
08:07:58 PM      0.00      0.00      0.00      0.00      0.00      0.00      0.00      0.00
08:08:03 PM      0.00      0.00      0.00      0.00      0.00      0.00      0.00      0.00
08:08:08 PM      0.00      0.00      0.00      0.00      0.00      0.00      0.00      0.00
08:08:13 PM      0.00      0.00      0.00      0.00      0.00      0.00      0.00      0.00
08:08:18 PM      0.00      0.00      0.00      0.00      0.00      0.00      0.00      0.00
08:08:23 PM      0.00      0.00      0.00      0.00      0.00      0.00      0.00      0.00
08:08:28 PM      0.00      0.00      0.00      0.00      0.00      0.00      0.00      0.00
08:08:33 PM      0.00      0.00      0.00      0.00      0.00      0.00      0.00      0.00
08:08:38 PM      0.00      0.00      0.00      0.00      0.00      0.00      0.00      0.00
08:08:43 PM      0.00      0.00      0.00      0.00      0.00      0.00      0.00      0.00
08:08:48 PM      0.00      0.00      0.00      0.00      0.00      0.00      0.00      0.00
08:08:53 PM      0.00      0.00      0.00      0.00      0.00      0.00      0.00      0.00
08:08:58 PM      0.00      0.00      0.00      0.00      0.00      0.00      0.00      0.00
08:09:03 PM      0.00      0.00      0.00      0.00      0.00      0.00      0.00      0.00
08:09:08 PM      0.00      0.00      0.00      0.00      0.00      0.00      0.00      0.00
08:09:13 PM      0.00      0.00      0.00      0.00      0.00      0.00      0.00      0.00
08:09:18 PM      0.00      0.00      0.00      0.00      0.00      0.00      0.00      0.00
08:09:23 PM      0.00      0.00      0.00      0.00      0.00      0.00      0.00      0.00
08:09:28 PM      0.00      0.00      0.00      0.00      0.00      0.00      0.00      0.00
08:09:33 PM      0.00      0.00      0.00      0.00      0.00      0.00      0.00      0.00
08:09:38 PM      0.00      0.00      0.00      0.00      0.00      0.00      0.00      0.00
08:09:43 PM      0.00      0.00      0.00      0.00      0.00      0.00      0.00      0.00
08:09:48 PM      0.00      0.00      0.00      0.00      0.00      0.00      0.00      0.00
08:09:53 PM      0.00      0.00      0.00      0.00      0.00      0.00      0.00      0.00
08:09:58 PM      0.00      0.00      0.00      0.00      0.00      0.00      0.00      0.00
08:10:03 PM      0.00      0.00      0.00      0.00      0.00      0.00      0.00      0.00
08:10:08 PM      0.00      0.00      0.00      0.00      0.00      0.00      0.00      0.00
08:10:13 PM      0.00      0.00      0.00      0.00      0.00      0.00      0.00      0.00
08:10:18 PM      0.00      0.00      0.00      0.00      0.00      0.00      0.00      0.00
08:10:23 PM      0.00      0.00      0.00      0.00      0.00      0.00      0.00      0.00
08:10:28 PM      0.00      0.00      0.00      0.00      0.00      0.00      0.00      0.00
08:10:33 PM      0.00      0.00      0.00      0.00      0.00      0.00      0.00      0.00
08:10:38 PM      0.00      0.00      0.00      0.00      0.00      0.00      0.00      0.00
08:10:43 PM      0.00      0.00      0.00      0.00      0.00      0.00      0.00      0.00
08:10:48 PM      0.00      0.00      0.00      0.00      0.00      0.00      0.00      0.00
08:10:53 PM      0.00      0.00      0.00      0.00      0.00      0.00      0.00      0.00
08:10:58 PM      0.00      0.00      0.00      0.00      0.00      0.00      0.00      0.00
08:11:03 PM      0.00      0.00      0.00      0.00      0.00      0.00      0.00      0.00
08:11:08 PM      0.00      0.00      0.00      0.00      0.00      0.00      0.00      0.00
08:11:13 PM      0.00      0.00      0.00      0.00      0.00      0.00      0.00      0.00
08:11:18 PM      0.00      0.00      0.00      0.00      0.00      0.00      0.00      0.00
08:11:23 PM      0.00      0.00      0.00      0.00      0.00      0.00      0.00      0.00
08:11:28 PM      0.00      0.00      0.00      0.00      0.00      0.00      0.00      0.00
08:11:33 PM      0.00      0.00      0.00      0.00      0.00      0.00      0.00      0.00
08:11:38 PM      0.00      0.00      0.00      0.00      0.00      0.00      0.00      0.00
08:11:43 PM      0.00      0.00      0.00      0.00      0.00      0.00      0.00      0.00
08:11:48 PM      0.00      0.00      0.00      0.00      0.00      0.00      0.00      0.00
08:11:53 PM      0.00      0.00      0.00      0.00      0.00      0.00      0.00      0.00
08:11:58 PM      0.00      0.00      0.00      0.00      0.00      0.00      0.00      0.00
08:12:03 PM      0.00      0.00      0.00      0.00      0.00      0.00      0.00      0.00
08:12:08 PM      0.00      0.00      0.00      0.00      0.00      0.00      0.00      0.00
08:12:13 PM      0.00      0.00      0.00      0.00      0.00      0.00      0.00      0.00
08:12:18 PM      0.00      0.00      0.00      0.00      0.00      0.00      0.00      0.00
08:12:23 PM      0.00      0.00      0.00      0.00      0.00      0.00      0.00      0.00
08:12:28 PM      0.00      0.00      0.00      0.00      0.00      0.00      0.00      0.00
08:12:33 PM      0.00      0.00      0.00      0.00      0.00      0.00      0.00      0.00
08:12:38 PM      0.00      0.00      0.00      0.00      0.00      0.00      0.00      0.00
08:12:43 PM      0.00      0.00      0.00      0.00      0.00      0.00      0.00      0.00
08:12:48 PM      0.00      0.00      0.00      0.00      0.00      0.00      0.00      0.00
08:12:53 PM      0.00      0.00      0.00      0.00      0.00      0.00      0.00      0.00
08:12:58 PM      0.00      0.00      0.00      0.00      0.00      0.00      0.00      0.00
08:13:03 PM      0.00      0.00      0.00      0.00      0.00      0.00      0.00      0.00
08:13:08 PM      0.00      0.00      0.00      0.00      0.00      0.00      0.00      0.00
08:13:13 PM      0.00      0.00      0.00      0.00      0.00      0.00      0.00      0.00
08:13:18 PM      0.00      0.00      0.00      0.00      0.00      0.00      0.00      0.00
08:13:23 PM      0.00      0.00      0.00      0.00      0.00      0.00      0.00      0.00
08:13:28 PM      0.00      0.00      0.00      0.00      0.00      0.00      0.00      0.00
08:13:33 PM      0.00      0.00      0.00      0.00      0.00      0.00      0.00      0.00
08:13:38 PM      0.00      0.00      0.00      0.00      0.00      0.00      0.00      0.00
08:13:43 PM      0.00      0.00      0.00      0.00      0.00      0.00      0.00      0.00
08:13:48 PM      0.00      0.00      0.00      0.00      0.00      0.00      0.00      0.00
08:13:53 PM      0.00      0.00      0.00      0.00      0.00      0.00      0.00      0.00
08:13:58 PM      0.00      0.00      0.00      0.00      0.00      0.00      0.00      0.00
08:14:03 PM      0.00      0.00      0.00      0.00      0.00      0.00      0.00      0.00
08:14:08 PM      0.00      0.00      0.00      0.00      0.00      0.00      0.00      0.00
08:14:13 PM      0.00      0.00      0.00      0.00      0.00      0.00      0.00      0.00
08:14:18 PM      0.00      0.00      0.00      0.00      0.00      0.00      0.00      0.00
08:14:23 PM      0.00      0.00      0.00      0.00      0.00      0.00      0.00      0.00
08:14:28 PM      0.00      0.00      0.00      0.00      0.00      0.00      0.00      0.00
08:14:33 PM      0.00      0.00      0.00      0.00      0.00      0.00      0.00      0.00
08:14:38 PM      0.00      0.00      0.00      0.00      0.00      0.00      0.00      0.00
08:14:43 PM      0.00      0.00      0.00      0.00      0.00      0.00      0.00      0.00
08:14:48 PM      0.00      0.00      0.00      0.00      0.00      0.00      0.00      0.00
08:14:53 PM      0.00      0.00      0.00      0.00      0.00      0.00      0.00      0.00
08:14:58 PM      0.00      0.00      0.00      0.00      0.00      0.00      0.00      0.00
08:15:03 PM      0.00      0.00      0.00      0.00      0.00      0.00      0.00      0.00
08:15:08 PM      0.00      0.00      0.00      0.00      0.00      0.00      0.00      0.00
08:15:13 PM      0.00      0.00      0.00      0.00      0.00      0.00      0.00      0.00
08:15:18 PM      0.00      0.00      0.00      0.00      0.00      0.00      0.00      0.00
08:15:23 PM      0.00      0.00      0.00      0.00      0.00      0.00      0.00      0.00
08:15:28 PM      0.00      0.00      0.00      0.00      0.00      0.00      0.00      0.00
08:15:33 PM      0.00      0.00      0.00      0.00      0.00      0.00      0.00      0.00
08:15:38 PM      0.00      0.00      0.00      0.00      0.00      0.00      0.00      0.00
08:15:43 PM      0.00      0.00      0.00      0.00      0.00      0.00      0.00      0.00
08:15:48 PM      0.00      0.00      0.00      0.00      0.00      0.00      0.00      0.00
08:15:53 PM      0.00      0.00      0.00      0.00      0.00      0.00      0.00      0.00
08:15:58 PM      0.00      0.00      0.00      0.00      0.00      0.00      0.00      0.00
08:16:03 PM      0.00      0.00      0.00      0.00      0.00      0.00      0.00      0.00
08:16:08 PM      0.00      0.00      0.00      0.00      0.00      0.00      0.00      0.00
08:16:13 PM      0.00      0.00      0.00      0.00      0.00      0.00      0.00      0.00
08:16:18 PM      0.00      0.00      0.00      0.00      0.00      0.00      0.00      0.00
08:16:23 PM      0.00      0.00      0.00      0.00      0.00      0.00      0.00      0.00
08:16:28 PM      0.00      0.00      0.00      0.00      0.00      0.00      0.00      0.00
08:16:33 PM      0.00      0.00      0.00      0.00      0.00      0.00      0.00      0.00
08:16:38 PM      0.00      0.00      0.00      0.00      0.00      0.00      0.00      0.00
08:16:43 PM      0.00      0.00      0.00      0.00      0.00      0.00      0.00      0.00
08:16:48 PM      0.00      0.00      0.00      0.00      0.00      0.00      0.00      0.00
08:16:53 PM      0.00      0.00      0.00      0.00      0.00      0.00      0.00      0.00
08:16:58 PM      0.00      0.00      0.00      0.00      0.00      0.00      0.00      0.00
08:17:03 PM      0.00      0.00      0.00      0.00      0.00      0.00      0.00      0.00
08:17:08 PM      0.00      0.00      0.00      0.00      0.00      0.00      0.00      0.00
08:17:13 PM      0.00      0.00      0.00      0.00      0.00      0.00      0.00      0.00
08:17:18 PM      0.00      0.00      0.00      0.00      0.00      0.00      0.00      0.00
08:17:23 PM      0.00      0.00      0.00      0.00      0.00      0.00      0.00      0.00
08:17:28 PM      0.00      0.00      0.00      0.00      0.00      0.00      0.00      0.00
08:17:33 PM      0.00      0.00      0.00      0.00      0.00      0.00      0.00      0.00
08:17:38 PM      0.00      0.00      0.00      0.00      0.00      0.00      0.00      0.00
08:17:43 PM      0.00      0.00      0.00      0.00      0.00      0.00      0.00      0.00
08:17:48 PM      0.00      0.00      0.00      0.00      0.00      0.00      0.00      0.00
08:17:53 PM      0.00      0.00      0.00      0.00      0.00      0.00      0.00      0.00
08:17:58 PM      0.00      0.00      0.00      0.00      0.00      0.00      0.00      0.00
08:18:03 PM      0.00      0.00      0.00      0.00      0.00      0.00      0.00      0.00
08:18:08 PM      0.00      0.00      0.00      0.00      0.00      0.00      0.00      0.00
08:18:13 PM      0.00      0.00      0.00      0.00      0.00      0.00      0.00      0.00
08:18:18 PM      0.00      0.00      0.00      0.00      0.00      0.00      0.00      0.00
08:18:23 PM      0.00      0.00      0.00      0.00      0.00      0.00      0.00      0.00
08:18:28 PM      0.00      0.00      0.00      0.00      0.00      0.00      0.00      0.00
08:18:33 PM      0.00      0.00      0.00      0.00      0.00      0.00      0.00      0.00
08:18:38 PM      0.00      0.00      0.00      0.00      0.00      0.00      0.00      0.00
08:18:43 PM      0.00      0.00      0.00      0.00      0.00      0.00      0.00      0.00
08:18:48 PM      0.00      0.00      0.00      0.00      0.00      0.00      0.00      0.00
08:18:53 PM      0.00      0.00      0.00      0.00      0.00      0.00      0.00      0.00
08:18:58 PM      0.00      0.00      0.00      0.00      0.00      0.00      0.00      0.00
08:19:03 PM      0.00      0.00      0.00      0.00      0.00      0.00      0.00      0.00
08:19:08 PM      0.00      0.00      0.00      0.00      0.00      0.00      0.00      0.00
08:19:13 PM      0.00      0.00      0.00      0.00      0.00      0.00      0.00      0.00
08:19:18 PM      0.00      0.00      0.00      0.00      0.00      0.00      0.00      0.00
08:19:23 PM      0.00      0.00      0.00      0.00      0.00      0.00      0.00      0.00
08:19:28 PM      0.00      0.00      0.00      0.00      0.00      0.00      0.00      0.00
08:19:33 PM      0.00      0.00      0.00      0.00      0.00      0.00      0.00      0.00
08:19:38 PM      0.00      0.00      0.00      0.00      0.00      0.00      0.00      0.00
08:19:43 PM      0.00      0.00      0.00      0.00      0.00      0.00      0.00      0.00
08:19:48 PM      0.00      0.00      0.00      0.00      0.00      0.00      0.00      0.00
08:19:53 PM      0.00      0.00      0.00      0.00      0.00      0.00      0.00      0.00
08:19:58 PM      0.00      0.00      0.00      0.00      0.00      0.00      0.00      0.00
08:20:03 PM      0.00      0.00      0.00      0.00      0.00      0.00      0.00      0.00
08:20:08 PM      0.00      0.00      0.00      0.00      0.00      0.00      0.00      0.00
08:20:13 PM      0.00      0.00      0.00      0.00      0.00      0.00      0.00      0.00
08:20:18 PM      0.00      0.00      0.00      0.00      0.00      0.00      0.00      0.00
08:20:23 PM      0.00      0.00      0.00      0.00      0.00      0.00      0.00      0.00
08:20:28 PM      0.00      0.00      0.00      0.00      0.00      0.00      0.00      0.00
08:20:33 PM      0.00      0.00      0.00      0.00      0.00      0.00      0.00      0.00
08:20:38 PM      0.00      0.00      0.00      0.00      0.00      0.00      0.00      0.00
08:20:43 PM      0.00      0.00      0.00      0.00      0.00      0.00      0.00      0.00
08:20:48 PM      0.00      0.00      0.00      0.00      0.00      0.00      0.00      0.00
08:20:53 PM      0.00      0.00      0.00      0.00      0.00      0.00      0.00      0.00
08:20:58 PM      0.00      0.00      0.00      0.00      0.00      0.00      0.00      0.00
08:21:03 PM      0.00      0.00      0.00      0.00      0.00      0.00      0.00      0.00
08:21:08 PM      0.00      0.00      0.00      0.00      0.00      0.00      0.00      0.00
08:21:13 PM      0.00      0.00      0.00      0.00      0.00      0.00      0.00      0.00
08:21:18 PM      0.00      0.00      0.00      0.00      0.00      0.00      0.00      0.00
08:21:23 PM      0.00      0.00      0.00      0.00      0.00      0.00      0.00      0.00
08:21:28 PM      0.00      0.00      0.00      0.00      0.00      0.00      0.00      0.00
08:21:33 PM      0.00      0.00      0.00      0.00      0.00      0.00      0.00      0.00
08:21:38 PM      0.00      0.00      0.00      0.00      0.00      0.00      0.00      0.00
08:21:43 PM      0.00      0.00      0.00      0.00      0.00      0.00      0.00      0.00
08:21:48 PM      0.00      0.00      0.00      0.00      0.00      0.00      0.00      0.00
08:21:53 PM      0.00      0.00      0.00      0.00      0.00      0.00      0.00      0.00
08:21:58 PM      0.00      0.00      0.00      0.00      0.00      0.00      0.00      0.00
08:22:03 PM      0.00      0.00      0.00      0.00      0.00      0.00      0.00      0.00
08:22:08 PM      0.00      0.00      0.00      0.00      0.00      0.00      0.00      0.00
08:22:13 PM      0.00      0.00      0.00      0.00      0.00      0.00      0.00      0.00
08:22:18 PM      0.00      0.00      0.00      0.00      0.00      0.00      0.00      0.00
08:22:23 PM      0.00      0.00      0.00      0.00      0.00      0.00      0.00      0.00
08:22:28 PM      0.00      0.00      0.00      0.00      0.00      0.00      0.00      0.00
08:22:33 PM      0.00      0.00      0.00      0.00      0.00      0.00      0.00      0.00
08:22:38 PM      0.00      0.00      0.00      0.00      0.00      0.00      0.00      0.00
08:22:43 PM      0.00      0.00      0.00      0.00      0.00      0.00      0.00      0.00
08:22:48 PM      0.00      0.00      0.00      0.00      0.00      0.00      0.00      0.00
08:22:53 PM      0.00      0.00      0.00      0.00      0.00      0.00      0.00      0.00
08:22:58 PM      0.00      0.00      0.00      0.00      0.00      0.00      0.00      0.00
08:23:03 PM      0.00      0.00      0.00      0.00      0.00      0.00      0.00      0.00
08:23:08 PM      0.00      0.00      0.00      0.00      0.00      0.00      0.00      0.00
08:23:13 PM      0.00      0.00      0.00      0.00      0.00      0.00      0.00      0.00
08:23:18 PM      0.00      0.00      0.00      0.00      0.00      0.00      0.00      0.00
08:23:23 PM      0.00      0.00      0.00      0.00      0.00      0.00      0.00      0.00
08:23:28 PM      0.00      0.00      0.00      0.00      0.00      0.00      0.00      0.00
08:23:33 PM      0.00      0.00      0.00      0.00      0.00      0.00      0.00      0.00
08:23:38 PM      0.00      0.00      0.00      0.00      0.00      0.00      0.00      0.00
08:23:43 PM      0.00      0.00      0.00      0.00      0.00      0.00      0.00      0.00
08:23:48 PM      0.00      0.00      0.00      0.00      0.00      0.00      0.00      0.00
08:23:53 PM      0.00      0.00      0.00      0.00      0.00      0.00      0.00      0.00
08:23:58 PM      0.00      0.00      0.00      0.00      0.00      0.00      0.00      0.00
08:24:03 PM      0.00      0.00      0.00      0.00      0.00      0.00      0.00      0.00
08:24:08 PM      4.30      0.91      0.19     11.52      4.30      0.91      0.19     11.51
08:24:13 PM      2.36      0.82      0.19      0.03      2.36      0.82      0.19      0.02
08:24:18 PM      1.58      0.77      0.18      0.00      1.58      0.77      0.18      0.00
08:24:23 PM      0.86      0.70      0.18      0.00      0.86      0.70      0.18      0.00
08:24:28 PM      0.58      0.65      0.18      0.00      0.58      0.65      0.18      0.00
08:24:33 PM      0.31      0.59      0.17      0.00      0.31      0.59      0.17      0.00
08:24:38 PM      0.21      0.55      0.17      0.00      0.21      0.55      0.17      0.00
08:24:43 PM      0.11      0.50      0.17      0.00      0.11      0.50      0.17      0.00
08:24:48 PM      0.07      0.46      0.16      0.00      0.07      0.46      0.16      0.00
08:24:53 PM      0.04      0.42      0.16      0.00      0.04      0.42      0.16      0.00
08:24:58 PM      0.02      0.39      0.16      0.00      0.02      0.39      0.16      0.00
08:25:03 PM      0.01      0.35      0.15      0.00      0.01      0.35      0.15      0.00
08:25:08 PM      0.00      0.33      0.15      0.00      0.00      0.33      0.15      0.00
08:25:13 PM      0.24      0.36      0.16      1.01      0.24      0.36      0.16      1.01
08:25:18 PM      0.16      0.33      0.15      0.00      0.16      0.33      0.15      0.00
08:25:23 PM      0.09      0.30      0.15      0.00      0.09      0.30      0.15      0.00
08:25:28 PM      0.06      0.28      0.15      0.00      0.06      0.28      0.15      0.00
08:25:33 PM      0.03      0.25      0.14      0.00      0.03      0.25      0.14      0.00
08:25:38 PM      0.02      0.24      0.14      0.00      0.02      0.24      0.14      0.00
08:25:43 PM      0.01      0.21      0.14      0.00      0.01      0.21      0.14      0.00
08:25:48 PM      0.00      0.20      0.13      0.00      0.00      0.20      0.13      0.00
08:25:53 PM      0.54      0.30      0.16      1.70      0.54      0.30      0.16      1.70
08:25:58 PM      0.36      0.28      0.16      0.00      0.36      0.28      0.16      0.00
08:26:03 PM      0.19      0.25      0.15      0.00      0.19      0.25      0.15      0.00
08:26:08 PM      0.13      0.24      0.15      0.00      0.13      0.24      0.15      0.00
08:26:13 PM      0.07      0.21      0.14      0.00      0.07      0.21      0.14      0.00
08:26:18 PM      0.04      0.20      0.14      0.00      0.04      0.20      0.14      0.00
08:26:23 PM      0.02      0.18      0.14      0.00      0.02      0.18      0.14      0.00
08:26:28 PM      0.01      0.17      0.13      0.00      0.01      0.17      0.13      0.00
08:26:33 PM      0.00      0.15      0.13      0.00      0.00      0.15      0.13      0.00
08:26:38 PM      0.00      0.14      0.13      0.00      0.00      0.14      0.13      0.00
08:26:43 PM      0.00      0.12      0.13      0.00      0.00      0.12      0.13      0.00
08:26:48 PM      0.00      0.12      0.12      0.00      0.00      0.12      0.12      0.00
08:26:53 PM      0.00      0.10      0.12      0.00      0.00      0.10      0.12      0.00
08:26:58 PM      0.00      0.10      0.12      0.00      0.00      0.10      0.12      0.00
08:27:03 PM      0.00      0.09      0.12      0.00      0.00      0.09      0.12      0.00
08:27:08 PM      0.00      0.08      0.12      0.00      0.00      0.08      0.12      0.00
08:27:13 PM      0.18      0.10      0.12      0.47      0.18      0.10      0.12      0.47
08:27:18 PM      0.12      0.10      0.12      0.00      0.12      0.10      0.12      0.00
08:27:23 PM      0.06      0.09      0.11      0.00      0.06      0.09      0.11      0.00
08:27:28 PM      0.04      0.08      0.11      0.00      0.04      0.08      0.11      0.00
08:27:33 PM      0.02      0.07      0.11      0.00      0.02      0.07      0.11      0.00
08:27:38 PM      0.01      0.07      0.11      0.00      0.01      0.07      0.11      0.00
08:27:43 PM      0.00      0.06      0.10      0.00      0.00      0.06      0.10      0.00
08:27:48 PM      0.00      0.05      0.10      0.00      0.00      0.05      0.10      0.00
08:27:53 PM      0.00      0.05      0.10      0.00      0.00      0.05      0.10      0.00
08:27:58 PM      0.00      0.04      0.10      0.00      0.00      0.04      0.10      0.00
08:28:03 PM      0.00      0.04      0.10      0.00      0.00      0.04      0.10      0.00
08:28:08 PM      0.00      0.04      0.09      0.00      0.00      0.04      0.09      0.00
08:28:13 PM      0.00      0.03      0.09      0.00      0.00      0.03      0.09      0.00
08:28:18 PM      0.00      0.03      0.09      0.00      0.00      0.03      0.09      0.00
08:28:23 PM     10.55      2.00      0.50     25.82     10.55      2.00      0.50     25.81
08:28:28 PM      7.52      1.97      0.52      0.23      7.52      1.97      0.52      0.23
08:28:33 PM      4.13      1.78      0.50      0.00      4.13      1.78      0.50      0.00
08:28:38 PM      2.76      1.67      0.50      0.00      2.76      1.67      0.50      0.00
08:28:43 PM      1.51      1.51      0.49      0.00      1.51      1.51      0.49      0.00
08:28:48 PM      1.01      1.41      0.48      0.00      1.01      1.41      0.48      0.00
08:28:53 PM      0.55      1.27      0.47      0.26      0.55      1.27      0.47      0.26
08:28:58 PM      0.37      1.19      0.46      0.00      0.37      1.19      0.46      0.00
08:29:03 PM      0.20      1.08      0.45      0.00      0.20      1.08      0.45      0.00
08:29:08 PM      0.13      1.01      0.44      0.00      0.13      1.01      0.44      0.00
08:29:13 PM      4.22      1.80      0.63     11.61      4.22      1.80      0.63     11.61
08:29:18 PM      2.83      1.68      0.62      0.00      2.83      1.68      0.62      0.00
08:29:23 PM      1.55      1.52      0.60      0.00      1.55      1.52      0.60      0.00
08:29:28 PM      1.19      1.45      0.60      0.42      1.19      1.45      0.60      0.41
08:29:33 PM      0.65      1.31      0.59      0.00      0.65      1.31      0.59      0.00
08:29:38 PM      0.43      1.23      0.58      0.00      0.43      1.23      0.58      0.00
08:29:43 PM      0.23      1.11      0.57      0.00      0.23      1.11      0.57      0.00
08:29:48 PM      0.16      1.04      0.56      0.00      0.16      1.04      0.56      0.00
08:29:53 PM      0.08      0.94      0.55      0.00      0.08      0.94      0.55      0.00
08:29:58 PM      0.05      0.88      0.54      0.00      0.05      0.88      0.54      0.00
08:30:03 PM      0.03      0.79      0.53      0.00      0.03      0.79      0.53      0.00
08:30:08 PM      0.02      0.74      0.52      0.00      0.02      0.74      0.52      0.00
08:30:13 PM      4.35      1.45      0.67     10.63      4.35      1.45      0.67     10.63
08:30:18 PM      8.85      2.63      0.93     15.19      8.85      2.63      0.93     15.18
08:30:23 PM      4.86      2.38      0.91      0.00      4.86      2.38      0.91      0.00
08:30:28 PM      3.25      2.22      0.90      0.00      3.25      2.22      0.90      0.00
08:30:33 PM      1.78      2.01      0.88      0.00      1.78      2.01      0.88      0.00
08:30:38 PM      1.19      1.88      0.87      0.00      1.19      1.88      0.87      0.00
08:30:43 PM      0.65      1.70      0.85      0.00      0.65      1.70      0.85      0.00
08:30:48 PM      0.44      1.59      0.84      0.00      0.44      1.59      0.84      0.00
08:30:53 PM      0.24      1.44      0.82      0.00      0.24      1.44      0.82      0.00
08:30:58 PM      0.16      1.34      0.81      0.00      0.16      1.34      0.81      0.00
08:31:03 PM      0.08      1.22      0.79      0.00      0.08      1.22      0.79      0.00
08:31:08 PM      0.05      1.14      0.78      0.00      0.05      1.14      0.78      0.00
08:31:13 PM      0.03      1.03      0.76      0.00      0.03      1.03      0.76      0.00
08:31:18 PM      0.02      0.96      0.75      0.00      0.02      0.96      0.75      0.00
08:31:23 PM      0.01      0.87      0.74      0.00      0.01      0.87      0.74      0.00
08:31:28 PM      0.00      0.81      0.73      0.00      0.00      0.81      0.73      0.00
08:31:33 PM      0.00      0.73      0.71      0.00      0.00      0.73      0.71      0.00
08:31:38 PM      0.00      0.69      0.70      0.00      0.00      0.69      0.70      0.00
08:31:43 PM      0.00      0.62      0.69      0.00      0.00      0.62      0.69      0.00
08:31:48 PM      0.00      0.58      0.68      0.00      0.00      0.58      0.68      0.00
08:31:53 PM      0.00      0.52      0.66      0.00      0.00      0.52      0.66      0.00
08:31:58 PM      0.00      0.49      0.65      0.00      0.00      0.49      0.65      0.00
08:32:03 PM      0.00      0.44      0.64      0.00      0.00      0.44      0.64      0.00
08:32:08 PM      0.00      0.41      0.63      0.00      0.00      0.41      0.63      0.00
08:32:13 PM      0.00      0.37      0.62      0.00      0.00      0.37      0.62      0.00
08:32:18 PM      0.00      0.35      0.61      0.00      0.00      0.35      0.61      0.00
08:32:23 PM      0.00      0.31      0.59      0.00      0.00      0.31      0.59      0.00
08:32:28 PM      0.00      0.29      0.58      0.00      0.00      0.29      0.58      0.00
08:32:33 PM      0.00      0.26      0.57      0.00      0.00      0.26      0.57      0.00
08:32:38 PM      0.00      0.25      0.56      0.00      0.00      0.25      0.56      0.00
08:32:43 PM      0.00      0.22      0.55      0.00      0.00      0.22      0.55      0.00
08:32:48 PM      0.00      0.21      0.54      0.00      0.00      0.21      0.54      0.00
08:32:53 PM      0.00      0.18      0.53      0.00      0.00      0.18      0.53      0.00
08:32:58 PM      0.00      0.17      0.52      0.00      0.00      0.17      0.52      0.00
08:33:03 PM      0.00      0.15      0.51      0.00      0.00      0.15      0.51      0.00
08:33:08 PM      0.00      0.14      0.50      0.00      0.00      0.14      0.50      0.00
08:33:13 PM      0.00      0.13      0.49      0.00      0.00      0.13      0.49      0.00
08:33:18 PM      0.00      0.12      0.49      0.00      0.00      0.12      0.49      0.00
08:33:23 PM      0.00      0.11      0.47      0.00      0.00      0.11      0.47      0.00
08:33:28 PM      0.00      0.10      0.47      0.00      0.00      0.10      0.47      0.00
08:33:33 PM      0.00      0.09      0.46      0.00      0.00      0.09      0.46      0.00
08:33:38 PM      0.00      0.08      0.45      0.00      0.00      0.08      0.45      0.00
08:33:43 PM      0.00      0.07      0.44      0.00      0.00      0.07      0.44      0.00
08:33:48 PM      0.00      0.07      0.43      0.00      0.00      0.07      0.43      0.00
08:33:53 PM      0.00      0.06      0.42      0.00      0.00      0.06      0.42      0.00
08:33:58 PM      0.00      0.06      0.42      0.00      0.00      0.06      0.42      0.00
08:34:03 PM      0.00      0.05      0.41      0.00      0.00      0.05      0.41      0.00
08:34:08 PM      0.00      0.04      0.40      0.00      0.00      0.04      0.40      0.00
08:34:13 PM      0.00      0.04      0.40      0.00      0.00      0.04      0.40      0.00
08:34:18 PM      0.00      0.04      0.39      0.00      0.00      0.04      0.39      0.00
08:34:23 PM      0.00      0.03      0.38      0.00      0.00      0.03      0.38      0.00
08:34:28 PM      0.00      0.03      0.37      0.00      0.00      0.03      0.37      0.00
08:34:33 PM      0.00      0.03      0.37      0.00      0.00      0.03      0.37      0.00
08:34:38 PM      0.00      0.02      0.36      0.00      0.00      0.02      0.36      0.00
08:34:43 PM      0.00      0.02      0.35      0.00      0.00      0.02      0.35      0.00
08:34:48 PM      0.00      0.02      0.35      0.00      0.00      0.02      0.35      0.00
08:34:53 PM      0.00      0.02      0.34      0.00      0.00      0.02      0.34      0.00
08:34:58 PM      0.00      0.01      0.33      0.00      0.00      0.01      0.33      0.00
08:35:03 PM      0.00      0.01      0.33      0.00      0.00      0.01      0.33      0.00
08:35:08 PM      0.00      0.01      0.32      0.00      0.00      0.01      0.32      0.00
08:35:13 PM      0.00      0.01      0.32      0.00      0.00      0.01      0.32      0.00
08:35:18 PM      0.00      0.01      0.31      0.00      0.00      0.01      0.31      0.00
08:35:23 PM      0.00      0.01      0.30      0.00      0.00      0.01      0.30      0.00
08:35:28 PM      0.00      0.00      0.30      0.00      0.00      0.00      0.30      0.00
08:35:33 PM      0.00      0.00      0.29      0.01      0.00      0.00      0.29      0.01
08:35:38 PM      0.00      0.00      0.28      0.00      0.00      0.00      0.28      0.00
08:35:43 PM      0.00      0.00      0.28      0.00      0.00      0.00      0.28      0.00
08:35:48 PM      0.00      0.00      0.27      0.00      0.00      0.00      0.27      0.00
08:35:53 PM      0.00      0.00      0.27      0.00      0.00      0.00      0.27      0.00
08:35:58 PM      0.00      0.00      0.26      0.00      0.00      0.00      0.26      0.00
08:36:03 PM      0.00      0.00      0.26      0.00      0.00      0.00      0.26      0.00
08:36:08 PM      0.00      0.00      0.25      0.00      0.00      0.00      0.25      0.00
08:36:13 PM      0.00      0.00      0.25      0.00      0.00      0.00      0.25      0.00
08:36:18 PM      0.00      0.00      0.24      0.00      0.00      0.00      0.24      0.00
08:36:23 PM      0.00      0.00      0.24      0.00      0.00      0.00      0.24      0.00
08:36:28 PM      2.66      0.56      0.36      7.51      2.66      0.56      0.36      7.51
08:36:33 PM      1.78      0.53      0.35      0.01      1.78      0.53      0.35      0.01
08:36:38 PM      0.98      0.48      0.34      0.00      0.98      0.48      0.34      0.00
08:36:43 PM      0.65      0.44      0.34      0.02      0.65      0.44      0.34      0.02
08:36:48 PM      0.36      0.40      0.33      0.00      0.36      0.40      0.33      0.00
08:36:53 PM      0.24      0.37      0.33      0.00      0.24      0.37      0.33      0.00
08:36:58 PM      0.13      0.34      0.32      0.00      0.13      0.34      0.32      0.00
08:37:03 PM      0.08      0.31      0.31      0.00      0.08      0.31      0.31      0.00
08:37:08 PM      0.04      0.28      0.31      0.00      0.04      0.28      0.31      0.00
08:37:13 PM      0.03      0.26      0.30      0.05      0.03      0.26      0.30      0.05
08:37:18 PM      0.01      0.24      0.29      0.18      0.01      0.24      0.29      0.17
08:37:23 PM      0.01      0.22      0.29      0.00      0.01      0.22      0.29      0.00
08:37:28 PM      0.00      0.20      0.28      0.00      0.00      0.20      0.28      0.00
08:37:33 PM      0.00      0.19      0.28      0.00      0.00      0.19      0.28      0.00
08:37:38 PM      0.00      0.17      0.27      0.00      0.00      0.17      0.27      0.00
08:37:43 PM      0.00      0.16      0.27      0.01      0.00      0.16      0.27      0.01
08:37:48 PM      0.00      0.14      0.26      0.00      0.00      0.14      0.26      0.00
08:37:53 PM      0.00      0.13      0.26      0.16      0.00      0.13      0.26      0.16
08:37:58 PM      0.00      0.12      0.25      0.00      0.00      0.12      0.25      0.00
08:38:03 PM      0.00      0.11      0.25      0.08      0.00      0.11      0.25      0.08
08:38:08 PM      0.00      0.10      0.24      0.00      0.00      0.10      0.24      0.00
08:38:13 PM      0.00      0.09      0.24      0.00      0.00      0.09      0.24      0.00
08:38:18 PM      2.07      0.47      0.32      5.14      2.07      0.47      0.32      5.12
08:38:23 PM      1.39      0.44      0.31      0.01      1.39      0.44      0.31      0.01
08:38:28 PM      0.76      0.40      0.30      0.06      0.76      0.40      0.30      0.06
08:38:33 PM      1.10      0.50      0.33      1.65      1.10      0.50      0.33      1.64
08:38:38 PM      0.60      0.45      0.32      0.00      0.60      0.45      0.32      0.00
08:38:43 PM      0.40      0.42      0.31      0.00      0.40      0.42      0.31      0.00
08:38:48 PM      0.22      0.38      0.31      0.00      0.22      0.38      0.31      0.00
08:38:53 PM      0.14      0.35      0.30      0.00      0.14      0.35      0.30      0.00
08:38:58 PM      0.08      0.32      0.30      0.00      0.08      0.32      0.30      0.00
08:39:03 PM      0.05      0.30      0.29      0.00      0.05      0.30      0.29      0.00
08:39:08 PM      0.02      0.27      0.28      0.00      0.02      0.27      0.28      0.00
08:39:13 PM      0.01      0.25      0.28      0.00      0.01      0.25      0.28      0.00
08:39:18 PM      0.00      0.22      0.27      0.00      0.00      0.22      0.27      0.00
08:39:23 PM      0.00      0.21      0.27      0.00      0.00      0.21      0.27      0.00
08:39:28 PM      0.00      0.19      0.26      0.00      0.00      0.19      0.26      0.00
08:39:33 PM      0.00      0.18      0.26      0.00      0.00      0.18      0.26      0.00
08:39:38 PM      0.00      0.16      0.25      0.00      0.00      0.16      0.25      0.00
08:39:43 PM      0.00      0.15      0.25      0.00      0.00      0.15      0.25      0.00
08:39:48 PM      0.00      0.13      0.24      0.00      0.00      0.13      0.24      0.00
08:39:53 PM      0.00      0.12      0.24      0.00      0.00      0.12      0.24      0.00
08:39:58 PM      0.00      0.11      0.23      0.00      0.00      0.11      0.23      0.00
08:40:03 PM      0.00      0.10      0.23      0.00      0.00      0.10      0.23      0.00
08:40:08 PM      0.00      0.09      0.22      0.00      0.00      0.09      0.22      0.00
08:40:13 PM      0.00      0.08      0.22      0.01      0.00      0.08      0.22      0.01
08:40:18 PM      0.00      0.08      0.21      0.00      0.00      0.08      0.21      0.00
08:40:23 PM      0.00      0.07      0.21      0.00      0.00      0.07      0.21      0.00
08:40:28 PM      0.00      0.06      0.21      0.00      0.00      0.06      0.21      0.00
08:40:33 PM      0.00      0.06      0.20      0.00      0.00      0.06      0.20      0.00
08:40:38 PM      0.00      0.05      0.20      0.00      0.00      0.05      0.20      0.00
08:40:43 PM      0.00      0.05      0.20      0.00      0.00      0.05      0.20      0.00
08:40:48 PM      0.00      0.04      0.19      0.00      0.00      0.04      0.19      0.00
08:40:53 PM      0.00      0.04      0.19      0.00      0.00      0.04      0.19      0.00
08:40:58 PM      0.00      0.03      0.18      0.00      0.00      0.03      0.18      0.00
08:41:03 PM      0.00      0.03      0.18      0.00      0.00      0.03      0.18      0.00
08:41:08 PM      0.00      0.03      0.18      0.00      0.00      0.03      0.18      0.00
08:41:13 PM      0.00      0.02      0.17      0.00      0.00      0.02      0.17      0.00
08:41:18 PM      0.00      0.02      0.17      0.31      0.00      0.02      0.17      0.31
08:41:23 PM      0.00      0.02      0.17      0.00      0.00      0.02      0.17      0.00
08:41:28 PM      0.00      0.02      0.16      0.00      0.00      0.02      0.16      0.00
08:41:33 PM      0.00      0.01      0.16      0.00      0.00      0.01      0.16      0.00
08:41:38 PM      0.00      0.01      0.15      0.00      0.00      0.01      0.15      0.00
08:41:43 PM      0.00      0.01      0.15      0.00      0.00      0.01      0.15      0.00
08:41:48 PM      0.00      0.01      0.15      0.00      0.00      0.01      0.15      0.00
08:41:53 PM      0.00      0.01      0.14      0.00      0.00      0.01      0.14      0.00
08:41:58 PM      0.00      0.01      0.14      0.02      0.00      0.01      0.14      0.02
08:42:03 PM      0.00      0.00      0.14      0.00      0.00      0.00      0.14      0.00
08:42:08 PM      0.00      0.00      0.13      0.01      0.00      0.00      0.13      0.01
08:42:13 PM      0.00      0.00      0.13      0.00      0.00      0.00      0.13      0.00
08:42:18 PM      0.00      0.00      0.13      0.00      0.00      0.00      0.13      0.00
08:42:23 PM      0.00      0.00      0.13      0.02      0.00      0.00      0.13      0.02
08:42:28 PM      0.00      0.00      0.12      0.00      0.00      0.00      0.12      0.00
08:42:33 PM      0.00      0.00      0.12      0.00      0.00      0.00      0.12      0.00
08:42:38 PM      0.00      0.00      0.12      0.00      0.00      0.00      0.12      0.00
08:42:43 PM      0.00      0.00      0.12      0.00      0.00      0.00      0.12      0.00
08:42:48 PM      0.00      0.00      0.11      0.00      0.00      0.00      0.11      0.00
08:42:53 PM      0.00      0.00      0.11      0.00      0.00      0.00      0.11      0.00
08:42:58 PM      0.00      0.00      0.11      0.00      0.00      0.00      0.11      0.00
08:43:03 PM      0.00      0.00      0.11      0.00      0.00      0.00      0.11      0.00
08:43:08 PM      0.00      0.00      0.10      0.00      0.00      0.00      0.10      0.00
08:43:13 PM      0.00      0.00      0.10      0.00      0.00      0.00      0.10      0.00
08:43:18 PM      0.00      0.00      0.10      0.00      0.00      0.00      0.10      0.00
08:43:23 PM      0.00      0.00      0.10      0.00      0.00      0.00      0.10      0.00
08:43:28 PM      0.00      0.00      0.09      0.00      0.00      0.00      0.09      0.00
08:43:33 PM      0.00      0.00      0.09      0.00      0.00      0.00      0.09      0.00
08:43:38 PM      0.00      0.00      0.09      0.00      0.00      0.00      0.09      0.00
08:43:43 PM      0.00      0.00      0.09      0.00      0.00      0.00      0.09      0.00
08:43:48 PM      0.00      0.00      0.08      0.00      0.00      0.00      0.08      0.00
08:43:53 PM      0.00      0.00      0.08      0.00      0.00      0.00      0.08      0.00
08:43:58 PM      0.00      0.00      0.08      0.00      0.00      0.00      0.08      0.00
08:44:03 PM      0.00      0.00      0.08      0.00      0.00      0.00      0.08      0.00
08:44:08 PM      0.00      0.00      0.08      0.00      0.00      0.00      0.08      0.00
08:44:13 PM      0.00      0.00      0.07      0.00      0.00      0.00      0.07      0.00
08:44:18 PM      0.00      0.00      0.07      0.00      0.00      0.00      0.07      0.00
08:44:23 PM      0.00      0.00      0.07      0.00      0.00      0.00      0.07      0.00
08:44:28 PM      0.90      0.16      0.10     10.26      0.90      0.16      0.10     10.26
08:44:33 PM      6.39      1.38      0.36      6.99      6.39      1.38      0.36      6.99
08:44:38 PM      3.50      1.25      0.35      0.00      3.50      1.25      0.35      0.00
08:44:43 PM      2.35      1.17      0.35      0.00      2.35      1.17      0.35      0.00
08:44:48 PM      2.01      1.19      0.37      1.66      2.01      1.19      0.37      1.66
08:44:53 PM      1.35      1.11      0.36      0.00      1.35      1.11      0.36      0.00
08:44:58 PM      0.74      1.00      0.36      0.00      0.74      1.00      0.36      0.00
08:45:03 PM      0.49      0.94      0.35      0.00      0.49      0.94      0.35      0.00
08:45:08 PM      0.27      0.85      0.34      0.00      0.27      0.85      0.34      0.00
08:45:13 PM      0.18      0.79      0.34      0.00      0.18      0.79      0.34      0.00
08:45:18 PM      0.09      0.72      0.33      0.07      0.09      0.72      0.33      0.07
08:45:23 PM      4.77      1.52      0.50     10.63      4.77      1.52      0.50     10.63
08:45:28 PM      2.62      1.37      0.49      0.00      2.62      1.37      0.49      0.00
08:45:33 PM      1.75      1.29      0.48      0.00      1.75      1.29      0.48      0.00
08:45:38 PM      0.96      1.16      0.47      0.00      0.96      1.16      0.47      0.00
08:45:43 PM      0.64      1.09      0.47      0.00      0.64      1.09      0.47      0.00
08:45:48 PM      0.35      0.98      0.46      0.00      0.35      0.98      0.46      0.00
08:45:53 PM      0.23      0.92      0.45      0.00      0.23      0.92      0.45      0.00
08:45:58 PM      0.12      0.83      0.44      0.00      0.12      0.83      0.44      0.00
08:46:03 PM      0.08      0.78      0.43      0.00      0.08      0.78      0.43      0.00
08:46:08 PM      0.04      0.70      0.42      0.00      0.04      0.70      0.42      0.00
08:46:13 PM      0.03      0.66      0.42      0.00      0.03      0.66      0.42      0.00
08:46:18 PM      0.01      0.59      0.41      0.00      0.01      0.59      0.41      0.00
08:46:23 PM      2.72      1.04      0.51      6.30      2.72      1.04      0.51      6.30
08:46:28 PM      1.49      0.94      0.49      0.02      1.49      0.94      0.49      0.02
08:46:33 PM      1.00      0.88      0.49      0.00      1.00      0.88      0.49      0.00
08:46:38 PM      0.55      0.80      0.48      0.00      0.55      0.80      0.48      0.00
08:46:43 PM      0.36      0.75      0.47      0.00      0.36      0.75      0.47      0.00
08:46:48 PM      0.20      0.67      0.46      0.00      0.20      0.67      0.46      0.00
08:46:53 PM      0.13      0.63      0.45      0.10      0.13      0.63      0.45      0.10
08:46:58 PM      0.07      0.57      0.44      0.00      0.07      0.57      0.44      0.00
08:47:03 PM      0.04      0.53      0.44      0.00      0.04      0.53      0.44      0.00
08:47:08 PM      0.02      0.48      0.43      0.00      0.02      0.48      0.43      0.00
08:47:13 PM      0.01      0.45      0.42      0.00      0.01      0.45      0.42      0.00
08:47:18 PM      0.00      0.40      0.41      0.01      0.00      0.40      0.41      0.01
08:47:23 PM      0.00      0.38      0.40      0.00      0.00      0.38      0.40      0.00
08:47:28 PM      0.00      0.34      0.40      0.00      0.00      0.34      0.40      0.00
08:47:33 PM      0.00      0.32      0.39      0.00      0.00      0.32      0.39      0.00
08:47:38 PM      0.00      0.29      0.38      0.00      0.00      0.29      0.38      0.00
08:47:43 PM      0.00      0.27      0.38      0.00      0.00      0.27      0.38      0.00
08:47:48 PM      0.00      0.24      0.37      0.00      0.00      0.24      0.37      0.00
08:47:53 PM      0.00      0.22      0.36      0.08      0.00      0.22      0.36      0.08
08:47:58 PM      0.00      0.20      0.35      0.00      0.00      0.20      0.35      0.00
08:48:03 PM      0.00      0.19      0.35      0.02      0.00      0.19      0.35      0.02
08:48:08 PM      0.00      0.17      0.34      0.00      0.00      0.17      0.34      0.00
08:48:13 PM      0.00      0.16      0.33      0.00      0.00      0.16      0.33      0.00
08:48:18 PM      0.00      0.14      0.33      0.00      0.00      0.14      0.33      0.00
08:48:23 PM      0.00      0.13      0.32      0.00      0.00      0.13      0.32      0.00
08:48:28 PM      0.00      0.12      0.32      0.00      0.00      0.12      0.32      0.00
08:48:33 PM      0.00      0.11      0.31      0.00      0.00      0.11      0.31      0.00
08:48:38 PM      0.00      0.10      0.30      0.00      0.00      0.10      0.30      0.00
08:48:43 PM      0.00      0.09      0.30      0.00      0.00      0.09      0.30      0.00
08:48:48 PM      0.00      0.08      0.29      0.00      0.00      0.08      0.29      0.00
08:48:53 PM      0.00      0.08      0.29      0.00      0.00      0.08      0.29      0.00
08:48:58 PM      0.00      0.07      0.28      0.00      0.00      0.07      0.28      0.00
08:49:03 PM      0.00      0.06      0.27      0.00      0.00      0.06      0.27      0.00
08:49:08 PM      0.00      0.05      0.27      0.00      0.00      0.05      0.27      0.00
08:49:13 PM      0.00      0.05      0.27      0.00      0.00      0.05      0.27      0.00
08:49:18 PM      0.00      0.04      0.26      0.00      0.00      0.04      0.26      0.00
08:49:23 PM      0.00      0.04      0.26      0.00      0.00      0.04      0.26      0.00
08:49:28 PM      0.00      0.04      0.25      0.00      0.00      0.04      0.25      0.00
08:49:33 PM      0.00      0.03      0.25      0.00      0.00      0.03      0.25      0.00
08:49:38 PM      0.00      0.03      0.24      0.00      0.00      0.03      0.24      0.00
08:49:43 PM      0.00      0.03      0.24      0.00      0.00      0.03      0.24      0.00
08:49:48 PM      0.00      0.02      0.23      0.00      0.00      0.02      0.23      0.00
08:49:53 PM      0.00      0.02      0.23      0.00      0.00      0.02      0.23      0.00
08:49:58 PM      0.00      0.02      0.22      0.00      0.00      0.02      0.22      0.00
08:50:03 PM      0.00      0.02      0.22      0.00      0.00      0.02      0.22      0.00
08:50:08 PM      0.00      0.01      0.21      0.00      0.00      0.01      0.21      0.00
08:50:13 PM      0.00      0.01      0.21      0.00      0.00      0.01      0.21      0.00
08:50:18 PM      0.00      0.01      0.20      0.05      0.00      0.01      0.20      0.05
08:50:23 PM      0.00      0.01      0.20      0.00      0.00      0.01      0.20      0.00
08:50:28 PM      0.00      0.01      0.20      0.00      0.00      0.01      0.20      0.00
08:50:33 PM      0.00      0.01      0.19      0.00      0.00      0.01      0.19      0.00
08:50:38 PM      0.00      0.00      0.19      0.00      0.00      0.00      0.19      0.00
08:50:43 PM      0.00      0.00      0.18      0.00      0.00      0.00      0.18      0.00
08:50:48 PM      0.00      0.00      0.18      0.00      0.00      0.00      0.18      0.00
08:50:53 PM      0.00      0.00      0.18      0.00      0.00      0.00      0.18      0.00
08:50:58 PM      0.00      0.00      0.17      0.00      0.00      0.00      0.17      0.00
08:51:03 PM      0.00      0.00      0.17      0.00      0.00      0.00      0.17      0.00
08:51:08 PM      0.00      0.00      0.17      0.00      0.00      0.00      0.17      0.00
08:51:13 PM      0.00      0.00      0.16      0.00      0.00      0.00      0.16      0.00
08:51:18 PM      0.00      0.00      0.16      0.00      0.00      0.00      0.16      0.00
08:51:23 PM      0.00      0.00      0.16      0.00      0.00      0.00      0.16      0.00
08:51:28 PM      0.00      0.00      0.15      0.00      0.00      0.00      0.15      0.00
08:51:33 PM      0.00      0.00      0.15      0.00      0.00      0.00      0.15      0.00
08:51:38 PM      0.00      0.00      0.14      0.00      0.00      0.00      0.14      0.00
08:51:43 PM      0.00      0.00      0.14      0.00      0.00      0.00      0.14      0.00
08:51:48 PM      0.00      0.00      0.14      0.00      0.00      0.00      0.14      0.00
08:51:53 PM      0.00      0.00      0.13      0.00      0.00      0.00      0.13      0.00
08:51:58 PM      0.00      0.00      0.13      0.00      0.00      0.00      0.13      0.00
08:52:03 PM      0.00      0.00      0.13      0.00      0.00      0.00      0.13      0.00
08:52:08 PM      0.00      0.00      0.13      0.00      0.00      0.00      0.13      0.00
08:52:13 PM      0.00      0.00      0.12      0.00      0.00      0.00      0.12      0.00
08:52:18 PM      0.00      0.00      0.12      0.00      0.00      0.00      0.12      0.00
08:52:23 PM      0.00      0.00      0.12      0.00      0.00      0.00      0.12      0.00
08:52:28 PM      0.00      0.00      0.12      0.00      0.00      0.00      0.12      0.00
08:52:33 PM      0.18      0.03      0.12     20.04      0.18      0.03      0.12     19.98
08:52:38 PM     10.51      2.55      0.67     13.57     10.51      2.55      0.67     13.56
08:52:43 PM      7.05      2.39      0.66      0.00      7.05      2.39      0.66      0.00
08:52:48 PM      3.87      2.16      0.65      0.00      3.87      2.16      0.65      0.00
08:52:53 PM      2.59      2.02      0.64      0.00      2.59      2.02      0.64      0.00
08:52:58 PM      1.57      1.86      0.63      0.59      1.57      1.86      0.63      0.59
08:53:03 PM      1.05      1.74      0.62      0.01      1.05      1.74      0.62      0.01
08:53:08 PM      0.57      1.57      0.61      0.10      0.57      1.57      0.61      0.10
08:53:13 PM      0.38      1.47      0.60      0.00      0.38      1.47      0.60      0.00
08:53:18 PM      0.21      1.33      0.59      0.00      0.21      1.33      0.59      0.00
08:53:23 PM      0.14      1.24      0.58      0.00      0.14      1.24      0.58      0.00
08:53:28 PM      3.78      1.91      0.74     10.35      3.78      1.91      0.74     10.34
08:53:33 PM      2.53      1.79      0.73      0.00      2.53      1.79      0.73      0.00
08:53:38 PM      1.39      1.62      0.71      0.00      1.39      1.62      0.71      0.00
08:53:43 PM      0.93      1.51      0.70      0.00      0.93      1.51      0.70      0.00
08:53:48 PM      0.51      1.37      0.69      0.00      0.51      1.37      0.69      0.00
08:53:53 PM      0.34      1.28      0.68      0.00      0.34      1.28      0.68      0.00
08:53:58 PM      0.18      1.16      0.66      0.00      0.18      1.16      0.66      0.00
08:54:03 PM      0.12      1.08      0.65      0.00      0.12      1.08      0.65      0.00
08:54:08 PM      0.06      0.98      0.64      0.00      0.06      0.98      0.64      0.00
08:54:13 PM      0.04      0.91      0.63      0.00      0.04      0.91      0.63      0.00
08:54:18 PM      0.02      0.83      0.62      0.00      0.02      0.83      0.62      0.00
08:54:23 PM      0.01      0.77      0.61      0.00      0.01      0.77      0.61      0.00
08:54:28 PM      0.00      0.70      0.59      0.02      0.00      0.70      0.59      0.02
08:54:33 PM      7.25      1.96      0.86     28.24      7.25      1.96      0.86     28.21
08:54:38 PM      7.62      2.69      1.04      0.00      7.62      2.69      1.04      0.00
08:54:43 PM      5.11      2.52      1.03      0.00      5.11      2.52      1.03      0.00
08:54:48 PM      2.80      2.28      1.01      0.01      2.80      2.28      1.01      0.01
08:54:53 PM      1.88      2.13      0.99      0.00      1.88      2.13      0.99      0.00
08:54:58 PM      5.85      2.81      1.16     11.72      5.85      2.81      1.16     11.72
08:55:03 PM      3.92      2.63      1.14      0.00      3.92      2.63      1.14      0.00
08:55:08 PM      2.15      2.38      1.12      0.00      2.15      2.38      1.12      0.00
08:55:13 PM      1.44      2.22      1.10      0.08      1.44      2.22      1.10      0.08
08:55:18 PM      0.79      2.01      1.08      0.00      0.79      2.01      1.08      0.00
08:55:23 PM      0.53      1.88      1.06      0.01      0.53      1.88      1.06      0.01
08:55:28 PM      0.29      1.70      1.04      0.00      0.29      1.70      1.04      0.00
08:55:33 PM      1.38      1.84      1.08      3.25      1.38      1.84      1.08      3.25
08:55:38 PM      0.75      1.67      1.06      0.00      0.75      1.67      1.06      0.00
08:55:43 PM      0.50      1.56      1.04      0.00      0.50      1.56      1.04      0.00
08:55:48 PM      0.27      1.41      1.02      0.00      0.27      1.41      1.02      0.00
08:55:53 PM      0.18      1.32      1.01      0.00      0.18      1.32      1.01      0.00
08:55:58 PM      0.10      1.19      0.98      0.00      0.10      1.19      0.98      0.00
08:56:03 PM      0.06      1.11      0.97      0.00      0.06      1.11      0.97      0.00
08:56:08 PM      0.03      1.01      0.95      0.00      0.03      1.01      0.95      0.00
08:56:13 PM      0.02      0.94      0.94      0.00      0.02      0.94      0.94      0.00
08:56:18 PM      0.01      0.85      0.92      0.00      0.01      0.85      0.92      0.00
08:56:23 PM      0.00      0.80      0.90      0.00      0.00      0.80      0.90      0.00
08:56:28 PM      0.00      0.72      0.88      0.00      0.00      0.72      0.88      0.00
08:56:33 PM      0.00      0.67      0.87      0.00      0.00      0.67      0.87      0.00
08:56:38 PM      0.00      0.61      0.85      0.00      0.00      0.61      0.85      0.00
08:56:43 PM      0.00      0.57      0.84      0.00      0.00      0.57      0.84      0.00
08:56:48 PM      0.00      0.51      0.82      0.00      0.00      0.51      0.82      0.00
08:56:53 PM      0.00      0.48      0.81      0.00      0.00      0.48      0.81      0.00
08:56:58 PM      0.00      0.43      0.79      0.00      0.00      0.43      0.79      0.00
08:57:03 PM      0.18      0.44      0.79      0.45      0.18      0.44      0.79      0.45
08:57:08 PM      0.09      0.39      0.77      0.00      0.09      0.39      0.77      0.00
08:57:13 PM      0.24      0.40      0.77      0.74      0.24      0.40      0.77      0.74
08:57:18 PM      0.13      0.36      0.75      0.00      0.13      0.36      0.75      0.00
08:57:23 PM      0.09      0.34      0.74      0.00      0.09      0.34      0.74      0.00
08:57:28 PM     11.28      2.33      1.15     24.93     11.28      2.33      1.15     24.93
08:57:33 PM      7.56      2.18      1.13      0.00      7.56      2.18      1.13      0.00
08:57:38 PM      4.15      1.97      1.11      0.00      4.15      1.97      1.11      0.00
08:57:43 PM      2.78      1.85      1.09      0.00      2.78      1.85      1.09      0.00
08:57:48 PM      1.52      1.67      1.07      0.00      1.52      1.67      1.07      0.00
08:57:53 PM      1.02      1.56      1.06      0.00      1.02      1.56      1.06      0.00
08:57:58 PM      0.56      1.41      1.03      0.00      0.56      1.41      1.03      0.00
08:58:03 PM      0.37      1.32      1.02      0.00      0.37      1.32      1.02      0.00
08:58:08 PM      0.20      1.19      1.00      0.00      0.20      1.19      1.00      0.00
08:58:13 PM      0.13      1.12      0.98      0.00      0.13      1.12      0.98      0.00
08:58:18 PM      0.07      1.01      0.96      0.00      0.07      1.01      0.96      0.00
08:58:23 PM      0.04      0.94      0.95      0.00      0.04      0.94      0.95      0.00
08:58:28 PM      0.02      0.85      0.93      0.00      0.02      0.85      0.93      0.00
08:58:33 PM      0.01      0.80      0.91      0.00      0.01      0.80      0.91      0.00
08:58:38 PM      0.00      0.72      0.90      0.00      0.00      0.72      0.90      0.00
08:58:43 PM      0.00      0.67      0.88      0.00      0.00      0.67      0.88      0.00
08:58:48 PM      0.00      0.61      0.86      0.00      0.00      0.61      0.86      0.00
08:58:53 PM      0.00      0.57      0.85      0.00      0.00      0.57      0.85      0.00
08:58:58 PM      0.00      0.51      0.83      0.00      0.00      0.51      0.83      0.00
08:59:03 PM      0.00      0.48      0.82      0.00      0.00      0.48      0.82      0.00
08:59:08 PM      0.00      0.43      0.80      0.00      0.00      0.43      0.80      0.00
08:59:13 PM      0.00      0.40      0.79      0.00      0.00      0.40      0.79      0.00
08:59:18 PM      0.00      0.36      0.78      0.00      0.00      0.36      0.78      0.00
08:59:23 PM      0.00      0.34      0.76      0.00      0.00      0.34      0.76      0.00
08:59:28 PM      0.00      0.31      0.75      0.00      0.00      0.31      0.75      0.00
08:59:33 PM      0.00      0.29      0.74      0.00      0.00      0.29      0.74      0.00
08:59:38 PM      0.00      0.26      0.72      0.00      0.00      0.26      0.72      0.00
08:59:43 PM      3.62      0.89      0.85     15.61      3.62      0.89      0.85     15.61
08:59:48 PM      4.05      1.33      0.95      0.00      4.05      1.33      0.95      0.00
08:59:53 PM      2.71      1.24      0.93      0.00      2.71      1.24      0.93      0.00
08:59:58 PM      1.49      1.12      0.91      0.00      1.49      1.12      0.91      0.00
09:00:03 PM      0.99      1.05      0.90      0.00      0.99      1.05      0.90      0.00
09:00:08 PM      0.54      0.95      0.88      0.00      0.54      0.95      0.88      0.00
09:00:13 PM      0.36      0.89      0.87      0.00      0.36      0.89      0.87      0.00
09:00:18 PM      0.20      0.80      0.85      0.00      0.20      0.80      0.85      0.00
09:00:23 PM      0.13      0.75      0.84      0.00      0.13      0.75      0.84      0.00
09:00:28 PM      0.07      0.68      0.82      0.00      0.07      0.68      0.82      0.00
09:00:33 PM      0.04      0.63      0.81      0.00      0.04      0.63      0.81      0.00
09:00:38 PM     11.53      2.69      1.23     28.89     11.53      2.69      1.23     28.89
09:00:43 PM      8.92      2.77      1.27      1.13      8.92      2.77      1.27      1.13
09:00:48 PM      4.89      2.51      1.25      0.00      4.89      2.51      1.25      0.00
09:00:53 PM      3.28      2.34      1.23      0.00      3.28      2.34      1.23      0.00
09:00:58 PM      1.80      2.12      1.20      0.00      1.80      2.12      1.20      0.00
09:01:03 PM      1.20      1.98      1.18      0.00      1.20      1.98      1.18      0.00
09:01:08 PM      0.66      1.79      1.16      0.00      0.66      1.79      1.16      0.00
09:01:13 PM      0.44      1.68      1.14      0.00      0.44      1.68      1.14      0.00
09:01:18 PM      0.24      1.52      1.12      0.00      0.24      1.52      1.12      0.00
09:01:23 PM      0.16      1.42      1.10      0.00      0.16      1.42      1.10      0.00
09:01:28 PM      1.53      1.54      1.14      6.19      1.53      1.54      1.14      6.18
09:01:33 PM     11.46      3.58      1.58     24.98     11.46      3.58      1.58     24.97
09:01:38 PM      6.29      3.24      1.54      0.00      6.29      3.24      1.54      0.00
09:01:43 PM      4.21      3.03      1.52      0.00      4.21      3.03      1.52      0.00
09:01:48 PM      2.31      2.74      1.49      0.11      2.31      2.74      1.49      0.11
09:01:53 PM      1.55      2.56      1.47      0.00      1.55      2.56      1.47      0.00
09:01:58 PM      0.85      2.32      1.44      0.06      0.85      2.32      1.44      0.06
09:02:03 PM      0.57      2.17      1.42      0.00      0.57      2.17      1.42      0.00
09:02:08 PM      0.31      1.96      1.39      0.14      0.31      1.96      1.39      0.14
09:02:13 PM      0.20      1.84      1.37      0.00      0.20      1.84      1.37      0.00
09:02:18 PM      0.11      1.66      1.34      0.00      0.11      1.66      1.34      0.00
09:02:23 PM      0.07      1.55      1.32      0.07      0.07      1.55      1.32      0.07
09:02:28 PM      0.04      1.40      1.29      0.00      0.04      1.40      1.29      0.00
09:02:33 PM      0.02      1.31      1.28      0.10      0.02      1.31      1.28      0.10
09:02:38 PM      0.01      1.19      1.25      0.00      0.01      1.19      1.25      0.00
09:02:43 PM      0.55      1.21      1.25      1.43      0.55      1.21      1.25      1.43
09:02:48 PM      0.30      1.09      1.23      0.00      0.30      1.09      1.23      0.00
09:02:53 PM      0.20      1.02      1.21      0.00      0.20      1.02      1.21      0.00
09:02:58 PM      0.11      0.92      1.18      0.00      0.11      0.92      1.18      0.00
09:03:03 PM      0.07      0.86      1.17      0.11      0.07      0.86      1.17      0.11
09:03:08 PM      0.03      0.78      1.14      0.00      0.03      0.78      1.14      0.00
09:03:13 PM      0.02      0.73      1.13      0.10      0.02      0.73      1.13      0.10
09:03:18 PM      0.01      0.66      1.10      0.00      0.01      0.66      1.10      0.00
09:03:23 PM      0.00      0.61      1.09      0.07      0.00      0.61      1.09      0.07
09:03:28 PM      0.00      0.56      1.06      0.00      0.00      0.56      1.06      0.00
09:03:33 PM      0.00      0.52      1.05      0.04      0.00      0.52      1.05      0.04
09:03:38 PM      0.00      0.47      1.03      0.00      0.00      0.47      1.03      0.00
09:03:43 PM      0.00      0.44      1.01      0.01      0.00      0.44      1.01      0.01
09:03:48 PM      0.00      0.39      0.99      0.00      0.00      0.39      0.99      0.00
09:03:53 PM      0.00      0.37      0.98      0.09      0.00      0.37      0.98      0.09
09:03:58 PM      0.00      0.33      0.96      0.00      0.00      0.33      0.96      0.00
09:04:03 PM      0.00      0.31      0.94      0.12      0.00      0.31      0.94      0.12
09:04:08 PM      0.00      0.28      0.92      0.00      0.00      0.28      0.92      0.00
09:04:13 PM      0.00      0.26      0.91      0.10      0.00      0.26      0.91      0.10
09:04:18 PM      0.00      0.23      0.89      0.00      0.00      0.23      0.89      0.00
09:04:23 PM      0.00      0.22      0.88      0.08      0.00      0.22      0.88      0.08
09:04:28 PM      0.00      0.20      0.86      0.00      0.00      0.20      0.86      0.00
09:04:33 PM      0.00      0.18      0.85      0.08      0.00      0.18      0.85      0.08
09:04:38 PM      0.00      0.16      0.83      0.00      0.00      0.16      0.83      0.00
09:04:43 PM      0.00      0.15      0.82      0.11      0.00      0.15      0.82      0.11
09:04:48 PM      0.00      0.14      0.80      0.01      0.00      0.14      0.80      0.01
09:04:53 PM      0.00      0.13      0.79      0.09      0.00      0.13      0.79      0.09
09:04:58 PM      0.00      0.11      0.77      0.00      0.00      0.11      0.77      0.00
09:05:03 PM      0.00      0.11      0.76      0.22      0.00      0.11      0.76      0.22
09:05:08 PM      0.00      0.10      0.74      0.00      0.00      0.10      0.74      0.00
09:05:13 PM      0.00      0.09      0.73      0.05      0.00      0.09      0.73      0.05
09:05:18 PM      0.00      0.08      0.72      0.00      0.00      0.08      0.72      0.00
09:05:23 PM      0.00      0.07      0.71      0.05      0.00      0.07      0.71      0.05
09:05:28 PM      0.00      0.06      0.69      0.00      0.00      0.06      0.69      0.00
09:05:33 PM      0.00      0.06      0.68      0.02      0.00      0.06      0.68      0.02
09:05:38 PM      0.00      0.05      0.67      0.00      0.00      0.05      0.67      0.00
09:05:43 PM      0.00      0.05      0.66      0.15      0.00      0.05      0.66      0.15
09:05:48 PM      0.00      0.04      0.64      0.00      0.00      0.04      0.64      0.00
09:05:53 PM      0.00      0.04      0.63      0.00      0.00      0.04      0.63      0.00
09:05:58 PM      0.00      0.03      0.62      0.15      0.00      0.03      0.62      0.15
09:06:03 PM      0.00      0.03      0.61      0.00      0.00      0.03      0.61      0.00
09:06:08 PM      0.00      0.03      0.60      0.13      0.00      0.03      0.60      0.13
09:06:13 PM      0.00      0.02      0.59      0.00      0.00      0.02      0.59      0.00
09:06:18 PM      0.00      0.02      0.58      0.32      0.00      0.02      0.58      0.32
09:06:23 PM      0.00      0.02      0.57      0.00      0.00      0.02      0.57      0.00
09:06:28 PM      0.00      0.02      0.56      0.12      0.00      0.02      0.56      0.12
09:06:33 PM      0.00      0.01      0.55      0.00      0.00      0.01      0.55      0.00
09:06:38 PM      0.00      0.01      0.54      0.06      0.00      0.01      0.54      0.06
09:06:43 PM      0.00      0.01      0.53      0.00      0.00      0.01      0.53      0.00
09:06:48 PM      0.00      0.01      0.52      0.01      0.00      0.01      0.52      0.01
09:06:53 PM      0.00      0.01      0.51      0.00      0.00      0.01      0.51      0.00
09:06:58 PM      0.00      0.01      0.50      0.00      0.00      0.01      0.50      0.00
09:07:03 PM      0.00      0.00      0.49      0.00      0.00      0.00      0.49      0.00
09:07:08 PM      0.00      0.00      0.48      0.00      0.00      0.00      0.48      0.00
09:07:13 PM      0.00      0.00      0.47      0.00      0.00      0.00      0.47      0.00
09:07:18 PM      0.00      0.00      0.46      0.00      0.00      0.00      0.46      0.00
09:07:23 PM      0.00      0.00      0.45      0.00      0.00      0.00      0.45      0.00
09:07:28 PM      0.00      0.00      0.44      0.01      0.00      0.00      0.44      0.01
09:07:33 PM      0.00      0.00      0.44      0.00      0.00      0.00      0.44      0.00
09:07:38 PM      0.00      0.00      0.43      0.04      0.00      0.00      0.43      0.04
09:07:43 PM      0.00      0.00      0.42      0.00      0.00      0.00      0.42      0.00
09:07:48 PM      0.00      0.00      0.41      0.30      0.00      0.00      0.41      0.30
09:07:53 PM      0.00      0.00      0.41      0.00      0.00      0.00      0.41      0.00
09:07:58 PM      0.00      0.00      0.40      0.00      0.00      0.00      0.40      0.00
09:08:03 PM      0.00      0.00      0.39      0.00      0.00      0.00      0.39      0.00
09:08:08 PM      0.00      0.00      0.38      0.00      0.00      0.00      0.38      0.00
09:08:13 PM      0.00      0.00      0.38      0.00      0.00      0.00      0.38      0.00
09:08:18 PM      0.00      0.00      0.37      0.00      0.00      0.00      0.37      0.00
09:08:23 PM      0.00      0.00      0.36      0.00      0.00      0.00      0.36      0.00
09:08:28 PM      0.00      0.00      0.35      0.00      0.00      0.00      0.35      0.00
09:08:33 PM      0.00      0.00      0.35      0.00      0.00      0.00      0.35      0.00
09:08:38 PM      0.00      0.00      0.34      0.00      0.00      0.00      0.34      0.00
09:08:43 PM      0.00      0.00      0.34      0.00      0.00      0.00      0.34      0.00
09:08:48 PM      0.00      0.00      0.33      0.00      0.00      0.00      0.33      0.00
09:08:53 PM      0.00      0.00      0.32      0.00      0.00      0.00      0.32      0.00
09:08:58 PM      0.72      0.13      0.34      2.35      0.72      0.13      0.34      2.35
09:09:03 PM     10.29      2.13      0.77     24.77     10.29      2.13      0.77     24.76
09:09:08 PM      5.64      1.92      0.75      0.18      5.64      1.92      0.75      0.18
09:09:13 PM      3.78      1.80      0.74      0.00      3.78      1.80      0.74      0.00
09:09:18 PM      2.44      1.69      0.74      0.90      2.44      1.69      0.74      0.90
09:09:23 PM      1.63      1.58      0.73      0.00      1.63      1.58      0.73      0.00
09:09:28 PM      0.89      1.43      0.71      0.00      0.89      1.43      0.71      0.00
09:09:33 PM      0.60      1.34      0.70      0.02      0.60      1.34      0.70      0.02
09:09:38 PM     20.66      5.20      1.53     49.79     20.51      5.17      1.53     49.78
09:09:43 PM     14.00      4.89      1.52      1.15     13.90      4.86      1.51      1.15
09:09:48 PM     38.25     10.73      2.83     79.35     38.05     10.67      2.82     79.03
09:09:53 PM     35.09     11.93      3.20     27.38     34.95     11.87      3.18     27.31
09:09:58 PM     21.39     11.32      3.25      3.38     21.31     11.27      3.23      3.38
09:10:03 PM     14.34     10.59      3.20      0.00     14.29     10.54      3.19      0.00
09:10:08 PM      7.87      9.58      3.14      0.00      7.84      9.54      3.12      0.00
09:10:13 PM      5.27      8.96      3.09      0.00      5.26      8.92      3.08      0.00
09:10:18 PM      2.89      8.11      3.03      0.00      2.88      8.07      3.02      0.00
09:10:23 PM      1.94      7.59      2.99      0.00      1.93      7.55      2.97      0.00
09:10:28 PM      4.41      7.54      3.07      8.77      4.40      7.51      3.06      8.76
09:10:33 PM      2.95      7.05      3.03      0.07      2.95      7.02      3.02      0.06
09:10:38 PM      1.77      6.41      2.97      0.58      1.77      6.39      2.96      0.51
09:10:43 PM      1.18      6.00      2.93      0.00      1.18      5.98      2.92      0.00
09:10:48 PM      0.65      5.43      2.87      0.00      0.65      5.41      2.86      0.00
09:10:53 PM      0.43      5.08      2.83      0.00      0.43      5.06      2.82      0.00
09:10:58 PM      0.23      4.60      2.77      0.00      0.23      4.58      2.76      0.00
09:11:03 PM      0.15      4.30      2.73      0.00      0.15      4.28      2.72      0.00
09:11:08 PM      0.08      3.89      2.68      0.00      0.08      3.87      2.67      0.00
09:11:13 PM      0.05      3.64      2.64      0.80      0.05      3.62      2.63      0.79
09:11:18 PM      0.27      3.35      2.60      0.00      0.15      3.31      2.58      0.00
09:11:23 PM      0.18      3.14      2.56      0.04      0.10      3.10      2.55      0.04
09:11:28 PM      0.10      2.84      2.51      0.12      0.05      2.80      2.49      0.12
09:11:33 PM      0.06      2.65      2.47      0.00      0.03      2.62      2.46      0.00
09:11:38 PM      0.04      2.48      2.44      0.00      0.02      2.45      2.43      0.00
09:11:43 PM      0.02      2.25      2.39      0.00      0.01      2.22      2.38      0.00
09:11:48 PM      0.01      2.10      2.36      0.00      0.00      2.07      2.34      0.00
09:11:53 PM      0.00      1.90      2.31      0.00      0.00      1.88      2.29      0.00
09:11:58 PM      0.00      1.78      2.28      0.00      0.00      1.75      2.26      0.00
09:12:03 PM      0.00      1.61      2.23      0.00      0.00      1.59      2.22      0.00
09:12:08 PM      0.00      1.50      2.20      0.00      0.00      1.48      2.18      0.00
09:12:13 PM      0.00      1.36      2.15      0.00      0.00      1.34      2.14      0.00
09:12:18 PM      0.00      1.27      2.12      0.00      0.00      1.25      2.11      0.00
09:12:23 PM      0.00      1.15      2.08      0.12      0.00      1.13      2.07      0.08
09:12:28 PM      0.00      1.07      2.05      0.00      0.00      1.06      2.04      0.00
09:12:33 PM      0.00      0.97      2.01      0.00      0.00      0.96      2.00      0.00
09:12:38 PM      0.00      0.91      1.98      0.00      0.00      0.90      1.97      0.00
09:12:43 PM      0.00      0.82      1.94      0.00      0.00      0.81      1.93      0.00
09:12:48 PM      0.00      0.77      1.91      0.00      0.00      0.76      1.90      0.00
09:12:53 PM      0.00      0.69      1.87      0.00      0.00      0.68      1.86      0.00
09:12:58 PM      0.00      0.65      1.85      0.00      0.00      0.64      1.83      0.00
09:13:03 PM      0.00      0.58      1.81      0.00      0.00      0.58      1.80      0.00
09:13:08 PM      0.00      0.55      1.78      0.00      0.00      0.54      1.77      0.00
09:13:13 PM      0.00      0.49      1.74      0.00      0.00      0.49      1.73      0.00
09:13:18 PM      0.00      0.46      1.72      0.00      0.00      0.45      1.71      0.00
09:13:23 PM      0.00      0.41      1.68      0.00      0.00      0.41      1.67      0.00
09:13:28 PM      0.00      0.39      1.66      0.00      0.00      0.38      1.65      0.00
09:13:33 PM      0.00      0.35      1.63      0.00      0.00      0.35      1.62      0.00
09:13:38 PM      0.00      0.33      1.60      0.00      0.00      0.32      1.59      0.00
09:13:43 PM      0.00      0.29      1.57      0.00      0.00      0.29      1.56      0.00
09:13:48 PM      0.00      0.27      1.55      0.00      0.00      0.27      1.54      0.00
09:13:53 PM      0.00      0.25      1.52      0.00      0.00      0.24      1.51      0.00
09:13:58 PM      0.00      0.23      1.49      0.00      0.00      0.23      1.48      0.00
09:14:03 PM      5.30      1.29      1.70     13.87      5.30      1.29      1.69     13.87
09:14:08 PM      3.55      1.21      1.67      0.01      3.55      1.21      1.66      0.01
09:14:13 PM      1.95      1.09      1.64      0.30      1.95      1.09      1.63      0.30
09:14:18 PM      1.30      1.02      1.61      0.03      1.30      1.02      1.60      0.03
09:14:23 PM      0.71      0.92      1.58      0.00      0.71      0.92      1.57      0.00
09:14:28 PM      0.48      0.86      1.56      0.00      0.48      0.86      1.55      0.00
09:14:33 PM      0.26      0.78      1.53      0.00      0.26      0.78      1.52      0.00
09:14:38 PM      0.17      0.73      1.50      0.00      0.17      0.73      1.50      0.00
09:14:43 PM      0.09      0.66      1.47      0.00      0.09      0.66      1.46      0.00
09:14:48 PM      0.06      0.61      1.45      0.00      0.06      0.61      1.44      0.00
09:14:53 PM      0.03      0.56      1.42      0.00      0.03      0.55      1.41      0.00
09:14:58 PM      0.02      0.52      1.40      0.05      0.02      0.52      1.39      0.05
09:15:03 PM      0.01      0.47      1.37      0.00      0.01      0.47      1.36      0.00
09:15:08 PM      0.00      0.44      1.35      0.13      0.00      0.44      1.35      0.13
09:15:13 PM      0.00      0.39      1.33      0.00      0.00      0.39      1.32      0.00
09:15:18 PM      0.00      0.37      1.31      0.15      0.00      0.37      1.30      0.15
09:15:23 PM      0.00      0.33      1.28      0.00      0.00      0.33      1.27      0.00
09:15:28 PM      0.00      0.31      1.26      0.01      0.00      0.31      1.25      0.01
09:15:33 PM      4.74      1.29      1.45     12.88      4.74      1.29      1.45     12.88
09:15:38 PM      3.18      1.21      1.43      0.00      3.18      1.21      1.42      0.00
09:15:43 PM      1.74      1.09      1.40      0.00      1.74      1.09      1.39      0.00
09:15:48 PM      1.17      1.02      1.38      0.00      1.17      1.02      1.38      0.00
09:15:53 PM      0.64      0.92      1.35      0.05      0.64      0.92      1.35      0.05
09:15:58 PM      0.43      0.86      1.33      0.02      0.43      0.86      1.33      0.02
09:16:03 PM      0.23      0.78      1.31      0.00      0.23      0.78      1.30      0.00
09:16:08 PM      0.15      0.73      1.29      0.00      0.15      0.73      1.28      0.00
09:16:13 PM      0.08      0.66      1.26      0.00      0.08      0.66      1.25      0.00
09:16:18 PM      0.05      0.62      1.24      0.07      0.05      0.61      1.24      0.07
09:16:23 PM      0.03      0.56      1.22      0.00      0.03      0.56      1.21      0.00
09:16:28 PM      0.02      0.52      1.20      0.00      0.02      0.52      1.19      0.00
09:16:33 PM      0.01      0.47      1.18      0.00      0.01      0.47      1.17      0.00
09:16:38 PM      0.00      0.44      1.16      0.00      0.00      0.44      1.15      0.00
09:16:43 PM      0.00      0.40      1.13      0.00      0.00      0.39      1.13      0.00
09:16:48 PM      0.00      0.37      1.12      0.00      0.00      0.37      1.11      0.00
09:16:53 PM      0.00      0.33      1.10      0.00      0.00      0.33      1.09      0.00
09:16:58 PM      0.00      0.31      1.08      0.00      0.00      0.31      1.07      0.00
09:17:03 PM      0.00      0.28      1.06      0.00      0.00      0.28      1.05      0.00
09:17:08 PM      0.00      0.26      1.04      1.06      0.00      0.26      1.04      1.06
09:17:13 PM      0.24      0.30      1.03      0.00      0.24      0.30      1.03      0.00
09:17:18 PM      0.16      0.28      1.02      0.00      0.16      0.28      1.01      0.00
09:17:23 PM      0.08      0.25      1.00      0.00      0.08      0.25      0.99      0.00
09:17:28 PM      0.05      0.23      0.98      0.00      0.05      0.23      0.98      0.00
09:17:33 PM      0.03      0.21      0.96      0.08      0.03      0.21      0.96      0.08
09:17:38 PM      0.02      0.20      0.95      0.00      0.02      0.20      0.94      0.00
09:17:43 PM      0.01      0.18      0.93      0.00      0.01      0.18      0.92      0.00
09:17:48 PM      0.00      0.16      0.92      0.00      0.00      0.16      0.91      0.00
09:17:53 PM      0.00      0.15      0.90      0.00      0.00      0.15      0.89      0.00
09:17:58 PM      0.00      0.14      0.88      0.00      0.00      0.14      0.88      0.00
09:18:03 PM      0.00      0.12      0.86      0.00      0.00      0.12      0.86      0.00
09:18:08 PM      0.36      0.18      0.87      3.27      0.36      0.18      0.86      3.27
09:18:13 PM      1.07      0.38      0.90      0.73      1.07      0.38      0.89      0.73
09:18:18 PM      0.72      0.35      0.88      0.01      0.72      0.35      0.88      0.01
09:18:23 PM      0.39      0.32      0.86      0.09      0.39      0.32      0.86      0.09
09:18:28 PM      0.26      0.30      0.85      0.00      0.26      0.30      0.85      0.00
09:18:33 PM      0.14      0.27      0.83      0.03      0.14      0.27      0.83      0.03
09:18:38 PM      0.09      0.25      0.82      0.00      0.09      0.25      0.82      0.00
09:18:43 PM      0.05      0.22      0.80      0.16      0.05      0.22      0.80      0.16
09:18:48 PM      0.03      0.21      0.79      0.00      0.03      0.21      0.79      0.00
09:18:53 PM      0.01      0.19      0.78      0.23      0.01      0.19      0.77      0.23
09:18:58 PM      0.01      0.18      0.76      0.01      0.01      0.18      0.76      0.01
09:19:03 PM      0.00      0.16      0.75      0.19      0.00      0.16      0.74      0.19
09:19:08 PM      0.00      0.15      0.74      0.00      0.00      0.15      0.73      0.00
09:19:13 PM      0.00      0.13      0.72      0.21      0.00      0.13      0.72      0.21
09:19:18 PM      0.00      0.12      0.71      0.00      0.00      0.12      0.71      0.00
09:19:23 PM      0.00      0.11      0.70      0.14      0.00      0.11      0.69      0.14
09:19:28 PM      0.00      0.10      0.69      0.00      0.00      0.10      0.68      0.00
09:19:33 PM      0.00      0.09      0.67      0.27      0.00      0.09      0.67      0.27
09:19:38 PM      0.36      0.15      0.68      1.07      0.36      0.15      0.67      1.07
09:19:43 PM      0.19      0.14      0.66      0.21      0.19      0.13      0.66      0.21
09:19:48 PM      0.13      0.13      0.65      0.01      0.13      0.12      0.65      0.01
09:19:53 PM      0.07      0.11      0.64      0.14      0.07      0.11      0.63      0.14
09:19:58 PM      0.04      0.10      0.63      0.00      0.04      0.10      0.62      0.00
09:20:03 PM      0.02      0.09      0.61      0.00      0.02      0.09      0.61      0.00
09:20:08 PM      0.01      0.09      0.61      0.20      0.01      0.09      0.60      0.20
09:20:13 PM      0.00      0.08      0.59      0.00      0.00      0.08      0.59      0.00
09:20:18 PM      0.00      0.07      0.58      0.24      0.00      0.07      0.58      0.24
09:20:23 PM      0.00      0.06      0.57      0.00      0.00      0.06      0.57      0.00
09:20:28 PM      0.00      0.06      0.56      0.04      0.00      0.06      0.56      0.04
09:20:33 PM      0.00      0.05      0.55      0.00      0.00      0.05      0.55      0.00
09:20:38 PM      0.00      0.05      0.54      0.00      0.00      0.05      0.54      0.00
09:20:43 PM      0.00      0.04      0.53      0.00      0.00      0.04      0.53      0.00
09:20:48 PM      0.00      0.04      0.52      0.00      0.00      0.04      0.52      0.00
09:20:53 PM      0.00      0.03      0.51      0.00      0.00      0.03      0.51      0.00
09:20:58 PM      0.00      0.03      0.50      0.00      0.00      0.03      0.50      0.00
09:21:03 PM      0.00      0.03      0.49      0.00      0.00      0.03      0.49      0.00
09:21:08 PM      0.00      0.02      0.49      1.96      0.00      0.02      0.48      1.96
09:21:13 PM      0.84      0.24      0.52      1.04      0.84      0.24      0.52      1.04
09:21:18 PM      0.56      0.22      0.51      0.00      0.56      0.22      0.51      0.00
09:21:23 PM      0.31      0.20      0.50      0.00      0.31      0.20      0.50      0.00
09:21:28 PM      0.20      0.18      0.50      0.00      0.20      0.18      0.49      0.00
09:21:33 PM      0.11      0.16      0.48      0.00      0.11      0.16      0.48      0.00
09:21:38 PM      0.07      0.15      0.48      0.07      0.07      0.15      0.47      0.07
09:21:43 PM      0.04      0.14      0.47      0.00      0.04      0.14      0.46      0.00
09:21:48 PM      0.02      0.13      0.46      0.00      0.02      0.13      0.46      0.00
09:21:53 PM      0.01      0.11      0.45      0.00      0.01      0.11      0.45      0.00
09:21:58 PM      0.00      0.11      0.44      0.00      0.00      0.11      0.44      0.00
09:22:03 PM      0.00      0.10      0.43      0.00      0.00      0.10      0.43      0.00
09:22:08 PM      0.00      0.09      0.43      0.00      0.00      0.09      0.42      0.00
09:22:13 PM      0.00      0.08      0.42      0.02      0.00      0.08      0.41      0.02
09:22:18 PM      0.00      0.07      0.41      0.00      0.00      0.07      0.41      0.00
09:22:23 PM      0.00      0.06      0.40      0.00      0.00      0.06      0.40      0.00
09:22:28 PM      0.00      0.06      0.40      0.00      0.00      0.06      0.39      0.00
09:22:33 PM      0.00      0.05      0.39      0.00      0.00      0.05      0.39      0.00
09:22:38 PM      0.00      0.05      0.38      0.00      0.00      0.05      0.38      0.00
09:22:43 PM      0.00      0.04      0.37      0.00      0.00      0.04      0.37      0.00
09:22:48 PM      0.00      0.04      0.37      0.00      0.00      0.04      0.36      0.00
09:22:53 PM      0.00      0.03      0.36      0.00      0.00      0.03      0.36      0.00
09:22:58 PM      0.00      0.03      0.35      0.00      0.00      0.03      0.35      0.00
09:23:03 PM      0.00      0.03      0.35      0.00      0.00      0.03      0.34      0.00
09:23:08 PM      0.00      0.02      0.34      0.00      0.00      0.02      0.34      0.00
09:23:13 PM      0.00      0.02      0.33      0.00      0.00      0.02      0.33      0.00
09:23:18 PM      0.00      0.02      0.33      0.00      0.00      0.02      0.33      0.00
09:23:23 PM      0.00      0.02      0.32      0.00      0.00      0.02      0.32      0.00
09:23:28 PM      0.00      0.01      0.32      0.00      0.00      0.01      0.31      0.00
09:23:33 PM      0.00      0.01      0.31      0.00      0.00      0.01      0.31      0.00
09:23:38 PM      0.00      0.01      0.30      0.00      0.00      0.01      0.30      0.00
09:23:43 PM      0.00      0.01      0.30      0.00      0.00      0.01      0.29      0.00
09:23:48 PM      0.00      0.01      0.29      0.00      0.00      0.01      0.29      0.00
09:23:53 PM      0.00      0.01      0.28      0.02      0.00      0.01      0.28      0.02
09:23:58 PM      0.00      0.00      0.28      0.00      0.00      0.00      0.28      0.00
09:24:03 PM      0.00      0.00      0.27      0.00      0.00      0.00      0.27      0.00
Average:         0.38      0.37      0.35      0.39      0.38      0.37      0.35      0.39
