Linux 7.0.10-arch1-1 (archlinux) 	06/03/2026 	_x86_64_	(4 CPU)

03:39:50 AM   %sio-10   %sio-60  %sio-300      %sio   %fio-10   %fio-60  %fio-300      %fio
03:39:55 AM      0.00      0.11      0.07      0.16      0.00      0.08      0.05      0.10
03:40:00 AM      0.00      0.10      0.07      0.03      0.00      0.08      0.05      0.03
03:40:05 AM      0.00      0.09      0.06      0.01      0.00      0.07      0.05      0.01
03:40:10 AM      0.00      0.09      0.06      0.03      0.00      0.06      0.05      0.03
03:40:15 AM      0.00      0.08      0.06      0.01      0.00      0.06      0.05      0.01
03:40:20 AM      0.00      0.07      0.06      0.01      0.00      0.05      0.05      0.01
03:40:25 AM      0.00      0.06      0.06      0.02      0.00      0.04      0.05      0.02
03:40:30 AM      0.00      0.06      0.06      0.03      0.00      0.04      0.04      0.03
03:40:35 AM      0.00      0.05      0.06      0.03      0.00      0.04      0.04      0.03
03:40:40 AM      0.00      0.05      0.06      0.01      0.00      0.03      0.04      0.01
03:40:45 AM      0.00      0.04      0.05      0.02      0.00      0.03      0.04      0.02
03:40:50 AM      0.00      0.04      0.05      0.01      0.00      0.03      0.04      0.01
03:40:55 AM      0.00      0.03      0.05      0.00      0.00      0.02      0.04      0.00
03:41:00 AM      0.00      0.03      0.05      0.01      0.00      0.02      0.04      0.01
03:41:05 AM      0.00      0.03      0.05      0.03      0.00      0.02      0.04      0.03
03:41:10 AM      0.00      0.02      0.05      0.01      0.00      0.02      0.04      0.01
03:41:15 AM      0.00      0.02      0.05      0.01      0.00      0.01      0.03      0.01
03:41:20 AM      0.00      0.02      0.05      0.02      0.00      0.01      0.03      0.02
03:41:25 AM      0.00      0.02      0.04      0.01      0.00      0.01      0.03      0.01
03:41:30 AM      0.00      0.01      0.04      0.03      0.00      0.01      0.03      0.03
03:41:35 AM      0.00      0.01      0.04      0.04      0.00      0.01      0.03      0.04
03:41:40 AM      0.00      0.01      0.04      0.02      0.00      0.01      0.03      0.02
03:41:45 AM      0.00      0.01      0.04      0.05      0.00      0.00      0.03      0.05
03:41:50 AM      0.00      0.01      0.04      0.01      0.00      0.00      0.03      0.01
03:41:55 AM      0.00      0.01      0.04      0.01      0.00      0.00      0.02      0.01
03:42:00 AM      0.00      0.00      0.04      0.01      0.00      0.00      0.02      0.01
03:42:05 AM      0.00      0.00      0.04      0.01      0.00      0.00      0.02      0.01
03:42:10 AM      0.00      0.00      0.03      0.01      0.00      0.00      0.02      0.01
03:42:15 AM      0.00      0.00      0.03      0.03      0.00      0.00      0.02      0.03
03:42:20 AM      0.00      0.00      0.03      0.01      0.00      0.00      0.02      0.01
03:42:25 AM      0.00      0.00      0.03      0.01      0.00      0.00      0.02      0.01
03:42:30 AM      0.00      0.00      0.03      0.01      0.00      0.00      0.02      0.01
03:42:35 AM      0.00      0.00      0.03      0.01      0.00      0.00      0.01      0.01
03:42:40 AM      0.00      0.00      0.03      0.02      0.00      0.00      0.01      0.02
03:42:45 AM      0.00      0.00      0.03      0.01      0.00      0.00      0.01      0.01
03:42:50 AM      0.00      0.00      0.02      0.01      0.00      0.00      0.01      0.01
03:42:55 AM      0.00      0.00      0.02      0.01      0.00      0.00      0.01      0.01
03:43:00 AM      0.00      0.00      0.02      0.02      0.00      0.00      0.01      0.01
03:43:05 AM      0.00      0.00      0.02      0.02      0.00      0.00      0.01      0.02
03:43:10 AM      0.00      0.00      0.02      0.04      0.00      0.00      0.01      0.04
03:43:15 AM      0.00      0.00      0.02      0.04      0.00      0.00      0.00      0.04
03:43:20 AM      0.00      0.00      0.02      0.01      0.00      0.00      0.00      0.01
03:43:25 AM      0.00      0.00      0.02      0.04      0.00      0.00      0.00      0.04
03:43:30 AM      0.00      0.00      0.01      0.05      0.00      0.00      0.00      0.04
03:43:35 AM      0.00      0.00      0.01      0.01      0.00      0.00      0.00      0.01
03:43:40 AM      0.00      0.00      0.01      0.03      0.00      0.00      0.00      0.03
03:43:45 AM      0.00      0.00      0.01      0.01      0.00      0.00      0.00      0.01
03:43:50 AM      0.00      0.00      0.01      0.04      0.00      0.00      0.00      0.04
03:43:55 AM      0.00      0.00      0.01      0.00      0.00      0.00      0.00      0.00
03:44:00 AM      0.00      0.00      0.01      0.05      0.00      0.00      0.00      0.05
03:44:05 AM      0.00      0.00      0.01      0.02      0.00      0.00      0.00      0.02
03:44:10 AM      0.00      0.00      0.00      0.05      0.00      0.00      0.00      0.05
03:44:15 AM      0.00      0.00      0.00      0.01      0.00      0.00      0.00      0.01
03:44:20 AM      0.00      0.00      0.00      0.06      0.00      0.00      0.00      0.06
03:44:25 AM      0.00      0.00      0.00      0.01      0.00      0.00      0.00      0.01
03:44:30 AM      0.00      0.00      0.00      0.01      0.00      0.00      0.00      0.01
03:44:35 AM      0.00      0.00      0.00      0.03      0.00      0.00      0.00      0.03
03:44:40 AM      0.00      0.00      0.00      0.00      0.00      0.00      0.00      0.00
03:44:45 AM      0.00      0.00      0.00      0.02      0.00      0.00      0.00      0.02
03:44:50 AM      0.00      0.00      0.00      0.02      0.00      0.00      0.00      0.02
03:44:55 AM      0.00      0.00      0.00      0.01      0.00      0.00      0.00      0.01
03:45:00 AM      0.00      0.00      0.00      0.04      0.00      0.00      0.00      0.04
03:45:05 AM      0.00      0.00      0.00      0.02      0.00      0.00      0.00      0.02
03:45:10 AM      0.00      0.00      0.00      0.01      0.00      0.00      0.00      0.01
03:45:15 AM      0.00      0.00      0.00      0.00      0.00      0.00      0.00      0.00
03:45:20 AM      0.00      0.00      0.00      0.07      0.00      0.00      0.00      0.06
03:45:25 AM      0.00      0.00      0.00      0.00      0.00      0.00      0.00      0.00
03:45:30 AM      0.00      0.00      0.00      0.03      0.00      0.00      0.00      0.03
03:45:35 AM      0.00      0.00      0.00      0.01      0.00      0.00      0.00      0.01
03:45:40 AM      0.00      0.00      0.00      0.03      0.00      0.00      0.00      0.03
03:45:45 AM      0.00      0.00      0.00      0.02      0.00      0.00      0.00      0.02
03:45:50 AM      0.00      0.00      0.00      0.01      0.00      0.00      0.00      0.01
03:45:55 AM      0.00      0.00      0.00      0.02      0.00      0.00      0.00      0.02
03:46:00 AM      0.00      0.00      0.00      0.00      0.00      0.00      0.00      0.00
03:46:05 AM      0.00      0.00      0.00      0.02      0.00      0.00      0.00      0.02
03:46:10 AM      0.00      0.00      0.00      0.01      0.00      0.00      0.00      0.01
03:46:15 AM      0.00      0.00      0.00      0.01      0.00      0.00      0.00      0.01
03:46:20 AM      0.00      0.00      0.00      0.02      0.00      0.00      0.00      0.02
03:46:25 AM      0.00      0.00      0.00      0.03      0.00      0.00      0.00      0.03
03:46:30 AM      0.00      0.00      0.00      0.01      0.00      0.00      0.00      0.01
03:46:35 AM      0.00      0.00      0.00      0.03      0.00      0.00      0.00      0.03
03:46:40 AM      0.00      0.00      0.00      0.01      0.00      0.00      0.00      0.01
03:46:45 AM      0.00      0.00      0.00      0.01      0.00      0.00      0.00      0.01
03:46:50 AM      0.00      0.00      0.00      0.03      0.00      0.00      0.00      0.03
03:46:55 AM      0.00      0.00      0.00      0.01      0.00      0.00      0.00      0.01
03:47:00 AM      0.00      0.00      0.00      0.02      0.00      0.00      0.00      0.02
03:47:05 AM      0.00      0.00      0.00      0.00      0.00      0.00      0.00      0.00
03:47:10 AM      0.00      0.00      0.00      0.06      0.00      0.00      0.00      0.06
03:47:15 AM      0.00      0.00      0.00      0.01      0.00      0.00      0.00      0.01
03:47:20 AM      0.00      0.00      0.00      0.01      0.00      0.00      0.00      0.01
03:47:25 AM      0.00      0.00      0.00      0.01      0.00      0.00      0.00      0.01
03:47:30 AM      0.00      0.00      0.00      0.01      0.00      0.00      0.00      0.01
03:47:35 AM      0.00      0.00      0.00      0.08      0.00      0.00      0.00      0.08
03:47:40 AM      0.00      0.00      0.00      0.03      0.00      0.00      0.00      0.03
03:47:45 AM      0.00      0.00      0.00      0.01      0.00      0.00      0.00      0.01
03:47:50 AM      0.00      0.00      0.00      0.00      0.00      0.00      0.00      0.00
03:47:55 AM      0.00      0.00      0.00      0.02      0.00      0.00      0.00      0.02
03:48:00 AM      0.00      0.00      0.00      0.02      0.00      0.00      0.00      0.02
03:48:05 AM      0.00      0.00      0.00      0.01      0.00      0.00      0.00      0.01
03:48:10 AM      0.00      0.00      0.00      0.01      0.00      0.00      0.00      0.01
03:48:15 AM      0.00      0.00      0.00      0.00      0.00      0.00      0.00      0.00
03:48:20 AM      0.00      0.00      0.00      0.03      0.00      0.00      0.00      0.03
03:48:25 AM      0.00      0.00      0.00      0.01      0.00      0.00      0.00      0.01
03:48:30 AM      0.00      0.00      0.00      0.06      0.00      0.00      0.00      0.06
03:48:35 AM      0.00      0.00      0.00      0.02      0.00      0.00      0.00      0.02
03:48:40 AM      0.00      0.00      0.00      0.03      0.00      0.00      0.00      0.03
03:48:45 AM      0.00      0.00      0.00      0.03      0.00      0.00      0.00      0.03
03:48:50 AM      0.00      0.00      0.00      0.01      0.00      0.00      0.00      0.01
03:48:55 AM      0.00      0.00      0.00      0.04      0.00      0.00      0.00      0.04
03:49:00 AM      0.00      0.00      0.00      0.01      0.00      0.00      0.00      0.01
03:49:05 AM      0.00      0.00      0.00      0.02      0.00      0.00      0.00      0.02
03:49:10 AM      0.00      0.00      0.00      0.02      0.00      0.00      0.00      0.02
03:49:15 AM      0.00      0.00      0.00      0.05      0.00      0.00      0.00      0.05
03:49:20 AM      0.00      0.00      0.00      0.03      0.00      0.00      0.00      0.03
03:49:25 AM      0.00      0.00      0.00      0.08      0.00      0.00      0.00      0.08
03:49:30 AM      0.00      0.00      0.00      0.01      0.00      0.00      0.00      0.01
03:49:35 AM      0.00      0.00      0.00      0.04      0.00      0.00      0.00      0.04
03:49:40 AM      0.00      0.00      0.00      0.02      0.00      0.00      0.00      0.02
03:49:45 AM      0.00      0.00      0.00      0.01      0.00      0.00      0.00      0.01
03:49:50 AM      0.00      0.00      0.00      0.03      0.00      0.00      0.00      0.03
03:49:55 AM      0.00      0.00      0.00      0.02      0.00      0.00      0.00      0.02
03:50:00 AM      0.00      0.00      0.00      0.05      0.00      0.00      0.00      0.05
03:50:05 AM      0.00      0.00      0.00      0.02      0.00      0.00      0.00      0.02
03:50:10 AM      0.00      0.00      0.00      0.01      0.00      0.00      0.00      0.01
03:50:15 AM      0.00      0.00      0.00      0.02      0.00      0.00      0.00      0.02
03:50:20 AM      0.00      0.00      0.00      0.01      0.00      0.00      0.00      0.01
03:50:25 AM      0.00      0.00      0.00      0.02      0.00      0.00      0.00      0.02
03:50:30 AM      0.00      0.00      0.00      0.01      0.00      0.00      0.00      0.01
03:50:35 AM      0.00      0.00      0.00      0.02      0.00      0.00      0.00      0.02
03:50:40 AM      0.00      0.00      0.00      0.03      0.00      0.00      0.00      0.03
03:50:45 AM      0.00      0.00      0.00      0.03      0.00      0.00      0.00      0.03
03:50:50 AM      0.00      0.00      0.00      0.01      0.00      0.00      0.00      0.01
03:50:55 AM      0.00      0.00      0.00      0.01      0.00      0.00      0.00      0.01
03:51:00 AM      0.00      0.00      0.00      0.02      0.00      0.00      0.00      0.02
03:51:05 AM      0.00      0.00      0.00      0.01      0.00      0.00      0.00      0.01
03:51:10 AM      0.00      0.00      0.00      0.03      0.00      0.00      0.00      0.03
03:51:15 AM      0.00      0.00      0.00      0.03      0.00      0.00      0.00      0.03
03:51:20 AM      0.00      0.00      0.00      0.03      0.00      0.00      0.00      0.03
03:51:25 AM      0.00      0.00      0.00      0.01      0.00      0.00      0.00      0.01
03:51:30 AM      0.00      0.00      0.00      0.01      0.00      0.00      0.00      0.01
03:51:35 AM      0.00      0.00      0.00      0.01      0.00      0.00      0.00      0.01
03:51:40 AM      0.00      0.00      0.00      0.06      0.00      0.00      0.00      0.06
03:51:45 AM      0.00      0.00      0.00      0.05      0.00      0.00      0.00      0.05
03:51:50 AM      0.00      0.00      0.00      0.02      0.00      0.00      0.00      0.02
03:51:55 AM      0.00      0.00      0.00      0.02      0.00      0.00      0.00      0.02
03:52:00 AM      0.00      0.00      0.00      0.00      0.00      0.00      0.00      0.00
03:52:05 AM      0.00      0.00      0.00      0.00      0.00      0.00      0.00      0.00
03:52:10 AM      0.00      0.00      0.00      0.01      0.00      0.00      0.00      0.01
03:52:15 AM      0.00      0.00      0.00      0.04      0.00      0.00      0.00      0.04
03:52:20 AM      0.00      0.00      0.00      0.01      0.00      0.00      0.00      0.01
03:52:25 AM      0.00      0.00      0.00      0.02      0.00      0.00      0.00      0.02
03:52:30 AM      0.00      0.00      0.00      0.02      0.00      0.00      0.00      0.02
03:52:35 AM      0.00      0.00      0.00      0.02      0.00      0.00      0.00      0.02
03:52:40 AM      0.00      0.00      0.00      0.01      0.00      0.00      0.00      0.01
03:52:45 AM      0.00      0.00      0.00      0.01      0.00      0.00      0.00      0.01
03:52:50 AM      0.00      0.00      0.00      0.06      0.00      0.00      0.00      0.06
03:52:55 AM      0.00      0.00      0.00      0.02      0.00      0.00      0.00      0.02
03:53:00 AM      0.00      0.00      0.00      0.05      0.00      0.00      0.00      0.05
03:53:05 AM      0.00      0.00      0.00      0.04      0.00      0.00      0.00      0.04
03:53:10 AM      0.00      0.00      0.00      0.02      0.00      0.00      0.00      0.02
03:53:15 AM      0.00      0.00      0.00      0.01      0.00      0.00      0.00      0.01
03:53:20 AM      0.00      0.00      0.00      0.01      0.00      0.00      0.00      0.01
03:53:25 AM      0.00      0.00      0.00      0.02      0.00      0.00      0.00      0.02
03:53:30 AM      0.00      0.00      0.00      0.02      0.00      0.00      0.00      0.02
03:53:35 AM      0.00      0.00      0.00      0.02      0.00      0.00      0.00      0.02
03:53:40 AM      0.00      0.00      0.00      0.01      0.00      0.00      0.00      0.01
03:53:45 AM      0.00      0.00      0.00      0.04      0.00      0.00      0.00      0.04
03:53:50 AM      0.00      0.00      0.00      0.01      0.00      0.00      0.00      0.01
03:53:55 AM      0.00      0.00      0.00      0.02      0.00      0.00      0.00      0.02
03:54:00 AM      0.00      0.00      0.00      0.05      0.00      0.00      0.00      0.05
03:54:05 AM      0.00      0.00      0.00      0.00      0.00      0.00      0.00      0.00
03:54:10 AM      0.00      0.00      0.00      0.02      0.00      0.00      0.00      0.02
03:54:15 AM      0.00      0.00      0.00      0.02      0.00      0.00      0.00      0.02
03:54:20 AM      0.00      0.00      0.00      0.03      0.00      0.00      0.00      0.03
03:54:25 AM      0.00      0.00      0.00      0.01      0.00      0.00      0.00      0.01
03:54:30 AM      0.00      0.00      0.00      0.02      0.00      0.00      0.00      0.02
03:54:35 AM      0.00      0.00      0.00      0.02      0.00      0.00      0.00      0.02
03:54:40 AM      0.00      0.00      0.00      0.04      0.00      0.00      0.00      0.04
03:54:45 AM      0.00      0.00      0.00      0.04      0.00      0.00      0.00      0.04
03:54:50 AM      0.00      0.00      0.00      0.01      0.00      0.00      0.00      0.01
03:54:55 AM      0.00      0.00      0.00      0.01      0.00      0.00      0.00      0.01
03:55:00 AM      0.00      0.00      0.00      0.01      0.00      0.00      0.00      0.01
03:55:05 AM      0.00      0.00      0.00      0.01      0.00      0.00      0.00      0.01
03:55:10 AM      0.00      0.00      0.00      0.01      0.00      0.00      0.00      0.01
03:55:15 AM      0.00      0.00      0.00      0.01      0.00      0.00      0.00      0.01
03:55:20 AM      0.00      0.00      0.00      0.02      0.00      0.00      0.00      0.02
03:55:25 AM      0.00      0.00      0.00      0.03      0.00      0.00      0.00      0.03
03:55:30 AM      0.00      0.00      0.00      0.03      0.00      0.00      0.00      0.03
03:55:35 AM      0.00      0.00      0.00      0.01      0.00      0.00      0.00      0.01
03:55:40 AM      0.00      0.00      0.00      0.01      0.00      0.00      0.00      0.01
03:55:45 AM      0.00      0.00      0.00      0.01      0.00      0.00      0.00      0.01
03:55:50 AM      0.00      0.00      0.00      0.01      0.00      0.00      0.00      0.01
03:55:55 AM      0.00      0.00      0.00      0.01      0.00      0.00      0.00      0.01
03:56:00 AM      0.00      0.00      0.00      0.01      0.00      0.00      0.00      0.01
03:56:05 AM      0.00      0.00      0.00      0.01      0.00      0.00      0.00      0.01
03:56:10 AM      0.00      0.00      0.00      0.00      0.00      0.00      0.00      0.00
03:56:15 AM      0.00      0.00      0.00      0.01      0.00      0.00      0.00      0.01
03:56:20 AM      0.00      0.00      0.00      0.01      0.00      0.00      0.00      0.01
03:56:25 AM      0.00      0.00      0.00      0.01      0.00      0.00      0.00      0.01
03:56:30 AM      0.00      0.00      0.00      0.02      0.00      0.00      0.00      0.02
03:56:35 AM      0.00      0.00      0.00      0.01      0.00      0.00      0.00      0.01
03:56:40 AM      0.00      0.00      0.00      0.03      0.00      0.00      0.00      0.03
03:56:45 AM      0.00      0.00      0.00      0.01      0.00      0.00      0.00      0.01
03:56:50 AM      0.00      0.00      0.00      0.04      0.00      0.00      0.00      0.04
03:56:55 AM      0.00      0.00      0.00      0.02      0.00      0.00      0.00      0.02
03:57:00 AM      0.00      0.00      0.00      0.03      0.00      0.00      0.00      0.03
03:57:05 AM      0.00      0.00      0.00      0.03      0.00      0.00      0.00      0.03
03:57:10 AM      0.00      0.00      0.00      0.01      0.00      0.00      0.00      0.01
03:57:15 AM      0.00      0.00      0.00      0.02      0.00      0.00      0.00      0.02
03:57:20 AM      0.00      0.00      0.00      0.04      0.00      0.00      0.00      0.04
03:57:25 AM      0.00      0.00      0.00      0.02      0.00      0.00      0.00      0.02
03:57:30 AM      0.00      0.00      0.00      0.03      0.00      0.00      0.00      0.03
03:57:35 AM      0.00      0.00      0.00      0.02      0.00      0.00      0.00      0.02
03:57:40 AM      0.00      0.00      0.00      0.02      0.00      0.00      0.00      0.02
03:57:45 AM      0.00      0.00      0.00      0.03      0.00      0.00      0.00      0.03
03:57:50 AM      0.00      0.00      0.00      0.01      0.00      0.00      0.00      0.01
03:57:55 AM      0.00      0.00      0.00      0.01      0.00      0.00      0.00      0.01
03:58:00 AM      0.00      0.00      0.00      0.01      0.00      0.00      0.00      0.01
03:58:05 AM      0.00      0.00      0.00      0.01      0.00      0.00      0.00      0.01
03:58:10 AM      0.00      0.00      0.00      0.07      0.00      0.00      0.00      0.07
03:58:15 AM      0.00      0.00      0.00      0.01      0.00      0.00      0.00      0.01
03:58:20 AM      0.00      0.00      0.00      0.03      0.00      0.00      0.00      0.03
03:58:25 AM      0.00      0.00      0.00      0.01      0.00      0.00      0.00      0.01
03:58:30 AM      0.00      0.00      0.00      0.03      0.00      0.00      0.00      0.03
03:58:35 AM      0.00      0.00      0.00      0.01      0.00      0.00      0.00      0.01
03:58:40 AM      0.00      0.00      0.00      0.03      0.00      0.00      0.00      0.03
03:58:45 AM      0.00      0.00      0.00      0.01      0.00      0.00      0.00      0.01
03:58:50 AM      0.00      0.00      0.00      0.01      0.00      0.00      0.00      0.01
03:58:55 AM      0.00      0.00      0.00      0.05      0.00      0.00      0.00      0.05
03:59:00 AM      0.00      0.00      0.00      0.01      0.00      0.00      0.00      0.01
03:59:05 AM      0.00      0.00      0.00      0.05      0.00      0.00      0.00      0.05
03:59:10 AM      0.00      0.00      0.00      0.02      0.00      0.00      0.00      0.02
03:59:15 AM      0.00      0.00      0.00      0.02      0.00      0.00      0.00      0.02
03:59:20 AM      0.00      0.00      0.00      0.01      0.00      0.00      0.00      0.01
03:59:25 AM      0.00      0.00      0.00      0.01      0.00      0.00      0.00      0.01
03:59:30 AM      0.00      0.00      0.00      0.03      0.00      0.00      0.00      0.03
03:59:35 AM      0.00      0.00      0.00      0.01      0.00      0.00      0.00      0.01
03:59:40 AM      0.00      0.00      0.00      0.01      0.00      0.00      0.00      0.01
03:59:45 AM      0.00      0.00      0.00      0.02      0.00      0.00      0.00      0.02
03:59:50 AM      0.00      0.00      0.00      0.04      0.00      0.00      0.00      0.04
03:59:55 AM      0.00      0.00      0.00      0.04      0.00      0.00      0.00      0.04
04:00:00 AM      0.00      0.00      0.00      0.07      0.00      0.00      0.00      0.07
04:00:05 AM      0.00      0.00      0.00      0.01      0.00      0.00      0.00      0.01
04:00:10 AM      0.00      0.00      0.00      0.01      0.00      0.00      0.00      0.01
04:00:15 AM      0.00      0.00      0.00      0.00      0.00      0.00      0.00      0.00
04:00:20 AM      0.00      0.00      0.00      0.02      0.00      0.00      0.00      0.02
04:00:25 AM      0.00      0.00      0.00      0.02      0.00      0.00      0.00      0.02
04:00:30 AM      0.00      0.00      0.00      0.01      0.00      0.00      0.00      0.01
04:00:35 AM      0.00      0.00      0.00      0.01      0.00      0.00      0.00      0.01
04:00:40 AM      0.00      0.00      0.00      0.01      0.00      0.00      0.00      0.01
04:00:45 AM      0.00      0.00      0.00      0.02      0.00      0.00      0.00      0.02
04:00:50 AM      0.00      0.00      0.00      0.01      0.00      0.00      0.00      0.01
04:00:55 AM      0.00      0.00      0.00      0.01      0.00      0.00      0.00      0.01
04:01:00 AM      0.00      0.00      0.00      0.05      0.00      0.00      0.00      0.05
04:01:05 AM      0.00      0.00      0.00      0.01      0.00      0.00      0.00      0.01
04:01:10 AM      0.00      0.00      0.00      0.01      0.00      0.00      0.00      0.01
04:01:15 AM      0.00      0.00      0.00      0.01      0.00      0.00      0.00      0.01
04:01:20 AM      0.00      0.00      0.00      0.05      0.00      0.00      0.00      0.05
04:01:25 AM      0.00      0.00      0.00      0.01      0.00      0.00      0.00      0.01
04:01:30 AM      0.00      0.00      0.00      0.05      0.00      0.00      0.00      0.05
04:01:35 AM      0.00      0.00      0.00      0.02      0.00      0.00      0.00      0.02
04:01:40 AM      0.00      0.00      0.00      0.01      0.00      0.00      0.00      0.01
04:01:45 AM      0.00      0.00      0.00      0.04      0.00      0.00      0.00      0.04
04:01:50 AM      0.00      0.00      0.00      0.01      0.00      0.00      0.00      0.01
04:01:55 AM      0.00      0.00      0.00      0.02      0.00      0.00      0.00      0.02
04:02:00 AM      0.00      0.00      0.00      0.02      0.00      0.00      0.00      0.02
04:02:05 AM      0.00      0.00      0.00      0.01      0.00      0.00      0.00      0.01
04:02:10 AM      0.00      0.00      0.00      0.02      0.00      0.00      0.00      0.02
04:02:15 AM      0.00      0.00      0.00      0.01      0.00      0.00      0.00      0.01
04:02:20 AM      0.00      0.00      0.00      0.01      0.00      0.00      0.00      0.01
04:02:25 AM      0.00      0.00      0.00      0.06      0.00      0.00      0.00      0.06
04:02:30 AM      0.00      0.00      0.00      0.02      0.00      0.00      0.00      0.02
04:02:35 AM      0.00      0.00      0.00      0.01      0.00      0.00      0.00      0.01
04:02:40 AM      0.00      0.00      0.00      0.02      0.00      0.00      0.00      0.02
04:02:45 AM      0.00      0.00      0.00      0.02      0.00      0.00      0.00      0.02
04:02:50 AM      0.00      0.00      0.00      0.03      0.00      0.00      0.00      0.03
04:02:55 AM      0.00      0.00      0.00      0.02      0.00      0.00      0.00      0.02
04:03:00 AM      0.00      0.00      0.00      0.01      0.00      0.00      0.00      0.01
04:03:05 AM      0.00      0.00      0.00      0.01      0.00      0.00      0.00      0.01
04:03:10 AM      0.00      0.00      0.00      0.02      0.00      0.00      0.00      0.02
04:03:15 AM      0.00      0.00      0.00      0.01      0.00      0.00      0.00      0.01
04:03:20 AM      0.00      0.00      0.00      0.04      0.00      0.00      0.00      0.04
04:03:25 AM      0.00      0.00      0.00      0.02      0.00      0.00      0.00      0.02
04:03:30 AM      0.00      0.00      0.00      0.01      0.00      0.00      0.00      0.01
04:03:35 AM      0.00      0.00      0.00      0.02      0.00      0.00      0.00      0.02
04:03:40 AM      0.00      0.00      0.00      0.01      0.00      0.00      0.00      0.01
04:03:45 AM      0.00      0.00      0.00      0.01      0.00      0.00      0.00      0.01
04:03:50 AM      0.00      0.00      0.00      0.04      0.00      0.00      0.00      0.04
04:03:55 AM      0.00      0.00      0.00      0.03      0.00      0.00      0.00      0.03
04:04:00 AM      0.00      0.00      0.00      0.00      0.00      0.00      0.00      0.00
04:04:05 AM      0.00      0.00      0.00      0.00      0.00      0.00      0.00      0.00
04:04:10 AM      0.00      0.00      0.00      0.02      0.00      0.00      0.00      0.02
04:04:15 AM      0.00      0.00      0.00      0.00      0.00      0.00      0.00      0.00
04:04:20 AM      0.00      0.00      0.00      0.00      0.00      0.00      0.00      0.00
04:04:25 AM      0.00      0.00      0.00      0.00      0.00      0.00      0.00      0.00
04:04:30 AM      0.00      0.00      0.00      0.00      0.00      0.00      0.00      0.00
04:04:35 AM      0.00      0.00      0.00      0.00      0.00      0.00      0.00      0.00
04:04:40 AM      0.00      0.00      0.00      0.04      0.00      0.00      0.00      0.04
04:04:45 AM      0.00      0.00      0.00      0.03      0.00      0.00      0.00      0.03
04:04:50 AM      0.00      0.00      0.00      0.03      0.00      0.00      0.00      0.03
04:04:55 AM      0.00      0.00      0.00      0.01      0.00      0.00      0.00      0.01
04:05:00 AM      0.00      0.00      0.00      0.01      0.00      0.00      0.00      0.01
04:05:05 AM      0.00      0.00      0.00      0.03      0.00      0.00      0.00      0.03
04:05:10 AM      0.00      0.00      0.00      0.01      0.00      0.00      0.00      0.01
04:05:15 AM      0.00      0.00      0.00      0.02      0.00      0.00      0.00      0.02
04:05:20 AM      0.00      0.00      0.00      0.04      0.00      0.00      0.00      0.03
04:05:25 AM      0.00      0.00      0.00      0.03      0.00      0.00      0.00      0.03
04:05:30 AM      0.00      0.00      0.00      0.03      0.00      0.00      0.00      0.03
04:05:35 AM      0.00      0.00      0.00      0.03      0.00      0.00      0.00      0.03
04:05:40 AM      0.00      0.00      0.00      0.05      0.00      0.00      0.00      0.05
04:05:45 AM      0.00      0.00      0.00      0.01      0.00      0.00      0.00      0.01
04:05:50 AM      0.00      0.00      0.00      0.01      0.00      0.00      0.00      0.01
04:05:55 AM      0.00      0.00      0.00      0.01      0.00      0.00      0.00      0.01
04:06:00 AM      0.00      0.00      0.00      0.04      0.00      0.00      0.00      0.04
04:06:05 AM      0.00      0.00      0.00      0.01      0.00      0.00      0.00      0.01
04:06:10 AM      0.00      0.00      0.00      0.01      0.00      0.00      0.00      0.01
04:06:15 AM      0.00      0.00      0.00      0.03      0.00      0.00      0.00      0.03
04:06:20 AM      0.00      0.00      0.00      0.02      0.00      0.00      0.00      0.02
04:06:25 AM      0.00      0.00      0.00      0.03      0.00      0.00      0.00      0.03
04:06:30 AM      0.00      0.00      0.00      0.02      0.00      0.00      0.00      0.02
04:06:35 AM      0.00      0.00      0.00      0.01      0.00      0.00      0.00      0.01
04:06:40 AM      0.00      0.00      0.00      0.00      0.00      0.00      0.00      0.00
04:06:45 AM      0.00      0.00      0.00      0.02      0.00      0.00      0.00      0.02
04:06:50 AM      0.00      0.00      0.00      0.06      0.00      0.00      0.00      0.06
04:06:55 AM      0.00      0.00      0.00      0.01      0.00      0.00      0.00      0.01
04:07:00 AM      0.00      0.00      0.00      0.01      0.00      0.00      0.00      0.01
04:07:05 AM      0.00      0.00      0.00      0.01      0.00      0.00      0.00      0.01
04:07:10 AM      0.00      0.00      0.00      0.03      0.00      0.00      0.00      0.03
04:07:15 AM      0.00      0.00      0.00      0.01      0.00      0.00      0.00      0.01
04:07:20 AM      0.00      0.00      0.00      0.01      0.00      0.00      0.00      0.01
04:07:25 AM      0.00      0.00      0.00      0.02      0.00      0.00      0.00      0.02
04:07:30 AM      0.00      0.00      0.00      0.05      0.00      0.00      0.00      0.05
04:07:35 AM      0.00      0.00      0.00      0.04      0.00      0.00      0.00      0.04
04:07:40 AM      0.00      0.00      0.00      0.02      0.00      0.00      0.00      0.02
04:07:45 AM      0.00      0.00      0.00      0.04      0.00      0.00      0.00      0.04
04:07:50 AM      0.00      0.00      0.00      0.01      0.00      0.00      0.00      0.01
04:07:55 AM      0.00      0.00      0.00      0.01      0.00      0.00      0.00      0.01
04:08:00 AM      0.00      0.00      0.00      0.01      0.00      0.00      0.00      0.01
04:08:05 AM      0.00      0.00      0.00      0.01      0.00      0.00      0.00      0.01
04:08:10 AM      0.00      0.00      0.00      0.00      0.00      0.00      0.00      0.00
04:08:15 AM      0.00      0.00      0.00      0.01      0.00      0.00      0.00      0.01
04:08:20 AM      0.00      0.00      0.00      0.02      0.00      0.00      0.00      0.02
04:08:25 AM      0.00      0.00      0.00      0.01      0.00      0.00      0.00      0.01
04:08:30 AM      0.00      0.00      0.00      0.02      0.00      0.00      0.00      0.02
04:08:35 AM      0.00      0.00      0.00      0.02      0.00      0.00      0.00      0.02
04:08:40 AM      0.00      0.00      0.00      0.10      0.00      0.00      0.00      0.10
04:08:45 AM      0.00      0.00      0.00      0.00      0.00      0.00      0.00      0.00
04:08:50 AM      0.00      0.00      0.00      0.00      0.00      0.00      0.00      0.00
04:08:55 AM      0.00      0.00      0.00      0.00      0.00      0.00      0.00      0.00
04:09:00 AM      0.00      0.00      0.00      0.01      0.00      0.00      0.00      0.01
04:09:05 AM      0.00      0.00      0.00      0.02      0.00      0.00      0.00      0.02
04:09:10 AM      0.00      0.00      0.00      0.03      0.00      0.00      0.00      0.03
04:09:15 AM      0.00      0.00      0.00      0.01      0.00      0.00      0.00      0.01
04:09:20 AM      0.00      0.00      0.00      0.07      0.00      0.00      0.00      0.07
04:09:25 AM      0.00      0.00      0.00      0.05      0.00      0.00      0.00      0.05
04:09:30 AM      0.00      0.00      0.00      0.02      0.00      0.00      0.00      0.02
04:09:35 AM      0.00      0.00      0.00      0.01      0.00      0.00      0.00      0.01
04:09:40 AM      0.00      0.00      0.00      0.02      0.00      0.00      0.00      0.02
04:09:45 AM      0.00      0.00      0.00      0.01      0.00      0.00      0.00      0.01
04:09:50 AM      0.00      0.00      0.00      0.02      0.00      0.00      0.00      0.02
04:09:55 AM      0.00      0.00      0.00      0.02      0.00      0.00      0.00      0.02
04:10:00 AM      0.00      0.00      0.00      0.01      0.00      0.00      0.00      0.01
04:10:05 AM      0.00      0.00      0.00      0.01      0.00      0.00      0.00      0.01
04:10:10 AM      0.00      0.00      0.00      0.01      0.00      0.00      0.00      0.01
04:10:15 AM      0.00      0.00      0.00      0.01      0.00      0.00      0.00      0.01
04:10:20 AM      0.00      0.00      0.00      0.01      0.00      0.00      0.00      0.01
04:10:25 AM      0.00      0.00      0.00      0.01      0.00      0.00      0.00      0.01
04:10:30 AM      0.00      0.00      0.00      0.01      0.00      0.00      0.00      0.01
04:10:35 AM      0.00      0.00      0.00      0.05      0.00      0.00      0.00      0.05
04:10:40 AM      0.00      0.00      0.00      0.02      0.00      0.00      0.00      0.02
04:10:45 AM      0.00      0.00      0.00      0.01      0.00      0.00      0.00      0.01
04:10:50 AM      0.00      0.00      0.00      0.01      0.00      0.00      0.00      0.01
04:10:55 AM      0.00      0.00      0.00      0.01      0.00      0.00      0.00      0.01
04:11:00 AM      0.00      0.00      0.00      0.00      0.00      0.00      0.00      0.00
04:11:05 AM      0.00      0.00      0.00      0.01      0.00      0.00      0.00      0.01
04:11:10 AM      0.00      0.00      0.00      0.03      0.00      0.00      0.00      0.03
04:11:15 AM      0.00      0.00      0.00      0.01      0.00      0.00      0.00      0.01
04:11:20 AM      0.00      0.00      0.00      0.02      0.00      0.00      0.00      0.02
04:11:25 AM      0.00      0.00      0.00      0.01      0.00      0.00      0.00      0.01
04:11:30 AM      0.00      0.00      0.00      0.04      0.00      0.00      0.00      0.04
04:11:35 AM      0.00      0.00      0.00      0.01      0.00      0.00      0.00      0.01
04:11:40 AM      0.00      0.00      0.00      0.02      0.00      0.00      0.00      0.02
04:11:45 AM      0.00      0.00      0.00      0.02      0.00      0.00      0.00      0.02
04:11:50 AM      0.00      0.00      0.00      0.01      0.00      0.00      0.00      0.01
04:11:55 AM      0.00      0.00      0.00      0.01      0.00      0.00      0.00      0.01
04:12:00 AM      0.00      0.00      0.00      0.01      0.00      0.00      0.00      0.01
04:12:05 AM      0.00      0.00      0.00      0.03      0.00      0.00      0.00      0.03
04:12:10 AM      0.00      0.00      0.00      0.08      0.00      0.00      0.00      0.08
04:12:15 AM      0.00      0.00      0.00      0.03      0.00      0.00      0.00      0.03
04:12:20 AM      0.00      0.00      0.00      0.02      0.00      0.00      0.00      0.02
04:12:25 AM      0.00      0.00      0.00      0.01      0.00      0.00      0.00      0.01
04:12:30 AM      0.00      0.00      0.00      0.05      0.00      0.00      0.00      0.05
04:12:35 AM      0.00      0.00      0.00      0.01      0.00      0.00      0.00      0.01
04:12:40 AM      0.00      0.00      0.00      0.02      0.00      0.00      0.00      0.01
04:12:45 AM      0.00      0.00      0.00      0.02      0.00      0.00      0.00      0.02
04:12:50 AM      0.00      0.00      0.00      0.04      0.00      0.00      0.00      0.04
04:12:55 AM      0.00      0.00      0.00      0.01      0.00      0.00      0.00      0.01
04:13:00 AM      0.00      0.00      0.00      0.00      0.00      0.00      0.00      0.00
04:13:05 AM      0.00      0.00      0.00      0.01      0.00      0.00      0.00      0.01
04:13:10 AM      0.00      0.00      0.00      0.01      0.00      0.00      0.00      0.01
04:13:15 AM      0.00      0.00      0.00      0.01      0.00      0.00      0.00      0.01
04:13:20 AM      0.00      0.00      0.00      0.01      0.00      0.00      0.00      0.01
04:13:25 AM      0.00      0.00      0.00      0.06      0.00      0.00      0.00      0.05
04:13:30 AM      0.00      0.00      0.00      0.03      0.00      0.00      0.00      0.03
04:13:35 AM      0.00      0.00      0.00      0.06      0.00      0.00      0.00      0.06
04:13:40 AM      0.00      0.00      0.00      0.01      0.00      0.00      0.00      0.01
04:13:45 AM      0.00      0.00      0.00      0.01      0.00      0.00      0.00      0.01
04:13:50 AM      0.00      0.00      0.00      0.05      0.00      0.00      0.00      0.05
04:13:55 AM      0.00      0.00      0.00      0.01      0.00      0.00      0.00      0.01
04:14:00 AM      0.00      0.00      0.00      0.03      0.00      0.00      0.00      0.03
04:14:05 AM      0.00      0.00      0.00      0.03      0.00      0.00      0.00      0.03
04:14:10 AM      0.00      0.00      0.00      0.05      0.00      0.00      0.00      0.05
04:14:15 AM      0.00      0.00      0.00      0.05      0.00      0.00      0.00      0.05
04:14:20 AM      0.00      0.00      0.00      0.04      0.00      0.00      0.00      0.04
04:14:25 AM      0.00      0.00      0.00      0.01      0.00      0.00      0.00      0.01
04:14:30 AM      0.00      0.00      0.00      0.04      0.00      0.00      0.00      0.04
04:14:35 AM      0.00      0.00      0.00      0.03      0.00      0.00      0.00      0.03
04:14:40 AM      0.00      0.00      0.00      0.01      0.00      0.00      0.00      0.01
04:14:45 AM      0.00      0.00      0.00      0.02      0.00      0.00      0.00      0.02
04:14:50 AM      0.00      0.00      0.00      0.01      0.00      0.00      0.00      0.01
04:14:55 AM      0.00      0.00      0.00      0.01      0.00      0.00      0.00      0.01
04:15:00 AM      0.00      0.00      0.00      0.00      0.00      0.00      0.00      0.00
04:15:05 AM      0.00      0.00      0.00      0.04      0.00      0.00      0.00      0.04
04:15:10 AM      0.00      0.00      0.00      0.01      0.00      0.00      0.00      0.01
04:15:15 AM      0.00      0.00      0.00      0.01      0.00      0.00      0.00      0.01
04:15:20 AM      0.00      0.00      0.00      0.04      0.00      0.00      0.00      0.04
04:15:25 AM      0.00      0.00      0.00      0.01      0.00      0.00      0.00      0.01
04:15:30 AM      0.00      0.00      0.00      0.02      0.00      0.00      0.00      0.02
04:15:35 AM      0.00      0.00      0.00      0.09      0.00      0.00      0.00      0.09
04:15:40 AM      0.00      0.00      0.00      0.06      0.00      0.00      0.00      0.06
04:15:45 AM      0.00      0.00      0.00      0.02      0.00      0.00      0.00      0.02
04:15:50 AM      0.00      0.00      0.00      0.02      0.00      0.00      0.00      0.02
04:15:55 AM      0.00      0.00      0.00      0.03      0.00      0.00      0.00      0.03
04:16:00 AM      0.00      0.00      0.00      0.01      0.00      0.00      0.00      0.01
04:16:05 AM      0.00      0.00      0.00      0.02      0.00      0.00      0.00      0.02
04:16:10 AM      0.00      0.00      0.00      0.01      0.00      0.00      0.00      0.01
04:16:15 AM      0.00      0.00      0.00      0.03      0.00      0.00      0.00      0.03
04:16:20 AM      0.00      0.00      0.00      0.01      0.00      0.00      0.00      0.01
04:16:25 AM      0.00      0.00      0.00      0.02      0.00      0.00      0.00      0.02
04:16:30 AM      0.00      0.00      0.00      0.01      0.00      0.00      0.00      0.01
04:16:35 AM      0.00      0.00      0.00      0.03      0.00      0.00      0.00      0.03
04:16:40 AM      0.00      0.00      0.00      0.05      0.00      0.00      0.00      0.05
04:16:45 AM      0.00      0.00      0.00      0.01      0.00      0.00      0.00      0.01
04:16:50 AM      0.00      0.00      0.00      0.04      0.00      0.00      0.00      0.04
04:16:55 AM      0.00      0.00      0.00      0.01      0.00      0.00      0.00      0.01
04:17:00 AM      0.00      0.00      0.00      0.05      0.00      0.00      0.00      0.05
04:17:05 AM      0.00      0.00      0.00      0.01      0.00      0.00      0.00      0.01
04:17:10 AM      0.00      0.00      0.00      0.05      0.00      0.00      0.00      0.05
04:17:15 AM      0.00      0.00      0.00      0.01      0.00      0.00      0.00      0.01
04:17:20 AM      0.00      0.00      0.00      0.05      0.00      0.00      0.00      0.05
04:17:25 AM      0.00      0.00      0.00      0.02      0.00      0.00      0.00      0.02
04:17:30 AM      0.00      0.00      0.00      0.03      0.00      0.00      0.00      0.03
04:17:35 AM      0.00      0.00      0.00      0.01      0.00      0.00      0.00      0.01
04:17:40 AM      0.00      0.00      0.00      0.03      0.00      0.00      0.00      0.03
04:17:45 AM      0.00      0.00      0.00      0.01      0.00      0.00      0.00      0.01
04:17:50 AM      0.00      0.00      0.00      0.01      0.00      0.00      0.00      0.01
04:17:55 AM      0.00      0.00      0.00      0.01      0.00      0.00      0.00      0.01
04:18:00 AM      0.00      0.00      0.00      0.01      0.00      0.00      0.00      0.01
04:18:05 AM      0.00      0.00      0.00      0.01      0.00      0.00      0.00      0.01
04:18:10 AM      0.00      0.00      0.00      0.02      0.00      0.00      0.00      0.02
04:18:15 AM      0.00      0.00      0.00      0.03      0.00      0.00      0.00      0.03
04:18:20 AM      0.00      0.00      0.00      0.01      0.00      0.00      0.00      0.01
04:18:25 AM      0.00      0.00      0.00      0.04      0.00      0.00      0.00      0.04
04:18:30 AM      0.00      0.00      0.00      0.02      0.00      0.00      0.00      0.02
04:18:35 AM      0.00      0.00      0.00      0.01      0.00      0.00      0.00      0.01
04:18:40 AM      0.00      0.00      0.00      0.01      0.00      0.00      0.00      0.01
04:18:45 AM      0.00      0.00      0.00      0.01      0.00      0.00      0.00      0.01
04:18:50 AM      0.00      0.00      0.00      0.03      0.00      0.00      0.00      0.03
04:18:55 AM      0.00      0.00      0.00      0.04      0.00      0.00      0.00      0.04
04:19:00 AM      0.00      0.00      0.00      0.01      0.00      0.00      0.00      0.01
04:19:05 AM      0.00      0.00      0.00      0.00      0.00      0.00      0.00      0.01
04:19:10 AM      0.00      0.00      0.00      0.04      0.00      0.00      0.00      0.04
04:19:15 AM      0.00      0.00      0.00      0.03      0.00      0.00      0.00      0.03
04:19:20 AM      0.00      0.00      0.00      0.01      0.00      0.00      0.00      0.01
04:19:25 AM      0.00      0.00      0.00      0.01      0.00      0.00      0.00      0.01
04:19:30 AM      0.00      0.00      0.00      0.02      0.00      0.00      0.00      0.02
04:19:35 AM      0.00      0.00      0.00      0.01      0.00      0.00      0.00      0.01
04:19:40 AM      0.00      0.00      0.00      0.01      0.00      0.00      0.00      0.01
04:19:45 AM      0.00      0.00      0.00      0.01      0.00      0.00      0.00      0.01
04:19:50 AM      0.00      0.00      0.00      0.05      0.00      0.00      0.00      0.05
04:19:55 AM      0.00      0.00      0.00      0.01      0.00      0.00      0.00      0.01
04:20:00 AM      0.00      0.00      0.00      0.02      0.00      0.00      0.00      0.02
04:20:05 AM      0.00      0.00      0.00      0.01      0.00      0.00      0.00      0.01
04:20:10 AM      0.00      0.00      0.00      0.02      0.00      0.00      0.00      0.02
04:20:15 AM      0.00      0.00      0.00      0.00      0.00      0.00      0.00      0.00
04:20:20 AM      0.00      0.00      0.00      0.02      0.00      0.00      0.00      0.02
04:20:25 AM      0.00      0.00      0.00      0.04      0.00      0.00      0.00      0.04
04:20:30 AM      0.00      0.00      0.00      0.01      0.00      0.00      0.00      0.01
04:20:35 AM      0.00      0.00      0.00      0.08      0.00      0.00      0.00      0.08
04:20:40 AM      0.00      0.00      0.00      0.01      0.00      0.00      0.00      0.01
04:20:45 AM      0.00      0.00      0.00      0.03      0.00      0.00      0.00      0.03
04:20:50 AM      0.00      0.00      0.00      0.01      0.00      0.00      0.00      0.01
04:20:55 AM      0.00      0.00      0.00      0.01      0.00      0.00      0.00      0.01
04:21:00 AM      0.00      0.00      0.00      0.03      0.00      0.00      0.00      0.03
04:21:05 AM      0.00      0.00      0.00      0.01      0.00      0.00      0.00      0.01
04:21:10 AM      0.00      0.00      0.00      0.01      0.00      0.00      0.00      0.01
04:21:15 AM      0.00      0.00      0.00      0.04      0.00      0.00      0.00      0.04
04:21:20 AM      0.00      0.00      0.00      0.02      0.00      0.00      0.00      0.02
04:21:25 AM      0.00      0.00      0.00      0.01      0.00      0.00      0.00      0.01
04:21:30 AM      0.00      0.00      0.00      0.02      0.00      0.00      0.00      0.02
04:21:35 AM      0.00      0.00      0.00      0.03      0.00      0.00      0.00      0.03
04:21:40 AM      0.00      0.00      0.00      0.01      0.00      0.00      0.00      0.01
04:21:45 AM      0.00      0.00      0.00      0.01      0.00      0.00      0.00      0.01
04:21:50 AM      0.00      0.00      0.00      0.02      0.00      0.00      0.00      0.02
04:21:55 AM      0.00      0.00      0.00      0.03      0.00      0.00      0.00      0.03
04:22:00 AM      0.00      0.00      0.00      0.01      0.00      0.00      0.00      0.01
04:22:05 AM      0.00      0.00      0.00      0.03      0.00      0.00      0.00      0.03
04:22:10 AM      0.00      0.00      0.00      0.03      0.00      0.00      0.00      0.03
04:22:15 AM      0.00      0.00      0.00      0.01      0.00      0.00      0.00      0.01
04:22:20 AM      0.00      0.00      0.00      0.02      0.00      0.00      0.00      0.02
04:22:25 AM      0.00      0.00      0.00      0.03      0.00      0.00      0.00      0.03
04:22:30 AM      0.00      0.00      0.00      0.02      0.00      0.00      0.00      0.02
04:22:35 AM      0.00      0.00      0.00      0.01      0.00      0.00      0.00      0.01
04:22:40 AM      0.00      0.00      0.00      0.02      0.00      0.00      0.00      0.02
04:22:45 AM      0.00      0.00      0.00      0.01      0.00      0.00      0.00      0.01
04:22:50 AM      0.00      0.00      0.00      0.04      0.00      0.00      0.00      0.04
04:22:55 AM      0.00      0.00      0.00      0.04      0.00      0.00      0.00      0.04
04:23:00 AM      0.00      0.00      0.00      0.02      0.00      0.00      0.00      0.02
04:23:05 AM      0.00      0.00      0.00      0.02      0.00      0.00      0.00      0.02
04:23:10 AM      0.00      0.00      0.00      0.04      0.00      0.00      0.00      0.04
04:23:15 AM      0.00      0.00      0.00      0.01      0.00      0.00      0.00      0.01
04:23:20 AM      0.00      0.00      0.00      0.01      0.00      0.00      0.00      0.01
04:23:25 AM      0.00      0.00      0.00      0.06      0.00      0.00      0.00      0.06
04:23:30 AM      0.00      0.00      0.00      0.02      0.00      0.00      0.00      0.02
04:23:35 AM      0.00      0.00      0.00      0.03      0.00      0.00      0.00      0.03
04:23:40 AM      0.00      0.00      0.00      0.01      0.00      0.00      0.00      0.01
04:23:45 AM      0.00      0.00      0.00      0.01      0.00      0.00      0.00      0.01
04:23:50 AM      0.00      0.00      0.00      0.01      0.00      0.00      0.00      0.01
04:23:55 AM      0.00      0.00      0.00      0.03      0.00      0.00      0.00      0.03
04:24:00 AM      0.00      0.00      0.00      0.01      0.00      0.00      0.00      0.01
04:24:05 AM      0.00      0.00      0.00      0.01      0.00      0.00      0.00      0.01
04:24:10 AM      0.00      0.00      0.00      0.03      0.00      0.00      0.00      0.03
04:24:15 AM      0.00      0.00      0.00      0.00      0.00      0.00      0.00      0.00
04:24:20 AM      0.00      0.00      0.00      0.03      0.00      0.00      0.00      0.03
04:24:25 AM      0.00      0.00      0.00      0.01      0.00      0.00      0.00      0.01
04:24:30 AM      0.00      0.00      0.00      0.03      0.00      0.00      0.00      0.03
04:24:35 AM      0.00      0.00      0.00      0.01      0.00      0.00      0.00      0.01
04:24:40 AM      0.00      0.00      0.00      0.01      0.00      0.00      0.00      0.01
04:24:45 AM      0.00      0.00      0.00      0.01      0.00      0.00      0.00      0.01
04:24:50 AM      0.00      0.00      0.00      0.01      0.00      0.00      0.00      0.01
04:24:55 AM      0.00      0.00      0.00      0.03      0.00      0.00      0.00      0.03
04:25:00 AM      0.00      0.00      0.00      0.02      0.00      0.00      0.00      0.02
04:25:05 AM      0.00      0.00      0.00      0.02      0.00      0.00      0.00      0.02
04:25:10 AM      0.00      0.00      0.00      0.03      0.00      0.00      0.00      0.03
04:25:15 AM      0.00      0.00      0.00      0.05      0.00      0.00      0.00      0.05
04:25:20 AM      0.00      0.00      0.00      0.01      0.00      0.00      0.00      0.01
04:25:25 AM      0.00      0.00      0.00      0.01      0.00      0.00      0.00      0.01
04:25:30 AM      0.00      0.00      0.00      0.04      0.00      0.00      0.00      0.04
04:25:35 AM      0.00      0.00      0.00      0.04      0.00      0.00      0.00      0.04
04:25:40 AM      0.00      0.00      0.00      0.04      0.00      0.00      0.00      0.03
04:25:45 AM      0.00      0.00      0.00      0.01      0.00      0.00      0.00      0.01
04:25:50 AM      0.00      0.00      0.00      0.03      0.00      0.00      0.00      0.03
04:25:55 AM      0.00      0.00      0.00      0.02      0.00      0.00      0.00      0.02
04:26:00 AM      0.00      0.00      0.00      0.01      0.00      0.00      0.00      0.01
04:26:05 AM      0.00      0.00      0.00      0.01      0.00      0.00      0.00      0.01
04:26:10 AM      0.00      0.00      0.00      0.01      0.00      0.00      0.00      0.01
04:26:15 AM      0.00      0.00      0.00      0.06      0.00      0.00      0.00      0.06
04:26:20 AM      0.00      0.00      0.00      0.01      0.00      0.00      0.00      0.01
04:26:25 AM      0.00      0.00      0.00      0.01      0.00      0.00      0.00      0.01
04:26:30 AM      0.00      0.00      0.00      0.04      0.00      0.00      0.00      0.04
04:26:35 AM      0.00      0.00      0.00      0.01      0.00      0.00      0.00      0.01
04:26:40 AM      0.00      0.00      0.00      0.02      0.00      0.00      0.00      0.02
04:26:45 AM      0.00      0.00      0.00      0.01      0.00      0.00      0.00      0.01
04:26:50 AM      0.00      0.00      0.00      0.02      0.00      0.00      0.00      0.02
04:26:55 AM      0.00      0.00      0.00      0.01      0.00      0.00      0.00      0.01
04:27:00 AM      0.00      0.00      0.00      0.01      0.00      0.00      0.00      0.01
04:27:05 AM      0.00      0.00      0.00      0.02      0.00      0.00      0.00      0.02
04:27:10 AM      0.00      0.00      0.00      0.03      0.00      0.00      0.00      0.03
04:27:15 AM      0.00      0.00      0.00      0.06      0.00      0.00      0.00      0.06
04:27:20 AM      0.00      0.00      0.00      0.04      0.00      0.00      0.00      0.04
04:27:25 AM      0.00      0.00      0.00      0.03      0.00      0.00      0.00      0.03
04:27:30 AM      0.00      0.00      0.00      0.04      0.00      0.00      0.00      0.04
04:27:35 AM      0.00      0.00      0.00      0.03      0.00      0.00      0.00      0.03
04:27:40 AM      0.00      0.00      0.00      0.01      0.00      0.00      0.00      0.01
04:27:45 AM      0.00      0.00      0.00      0.02      0.00      0.00      0.00      0.02
04:27:50 AM      0.00      0.00      0.00      0.01      0.00      0.00      0.00      0.01
04:27:55 AM      0.00      0.00      0.00      0.00      0.00      0.00      0.00      0.00
04:28:00 AM      0.00      0.00      0.00      0.01      0.00      0.00      0.00      0.01
04:28:05 AM      0.00      0.00      0.00      0.00      0.00      0.00      0.00      0.00
04:28:10 AM      0.00      0.00      0.00      0.03      0.00      0.00      0.00      0.03
04:28:15 AM      0.00      0.00      0.00      0.01      0.00      0.00      0.00      0.01
04:28:20 AM      0.00      0.00      0.00      0.00      0.00      0.00      0.00      0.00
04:28:25 AM      0.00      0.00      0.00      0.00      0.00      0.00      0.00      0.00
04:28:30 AM      0.00      0.00      0.00      0.00      0.00      0.00      0.00      0.00
04:28:35 AM      0.00      0.00      0.00      0.00      0.00      0.00      0.00      0.00
04:28:40 AM      0.00      0.00      0.00      0.01      0.00      0.00      0.00      0.01
04:28:45 AM      0.00      0.00      0.00      0.02      0.00      0.00      0.00      0.02
04:28:50 AM      0.00      0.00      0.00      0.03      0.00      0.00      0.00      0.03
04:28:55 AM      0.00      0.00      0.00      0.01      0.00      0.00      0.00      0.01
04:29:00 AM      0.00      0.00      0.00      0.01      0.00      0.00      0.00      0.01
04:29:05 AM      0.00      0.00      0.00      0.01      0.00      0.00      0.00      0.01
04:29:10 AM      0.00      0.00      0.00      0.04      0.00      0.00      0.00      0.03
04:29:15 AM      0.00      0.00      0.00      0.01      0.00      0.00      0.00      0.01
04:29:20 AM      0.00      0.00      0.00      0.03      0.00      0.00      0.00      0.03
04:29:25 AM      0.00      0.00      0.00      0.02      0.00      0.00      0.00      0.02
04:29:30 AM      0.00      0.00      0.00      0.03      0.00      0.00      0.00      0.03
04:29:35 AM      0.00      0.00      0.00      0.01      0.00      0.00      0.00      0.01
04:29:40 AM      0.00      0.00      0.00      0.02      0.00      0.00      0.00      0.02
04:29:45 AM      0.00      0.00      0.00      0.03      0.00      0.00      0.00      0.03
04:29:50 AM      0.00      0.00      0.00      0.01      0.00      0.00      0.00      0.01
04:29:55 AM      0.00      0.00      0.00      0.01      0.00      0.00      0.00      0.01
04:30:00 AM      0.00      0.00      0.00      0.01      0.00      0.00      0.00      0.01
04:30:05 AM      0.00      0.00      0.00      0.03      0.00      0.00      0.00      0.03
04:30:10 AM      0.00      0.00      0.00      0.01      0.00      0.00      0.00      0.01
04:30:15 AM      0.00      0.00      0.00      0.01      0.00      0.00      0.00      0.01
04:30:20 AM      0.00      0.00      0.00      0.02      0.00      0.00      0.00      0.02
04:30:25 AM      0.00      0.00      0.00      0.02      0.00      0.00      0.00      0.02
04:30:30 AM      0.00      0.00      0.00      0.01      0.00      0.00      0.00      0.01
04:30:35 AM      0.00      0.00      0.00      0.01      0.00      0.00      0.00      0.01
04:30:40 AM      0.00      0.00      0.00      0.03      0.00      0.00      0.00      0.03
04:30:45 AM      0.00      0.00      0.00      0.01      0.00      0.00      0.00      0.01
04:30:50 AM      0.00      0.00      0.00      0.00      0.00      0.00      0.00      0.00
04:30:55 AM      0.00      0.00      0.00      0.02      0.00      0.00      0.00      0.02
04:31:00 AM      0.00      0.00      0.00      0.02      0.00      0.00      0.00      0.02
04:31:05 AM      0.00      0.00      0.00      0.01      0.00      0.00      0.00      0.01
04:31:10 AM      0.00      0.00      0.00      0.01      0.00      0.00      0.00      0.01
04:31:15 AM      0.00      0.00      0.00      0.00      0.00      0.00      0.00      0.00
04:31:20 AM      0.00      0.00      0.00      0.02      0.00      0.00      0.00      0.02
04:31:25 AM      0.00      0.00      0.00      0.00      0.00      0.00      0.00      0.00
04:31:30 AM      0.00      0.00      0.00      0.03      0.00      0.00      0.00      0.03
04:31:35 AM      0.00      0.00      0.00      0.03      0.00      0.00      0.00      0.03
04:31:40 AM      0.00      0.00      0.00      0.01      0.00      0.00      0.00      0.01
04:31:45 AM      0.00      0.00      0.00      0.01      0.00      0.00      0.00      0.01
04:31:50 AM      0.00      0.00      0.00      0.01      0.00      0.00      0.00      0.01
04:31:55 AM      0.00      0.00      0.00      0.02      0.00      0.00      0.00      0.02
04:32:00 AM      0.00      0.00      0.00      0.01      0.00      0.00      0.00      0.01
04:32:05 AM      0.00      0.00      0.00      0.02      0.00      0.00      0.00      0.02
04:32:10 AM      0.00      0.00      0.00      0.07      0.00      0.00      0.00      0.07
04:32:15 AM      0.00      0.00      0.00      0.01      0.00      0.00      0.00      0.01
04:32:20 AM      0.00      0.00      0.00      0.03      0.00      0.00      0.00      0.03
04:32:25 AM      0.00      0.00      0.00      0.02      0.00      0.00      0.00      0.02
04:32:30 AM      0.00      0.00      0.00      0.02      0.00      0.00      0.00      0.02
04:32:35 AM      0.00      0.00      0.00      0.02      0.00      0.00      0.00      0.02
04:32:40 AM      0.00      0.00      0.00      0.00      0.00      0.00      0.00      0.00
04:32:45 AM      0.00      0.00      0.00      0.04      0.00      0.00      0.00      0.04
04:32:50 AM      0.00      0.00      0.00      0.04      0.00      0.00      0.00      0.04
04:32:55 AM      0.00      0.00      0.00      0.01      0.00      0.00      0.00      0.01
04:33:00 AM      0.00      0.00      0.00      0.04      0.00      0.00      0.00      0.03
04:33:05 AM      0.00      0.00      0.00      0.04      0.00      0.00      0.00      0.04
04:33:10 AM      0.00      0.00      0.00      0.03      0.00      0.00      0.00      0.03
04:33:15 AM      0.00      0.00      0.00      0.00      0.00      0.00      0.00      0.00
04:33:20 AM      0.00      0.00      0.00      0.00      0.00      0.00      0.00      0.00
04:33:25 AM      0.00      0.00      0.00      0.01      0.00      0.00      0.00      0.01
04:33:30 AM      0.00      0.00      0.00      0.03      0.00      0.00      0.00      0.03
04:33:35 AM      0.00      0.00      0.00      0.01      0.00      0.00      0.00      0.01
04:33:40 AM      0.00      0.00      0.00      0.00      0.00      0.00      0.00      0.00
04:33:45 AM      0.00      0.00      0.00      0.02      0.00      0.00      0.00      0.02
04:33:50 AM      0.00      0.00      0.00      0.02      0.00      0.00      0.00      0.02
04:33:55 AM      0.00      0.00      0.00      0.03      0.00      0.00      0.00      0.03
04:34:00 AM      0.00      0.00      0.00      0.02      0.00      0.00      0.00      0.02
04:34:05 AM      0.00      0.00      0.00      0.01      0.00      0.00      0.00      0.01
04:34:10 AM      0.00      0.00      0.00      0.03      0.00      0.00      0.00      0.03
04:34:15 AM      0.00      0.00      0.00      0.02      0.00      0.00      0.00      0.02
04:34:20 AM      0.00      0.00      0.00      0.01      0.00      0.00      0.00      0.01
04:34:25 AM      0.00      0.00      0.00      0.06      0.00      0.00      0.00      0.06
04:34:30 AM      0.00      0.00      0.00      0.04      0.00      0.00      0.00      0.04
04:34:35 AM      0.00      0.00      0.00      0.01      0.00      0.00      0.00      0.01
04:34:40 AM      0.00      0.00      0.00      0.00      0.00      0.00      0.00      0.00
04:34:45 AM      0.00      0.00      0.00      0.02      0.00      0.00      0.00      0.02
04:34:50 AM      0.00      0.00      0.00      0.01      0.00      0.00      0.00      0.01
04:34:55 AM      0.00      0.00      0.00      0.01      0.00      0.00      0.00      0.01
04:35:00 AM      0.00      0.00      0.00      0.01      0.00      0.00      0.00      0.01
04:35:05 AM      0.00      0.00      0.00      0.01      0.00      0.00      0.00      0.01
04:35:10 AM      0.00      0.00      0.00      0.02      0.00      0.00      0.00      0.02
04:35:15 AM      0.00      0.00      0.00      0.01      0.00      0.00      0.00      0.01
04:35:20 AM      0.00      0.00      0.00      0.01      0.00      0.00      0.00      0.01
04:35:25 AM      0.00      0.00      0.00      0.00      0.00      0.00      0.00      0.00
04:35:30 AM      0.00      0.00      0.00      0.03      0.00      0.00      0.00      0.03
04:35:35 AM      0.00      0.00      0.00      0.01      0.00      0.00      0.00      0.01
04:35:40 AM      0.00      0.00      0.00      0.04      0.00      0.00      0.00      0.03
04:35:45 AM      0.00      0.00      0.00      0.01      0.00      0.00      0.00      0.01
04:35:50 AM      0.00      0.00      0.00      0.01      0.00      0.00      0.00      0.01
04:35:55 AM      0.00      0.00      0.00      0.01      0.00      0.00      0.00      0.01
04:36:00 AM      0.00      0.00      0.00      0.01      0.00      0.00      0.00      0.01
04:36:05 AM      0.00      0.00      0.00      0.01      0.00      0.00      0.00      0.01
04:36:10 AM      0.00      0.00      0.00      0.02      0.00      0.00      0.00      0.02
04:36:15 AM      0.00      0.00      0.00      0.01      0.00      0.00      0.00      0.01
04:36:20 AM      0.00      0.00      0.00      0.02      0.00      0.00      0.00      0.02
04:36:25 AM      0.00      0.00      0.00      0.01      0.00      0.00      0.00      0.01
04:36:30 AM      0.00      0.00      0.00      0.01      0.00      0.00      0.00      0.01
04:36:35 AM      0.00      0.00      0.00      0.01      0.00      0.00      0.00      0.01
04:36:40 AM      0.00      0.00      0.00      0.06      0.00      0.00      0.00      0.06
04:36:45 AM      0.00      0.00      0.00      0.00      0.00      0.00      0.00      0.00
04:36:50 AM      0.00      0.00      0.00      0.00      0.00      0.00      0.00      0.00
04:36:55 AM      0.00      0.00      0.00      0.00      0.00      0.00      0.00      0.00
04:37:00 AM      0.00      0.00      0.00      0.02      0.00      0.00      0.00      0.02
04:37:05 AM      0.00      0.00      0.00      0.04      0.00      0.00      0.00      0.04
04:37:10 AM      0.00      0.00      0.00      0.04      0.00      0.00      0.00      0.04
04:37:15 AM      0.00      0.00      0.00      0.03      0.00      0.00      0.00      0.03
04:37:20 AM      0.00      0.00      0.00      0.09      0.00      0.00      0.00      0.09
04:37:25 AM      0.00      0.00      0.00      0.01      0.00      0.00      0.00      0.01
04:37:30 AM      0.00      0.00      0.00      0.00      0.00      0.00      0.00      0.00
04:37:35 AM      0.00      0.00      0.00      0.05      0.00      0.00      0.00      0.05
04:37:40 AM      0.00      0.00      0.00      0.01      0.00      0.00      0.00      0.01
04:37:45 AM      0.00      0.00      0.00      0.03      0.00      0.00      0.00      0.03
04:37:50 AM      0.00      0.00      0.00      0.02      0.00      0.00      0.00      0.02
04:37:55 AM      0.00      0.00      0.00      0.01      0.00      0.00      0.00      0.01
04:38:00 AM      0.00      0.00      0.00      0.02      0.00      0.00      0.00      0.02
04:38:05 AM      0.00      0.00      0.00      0.01      0.00      0.00      0.00      0.01
04:38:10 AM      0.00      0.00      0.00      0.01      0.00      0.00      0.00      0.01
04:38:15 AM      0.00      0.00      0.00      0.00      0.00      0.00      0.00      0.00
04:38:20 AM      0.00      0.00      0.00      0.01      0.00      0.00      0.00      0.01
04:38:25 AM      0.00      0.00      0.00      0.01      0.00      0.00      0.00      0.01
04:38:30 AM      0.00      0.00      0.00      0.01      0.00      0.00      0.00      0.01
04:38:35 AM      0.00      0.00      0.00      0.02      0.00      0.00      0.00      0.02
04:38:40 AM      0.00      0.00      0.00      0.01      0.00      0.00      0.00      0.01
04:38:45 AM      0.00      0.00      0.00      0.03      0.00      0.00      0.00      0.03
04:38:50 AM      0.00      0.00      0.00      0.01      0.00      0.00      0.00      0.01
04:38:55 AM      0.00      0.00      0.00      0.03      0.00      0.00      0.00      0.03
04:39:00 AM      0.00      0.00      0.00      0.01      0.00      0.00      0.00      0.01
04:39:05 AM      0.00      0.00      0.00      0.03      0.00      0.00      0.00      0.03
04:39:10 AM      0.00      0.00      0.00      0.02      0.00      0.00      0.00      0.02
04:39:15 AM      0.00      0.00      0.00      0.01      0.00      0.00      0.00      0.01
04:39:20 AM      0.00      0.00      0.00      0.01      0.00      0.00      0.00      0.01
04:39:25 AM      0.00      0.00      0.00      0.02      0.00      0.00      0.00      0.02
04:39:30 AM      0.00      0.00      0.00      0.01      0.00      0.00      0.00      0.01
04:39:35 AM      0.00      0.00      0.00      0.09      0.00      0.00      0.00      0.09
04:39:40 AM      0.00      0.00      0.00      0.03      0.00      0.00      0.00      0.03
04:39:45 AM      0.00      0.00      0.00      0.01      0.00      0.00      0.00      0.01
04:39:50 AM      0.00      0.00      0.00      0.04      0.00      0.00      0.00      0.04
04:39:55 AM      0.00      0.00      0.00      0.11      0.00      0.00      0.00      0.11
04:40:00 AM      0.00      0.00      0.00      0.11      0.00      0.00      0.00      0.10
04:40:05 AM      0.00      0.00      0.00      0.04      0.00      0.00      0.00      0.04
04:40:10 AM      0.00      0.00      0.00      0.06      0.00      0.00      0.00      0.06
04:40:15 AM      0.00      0.00      0.00      0.16      0.00      0.00      0.00      0.16
04:40:20 AM      0.00      0.00      0.00      0.08      0.00      0.00      0.00      0.08
04:40:25 AM      0.00      0.00      0.00      0.03      0.00      0.00      0.00      0.03
04:40:30 AM      0.00      0.00      0.00      0.04      0.00      0.00      0.00      0.04
04:40:35 AM      0.00      0.00      0.00      0.14      0.00      0.00      0.00      0.14
04:40:40 AM      0.00      0.00      0.00      0.05      0.00      0.00      0.00      0.05
04:40:45 AM      0.00      0.00      0.00      0.04      0.00      0.00      0.00      0.04
04:40:50 AM      0.00      0.00      0.00      0.05      0.00      0.00      0.00      0.05
04:40:55 AM      0.00      0.00      0.00      0.02      0.00      0.00      0.00      0.02
04:41:00 AM      0.00      0.00      0.00      0.06      0.00      0.00      0.00      0.06
04:41:05 AM      0.00      0.00      0.00      0.04      0.00      0.00      0.00      0.04
04:41:10 AM      0.00      0.00      0.00      0.01      0.00      0.00      0.00      0.01
04:41:15 AM      0.00      0.00      0.00      0.01      0.00      0.00      0.00      0.01
04:41:20 AM      0.00      0.00      0.00      0.02      0.00      0.00      0.00      0.02
04:41:25 AM      0.00      0.00      0.00      0.03      0.00      0.00      0.00      0.02
04:41:30 AM      0.00      0.00      0.00      0.00      0.00      0.00      0.00      0.00
04:41:35 AM      0.00      0.00      0.00      0.00      0.00      0.00      0.00      0.00
04:41:40 AM      0.00      0.00      0.00      0.00      0.00      0.00      0.00      0.00
04:41:45 AM      0.00      0.00      0.00      0.02      0.00      0.00      0.00      0.02
04:41:50 AM      0.00      0.00      0.00      0.01      0.00      0.00      0.00      0.01
04:41:55 AM      0.00      0.00      0.00      0.02      0.00      0.00      0.00      0.02
04:42:00 AM      0.00      0.00      0.00      0.01      0.00      0.00      0.00      0.01
04:42:05 AM      0.00      0.00      0.00      0.01      0.00      0.00      0.00      0.01
04:42:10 AM      0.00      0.00      0.00      0.03      0.00      0.00      0.00      0.03
04:42:15 AM      0.00      0.00      0.00      0.04      0.00      0.00      0.00      0.03
04:42:20 AM      0.00      0.00      0.00      0.02      0.00      0.00      0.00      0.02
04:42:25 AM      0.00      0.00      0.00      0.07      0.00      0.00      0.00      0.07
04:42:30 AM      0.00      0.00      0.00      0.02      0.00      0.00      0.00      0.02
04:42:35 AM      0.00      0.00      0.00      0.00      0.00      0.00      0.00      0.00
04:42:40 AM      0.00      0.00      0.00      0.03      0.00      0.00      0.00      0.03
04:42:45 AM      0.00      0.00      0.00      0.01      0.00      0.00      0.00      0.01
04:42:50 AM      0.00      0.00      0.00      0.01      0.00      0.00      0.00      0.01
04:42:55 AM      0.00      0.00      0.00      0.01      0.00      0.00      0.00      0.01
04:43:00 AM      0.00      0.00      0.00      0.01      0.00      0.00      0.00      0.01
04:43:05 AM      0.00      0.00      0.00      0.05      0.00      0.00      0.00      0.05
04:43:10 AM      0.00      0.00      0.00      0.02      0.00      0.00      0.00      0.02
04:43:15 AM      0.00      0.00      0.00      0.02      0.00      0.00      0.00      0.02
04:43:20 AM      0.00      0.00      0.00      0.01      0.00      0.00      0.00      0.01
04:43:25 AM      0.00      0.00      0.00      0.01      0.00      0.00      0.00      0.01
04:43:30 AM      0.00      0.00      0.00      0.01      0.00      0.00      0.00      0.01
04:43:35 AM      0.00      0.00      0.00      0.04      0.00      0.00      0.00      0.04
04:43:40 AM      0.00      0.00      0.00      0.00      0.00      0.00      0.00      0.00
04:43:45 AM      0.00      0.00      0.00      0.00      0.00      0.00      0.00      0.00
04:43:50 AM      0.00      0.00      0.00      0.00      0.00      0.00      0.00      0.00
04:43:55 AM      0.00      0.00      0.00      0.00      0.00      0.00      0.00      0.00
04:44:00 AM      0.00      0.00      0.00      0.04      0.00      0.00      0.00      0.04
04:44:05 AM      0.00      0.00      0.00      0.02      0.00      0.00      0.00      0.02
04:44:10 AM      0.00      0.00      0.00      0.13      0.00      0.00      0.00      0.10
04:44:15 AM      0.12      0.02      0.00      0.46      0.00      0.00      0.00      0.36
04:44:20 AM      0.08      0.02      0.00      0.03      0.00      0.00      0.00      0.03
04:44:25 AM      0.04      0.02      0.00      0.10      0.00      0.00      0.00      0.10
04:44:30 AM      0.02      0.02      0.00      0.08      0.00      0.00      0.00      0.08
04:44:35 AM      0.01      0.02      0.00      0.10      0.00      0.00      0.00      0.09
04:44:40 AM      0.00      0.01      0.00      0.03      0.00      0.00      0.00      0.03
04:44:45 AM      0.00      0.01      0.00      0.02      0.00      0.00      0.00      0.02
04:44:50 AM      0.00      0.01      0.00      0.02      0.00      0.00      0.00      0.02
04:44:55 AM      0.00      0.01      0.00      0.05      0.00      0.00      0.00      0.04
04:45:00 AM      0.00      0.01      0.00      0.00      0.00      0.00      0.00      0.00
04:45:05 AM      0.00      0.00      0.00      0.03      0.00      0.00      0.00      0.03
04:45:10 AM      0.00      0.00      0.00      0.12      0.00      0.00      0.00      0.12
04:45:15 AM      0.00      0.00      0.00      0.02      0.00      0.00      0.00      0.02
04:45:20 AM      0.00      0.00      0.00      0.07      0.00      0.00      0.00      0.07
04:45:25 AM      0.00      0.00      0.00      0.05      0.00      0.00      0.00      0.05
04:45:30 AM      0.00      0.00      0.00      0.09      0.00      0.00      0.00      0.09
04:45:35 AM      0.00      0.00      0.00      0.05      0.00      0.00      0.00      0.05
04:45:40 AM      0.00      0.00      0.00      0.07      0.00      0.00      0.00      0.07
04:45:45 AM      0.00      0.00      0.00      0.03      0.00      0.00      0.00      0.03
04:45:50 AM      0.00      0.00      0.00      0.06      0.00      0.00      0.00      0.06
04:45:55 AM      0.00      0.00      0.00      0.12      0.00      0.00      0.00      0.12
04:46:00 AM      0.00      0.00      0.00      0.04      0.00      0.00      0.00      0.04
04:46:05 AM      0.00      0.00      0.00      0.06      0.00      0.00      0.00      0.06
04:46:10 AM      0.00      0.00      0.00      0.01      0.00      0.00      0.00      0.01
04:46:15 AM      0.00      0.00      0.00      0.01      0.00      0.00      0.00      0.01
04:46:20 AM      0.00      0.00      0.00      0.00      0.00      0.00      0.00      0.00
04:46:25 AM      0.00      0.00      0.00      0.00      0.00      0.00      0.00      0.00
04:46:30 AM      0.00      0.00      0.00      0.00      0.00      0.00      0.00      0.00
04:46:35 AM      0.00      0.00      0.00      0.01      0.00      0.00      0.00      0.01
04:46:40 AM      0.00      0.00      0.00      0.01      0.00      0.00      0.00      0.01
04:46:45 AM      0.00      0.00      0.00      0.06      0.00      0.00      0.00      0.06
04:46:50 AM      0.00      0.00      0.00      0.01      0.00      0.00      0.00      0.01
04:46:55 AM      0.00      0.00      0.00      0.05      0.00      0.00      0.00      0.04
04:47:00 AM      0.00      0.00      0.00      0.06      0.00      0.00      0.00      0.06
04:47:05 AM      0.00      0.00      0.00      0.01      0.00      0.00      0.00      0.01
04:47:10 AM      0.00      0.00      0.00      0.00      0.00      0.00      0.00      0.00
04:47:15 AM      0.00      0.00      0.00      0.02      0.00      0.00      0.00      0.02
04:47:20 AM      0.00      0.00      0.00      0.09      0.00      0.00      0.00      0.08
04:47:25 AM      0.00      0.00      0.00      0.08      0.00      0.00      0.00      0.08
04:47:30 AM      0.00      0.00      0.00      0.04      0.00      0.00      0.00      0.04
04:47:35 AM      0.00      0.00      0.00      0.09      0.00      0.00      0.00      0.08
04:47:40 AM      0.00      0.00      0.00      0.07      0.00      0.00      0.00      0.07
04:47:45 AM      0.00      0.00      0.00      0.00      0.00      0.00      0.00      0.00
04:47:50 AM      0.00      0.00      0.00      0.00      0.00      0.00      0.00      0.00
04:47:55 AM      0.00      0.00      0.00      0.00      0.00      0.00      0.00      0.00
04:48:00 AM      0.00      0.00      0.00      0.03      0.00      0.00      0.00      0.03
04:48:05 AM      0.00      0.00      0.00      0.05      0.00      0.00      0.00      0.05
04:48:10 AM      0.00      0.00      0.00      0.14      0.00      0.00      0.00      0.14
04:48:15 AM      0.00      0.00      0.00      0.06      0.00      0.00      0.00      0.06
04:48:20 AM      0.00      0.00      0.00      0.08      0.00      0.00      0.00      0.08
04:48:25 AM      0.00      0.00      0.00      0.04      0.00      0.00      0.00      0.04
04:48:30 AM      0.00      0.00      0.00      0.04      0.00      0.00      0.00      0.04
04:48:35 AM      0.00      0.00      0.00      0.06      0.00      0.00      0.00      0.06
04:48:40 AM      0.00      0.00      0.00      0.07      0.00      0.00      0.00      0.07
04:48:45 AM      0.00      0.00      0.00      0.08      0.00      0.00      0.00      0.08
04:48:50 AM      0.00      0.00      0.00      0.07      0.00      0.00      0.00      0.07
04:48:55 AM      0.00      0.00      0.00      0.09      0.00      0.00      0.00      0.08
04:49:00 AM      0.00      0.00      0.00      0.01      0.00      0.00      0.00      0.01
04:49:05 AM      0.00      0.00      0.00      0.04      0.00      0.00      0.00      0.04
04:49:10 AM      0.00      0.00      0.00      0.06      0.00      0.00      0.00      0.06
04:49:15 AM      0.00      0.00      0.00      0.08      0.00      0.00      0.00      0.08
04:49:20 AM      0.00      0.00      0.00      0.05      0.00      0.00      0.00      0.05
04:49:25 AM      0.00      0.00      0.00      0.08      0.00      0.00      0.00      0.08
04:49:30 AM      0.00      0.00      0.00      0.03      0.00      0.00      0.00      0.03
04:49:35 AM      0.00      0.00      0.00      0.06      0.00      0.00      0.00      0.06
04:49:40 AM      0.00      0.00      0.00      0.12      0.00      0.00      0.00      0.12
04:49:45 AM      0.00      0.00      0.00      0.06      0.00      0.00      0.00      0.06
04:49:50 AM      0.00      0.00      0.00      0.09      0.00      0.00      0.00      0.09
04:49:55 AM      0.00      0.00      0.00      0.08      0.00      0.00      0.00      0.08
04:50:00 AM      0.00      0.00      0.00      0.08      0.00      0.00      0.00      0.08
04:50:05 AM      0.00      0.00      0.00      0.00      0.00      0.00      0.00      0.00
04:50:10 AM      0.00      0.00      0.00      0.05      0.00      0.00      0.00      0.05
04:50:15 AM      0.00      0.00      0.00      0.14      0.00      0.00      0.00      0.14
04:50:20 AM      0.00      0.00      0.00      0.04      0.00      0.00      0.00      0.04
04:50:25 AM      0.00      0.00      0.00      0.09      0.00      0.00      0.00      0.09
04:50:30 AM      0.00      0.00      0.00      0.05      0.00      0.00      0.00      0.05
04:50:35 AM      0.00      0.00      0.00      0.07      0.00      0.00      0.00      0.07
04:50:40 AM      0.00      0.00      0.00      0.06      0.00      0.00      0.00      0.06
04:50:45 AM      0.00      0.00      0.00      0.06      0.00      0.00      0.00      0.05
04:50:50 AM      0.00      0.00      0.00      0.09      0.00      0.00      0.00      0.09
04:50:55 AM      0.00      0.00      0.00      0.07      0.00      0.00      0.00      0.07
04:51:00 AM      0.00      0.00      0.00      0.08      0.00      0.00      0.00      0.08
04:51:05 AM      0.00      0.00      0.00      0.04      0.00      0.00      0.00      0.04
04:51:10 AM      0.00      0.00      0.00      0.04      0.00      0.00      0.00      0.04
04:51:15 AM      0.00      0.00      0.00      0.07      0.00      0.00      0.00      0.07
04:51:20 AM      0.00      0.00      0.00      0.09      0.00      0.00      0.00      0.09
04:51:25 AM      0.00      0.00      0.00      0.05      0.00      0.00      0.00      0.05
04:51:30 AM      0.00      0.00      0.00      0.07      0.00      0.00      0.00      0.07
04:51:35 AM      0.00      0.00      0.00      0.08      0.00      0.00      0.00      0.08
04:51:40 AM      0.00      0.00      0.00      0.02      0.00      0.00      0.00      0.02
04:51:45 AM      0.00      0.00      0.00      0.09      0.00      0.00      0.00      0.09
04:51:50 AM      0.00      0.00      0.00      0.05      0.00      0.00      0.00      0.05
04:51:55 AM      0.00      0.00      0.00      0.08      0.00      0.00      0.00      0.08
04:52:00 AM      0.00      0.00      0.00      0.04      0.00      0.00      0.00      0.04
04:52:05 AM      0.00      0.00      0.00      0.13      0.00      0.00      0.00      0.13
04:52:10 AM      0.00      0.00      0.00      0.03      0.00      0.00      0.00      0.03
04:52:15 AM      0.00      0.00      0.00      0.06      0.00      0.00      0.00      0.05
04:52:20 AM      0.00      0.00      0.00      0.04      0.00      0.00      0.00      0.04
04:52:25 AM      0.00      0.00      0.00      0.02      0.00      0.00      0.00      0.02
04:52:30 AM      0.00      0.00      0.00      0.04      0.00      0.00      0.00      0.04
04:52:35 AM      0.00      0.00      0.00      0.02      0.00      0.00      0.00      0.02
04:52:40 AM      0.00      0.00      0.00      0.04      0.00      0.00      0.00      0.03
04:52:45 AM      0.00      0.00      0.00      0.01      0.00      0.00      0.00      0.01
04:52:50 AM      0.00      0.00      0.00      0.01      0.00      0.00      0.00      0.01
04:52:55 AM      0.00      0.00      0.00      0.01      0.00      0.00      0.00      0.01
04:53:00 AM      0.00      0.00      0.00      0.02      0.00      0.00      0.00      0.02
04:53:05 AM      0.00      0.00      0.00      0.01      0.00      0.00      0.00      0.01
04:53:10 AM      0.00      0.00      0.00      0.03      0.00      0.00      0.00      0.03
04:53:15 AM      0.00      0.00      0.00      0.00      0.00      0.00      0.00      0.00
04:53:20 AM      0.00      0.00      0.00      0.09      0.00      0.00      0.00      0.09
04:53:25 AM      0.00      0.00      0.00      0.08      0.00      0.00      0.00      0.08
04:53:30 AM      0.00      0.00      0.00      0.04      0.00      0.00      0.00      0.04
04:53:35 AM      0.00      0.00      0.00      0.05      0.00      0.00      0.00      0.05
04:53:40 AM      0.00      0.00      0.00      0.09      0.00      0.00      0.00      0.09
04:53:45 AM      0.00      0.00      0.00      0.06      0.00      0.00      0.00      0.05
04:53:50 AM      0.00      0.00      0.00      0.11      0.00      0.00      0.00      0.11
04:53:55 AM      0.00      0.00      0.00      0.05      0.00      0.00      0.00      0.05
04:54:00 AM      0.00      0.00      0.00      0.08      0.00      0.00      0.00      0.08
04:54:05 AM      0.00      0.00      0.00      0.27      0.00      0.00      0.00      0.27
04:54:10 AM      0.00      0.00      0.00      0.06      0.00      0.00      0.00      0.06
04:54:15 AM      0.00      0.00      0.00      0.37      0.00      0.00      0.00      0.18
04:54:20 AM      0.00      0.00      0.00      0.00      0.00      0.00      0.00      0.00
04:54:25 AM      0.00      0.00      0.00      0.00      0.00      0.00      0.00      0.00
04:54:30 AM      0.00      0.00      0.00      0.01      0.00      0.00      0.00      0.01
04:54:35 AM      0.00      0.00      0.00      0.02      0.00      0.00      0.00      0.02
04:54:40 AM      0.00      0.00      0.00      0.01      0.00      0.00      0.00      0.01
04:54:45 AM      0.00      0.00      0.00      0.02      0.00      0.00      0.00      0.02
04:54:50 AM      0.00      0.00      0.00      0.01      0.00      0.00      0.00      0.01
04:54:55 AM      0.00      0.00      0.00      0.00      0.00      0.00      0.00      0.00
04:55:00 AM      0.00      0.00      0.00      0.01      0.00      0.00      0.00      0.01
04:55:05 AM      0.00      0.00      0.00      0.01      0.00      0.00      0.00      0.01
04:55:10 AM      0.00      0.00      0.00      0.03      0.00      0.00      0.00      0.03
04:55:15 AM      0.00      0.00      0.00      0.01      0.00      0.00      0.00      0.01
04:55:20 AM      0.00      0.00      0.00      0.02      0.00      0.00      0.00      0.01
04:55:25 AM      0.00      0.00      0.00      0.01      0.00      0.00      0.00      0.01
04:55:30 AM      0.00      0.00      0.00      0.00      0.00      0.00      0.00      0.00
04:55:35 AM      0.00      0.00      0.00      0.03      0.00      0.00      0.00      0.03
04:55:40 AM      0.00      0.00      0.00      0.01      0.00      0.00      0.00      0.01
04:55:45 AM      0.00      0.00      0.00      0.01      0.00      0.00      0.00      0.01
04:55:50 AM      0.00      0.00      0.00      0.01      0.00      0.00      0.00      0.01
04:55:55 AM      0.00      0.00      0.00      0.09      0.00      0.00      0.00      0.09
04:56:00 AM      0.00      0.00      0.00      0.01      0.00      0.00      0.00      0.01
04:56:05 AM      0.00      0.00      0.00      0.00      0.00      0.00      0.00      0.00
04:56:10 AM      0.00      0.00      0.00      0.01      0.00      0.00      0.00      0.01
04:56:15 AM      0.00      0.00      0.00      0.03      0.00      0.00      0.00      0.03
04:56:20 AM      0.00      0.00      0.00      0.01      0.00      0.00      0.00      0.01
04:56:25 AM      0.00      0.00      0.00      0.01      0.00      0.00      0.00      0.01
04:56:30 AM      0.00      0.00      0.00      0.01      0.00      0.00      0.00      0.01
04:56:35 AM      0.00      0.00      0.00      0.00      0.00      0.00      0.00      0.00
04:56:40 AM      0.00      0.00      0.00      0.01      0.00      0.00      0.00      0.01
04:56:45 AM      0.00      0.00      0.00      0.03      0.00      0.00      0.00      0.02
04:56:50 AM      0.00      0.00      0.00      0.05      0.00      0.00      0.00      0.05
04:56:55 AM      0.00      0.00      0.00      0.02      0.00      0.00      0.00      0.02
04:57:00 AM      0.00      0.00      0.00      0.02      0.00      0.00      0.00      0.02
04:57:05 AM      0.00      0.00      0.00      0.01      0.00      0.00      0.00      0.01
04:57:10 AM      0.00      0.00      0.00      0.00      0.00      0.00      0.00      0.00
04:57:15 AM      0.00      0.00      0.00      0.00      0.00      0.00      0.00      0.00
04:57:20 AM      0.00      0.00      0.00      0.00      0.00      0.00      0.00      0.00
04:57:25 AM      0.00      0.00      0.00      0.00      0.00      0.00      0.00      0.00
04:57:30 AM      0.00      0.00      0.00      0.00      0.00      0.00      0.00      0.00
04:57:35 AM      0.00      0.00      0.00      0.01      0.00      0.00      0.00      0.01
04:57:40 AM      0.00      0.00      0.00      0.02      0.00      0.00      0.00      0.02
04:57:45 AM      0.00      0.00      0.00      0.04      0.00      0.00      0.00      0.04
04:57:50 AM      0.00      0.00      0.00      0.01      0.00      0.00      0.00      0.01
04:57:55 AM      0.00      0.00      0.00      0.02      0.00      0.00      0.00      0.02
04:58:00 AM      0.00      0.00      0.00      0.01      0.00      0.00      0.00      0.01
04:58:05 AM      0.00      0.00      0.00      0.01      0.00      0.00      0.00      0.01
04:58:10 AM      0.00      0.00      0.00      0.05      0.00      0.00      0.00      0.05
04:58:15 AM      0.00      0.00      0.00      0.01      0.00      0.00      0.00      0.01
04:58:20 AM      0.00      0.00      0.00      0.02      0.00      0.00      0.00      0.02
04:58:25 AM      0.00      0.00      0.00      0.03      0.00      0.00      0.00      0.03
04:58:30 AM      0.00      0.00      0.00      0.02      0.00      0.00      0.00      0.02
04:58:35 AM      0.00      0.00      0.00      0.04      0.00      0.00      0.00      0.04
04:58:40 AM      0.00      0.00      0.00      0.01      0.00      0.00      0.00      0.01
04:58:45 AM      0.00      0.00      0.00      0.01      0.00      0.00      0.00      0.01
04:58:50 AM      0.00      0.00      0.00      0.01      0.00      0.00      0.00      0.01
04:58:55 AM      0.00      0.00      0.00      0.02      0.00      0.00      0.00      0.01
04:59:00 AM      0.00      0.00      0.00      0.01      0.00      0.00      0.00      0.01
04:59:05 AM      0.00      0.00      0.00      0.06      0.00      0.00      0.00      0.06
04:59:10 AM      0.00      0.00      0.00      0.04      0.00      0.00      0.00      0.04
04:59:15 AM      0.00      0.00      0.00      0.03      0.00      0.00      0.00      0.03
04:59:20 AM      0.00      0.00      0.00      0.02      0.00      0.00      0.00      0.02
04:59:25 AM      0.00      0.00      0.00      0.05      0.00      0.00      0.00      0.05
04:59:30 AM      0.00      0.00      0.00      0.01      0.00      0.00      0.00      0.01
04:59:35 AM      0.00      0.00      0.00      0.00      0.00      0.00      0.00      0.00
04:59:40 AM      0.00      0.00      0.00      0.02      0.00      0.00      0.00      0.02
04:59:45 AM      0.00      0.00      0.00      0.02      0.00      0.00      0.00      0.01
04:59:50 AM      0.00      0.00      0.00      0.01      0.00      0.00      0.00      0.01
04:59:55 AM      0.00      0.00      0.00      0.03      0.00      0.00      0.00      0.03
05:00:00 AM      0.00      0.00      0.00      0.01      0.00      0.00      0.00      0.01
05:00:05 AM      0.00      0.00      0.00      0.02      0.00      0.00      0.00      0.02
05:00:10 AM      0.00      0.00      0.00      0.01      0.00      0.00      0.00      0.01
05:00:15 AM      0.00      0.00      0.00      0.01      0.00      0.00      0.00      0.01
05:00:20 AM      0.00      0.00      0.00      0.04      0.00      0.00      0.00      0.03
05:00:25 AM      0.00      0.00      0.00      0.10      0.00      0.00      0.00      0.10
05:00:30 AM      0.00      0.00      0.00      0.03      0.00      0.00      0.00      0.03
05:00:35 AM      0.00      0.00      0.00      0.06      0.00      0.00      0.00      0.06
05:00:40 AM      0.00      0.00      0.00      0.06      0.00      0.00      0.00      0.06
05:00:45 AM      0.00      0.00      0.00      0.04      0.00      0.00      0.00      0.03
05:00:50 AM      0.00      0.00      0.00      0.11      0.00      0.00      0.00      0.11
05:00:55 AM      0.00      0.00      0.00      0.07      0.00      0.00      0.00      0.07
05:01:00 AM      0.00      0.00      0.00      0.13      0.00      0.00      0.00      0.13
05:01:05 AM      0.00      0.00      0.00      0.04      0.00      0.00      0.00      0.04
05:01:10 AM      0.00      0.00      0.00      0.07      0.00      0.00      0.00      0.07
05:01:15 AM      0.00      0.00      0.00      0.01      0.00      0.00      0.00      0.01
05:01:20 AM      0.00      0.00      0.00      0.06      0.00      0.00      0.00      0.05
05:01:25 AM      0.00      0.00      0.00      0.02      0.00      0.00      0.00      0.02
05:01:30 AM      0.00      0.00      0.00      0.03      0.00      0.00      0.00      0.03
05:01:35 AM      0.00      0.00      0.00      0.01      0.00      0.00      0.00      0.01
05:01:40 AM      0.00      0.00      0.00      0.01      0.00      0.00      0.00      0.01
05:01:45 AM      0.00      0.00      0.00      0.02      0.00      0.00      0.00      0.02
05:01:50 AM      0.00      0.00      0.00      0.03      0.00      0.00      0.00      0.03
05:01:55 AM      0.00      0.00      0.00      0.01      0.00      0.00      0.00      0.01
05:02:00 AM      0.00      0.00      0.00      0.01      0.00      0.00      0.00      0.01
05:02:05 AM      0.00      0.00      0.00      0.02      0.00      0.00      0.00      0.02
05:02:10 AM      0.00      0.00      0.00      0.09      0.00      0.00      0.00      0.09
05:02:15 AM      0.00      0.00      0.00      0.07      0.00      0.00      0.00      0.06
05:02:20 AM      0.00      0.00      0.00      0.08      0.00      0.00      0.00      0.08
05:02:25 AM      0.00      0.00      0.00      0.06      0.00      0.00      0.00      0.06
05:02:30 AM      0.00      0.00      0.00      0.10      0.00      0.00      0.00      0.10
05:02:35 AM      0.00      0.00      0.00      0.04      0.00      0.00      0.00      0.04
05:02:40 AM      0.00      0.00      0.00      0.01      0.00      0.00      0.00      0.01
05:02:45 AM      0.00      0.00      0.00      0.00      0.00      0.00      0.00      0.00
05:02:50 AM      0.00      0.00      0.00      0.02      0.00      0.00      0.00      0.02
05:02:55 AM      0.00      0.00      0.00      0.04      0.00      0.00      0.00      0.04
05:03:00 AM      0.00      0.00      0.00      0.05      0.00      0.00      0.00      0.05
05:03:05 AM      0.00      0.00      0.00      0.02      0.00      0.00      0.00      0.02
05:03:10 AM      0.00      0.00      0.00      0.02      0.00      0.00      0.00      0.02
05:03:15 AM      0.00      0.00      0.00      0.01      0.00      0.00      0.00      0.01
05:03:20 AM      0.00      0.00      0.00      0.01      0.00      0.00      0.00      0.01
05:03:25 AM      0.00      0.00      0.00      0.01      0.00      0.00      0.00      0.01
05:03:30 AM      0.00      0.00      0.00      0.03      0.00      0.00      0.00      0.03
05:03:35 AM      0.00      0.00      0.00      0.01      0.00      0.00      0.00      0.01
05:03:40 AM      0.00      0.00      0.00      0.01      0.00      0.00      0.00      0.01
05:03:45 AM      0.00      0.00      0.00      0.03      0.00      0.00      0.00      0.03
05:03:50 AM      0.00      0.00      0.00      0.04      0.00      0.00      0.00      0.04
05:03:55 AM      0.00      0.00      0.00      0.03      0.00      0.00      0.00      0.03
05:04:00 AM      0.00      0.00      0.00      0.01      0.00      0.00      0.00      0.01
05:04:05 AM      0.00      0.00      0.00      0.01      0.00      0.00      0.00      0.01
05:04:10 AM      0.00      0.00      0.00      0.00      0.00      0.00      0.00      0.00
05:04:15 AM      0.00      0.00      0.00      0.00      0.00      0.00      0.00      0.00
05:04:20 AM      0.00      0.00      0.00      0.00      0.00      0.00      0.00      0.00
05:04:25 AM      0.00      0.00      0.00      0.02      0.00      0.00      0.00      0.02
05:04:30 AM      0.00      0.00      0.00      0.02      0.00      0.00      0.00      0.02
05:04:35 AM      0.00      0.00      0.00      0.01      0.00      0.00      0.00      0.01
05:04:40 AM      0.00      0.00      0.00      0.02      0.00      0.00      0.00      0.02
05:04:45 AM      0.00      0.00      0.00      0.01      0.00      0.00      0.00      0.01
05:04:50 AM      0.00      0.00      0.00      0.00      0.00      0.00      0.00      0.00
05:04:55 AM      0.00      0.00      0.00      0.05      0.00      0.00      0.00      0.05
05:05:00 AM      0.00      0.00      0.00      0.01      0.00      0.00      0.00      0.01
05:05:05 AM      0.00      0.00      0.00      0.01      0.00      0.00      0.00      0.01
05:05:10 AM      0.00      0.00      0.00      0.04      0.00      0.00      0.00      0.04
05:05:15 AM      0.00      0.00      0.00      0.00      0.00      0.00      0.00      0.00
05:05:20 AM      0.00      0.00      0.00      0.03      0.00      0.00      0.00      0.02
05:05:25 AM      0.00      0.00      0.00      0.03      0.00      0.00      0.00      0.03
05:05:30 AM      0.00      0.00      0.00      0.08      0.00      0.00      0.00      0.08
05:05:35 AM      0.00      0.00      0.00      0.05      0.00      0.00      0.00      0.05
05:05:40 AM      0.00      0.00      0.00      0.12      0.00      0.00      0.00      0.12
05:05:45 AM      0.00      0.00      0.00      0.02      0.00      0.00      0.00      0.02
05:05:50 AM      0.00      0.00      0.00      0.05      0.00      0.00      0.00      0.05
05:05:55 AM      0.00      0.00      0.00      0.01      0.00      0.00      0.00      0.01
05:06:00 AM      0.00      0.00      0.00      0.05      0.00      0.00      0.00      0.05
05:06:05 AM      0.00      0.00      0.00      0.09      0.00      0.00      0.00      0.09
05:06:10 AM      0.00      0.00      0.00      0.07      0.00      0.00      0.00      0.07
05:06:15 AM      0.00      0.00      0.00      0.10      0.00      0.00      0.00      0.10
05:06:20 AM      0.00      0.00      0.00      0.02      0.00      0.00      0.00      0.02
05:06:25 AM      0.00      0.00      0.00      0.00      0.00      0.00      0.00      0.00
05:06:30 AM      0.00      0.00      0.00      0.09      0.00      0.00      0.00      0.09
05:06:35 AM      0.00      0.00      0.00      0.05      0.00      0.00      0.00      0.05
05:06:40 AM      0.00      0.00      0.00      0.07      0.00      0.00      0.00      0.07
05:06:45 AM      0.00      0.00      0.00      0.06      0.00      0.00      0.00      0.06
05:06:50 AM      0.00      0.00      0.00      0.07      0.00      0.00      0.00      0.06
05:06:55 AM      0.00      0.00      0.00      0.02      0.00      0.00      0.00      0.02
05:07:00 AM      0.00      0.00      0.00      0.08      0.00      0.00      0.00      0.08
05:07:05 AM      0.00      0.00      0.00      0.04      0.00      0.00      0.00      0.04
05:07:10 AM      0.00      0.00      0.00      0.03      0.00      0.00      0.00      0.03
05:07:15 AM      0.00      0.00      0.00      0.09      0.00      0.00      0.00      0.09
05:07:20 AM      0.00      0.00      0.00      0.03      0.00      0.00      0.00      0.03
05:07:25 AM      0.00      0.00      0.00      0.09      0.00      0.00      0.00      0.09
05:07:30 AM      0.00      0.00      0.00      0.00      0.00      0.00      0.00      0.00
05:07:35 AM      0.00      0.00      0.00      0.00      0.00      0.00      0.00      0.00
05:07:40 AM      0.00      0.00      0.00      0.00      0.00      0.00      0.00      0.00
05:07:45 AM      0.00      0.00      0.00      0.00      0.00      0.00      0.00      0.00
05:07:50 AM      0.00      0.00      0.00      0.03      0.00      0.00      0.00      0.03
05:07:55 AM      0.00      0.00      0.00      0.05      0.00      0.00      0.00      0.05
05:08:00 AM      0.00      0.00      0.00      0.10      0.00      0.00      0.00      0.10
05:08:05 AM      0.00      0.00      0.00      0.06      0.00      0.00      0.00      0.06
05:08:10 AM      0.00      0.00      0.00      0.06      0.00      0.00      0.00      0.06
05:08:15 AM      0.00      0.00      0.00      0.07      0.00      0.00      0.00      0.07
05:08:20 AM      0.00      0.00      0.00      0.00      0.00      0.00      0.00      0.00
05:08:25 AM      0.00      0.00      0.00      0.02      0.00      0.00      0.00      0.02
05:08:30 AM      0.00      0.00      0.00      0.04      0.00      0.00      0.00      0.03
05:08:35 AM      0.00      0.00      0.00      0.01      0.00      0.00      0.00      0.01
05:08:40 AM      0.00      0.00      0.00      0.03      0.00      0.00      0.00      0.03
05:08:45 AM      0.00      0.00      0.00      0.02      0.00      0.00      0.00      0.02
05:08:50 AM      0.00      0.00      0.00      0.03      0.00      0.00      0.00      0.03
05:08:55 AM      0.00      0.00      0.00      0.01      0.00      0.00      0.00      0.01
05:09:00 AM      0.00      0.00      0.00      0.00      0.00      0.00      0.00      0.00
05:09:05 AM      0.00      0.00      0.00      0.00      0.00      0.00      0.00      0.00
05:09:10 AM      0.00      0.00      0.00      0.00      0.00      0.00      0.00      0.00
05:09:15 AM      0.00      0.00      0.00      0.01      0.00      0.00      0.00      0.01
05:09:20 AM      0.00      0.00      0.00      0.25      0.00      0.00      0.00      0.17
05:09:25 AM      0.00      0.00      0.00      0.02      0.00      0.00      0.00      0.02
05:09:30 AM      0.00      0.00      0.00      0.03      0.00      0.00      0.00      0.03
05:09:35 AM      0.00      0.00      0.00      0.01      0.00      0.00      0.00      0.01
05:09:40 AM      0.00      0.00      0.00      0.01      0.00      0.00      0.00      0.01
05:09:45 AM      0.00      0.00      0.00      0.01      0.00      0.00      0.00      0.01
05:09:50 AM      0.00      0.00      0.00      0.01      0.00      0.00      0.00      0.01
05:09:55 AM      0.00      0.00      0.00      0.02      0.00      0.00      0.00      0.02
05:10:00 AM      0.00      0.00      0.00      0.01      0.00      0.00      0.00      0.01
05:10:05 AM      0.00      0.00      0.00      0.05      0.00      0.00      0.00      0.05
05:10:10 AM      0.00      0.00      0.00      0.00      0.00      0.00      0.00      0.00
05:10:15 AM      0.00      0.00      0.00      0.02      0.00      0.00      0.00      0.02
05:10:20 AM      0.00      0.00      0.00      0.05      0.00      0.00      0.00      0.03
05:10:25 AM      0.00      0.00      0.00      0.05      0.00      0.00      0.00      0.04
05:10:30 AM      0.00      0.00      0.00      0.01      0.00      0.00      0.00      0.01
05:10:35 AM      0.00      0.00      0.00      0.05      0.00      0.00      0.00      0.04
05:10:40 AM      0.00      0.00      0.00      0.00      0.00      0.00      0.00      0.00
05:10:45 AM      0.00      0.00      0.00      0.03      0.00      0.00      0.00      0.03
05:10:50 AM      0.00      0.00      0.00      0.11      0.00      0.00      0.00      0.11
05:10:55 AM      0.00      0.00      0.00      0.03      0.00      0.00      0.00      0.03
05:11:00 AM      0.00      0.00      0.00      0.02      0.00      0.00      0.00      0.02
05:11:05 AM      0.00      0.00      0.00      0.03      0.00      0.00      0.00      0.03
05:11:10 AM      0.00      0.00      0.00      0.02      0.00      0.00      0.00      0.02
05:11:15 AM      0.00      0.00      0.00      0.04      0.00      0.00      0.00      0.04
05:11:20 AM      0.00      0.00      0.00      0.05      0.00      0.00      0.00      0.05
05:11:25 AM      0.00      0.00      0.00      0.01      0.00      0.00      0.00      0.01
05:11:30 AM      0.00      0.00      0.00      0.04      0.00      0.00      0.00      0.04
05:11:35 AM      0.00      0.00      0.00      0.02      0.00      0.00      0.00      0.02
05:11:40 AM      0.00      0.00      0.00      0.01      0.00      0.00      0.00      0.01
05:11:45 AM      0.00      0.00      0.00      0.02      0.00      0.00      0.00      0.02
05:11:50 AM      0.00      0.00      0.00      0.00      0.00      0.00      0.00      0.00
05:11:55 AM      0.00      0.00      0.00      0.02      0.00      0.00      0.00      0.02
05:12:00 AM      0.00      0.00      0.00      0.01      0.00      0.00      0.00      0.01
05:12:05 AM      0.00      0.00      0.00      0.02      0.00      0.00      0.00      0.02
05:12:10 AM      0.00      0.00      0.00      0.01      0.00      0.00      0.00      0.01
05:12:15 AM      0.00      0.00      0.00      0.01      0.00      0.00      0.00      0.01
05:12:20 AM      0.00      0.00      0.00      0.02      0.00      0.00      0.00      0.02
05:12:25 AM      0.00      0.00      0.00      0.03      0.00      0.00      0.00      0.03
05:12:30 AM      0.00      0.00      0.00      0.06      0.00      0.00      0.00      0.06
05:12:35 AM      0.00      0.00      0.00      0.02      0.00      0.00      0.00      0.02
05:12:40 AM      0.00      0.00      0.00      0.01      0.00      0.00      0.00      0.01
05:12:45 AM      0.00      0.00      0.00      0.03      0.00      0.00      0.00      0.03
05:12:50 AM      0.00      0.00      0.00      0.04      0.00      0.00      0.00      0.04
05:12:55 AM      0.00      0.00      0.00      0.02      0.00      0.00      0.00      0.02
05:13:00 AM      0.00      0.00      0.00      0.02      0.00      0.00      0.00      0.02
05:13:05 AM      0.00      0.00      0.00      0.01      0.00      0.00      0.00      0.01
05:13:10 AM      0.00      0.00      0.00      0.03      0.00      0.00      0.00      0.03
05:13:15 AM      0.00      0.00      0.00      0.02      0.00      0.00      0.00      0.02
05:13:20 AM      0.00      0.00      0.00      0.02      0.00      0.00      0.00      0.02
05:13:25 AM      0.00      0.00      0.00      0.06      0.00      0.00      0.00      0.06
05:13:30 AM      0.00      0.00      0.00      0.17      0.00      0.00      0.00      0.16
05:13:35 AM      0.00      0.00      0.00      0.08      0.00      0.00      0.00      0.08
05:13:40 AM      0.00      0.00      0.00      0.10      0.00      0.00      0.00      0.10
05:13:45 AM      0.00      0.00      0.00      0.04      0.00      0.00      0.00      0.04
05:13:50 AM      0.00      0.00      0.00      0.09      0.00      0.00      0.00      0.09
05:13:55 AM      0.00      0.00      0.00      0.03      0.00      0.00      0.00      0.03
05:14:00 AM      0.00      0.00      0.00      0.11      0.00      0.00      0.00      0.11
05:14:05 AM      0.00      0.00      0.00      0.04      0.00      0.00      0.00      0.04
05:14:10 AM      0.00      0.00      0.00      0.13      0.00      0.00      0.00      0.13
05:14:15 AM      0.00      0.00      0.00      0.04      0.00      0.00      0.00      0.04
05:14:20 AM      0.00      0.00      0.00      0.09      0.00      0.00      0.00      0.04
05:14:25 AM      0.00      0.00      0.00      0.00      0.00      0.00      0.00      0.00
05:14:30 AM      0.00      0.00      0.00      0.05      0.00      0.00      0.00      0.05
05:14:35 AM      0.00      0.00      0.00      0.10      0.00      0.00      0.00      0.10
05:14:40 AM      0.00      0.00      0.00      0.05      0.00      0.00      0.00      0.05
05:14:45 AM      0.00      0.00      0.00      0.07      0.00      0.00      0.00      0.07
05:14:50 AM      0.00      0.00      0.00      0.05      0.00      0.00      0.00      0.05
05:14:55 AM      0.00      0.00      0.00      0.05      0.00      0.00      0.00      0.05
05:15:00 AM      0.00      0.00      0.00      0.02      0.00      0.00      0.00      0.02
05:15:05 AM      0.00      0.00      0.00      0.05      0.00      0.00      0.00      0.05
05:15:10 AM      0.00      0.00      0.00      0.08      0.00      0.00      0.00      0.08
05:15:15 AM      0.00      0.00      0.00      0.05      0.00      0.00      0.00      0.05
05:15:20 AM      0.00      0.00      0.00      0.12      0.00      0.00      0.00      0.12
05:15:25 AM      0.00      0.00      0.00      0.02      0.00      0.00      0.00      0.02
05:15:30 AM      0.00      0.00      0.00      0.00      0.00      0.00      0.00      0.00
05:15:35 AM      0.00      0.00      0.00      0.02      0.00      0.00      0.00      0.02
05:15:40 AM      0.00      0.00      0.00      0.00      0.00      0.00      0.00      0.00
05:15:45 AM      0.00      0.00      0.00      0.06      0.00      0.00      0.00      0.06
05:15:50 AM      0.00      0.00      0.00      0.01      0.00      0.00      0.00      0.01
05:15:55 AM      0.00      0.00      0.00      0.01      0.00      0.00      0.00      0.01
05:16:00 AM      0.00      0.00      0.00      0.02      0.00      0.00      0.00      0.02
05:16:05 AM      0.00      0.00      0.00      0.01      0.00      0.00      0.00      0.01
05:16:10 AM      0.00      0.00      0.00      0.00      0.00      0.00      0.00      0.00
05:16:15 AM      0.00      0.00      0.00      0.01      0.00      0.00      0.00      0.01
05:16:20 AM      0.00      0.00      0.00      0.01      0.00      0.00      0.00      0.01
05:16:25 AM      0.00      0.00      0.00      0.02      0.00      0.00      0.00      0.01
05:16:30 AM      0.00      0.00      0.00      0.01      0.00      0.00      0.00      0.01
05:16:35 AM      0.00      0.00      0.00      0.00      0.00      0.00      0.00      0.00
05:16:40 AM      0.00      0.00      0.00      0.00      0.00      0.00      0.00      0.00
05:16:45 AM      0.00      0.00      0.00      0.01      0.00      0.00      0.00      0.00
05:16:50 AM      0.00      0.00      0.00      0.11      0.00      0.00      0.00      0.11
05:16:55 AM      0.00      0.00      0.00      0.04      0.00      0.00      0.00      0.04
05:17:00 AM      0.00      0.00      0.00      0.08      0.00      0.00      0.00      0.08
05:17:05 AM      0.00      0.00      0.00      0.08      0.00      0.00      0.00      0.08
05:17:10 AM      0.00      0.00      0.00      0.03      0.00      0.00      0.00      0.03
05:17:15 AM      0.00      0.00      0.00      0.04      0.00      0.00      0.00      0.04
05:17:20 AM      0.00      0.00      0.00      0.00      0.00      0.00      0.00      0.00
05:17:25 AM      0.00      0.00      0.00      0.10      0.00      0.00      0.00      0.10
05:17:30 AM      0.00      0.00      0.00      0.03      0.00      0.00      0.00      0.03
05:17:35 AM      0.00      0.00      0.00      0.08      0.00      0.00      0.00      0.08
05:17:40 AM      0.00      0.00      0.00      0.05      0.00      0.00      0.00      0.05
05:17:45 AM      0.00      0.00      0.00      0.10      0.00      0.00      0.00      0.09
05:17:50 AM      0.00      0.00      0.00      0.00      0.00      0.00      0.00      0.00
05:17:55 AM      0.00      0.00      0.00      0.05      0.00      0.00      0.00      0.05
05:18:00 AM      0.00      0.00      0.00      0.12      0.00      0.00      0.00      0.12
05:18:05 AM      0.00      0.00      0.00      0.06      0.00      0.00      0.00      0.06
05:18:10 AM      0.00      0.00      0.00      0.13      0.00      0.00      0.00      0.13
05:18:15 AM      0.00      0.00      0.00      0.05      0.00      0.00      0.00      0.05
05:18:20 AM      0.00      0.00      0.00      0.11      0.00      0.00      0.00      0.11
05:18:25 AM      0.00      0.00      0.00      0.00      0.00      0.00      0.00      0.00
05:18:30 AM      0.00      0.00      0.00      0.00      0.00      0.00      0.00      0.00
05:18:35 AM      0.00      0.00      0.00      0.00      0.00      0.00      0.00      0.00
05:18:40 AM      0.00      0.00      0.00      0.00      0.00      0.00      0.00      0.00
05:18:45 AM      0.00      0.00      0.00      0.00      0.00      0.00      0.00      0.00
05:18:50 AM      0.00      0.00      0.00      0.01      0.00      0.00      0.00      0.01
05:18:55 AM      0.00      0.00      0.00      0.03      0.00      0.00      0.00      0.03
05:19:00 AM      0.00      0.00      0.00      0.01      0.00      0.00      0.00      0.01
05:19:05 AM      0.00      0.00      0.00      0.08      0.00      0.00      0.00      0.08
05:19:10 AM      0.00      0.00      0.00      0.04      0.00      0.00      0.00      0.04
05:19:15 AM      0.00      0.00      0.00      0.02      0.00      0.00      0.00      0.02
05:19:20 AM      0.00      0.00      0.00      0.17      0.00      0.00      0.00      0.14
05:19:25 AM      0.00      0.00      0.00      0.06      0.00      0.00      0.00      0.06
05:19:30 AM      0.00      0.00      0.00      0.11      0.00      0.00      0.00      0.11
05:19:35 AM      0.00      0.00      0.00      0.04      0.00      0.00      0.00      0.04
05:19:40 AM      0.00      0.00      0.00      0.14      0.00      0.00      0.00      0.14
05:19:45 AM      0.00      0.00      0.00      0.04      0.00      0.00      0.00      0.04
05:19:50 AM      0.00      0.00      0.00      0.11      0.00      0.00      0.00      0.11
05:19:55 AM      0.00      0.00      0.00      0.06      0.00      0.00      0.00      0.06
05:20:00 AM      0.00      0.00      0.00      0.03      0.00      0.00      0.00      0.03
05:20:05 AM      0.00      0.00      0.00      0.13      0.00      0.00      0.00      0.13
05:20:10 AM      0.00      0.00      0.00      0.05      0.00      0.00      0.00      0.05
05:20:15 AM      0.00      0.00      0.00      0.05      0.00      0.00      0.00      0.05
05:20:20 AM      0.00      0.00      0.00      0.05      0.00      0.00      0.00      0.05
05:20:25 AM      0.00      0.00      0.00      0.14      0.00      0.00      0.00      0.14
05:20:30 AM      0.00      0.00      0.00      0.06      0.00      0.00      0.00      0.06
05:20:35 AM      0.00      0.00      0.00      0.07      0.00      0.00      0.00      0.07
05:20:40 AM      0.00      0.00      0.00      0.04      0.00      0.00      0.00      0.04
05:20:45 AM      0.00      0.00      0.00      0.02      0.00      0.00      0.00      0.02
05:20:50 AM      0.00      0.00      0.00      0.12      0.00      0.00      0.00      0.12
05:20:55 AM      0.00      0.00      0.00      0.08      0.00      0.00      0.00      0.06
05:21:00 AM      0.00      0.00      0.00      0.08      0.00      0.00      0.00      0.08
05:21:05 AM      0.00      0.00      0.00      0.07      0.00      0.00      0.00      0.07
05:21:10 AM      0.00      0.00      0.00      0.12      0.00      0.00      0.00      0.11
05:21:15 AM      0.00      0.00      0.00      0.02      0.00      0.00      0.00      0.02
05:21:20 AM      0.00      0.00      0.00      0.09      0.00      0.00      0.00      0.09
05:21:25 AM      0.00      0.00      0.00      0.07      0.00      0.00      0.00      0.07
05:21:30 AM      0.00      0.00      0.00      0.06      0.00      0.00      0.00      0.06
05:21:35 AM      0.00      0.00      0.00      0.11      0.00      0.00      0.00      0.11
05:21:40 AM      0.00      0.00      0.00      0.05      0.00      0.00      0.00      0.05
05:21:45 AM      0.00      0.00      0.00      0.03      0.00      0.00      0.00      0.03
05:21:50 AM      0.00      0.00      0.00      0.04      0.00      0.00      0.00      0.04
05:21:55 AM      0.00      0.00      0.00      0.07      0.00      0.00      0.00      0.07
05:22:00 AM      0.00      0.00      0.00      0.04      0.00      0.00      0.00      0.04
05:22:05 AM      0.00      0.00      0.00      0.03      0.00      0.00      0.00      0.03
05:22:10 AM      0.00      0.00      0.00      0.08      0.00      0.00      0.00      0.08
05:22:15 AM      0.00      0.00      0.00      0.07      0.00      0.00      0.00      0.06
05:22:20 AM      0.00      0.00      0.00      0.05      0.00      0.00      0.00      0.05
05:22:25 AM      0.00      0.00      0.00      0.02      0.00      0.00      0.00      0.02
05:22:30 AM      0.00      0.00      0.00      0.09      0.00      0.00      0.00      0.08
05:22:35 AM      0.00      0.00      0.00      0.00      0.00      0.00      0.00      0.00
05:22:40 AM      0.00      0.00      0.00      0.00      0.00      0.00      0.00      0.00
05:22:45 AM      0.00      0.00      0.00      0.02      0.00      0.00      0.00      0.02
05:22:50 AM      0.00      0.00      0.00      0.00      0.00      0.00      0.00      0.00
05:22:55 AM      0.00      0.00      0.00      0.07      0.00      0.00      0.00      0.07
05:23:00 AM      0.00      0.00      0.00      0.04      0.00      0.00      0.00      0.04
05:23:05 AM      0.00      0.00      0.00      0.06      0.00      0.00      0.00      0.06
05:23:10 AM      0.00      0.00      0.00      0.04      0.00      0.00      0.00      0.04
05:23:15 AM      0.00      0.00      0.00      0.08      0.00      0.00      0.00      0.08
05:23:20 AM      0.00      0.00      0.00      0.00      0.00      0.00      0.00      0.00
05:23:25 AM      0.00      0.00      0.00      0.05      0.00      0.00      0.00      0.05
05:23:30 AM      0.00      0.00      0.00      0.04      0.00      0.00      0.00      0.04
05:23:35 AM      0.00      0.00      0.00      0.02      0.00      0.00      0.00      0.02
05:23:40 AM      0.00      0.00      0.00      0.10      0.00      0.00      0.00      0.10
05:23:45 AM      0.00      0.00      0.00      0.04      0.00      0.00      0.00      0.04
05:23:50 AM      0.00      0.00      0.00      0.04      0.00      0.00      0.00      0.04
05:23:55 AM      0.00      0.00      0.00      0.00      0.00      0.00      0.00      0.00
05:24:00 AM      0.00      0.00      0.00      0.02      0.00      0.00      0.00      0.02
05:24:05 AM      0.00      0.00      0.00      0.03      0.00      0.00      0.00      0.03
05:24:10 AM      0.00      0.00      0.00      0.01      0.00      0.00      0.00      0.01
05:24:15 AM      0.00      0.00      0.00      0.01      0.00      0.00      0.00      0.01
05:24:20 AM      0.00      0.00      0.00      0.01      0.00      0.00      0.00      0.01
05:24:25 AM      0.00      0.00      0.00      0.02      0.00      0.00      0.00      0.02
05:24:30 AM      0.00      0.00      0.00      0.00      0.00      0.00      0.00      0.00
05:24:35 AM      0.00      0.00      0.00      0.01      0.00      0.00      0.00      0.01
05:24:40 AM      0.00      0.00      0.00      0.01      0.00      0.00      0.00      0.01
05:24:45 AM      0.00      0.00      0.00      0.04      0.00      0.00      0.00      0.04
05:24:50 AM      0.00      0.00      0.00      0.00      0.00      0.00      0.00      0.00
05:24:55 AM      0.00      0.00      0.00      0.00      0.00      0.00      0.00      0.00
05:25:00 AM      0.00      0.00      0.00      0.00      0.00      0.00      0.00      0.00
05:25:05 AM      0.00      0.00      0.00      0.06      0.00      0.00      0.00      0.06
05:25:10 AM      0.00      0.00      0.00      0.08      0.00      0.00      0.00      0.08
05:25:15 AM      0.00      0.00      0.00      0.03      0.00      0.00      0.00      0.03
05:25:20 AM      0.00      0.00      0.00      0.09      0.00      0.00      0.00      0.09
05:25:28 AM      1.63      0.29      0.06      3.56      1.26      0.22      0.04      2.49
05:25:30 AM      2.24      0.44      0.09      1.26      1.21      0.25      0.05      0.06
05:25:35 AM      3.42      0.77      0.16      9.12      2.74      0.59      0.12      9.12
05:25:40 AM      3.52      1.10      0.25      1.89      3.14      0.94      0.21      1.89
05:25:45 AM      2.50      1.06      0.25      0.42      2.25      0.91      0.21      0.42
05:25:50 AM      1.37      0.96      0.25      0.02      1.23      0.82      0.21      0.02
05:25:55 AM      0.92      0.89      0.24      0.05      0.83      0.76      0.21      0.05
05:26:00 AM      1.59      1.01      0.28      2.81      1.54      0.89      0.24      2.81
05:26:05 AM      1.06      0.94      0.27      0.02      1.03      0.83      0.24      0.02
05:26:10 AM      0.58      0.85      0.27      0.12      0.56      0.75      0.23      0.12
05:26:15 AM      0.39      0.79      0.27      0.06      0.37      0.70      0.23      0.06
05:26:20 AM      0.21      0.72      0.26      0.10      0.20      0.63      0.22      0.09
05:26:25 AM      0.14      0.67      0.26      0.05      0.13      0.59      0.22      0.05
05:26:30 AM      0.07      0.60      0.25      0.08      0.07      0.53      0.21      0.08
05:26:35 AM      0.05      0.57      0.25      0.08      0.05      0.50      0.21      0.08
05:26:40 AM      0.02      0.51      0.24      0.14      0.02      0.45      0.20      0.14
05:26:45 AM      0.01      0.48      0.24      0.05      0.01      0.42      0.20      0.05
05:26:50 AM      0.00      0.43      0.23      0.08      0.00      0.38      0.20      0.08
05:26:55 AM      0.00      0.40      0.23      0.05      0.00      0.36      0.19      0.05
05:27:00 AM      1.08      0.56      0.26      3.40      1.08      0.52      0.23      3.40
05:27:05 AM      3.38      1.06      0.37      8.09      3.38      1.03      0.34      8.09
05:27:10 AM      3.38      1.31      0.44      3.18      3.38      1.27      0.41      3.18
05:27:15 AM      2.27      1.22      0.43      0.00      2.27      1.19      0.41      0.00
05:27:20 AM      1.24      1.11      0.42      0.00      1.24      1.08      0.40      0.00
05:27:25 AM      0.83      1.03      0.42      0.02      0.83      1.01      0.39      0.02
05:27:30 AM      0.45      0.93      0.41      0.01      0.45      0.91      0.38      0.01
05:27:35 AM      0.30      0.87      0.40      0.02      0.30      0.85      0.38      0.02
05:27:40 AM      0.16      0.79      0.39      0.03      0.16      0.77      0.37      0.02
05:27:45 AM      0.11      0.74      0.39      0.04      0.11      0.72      0.36      0.04
05:27:50 AM      0.06      0.67      0.38      0.07      0.06      0.65      0.35      0.07
05:27:55 AM      0.04      0.62      0.37      0.01      0.04      0.60      0.35      0.01
05:28:00 AM      0.02      0.56      0.37      0.02      0.02      0.55      0.34      0.02
05:28:05 AM      0.01      0.53      0.36      0.02      0.01      0.51      0.34      0.02
05:28:10 AM      0.00      0.47      0.35      0.02      0.00      0.46      0.33      0.02
05:28:15 AM      0.00      0.44      0.35      0.03      0.00      0.43      0.32      0.03
05:28:20 AM      0.00      0.40      0.34      0.04      0.00      0.39      0.32      0.04
05:28:25 AM      0.00      0.37      0.33      0.02      0.00      0.36      0.31      0.02
05:28:30 AM      0.00      0.34      0.33      0.05      0.00      0.33      0.30      0.04
05:28:35 AM      0.00      0.31      0.32      0.04      0.00      0.30      0.30      0.04
05:28:40 AM      0.00      0.28      0.31      0.02      0.00      0.27      0.29      0.02
05:28:45 AM      0.00      0.26      0.31      0.00      0.00      0.26      0.29      0.00
05:28:50 AM      0.00      0.24      0.30      0.00      0.00      0.23      0.28      0.00
05:28:55 AM      0.00      0.22      0.30      0.00      0.00      0.21      0.28      0.00
05:29:00 AM      0.00      0.20      0.29      0.00      0.00      0.19      0.27      0.00
05:29:05 AM      0.00      0.19      0.29      0.01      0.00      0.18      0.27      0.01
05:29:10 AM      0.00      0.17      0.28      0.02      0.00      0.16      0.26      0.02
05:29:15 AM      0.00      0.16      0.27      0.01      0.00      0.15      0.26      0.01
05:29:20 AM      0.00      0.14      0.27      0.44      0.00      0.14      0.25      0.28
05:29:25 AM      0.14      0.16      0.27      0.02      0.00      0.13      0.25      0.02
05:29:30 AM      0.08      0.14      0.27      0.01      0.00      0.11      0.24      0.01
05:29:35 AM      0.05      0.13      0.26      0.00      0.00      0.10      0.24      0.00
05:29:40 AM      0.02      0.12      0.26      0.01      0.00      0.09      0.23      0.01
05:29:45 AM      0.01      0.11      0.25      0.01      0.00      0.09      0.23      0.01
05:29:50 AM      0.55      0.20      0.27      1.58      0.54      0.18      0.24      1.57
05:29:55 AM      0.37      0.18      0.26      0.08      0.36      0.16      0.24      0.08
05:30:00 AM      0.20      0.17      0.26      0.05      0.19      0.15      0.23      0.05
05:30:05 AM      0.13      0.15      0.25      0.07      0.13      0.14      0.23      0.06
05:30:10 AM      0.07      0.14      0.25      0.00      0.07      0.12      0.22      0.00
05:30:15 AM      0.04      0.13      0.24      0.03      0.04      0.11      0.22      0.03
05:30:20 AM      0.02      0.12      0.24      0.00      0.02      0.10      0.21      0.00
05:30:25 AM      0.01      0.11      0.23      0.04      0.01      0.09      0.21      0.04
05:30:30 AM      0.00      0.10      0.23      0.04      0.00      0.08      0.20      0.04
05:30:35 AM      0.00      0.09      0.22      0.07      0.00      0.08      0.20      0.07
05:30:40 AM      0.00      0.08      0.22      0.09      0.00      0.07      0.20      0.09
05:30:45 AM      0.00      0.07      0.21      0.04      0.00      0.06      0.19      0.04
05:30:50 AM      0.00      0.07      0.21      0.10      0.00      0.06      0.19      0.10
05:30:55 AM      0.00      0.06      0.21      0.02      0.00      0.05      0.19      0.02
05:31:00 AM      0.00      0.05      0.20      0.09      0.00      0.05      0.18      0.09
05:31:05 AM      0.00      0.05      0.20      0.06      0.00      0.04      0.18      0.06
05:31:10 AM      0.00      0.04      0.19      0.21      0.00      0.04      0.18      0.21
05:31:15 AM      0.00      0.04      0.19      0.06      0.00      0.03      0.17      0.06
05:31:20 AM      2.53      0.49      0.28      5.64      2.53      0.49      0.26      5.64
05:31:25 AM      1.70      0.46      0.28      0.00      1.70      0.46      0.26      0.00
05:31:30 AM      0.93      0.42      0.27      0.05      0.93      0.41      0.25      0.05
05:31:35 AM      0.62      0.39      0.27      0.01      0.62      0.39      0.25      0.01
05:31:40 AM      0.34      0.35      0.26      0.01      0.34      0.35      0.24      0.01
05:31:45 AM      0.22      0.33      0.26      0.03      0.22      0.32      0.24      0.03
05:31:50 AM      0.12      0.29      0.25      0.01      0.12      0.29      0.23      0.01
05:31:55 AM      0.08      0.27      0.25      0.01      0.08      0.27      0.23      0.01
05:32:00 AM      0.04      0.25      0.24      0.01      0.04      0.25      0.22      0.01
05:32:05 AM      0.03      0.23      0.24      0.01      0.03      0.23      0.22      0.01
05:32:10 AM      0.01      0.21      0.23      0.04      0.01      0.21      0.22      0.04
05:32:15 AM      0.01      0.19      0.23      0.02      0.01      0.19      0.21      0.02
05:32:20 AM      0.00      0.17      0.22      0.01      0.00      0.17      0.21      0.01
05:32:25 AM      0.00      0.16      0.22      0.02      0.00      0.16      0.20      0.02
05:32:30 AM      0.00      0.15      0.21      0.04      0.00      0.14      0.20      0.04
05:32:35 AM      0.00      0.14      0.21      0.02      0.00      0.13      0.20      0.02
05:32:40 AM      0.00      0.12      0.21      0.04      0.00      0.12      0.19      0.04
05:32:45 AM      0.00      0.11      0.20      0.03      0.00      0.11      0.19      0.03
05:32:50 AM      0.00      0.10      0.20      0.01      0.00      0.10      0.18      0.01
05:32:55 AM      0.00      0.09      0.20      1.29      0.00      0.09      0.18      1.29
05:33:00 AM      0.84      0.27      0.23      2.25      0.84      0.27      0.22      2.25
05:33:05 AM      0.56      0.25      0.23      0.05      0.56      0.25      0.21      0.05
05:33:10 AM      0.30      0.23      0.22      0.00      0.30      0.23      0.21      0.00
05:33:15 AM      0.20      0.21      0.22      0.03      0.20      0.21      0.21      0.03
05:33:20 AM      0.11      0.19      0.21      0.09      0.11      0.19      0.20      0.09
05:33:25 AM      0.07      0.18      0.21      0.04      0.07      0.18      0.20      0.04
05:33:30 AM      0.04      0.16      0.20      0.05      0.04      0.16      0.19      0.04
05:33:35 AM      0.02      0.15      0.20      0.04      0.02      0.15      0.19      0.04
05:33:40 AM      0.01      0.13      0.20      0.07      0.01      0.13      0.19      0.07
05:33:45 AM      0.00      0.12      0.19      0.04      0.00      0.12      0.18      0.04
05:33:50 AM      0.00      0.11      0.19      0.04      0.00      0.11      0.18      0.04
05:33:55 AM      1.23      0.33      0.24      4.19      1.23      0.33      0.23      4.19
05:34:00 AM      1.04      0.39      0.25      0.38      1.04      0.39      0.24      0.38
05:34:05 AM      0.69      0.37      0.25      0.07      0.69      0.37      0.24      0.07
05:34:10 AM      0.38      0.33      0.24      0.06      0.38      0.33      0.23      0.05
05:34:15 AM      0.25      0.31      0.24      0.07      0.25      0.31      0.23      0.07
05:34:20 AM      0.14      0.28      0.23      0.06      0.14      0.28      0.22      0.06
05:34:25 AM      0.24      0.29      0.23      0.54      0.09      0.26      0.22      0.40
05:34:30 AM      0.13      0.26      0.23      0.06      0.05      0.23      0.21      0.06
05:34:35 AM      0.08      0.25      0.22      0.07      0.03      0.22      0.21      0.07
05:34:40 AM      0.04      0.22      0.22      0.07      0.01      0.20      0.20      0.07
05:34:45 AM      0.03      0.21      0.22      0.07      0.01      0.18      0.20      0.07
05:34:50 AM      0.01      0.18      0.21      0.10      0.00      0.16      0.20      0.10
05:34:55 AM      0.01      0.17      0.21      0.04      0.00      0.15      0.19      0.04
05:35:00 AM      0.00      0.15      0.20      0.09      0.00      0.14      0.19      0.09
05:35:05 AM      0.00      0.14      0.20      0.06      0.00      0.13      0.19      0.06
05:35:10 AM      0.00      0.13      0.19      0.10      0.00      0.11      0.18      0.09
05:35:15 AM      0.00      0.12      0.19      0.05      0.00      0.11      0.18      0.05
05:35:20 AM      0.00      0.11      0.19      0.10      0.00      0.10      0.17      0.09
05:35:25 AM      0.00      0.10      0.18      0.75      0.00      0.09      0.17      0.75
05:35:30 AM      2.71      0.74      0.32      8.05      2.71      0.73      0.31      8.04
05:35:35 AM      1.81      0.69      0.32      0.08      1.81      0.68      0.30      0.08
05:35:40 AM      0.99      0.62      0.31      0.00      0.99      0.62      0.30      0.00
05:35:45 AM      0.66      0.58      0.31      0.07      0.66      0.58      0.29      0.06
05:35:50 AM      0.36      0.53      0.30      0.03      0.36      0.52      0.29      0.03
05:35:55 AM      0.24      0.49      0.29      0.11      0.24      0.49      0.28      0.11
05:36:00 AM      0.13      0.44      0.29      0.03      0.13      0.44      0.27      0.03
05:36:05 AM      0.08      0.41      0.28      0.10      0.08      0.41      0.27      0.10
05:36:10 AM      0.04      0.37      0.27      0.02      0.04      0.37      0.26      0.02
05:36:15 AM      0.03      0.35      0.27      0.05      0.03      0.35      0.26      0.05
05:36:20 AM      0.01      0.31      0.27      0.08      0.01      0.31      0.25      0.07
05:36:25 AM      0.01      0.29      0.26      0.04      0.01      0.29      0.25      0.04
05:36:30 AM      0.00      0.26      0.26      0.09      0.00      0.26      0.25      0.09
05:36:35 AM      0.00      0.25      0.25      0.09      0.00      0.24      0.24      0.08
05:36:40 AM      0.00      0.22      0.25      0.05      0.00      0.22      0.24      0.05
05:36:45 AM      0.00      0.21      0.24      0.00      0.00      0.20      0.23      0.00
05:36:50 AM      0.00      0.19      0.24      0.04      0.00      0.18      0.23      0.04
05:36:55 AM      0.00      0.17      0.23      0.02      0.00      0.17      0.22      0.02
05:37:00 AM      0.00      0.16      0.23      0.01      0.00      0.15      0.22      0.01
05:37:05 AM      0.00      0.14      0.22      0.02      0.00      0.14      0.21      0.02
05:37:10 AM      0.00      0.13      0.22      0.03      0.00      0.13      0.21      0.03
05:37:15 AM      0.00      0.12      0.21      0.02      0.00      0.12      0.20      0.02
05:37:20 AM      0.00      0.11      0.21      0.01      0.00      0.11      0.20      0.01
05:37:25 AM      0.00      0.10      0.20      0.01      0.00      0.10      0.20      0.01
05:37:30 AM      0.00      0.09      0.20      0.02      0.00      0.09      0.19      0.02
05:37:35 AM      0.00      0.08      0.20      0.01      0.00      0.08      0.19      0.01
05:37:40 AM      0.00      0.07      0.19      0.02      0.00      0.07      0.18      0.02
05:37:45 AM      0.00      0.07      0.19      0.02      0.00      0.07      0.18      0.02
05:37:50 AM      0.00      0.06      0.18      0.03      0.00      0.06      0.18      0.03
05:37:55 AM      0.00      0.06      0.18      0.00      0.00      0.06      0.17      0.00
05:38:00 AM      0.00      0.05      0.18      0.08      0.00      0.05      0.17      0.08
05:38:05 AM      0.00      0.05      0.17      0.02      0.00      0.04      0.17      0.02
05:38:10 AM      0.00      0.04      0.17      0.02      0.00      0.04      0.16      0.02
05:38:15 AM      0.00      0.04      0.17      0.03      0.00      0.04      0.16      0.03
05:38:20 AM      0.00      0.03      0.16      0.02      0.00      0.03      0.16      0.02
05:38:25 AM      0.00      0.03      0.16      0.03      0.00      0.03      0.15      0.03
05:38:30 AM      0.00      0.02      0.16      0.01      0.00      0.02      0.15      0.00
05:38:35 AM      0.00      0.02      0.15      0.03      0.00      0.02      0.14      0.02
05:38:40 AM      0.00      0.02      0.15      0.01      0.00      0.02      0.14      0.01
05:38:45 AM      0.00      0.02      0.15      0.03      0.00      0.02      0.14      0.03
05:38:50 AM      0.00      0.02      0.14      0.05      0.00      0.01      0.13      0.05
05:38:55 AM      0.00      0.01      0.14      0.05      0.00      0.01      0.13      0.05
05:39:00 AM      0.00      0.01      0.13      0.01      0.00      0.01      0.13      0.01
05:39:05 AM      0.00      0.01      0.13      0.00      0.00      0.01      0.13      0.00
05:39:10 AM      0.00      0.01      0.13      0.04      0.00      0.01      0.12      0.04
05:39:15 AM      0.00      0.01      0.13      0.01      0.00      0.01      0.12      0.01
05:39:20 AM      0.00      0.00      0.12      0.02      0.00      0.00      0.12      0.02
05:39:25 AM      0.00      0.00      0.12      0.03      0.00      0.00      0.12      0.03
05:39:30 AM      0.00      0.00      0.12      0.01      0.00      0.00      0.12      0.01
05:39:35 AM      0.00      0.00      0.12      0.00      0.00      0.00      0.11      0.00
05:39:40 AM      0.00      0.00      0.12      0.00      0.00      0.00      0.11      0.00
05:39:45 AM      0.00      0.00      0.11      0.00      0.00      0.00      0.11      0.00
05:39:50 AM      0.00      0.00      0.11      0.00      0.00      0.00      0.11      0.00
Average:         0.04      0.04      0.03      0.07      0.04      0.03      0.03      0.07
