Linux 7.0.10-arch1-1 (archlinux) 	06/03/2026 	_x86_64_	(4 CPU)

03:39:50 AM kbmemfree   kbavail kbmemused  %memused kbbuffers  kbcached  kbcommit   %commit  kbactive   kbinact   kbdirty   kbshmem
03:39:55 AM   1378808   1412004   6493808     82.14      2556    248044   6398036     23.28   6213804     70152       840      5948
03:40:00 AM   1376820   1410768   6495044     82.16      2556    248960   6398036     23.28   6213940     70896       572      5948
03:40:05 AM   1377072   1411020   6494792     82.15      2556    248992   6398036     23.28   6213940     70896       604      5948
03:40:10 AM   1434116   1467852   6437960     81.43      2556    246528   6398036     23.28   6173560     71096       600      3900
03:40:15 AM   1448408   1475428   6430384     81.34      2556    239628   6398036     23.28   6155544     71088       264      3716
03:40:20 AM   1448284   1475292   6430520     81.34      2556    239616   6398036     23.28   6146576     71088       264      3716
03:40:25 AM   1448284   1473000   6432812     81.37      2556    237428   6398036     23.28   6144072     71152       256      3708
03:40:30 AM   1447288   1469552   6436260     81.41      2556    234748   6398036     23.28   6140300     71884         8      3516
03:40:35 AM   1482120   1503700   6402112     80.98      2556    234124   6398036     23.28   6107972     71836        20      3512
03:40:40 AM   1527340   1549116   6356696     80.41      2556    234172   6398036     23.28   6065828     72000        68      3512
03:40:45 AM   1535792   1557568   6348244     80.30      2556    234208   6398036     23.28   6055196     72000       212      3512
03:40:50 AM   1557604   1579412   6326400     80.02      2556    234208   6398036     23.28   6042916     72032       212      3512
03:40:55 AM   1557352   1579160   6326652     80.03      2556    234208   6398036     23.28   6033772     72032       212      3512
03:41:00 AM   1577056   1598912   6306900     79.78      2556    234252   6398036     23.28   6017472     72080       236      3512
03:41:05 AM   1576804   1599032   6306780     79.77      2556    234700   6398036     23.28   6017472     72452       176      3512
03:41:10 AM   1576804   1598276   6307536     79.78      2556    233868   6398036     23.28   6016556     72528       128      3512
03:41:15 AM   1591176   1612648   6293164     79.60      2556    233868   6398036     23.28   5997972     72528        20      3512
03:41:20 AM   1629640   1651112   6254700     79.12      2556    233916   6398036     23.28   5961880     72528        68      3512
03:41:25 AM   1629640   1651112   6254700     79.12      2556    233916   6398036     23.28   5961912     72528        68      3512
03:41:30 AM   1631128   1652648   6253164     79.10      2556    233916   6398036     23.28   5948180     72576        68      3512
03:41:35 AM   1653236   1674804   6231008     78.82      2556    233964   6398036     23.28   5925064     72624        96      3512
03:41:40 AM   1665556   1687352   6218460     78.66      2556    234192   6398036     23.28   5914128     72852        24      3512
03:41:45 AM   1665556   1687348   6218464     78.66      2556    234236   6398036     23.28   5912992     72848        68      3512
03:41:50 AM   1665556   1687396   6218416     78.66      2556    234236   6398036     23.28   5912764     72896        68      3512
03:41:55 AM   1470312   1492152   6413660     81.13      2556    234236   6398036     23.28   6120376     72896        20      3512
03:42:00 AM   1470144   1491984   6413828     81.13      2556    234236   6398036     23.28   6112640     72896        24      3512
03:42:05 AM   1492824   1514664   6391148     80.84      2556    234284   6398036     23.28   6084484     72896        72      3512
03:42:10 AM   1498996   1520932   6384880     80.76      2556    234332   6398036     23.28   6075324     72992       100      3512
03:42:15 AM   1508992   1530928   6374884     80.64      2556    234444   6398036     23.28   6065704     72992        24      3512
03:42:20 AM   1537592   1559528   6346284     80.27      2556    234444   6398036     23.28   6035820     72992        24      3512
03:42:25 AM   1540500   1562552   6343260     80.24      2556    234448   6398036     23.28   6032944     73108        28      3512
03:42:30 AM   1579616   1601716   6304096     79.74      2556    234496   6398036     23.28   6004940     73156        72      3512
03:42:35 AM   1593652   1615752   6290060     79.56      2556    234496   6398036     23.28   6001584     73156        72      3512
03:42:40 AM   1599096   1621244   6284568     79.49      2556    234576   6398036     23.28   5995028     73204        80      3512
03:42:45 AM   1621568   1643748   6262064     79.21      2556    234576   6398036     23.28   5965536     73236       100      3512
03:42:50 AM   1621328   1643508   6262304     79.21      2556    234576   6398036     23.28   5965440     73236       100      3512
03:42:55 AM   1636348   1658580   6247232     79.02      2556    234660   6398036     23.28   5938748     73288       288      3512
03:43:00 AM   1648048   1670400   6235412     78.87      2556    234948   6398036     23.28   5920988     73408       176      3512
03:43:05 AM   1669448   1692032   6213780     78.60      2556    234980   6398036     23.28   5898572     73640       208      3512
03:43:10 AM   1697168   1719928   6185884     78.24      2556    235188   6398036     23.28   5873268     73816       104      3512
03:43:15 AM   1708208   1731048   6174764     78.10      2556    235268   6398036     23.28   5858384     73896       204      3512
03:43:20 AM   1708460   1731300   6174512     78.10      2556    235268   6398036     23.28   5857892     73896       204      3512
03:43:25 AM   1713556   1736428   6169384     78.04      2556    235268   6398036     23.28   5852792     73928       100      3512
03:43:30 AM   1723456   1746532   6159280     77.91      2556    235588   6406232     23.31   5841840     74132       280      3512
03:43:35 AM   1743720   1767052   6138760     77.65      2556    235720   6406232     23.31   5822816     74332        28      3512
03:43:40 AM   1746812   1770140   6135672     77.61      2556    235720   6405296     23.31   5822272     74332        28      3512
03:43:45 AM   1754716   1778088   6127724     77.51      2556    235760   6405296     23.31   5813100     74412         0      3512
03:43:50 AM   1764576   1787948   6117864     77.38      2556    235760   6405296     23.31   5801800     74412        20      3512
03:43:55 AM   1531240   1554612   6351200     80.34      2556    235772   6405296     23.31   6071344     74412        20      3524
03:44:00 AM   1531240   1554612   6351200     80.34      2556    235772   6405296     23.31   6071344     74412        20      3524
03:44:05 AM   1521088   1544460   6361352     80.46      2556    235772   6405296     23.31   6048644     74412        20      3524
03:44:10 AM   1530184   1553556   6352256     80.35      2556    235772   6405296     23.31   6048644     74412        24      3524
03:44:15 AM   1535424   1559148   6346664     80.28      2556    236124   6405296     23.31   6048644     74764        24      3524
03:44:20 AM   1535424   1559196   6346616     80.28      2556    236220   6405296     23.31   6048644     74812       100      3524
03:44:25 AM   1536688   1560508   6345304     80.26      2556    236220   6405296     23.31   6048644     74860       120      3524
03:44:30 AM   1536688   1560508   6345304     80.26      2556    236220   6405296     23.31   6048644     74860       120      3524
03:44:35 AM   1537768   1561588   6344224     80.25      2556    236220   6405296     23.31   6048656     74860       120      3524
03:44:40 AM   1537768   1561588   6344224     80.25      2556    236220   6405296     23.31   6048656     74860       116      3524
03:44:45 AM   1537768   1561588   6344224     80.25      2556    236220   6405296     23.31   6048656     74860        20      3524
03:44:50 AM   1537264   1561380   6344432     80.25      2556    236636   6405296     23.31   6048656     75156        64      3524
03:44:55 AM   1537264   1561532   6344280     80.25      2556    236668   6405296     23.31   6048656     75308        84      3524
03:45:00 AM   1537264   1561532   6344280     80.25      2556    236672   6405296     23.31   6043712     75308       104      3524
03:45:05 AM   1550780   1575052   6330760     80.08      2556    236672   6405296     23.31   6026568     75312       104      3524
03:45:10 AM   1609188   1633460   6272352     79.34      2556    236672   6405296     23.31   5973540     75312       104      3524
03:45:15 AM   1656512   1680784   6225028     78.74      2556    236664   6405296     23.31   5928564     75308       104      3516
03:45:20 AM   1704188   1728756   6177056     78.13      2556    236984   6405296     23.31   5883092     75604        68      3516
03:45:25 AM   1715088   1739680   6166132     77.99      2556    236984   6405296     23.31   5862460     75628        72      3516
03:45:30 AM   1715088   1739676   6166136     77.99      2556    237028   6405296     23.31   5860528     75628       100      3516
03:45:35 AM   1717464   1742100   6163712     77.96      2556    237028   6405296     23.31   5853548     75680       116      3516
03:45:40 AM   1718636   1743268   6162544     77.95      2556    237020   6405296     23.31   5852312     75680       116      3512
03:45:45 AM   1718636   1743268   6162544     77.95      2556    237020   6405296     23.31   5851988     75680       116      3512
03:45:50 AM   1747312   1772184   6133628     77.58      2556    237260   6405296     23.31   5833456     75920        64      3512
03:45:55 AM   1614372   1641352   6264460     79.24      2556    239464   6405296     23.31   5972196     75920        72      3512
03:46:00 AM   1643060   1670136   6235676     78.87      2556    239464   6405296     23.31   5940524     75924        72      3512
03:46:05 AM   1643060   1670136   6235676     78.87      2556    239496   6405296     23.31   5940540     75924        88      3512
03:46:10 AM   1643060   1670168   6235644     78.87      2556    239496   6405296     23.31   5940572     75956       104      3512
03:46:15 AM   1643060   1670168   6235644     78.87      2556    239496   6405296     23.31   5940572     75956       104      3512
03:46:20 AM   1643060   1670420   6235392     78.87      2556    239836   6405296     23.31   5940572     76208        20      3512
03:46:25 AM   1643060   1670420   6235392     78.87      2556    239836   6405296     23.31   5940572     76208        24      3512
03:46:30 AM   1640840   1668288   6237524     78.90      2556    239836   6405296     23.31   5940572     76296        24      3512
03:46:35 AM   1644696   1672144   6233668     78.85      2556    239836   6405296     23.31   5938524     76296        24      3512
03:46:40 AM   1644804   1672300   6233512     78.85      2556    239932   6405296     23.31   5938528     76344       100      3512
03:46:45 AM   1644552   1672048   6233764     78.85      2556    239932   6405296     23.31   5938528     76344       116      3512
03:46:50 AM   1644552   1672096   6233716     78.85      2556    240012   6405296     23.31   5938528     76392        96      3512
03:46:55 AM   1644152   1671696   6234116     78.85      2556    240012   6405296     23.31   5938528     76392       100      3512
03:47:00 AM   1644088   1671712   6234100     78.85      2556    240012   6405296     23.31   5938528     76472       100      3512
03:47:05 AM   1644088   1671712   6234100     78.85      2556    240012   6405296     23.31   5930968     76472       100      3512
03:47:10 AM   1649712   1677560   6228252     78.78      2556    240348   6405296     23.31   5921000     76696       204      3512
03:47:15 AM   1649712   1677596   6228216     78.78      2556    240420   6405296     23.31   5920340     76732       276      3512
03:47:20 AM   1649712   1677760   6228052     78.78      2556    240440   6405296     23.31   5920248     76896       288      3512
03:47:25 AM   1659120   1687168   6218644     78.66      2556    240484   6405296     23.31   5899172     76896       168      3512
03:47:30 AM   1664688   1692816   6212996     78.59      2556    240516   6405296     23.31   5888304     76976       208      3512
03:47:35 AM   1672808   1700936   6204876     78.48      2556    240520   6405296     23.31   5878900     76976       212      3512
03:47:40 AM   1700316   1728696   6177116     78.13      2556    240856   6405296     23.31   5847012     77228        24      3512
03:47:45 AM   1730528   1758908   6146904     77.75      2556    240856   6405296     23.31   5809076     77228        24      3512
03:47:50 AM   1748132   1776696   6129116     77.53      2556    240952   6405296     23.31   5784256     77412       100      3512
03:47:55 AM   1461192   1489756   6416056     81.16      2556    240976   6405296     23.31   6105636     77412        20      3536
03:48:00 AM   1448904   1477548   6428264     81.31      2556    241056   6405296     23.31   6105696     77492        96      3536
03:48:05 AM   1407324   1435968   6469844     81.84      2556    241056   6405296     23.31   6194388     77492       100      3536
03:48:10 AM   1407324   1435968   6469844     81.84      2556    241104   6405296     23.31   6194392     77492       148      3536
03:48:15 AM   1407324   1435968   6469844     81.84      2556    241104   6405296     23.31   6194392     77492       148      3536
03:48:20 AM   1407324   1436208   6469604     81.83      2556    241296   6405296     23.31   6194392     77732        20      3536
03:48:25 AM   1407324   1436208   6469604     81.83      2556    241376   6405296     23.31   6194392     77732        84      3536
03:48:30 AM   1407132   1436100   6469712     81.83      2556    241384   6405296     23.31   6194400     77812        20      3536
03:48:35 AM   1407100   1436068   6469744     81.84      2556    241500   6405296     23.31   6194400     77812        96      3536
03:48:40 AM   1408412   1437500   6468312     81.82      2556    241500   6405296     23.31   6194508     77892       100      3536
03:48:45 AM   1408412   1437500   6468312     81.82      2556    241500   6405296     23.31   6194508     77892       100      3536
03:48:50 AM   1403656   1432744   6473068     81.88      2556    241500   6405296     23.31   6194508     77892       100      3536
03:48:55 AM   1403656   1432868   6472944     81.88      2556    241740   6405296     23.31   6194508     78016        20      3536
03:49:00 AM   1403404   1432832   6472980     81.88      2556    241840   6405296     23.31   6194508     78232       100      3536
03:49:05 AM   1403404   1432832   6472980     81.88      2556    241840   6405296     23.31   6194508     78232        20      3536
03:49:10 AM   1403404   1432912   6472900     81.88      2556    241920   6405296     23.31   6194508     78312        96      3536
03:49:15 AM   1403404   1432912   6472900     81.88      2556    241920   6405296     23.31   6194508     78312       100      3536
03:49:20 AM   1417884   1447392   6458420     81.69      2556    241920   6405296     23.31   6194508     78312       100      3536
03:49:25 AM   1418032   1447540   6458272     81.69      2556    241920   6405296     23.31   6194508     78312       100      3536
03:49:30 AM   1417780   1447412   6458400     81.69      2556    242112   6405296     23.31   6194508     78436        20      3536
03:49:35 AM   1417780   1447480   6458332     81.69      2556    242192   6405296     23.31   6194508     78504        84      3536
03:49:40 AM   1417780   1447480   6458332     81.69      2556    242192   6405296     23.31   6194508     78504        20      3536
03:49:45 AM   1417780   1447560   6458252     81.69      2556    242272   6405296     23.31   6181456     78584        96      3536
03:49:50 AM   1417780   1447560   6458252     81.69      2556    242272   6405296     23.31   6181440     78584       104      3536
03:49:55 AM   1417780   1447640   6458172     81.69      2556    242272   6405296     23.31   6181440     78664       104      3536
03:50:00 AM   1417528   1447388   6458424     81.69      2556    242272   6405296     23.31   6181440     78664       104      3536
03:50:05 AM   1417528   1447512   6458300     81.69      2556    242512   6405296     23.31   6183704     78788        24      3536
03:50:10 AM   1417528   1447640   6458172     81.69      2556    242612   6405296     23.31   6183704     78916       104      3536
03:50:15 AM   1417528   1447728   6458084     81.69      2556    242612   6405296     23.31   6183704     79004        24      3536
03:50:20 AM   1417528   1447776   6458036     81.69      2556    242692   6405296     23.31   6183704     79052        96      3536
03:50:25 AM   1417528   1447808   6458004     81.69      2556    242692   6405296     23.31   6183704     79084       100      3536
03:50:30 AM   1417528   1447808   6458004     81.69      2556    242692   6405296     23.31   6183704     79084       100      3536
03:50:35 AM   1413200   1443480   6462332     81.74      2556    242692   6405296     23.31   6181656     79084       100      3536
03:50:40 AM   1413200   1443480   6462332     81.74      2556    242692   6405296     23.31   6181656     79084       100      3536
03:50:45 AM   1410292   1440764   6465048     81.78      2556    242884   6405296     23.31   6181656     79276        20      3536
03:50:50 AM   1410128   1440600   6465212     81.78      2556    242964   6405296     23.31   6181656     79276       100      3536
03:50:55 AM   1410892   1441452   6464360     81.77      2556    242972   6405296     23.31   6181656     79364        28      3536
03:51:00 AM   1410640   1441200   6464612     81.77      2556    243052   6405296     23.31   6181656     79364       104      3536
03:51:05 AM   1410704   1441344   6464468     81.77      2556    243052   6405296     23.31   6181656     79444       108      3536
03:51:10 AM   1410704   1441344   6464468     81.77      2556    243052   6405296     23.31   6181656     79444       108      3536
03:51:15 AM   1411088   1441728   6464084     81.76      2556    243224   6405296     23.31   6181656     79444       108      3536
03:51:20 AM   1411088   1441852   6463960     81.76      2556    243388   6405296     23.31   6181656     79568       100      3536
03:51:25 AM   1412424   1443400   6462412     81.74      2556    243388   6405296     23.31   6181656     79780       116      3536
03:51:30 AM   1412424   1443400   6462412     81.74      2556    243388   6405296     23.31   6181656     79780        20      3536
03:51:35 AM   1411164   1442220   6463592     81.76      2556    243468   6405296     23.31   6181656     79860        96      3536
03:51:40 AM   1411164   1442220   6463592     81.76      2556    243468   6405296     23.31   6181656     79860       100      3536
03:51:45 AM   1411164   1442220   6463592     81.76      2556    243468   6405296     23.31   6181656     79860       100      3536
03:51:50 AM   1411164   1442344   6463468     81.76      2556    243660   6405296     23.31   6181656     79984        20      3536
03:51:55 AM   1410924   1442260   6463552     81.76      2556    243740   6405296     23.31   6184360     80132        84      3536
03:52:00 AM   1410924   1442260   6463552     81.76      2556    243744   6405296     23.31   6184360     80132       104      3536
03:52:05 AM   1410924   1442264   6463548     81.76      2556    243744   6405296     23.31   6184360     80136        24      3536
03:52:10 AM   1410672   1442168   6463644     81.76      2556    243968   6405296     23.31   6184360     80292       180      3536
03:52:15 AM   1410672   1442268   6463544     81.76      2556    244000   6405296     23.31   6184360     80392       284      3536
03:52:20 AM   1410672   1442268   6463544     81.76      2556    244004   6405296     23.31   6184360     80392       288      3536
03:52:25 AM   1410420   1442240   6463572     81.76      2556    244224   6405296     23.31   6184360     80616       124      3536
03:52:30 AM   1410420   1442288   6463524     81.76      2556    244400   6405296     23.31   6184360     80664       280      3536
03:52:35 AM   1410420   1442416   6463396     81.75      2556    244400   6405296     23.31   6184360     80792       296      3536
03:52:40 AM   1410420   1442416   6463396     81.75      2556    244400   6405296     23.31   6184360     80792        20      3536
03:52:45 AM   1410168   1442248   6463564     81.76      2556    244484   6405296     23.31   6184360     80876       100      3536
03:52:50 AM   1410168   1442248   6463564     81.76      2556    244484   6405296     23.31   6184360     80876       104      3536
03:52:55 AM   1410168   1442248   6463564     81.76      2556    244488   6405296     23.31   6184360     80876       108      3536
03:53:00 AM   1409664   1441996   6463816     81.76      2556    244760   6405296     23.31   6184360     81128        28      3536
03:53:05 AM   1409664   1441996   6463816     81.76      2556    244840   6405296     23.31   6184360     81128        88      3536
03:53:10 AM   1409664   1442100   6463712     81.76      2556    244840   6405296     23.31   6184360     81232       104      3536
03:53:15 AM   1409664   1442100   6463712     81.76      2556    244840   6405296     23.31   6184360     81232        24      3536
03:53:20 AM   1409664   1442100   6463712     81.76      2556    244920   6405296     23.31   6184360     81232        96      3536
03:53:25 AM   1409664   1442100   6463712     81.76      2556    244920   6405296     23.31   6184360     81232       100      3536
03:53:30 AM   1409440   1441956   6463856     81.76      2556    244920   6405296     23.31   6184360     81312       100      3536
03:53:35 AM   1408940   1441712   6464100     81.76      2556    245224   6405716     23.31   6184484     81568       244      3536
03:53:40 AM   1408940   1441760   6464052     81.76      2556    245320   6405716     23.31   6184568     81616       324      3536
03:53:45 AM   1408940   1441760   6464052     81.76      2556    245320   6405716     23.31   6184568     81616       340      3536
03:53:50 AM   1408940   1441856   6463956     81.76      2556    245320   6405716     23.31   6184568     81712       196      3536
03:53:55 AM   1408940   1441856   6463956     81.76      2556    245320   6405716     23.31   6184568     81712       196      3536
03:54:00 AM   1408592   1441588   6464224     81.77      2556    245400   6405296     23.31   6184052     81792       276      3536
03:54:05 AM   1408448   1441668   6464144     81.76      2556    245624   6405296     23.31   6184400     82016       196      3536
03:54:10 AM   1408448   1441716   6464096     81.76      2556    245672   6405296     23.31   6184492     82064        68      3536
03:54:15 AM   1408448   1441716   6464096     81.76      2556    245672   6405296     23.31   6184492     82064        68      3536
03:54:20 AM   1408448   1441796   6464016     81.76      2556    245752   6405296     23.31   6184492     82144       148      3536
03:54:25 AM   1408448   1441796   6464016     81.76      2556    245752   6405296     23.31   6184492     82144       148      3536
03:54:30 AM   1408448   1441796   6464016     81.76      2556    245752   6405296     23.31   6184492     82144        20      3536
03:54:35 AM   1408448   1441796   6464016     81.76      2556    245832   6405296     23.31   6184492     82144        96      3536
03:54:40 AM   1408196   1441904   6463908     81.76      2556    246112   6405296     23.31   6184492     82504        28      3536
03:54:45 AM   1408196   1441904   6463908     81.76      2556    246112   6405296     23.31   6184492     82504        28      3536
03:54:50 AM   1410584   1444388   6461424     81.73      2556    246208   6405296     23.31   6184492     82600       100      3536
03:54:55 AM   1410584   1444388   6461424     81.73      2556    246208   6405296     23.31   6184492     82600       116      3536
03:55:00 AM   1416604   1450408   6455404     81.65      2556    246208   6405296     23.31   6184492     82600       116      3536
03:55:05 AM   1416604   1450408   6455404     81.65      2556    246212   6405296     23.31   6184492     82600        24      3536
03:55:10 AM   1415128   1449016   6456796     81.67      2556    246292   6405296     23.31   6184492     82684       100      3536
03:55:15 AM   1415128   1449016   6456796     81.67      2556    246292   6405296     23.31   6184492     82684       104      3536
03:55:20 AM   1415128   1449212   6456600     81.67      2556    246488   6405296     23.31   6184492     82880        28      3536
03:55:25 AM   1414624   1448708   6457104     81.68      2556    246568   6405296     23.31   6184492     82880        84      3536
03:55:30 AM   1414624   1448788   6457024     81.67      2556    246568   6405296     23.31   6184492     82960       100      3536
03:55:35 AM   1414624   1448788   6457024     81.67      2556    246568   6405296     23.31   6184492     82960       100      3536
03:55:40 AM   1414624   1448788   6457024     81.67      2556    246568   6405296     23.31   6184492     82960        20      3536
03:55:45 AM   1414624   1448788   6457024     81.67      2556    246648   6405296     23.31   6184492     82960        96      3536
03:55:50 AM   1414372   1448616   6457196     81.68      2556    246648   6405296     23.31   6184492     83040       100      3536
03:55:55 AM   1409080   1443580   6462232     81.74      2556    246904   6405296     23.31   6192608     83296        20      3536
03:56:00 AM   1409080   1443676   6462136     81.74      2556    247000   6405296     23.31   6192608     83392       100      3536
03:56:05 AM   1409080   1443676   6462136     81.74      2556    247000   6405296     23.31   6192608     83392       116      3536
03:56:10 AM   1409080   1443676   6462136     81.74      2556    247000   6405296     23.31   6192608     83392       116      3536
03:56:15 AM   1409080   1443676   6462136     81.74      2556    247000   6405296     23.31   6192608     83392        20      3536
03:56:20 AM   1409080   1443756   6462056     81.74      2556    247080   6405296     23.31   6192608     83472        96      3536
03:56:25 AM   1409080   1443756   6462056     81.74      2556    247080   6405296     23.31   6192608     83472       100      3536
03:56:30 AM   1409080   1443932   6461880     81.74      2556    247256   6405296     23.31   6192608     83648        20      3536
03:56:35 AM   1408828   1443680   6462132     81.74      2556    247336   6405296     23.31   6192608     83648        84      3536
03:56:40 AM   1408828   1443680   6462132     81.74      2556    247336   6405296     23.31   6192608     83648       100      3536
03:56:45 AM   1408828   1443760   6462052     81.74      2556    247336   6405296     23.31   6192608     83728       100      3536
03:56:50 AM   1408828   1443760   6462052     81.74      2556    247336   6405296     23.31   6192608     83728        20      3536
03:56:55 AM   1408828   1443760   6462052     81.74      2556    247416   6405296     23.31   6192608     83728        96      3536
03:57:00 AM   1408828   1443760   6462052     81.74      2556    247416   6405296     23.31   6192608     83728       100      3536
03:57:05 AM   1408576   1443712   6462100     81.74      2556    247656   6405296     23.31   6192612     83932        20      3536
03:57:10 AM   1408576   1443836   6461976     81.74      2556    247832   6405296     23.31   6192612     84056       284      3536
03:57:15 AM   1408576   1444036   6461776     81.73      2556    247896   6405296     23.31   6192612     84256       196      3536
03:57:20 AM   1408576   1444036   6461776     81.73      2556    247932   6405296     23.31   6192616     84256       300      3536
03:57:25 AM   1408576   1444100   6461712     81.73      2556    247928   6405296     23.31   6192616     84320       120      3536
03:57:30 AM   1408324   1443880   6461932     81.74      2556    248088   6405296     23.31   6192616     84352       276      3536
03:57:35 AM   1408324   1444008   6461804     81.73      2556    248088   6405296     23.31   6192616     84480       280      3536
03:57:40 AM   1408324   1444132   6461680     81.73      2556    248264   6405296     23.31   6192616     84604        20      3536
03:57:45 AM   1408152   1444012   6461800     81.73      2556    248264   6405296     23.31   6192616     84656        20      3536
03:57:50 AM   1408072   1443932   6461880     81.74      2556    248344   6405296     23.31   6192616     84656       100      3536
03:57:55 AM   1408072   1444016   6461796     81.73      2556    248348   6405296     23.31   6192616     84740       104      3536
03:58:00 AM   1408072   1444016   6461796     81.73      2556    248348   6405296     23.31   6192616     84740        24      3536
03:58:05 AM   1408072   1444100   6461712     81.73      2556    248432   6405296     23.31   6192616     84824       104      3536
03:58:10 AM   1408072   1444100   6461712     81.73      2556    248432   6405296     23.31   6192616     84824       108      3536
03:58:15 AM   1404980   1441008   6464804     81.77      2556    248432   6405296     23.31   6192616     84824       108      3536
03:58:20 AM   1404728   1441008   6464804     81.77      2556    248696   6405296     23.31   6192616     85076         4      3536
03:58:25 AM   1402664   1438956   6466856     81.80      2556    248696   6405296     23.31   6192616     85088        20      3536
03:58:30 AM   1402664   1438956   6466856     81.80      2556    248696   6405296     23.31   6192616     85088        20      3536
03:58:35 AM   1407432   1443724   6462088     81.74      2556    248696   6405296     23.31   6192624     85088        20      3536
03:58:40 AM   1407180   1443472   6462340     81.74      2556    248776   6405296     23.31   6192624     85088        96      3536
03:58:45 AM   1407180   1443552   6462260     81.74      2556    248776   6405296     23.31   6192624     85168       100      3536
03:58:50 AM   1407180   1443552   6462260     81.74      2556    248776   6405296     23.31   6192624     85168       100      3536
03:58:55 AM   1407180   1443568   6462244     81.74      2556    248792   6405296     23.31   6192624     85184       100      3536
03:59:00 AM   1407180   1443568   6462244     81.74      2556    248792   6405296     23.31   6192624     85184       116      3536
03:59:05 AM   1406928   1443316   6462496     81.74      2556    248792   6405296     23.31   6192628     85184       116      3536
03:59:10 AM   1406172   1442808   6463004     81.75      2556    249096   6405296     23.31   6192628     85432        20      3536
03:59:15 AM   1406172   1442944   6462868     81.75      2556    249176   6405296     23.31   6192628     85568        96      3536
03:59:20 AM   1406172   1442944   6462868     81.75      2556    249176   6405296     23.31   6192628     85568       100      3536
03:59:25 AM   1406172   1442944   6462868     81.75      2556    249176   6405296     23.31   6192628     85568       100      3536
03:59:30 AM   1406172   1442944   6462868     81.75      2556    249180   6405296     23.31   6192628     85568        88      3536
03:59:35 AM   1406172   1442948   6462864     81.75      2556    249180   6405296     23.31   6192628     85572       104      3536
03:59:40 AM   1406172   1442948   6462864     81.75      2556    249180   6405296     23.31   6192628     85572        24      3536
03:59:45 AM   1402412   1439476   6466336     81.79      2556    249468   6405296     23.31   6192628     85860        24      3536
03:59:50 AM   1402412   1439476   6466336     81.79      2556    249564   6405296     23.31   6192628     85860       112      3536
03:59:55 AM   1401640   1438704   6467108     81.80      2556    249564   6405296     23.31   6192692     85860       116      3536
04:00:00 AM   1401640   1438800   6467012     81.80      2556    249564   6405296     23.31   6192628     85956       116      3536
04:00:05 AM   1401640   1438800   6467012     81.80      2556    249564   6405296     23.31   6192628     85956       100      3536
04:00:10 AM   1401640   1438800   6467012     81.80      2556    249564   6405296     23.31   6192632     85956       116      3536
04:00:15 AM   1401640   1438800   6467012     81.80      2556    249564   6405296     23.31   6192632     85956        20      3536
04:00:20 AM   1401640   1439048   6466764     81.80      2556    249884   6405296     23.31   6192632     86204        20      3536
04:00:25 AM   1401640   1439048   6466764     81.80      2556    249964   6405296     23.31   6192632     86204        96      3536
04:00:30 AM   1401640   1439204   6466608     81.80      2556    249968   6405296     23.31   6192632     86360       104      3536
04:00:35 AM   1401640   1439204   6466608     81.80      2556    249968   6405296     23.31   6192632     86360       104      3536
04:00:40 AM   1401640   1439204   6466608     81.80      2556    249968   6405296     23.31   6192636     86360        84      3536
04:00:45 AM   1401640   1439204   6466608     81.80      2556    249968   6405296     23.31   6192636     86360       100      3536
04:00:50 AM   1400092   1437656   6468156     81.82      2556    249968   6405296     23.31   6192636     86360        20      3536
04:00:55 AM   1399920   1437656   6468156     81.82      2556    250140   6405296     23.31   6192636     86532        20      3536
04:01:00 AM   1402856   1440708   6465104     81.78      2556    250336   6405296     23.31   6192636     86648        96      3536
04:01:05 AM   1402856   1440708   6465104     81.78      2556    250336   6405296     23.31   6192636     86648       100      3536
04:01:10 AM   1402856   1440792   6465020     81.78      2556    250340   6405296     23.31   6192636     86732       104      3536
04:01:15 AM   1402856   1440792   6465020     81.78      2556    250356   6405296     23.31   6192636     86732       100      3536
04:01:20 AM   1405036   1442988   6462824     81.75      2556    250356   6405296     23.31   6192636     86748       116      3536
04:01:25 AM   1405036   1442988   6462824     81.75      2556    250356   6405296     23.31   6192636     86748       116      3536
04:01:30 AM   1406268   1444392   6461420     81.73      2556    250700   6405296     23.31   6192636     86920        20      3536
04:01:35 AM   1405948   1444148   6461664     81.73      2556    250708   6405296     23.31   6192636     86996        20      3536
04:01:40 AM   1403496   1441880   6463932     81.76      2556    250788   6405296     23.31   6192636     87180        96      3536
04:01:45 AM   1403496   1441880   6463932     81.76      2556    250788   6405296     23.31   6192636     87180       100      3536
04:01:50 AM   1403240   1441624   6464188     81.77      2556    250788   6405296     23.31   6192636     87180        84      3536
04:01:55 AM   1403240   1441624   6464188     81.77      2556    250788   6405296     23.31   6192636     87180       100      3536
04:02:00 AM   1403240   1441624   6464188     81.77      2556    250788   6405296     23.31   6192636     87180       100      3536
04:02:05 AM   1403240   1441624   6464188     81.77      2556    250796   6405296     23.31   6192636     87180        28      3536
04:02:10 AM   1398904   1437656   6468156     81.82      2556    251180   6405296     23.31   6192372     87540       212      3536
04:02:15 AM   1398904   1437688   6468124     81.81      2556    251260   6405296     23.31   6192376     87572       288      3536
04:02:20 AM   1398904   1437768   6468044     81.81      2556    251296   6405296     23.31   6192376     87652       292      3536
04:02:25 AM   1398904   1437768   6468044     81.81      2556    251308   6405296     23.31   6192376     87652       280      3536
04:02:30 AM   1398904   1437816   6467996     81.81      2556    251308   6405296     23.31   6192376     87700       296      3536
04:02:35 AM   1398904   1437816   6467996     81.81      2556    251308   6405296     23.31   6192376     87700       296      3536
04:02:40 AM   1398652   1437936   6467876     81.81      2556    251708   6405296     23.31   6192376     88072        20      3536
04:02:45 AM   1401180   1440444   6465368     81.78      2556    251688   6405296     23.31   6181688     88052        20      3536
04:02:50 AM   1401180   1440552   6465260     81.78      2556    251768   6405296     23.31   6180724     88160        96      3536
04:02:55 AM   1403932   1443304   6462508     81.74      2556    251768   6405296     23.31   6177884     88160       100      3536
04:03:00 AM   1401180   1440552   6465260     81.78      2556    251768   6405296     23.31   6177884     88160        84      3536
04:03:05 AM   1402532   1441904   6463908     81.76      2556    251772   6405296     23.31   6177884     88160       104      3536
04:03:10 AM   1402532   1441908   6463904     81.76      2556    251772   6405296     23.31   6177884     88164        24      3536
04:03:15 AM   1402532   1441908   6463904     81.76      2556    251772   6405296     23.31   6177884     88164        24      3536
04:03:20 AM   1401776   1441440   6464372     81.77      2556    252060   6405296     23.31   6177884     88452        24      3536
04:03:25 AM   1408656   1448320   6457492     81.68      2556    252140   6405296     23.31   6167564     88452       100      3536
04:03:30 AM   1408776   1448440   6457372     81.68      2556    252140   6405296     23.31   6167484     88452       104      3536
04:03:35 AM   1408776   1448520   6457292     81.68      2556    252156   6405296     23.31   6167484     88532       100      3536
04:03:40 AM   1417548   1457292   6448520     81.57      2556    252156   6405296     23.31   6158628     88532       116      3536
04:03:45 AM   1418088   1457848   6447964     81.56      2556    252156   6405296     23.31   6158436     88548       116      3536
04:03:50 AM   1420784   1460540   6445272     81.53      2556    252152   6405296     23.31   6152984     88544        20      3536
04:03:55 AM   1398344   1438348   6467464     81.81      2556    252472   6405296     23.31   6179484     88792        20      3536
04:04:00 AM   1398344   1438348   6467464     81.81      2556    252472   6405296     23.31   6179484     88792        20      3536
04:04:05 AM   1400900   1441056   6464756     81.77      2556    252552   6405296     23.31   6189656     88944       100      3536
04:04:10 AM   1400900   1441056   6464756     81.77      2556    252552   6405296     23.31   6189688     88944        84      3536
04:04:15 AM   1398884   1439044   6466768     81.80      2556    252556   6405296     23.31   6192360     88948       100      3536
04:04:20 AM   1398884   1439044   6466768     81.80      2556    252556   6405296     23.31   6192360     88948       100      3536
04:04:25 AM   1398884   1439044   6466768     81.80      2556    252556   6405296     23.31   6192360     88948        20      3536
04:04:30 AM   1398884   1439292   6466520     81.79      2556    252844   6405296     23.31   6192360     89196        20      3536
04:04:35 AM   1398884   1439332   6466480     81.79      2556    252924   6405296     23.31   6192360     89236       100      3536
04:04:40 AM   1398884   1439332   6466480     81.79      2556    252924   6405296     23.31   6192360     89236       100      3536
04:04:45 AM   1398884   1439412   6466400     81.79      2556    252940   6405296     23.31   6192376     89316       100      3536
04:04:50 AM   1398884   1439412   6466400     81.79      2556    252940   6405296     23.31   6192376     89316       116      3536
04:04:55 AM   1398884   1439428   6466384     81.79      2556    252940   6405296     23.31   6192376     89332       116      3536
04:05:00 AM   1398884   1439428   6466384     81.79      2556    252940   6405296     23.31   6192376     89332       116      3536
04:05:05 AM   1398156   1438872   6466940     81.80      2556    253112   6405296     23.31   6192376     89504        20      3536
04:05:10 AM   1398128   1438920   6466892     81.80      2556    253260   6405296     23.31   6192376     89580        20      3536
04:05:15 AM   1397960   1438904   6466908     81.80      2556    253340   6405296     23.31   6192376     89732        96      3536
04:05:20 AM   1397960   1438904   6466908     81.80      2556    253340   6405296     23.31   6192376     89732        84      3536
04:05:25 AM   1398212   1439156   6466656     81.80      2556    253340   6405296     23.31   6192376     89732       100      3536
04:05:30 AM   1398212   1439156   6466656     81.80      2556    253340   6405296     23.31   6192376     89732       100      3536
04:05:35 AM   1397960   1438904   6466908     81.80      2556    253340   6405296     23.31   6192376     89732       100      3536
04:05:40 AM   1397960   1438904   6466908     81.80      2556    253344   6405296     23.31   6192376     89732        24      3536
04:05:45 AM   1397960   1439204   6466608     81.80      2556    253640   6405296     23.31   6192376     90032        32      3536
04:05:50 AM   1397960   1439204   6466608     81.80      2556    253720   6405296     23.31   6192376     90032       108      3536
04:05:55 AM   1397960   1439300   6466512     81.79      2556    253736   6405296     23.31   6192376     90128       100      3536
04:06:00 AM   1397960   1439300   6466512     81.79      2556    253740   6405296     23.31   6192376     90128       120      3536
04:06:05 AM   1397960   1439304   6466508     81.79      2556    253740   6405296     23.31   6192376     90132       120      3536
04:06:10 AM   1397960   1439304   6466508     81.79      2556    253740   6405296     23.31   6192376     90132       120      3536
04:06:15 AM   1397960   1439304   6466508     81.79      2556    253740   6405296     23.31   6192376     90132        24      3536
04:06:20 AM   1396952   1438544   6467268     81.80      2556    254060   6405296     23.31   6192376     90380        24      3536
04:06:25 AM   1396952   1438696   6467116     81.80      2556    254140   6405296     23.31   6192376     90532        96      3536
04:06:30 AM   1396952   1438696   6467116     81.80      2556    254140   6405296     23.31   6192376     90532        84      3536
04:06:35 AM   1396952   1438696   6467116     81.80      2556    254140   6405296     23.31   6192376     90532       100      3536
04:06:40 AM   1396952   1438696   6467116     81.80      2556    254140   6405296     23.31   6192376     90532       100      3536
04:06:45 AM   1396952   1438696   6467116     81.80      2556    254140   6405296     23.31   6192376     90532       100      3536
04:06:50 AM   1396952   1438696   6467116     81.80      2556    254140   6405296     23.31   6192376     90532        20      3536
04:06:55 AM   1396952   1438984   6466828     81.80      2556    254428   6405296     23.31   6192376     90820        20      3536
04:07:00 AM   1396952   1438984   6466828     81.80      2556    254508   6405296     23.31   6192376     90820        96      3536
04:07:05 AM   1396952   1438984   6466828     81.80      2556    254524   6405296     23.31   6192376     90820       100      3536
04:07:10 AM   1396952   1439080   6466732     81.80      2556    254604   6405296     23.31   6192376     90916       300      3536
04:07:15 AM   1396952   1439112   6466700     81.80      2556    254608   6405296     23.31   6192376     90948       308      3536
04:07:20 AM   1396952   1439196   6466616     81.80      2556    254676   6405296     23.31   6192376     91032       204      3536
04:07:25 AM   1396952   1439196   6466616     81.80      2556    254672   6405296     23.31   6192376     91032        24      3536
04:07:30 AM   1396700   1439348   6466464     81.79      2556    255120   6405296     23.31   6192376     91436       176      3536
04:07:35 AM   1396700   1439348   6466464     81.79      2556    255200   6405296     23.31   6192376     91436       252      3536
04:07:40 AM   1396700   1439504   6466308     81.79      2556    255200   6405296     23.31   6192376     91592       132      3536
04:07:45 AM   1396700   1439504   6466308     81.79      2556    255200   6405296     23.31   6192376     91592       148      3536
04:07:50 AM   1396700   1439504   6466308     81.79      2556    255200   6405296     23.31   6192376     91592       148      3536
04:07:55 AM   1396700   1439504   6466308     81.79      2556    255200   6405296     23.31   6192376     91592       148      3536
04:08:00 AM   1396096   1439148   6466664     81.80      2556    255568   6405296     23.31   6192376     91840        20      3536
04:08:05 AM   1396096   1439148   6466664     81.80      2556    255568   6405296     23.31   6192376     91840        20      3536
04:08:10 AM   1398204   1441376   6464436     81.77      2556    255648   6405296     23.31   6192376     91960        96      3536
04:08:15 AM   1398204   1441376   6464436     81.77      2556    255652   6405296     23.31   6192376     91960       104      3536
04:08:20 AM   1397088   1440360   6465452     81.78      2556    255668   6405296     23.31   6192376     92060       116      3536
04:08:25 AM   1397088   1440360   6465452     81.78      2556    255668   6405296     23.31   6192376     92060       116      3536
04:08:30 AM   1397088   1440360   6465452     81.78      2556    255668   6405296     23.31   6192376     92060        20      3536
04:08:35 AM   1397088   1440360   6465452     81.78      2556    255668   6405296     23.31   6192376     92060        20      3536
04:08:40 AM   1397088   1440360   6465452     81.78      2556    255668   6405296     23.31   6192376     92060        20      3536
04:08:45 AM   1396708   1440228   6465584     81.78      2556    255988   6405296     23.31   6192376     92308        20      3536
04:08:50 AM   1396456   1440128   6465684     81.78      2556    256068   6405296     23.31   6192376     92460        80      3536
04:08:55 AM   1396456   1440128   6465684     81.78      2556    256068   6405296     23.31   6192376     92460       100      3536
04:09:00 AM   1399312   1442984   6462828     81.75      2556    256068   6405296     23.31   6192376     92460       100      3536
04:09:05 AM   1399060   1442728   6463084     81.75      2556    256068   6405296     23.31   6192256     92460       100      3536
04:09:10 AM   1399060   1442732   6463080     81.75      2556    256068   6405296     23.31   6192372     92460       100      3536
04:09:15 AM   1399060   1442732   6463080     81.75      2556    256068   6405296     23.31   6192372     92460        20      3536
04:09:20 AM   1398808   1442768   6463044     81.75      2556    256356   6405296     23.31   6192372     92748        20      3536
04:09:25 AM   1398808   1442768   6463044     81.75      2556    256452   6405296     23.31   6192372     92748        96      3536
04:09:30 AM   1398808   1442872   6462940     81.75      2556    256460   6405296     23.31   6192372     92852       124      3536
04:09:35 AM   1398808   1442872   6462940     81.75      2556    256460   6405296     23.31   6192372     92852       124      3536
04:09:40 AM   1398808   1442872   6462940     81.75      2556    256460   6405296     23.31   6192372     92852       124      3536
04:09:45 AM   1398808   1442872   6462940     81.75      2556    256460   6405296     23.31   6192372     92852       124      3536
04:09:50 AM   1398808   1442872   6462940     81.75      2556    256460   6405296     23.31   6192372     92852        28      3536
04:09:55 AM   1398556   1442868   6462944     81.75      2556    256780   6405296     23.31   6192372     93100        28      3536
04:10:00 AM   1398556   1443020   6462792     81.75      2556    256860   6405296     23.31   6192372     93252        80      3536
04:10:05 AM   1398556   1443020   6462792     81.75      2556    256860   6405296     23.31   6192372     93252       100      3536
04:10:10 AM   1394460   1438924   6466888     81.80      2556    256860   6405296     23.31   6192372     93252       100      3536
04:10:15 AM   1394460   1438924   6466888     81.80      2556    256860   6405296     23.31   6192372     93252       100      3536
04:10:20 AM   1394460   1438928   6466884     81.80      2556    256864   6405296     23.31   6192372     93256       104      3536
04:10:25 AM   1394460   1438928   6466884     81.80      2556    256864   6405296     23.31   6192372     93256        24      3536
04:10:30 AM   1393956   1438712   6467100     81.80      2556    257152   6405296     23.31   6192372     93544        24      3536
04:10:35 AM   1393956   1438712   6467100     81.80      2556    257248   6405296     23.31   6192372     93544        96      3536
04:10:40 AM   1393956   1438712   6467100     81.80      2556    257248   6405296     23.31   6192372     93544       116      3536
04:10:45 AM   1393956   1438808   6467004     81.80      2556    257248   6405296     23.31   6192372     93640       116      3536
04:10:50 AM   1393956   1438808   6467004     81.80      2556    257252   6405296     23.31   6192372     93640       120      3536
04:10:55 AM   1393956   1438812   6467000     81.80      2556    257252   6405296     23.31   6192372     93644       120      3536
04:11:00 AM   1393956   1438812   6467000     81.80      2556    257252   6405296     23.31   6192372     93644        24      3536
04:11:05 AM   1393452   1436508   6469304     81.83      2556    257572   6405296     23.31   6192372     93892        24      3536
04:11:10 AM   1393452   1436580   6469232     81.83      2556    257652   6405296     23.31   6192372     93964        80      3536
04:11:15 AM   1393324   1436532   6469280     81.83      2556    257652   6405296     23.31   6192372     94044       100      3536
04:11:20 AM   1393324   1436532   6469280     81.83      2556    257652   6405296     23.31   6192372     94044       100      3536
04:11:25 AM   1385132   1428340   6477472     81.93      2556    257652   6405296     23.31   6192372     94044       100      3536
04:11:30 AM   1385132   1428340   6477472     81.93      2556    257652   6405296     23.31   6192372     94044       100      3536
04:11:35 AM   1386616   1429824   6475988     81.91      2556    257652   6405296     23.31   6192372     94044        20      3536
04:11:40 AM   1386616   1430072   6475740     81.91      2556    257940   6405296     23.31   6192372     94292        20      3536
04:11:45 AM   1386616   1430208   6475604     81.91      2556    258036   6405296     23.31   6192372     94428        96      3536
04:11:50 AM   1386616   1430208   6475604     81.91      2556    258036   6405296     23.31   6192372     94428       116      3536
04:11:55 AM   1386616   1430208   6475604     81.91      2556    258036   6405296     23.31   6192372     94428       116      3536
04:12:00 AM   1386616   1430208   6475604     81.91      2556    258036   6405296     23.31   6192372     94428       116      3536
04:12:05 AM   1386616   1430208   6475604     81.91      2556    258036   6405296     23.31   6192372     94428       116      3536
04:12:10 AM   1386616   1430256   6475556     81.91      2556    258132   6405296     23.31   6192372     94476       172      3536
04:12:15 AM   1385860   1429916   6475896     81.91      2556    258532   6405296     23.31   6192376     94892       204      3536
04:12:20 AM   1385368   1427384   6478428     81.95      2556    258616   6405296     23.31   6192376     94892       268      3536
04:12:25 AM   1385368   1427496   6478316     81.94      2556    258612   6405296     23.31   6192376     95004       284      3536
04:12:30 AM   1385368   1427496   6478316     81.94      2556    258644   6405296     23.31   6192376     95004       280      3536
04:12:35 AM   1385368   1427532   6478280     81.94      2556    258648   6405296     23.31   6192376     95040       284      3536
04:12:40 AM   1385368   1427532   6478280     81.94      2556    258648   6405296     23.31   6192376     95040        24      3536
04:12:45 AM   1385368   1427904   6477908     81.94      2556    259032   6405296     23.31   6192376     95412        24      3536
04:12:50 AM   1385368   1427904   6477908     81.94      2556    259032   6405296     23.31   6192376     95412        24      3536
04:12:55 AM   1385368   1428012   6477800     81.94      2556    259128   6405296     23.31   6192376     95520        96      3536
04:13:00 AM   1385368   1428012   6477800     81.94      2556    259128   6405296     23.31   6192376     95520       116      3536
04:13:05 AM   1385368   1428012   6477800     81.94      2556    259128   6405296     23.31   6192380     95520       116      3536
04:13:10 AM   1385368   1428012   6477800     81.94      2556    259128   6405296     23.31   6192380     95520       116      3536
04:13:15 AM   1385368   1428020   6477792     81.94      2556    259136   6405296     23.31   6192380     95528        28      3536
04:13:20 AM   1385368   1428020   6477792     81.94      2556    259140   6405296     23.31   6192380     95528        32      3536
04:13:25 AM   1384360   1427340   6478472     81.95      2556    259464   6405296     23.31   6192380     95856        36      3536
04:13:30 AM   1384360   1427340   6478472     81.95      2556    259544   6405296     23.31   6192380     95856        80      3536
04:13:35 AM   1384360   1427420   6478392     81.94      2556    259544   6405296     23.31   6192380     95936       100      3536
04:13:40 AM   1384360   1427420   6478392     81.94      2556    259544   6405296     23.31   6192380     95936       100      3536
04:13:45 AM   1384360   1427420   6478392     81.94      2556    259544   6405296     23.31   6192380     95936       100      3536
04:13:50 AM   1384360   1427420   6478392     81.94      2556    259544   6405296     23.31   6192380     95936       100      3536
04:13:55 AM   1384360   1427420   6478392     81.94      2556    259544   6405296     23.31   6192380     95936        20      3536
04:14:00 AM   1384360   1427668   6478144     81.94      2556    259832   6405296     23.31   6192380     96184        20      3536
04:14:05 AM   1384828   1428272   6477540     81.93      2556    259928   6405296     23.31   6192384     96320        96      3536
04:14:10 AM   1384828   1428272   6477540     81.93      2556    259928   6405296     23.31   6192384     96320       116      3536
04:14:15 AM   1384828   1428272   6477540     81.93      2556    259928   6405296     23.31   6192384     96320       116      3536
04:14:20 AM   1384828   1428272   6477540     81.93      2556    259928   6405296     23.31   6192384     96320       116      3536
04:14:25 AM   1384828   1428272   6477540     81.93      2556    259928   6405296     23.31   6192384     96320       116      3536
04:14:30 AM   1384828   1428272   6477540     81.93      2556    259928   6405296     23.31   6192384     96320        20      3536
04:14:35 AM   1384324   1428016   6477796     81.94      2556    260248   6405296     23.31   6192384     96568        20      3536
04:14:40 AM   1384324   1428088   6477724     81.94      2556    260328   6405296     23.31   6192384     96640        80      3536
04:14:45 AM   1384324   1428088   6477724     81.94      2556    260328   6405296     23.31   6192384     96640       100      3536
04:14:50 AM   1384324   1428168   6477644     81.94      2556    260328   6405296     23.31   6192384     96720       100      3536
04:14:55 AM   1384324   1428168   6477644     81.94      2556    260328   6405296     23.31   6192384     96720       100      3536
04:15:00 AM   1384324   1428168   6477644     81.94      2556    260328   6405296     23.31   6192384     96720       100      3536
04:15:05 AM   1384324   1428168   6477644     81.94      2556    260328   6405296     23.31   6192384     96720        20      3536
04:15:10 AM   1384324   1428416   6477396     81.93      2556    260616   6405296     23.31   6192384     96968        20      3536
04:15:15 AM   1383316   1425400   6480412     81.97      2556    260712   6405296     23.31   6192384     97008        96      3536
04:15:20 AM   1383316   1425496   6480316     81.97      2556    260712   6405296     23.31   6192384     97104       116      3536
04:15:25 AM   1383316   1425496   6480316     81.97      2556    260712   6405296     23.31   6192384     97104       116      3536
04:15:30 AM   1383316   1425496   6480316     81.97      2556    260712   6405296     23.31   6192384     97104       116      3536
04:15:35 AM   1383316   1425496   6480316     81.97      2556    260712   6405296     23.31   6192384     97104       116      3536
04:15:40 AM   1383316   1425496   6480316     81.97      2556    260712   6405296     23.31   6192384     97104        20      3536
04:15:45 AM   1382560   1423064   6482748     82.00      2556    261160   6405296     23.31   6192384     97476        20      3536
04:15:50 AM   1382560   1423228   6482584     82.00      2556    261240   6405296     23.31   6192384     97632        80      3536
04:15:55 AM   1382560   1423228   6482584     82.00      2556    261240   6405296     23.31   6192384     97632       100      3536
04:16:00 AM   1382560   1423232   6482580     82.00      2556    261244   6405296     23.31   6192384     97636       104      3536
04:16:05 AM   1382560   1423232   6482580     82.00      2556    261244   6405296     23.31   6192384     97636       104      3536
04:16:10 AM   1382560   1423232   6482580     82.00      2556    261244   6405296     23.31   6192384     97636       104      3536
04:16:15 AM   1382560   1423232   6482580     82.00      2556    261244   6405296     23.31   6192384     97636        24      3536
04:16:20 AM   1382560   1423536   6482276     81.99      2556    261548   6405296     23.31   6192384     97940        24      3536
04:16:25 AM   1382308   1423284   6482528     82.00      2556    261648   6405296     23.31   6192384     97940        96      3536
04:16:30 AM   1382308   1423384   6482428     82.00      2556    261648   6405296     23.31   6192384     98040       116      3536
04:16:35 AM   1382308   1423384   6482428     82.00      2556    261648   6405296     23.31   6192384     98040       116      3536
04:16:40 AM   1382308   1423384   6482428     82.00      2556    261648   6405296     23.31   6192384     98040       116      3536
04:16:45 AM   1382308   1423384   6482428     82.00      2556    261648   6405296     23.31   6192384     98040       116      3536
04:16:50 AM   1382308   1423384   6482428     82.00      2556    261648   6405296     23.31   6192384     98040        20      3536
04:16:55 AM   1382308   1423632   6482180     81.99      2556    261976   6405296     23.31   6192384     98288        28      3536
04:17:00 AM   1382308   1423792   6482020     81.99      2556    262056   6405296     23.31   6192384     98448        80      3536
04:17:05 AM   1382308   1423792   6482020     81.99      2556    262056   6405296     23.31   6192384     98448       100      3536
04:17:10 AM   1382308   1423840   6481972     81.99      2556    262136   6405296     23.31   6192384     98496       284      3536
04:17:15 AM   1382308   1423872   6481940     81.99      2556    262136   6405296     23.31   6192384     98528       284      3536
04:17:20 AM   1382308   1423876   6481936     81.99      2556    262140   6405296     23.31   6192384     98532       288      3536
04:17:25 AM   1382308   1423872   6481940     81.99      2556    262136   6405296     23.31   6192384     98528       124      3536
04:17:30 AM   1382056   1424116   6481696     81.99      2556    262632   6405296     23.31   6192384     99024        68      3536
04:17:35 AM   1382056   1424116   6481696     81.99      2556    262728   6405296     23.31   6192384     99024       144      3536
04:17:40 AM   1382056   1424116   6481696     81.99      2556    262728   6405296     23.31   6192384     99024       164      3536
04:17:45 AM   1382056   1424212   6481600     81.99      2556    262728   6405296     23.31   6192384     99120       164      3536
04:17:50 AM   1382056   1424212   6481600     81.99      2556    262728   6405296     23.31   6192384     99120       164      3536
04:17:55 AM   1382056   1424212   6481600     81.99      2556    262728   6405296     23.31   6192384     99120       164      3536
04:18:00 AM   1381804   1424208   6481604     81.99      2556    263064   6405296     23.31   6192384     99368        20      3536
04:18:05 AM   1381804   1424296   6481516     81.98      2556    263064   6405296     23.31   6192384     99456        20      3536
04:18:10 AM   1381552   1424044   6481768     81.99      2556    263144   6405296     23.31   6192384     99456        80      3536
04:18:15 AM   1381552   1424124   6481688     81.99      2556    263144   6405296     23.31   6192384     99536       100      3536
04:18:20 AM   1381552   1424124   6481688     81.99      2556    263144   6405296     23.31   6192384     99536       100      3536
04:18:25 AM   1381552   1424124   6481688     81.99      2556    263144   6405296     23.31   6192384     99536       100      3536
04:18:30 AM   1381552   1424124   6481688     81.99      2556    263144   6405296     23.31   6192384     99536        20      3536
04:18:35 AM   1381552   1424128   6481684     81.99      2556    263148   6405296     23.31   6192384     99540        24      3536
04:18:40 AM   1381300   1424124   6481688     81.99      2556    263436   6405296     23.31   6192384     99788        24      3536
04:18:45 AM   1381300   1424164   6481648     81.99      2556    263532   6405296     23.31   6192384     99828        96      3536
04:18:50 AM   1381300   1424164   6481648     81.99      2556    263532   6405296     23.31   6192384     99828       116      3536
04:18:55 AM   1381300   1424260   6481552     81.98      2556    263532   6405296     23.31   6192384     99924       116      3536
04:19:00 AM   1381300   1424260   6481552     81.98      2556    263532   6405296     23.31   6192384     99924       116      3536
04:19:05 AM   1381300   1424260   6481552     81.98      2556    263532   6405296     23.31   6192384     99924       116      3536
04:19:10 AM   1382272   1425232   6480580     81.97      2556    263536   6405296     23.31   6192260     99928        24      3536
04:19:15 AM   1382020   1423184   6482628     82.00      2556    263856   6405296     23.31   6192380    100176        24      3536
04:19:20 AM   1382020   1423308   6482504     82.00      2556    263936   6405296     23.31   6192380    100300        80      3536
04:19:25 AM   1382020   1423340   6482472     82.00      2556    263940   6405296     23.31   6192380    100332       104      3536
04:19:30 AM   1382020   1423340   6482472     82.00      2556    263940   6405296     23.31   6192380    100332       104      3536
04:19:35 AM   1382020   1423340   6482472     82.00      2556    263940   6405296     23.31   6192380    100332       104      3536
04:19:40 AM   1382020   1423340   6482472     82.00      2556    263940   6405296     23.31   6192380    100332       104      3536
04:19:45 AM   1382020   1423340   6482472     82.00      2556    263940   6405296     23.31   6192380    100332        24      3536
04:19:50 AM   1381768   1423336   6482476     82.00      2556    264260   6405296     23.31   6192380    100580        24      3536
04:19:55 AM   1383360   1425096   6480716     81.97      2556    264356   6405296     23.31   6187912    100748        96      3536
04:20:00 AM   1383360   1425096   6480716     81.97      2556    264356   6405296     23.31   6183764    100748       116      3536
04:20:05 AM   1375548   1417284   6488528     82.07      2556    264356   6405296     23.31   6188248    100748       120      3536
04:20:10 AM   1378564   1420300   6485512     82.03      2556    264356   6405296     23.31   6188248    100748       120      3536
04:20:15 AM   1378564   1420300   6485512     82.03      2556    264356   6405296     23.31   6188276    100748       120      3536
04:20:20 AM   1378564   1420300   6485512     82.03      2556    264356   6405296     23.31   6188276    100748        24      3536
04:20:25 AM   1377808   1419992   6485820     82.04      2556    264804   6405296     23.31   6188276    101196        24      3536
04:20:30 AM   1377808   1419992   6485820     82.04      2556    264884   6405296     23.31   6188276    101196        84      3536
04:20:35 AM   1377808   1420072   6485740     82.04      2556    264884   6405296     23.31   6188276    101276       100      3536
04:20:40 AM   1377808   1420072   6485740     82.04      2556    264892   6405296     23.31   6188276    101276       108      3536
04:20:45 AM   1377808   1420080   6485732     82.04      2556    264892   6405296     23.31   6188276    101284       108      3536
04:20:50 AM   1377808   1420080   6485732     82.04      2556    264892   6405296     23.31   6188276    101284       108      3536
04:20:55 AM   1377808   1420080   6485732     82.04      2556    264892   6405296     23.31   6188276    101284        28      3536
04:21:00 AM   1377556   1420076   6485736     82.04      2556    265180   6405296     23.31   6188276    101532        28      3536
04:21:05 AM   1377556   1420076   6485736     82.04      2556    265276   6405296     23.31   6188276    101532        96      3536
04:21:10 AM   1375288   1417944   6487868     82.06      2556    265276   6405296     23.31   6192372    101668       116      3536
04:21:15 AM   1375288   1417944   6487868     82.06      2556    265280   6405296     23.31   6192372    101668       120      3536
04:21:20 AM   1375288   1417948   6487864     82.06      2556    265280   6405296     23.31   6192372    101672       120      3536
04:21:25 AM   1375288   1417948   6487864     82.06      2556    265280   6405296     23.31   6192372    101672       120      3536
04:21:30 AM   1375288   1417948   6487864     82.06      2556    265280   6405296     23.31   6192372    101672        24      3536
04:21:35 AM   1374784   1417692   6488120     82.07      2556    265600   6405296     23.31   6192372    101920        24      3536
04:21:40 AM   1374532   1417512   6488300     82.07      2556    265680   6405296     23.31   6192372    101992        80      3536
04:21:45 AM   1374532   1417512   6488300     82.07      2556    265680   6405296     23.31   6192372    101992       100      3536
04:21:50 AM   1374532   1417592   6488220     82.07      2556    265680   6405296     23.31   6192372    102072       100      3536
04:21:55 AM   1374532   1417592   6488220     82.07      2556    265680   6405296     23.31   6192372    102072       100      3536
04:22:00 AM   1374532   1417592   6488220     82.07      2556    265680   6405296     23.31   6192372    102072       100      3536
04:22:05 AM   1374532   1417592   6488220     82.07      2556    265680   6405296     23.31   6192372    102072        20      3536
04:22:10 AM   1374532   1417880   6487932     82.07      2556    266080   6405296     23.31   6192376    102360       204      3536
04:22:15 AM   1374532   1417992   6487820     82.06      2556    266176   6405296     23.31   6192376    102472       280      3536
04:22:20 AM   1374532   1418088   6487724     82.06      2556    266180   6405296     23.31   6192376    102568       304      3536
04:22:25 AM   1374532   1418088   6487724     82.06      2556    266176   6405296     23.31   6192376    102568       300      3536
04:22:30 AM   1374532   1418096   6487716     82.06      2556    266184   6405296     23.31   6192376    102576       308      3536
04:22:35 AM   1374532   1418092   6487720     82.06      2556    266180   6405296     23.31   6192376    102572       304      3536
04:22:40 AM   1373776   1415660   6490152     82.09      2556    266580   6405296     23.31   6192376    102944        24      3536
04:22:45 AM   1373776   1415660   6490152     82.09      2556    266580   6405296     23.31   6192376    102944        24      3536
04:22:50 AM   1373776   1415776   6490036     82.09      2556    266660   6405296     23.31   6192376    103052        80      3536
04:22:55 AM   1373776   1415776   6490036     82.09      2556    266660   6405296     23.31   6192376    103052       100      3536
04:23:00 AM   1373776   1415776   6490036     82.09      2556    266660   6405296     23.31   6192376    103052       100      3536
04:23:05 AM   1373776   1415776   6490036     82.09      2556    266660   6405296     23.31   6192376    103052       100      3536
04:23:10 AM   1373776   1415776   6490036     82.09      2556    266660   6405296     23.31   6192376    103052       100      3536
04:23:15 AM   1373776   1415776   6490036     82.09      2556    266660   6405296     23.31   6192376    103052        20      3536
04:23:20 AM   1373524   1415812   6490000     82.09      2556    266948   6405296     23.31   6192376    103340        20      3536
04:23:25 AM   1373020   1415308   6490504     82.10      2556    267044   6405296     23.31   6192376    103340        96      3536
04:23:30 AM   1373020   1415404   6490408     82.10      2556    267044   6405296     23.31   6192376    103436       116      3536
04:23:35 AM   1373020   1415404   6490408     82.10      2556    267044   6405296     23.31   6192376    103436       116      3536
04:23:40 AM   1373020   1415404   6490408     82.10      2556    267044   6405296     23.31   6192376    103436       116      3536
04:23:45 AM   1373020   1415404   6490408     82.10      2556    267044   6405296     23.31   6192376    103436       116      3536
04:23:50 AM   1373020   1415408   6490404     82.10      2556    267048   6405296     23.31   6192376    103440        24      3536
04:23:55 AM   1373020   1415656   6490156     82.09      2556    267416   6405296     23.31   6192376    103688        24      3536
04:24:00 AM   1373020   1415856   6489956     82.09      2556    267496   6405296     23.31   6192376    103888        80      3536
04:24:05 AM   1373020   1415856   6489956     82.09      2556    267496   6405296     23.31   6192376    103888       100      3536
04:24:10 AM   1373856   1416692   6489120     82.08      2556    267496   6405296     23.31   6192388    103888       100      3536
04:24:15 AM   1373856   1416692   6489120     82.08      2556    267496   6405296     23.31   6192388    103888       100      3536
04:24:20 AM   1373856   1416700   6489112     82.08      2556    267504   6405296     23.31   6192388    103896       108      3536
04:24:25 AM   1373856   1416700   6489112     82.08      2556    267504   6405296     23.31   6192388    103896        28      3536
04:24:30 AM   1373604   1416768   6489044     82.08      2556    267824   6405296     23.31   6192388    104216        28      3536
04:24:35 AM   1373604   1416768   6489044     82.08      2556    267920   6405296     23.31   6192388    104216        96      3536
04:24:40 AM   1373604   1416864   6488948     82.08      2556    267920   6405296     23.31   6192392    104312       116      3536
04:24:45 AM   1373604   1416864   6488948     82.08      2556    267920   6405296     23.31   6192392    104312       116      3536
04:24:50 AM   1378164   1421420   6484392     82.02      2556    267916   6405296     23.31   6186512    104308       116      3536
04:24:55 AM   1378164   1421420   6484392     82.02      2556    267916   6405296     23.31   6184488    104308       116      3536
04:25:00 AM   1378164   1421420   6484392     82.02      2556    267916   6405296     23.31   6184488    104308        20      3536
04:25:05 AM   1405900   1449404   6456408     81.67      2556    268252   6405296     23.31   6164576    104556        20      3536
04:25:10 AM   1393300   1436884   6468928     81.82      2556    268332   6405296     23.31   6178912    104636        80      3536
04:25:15 AM   1393300   1436972   6468840     81.82      2556    268332   6405296     23.31   6178912    104724       100      3536
04:25:20 AM   1393300   1436972   6468840     81.82      2556    268332   6405296     23.31   6178912    104724       100      3536
04:25:25 AM   1393300   1436972   6468840     81.82      2556    268332   6405296     23.31   6178912    104724       100      3536
04:25:30 AM   1393300   1436972   6468840     81.82      2556    268332   6405296     23.31   6178912    104724       100      3536
04:25:35 AM   1393300   1436976   6468836     81.82      2556    268336   6405296     23.31   6178912    104728        24      3536
04:25:40 AM   1393048   1436980   6468832     81.82      2556    268688   6405296     23.31   6178912    104976        24      3536
04:25:45 AM   1393048   1437088   6468724     81.82      2556    268788   6405296     23.31   6178912    105084        96      3536
04:25:50 AM   1393048   1437088   6468724     81.82      2556    268788   6405296     23.31   6178912    105084       116      3536
04:25:55 AM   1393048   1437184   6468628     81.82      2556    268788   6405296     23.31   6178912    105180       116      3536
04:26:00 AM   1393048   1437184   6468628     81.82      2556    268788   6405296     23.31   6178912    105180       116      3536
04:26:05 AM   1393048   1437184   6468628     81.82      2556    268788   6405296     23.31   6178912    105180       116      3536
04:26:10 AM   1393048   1436540   6469272     81.83      2556    268176   6405296     23.31   6178772    104536        20      3536
04:26:15 AM   1393048   1436820   6468992     81.83      2556    268532   6405296     23.31   6178804    104784        20      3536
04:26:20 AM   1393048   1436928   6468884     81.82      2556    268612   6405296     23.31   6178804    104892        80      3536
04:26:25 AM   1393048   1437004   6468808     81.82      2556    268612   6405296     23.31   6174648    104968       104      3536
04:26:30 AM   1393048   1437004   6468808     81.82      2556    268612   6405296     23.31   6174648    104968       104      3536
04:26:35 AM   1393048   1437004   6468808     81.82      2556    268608   6405296     23.31   6174500    104964       104      3536
04:26:40 AM   1396832   1440788   6465024     81.78      2556    268608   6405296     23.31   6169752    104964       104      3536
04:26:45 AM   1396916   1440868   6464944     81.77      2556    268604   6405296     23.31   6169612    104960        24      3536
04:26:50 AM   1397672   1441872   6463940     81.76      2556    268892   6405296     23.31   6168344    105208        24      3536
04:26:55 AM   1397672   1442024   6463788     81.76      2556    269004   6405296     23.31   6168344    105360       112      3536
04:27:00 AM   1412700   1457048   6448764     81.57      2556    269000   6405296     23.31   6152232    105356       132      3536
04:27:05 AM   1415508   1459856   6445956     81.53      2556    269000   6405296     23.31   6148092    105356       132      3536
04:27:10 AM   1416476   1460888   6444924     81.52      2556    269144   6405296     23.31   6148844    105420       316      3536
04:27:15 AM   1416476   1460968   6444844     81.52      2556    269144   6405296     23.31   6148940    105500       316      3536
04:27:20 AM   1416476   1460968   6444844     81.52      2556    269196   6405296     23.31   6148704    105500       176      3536
04:27:25 AM   1415972   1460916   6444896     81.52      2556    269596   6405296     23.31   6148704    105952       124      3536
04:27:30 AM   1417412   1461556   6444256     81.51      2556    268836   6405296     23.31   6148584    105184       264      3536
04:27:35 AM   1417412   1461600   6444212     81.51      2556    268840   6405296     23.31   6148584    105228       288      3536
04:27:40 AM   1417412   1461600   6444212     81.51      2556    268840   6405296     23.31   6148584    105228       184      3536
04:27:45 AM   1417412   1461600   6444212     81.51      2556    268840   6405296     23.31   6148584    105228       184      3536
04:27:50 AM   1417412   1460984   6444828     81.52      2556    268240   6405296     23.31   6148676    104488        24      3536
04:27:55 AM   1417412   1461000   6444812     81.52      2556    268240   6405296     23.31   6148600    104596        24      3536
04:28:00 AM   1417160   1460996   6444816     81.52      2556    268628   6405296     23.31   6143560    104844        24      3536
04:28:05 AM   1389944   1433988   6471824     81.86      2556    268764   6405296     23.31   6177008    105052       128      3536
04:28:10 AM   1389944   1434056   6471756     81.86      2556    268764   6405296     23.31   6177008    105120       148      3536
04:28:15 AM   1389944   1434056   6471756     81.86      2556    268764   6405296     23.31   6192052    105120       148      3536
04:28:20 AM   1389944   1434056   6471756     81.86      2556    268764   6405296     23.31   6192176    105120       148      3536
04:28:25 AM   1389944   1434056   6471756     81.86      2556    268764   6405296     23.31   6192176    105120       148      3536
04:28:30 AM   1389944   1434056   6471756     81.86      2556    268764   6405296     23.31   6192176    105120        20      3536
04:28:35 AM   1389704   1434176   6471636     81.86      2556    269120   6405296     23.31   6192184    105472        24      3536
04:28:40 AM   1389704   1434180   6471632     81.86      2556    269200   6405296     23.31   6192184    105476        80      3536
04:28:45 AM   1389704   1434180   6471632     81.86      2556    269200   6405296     23.31   6192184    105476       100      3536
04:28:50 AM   1389704   1434260   6471552     81.86      2556    269200   6405296     23.31   6192184    105556       100      3536
04:28:55 AM   1389704   1434260   6471552     81.86      2556    269200   6405296     23.31   6192184    105556       100      3536
04:29:00 AM   1389704   1434264   6471548     81.86      2556    269204   6405296     23.31   6192184    105560       104      3536
04:29:05 AM   1389704   1434264   6471548     81.86      2556    269204   6405296     23.31   6192184    105560        24      3536
04:29:10 AM   1389544   1434400   6471412     81.86      2556    269508   6405296     23.31   6192124    105864        24      3536
04:29:15 AM   1389544   1434404   6471408     81.86      2556    269604   6405296     23.31   6192376    105864        96      3536
04:29:20 AM   1389544   1434504   6471308     81.86      2556    269604   6405296     23.31   6192436    105960       116      3536
04:29:25 AM   1389544   1434504   6471308     81.86      2556    269604   6405296     23.31   6192436    105960       116      3536
04:29:30 AM   1389544   1434504   6471308     81.86      2556    269604   6405296     23.31   6192436    105960       116      3536
04:29:35 AM   1389544   1434504   6471308     81.86      2556    269604   6405296     23.31   6192436    105960       116      3536
04:29:40 AM   1389544   1434504   6471308     81.86      2556    269604   6405296     23.31   6192436    105960        20      3536
04:29:45 AM   1389052   1434260   6471552     81.86      2556    269940   6405296     23.31   6192436    106208        20      3536
04:29:50 AM   1389052   1434428   6471384     81.86      2556    270020   6405296     23.31   6192436    106376        80      3536
04:29:55 AM   1389052   1434428   6471384     81.86      2556    270020   6405296     23.31   6192436    106376       100      3536
04:30:00 AM   1389052   1434428   6471384     81.86      2556    270020   6405296     23.31   6192436    106376       100      3536
04:30:05 AM   1389052   1434428   6471384     81.86      2556    270020   6405296     23.31   6192436    106376       100      3536
04:30:10 AM   1389052   1434428   6471384     81.86      2556    270020   6405296     23.31   6192436    106376       100      3536
04:30:15 AM   1389052   1434428   6471384     81.86      2556    270020   6405296     23.31   6192436    106376        20      3536
04:30:20 AM   1388296   1434056   6471756     81.86      2556    270404   6405296     23.31   6192436    106760        20      3536
04:30:25 AM   1388296   1434056   6471756     81.86      2556    270500   6405296     23.31   6192436    106760        96      3536
04:30:30 AM   1388296   1434152   6471660     81.86      2556    270500   6405296     23.31   6192436    106856       116      3536
04:30:35 AM   1388296   1434152   6471660     81.86      2556    270500   6405296     23.31   6192436    106856       116      3536
04:30:40 AM   1388296   1434152   6471660     81.86      2556    270500   6405296     23.31   6192436    106856       116      3536
04:30:45 AM   1388296   1434152   6471660     81.86      2556    270500   6405296     23.31   6192436    106856       116      3536
04:30:50 AM   1388296   1434152   6471660     81.86      2556    270500   6405296     23.31   6192436    106856        20      3536
04:30:55 AM   1388296   1434400   6471412     81.86      2556    270852   6405296     23.31   6192436    107104        20      3536
04:31:00 AM   1388296   1434584   6471228     81.85      2556    270932   6405296     23.31   6192436    107288        80      3536
04:31:05 AM   1388296   1434584   6471228     81.85      2556    270932   6405296     23.31   6192436    107288       100      3536
04:31:10 AM   1388296   1434584   6471228     81.85      2556    270932   6405296     23.31   6192436    107288       100      3536
04:31:15 AM   1388296   1434584   6471228     81.85      2556    270932   6405296     23.31   6192436    107288       100      3536
04:31:20 AM   1388296   1434584   6471228     81.85      2556    270932   6405296     23.31   6192436    107288       100      3536
04:31:25 AM   1388296   1434584   6471228     81.85      2556    270932   6405296     23.31   6192436    107288        20      3536
04:31:30 AM   1383948   1430540   6475272     81.91      2556    271236   6405296     23.31   6192436    107592        20      3536
04:31:35 AM   1383948   1430544   6475268     81.91      2556    271336   6405296     23.31   6192436    107596        96      3536
04:31:40 AM   1383948   1430644   6475168     81.90      2556    271340   6405296     23.31   6192436    107696       120      3536
04:31:45 AM   1383948   1430644   6475168     81.90      2556    271348   6405296     23.31   6192436    107696       128      3536
04:31:50 AM   1383948   1430644   6475168     81.90      2556    271348   6405296     23.31   6192436    107696       128      3536
04:31:55 AM   1383948   1430652   6475160     81.90      2556    271348   6405296     23.31   6192436    107704       128      3536
04:32:00 AM   1383948   1430652   6475160     81.90      2556    271348   6405296     23.31   6192436    107704        32      3536
04:32:05 AM   1383192   1430144   6475668     81.91      2556    271684   6405296     23.31   6192436    107952        32      3536
04:32:10 AM   1383192   1430396   6475416     81.91      2556    271880   6405296     23.31   6192436    108204       132      3536
04:32:15 AM   1383192   1430456   6475356     81.91      2556    271944   6405296     23.31   6192436    108264       288      3536
04:32:20 AM   1383192   1430456   6475356     81.91      2556    271948   6405296     23.31   6192436    108264       292      3536
04:32:25 AM   1383192   1430492   6475320     81.91      2556    271944   6405296     23.31   6192436    108300       288      3536
04:32:30 AM   1383192   1430492   6475320     81.91      2556    271944   6405296     23.31   6192436    108300       288      3536
04:32:35 AM   1383192   1430492   6475320     81.91      2556    271944   6405296     23.31   6192440    108300       128      3536
04:32:40 AM   1382940   1430612   6475200     81.90      2556    272344   6405296     23.31   6192440    108672        24      3536
04:32:45 AM   1382940   1430640   6475172     81.90      2556    272440   6405296     23.31   6192440    108700        96      3536
04:32:50 AM   1382940   1430640   6475172     81.90      2556    272440   6405296     23.31   6192440    108700       116      3536
04:32:55 AM   1382700   1430496   6475316     81.91      2556    272440   6405296     23.31   6192440    108796       116      3536
04:33:00 AM   1382700   1430496   6475316     81.91      2556    272440   6405296     23.31   6192440    108796       116      3536
04:33:05 AM   1382700   1430496   6475316     81.91      2556    272440   6405296     23.31   6192440    108796       116      3536
04:33:10 AM   1382448   1430492   6475320     81.91      2556    272728   6405296     23.31   6192440    109044        20      3536
04:33:15 AM   1133068   1181152   6724660     85.06      2556    272728   6652340     24.21   6439492    109084        20      3536
04:33:20 AM   1133068   1181152   6724660     85.06      2556    272808   6652340     24.21   6439492    109084        80      3536
04:33:25 AM   1382088   1430252   6475560     81.91      2556    272808   6405296     23.31   6192448    109164       100      3536
04:33:30 AM   1381596   1429760   6476052     81.92      2556    272808   6405296     23.31   6192448    109164       100      3536
04:33:35 AM   1381596   1429760   6476052     81.92      2556    272808   6405296     23.31   6192452    109164       100      3536
04:33:40 AM   1381596   1429760   6476052     81.92      2556    272808   6405296     23.31   6192452    109164       100      3536
04:33:45 AM   1381596   1429760   6476052     81.92      2556    272808   6405296     23.31   6192452    109164       100      3536
04:33:50 AM   1381344   1429756   6476056     81.92      2556    273096   6405296     23.31   6192452    109412        20      3536
04:33:55 AM   1381344   1429892   6475920     81.91      2556    273192   6405296     23.31   6192452    109548        96      3536
04:34:00 AM   1381344   1429892   6475920     81.91      2556    273192   6405296     23.31   6192452    109548       116      3536
04:34:05 AM   1381344   1429892   6475920     81.91      2556    273192   6405296     23.31   6192452    109548       116      3536
04:34:10 AM   1379836   1428388   6477424     81.93      2556    273196   6405296     23.31   6192332    109552       120      3536
04:34:15 AM   1379836   1428388   6477424     81.93      2556    273196   6405296     23.31   6192456    109552       120      3536
04:34:20 AM   1379836   1428388   6477424     81.93      2556    273196   6405296     23.31   6192456    109552        24      3536
04:34:25 AM   1379584   1428472   6477340     81.93      2556    273532   6405296     23.31   6192456    109888        24      3536
04:34:30 AM   1379584   1428472   6477340     81.93      2556    273612   6405296     23.31   6192456    109888        80      3536
04:34:35 AM   1379584   1428552   6477260     81.93      2556    273612   6405296     23.31   6192456    109968       100      3536
04:34:40 AM   1379584   1428552   6477260     81.93      2556    273616   6405296     23.31   6192456    109968       104      3536
04:34:45 AM   1379584   1428556   6477256     81.93      2556    273616   6405296     23.31   6192456    109972       104      3536
04:34:50 AM   1379584   1428556   6477256     81.93      2556    273616   6405296     23.31   6192456    109972       104      3536
04:34:55 AM   1379584   1428556   6477256     81.93      2556    273616   6405296     23.31   6192456    109972        24      3536
04:35:00 AM   1379332   1428552   6477260     81.93      2556    273920   6405296     23.31   6192456    110220        24      3536
04:35:05 AM   1379332   1428704   6477108     81.93      2556    274016   6405296     23.31   6192456    110372        96      3536
04:35:10 AM   1379332   1428704   6477108     81.93      2556    274016   6405296     23.31   6192456    110372       116      3536
04:35:15 AM   1379332   1428704   6477108     81.93      2556    274016   6405296     23.31   6192456    110372       116      3536
04:35:20 AM   1379332   1428704   6477108     81.93      2556    274016   6405296     23.31   6192456    110372       116      3536
04:35:25 AM   1379332   1428704   6477108     81.93      2556    274016   6405296     23.31   6192456    110372       116      3536
04:35:30 AM   1379332   1428704   6477108     81.93      2556    274024   6405296     23.31   6192456    110372        28      3536
04:35:35 AM   1379080   1428700   6477112     81.93      2556    274360   6405296     23.31   6192456    110620        28      3536
04:35:40 AM   1379080   1428796   6477016     81.93      2556    274440   6405296     23.31   6192456    110716        80      3536
04:35:45 AM   1379080   1428796   6477016     81.93      2556    274440   6405296     23.31   6192456    110716       100      3536
04:35:50 AM   1379080   1428876   6476936     81.93      2556    274440   6405296     23.31   6192456    110796       100      3536
04:35:55 AM   1379080   1428876   6476936     81.93      2556    274440   6405296     23.31   6192456    110796       100      3536
04:36:00 AM   1379080   1428876   6476936     81.93      2556    274440   6405296     23.31   6192456    110796       100      3536
04:36:05 AM   1379080   1428876   6476936     81.93      2556    274440   6405296     23.31   6192456    110796        20      3536
04:36:10 AM   1378324   1428368   6477444     81.93      2556    274744   6405296     23.31   6192456    111044        20      3536
04:36:15 AM   1378324   1428368   6477444     81.93      2556    274840   6405296     23.31   6192456    111044        96      3536
04:36:20 AM   1378324   1428520   6477292     81.93      2556    274840   6405296     23.31   6192456    111196       116      3536
04:36:25 AM   1378324   1428520   6477292     81.93      2556    274840   6405296     23.31   6192456    111196       116      3536
04:36:30 AM   1378324   1428520   6477292     81.93      2556    274840   6405296     23.31   6192456    111196       116      3536
04:36:35 AM   1378324   1428520   6477292     81.93      2556    274840   6405296     23.31   6192456    111196       116      3536
04:36:40 AM   1378324   1428540   6477272     81.93      2556    274876   6405296     23.31   6192456    111216       228      3536
04:36:45 AM   1378324   1428784   6477028     81.93      2556    275244   6405296     23.31   6192456    111460       132      3536
04:36:50 AM   1378324   1429004   6476808     81.92      2556    275324   6405296     23.31   6192456    111680       188      3536
04:36:55 AM   1378324   1429004   6476808     81.92      2556    275324   6405296     23.31   6192456    111680       208      3536
04:37:00 AM   1378324   1429004   6476808     81.92      2556    275324   6405296     23.31   6192456    111680       208      3536
04:37:05 AM   1378324   1429004   6476808     81.92      2556    275324   6405296     23.31   6192456    111680       208      3536
04:37:10 AM   1378324   1429004   6476808     81.92      2556    275404   6405296     23.31   6192456    111680       292      3536
04:37:15 AM   1378324   1429068   6476744     81.92      2556    275548   6405296     23.31   6192456    111744       100      3536
04:37:20 AM   1378072   1429280   6476532     81.92      2556    275936   6405296     23.31   6192456    112208       172      3536
04:37:25 AM   1378072   1429360   6476452     81.92      2556    276060   6405296     23.31   6192456    112288       276      3536
04:37:30 AM   1378072   1429488   6476324     81.92      2556    276060   6405296     23.31   6192456    112416       296      3536
04:37:35 AM   1378072   1429488   6476324     81.92      2556    276060   6405296     23.31   6192456    112416       296      3536
04:37:40 AM   1378072   1429488   6476324     81.92      2556    276060   6405296     23.31   6192456    112416       296      3536
04:37:45 AM   1378072   1429492   6476320     81.92      2556    276064   6405296     23.31   6192456    112420        24      3536
04:37:50 AM   1377568   1429360   6476452     81.92      2556    276448   6405296     23.31   6192456    112792        24      3536
04:37:55 AM   1377568   1429360   6476452     81.92      2556    276448   6405296     23.31   6192456    112792        24      3536
04:38:00 AM   1377568   1429452   6476360     81.92      2556    276528   6405296     23.31   6192456    112884        80      3536
04:38:05 AM   1377568   1429452   6476360     81.92      2556    276528   6405296     23.31   6192456    112884       100      3536
04:38:10 AM   1377568   1429452   6476360     81.92      2556    276528   6405296     23.31   6192456    112884       100      3536
04:38:15 AM   1377568   1429452   6476360     81.92      2556    276528   6405296     23.31   6192456    112884       100      3536
04:38:20 AM   1376288   1428172   6477640     81.94      2556    276528   6405296     23.31   6192456    112884        20      3536
04:38:25 AM   1376288   1428172   6477640     81.94      2556    276528   6405296     23.31   6192456    112884        20      3536
04:38:30 AM   1380392   1432580   6473232     81.88      2556    276832   6405296     23.31   6192456    113188        20      3536
04:38:35 AM   1380140   1432328   6473484     81.88      2556    276928   6405296     23.31   6192456    113188        96      3536
04:38:40 AM   1380140   1432328   6473484     81.88      2556    276928   6405296     23.31   6192456    113188       116      3536
04:38:45 AM   1380140   1432424   6473388     81.88      2556    276928   6405296     23.31   6192456    113284       116      3536
04:38:50 AM   1380140   1432428   6473384     81.88      2556    276932   6405296     23.31   6192456    113288       120      3536
04:38:55 AM   1380140   1432428   6473384     81.88      2556    276932   6405296     23.31   6192456    113288       120      3536
04:39:00 AM   1380140   1432428   6473384     81.88      2556    276932   6405296     23.31   6192456    113288        24      3536
04:39:05 AM   1379888   1430376   6475436     81.91      2556    277268   6405296     23.31   6192456    113536        24      3536
04:39:10 AM   1379636   1430300   6475512     81.91      2556    277356   6405296     23.31   6192452    113712        80      3536
04:39:15 AM   1379636   1430300   6475512     81.91      2556    277356   6405296     23.31   6192452    113712       100      3536
04:39:20 AM   1379636   1430300   6475512     81.91      2556    277360   6405296     23.31   6192452    113712       104      3536
04:39:25 AM   1379636   1430304   6475508     81.91      2556    277360   6405296     23.31   6192452    113716       104      3536
04:39:30 AM   1379636   1430304   6475508     81.91      2556    277360   6405296     23.31   6192452    113716       104      3536
04:39:35 AM   1379636   1430304   6475508     81.91      2556    277360   6405296     23.31   6192452    113716        24      3536
04:39:40 AM   1379636   1430552   6475260     81.91      2556    277728   6405296     23.31   6192452    113964        24      3536
04:39:45 AM   1379384   1430420   6475392     81.91      2556    277824   6405188     23.31   6192432    114084        96      3536
04:39:50 AM    203680    275760   7630052     96.51      2556    284704   8411400     30.61   7372368    114084       116      3708
04:39:55 AM    129324     65416   7840396     99.17        20    130844   8411400     30.61   4921360   2643316       320      3556
04:40:00 AM    129248     65340   7840472     99.17        20    131064   8411400     30.61   4921360   2643316       320      3556
04:40:05 AM    129248     65452   7840360     99.17        20    131064   8411400     30.61   4921592   2643316       320      3556
04:40:10 AM    129248     65452   7840360     99.17        20    131064   8411400     30.61   4921592   2643316       176      3556
04:40:15 AM    128492     65256   7840556     99.17        32    132312   8411400     30.61   4921592   2644432       176      3556
04:40:20 AM    128492     65256   7840556     99.17        32    132392   8411400     30.61   4921592   2644432       236      3556
04:40:25 AM    128240     65148   7840664     99.18        32    132456   8411400     30.61   4921604   2644720       100      3556
04:40:30 AM    128240     65148   7840664     99.18        32    132456   8411400     30.61   4921604   2644720       100      3556
04:40:35 AM    128240     65148   7840664     99.18        32    132456   8411400     30.61   4921604   2644720       100      3556
04:40:40 AM    128240     65148   7840664     99.18        32    132456   8411400     30.61   4921604   2644720       100      3556
04:40:45 AM    128240     65148   7840664     99.18        32    132460   8411400     30.61   4921616   2644724        24      3556
04:40:50 AM    127988     65020   7840792     99.18        32    132812   8411400     30.61   4921616   2644972        24      3556
04:40:55 AM    127988     65120   7840692     99.18        32    132908   8411400     30.61   4921616   2645172        96      3556
04:41:00 AM    206668    140176   7765636     98.23        32    125740   8411400     30.61   5589204   1875004        80      3556
04:41:05 AM    206668    140216   7765596     98.23        32    125740   8411400     30.61   5589204   1875084       100      3556
04:41:10 AM    206668    140216   7765596     98.23        32    125740   8411400     30.61   5589204   1875084       100      3556
04:41:15 AM    206668    140216   7765596     98.23        32    125740   8411400     30.61   5589204   1875084       100      3556
04:41:20 AM    206668    140216   7765596     98.23        32    125740   8411400     30.61   5589204   1875084       100      3556
04:41:25 AM    206416    140092   7765720     98.23        32    126032   8411400     30.61   5589204   1875340        20      3556
04:41:30 AM    206416    140092   7765720     98.23        32    126032   8411400     30.61   5589204   1875340        20      3556
04:41:35 AM    206416    140160   7765652     98.23        32    126128   8411400     30.61   5589216   1875472        96      3556
04:41:40 AM    206416    140160   7765652     98.23        32    126128   8411400     30.61   5589216   1875472       116      3556
04:41:45 AM    206416    140160   7765652     98.23        32    126128   8411400     30.61   5589216   1875472       116      3556
04:41:50 AM    206416    140160   7765652     98.23        32    126128   8411400     30.61   5589216   1875472       116      3556
04:41:55 AM    205924    139668   7766144     98.23        32    126132   8411400     30.61   5589216   1875476       120      3556
04:42:00 AM    205924    139668   7766144     98.23        32    126152   8411400     30.61   5589216   1875476       120      3556
04:42:05 AM    205672    139564   7766248     98.23        32    126424   8411400     30.61   5589216   1875768        24      3556
04:42:10 AM    205420    139312   7766500     98.24        32    126632   8411400     30.61   5589216   1875768       264      3556
04:42:15 AM    205420    139352   7766460     98.24        32    126632   8411400     30.61   5589216   1875848       288      3556
04:42:20 AM    205420    139416   7766396     98.24        32    126668   8411400     30.61   5589216   1875980       288      3556
04:42:25 AM    205420    139432   7766380     98.24        32    126664   8411400     30.61   5589216   1876008       284      3556
04:42:30 AM    205420    139432   7766380     98.24        32    126664   8411400     30.61   5589216   1876008       284      3556
04:42:35 AM    205420    139432   7766380     98.24        32    126664   8411400     30.61   5589216   1876008       124      3556
04:42:40 AM    205168    139428   7766384     98.24        32    127160   8411400     30.61   5589220   1876504        20      3556
04:42:45 AM    205168    139428   7766384     98.24        32    127256   8411400     30.61   5589220   1876504        96      3556
04:42:50 AM    205168    139476   7766336     98.24        32    127256   8411400     30.61   5589220   1876600       116      3556
04:42:55 AM    205168    139476   7766336     98.24        32    127264   8411400     30.61   5589220   1876600       124      3556
04:43:00 AM    205168    139480   7766332     98.24        32    127264   8411400     30.61   5589220   1876608       124      3556
04:43:05 AM    205168    139480   7766332     98.24        32    127264   8411400     30.61   5589220   1876608       124      3556
04:43:10 AM    204916    139352   7766460     98.24        32    127600   8411400     30.61   5589220   1876856        28      3556
04:43:15 AM    204916    139352   7766460     98.24        32    127600   8411400     30.61   5589220   1876856        28      3556
04:43:20 AM    204916    139396   7766416     98.24        32    127680   8411400     30.61   5589220   1876944        80      3556
04:43:25 AM    204916    139396   7766416     98.24        32    127680   8411400     30.61   5589220   1876944       100      3556
04:43:30 AM    204916    139436   7766376     98.24        32    127680   8411400     30.61   5589220   1877024       100      3556
04:43:35 AM    204916    139436   7766376     98.24        32    127680   8411400     30.61   5589220   1877024       100      3556
04:43:40 AM    201136    136696   7769116     98.27        32    129760   8411400     30.61   5591300   1877024       100      3556
04:43:45 AM    201136    136696   7769116     98.27        32    129760   8411400     30.61   5591300   1877024        20      3556
04:43:50 AM    201136    136872   7768940     98.27        32    130116   8411400     30.61   5591300   1877380        24      3556
04:43:55 AM    201136    136872   7768940     98.27        32    130212   8411400     30.61   5591300   1877380        96      3556
04:44:00 AM    201136    136920   7768892     98.27        32    130212   8411400     30.61   5591300   1877476       116      3556
04:44:05 AM    201136    136920   7768892     98.27        32    130212   8411400     30.61   5591300   1877476       116      3556
04:44:10 AM    110504      9472   7896340     99.88        20     55548   8411400     30.61   5250232   2292304       116      2264
04:44:15 AM    119708     26232   7879580     99.67        20     70512   8411400     30.61   5339964   2177620       116      2264
04:44:20 AM    119484     26020   7879792     99.67        20     70512   8411400     30.61   5340040   2177620        20      2264
04:44:25 AM    119484     26208   7879604     99.67        32     70944   8411400     30.61   5340040   2177992        20      2264
04:44:30 AM    119484     26284   7879528     99.67        32     71028   8411400     30.61   5340040   2178148        80      2264
04:44:35 AM    111672     21000   7884812     99.73        32     76084   8411400     30.61   5345104   2178148       100      2264
04:44:40 AM    246264    155148   7750664     98.04        32     75272   8411400     30.61   5661804   1782916        80      2264
04:44:45 AM    241476    152280   7753532     98.07        32     79240   8411400     30.61   5665648   1782916       100      2264
04:44:50 AM    241476    152384   7753428     98.07        32     79240   8411400     30.61   5665752   1783016       100      2264
04:44:55 AM    237520    148512   7757300     98.12        32     79412   8411400     30.61   5665752   1783188       100      2264
04:45:00 AM    154032     62388   7843424     99.21        32     74132   8411400     30.61   3651816   3768668        96      2260
04:45:05 AM    152800     61156   7844656     99.23        32     74252   8411400     30.61   3651816   3768668       116      2260
04:45:10 AM    152800     61216   7844596     99.23        32     74252   8411400     30.61   3651924   3768688       116      2260
04:45:15 AM    124828     37084   7868728     99.53        32     82004   8411400     30.61   3678256   3768724       116      2260
04:45:20 AM    124828     37120   7868692     99.53        32     82004   8411400     30.61   3678344   3768724       116      2260
04:45:25 AM    124828     37120   7868692     99.53        32     82008   8411400     30.61   3678344   3768724       120      2260
04:45:30 AM    124828     37216   7868596     99.53        32     82200   8411400     30.61   3678344   3768920        24      2260
04:45:35 AM    124828     37216   7868596     99.53        32     82280   8411400     30.61   3678344   3768920        80      2260
04:45:40 AM    124828     37256   7868556     99.53        32     82280   8411400     30.61   3678344   3769000       100      2260
04:45:45 AM    124828     37320   7868492     99.53        32     82412   8411400     30.61   3678468   3769000       100      2260
04:45:50 AM    124828     37324   7868488     99.53        32     82412   8411400     30.61   3678476   3769000       100      2260
04:45:55 AM    124828     37324   7868488     99.53        32     82412   8411400     30.61   3678476   3769000       100      2260
04:46:00 AM    181496     84820   7820992     98.93        32     64128   8411400     30.61   4280836   3082648       100      2264
04:46:05 AM    180516     83964   7821848     98.94        32     64480   8411400     30.61   4280836   3082896        20      2264
04:46:10 AM    180516     83964   7821848     98.94        32     64576   8411400     30.61   4280836   3082896        96      2264
04:46:15 AM    180516     84064   7821748     98.94        32     64576   8411400     30.61   4280840   3083096       116      2264
04:46:20 AM    180292     83840   7821972     98.94        32     64576   8411400     30.61   4280872   3083096       116      2264
04:46:25 AM    180292     83840   7821972     98.94        32     64576   8411400     30.61   4280872   3083096       116      2264
04:46:30 AM    180292     83840   7821972     98.94        32     64576   8411400     30.61   4280872   3083096       116      2264
04:46:35 AM    168700     76636   7829176     99.03        32     73400   8411400     30.61   4289692   3083104        28      2264
04:46:40 AM    167752     75812   7830000     99.04        32     73688   8411400     30.61   4289692   3083352        28      2264
04:46:45 AM    167720     75824   7829988     99.04        32     73800   8411400     30.61   4289744   3083392        80      2264
04:46:50 AM    167720     75824   7829988     99.04        32     73800   8411400     30.61   4289744   3083392       100      2264
04:46:55 AM    153968     67204   7838608     99.15        32     84296   8411400     30.61   4299924   3083476       104      2264
04:47:00 AM    153592     67008   7838804     99.15        32     84480   8411400     30.61   4300504   3083476       104      2264
04:47:05 AM    149600     64280   7841532     99.19        32     86848   8411400     30.61   4304876   3081660       108      2264
04:47:10 AM    141788     59000   7846812     99.25        32     91984   8411400     30.61   4310000   3081756       180      2264
04:47:15 AM    155052     72452   7833360     99.08        32     92432   8411400     30.61   4315588   3075992       212      2264
04:47:20 AM    154828     72352   7833460     99.08        32     92660   8411400     30.61   4315588   3076240       180      2264
04:47:25 AM    154576     72108   7833704     99.09        32     92656   8411400     30.61   4315592   3076256       196      2264
04:47:30 AM    154576     72124   7833688     99.09        32     92688   8411400     30.61   4315592   3076288       296      2264
04:47:35 AM    154576     72124   7833688     99.09        32     92768   8411400     30.61   4315592   3076288       296      2264
04:47:40 AM    153888     71820   7833992     99.09        32     93456   8411400     30.61   4316280   3076368        24      2264
04:47:45 AM    153064     71148   7834664     99.10        32     93940   8411400     30.61   4316336   3076616        20      2264
04:47:50 AM    153064     71148   7834664     99.10        32     93940   8411400     30.61   4316336   3076616        20      2264
04:47:55 AM    153064     71248   7834564     99.10        32     94020   8411400     30.61   4316420   3076740        80      2264
04:48:00 AM    150544     69072   7836740     99.13        32     94756   8411400     30.61   4317128   3076788       100      2264
04:48:05 AM    150544     69072   7836740     99.13        32     94756   8411400     30.61   4317128   3076788       100      2264
04:48:10 AM    150544     69072   7836740     99.13        32     94756   8411400     30.61   4317128   3076788       100      2264
04:48:15 AM    150544     69072   7836740     99.13        32     94756   8411400     30.61   4317128   3076788        20      2264
04:48:20 AM    150544     69256   7836556     99.12        32     95108   8411400     30.61   4317132   3077156        20      2264
04:48:25 AM    150544     69276   7836536     99.12        32     95108   8411400     30.61   4317132   3077200        20      2264
04:48:30 AM    150352     69164   7836648     99.13        32     95204   8411400     30.61   4317320   3077200        96      2264
04:48:35 AM    150320     69132   7836680     99.13        32     95208   8411400     30.61   4317320   3077200       116      2264
04:48:40 AM    150320     69184   7836628     99.12        32     95208   8411400     30.61   4317376   3077296       116      2264
04:48:45 AM    150320     69184   7836628     99.12        32     95208   8411400     30.61   4317376   3077296       116      2264
04:48:50 AM    150320     69184   7836628     99.12        32     95208   8411400     30.61   4317376   3077296        20      2264
04:48:55 AM    150320     69184   7836628     99.12        32     95208   8411400     30.61   4317376   3077296        20      2264
04:49:00 AM    149828     68816   7836996     99.13        32     95544   8411400     30.61   4317376   3077544        20      2264
04:49:05 AM    149324     68356   7837456     99.14        32     95624   8411400     30.61   4317376   3077632        80      2264
04:49:10 AM    151480     70552   7835260     99.11        32     95624   8411400     30.61   4320004   3074868       100      2264
04:49:15 AM    142940     62020   7843792     99.22        32     95648   8411400     30.61   4323196   3071564       100      2264
04:49:20 AM    142940     62020   7843792     99.22        32     95648   8411400     30.61   4323196   3071564       100      2264
04:49:25 AM    142940     62020   7843792     99.22        32     95648   8411400     30.61   4323196   3071564       100      2264
04:49:30 AM    142940     62020   7843792     99.22        32     95648   8411400     30.61   4323196   3071564        20      2264
04:49:35 AM    142448     61628   7844184     99.22        32     95952   8411400     30.61   4323252   3071756        20      2264
04:49:40 AM    142448     61684   7844128     99.22        32     96052   8411400     30.61   4323252   3071868        96      2264
04:49:45 AM    142448     61684   7844128     99.22        32     96052   8411400     30.61   4323252   3071868       116      2264
04:49:50 AM    142448     61684   7844128     99.22        32     96052   8411400     30.61   4323252   3071868       116      2264
04:49:55 AM    142448     61684   7844128     99.22        32     96056   8411400     30.61   4323252   3071868       120      2264
04:50:00 AM    142448     61684   7844128     99.22        32     96064   8411400     30.61   4323252   3071868       120      2264
04:50:05 AM    142448     61684   7844128     99.22        32     96064   8411400     30.61   4323252   3071868        24      2264
04:50:10 AM    148104     67464   7838348     99.15        32     96400   8411400     30.61   4325712   3069388        24      2264
04:50:15 AM    143788     63212   7842600     99.20        32     96480   8411400     30.61   4325740   3069516        80      2264
04:50:20 AM    148428     67932   7837880     99.14        32     96488   8411400     30.61   4328392   3066724       108      2264
04:50:25 AM    147448     66952   7838860     99.15        32     96488   8411400     30.61   4328392   3066724       108      2264
04:50:30 AM    147448     66952   7838860     99.15        32     96488   8411400     30.61   4328420   3066696       108      2264
04:50:35 AM    139536     59040   7846772     99.25        32     96488   8411400     30.61   4328420   3066696       108      2264
04:50:40 AM    152588     72092   7833720     99.09        32     96488   8411400     30.61   4331048   3063692        28      2264
04:50:45 AM    150512     70140   7835672     99.11        32     96792   8411400     30.61   4331132   3063940        28      2264
04:50:50 AM    142448     62076   7843736     99.21        32     96888   8411400     30.61   4331132   3063940        96      2264
04:50:55 AM    142448     62076   7843736     99.21        32     96888   8411400     30.61   4331132   3063940       116      2264
04:51:00 AM    142448     62076   7843736     99.21        32     96888   8411400     30.61   4331132   3063940       116      2264
04:51:05 AM    142448     62076   7843736     99.21        32     96888   8411400     30.61   4331132   3063940       116      2264
04:51:10 AM    142448     62076   7843736     99.21        32     96888   8411400     30.61   4331132   3063940       116      2264
04:51:15 AM    142448     62076   7843736     99.21        32     96888   8411400     30.61   4331132   3063940        20      2264
04:51:20 AM    142448     62260   7843552     99.21        32     97224   8411400     30.61   4331132   3064312        20      2264
04:51:25 AM    142448     62272   7843540     99.21        32     97304   8411400     30.61   4331132   3064332        80      2264
04:51:30 AM    142448     62272   7843540     99.21        32     97304   8411400     30.61   4331132   3064332       100      2264
04:51:35 AM    142448     62272   7843540     99.21        32     97304   8411400     30.61   4331132   3064332       100      2264
04:51:40 AM    142448     62272   7843540     99.21        32     97304   8411400     30.61   4331132   3064332       100      2264
04:51:45 AM    152000     71864   7833948     99.09        32     97304   8411400     30.61   4333404   3061808       100      2264
04:51:50 AM    143632     63496   7842316     99.20        32     97304   8411400     30.61   4333404   3061808        20      2264
04:51:55 AM    147932     67824   7837988     99.14        32     97608   8411400     30.61   4336076   3059404        20      2264
04:52:00 AM    134520     54584   7851228     99.31        32     97708   8411400     30.61   4336076   3059404        96      2264
04:52:05 AM    134520     54584   7851228     99.31        32     97708   8411400     30.61   4336076   3059404       116      2264
04:52:10 AM    112732     32748   7873064     99.59        32     97616   8411400     30.61   4922324   2517688       300      2264
04:52:15 AM    200436    100464   7805348     98.73        32     59596   8411400     30.61    510244   7003068       304      2228
04:52:20 AM    199960    100100   7805712     98.73        32     59788   8411400     30.61    510492   7003068       308      2228
04:52:25 AM    199708     99860   7805952     98.74        32     59816   8411400     30.61    510552   7003068       128      2228
04:52:30 AM    198448     98836   7806976     98.75        32     60392   8411400     30.61    510612   7003536       172      2228
04:52:35 AM    196728     97160   7808652     98.77        32     60472   8411400     30.61    512160   7003628       228      2228
04:52:40 AM    196432     96956   7808856     98.77        32     60472   8411400     30.61    512572   7003760       148      2228
04:52:45 AM    196432     96984   7808828     98.77        32     60552   8411400     30.61    512696   7003760       148      2228
04:52:50 AM    196432     96984   7808828     98.77        32     60552   8411400     30.61    512696   7003760       148      2228
04:52:55 AM    196432     96984   7808828     98.77        32     60552   8411400     30.61    512696   7003760       148      2228
04:53:00 AM    196432     97172   7808640     98.77        32     60940   8411400     30.61    512700   7004132        24      2228
04:53:05 AM    138532     39060   7866752     99.51        32     60496   8411400     30.61    831308   6748296        24      2228
04:53:10 AM    138532     39112   7866700     99.51        32     60592   8411400     30.61    831380   6748404        96      2228
04:53:15 AM    130972     33600   7872212     99.57        32     64788   8411400     30.61    835484   6748404       116      2228
04:53:20 AM    130972     33652   7872160     99.57        32     64788   8411400     30.61    835568   6748440       116      2228
04:53:25 AM    130972     33652   7872160     99.57        32     64788   8411400     30.61    835568   6748440       116      2228
04:53:30 AM    130496     33612   7872200     99.57        32     65792   8411400     30.61    836456   6748456        20      2228
04:53:35 AM    130496     33632   7872180     99.57        32     65792   8411400     30.61    836536   6748456        20      2228
04:53:40 AM    130244     33592   7872220     99.58        32     66128   8411400     30.61    836580   6748844        20      2228
04:53:45 AM    128480     32264   7873548     99.59        32     67188   8411400     30.61    837448   6748844        80      2228
04:53:50 AM    128480     32360   7873452     99.59        32     67188   8411400     30.61    837564   6748924       100      2228
04:53:55 AM    128480     32360   7873452     99.59        32     67188   8411400     30.61    837564   6748924       100      2228
04:54:00 AM    101432    101432   7804380     98.72        32     52952   8411400     30.61   5642596   1962128       108      2224
04:54:05 AM    149748     45304   7860508     99.43        32     50652   8411400     30.61   2130124   5441376       108      2228
04:54:10 AM    145716     41280   7864532     99.48        32     50652   8411400     30.61   2130264   5441376        28      2228
04:54:15 AM    175576     76500   7829312     99.03        32     61372   8658444     31.51   3232448   4297396        28      2228
04:54:20 AM    175100     76072   7829740     99.04        32     61468   8658444     31.51   3232468   4297496        96      2228
04:54:25 AM    424876    325848   7579964     95.88        32     61468   8411400     30.61   2985424   4297496       116      2228
04:54:30 AM    424624    325648   7580164     95.88        32     61568   8411400     30.61   2985524   4297496       116      2228
04:54:35 AM    424624    328228   7577584     95.85        32     66728   8411400     30.61   2990684   4297496       116      2228
04:54:40 AM    420844    326192   7579620     95.87        32     70292   8411400     30.61   2994268   4297496       116      2228
04:54:45 AM    420844    326192   7579620     95.87        32     70292   8411400     30.61   2994268   4297496        20      2228
04:54:50 AM    420592    326148   7579664     95.87        32     70632   8411400     30.61   2994344   4297836        24      2228
04:54:55 AM    420420    326224   7579588     95.87        32     71212   8411400     30.61   2994840   4297836        80      2228
04:55:00 AM    420340    326144   7579668     95.87        32     71212   8411400     30.61   2994840   4297836       100      2228
04:55:05 AM    420340    326184   7579628     95.87        32     71212   8411400     30.61   2994844   4297916       100      2228
04:55:10 AM    420340    326184   7579628     95.87        32     71212   8411400     30.61   2994844   4297916       100      2228
04:55:15 AM    420340    326184   7579628     95.87        32     71212   8411400     30.61   2994844   4297916       100      2228
04:55:20 AM    420340    326184   7579628     95.87        32     71212   8411400     30.61   2994844   4297916        20      2228
04:55:25 AM    419836    325804   7580008     95.88        32     71500   8411400     30.61   2994844   4298164        20      2228
04:55:30 AM    419836    325804   7580008     95.88        32     71596   8411400     30.61   2994844   4298164        96      2228
04:55:35 AM    419836    325872   7579940     95.88        32     71596   8411400     30.61   2994844   4298300       116      2228
04:55:40 AM    419644    325680   7580132     95.88        32     71596   8411400     30.61   2994844   4298300       116      2228
04:55:45 AM    419612    325648   7580164     95.88        32     71596   8411400     30.61   2994844   4298300       116      2228
04:55:50 AM    419612    325648   7580164     95.88        32     71596   8411400     30.61   2994844   4298300       116      2228
04:55:55 AM    419612    325648   7580164     95.88        32     71596   8411400     30.61   2994844   4298300        20      2228
04:56:00 AM    419360    325520   7580292     95.88        32     71920   8411400     30.61   2994844   4298548        24      2228
04:56:05 AM    419360    325600   7580212     95.88        32     72000   8411400     30.61   2994960   4298704        80      2228
04:56:10 AM    419360    325600   7580212     95.88        32     72000   8411400     30.61   2994960   4298704       100      2228
04:56:15 AM    419360    325600   7580212     95.88        32     72000   8411400     30.61   2994960   4298704       100      2228
04:56:20 AM    419360    325600   7580212     95.88        32     72000   8411400     30.61   2994960   4298704       100      2228
04:56:25 AM    419360    325600   7580212     95.88        32     72000   8411400     30.61   2994960   4298704       100      2228
04:56:30 AM    419360    325600   7580212     95.88        32     72000   8411400     30.61   2994960   4298704        20      2228
04:56:35 AM    418856    325220   7580592     95.89        32     72288   8411400     30.61   2994960   4298952        20      2228
04:56:40 AM    418856    325240   7580572     95.89        32     72384   8411400     30.61   2995004   4298992        96      2228
04:56:45 AM    418856    325348   7580464     95.88        32     72620   8411400     30.61   2995128   4299088       116      2228
04:56:50 AM    418856    325348   7580464     95.88        32     72620   8411400     30.61   2995128   4299088       116      2228
04:56:55 AM    415244    323428   7582384     95.91        32     75888   8411400     30.61   2998516   4299088       116      2228
04:57:00 AM    415076    323300   7582512     95.91        32     76040   8411400     30.61   2998596   4299088       116      2228
04:57:05 AM    415076    323336   7582476     95.91        32     76040   8411400     30.61   2998668   4299088        20      2228
04:57:10 AM    229888    140548   7765264     98.22        32     80928   8411400     30.61   3166428   4299424       172      2228
04:57:15 AM    222596    133360   7772452     98.31        32     81044   8411400     30.61   3166476   4299588       268      2228
04:57:20 AM    225336    136096   7769716     98.28        32     81044   8411400     30.61   3166476   4299584       288      2228
04:57:25 AM    226244    137008   7768804     98.27        32     81044   8411400     30.61   3166476   4299588       288      2228
04:57:30 AM    226740    137504   7768308     98.26        32     81076   8411400     30.61   3166476   4299588       264      2228
04:57:35 AM    226740    137520   7768292     98.26        32     81076   8411400     30.61   3166476   4299620       264      2228
04:57:40 AM    226488    137392   7768420     98.26        32     81428   8411400     30.61   3166476   4299868        24      2228
04:57:45 AM    226488    137448   7768364     98.26        32     81436   8411400     30.61   3166476   4299980        32      2228
04:57:50 AM    226488    137448   7768364     98.26        32     81532   8411400     30.61   3166476   4299980        96      2228
04:57:55 AM    226488    137496   7768316     98.26        32     81532   8411400     30.61   3166476   4300076       116      2228
04:58:00 AM    226488    137496   7768316     98.26        32     81532   8411400     30.61   3166476   4300076       116      2228
04:58:05 AM    226488    137496   7768316     98.26        32     81532   8411400     30.61   3166476   4300076       116      2228
04:58:10 AM    226488    137496   7768316     98.26        32     81532   8411400     30.61   3166476   4300076       116      2228
04:58:15 AM    226488    137496   7768316     98.26        32     81532   8411400     30.61   3166476   4300076        20      2228
04:58:20 AM    226236    137368   7768444     98.26        32     81852   8411400     30.61   3166476   4300324        20      2228
04:58:25 AM    225984    137192   7768620     98.26        32     81932   8411400     30.61   3166476   4300476        80      2228
04:58:30 AM    225744    136952   7768860     98.27        32     81932   8411400     30.61   3166476   4300476       100      2228
04:58:35 AM    225284    137028   7768784     98.27        32     83084   8411400     30.61   3167624   4300480       104      2228
04:58:40 AM    225284    137068   7768744     98.27        32     83084   8411400     30.61   3167728   4300480       104      2228
04:58:45 AM    225284    137068   7768744     98.27        32     83084   8411400     30.61   3167728   4300480       104      2228
04:58:50 AM    225284    137068   7768744     98.27        32     83084   8411400     30.61   3167728   4300480        24      2228
04:58:55 AM    225032    136940   7768872     98.27        32     83372   8411400     30.61   3167728   4300728        24      2228
04:59:00 AM    225032    136960   7768852     98.27        32     83468   8411400     30.61   3167728   4300768        96      2228
04:59:05 AM    225032    136960   7768852     98.27        32     83472   8411400     30.61   3167728   4300768       120      2228
04:59:10 AM    225032    137008   7768804     98.27        32     83472   8411400     30.61   3167728   4300868       120      2228
04:59:15 AM    222020    133996   7771816     98.31        32     83476   8411400     30.61   3170884   4297624       120      2228
04:59:20 AM    222020    134000   7771812     98.31        32     83476   8411400     30.61   3170988   4297624       120      2228
04:59:25 AM    222020    134000   7771812     98.31        32     83476   8411400     30.61   3170988   4297624        24      2228
04:59:30 AM    221768    133872   7771940     98.31        32     83796   8411400     30.61   3170988   4297872        24      2228
04:59:35 AM    221768    133872   7771940     98.31        32     83876   8411400     30.61   3170988   4297872        80      2228
04:59:40 AM    221768    133948   7771864     98.31        32     83876   8411400     30.61   3170988   4298024       100      2228
04:59:45 AM    221768    133948   7771864     98.31        32     83876   8411400     30.61   3170988   4298024       100      2228
04:59:50 AM    221768    133948   7771864     98.31        32     83876   8411400     30.61   3170988   4298024       100      2228
04:59:55 AM    221768    133948   7771864     98.31        32     83876   8411400     30.61   3170988   4298024       100      2228
05:00:00 AM    221768    133948   7771864     98.31        32     83880   8411400     30.61   3170988   4298028        24      2228
05:00:05 AM    221516    133820   7771992     98.31        32     84168   8411400     30.61   3170996   4298276        24      2228
05:00:10 AM    221276    133648   7772164     98.31        32     84264   8411400     30.61   3170996   4298412        96      2228
05:00:15 AM    128888     35836   7869976     99.55        32     73540   8411400     30.61    676128   6916000       116      2228
05:00:20 AM    129088     36680   7869132     99.54        32     74704   8411400     30.61   2055692   5529624       116      2228
05:00:25 AM    128864     36456   7869356     99.54        32     74704   8411400     30.61   2055692   5529624       116      2228
05:00:30 AM    128864     36456   7869356     99.54        32     74704   8411400     30.61   2055708   5529624       116      2228
05:00:35 AM    112400     23984   7881828     99.70        32     82688   8411400     30.61   2069148   5529624        20      2228
05:00:40 AM    111980     23756   7882056     99.70        32     83076   8411400     30.61   2069380   5529940        20      2228
05:00:45 AM    111980     23756   7882056     99.70        32     83156   8411400     30.61   2069380   5529940        80      2228
05:00:50 AM    111980     23800   7882012     99.70        32     83156   8411400     30.61   2069380   5530024       100      2228
05:00:55 AM    111980     23800   7882012     99.70        32     83156   8411400     30.61   2069380   5530024       100      2228
05:01:00 AM    111980     23800   7882012     99.70        32     83156   8411400     30.61   2069380   5530024       100      2228
05:01:05 AM    111980     23800   7882012     99.70        32     83156   8411400     30.61   2069380   5530024       100      2228
05:01:10 AM    187176     96284   7809528     98.78        32     77724   8411400     30.61   2686104   4832352        20      2220
05:01:15 AM    178752     87984   7817828     98.89        32     78012   8411400     30.61   2686260   4832600        20      2220
05:01:20 AM    178500     87800   7818012     98.89        32     78108   8411400     30.61   2686264   4832736        96      2220
05:01:25 AM    178500     87800   7818012     98.89        32     78116   8411400     30.61   2686264   4832736       124      2220
05:01:30 AM    178500     87804   7818008     98.89        32     78116   8411400     30.61   2686264   4832744       124      2220
05:01:35 AM    178276     87580   7818232     98.89        32     78116   8411400     30.61   2686264   4832744       124      2220
05:01:40 AM    178276     87580   7818232     98.89        32     78116   8411400     30.61   2686264   4832744       124      2220
05:01:45 AM    178276     87580   7818232     98.89        32     78116   8411400     30.61   2686264   4832744        28      2220
05:01:50 AM    178276     87740   7818072     98.89        32     78436   8411400     30.61   2686264   4833064        28      2220
05:01:55 AM    174664     86020   7819792     98.91        32     82300   8411400     30.61   2690048   4833064        80      2220
05:02:00 AM    174496     86008   7819804     98.91        32     82532   8411400     30.61   2690324   4833144       100      2220
05:02:05 AM    113472     19668   7886144     99.75        32     72064   8411400     30.61   5796020   1793808       104      2224
05:02:10 AM    116348     18212   7887600     99.77        32     61276   8411400     30.61   1190948   6404200       288       180
05:02:15 AM    115844     17928   7887884     99.77        32     61708   8411400     30.61   1191416   6404200       288       180
05:02:20 AM    115844     17928   7887884     99.77        32     61760   8411400     30.61   1191416   6404200       180       180
05:02:25 AM    115844     18128   7887684     99.77        32     62124   8411400     30.61   1191496   6404528       128       180
05:02:30 AM    115844     18196   7887616     99.77        32     62332   8411400     30.61   1191496   6404668       276       180
05:02:35 AM    115844     18276   7887536     99.77        32     62336   8411400     30.61   1191492   6404832       300       180
05:02:40 AM    209684    114188   7791624     98.56        32     66504   8411400     30.61   1202748   6296336       200       180
05:02:45 AM    209684    114200   7791612     98.56        32     66504   8411400     30.61   1202812   6296336       200       180
05:02:50 AM    209684    114200   7791612     98.56        32     66504   8411400     30.61   1202812   6296336        28       180
05:02:55 AM    209684    114200   7791612     98.56        32     66556   8411400     30.61   1202812   6296336        24       180
05:03:00 AM    209684    114388   7791424     98.55        32     66972   8411400     30.61   1202812   6296708        24       180
05:03:05 AM    209684    114436   7791376     98.55        32     67052   8411400     30.61   1202864   6296752        80       180
05:03:10 AM    209684    114436   7791376     98.55        32     67052   8411400     30.61   1202864   6296752       100       180
05:03:15 AM    209684    114476   7791336     98.55        32     67052   8411400     30.61   1202868   6296832       100       180
05:03:20 AM    209684    114476   7791336     98.55        32     67052   8411400     30.61   1202868   6296832       100       180
05:03:25 AM    209684    114476   7791336     98.55        32     67052   8411400     30.61   1202868   6296832       100       180
05:03:30 AM    209252    114168   7791644     98.56        32     67380   8411400     30.61   1203120   6296832        20       180
05:03:35 AM    208968    114072   7791740     98.56        32     67720   8411400     30.61   1203216   6297132        20       180
05:03:40 AM    208716    113820   7791992     98.56        32     67816   8411400     30.61   1203216   6297132        96       180
05:03:45 AM    208716    113888   7791924     98.56        32     67816   8411400     30.61   1203216   6297268       116       180
05:03:50 AM    208716    113888   7791924     98.56        32     67816   8411400     30.61   1203216   6297268       116       180
05:03:55 AM    208716    113888   7791924     98.56        32     67816   8411400     30.61   1203216   6297268       116       180
05:04:00 AM    208716    113888   7791924     98.56        32     67816   8411400     30.61   1203216   6297268       116       180
05:04:05 AM    208716    113888   7791924     98.56        32     67816   8411400     30.61   1203216   6297268        20       180
05:04:10 AM    208464    113760   7792052     98.56        32     68136   8411400     30.61   1203244   6297516        20       180
05:04:15 AM    207344    112716   7793096     98.57        32     68216   8411400     30.61   1205956   6297468        84       180
05:04:20 AM    206968    112352   7793460     98.58        32     68240   8411400     30.61   1206296   6297264       100       180
05:04:25 AM    206968    112352   7793460     98.58        32     68240   8411400     30.61   1206392   6297264       100       180
05:04:30 AM    206968    112352   7793460     98.58        32     68240   8411400     30.61   1206392   6297264       100       180
05:04:35 AM    206968    112352   7793460     98.58        32     68240   8411400     30.61   1206392   6297264       100       180
05:04:40 AM    206968    112352   7793460     98.58        32     68240   8411400     30.61   1206436   6297264        20       180
05:04:45 AM    206716    112244   7793568     98.58        32     68528   8411400     30.61   1206436   6297552        20       180
05:04:50 AM    206716    112244   7793568     98.58        32     68624   8411400     30.61   1206436   6297552        96       180
05:04:55 AM    206716    112292   7793520     98.58        32     68624   8411400     30.61   1206436   6297648       116       180
05:05:00 AM    206716    112292   7793520     98.58        32     68624   8411400     30.61   1206436   6297648       116       180
05:05:05 AM    206716    112296   7793516     98.58        32     68628   8411400     30.61   1206436   6297652       120       180
05:05:10 AM    206716    112296   7793516     98.58        32     68644   8411400     30.61   1206436   6297652       136       180
05:05:15 AM    117508     23096   7882716     99.71        32     68644   8411400     30.61   1296068   6297668        40       180
05:05:20 AM    117256     22968   7882844     99.71        32     68964   8411400     30.61   1296068   6297916        40       180
05:05:25 AM    117004     22800   7883012     99.71        32     69060   8411400     30.61   1296068   6298084        80       180
05:05:30 AM    117004     22800   7883012     99.71        32     69060   8411400     30.61   1296068   6298084       100       180
05:05:35 AM    117004     22800   7883012     99.71        32     69060   8411400     30.61   1296068   6298084       100       180
05:05:40 AM    117004     22800   7883012     99.71        32     69060   8411400     30.61   1296068   6298084       100       180
05:05:45 AM    125588     31384   7874428     99.60        32     69060   8411400     30.61   1309980   6282948       100       180
05:05:50 AM    124620     30416   7875396     99.62        32     69060   8411400     30.61   1309916   6282928        20       180
05:05:55 AM    124544     30464   7875348     99.61        32     69348   8411400     30.61   1325280   6268040        20       180
05:06:00 AM    124132     30072   7875740     99.62        32     69444   8411400     30.61   1325216   6267916        96       180
05:06:05 AM    124132     30072   7875740     99.62        32     69444   8411400     30.61   1325216   6267916       116       180
05:06:10 AM    126120     32108   7873704     99.59        32     69444   8411400     30.61   1360728   6230792       116       180
05:06:15 AM    126088     32076   7873736     99.59        32     69444   8411400     30.61   1360728   6230792       116       180
05:06:20 AM    128980     34968   7870844     99.56        32     69444   8411400     30.61   1394972   6194924       116       180
05:06:25 AM    128900     34888   7870924     99.56        32     69444   8411400     30.61   1394972   6194924        20       180
05:06:30 AM    131744     37844   7867968     99.52        32     69764   8411400     30.61   1428340   6160112        20       180
05:06:35 AM    131240     37388   7868424     99.53        32     69844   8411400     30.61   1428340   6160208        80       180
05:06:40 AM    130272     36424   7869388     99.54        32     69844   8411400     30.61   1462656   6124544       100       180
05:06:45 AM    130240     36392   7869420     99.54        32     69844   8411400     30.61   1462656   6124544       100       180
05:06:50 AM    135192     41380   7864432     99.48        32     69844   8411400     30.61   1492664   6092800       100       180
05:06:55 AM    134968     41156   7864656     99.48        32     69844   8411400     30.61   1492664   6092800       100       180
05:07:00 AM    135740     41928   7863884     99.47        32     69844   8411400     30.61   1516464   6067492        20       180
05:07:05 AM    135076     41388   7864424     99.48        32     70132   8411400     30.61   1516464   6067740        20       180
05:07:10 AM    133676     40732   7865080     99.48        32     71616   8411400     30.61   1550312   6034084       280       180
05:07:15 AM    129612     38116   7867696     99.52        32     74480   8411400     30.61   1553188   6034116       304       180
05:07:20 AM    131284     39780   7866032     99.50        32     74484   8411400     30.61   1580852   6006472       308       180
05:07:25 AM    131284     39780   7866032     99.50        32     74480   8411400     30.61   1580852   6006472       304       180
05:07:30 AM    136480     45000   7860812     99.43        32     74512   8411400     30.61   1623676   5959248       280       180
05:07:35 AM    136308     44828   7860984     99.43        32     74512   8411400     30.61   1623676   5959248       104       180
05:07:40 AM    130016     38692   7867120     99.51        32     74880   8411400     30.61   1650216   5931352        20       180
05:07:45 AM    130016     38724   7867088     99.51        32     74964   8411400     30.61   1650260   5931368        80       180
05:07:50 AM    148900     57648   7848164     99.27        32     74964   8411400     30.61   1676524   5898688       100       180
05:07:55 AM    148676     57424   7848388     99.27        32     74964   8411400     30.61   1676524   5898688       100       180
05:08:00 AM    150496     59244   7846568     99.25        32     74964   8411400     30.61   1679200   5894572       100       180
05:08:05 AM    149940     58688   7847124     99.26        32     74964   8411400     30.61   1679200   5894572       100       180
05:08:10 AM    149436     58308   7847504     99.26        32     75300   8411400     30.61   1679200   5894820        20       180
05:08:15 AM    148432     57276   7848536     99.28        32     75304   8411400     30.61   1686736   5887228        24       180
05:08:20 AM    110952      7552   7898260     99.90        32     50728   8411400     30.61   1656784   5927868        96       172
05:08:25 AM    201580    100792   7805020     98.73        32     56044   8411400     30.61   1804612   5691412       116       176
05:08:30 AM    180412     87048   7818764     98.90        32     70932   8411400     30.61   1819468   5691428       116       176
05:08:35 AM    180188     86824   7818988     98.90        32     70932   8411400     30.61   1819468   5691428       116       176
05:08:40 AM    180188     86824   7818988     98.90        32     70932   8411400     30.61   1819468   5691428       116       176
05:08:45 AM    180188     86824   7818988     98.90        32     70932   8411400     30.61   1819468   5691428        20       176
05:08:50 AM    180188     87012   7818800     98.90        32     71260   8411400     30.61   1819540   5691728        28       176
05:08:55 AM    180188     87052   7818760     98.90        32     71340   8411400     30.61   1819620   5691732        80       176
05:09:00 AM    173788     80652   7825160     98.98        32     71340   8411400     30.61   1825764   5685588       100       176
05:09:05 AM    173788     80652   7825160     98.98        32     71340   8411400     30.61   1825764   5685588       100       176
05:09:10 AM    170580     77496   7828316     99.02        32     71340   8411400     30.61   1840196   5671356       100       176
05:09:15 AM    204760    111676   7794136     98.59        32     71340   8411400     30.61   1939648   5564584       100       176
05:09:20 AM    189432     98472   7807340     98.75        32     75584   8411400     30.61   1965648   5542820        20       176
05:09:25 AM    188784     97948   7807864     98.76        32     75872   8411400     30.61   1965692   5543024        20       176
05:09:30 AM    182008     91172   7814640     98.85        32     75968   8411400     30.61   1980044   5528748        96       176
05:09:35 AM    182056     91288   7814524     98.85        32     75968   8411400     30.61   1979980   5528872       116       176
05:09:40 AM    182056     91288   7814524     98.85        32     75968   8411400     30.61   1979980   5528872       116       176
05:09:45 AM    194544    103752   7802060     98.69        32     75968   8411400     30.61   2004324   5504488       116       176
05:09:50 AM    194544    103752   7802060     98.69        32     75968   8411400     30.61   2004324   5504488       116       176
05:09:55 AM    195500    104708   7801104     98.68        32     75968   8411400     30.61   2020164   5488648        20       176
05:10:00 AM    195500    104832   7800980     98.67        32     76288   8411400     30.61   2020168   5488896        20       176
05:10:05 AM    195104    104472   7801340     98.68        32     76368   8411400     30.61   2044860   5464276        80       176
05:10:10 AM    195104    104472   7801340     98.68        32     76368   8411400     30.61   2044860   5464276       100       176
05:10:15 AM    190556     99988   7805824     98.74        32     76368   8411400     30.61   2062000   5447260       100       176
05:10:20 AM    212924    118296   7787516     98.50        32     69048   8411400     30.61    992948   6329768       104       180
05:10:25 AM    198944    104420   7801392     98.68        32     69184   8411400     30.61   1009424   6313516       104       180
05:10:30 AM    198944    104420   7801392     98.68        32     69184   8411400     30.61   1009424   6313516        24       180
05:10:35 AM    203220    108768   7797044     98.62        32     69520   8411400     30.61   1045136   6277944        24       180
05:10:40 AM    202464    108412   7797400     98.63        32     70224   8411400     30.61   1045820   6278140        96       180
05:10:45 AM    156872     62816   7842996     99.21        32     70224   8411400     30.61   1108328   6251664       116       180
05:10:50 AM    156872     62816   7842996     99.21        32     70224   8411400     30.61   1108328   6251664       116       180
05:10:55 AM    161004     66988   7838824     99.15        32     70224   8411400     30.61   1130280   6229796       116       180
05:11:00 AM    161004     66988   7838824     99.15        32     70224   8411400     30.61   1130280   6229796       116       180
05:11:05 AM    164888     70884   7834928     99.10        32     70224   8411400     30.61   1155260   6204840        20       180
05:11:10 AM    164464     70584   7835228     99.11        32     70576   8411400     30.61   1155260   6205088        20       180
05:11:15 AM    164544     70760   7835052     99.10        32     70660   8411400     30.61   1180032   6180504        80       180
05:11:20 AM    164148     70364   7835448     99.11        32     70660   8411400     30.61   1180032   6180504       100       180
05:11:25 AM    163740     69956   7835856     99.12        32     70660   8411400     30.61   1205988   6154548       100       180
05:11:30 AM    163564     69756   7836056     99.12        32     70660   8411400     30.61   1205988   6154504       100       180
05:11:35 AM    163172     69640   7836172     99.12        32     71168   8411400     30.61   1234012   6127032       100       180
05:11:40 AM    163172     69640   7836172     99.12        32     71172   8411400     30.61   1234012   6127032        24       180
05:11:45 AM    176764     83380   7822432     98.95        32     71460   8411400     30.61   1256104   6103428        24       180
05:11:50 AM    175876     82492   7823320     98.96        32     71556   8411400     30.61   1256104   6103428        96       180
05:11:55 AM    184360     91368   7814444     98.84        32     72244   8411400     30.61   1265428   6089476       116       180
05:12:00 AM    183336     90372   7815440     98.86        32     72392   8411400     30.61   1275332   6079668       116       180
05:12:05 AM    181348     89748   7816064     98.86        32     75056   8411400     30.61   1278060   6079668       116       180
05:12:10 AM    180340     88904   7816908     98.88        32     75404   8411400     30.61   1278496   6079764       300       180
05:12:15 AM    180340     88916   7816896     98.88        32     75452   8411400     30.61   1278532   6079764       172       180
05:12:20 AM    180088     88840   7816972     98.88        32     75840   8411400     30.61   1278568   6080096       176       180
05:12:25 AM    180088     88880   7816932     98.88        32     75948   8411400     30.61   1278584   6080176       264       180
05:12:30 AM    179848     88704   7817108     98.88        32     75980   8411400     30.61   1278632   6080304       280       180
05:12:35 AM    179848     88704   7817108     98.88        32     75988   8411400     30.61   1278632   6080304       288       180
05:12:40 AM    179848     88720   7817092     98.88        32     75988   8411400     30.61   1278676   6080336       188       180
05:12:45 AM    179848     88720   7817092     98.88        32     75988   8411400     30.61   1278676   6080336       188       180
05:12:50 AM    179596     88592   7817220     98.88        32     76340   8411400     30.61   1278680   6080580        28       180
05:12:55 AM    179596     88648   7817164     98.88        32     76344   8411400     30.61   1278688   6080696        32       180
05:13:00 AM    180508     89564   7816248     98.87        32     76440   8411400     30.61   1280472   6077124        96       180
05:13:05 AM    180508     89564   7816248     98.87        32     76440   8411400     30.61   1280472   6077124       116       180
05:13:10 AM    188408     97504   7808308     98.77        32     76440   8411400     30.61   1309148   6039560       116       180
05:13:15 AM    126884     27112   7878700     99.66        32     58612   8411400     30.61   2872980   4562908       116       180
05:13:20 AM    169224     69416   7836396     99.12        32     58616   8411400     30.61   3220724   4153372       116       180
05:13:25 AM    167208     67400   7838412     99.15        32     58616   8411400     30.61   3220724   4153372        20       180
05:13:30 AM    152952     58212   7847600     99.26        32     68788   8411400     30.61   3230688   4153652        20       180
05:13:35 AM    152648     57984   7847828     99.27        32     68984   8411400     30.61   3230756   4153744        80       180
05:13:40 AM    152648     57984   7847828     99.27        32     68984   8411400     30.61   3230756   4153744       100       180
05:13:45 AM    152648     57984   7847828     99.27        32     68984   8411400     30.61   3230756   4153744       100       180
05:13:50 AM    152648     57984   7847828     99.27        32     68984   8411400     30.61   3230756   4153744       100       180
05:13:55 AM    152648     57984   7847828     99.27        32     68984   8411400     30.61   3230756   4153744       100       180
05:14:00 AM    152648     57984   7847828     99.27        32     68984   8411400     30.61   3230756   4153744        20       180
05:14:05 AM    152396     57856   7847956     99.27        32     69272   8411400     30.61   3230756   4153992        20       180
05:14:10 AM    152156     57636   7848176     99.27        32     69368   8411400     30.61   3230756   4154032        96       180
05:14:15 AM    161732     67252   7838560     99.15        32     69368   8411400     30.61   3231644   4152652       116       180
05:14:20 AM    158500     64712   7841100     99.18        32     70672   8411400     30.61   3232600   4152828       120       180
05:14:25 AM    147256     53476   7852336     99.32        32     70672   8411400     30.61   3248024   4137404       120       180
05:14:30 AM    147004     53224   7852588     99.33        32     70672   8411400     30.61   3248024   4137404       120       180
05:14:35 AM    144516     50732   7855080     99.36        32     70672   8411400     30.61   3267252   4118168        24       180
05:14:40 AM    144012     50352   7855460     99.36        32     70992   8411400     30.61   3267296   4118416        24       180
05:14:45 AM    143872     50288   7855524     99.36        32     71072   8411400     30.61   3284508   4101356        80       180
05:14:50 AM    143648     50064   7855748     99.37        32     71072   8411400     30.61   3284508   4101356       100       180
05:14:55 AM    144112     50872   7854940     99.36        32     71932   8411400     30.61   3299904   4086648       100       180
05:15:00 AM    144068     50916   7854896     99.36        32     72040   8411400     30.61   3300072   4086660       100       180
05:15:05 AM    140288     47188   7858624     99.40        32     72040   8411400     30.61   3315228   4071604       100       180
05:15:10 AM    140036     46936   7858876     99.41        32     72040   8411400     30.61   3315228   4071604        20       180
05:15:15 AM    140680     47704   7858108     99.40        32     72328   8411400     30.61   3335224   4051856        20       180
05:15:20 AM    140680     47704   7858108     99.40        32     72424   8411400     30.61   3335224   4051856        96       180
05:15:25 AM    146396     53488   7852324     99.32        32     72424   8411400     30.61   3360676   4026540       116       180
05:15:30 AM    208568    115664   7790148     98.54        32     72428   8658444     31.51   4437464   2781040       120       180
05:15:35 AM    206892    113972   7791840     98.56        32     72428   8658444     31.51   4462784   2755704       120       180
05:15:40 AM    440372    347452   7558360     95.61        32     72428   8411400     30.61   4215740   2755704       120       180
05:15:45 AM    432444    339540   7566272     95.71        32     72428   8411400     30.61   4228248   2743224        24       180
05:15:50 AM    431940    339160   7566652     95.71        32     72748   8411400     30.61   4228248   2743472        24       180
05:15:55 AM    441380    348664   7557148     95.59        32     72828   8411400     30.61   4245708   2726140        80       180
05:16:00 AM    441380    348664   7557148     95.59        32     72828   8411400     30.61   4245708   2726140       100       180
05:16:05 AM    440380    347664   7558148     95.60        32     72828   8411400     30.61   4268564   2703284       100       180
05:16:10 AM    440380    347664   7558148     95.60        32     72828   8411400     30.61   4268564   2703284       100       180
05:16:15 AM    435864    343152   7562660     95.66        32     72836   8411400     30.61   4292748   2679108       108       180
05:16:20 AM    435784    343072   7562740     95.66        32     72836   8411400     30.61   4292748   2679108        28       180
05:16:25 AM    116164      6164   7899648     99.92        28     38756   8411400     30.61   1978652   5577980        28       168
05:16:30 AM    154108     54740   7851072     99.31        28     60120   8411400     30.61   2584644   4881580        96       168
05:16:35 AM    148556     49236   7856576     99.38        28     60120   8411400     30.61   2597032   4869292       116       168
05:16:40 AM    152728     54588   7851224     99.31        28     62516   8411400     30.61   2599432   4869292       116       168
05:16:45 AM    114776     16652   7889160     99.79        28     62508   8411400     30.61   4671820   2757308       116       168
05:16:50 AM    118176     20052   7885760     99.75        28     62516   8411400     30.61   4671892   2757308       116       176
05:16:55 AM    123864     26340   7879472     99.67        28     63736   8411400     30.61   4680428   2749996        20       176
05:17:00 AM    123136     25748   7880064     99.67        28     64104   8411400     30.61   4680456   2750264        20       176
05:17:05 AM    120240     22948   7882864     99.71        28     64184   8411400     30.61   4687148   2743920        80       176
05:17:10 AM    120260     23240   7882572     99.71        28     64788   8411400     30.61   4687676   2743928       284       176
05:17:15 AM    128296     33276   7872536     99.58        28     68916   8411400     30.61   4705128   2735720       284       176
05:17:20 AM    146316     44216   7861596     99.44        28     54572   8411400     30.61   1838268   5725420       292       176
05:17:25 AM    145428     43328   7862484     99.45        28     54568   8411400     30.61   1838272   5725420       288       176
05:17:30 AM    140068     38000   7867812     99.52        28     54728   8411400     30.61   1862368   5701372       172       176
05:17:35 AM    140068     38156   7867656     99.52        28     55080   8411400     30.61   1862412   5701668       124       176
05:17:40 AM    140068     38172   7867640     99.52        28     55192   8411400     30.61   1862364   5701760        96       176
05:17:45 AM    135532     35060   7870752     99.56        28     58152   8411400     30.61   1865104   5701872       116       176
05:17:50 AM    134552     34452   7871360     99.56        28     58808   8411400     30.61   1865744   5701976       116       176
05:17:55 AM    134552     34452   7871360     99.56        28     58808   8411400     30.61   1865744   5701976       116       176
05:18:00 AM    134552     34452   7871360     99.56        28     58808   8411400     30.61   1865744   5701976        20       176
05:18:05 AM    134552     34452   7871360     99.56        28     58812   8411400     30.61   1865744   5701976        24       176
05:18:10 AM    134552     34640   7871172     99.56        28     59196   8411400     30.61   1865808   5702284        24       176
05:18:15 AM    134552     34728   7871084     99.56        28     59280   8411400     30.61   1865960   5702312        80       176
05:18:20 AM    123852     25132   7880680     99.68        28     61344   8411400     30.61   1887252   5683228       100       176
05:18:25 AM    123832     25132   7880680     99.68        28     61408   8411400     30.61   1887296   5683228       100       176
05:18:30 AM    139724     41256   7864556     99.48        28     61860   8411400     30.61   2267348   5296468       100       176
05:18:35 AM    139436     40968   7864844     99.48        28     61880   8411400     30.61   2267356   5296468       100       176
05:18:40 AM    124912     24976   7880836     99.68        28     58896   8411400     30.61   2562388   5014432        20       176
05:18:45 AM    165252     65256   7840556     99.17        28     58820   8411400     30.61   3218968   4316828        20       176
05:18:50 AM    160352     60424   7845388     99.24        28     58916   8411400     30.61   3225844   4310088        96       176
05:18:55 AM    160352     60424   7845388     99.24        28     58916   8411400     30.61   3225844   4310088       116       176
05:19:00 AM    154044     54104   7851708     99.32        28     58916   8411400     30.61   3248328   4287580       116       176
05:19:05 AM    154044     54104   7851708     99.32        28     58916   8411400     30.61   3248328   4287580       116       176
05:19:10 AM    154044     54116   7851696     99.32        28     58916   8411400     30.61   3248336   4287596       116       176
05:19:15 AM    154044     54580   7851232     99.31        28     59844   8411400     30.61   3249276   4287596        20       176
05:19:20 AM    143224     44516   7861296     99.44        28     61440   8411400     30.61   3253400   4287860        20       176
05:19:25 AM    143224     44516   7861296     99.44        28     61520   8411400     30.61   3253404   4287860        80       176
05:19:30 AM    143224     44600   7861212     99.44        28     61520   8411400     30.61   3253560   4287940       100       176
05:19:35 AM    143224     44600   7861212     99.44        28     61520   8411400     30.61   3253560   4287940       100       176
05:19:40 AM    143224     44600   7861212     99.44        28     61520   8411400     30.61   3253560   4287940       100       176
05:19:45 AM    143224     44972   7860840     99.43        28     62288   8411400     30.61   3254308   4287940       100       176
05:19:50 AM    143224     44984   7860828     99.43        28     62288   8411400     30.61   3254332   4287940        20       176
05:19:55 AM    143224     45108   7860704     99.43        28     62576   8411400     30.61   3254332   4288188        20       176
05:20:00 AM    143224     45180   7860632     99.43        28     62680   8411400     30.61   3254332   4288332        96       176
05:20:05 AM    143224     45180   7860632     99.43        28     62680   8411400     30.61   3254336   4288332       116       176
05:20:10 AM    143224     45180   7860632     99.43        28     62680   8411400     30.61   3254336   4288332       116       176
05:20:15 AM    139444     43444   7862368     99.45        28     66792   8411400     30.61   3258428   4288332       116       176
05:20:20 AM    139444     43456   7862356     99.45        28     66792   8411400     30.61   3258448   4288332       116       176
05:20:25 AM    139444     43456   7862356     99.45        28     66796   8411400     30.61   3258448   4288332        24       176
05:20:30 AM    139192     43364   7862448     99.45        28     67116   8411400     30.61   3258452   4288656        24       176
05:20:35 AM    139192     43364   7862448     99.45        28     67204   8411400     30.61   3258452   4288656        80       176
05:20:40 AM    139192     43404   7862408     99.45        28     67208   8411400     30.61   3258532   4288736       104       176
05:20:45 AM    139192     43412   7862400     99.45        28     67208   8411400     30.61   3258540   4288740       104       176
05:20:50 AM    139192     43412   7862400     99.45        28     67208   8411400     30.61   3258540   4288740       104       176
05:20:55 AM    138688     43284   7862528     99.45        28     68132   8411400     30.61   3259320   4288740       104       176
05:21:00 AM    138688     43284   7862528     99.45        28     68132   8411400     30.61   3259320   4288740        24       176
05:21:05 AM    137932     42800   7863012     99.46        28     68596   8411400     30.61   3259516   4289112        24       176
05:21:10 AM    137932     42800   7863012     99.46        28     68692   8411400     30.61   3259516   4289112        96       176
05:21:15 AM    137932     42892   7862920     99.46        28     68692   8411400     30.61   3259516   4289300       116       176
05:21:20 AM    137932     42892   7862920     99.46        28     68692   8411400     30.61   3259516   4289300       116       176
05:21:25 AM    137932     42928   7862884     99.46        28     68764   8411400     30.61   3259588   4289300       116       176
05:21:30 AM    137932     42928   7862884     99.46        28     68764   8411400     30.61   3259592   4289300       116       176
05:21:35 AM    137932     42928   7862884     99.46        28     68764   8411400     30.61   3259592   4289300        20       176
05:21:40 AM    137932     43052   7862760     99.46        28     69084   8411400     30.61   3259592   4289548        20       176
05:21:45 AM    134520     39676   7866136     99.50        28     69164   8411400     30.61   3265108   4284104        80       176
05:21:50 AM    134520     39676   7866136     99.50        28     69164   8411400     30.61   3265108   4284104       100       176
05:21:55 AM    134328     39524   7866288     99.50        28     69164   8411400     30.61   3276820   4272476       100       176
05:22:00 AM    134104     39300   7866512     99.50        28     69164   8411400     30.61   3276844   4272476       100       176
05:22:05 AM    134368     39564   7866248     99.50        28     69164   8411400     30.61   3290200   4259128       100       176
05:22:10 AM    134368     39564   7866248     99.50        28     69260   8411400     30.61   3290200   4259128       172       176
05:22:15 AM    128044     33428   7872384     99.58        28     69676   8411400     30.61   3310296   4239432       204       176
05:22:20 AM    127804     33188   7872624     99.58        28     69776   8411400     30.61   3310296   4239432       284       176
05:22:25 AM    129728     35228   7870584     99.55        28     69772   8411400     30.61   3329540   4220424       300       176
05:22:30 AM    129728     35228   7870584     99.55        28     69804   8411400     30.61   3329540   4220424       272       176
05:22:35 AM    129392     34912   7870900     99.56        28     69808   8411400     30.61   3339904   4210096       272       176
05:22:40 AM    129392     34912   7870900     99.56        28     69808   8411400     30.61   3339948   4210096        20       176
05:22:45 AM    141088     46732   7859080     99.41        28     70144   8411400     30.61   3348104   4202188        20       176
05:22:50 AM    140984     46672   7859140     99.41        28     70144   8411400     30.61   3348264   4202124        20       176
05:22:55 AM    140440     46164   7859648     99.42        28     70224   8411400     30.61   3355508   4194952        80       176
05:23:00 AM    140440     46164   7859648     99.42        28     70224   8411400     30.61   3355508   4194952       100       176
05:23:05 AM    154720     60448   7845364     99.24        28     70224   8411400     30.61   3364328   4184112       100       176
05:23:10 AM    154640     60368   7845444     99.24        28     70224   8411400     30.61   3364328   4184112       100       176
05:23:15 AM    158180     63996   7841816     99.19        28     70400   8411400     30.61   3370748   4177868        24       176
05:23:20 AM    158964     64816   7840996     99.18        28     70564   8411400     30.61   3370748   4177944        24       176
05:23:25 AM    161496     67396   7838416     99.15        28     70568   8411400     30.61   3377964   4168820        28       176
05:23:30 AM    160436     66316   7839496     99.16        28     70664   8411400     30.61   3386452   4160296        96       176
05:23:35 AM    160552     66500   7839312     99.16        28     70664   8411400     30.61   3394352   4152536       116       176
05:23:40 AM    157528     63476   7842336     99.20        28     70672   8411400     30.61   3394352   4152536       124       176
05:23:45 AM    157412     63364   7842448     99.20        28     70672   8411400     30.61   3403372   4143524       124       176
05:23:50 AM    157412     63364   7842448     99.20        28     70672   8411400     30.61   3403372   4143524        28       176
05:23:55 AM    165736     71688   7834124     99.09        28     70672   8411400     30.61   3413916   4130992        28       176
05:24:00 AM    164504     70580   7835232     99.11        28     70992   8411400     30.61   3413916   4131240        28       176
05:24:05 AM    169348     75500   7830312     99.05        28     71072   8411400     30.61   3428016   4115276        80       176
05:24:10 AM    168652     74804   7831008     99.05        28     71072   8411400     30.61   3428016   4115276       100       176
05:24:15 AM    168368     74520   7831292     99.06        28     71072   8411400     30.61   3428016   4115276       100       176
05:24:20 AM    166620     72772   7833040     99.08        28     71072   8411400     30.61   3427900   4115276       100       176
05:24:25 AM    166620     72772   7833040     99.08        28     71072   8411400     30.61   3427900   4115276       100       176
05:24:30 AM    166620     72772   7833040     99.08        28     71072   8411400     30.61   3427900   4115276        20       176
05:24:35 AM    166368     72628   7833184     99.08        28     71360   8411400     30.61   3427928   4115496        20       176
05:24:40 AM    166368     72628   7833184     99.08        28     71456   8411400     30.61   3427960   4115496        96       176
05:24:45 AM    113748     18824   7886988     99.76        28     69220   8411400     30.61   3909720   3687120       116       176
05:24:50 AM    159552     50320   7855492     99.36        28     40396   8411400     30.61   1506868   6049220       120       164
05:24:55 AM    161364     52836   7852976     99.33        28     41712   8411400     30.61    974748   6541164       120       172
05:25:00 AM    154740     50380   7855432     99.36        28     50040   8411400     30.61   2704532   4821760       120       164
05:25:05 AM    154740     50380   7855432     99.36        28     50040   8411400     30.61   2704532   4821760        24       164
05:25:10 AM    159264     55052   7850760     99.30        28     50492   8411400     30.61   2710260   4816396        24       164
05:25:15 AM    158224     54072   7851740     99.32        28     50572   8411400     30.61   2710336   4816448        80       164
05:25:20 AM    163144     59048   7846764     99.25        28     50568   8411400     30.61   2717464   4809444       100       164
05:25:28 AM    194496     79736   7826076     98.99        28     29236   8658444     31.51    714108   4779236       100       156
05:25:33 AM    175588     60696   7845116     99.23        28     28960   8658444     31.51    521300   3711540       248       148
05:25:38 AM    186640     70200   7835612     99.11        28     25904   8658444     31.51   1759684   2164972       120       144
05:25:43 AM    134060     19848   7885964     99.75        28     30348   8658444     31.51   1920768   2103164       120       144
05:25:48 AM    127004     14796   7891016     99.81        28     34512   8658444     31.51   1925852   2103196       196       144
05:25:53 AM    365676    253600   7652212     96.79        28     34808   8411400     30.61   1682448   2099868       220       156
05:25:58 AM    365676    253664   7652148     96.79        28     34808   8411400     30.61   1682656   2099868       220       156
05:26:03 AM    153096     37640   7868172     99.52        28     27940   8411400     30.61    237560   3769152        16       156
05:26:08 AM    125152     16492   7889320     99.79        28     41524   8411400     30.61    251276   3769156        20       156
05:26:13 AM    118980     10340   7895472     99.87        28     41524   8411400     30.61    251320   3769200        20       156
05:26:18 AM    124280     15812   7890000     99.80        28     41868   8411400     30.61    251320   3769544       192       156
05:26:23 AM    124264     15916   7889896     99.80        28     42116   8411400     30.61    251632   3769572        20       156
05:26:28 AM    123256     14908   7890904     99.81        28     42120   8411400     30.61    251632   3769572        24       156
05:26:33 AM    123004     15136   7890676     99.81        28     43112   8411400     30.61    252664   3769640       100       156
05:26:38 AM    121492     16172   7889640     99.80        28     48108   8411400     30.61    260868   3769736       112       156
05:26:43 AM    121492     16172   7889640     99.80        28     48108   8411400     30.61    260948   3769736       116       156
05:26:48 AM    121492     16172   7889640     99.80        28     48108   8411400     30.61    260948   3769736       116       156
05:26:53 AM    121492     16172   7889640     99.80        28     48108   8411400     30.61    260948   3769736        20       156
05:26:58 AM    121492     16172   7889640     99.80        28     48132   8411400     30.61    261216   3769736        20       156
05:27:03 AM    126908     22436   7883376     99.72        28     49852   8411400     30.61   1051640   3482832        20       160
05:27:08 AM    125956     24108   7881704     99.70        28     55076   8411400     30.61   2133080   3369564       240       160
05:27:13 AM    177500     75532   7830280     99.04        28     54820   8411400     30.61   2247852   3297500       284       156
05:27:18 AM    177500     75532   7830280     99.04        28     54824   8411400     30.61   2247860   3297500       284       164
05:27:23 AM    173232     71268   7834544     99.10        28     54832   8411400     30.61   2247884   3297504       292       164
05:27:28 AM    173232     71272   7834540     99.10        28     54876   8411400     30.61   2247892   3297516       292       164
05:27:33 AM    178960     77016   7828796     99.03        28     54872   8411400     30.61   2254188   3291252       288       164
05:27:38 AM    174928     75064   7830748     99.05        28     59032   8411400     30.61   2258364   3291256       128       164
05:27:43 AM    170892     71280   7834532     99.10        28     59744   8411400     30.61   2269016   3281120       100       164
05:27:48 AM    170668     71056   7834756     99.10        28     59744   8411400     30.61   2269016   3281120       116       164
05:27:53 AM    170872     71364   7834448     99.10        28     59744   8411400     30.61   2277300   3273040       116       164
05:27:58 AM    170872     71364   7834448     99.10        28     59744   8411400     30.61   2277300   3273040       116       164
05:28:03 AM    185384     85872   7819940     98.91        28     59744   8411400     30.61   2288944   3260168       116       164
05:28:08 AM    185160     85648   7820164     98.92        28     59744   8411400     30.61   2288944   3260168       116       164
05:28:13 AM    197660     98204   7807608     98.76        28     59952   8411400     30.61   2291636   3255956        40       164
05:28:18 AM    197032     97636   7808176     98.77        28     60080   8411400     30.61   2291636   3256080        20       164
05:28:23 AM    196780     97388   7808424     98.77        28     60160   8411400     30.61   2291636   3256084        96       164
05:28:28 AM    196528     97136   7808676     98.77        28     60164   8411400     30.61   2291636   3256084       104       164
05:28:33 AM    195296     96260   7809552     98.78        28     60772   8411400     30.61   2292176   3256272       104       164
05:28:38 AM    195124     96104   7809708     98.78        28     60772   8411400     30.61   2292264   3256272       104       164
05:28:43 AM    195044     96024   7809788     98.79        28     60772   8411400     30.61   2292268   3256272       104       164
05:28:48 AM    194820     95800   7810012     98.79        28     60772   8411400     30.61   2292268   3256272        24       164
05:28:53 AM    194316     95480   7810332     98.79        28     61300   8411400     30.61   2292268   3256644       104       164
05:28:58 AM    194316     95512   7810300     98.79        28     61300   8411400     30.61   2292268   3256704       112       164
05:29:03 AM    194316     95512   7810300     98.79        28     61300   8411400     30.61   2292268   3256704       116       164
05:29:08 AM    194316     95512   7810300     98.79        28     61300   8411400     30.61   2292268   3256704       116       164
05:29:13 AM    194316     95512   7810300     98.79        28     61300   8411400     30.61   2292268   3256704       116       164
05:29:18 AM    204848    106044   7799768     98.66        28     61300   8411400     30.61   2292356   3255452       116       164
05:29:23 AM    190024     97512   7808300     98.77        28     73840   8411400     30.61   2307332   3252960        20       164
05:29:28 AM    192440     99980   7805832     98.74        28     73920   8411400     30.61   2307508   3252600        84       164
05:29:33 AM    192156     99696   7806116     98.74        28     73924   8411400     30.61   2307508   3252600        96       164
05:29:38 AM    191904     99444   7806368     98.74        28     73924   8411400     30.61   2307508   3252600       100       164
05:29:43 AM    191904     99444   7806368     98.74        28     73924   8411400     30.61   2307508   3252600       100       164
05:29:48 AM    191904     99444   7806368     98.74        28     73924   8411400     30.61   2307508   3252600       100       164
05:29:53 AM    131848     36656   7869156     99.54        28     68376   8411400     30.61   4687104    922000       100       164
05:29:58 AM    131816     36624   7869188     99.54        28     68376   8411400     30.61   4687104    922000        20       164
05:30:03 AM    131564     36496   7869316     99.54        28     68728   8411400     30.61   4687104    922248        20       164
05:30:08 AM    131564     36496   7869316     99.54        28     68824   8411400     30.61   4687108    922248       112       164
05:30:13 AM    131064     36036   7869776     99.54        28     68824   8411400     30.61   4703116    922328       116       164
05:30:18 AM    131064     36036   7869776     99.54        28     68824   8411400     30.61   4703116    922328       116       164
05:30:23 AM    131064     36036   7869776     99.54        28     68824   8411400     30.61   4703116    922328       116       164
05:30:28 AM    131064     36036   7869776     99.54        28     68824   8411400     30.61   4703116    922328       116       164
05:30:33 AM    131064     36036   7869776     99.54        28     68824   8411400     30.61   4703116    922328        20       164
05:30:38 AM    127200     33432   7872380     99.58        28     71240   8411400     30.61   4705924    922780        84       164
05:30:43 AM    127032     33340   7872472     99.58        28     71372   8411400     30.61   4706128    922800        96       164
05:30:48 AM    127032     33340   7872472     99.58        28     71372   8411400     30.61   4706128    922800       100       164
05:30:53 AM    127032     33340   7872472     99.58        28     71372   8411400     30.61   4706128    922800       100       164
05:30:58 AM    127032     33340   7872472     99.58        28     71372   8411400     30.61   4706128    922800       100       164
05:31:03 AM    127032     33344   7872468     99.58        28     71384   8411400     30.61   4706132    922812       112       164
05:31:08 AM    126344     32744   7873068     99.59        28     71556   8411400     30.61   4706132    922984        32       164
05:31:13 AM    118584     25064   7880748     99.68        28     71816   8411400     30.61   4725540    903628       104       164
05:31:18 AM    105920      9648   7896164     99.88        28     66316   8411400     30.61   4614804   1044052       124       164
05:31:23 AM    194048     79092   7826720     99.00        28     28916   8411400     30.61    805628   4738668        80       164
05:31:28 AM    172880     69168   7836644     99.13        28     51536   8411400     30.61    828116   4738704       100       164
05:31:33 AM    171188     67564   7838248     99.15        28     51536   8411400     30.61    841668   4725344       100       164
05:31:38 AM    171188     67564   7838248     99.15        28     51536   8411400     30.61    841680   4725344       100       164
05:31:43 AM    171704     68080   7837732     99.14        28     51536   8411400     30.61    857848   4709188       100       164
05:31:48 AM    171704     68144   7837668     99.14        28     51744   8411400     30.61    857848   4709312        20       164
05:31:53 AM    171696     68176   7837636     99.14        28     51744   8411400     30.61    882248   4685008        20       164
05:31:58 AM    171444     69432   7836380     99.12        28     54796   8411400     30.61    885496   4685136        96       164
05:32:03 AM    171800     71004   7834808     99.10        28     57220   8411400     30.61    912392   4660904       116       164
05:32:08 AM    166720     66752   7839060     99.16        28     59044   8411400     30.61    914064   4660864       272       164
05:32:13 AM    184584     84768   7821044     98.93        28     59232   8411400     30.61    938144   4634688       232       164
05:32:18 AM    183856     84040   7821772     98.94        28     59264   8411400     30.61    938144   4634684       280       164
05:32:23 AM    183856     84068   7821744     98.94        28     59264   8411400     30.61    938144   4634740       280       164
05:32:28 AM    182356     82716   7823096     98.95        28     59676   8411400     30.61    938144   4635036       124       164
05:32:33 AM    182356     82740   7823072     98.95        28     59724   8411400     30.61    938144   4635084       172       164
05:32:38 AM    181600     82056   7823756     98.96        28     59724   8411400     30.61    938760   4635204       172       164
05:32:43 AM    181600     82116   7823696     98.96        28     59884   8411400     30.61    938852   4635236       172       164
05:32:48 AM    181600     82116   7823696     98.96        28     59964   8411400     30.61    938852   4635236       148       164
05:32:53 AM    181600     82152   7823660     98.96        28     59980   8411400     30.61    938920   4635236       164       164
05:32:58 AM    140164     40860   7864952     99.48        28     60304   8411400     30.61   1918124   4627472        20       168
05:33:03 AM    128188     28944   7876868     99.63        28     60304   8411400     30.61   2923272   4627588        20       168
05:33:08 AM    128384     29140   7876672     99.63        28     60304   8411400     30.61   2923332   4627588        20       168
05:33:13 AM    128248     29004   7876808     99.63        28     60312   8411400     30.61   2923352   4627588        20       176
05:33:18 AM    130032     30788   7875024     99.61        28     60312   8411400     30.61   2924584   4626364        20       176
05:33:23 AM    130032     30788   7875024     99.61        28     60392   8411400     30.61   2924604   4626364        96       176
05:33:28 AM    152188     53056   7852756     99.33        28     60536   8411400     30.61   2947952   4601384        16       176
05:33:33 AM    151440     52496   7853316     99.34        28     60956   8411400     30.61   2948316   4601408        20       176
05:33:38 AM    166744     69304   7836508     99.12        28     64008   8411400     30.61   2959420   4588060        96       176
05:33:43 AM    166520     69080   7836732     99.13        28     64008   8411400     30.61   2959420   4588060       100       176
05:33:48 AM    166520     69204   7836608     99.12        28     64264   8411400     30.61   2959420   4588308        20       176
05:33:53 AM    138216     40948   7864864     99.48        28     64260   8411400     30.61   3283360   4289704        20       176
05:33:58 AM    156844     41396   7864416     99.48        28     27900   8411400     30.61    554492   6985556        20       176
05:34:03 AM    156592     41144   7864668     99.48        28     27932   8411400     30.61    554492   6985556        20       176
05:34:08 AM    147112     35824   7869988     99.55        28     36360   8411400     30.61    565004   6985624       100       176
05:34:13 AM    143332     33408   7872404     99.58        28     39056   8411400     30.61    567732   6985624       112       176
05:34:18 AM    139552     30680   7875132     99.61        28     41192   8411400     30.61    569792   6985672       116       176
05:34:23 AM    114604     12188   7893624     99.85        28     54028   8411400     30.61    585412   6985988       116       176
05:34:28 AM    114604     12188   7893624     99.85        28     54028   8411400     30.61    585412   6985988       116       176
05:34:33 AM    114604     12188   7893624     99.85        28     54028   8411400     30.61    585412   6985988       116       176
05:34:38 AM    157876     57516   7848296     99.27        28     58100   8411400     30.61    656116   6869040       116       176
05:34:43 AM    157948     57784   7848028     99.27        28     58572   8411400     30.61    656200   6869256        84       176
05:34:48 AM    157948     57840   7847972     99.27        28     58580   8411400     30.61    656264   6869344       104       176
05:34:53 AM    157948     57840   7847972     99.27        28     58580   8411400     30.61    656264   6869344       108       176
05:34:58 AM    157948     57840   7847972     99.27        28     58580   8411400     30.61    656264   6869344       108       176
05:35:03 AM    157948     57840   7847972     99.27        28     58580   8411400     30.61    656264   6869344       108       176
05:35:08 AM    157948     57840   7847972     99.27        28     58580   8411400     30.61    656264   6869344       108       176
05:35:13 AM    157948     57840   7847972     99.27        28     58580   8411400     30.61    656264   6869344        28       176
05:35:18 AM    157696     57732   7848080     99.27        28     58964   8411400     30.61    656264   6869632       100       176
05:35:23 AM    157696     57732   7848080     99.27        28     58964   8411400     30.61    656264   6869632       116       176
05:35:28 AM    146428     43756   7862056     99.45        28     53448   8411400     30.61   1524436   6030112       112       176
05:35:33 AM    145924     43252   7862560     99.45        28     53448   8411400     30.61   1524436   6030112       116       176
05:35:38 AM    144824     42152   7863660     99.47        28     53452   8411400     30.61   1543940   6010612       120       176
05:35:43 AM    144824     42152   7863660     99.47        28     53452   8411400     30.61   1543940   6010612       120       176
05:35:48 AM    144828     42156   7863656     99.47        28     53452   8411400     30.61   1567616   5986936        24       176
05:35:53 AM    144576     42028   7863784     99.47        28     53820   8411400     30.61   1567616   5987184        24       176
05:35:58 AM    144716     42268   7863544     99.47        28     53900   8411400     30.61   1594976   5960024       100       176
05:36:03 AM    144464     42016   7863796     99.47        28     53900   8411400     30.61   1594976   5960024        96       176
05:36:08 AM    149024     46576   7859236     99.41        28     53900   8411400     30.61   1620572   5934568       100       176
05:36:13 AM    148800     46912   7858900     99.41        28     55064   8411400     30.61   1621624   5934492       104       176
05:36:18 AM    147660     45772   7860040     99.42        28     55064   8411400     30.61   1645860   5910412       104       176
05:36:23 AM    147660     45796   7860016     99.42        28     55064   8411400     30.61   1645840   5910324        24       176
05:36:28 AM    147232     45492   7860320     99.42        28     55352   8411400     30.61   1645840   5910572        24       176
05:36:33 AM    146424     44704   7861108     99.43        28     55448   8411400     30.61   1671140   5885312       120       176
05:36:38 AM    146424     44744   7861068     99.43        28     55448   8411400     30.61   1671188   5885392       112       176
05:36:43 AM    154516     52844   7852968     99.33        28     55448   8658444     31.51   2212580   5346416       116       176
05:36:48 AM    153284     51612   7854200     99.35        28     55448   8658444     31.51   2212580   5346416       116       176
05:36:53 AM    393524    291852   7613960     96.31        28     55448   8411400     30.61   1965604   5346416       116       176
05:36:58 AM    383948    284968   7620844     96.40        28     60956   8411400     30.61   1970972   5346436        20       176
05:37:03 AM    380924    283200   7622612     96.42        28     63580   8411400     30.61   1973288   5346660        20       176
05:37:08 AM    379032    283148   7622664     96.42        28     67444   8411400     30.61   1976936   5346704        84       176
05:37:13 AM    378908    283216   7622596     96.42        28     67644   8411400     30.61   1977212   5346816       284       176
05:37:18 AM    378908    283216   7622596     96.42        28     67640   8411400     30.61   1977212   5346816       284       176
05:37:23 AM    378908    283264   7622548     96.42        28     67640   8411400     30.61   1977212   5346912       284       176
05:37:28 AM    378908    283316   7622496     96.42        28     67724   8411400     30.61   1977216   5347012       184       176
05:37:33 AM    378908    283328   7622484     96.42        28     67720   8411400     30.61   1977216   5347040        20       176
05:37:38 AM    374876    279420   7626392     96.47        28     68072   8411400     30.61   1977216   5347288        20       176
05:37:43 AM    381956    286544   7619268     96.38        28     68168   8411400     30.61   1985444   5339144       100       176
05:37:48 AM    381956    286552   7619260     96.38        28     68168   8411400     30.61   1985444   5339160       112       176
05:37:53 AM    383936    288624   7617188     96.35        28     68172   8411400     30.61   2008920   5315868       120       176
05:37:58 AM    372344    277032   7628780     96.50        28     68172   8411400     30.61   2019152   5315868       120       176
05:38:03 AM    367420    272100   7633712     96.56        28     68172   8411400     30.61   2040688   5294320       120       176
05:38:08 AM    367420    272100   7633712     96.56        28     68172   8411400     30.61   2040688   5294320        24       176
05:38:13 AM    367780    272584   7633228     96.55        28     68492   8411400     30.61   2067452   5267804        24       176
05:38:18 AM    367780    272584   7633228     96.55        28     68572   8411400     30.61   2067452   5267804        84       176
05:38:23 AM    363340    268228   7637584     96.61        28     68572   8411400     30.61   2086928   5248496       100       176
05:38:28 AM    363340    268228   7637584     96.61        28     68572   8411400     30.61   2086928   5248496       100       176
05:38:33 AM    368328    273292   7632520     96.54        28     68724   8411400     30.61   2114140   5221452       108       176
05:38:38 AM    367852    272816   7632996     96.55        28     68728   8411400     30.61   2114140   5221452       112       176
05:38:43 AM    366888    271856   7633956     96.56        28     68728   8411400     30.61   2141880   5193716       112       176
05:38:48 AM    368528    273488   7632324     96.54        28     68732   8411400     30.61   2155672   5179908        36       176
05:38:53 AM    363760    268864   7636948     96.60        28     69020   8411400     30.61   2188352   5147516        36       176
05:38:58 AM    363268    268380   7637432     96.61        28     69132   8411400     30.61   2188360   5147532       112       176
05:39:03 AM    352504    257664   7648148     96.74        28     69132   8411400     30.61   2215864   5120124       116       176
05:39:08 AM    352504    257664   7648148     96.74        28     69132   8411400     30.61   2215864   5120124       116       176
05:39:13 AM    364572    269732   7636080     96.59        28     69132   8411400     30.61   2241108   5094880       116       176
05:39:18 AM    364320    269480   7636332     96.59        28     69132   8411400     30.61   2241108   5094880       116       176
05:39:23 AM    358680    263852   7641960     96.66        28     69164   8411400     30.61   2270024   5065868        20       176
05:39:28 AM    358236    263532   7642280     96.67        28     69564   8411400     30.61   2270072   5066116        84       176
05:39:33 AM    357388    262772   7643040     96.68        28     69564   8411400     30.61   2292848   5043596        96       176
05:39:38 AM    357388    262772   7643040     96.68        28     69564   8411400     30.61   2292848   5043596       100       176
05:39:43 AM    358856    264240   7641572     96.66        28     69564   8411400     30.61   2316408   5020036       100       176
05:39:48 AM    357372    263216   7642596     96.67        28     70544   8411400     30.61   2317444   5020036       100       176
05:39:53 AM   7574812   7494068    411744      5.21        28     97368    376084      1.37     90008     44508       236       132
Average:       808898    782365   7123447     90.10      1293    165137   7406177     26.95   4470189   2244658       102      2290
