Linux 7.0.10-arch1-1 (archlinux) 	06/03/2026 	_x86_64_	(4 CPU)

01:18:59 AM  %smem-10  %smem-60 %smem-300     %smem  %fmem-10  %fmem-60 %fmem-300     %fmem
01:19:04 AM      0.00      0.00      0.00      0.00      0.00      0.00      0.00      0.00
01:19:09 AM      0.00      0.00      0.00      0.00      0.00      0.00      0.00      0.00
01:19:14 AM      0.00      0.00      0.00      0.00      0.00      0.00      0.00      0.00
01:19:19 AM      0.00      0.00      0.00      0.00      0.00      0.00      0.00      0.00
01:19:24 AM      0.00      0.00      0.00      0.00      0.00      0.00      0.00      0.00
01:19:29 AM      0.00      0.00      0.00      0.00      0.00      0.00      0.00      0.00
01:19:34 AM      0.00      0.00      0.00      0.00      0.00      0.00      0.00      0.00
01:19:39 AM      0.00      0.00      0.00      0.00      0.00      0.00      0.00      0.00
01:19:44 AM      0.00      0.00      0.00      0.00      0.00      0.00      0.00      0.00
01:19:49 AM      0.00      0.00      0.00      0.00      0.00      0.00      0.00      0.00
01:19:54 AM      0.00      0.00      0.00      0.00      0.00      0.00      0.00      0.00
01:19:59 AM      0.00      0.00      0.00      0.00      0.00      0.00      0.00      0.00
01:20:04 AM      0.00      0.00      0.00      0.00      0.00      0.00      0.00      0.00
01:20:09 AM      0.00      0.00      0.00      0.00      0.00      0.00      0.00      0.00
01:20:14 AM      0.00      0.00      0.00      0.00      0.00      0.00      0.00      0.00
01:20:19 AM      0.00      0.00      0.00      0.00      0.00      0.00      0.00      0.00
01:20:24 AM      0.00      0.00      0.00      0.00      0.00      0.00      0.00      0.00
01:20:29 AM      0.00      0.00      0.00      0.00      0.00      0.00      0.00      0.00
01:20:34 AM      0.00      0.00      0.00      0.00      0.00      0.00      0.00      0.00
01:20:39 AM      0.00      0.00      0.00      0.00      0.00      0.00      0.00      0.00
01:20:44 AM      0.00      0.00      0.00      0.00      0.00      0.00      0.00      0.00
01:20:49 AM      0.00      0.00      0.00      0.00      0.00      0.00      0.00      0.00
01:20:54 AM      0.00      0.00      0.00      0.00      0.00      0.00      0.00      0.00
01:20:59 AM      0.00      0.00      0.00      0.00      0.00      0.00      0.00      0.00
01:21:04 AM      0.00      0.00      0.00      0.00      0.00      0.00      0.00      0.00
01:21:09 AM      0.00      0.00      0.00      0.00      0.00      0.00      0.00      0.00
01:21:14 AM      0.00      0.00      0.00      0.00      0.00      0.00      0.00      0.00
01:21:19 AM      0.00      0.00      0.00      0.00      0.00      0.00      0.00      0.00
01:21:24 AM      0.00      0.00      0.00      0.00      0.00      0.00      0.00      0.00
01:21:29 AM      0.00      0.00      0.00      0.00      0.00      0.00      0.00      0.00
01:21:34 AM      0.00      0.00      0.00      0.00      0.00      0.00      0.00      0.00
01:21:39 AM      0.00      0.00      0.00      0.00      0.00      0.00      0.00      0.00
01:21:44 AM      0.00      0.00      0.00      0.00      0.00      0.00      0.00      0.00
01:21:49 AM      0.00      0.00      0.00      0.00      0.00      0.00      0.00      0.00
01:21:54 AM      0.00      0.00      0.00      0.00      0.00      0.00      0.00      0.00
01:21:59 AM      0.00      0.00      0.00      0.00      0.00      0.00      0.00      0.00
01:22:04 AM      0.00      0.00      0.00      0.00      0.00      0.00      0.00      0.00
01:22:09 AM      0.00      0.00      0.00      0.00      0.00      0.00      0.00      0.00
01:22:14 AM      0.00      0.00      0.00      0.00      0.00      0.00      0.00      0.00
01:22:19 AM      0.00      0.00      0.00      0.00      0.00      0.00      0.00      0.00
01:22:24 AM      0.00      0.00      0.00      0.00      0.00      0.00      0.00      0.00
01:22:29 AM      0.00      0.00      0.00      0.00      0.00      0.00      0.00      0.00
01:22:34 AM      0.00      0.00      0.00      0.00      0.00      0.00      0.00      0.00
01:22:39 AM      0.00      0.00      0.00      0.00      0.00      0.00      0.00      0.00
01:22:44 AM      0.00      0.00      0.00      0.00      0.00      0.00      0.00      0.00
01:22:49 AM      0.00      0.00      0.00      0.00      0.00      0.00      0.00      0.00
01:22:54 AM      0.00      0.00      0.00      0.00      0.00      0.00      0.00      0.00
01:22:59 AM      0.00      0.00      0.00      0.00      0.00      0.00      0.00      0.00
01:23:04 AM      0.00      0.00      0.00      0.00      0.00      0.00      0.00      0.00
01:23:09 AM      0.00      0.00      0.00      0.00      0.00      0.00      0.00      0.00
01:23:14 AM      0.00      0.00      0.00      0.00      0.00      0.00      0.00      0.00
01:23:19 AM      0.00      0.00      0.00      0.00      0.00      0.00      0.00      0.00
01:23:24 AM      0.00      0.00      0.00      0.00      0.00      0.00      0.00      0.00
01:23:29 AM      0.00      0.00      0.00      0.00      0.00      0.00      0.00      0.00
01:23:34 AM      0.00      0.00      0.00      0.00      0.00      0.00      0.00      0.00
01:23:39 AM      0.00      0.00      0.00      0.00      0.00      0.00      0.00      0.00
01:23:44 AM      0.00      0.00      0.00      0.00      0.00      0.00      0.00      0.00
01:23:49 AM      0.00      0.00      0.00      0.00      0.00      0.00      0.00      0.00
01:23:54 AM      0.00      0.00      0.00      0.00      0.00      0.00      0.00      0.00
01:23:59 AM      0.00      0.00      0.00      0.00      0.00      0.00      0.00      0.00
01:24:04 AM      0.00      0.00      0.00      0.00      0.00      0.00      0.00      0.00
01:24:09 AM      0.00      0.00      0.00      0.00      0.00      0.00      0.00      0.00
01:24:14 AM      0.00      0.00      0.00      0.00      0.00      0.00      0.00      0.00
01:24:19 AM      0.00      0.00      0.00      0.00      0.00      0.00      0.00      0.00
01:24:24 AM      0.00      0.00      0.00      0.00      0.00      0.00      0.00      0.00
01:24:29 AM      0.00      0.00      0.00      0.00      0.00      0.00      0.00      0.00
01:24:34 AM      0.00      0.00      0.00      0.00      0.00      0.00      0.00      0.00
01:24:39 AM      0.00      0.00      0.00      0.00      0.00      0.00      0.00      0.00
01:24:44 AM      0.00      0.00      0.00      0.00      0.00      0.00      0.00      0.00
01:24:49 AM      0.00      0.00      0.00      0.00      0.00      0.00      0.00      0.00
01:24:54 AM      0.00      0.00      0.00      0.00      0.00      0.00      0.00      0.00
01:24:59 AM      0.00      0.00      0.00      0.00      0.00      0.00      0.00      0.00
01:25:04 AM      0.00      0.00      0.00      0.00      0.00      0.00      0.00      0.00
01:25:09 AM      0.00      0.00      0.00      0.00      0.00      0.00      0.00      0.00
01:25:14 AM      0.00      0.00      0.00      0.00      0.00      0.00      0.00      0.00
01:25:19 AM      0.00      0.00      0.00      0.00      0.00      0.00      0.00      0.00
01:25:24 AM      0.00      0.00      0.00      0.00      0.00      0.00      0.00      0.00
01:25:29 AM      0.00      0.00      0.00      0.00      0.00      0.00      0.00      0.00
01:25:34 AM      0.00      0.00      0.00      0.00      0.00      0.00      0.00      0.00
01:25:39 AM      0.00      0.00      0.00      0.00      0.00      0.00      0.00      0.00
01:25:44 AM      0.00      0.00      0.00      0.00      0.00      0.00      0.00      0.00
01:25:49 AM      0.00      0.00      0.00      0.00      0.00      0.00      0.00      0.00
01:25:54 AM      0.00      0.00      0.00      0.00      0.00      0.00      0.00      0.00
01:25:59 AM      0.00      0.00      0.00      0.00      0.00      0.00      0.00      0.00
01:26:04 AM      0.00      0.00      0.00      0.00      0.00      0.00      0.00      0.00
01:26:09 AM      0.00      0.00      0.00      0.00      0.00      0.00      0.00      0.00
01:26:14 AM      0.00      0.00      0.00      0.00      0.00      0.00      0.00      0.00
01:26:19 AM      0.00      0.00      0.00      0.00      0.00      0.00      0.00      0.00
01:26:24 AM      0.00      0.00      0.00      0.00      0.00      0.00      0.00      0.00
01:26:29 AM      0.00      0.00      0.00      0.00      0.00      0.00      0.00      0.00
01:26:34 AM      0.00      0.00      0.00      0.00      0.00      0.00      0.00      0.00
01:26:39 AM      0.00      0.00      0.00      0.00      0.00      0.00      0.00      0.00
01:26:44 AM      0.00      0.00      0.00      0.00      0.00      0.00      0.00      0.00
01:26:49 AM      0.00      0.00      0.00      0.00      0.00      0.00      0.00      0.00
01:26:54 AM      0.00      0.00      0.00      0.00      0.00      0.00      0.00      0.00
01:26:59 AM      0.00      0.00      0.00      0.00      0.00      0.00      0.00      0.00
01:27:04 AM      0.00      0.00      0.00      0.00      0.00      0.00      0.00      0.00
01:27:09 AM      0.00      0.00      0.00      0.00      0.00      0.00      0.00      0.00
01:27:14 AM      0.00      0.00      0.00      0.00      0.00      0.00      0.00      0.00
01:27:19 AM      0.00      0.00      0.00      0.00      0.00      0.00      0.00      0.00
01:27:24 AM      0.00      0.00      0.00      0.00      0.00      0.00      0.00      0.00
01:27:29 AM      0.00      0.00      0.00      0.00      0.00      0.00      0.00      0.00
01:27:34 AM      0.00      0.00      0.00      0.00      0.00      0.00      0.00      0.00
01:27:39 AM      0.00      0.00      0.00      0.00      0.00      0.00      0.00      0.00
01:27:44 AM      0.00      0.00      0.00      0.00      0.00      0.00      0.00      0.00
01:27:49 AM      0.00      0.00      0.00      0.00      0.00      0.00      0.00      0.00
01:27:54 AM      0.00      0.00      0.00      0.00      0.00      0.00      0.00      0.00
01:27:59 AM      0.00      0.00      0.00      0.00      0.00      0.00      0.00      0.00
01:28:04 AM      0.00      0.00      0.00      0.00      0.00      0.00      0.00      0.00
01:28:09 AM      0.00      0.00      0.00      0.00      0.00      0.00      0.00      0.00
01:28:14 AM      0.00      0.00      0.00      0.00      0.00      0.00      0.00      0.00
01:28:19 AM      0.00      0.00      0.00      0.00      0.00      0.00      0.00      0.00
01:28:24 AM      0.00      0.00      0.00      0.00      0.00      0.00      0.00      0.00
01:28:29 AM      0.00      0.00      0.00      0.00      0.00      0.00      0.00      0.00
01:28:34 AM      0.00      0.00      0.00      0.00      0.00      0.00      0.00      0.00
01:28:39 AM      0.00      0.00      0.00      0.00      0.00      0.00      0.00      0.00
01:28:44 AM      0.00      0.00      0.00      0.00      0.00      0.00      0.00      0.00
01:28:49 AM      0.00      0.00      0.00      0.00      0.00      0.00      0.00      0.00
01:28:54 AM      0.00      0.00      0.00      0.00      0.00      0.00      0.00      0.00
01:28:59 AM      0.00      0.00      0.00      0.00      0.00      0.00      0.00      0.00
01:29:04 AM      0.00      0.00      0.00      0.00      0.00      0.00      0.00      0.00
01:29:09 AM      0.00      0.00      0.00      0.00      0.00      0.00      0.00      0.00
01:29:14 AM      0.00      0.00      0.00      0.00      0.00      0.00      0.00      0.00
01:29:19 AM      0.00      0.00      0.00      0.00      0.00      0.00      0.00      0.00
01:29:24 AM      0.00      0.00      0.00      0.00      0.00      0.00      0.00      0.00
01:29:29 AM      0.00      0.00      0.00      0.00      0.00      0.00      0.00      0.00
01:29:34 AM      0.00      0.00      0.00      0.00      0.00      0.00      0.00      0.00
01:29:39 AM      0.00      0.00      0.00      0.00      0.00      0.00      0.00      0.00
01:29:44 AM      0.00      0.00      0.00      0.00      0.00      0.00      0.00      0.00
01:29:49 AM      0.00      0.00      0.00      0.00      0.00      0.00      0.00      0.00
01:29:54 AM      0.00      0.00      0.00      0.00      0.00      0.00      0.00      0.00
01:29:59 AM      0.00      0.00      0.00      0.00      0.00      0.00      0.00      0.00
01:30:04 AM      0.00      0.00      0.00      0.00      0.00      0.00      0.00      0.00
01:30:09 AM      0.00      0.00      0.00      0.00      0.00      0.00      0.00      0.00
01:30:14 AM      0.00      0.00      0.00      0.00      0.00      0.00      0.00      0.00
01:30:19 AM      0.00      0.00      0.00      0.00      0.00      0.00      0.00      0.00
01:30:24 AM      0.00      0.00      0.00      0.00      0.00      0.00      0.00      0.00
01:30:29 AM      0.00      0.00      0.00      0.00      0.00      0.00      0.00      0.00
01:30:34 AM      0.00      0.00      0.00      0.00      0.00      0.00      0.00      0.00
01:30:39 AM      0.00      0.00      0.00      0.00      0.00      0.00      0.00      0.00
01:30:44 AM      0.00      0.00      0.00      0.00      0.00      0.00      0.00      0.00
01:30:49 AM      0.00      0.00      0.00      0.00      0.00      0.00      0.00      0.00
01:30:54 AM      0.00      0.00      0.00      0.00      0.00      0.00      0.00      0.00
01:30:59 AM      0.00      0.00      0.00      0.00      0.00      0.00      0.00      0.00
01:31:04 AM      0.00      0.00      0.00      0.00      0.00      0.00      0.00      0.00
01:31:09 AM      0.00      0.00      0.00      0.00      0.00      0.00      0.00      0.00
01:31:14 AM      0.00      0.00      0.00      0.00      0.00      0.00      0.00      0.00
01:31:19 AM      0.00      0.00      0.00      0.00      0.00      0.00      0.00      0.00
01:31:24 AM      0.00      0.00      0.00      0.00      0.00      0.00      0.00      0.00
01:31:29 AM      0.00      0.00      0.00      0.00      0.00      0.00      0.00      0.00
01:31:34 AM      0.00      0.00      0.00      0.00      0.00      0.00      0.00      0.00
01:31:39 AM      0.00      0.00      0.00      0.00      0.00      0.00      0.00      0.00
01:31:44 AM      0.00      0.00      0.00      0.00      0.00      0.00      0.00      0.00
01:31:49 AM      0.00      0.00      0.00      0.00      0.00      0.00      0.00      0.00
01:31:54 AM      0.00      0.00      0.00      0.00      0.00      0.00      0.00      0.00
01:31:59 AM      0.00      0.00      0.00      0.00      0.00      0.00      0.00      0.00
01:32:04 AM      0.00      0.00      0.00      0.00      0.00      0.00      0.00      0.00
01:32:09 AM      0.00      0.00      0.00      0.00      0.00      0.00      0.00      0.00
01:32:14 AM      0.00      0.00      0.00      0.00      0.00      0.00      0.00      0.00
01:32:19 AM      0.00      0.00      0.00      0.00      0.00      0.00      0.00      0.00
01:32:24 AM      0.00      0.00      0.00      0.00      0.00      0.00      0.00      0.00
01:32:29 AM      0.00      0.00      0.00      0.00      0.00      0.00      0.00      0.00
01:32:34 AM      0.00      0.00      0.00      0.00      0.00      0.00      0.00      0.00
01:32:39 AM      0.00      0.00      0.00      0.00      0.00      0.00      0.00      0.00
01:32:44 AM      0.00      0.00      0.00      0.00      0.00      0.00      0.00      0.00
01:32:49 AM      0.00      0.00      0.00      0.00      0.00      0.00      0.00      0.00
01:32:54 AM      0.00      0.00      0.00      0.00      0.00      0.00      0.00      0.00
01:32:59 AM      0.00      0.00      0.00      0.00      0.00      0.00      0.00      0.00
01:33:04 AM      0.00      0.00      0.00      0.00      0.00      0.00      0.00      0.00
01:33:09 AM      0.00      0.00      0.00      0.00      0.00      0.00      0.00      0.00
01:33:14 AM      0.00      0.00      0.00      0.00      0.00      0.00      0.00      0.00
01:33:19 AM      0.00      0.00      0.00      0.00      0.00      0.00      0.00      0.00
01:33:24 AM      0.00      0.00      0.00      0.00      0.00      0.00      0.00      0.00
01:33:29 AM      0.00      0.00      0.00      0.00      0.00      0.00      0.00      0.00
01:33:34 AM      0.00      0.00      0.00      0.00      0.00      0.00      0.00      0.00
01:33:39 AM      0.00      0.00      0.00      0.00      0.00      0.00      0.00      0.00
01:33:44 AM      0.00      0.00      0.00      0.00      0.00      0.00      0.00      0.00
01:33:49 AM      0.00      0.00      0.00      0.00      0.00      0.00      0.00      0.00
01:33:54 AM      0.00      0.00      0.00      0.00      0.00      0.00      0.00      0.00
01:33:59 AM      0.00      0.00      0.00      0.00      0.00      0.00      0.00      0.00
01:34:04 AM      0.00      0.00      0.00      0.00      0.00      0.00      0.00      0.00
01:34:09 AM      0.00      0.00      0.00      0.00      0.00      0.00      0.00      0.00
01:34:14 AM      0.00      0.00      0.00      0.00      0.00      0.00      0.00      0.00
01:34:19 AM      0.00      0.00      0.00      0.00      0.00      0.00      0.00      0.00
01:34:24 AM      0.00      0.00      0.00      0.00      0.00      0.00      0.00      0.00
01:34:29 AM      0.00      0.00      0.00      0.00      0.00      0.00      0.00      0.00
01:34:34 AM      0.00      0.00      0.00      0.00      0.00      0.00      0.00      0.00
01:34:39 AM      0.00      0.00      0.00      0.00      0.00      0.00      0.00      0.00
01:34:44 AM      0.00      0.00      0.00      0.00      0.00      0.00      0.00      0.00
01:34:49 AM      0.00      0.00      0.00      0.00      0.00      0.00      0.00      0.00
01:34:54 AM      0.00      0.00      0.00      0.00      0.00      0.00      0.00      0.00
01:34:59 AM      0.00      0.00      0.00      0.00      0.00      0.00      0.00      0.00
01:35:04 AM      0.00      0.00      0.00      0.00      0.00      0.00      0.00      0.00
01:35:09 AM      0.00      0.00      0.00      0.00      0.00      0.00      0.00      0.00
01:35:14 AM      0.00      0.00      0.00      0.00      0.00      0.00      0.00      0.00
01:35:19 AM      0.00      0.00      0.00      0.00      0.00      0.00      0.00      0.00
01:35:24 AM      0.00      0.00      0.00      0.00      0.00      0.00      0.00      0.00
01:35:29 AM      0.00      0.00      0.00      0.00      0.00      0.00      0.00      0.00
01:35:34 AM      0.00      0.00      0.00      0.00      0.00      0.00      0.00      0.00
01:35:39 AM      0.00      0.00      0.00      0.00      0.00      0.00      0.00      0.00
01:35:44 AM      0.00      0.00      0.00      0.00      0.00      0.00      0.00      0.00
01:35:49 AM      0.00      0.00      0.00      0.00      0.00      0.00      0.00      0.00
01:35:54 AM      0.00      0.00      0.00      0.00      0.00      0.00      0.00      0.00
01:35:59 AM      0.00      0.00      0.00      0.00      0.00      0.00      0.00      0.00
01:36:04 AM      0.00      0.00      0.00      0.00      0.00      0.00      0.00      0.00
01:36:09 AM      0.00      0.00      0.00      0.00      0.00      0.00      0.00      0.00
01:36:14 AM      0.00      0.00      0.00      0.00      0.00      0.00      0.00      0.00
01:36:19 AM      0.00      0.00      0.00      0.00      0.00      0.00      0.00      0.00
01:36:24 AM      0.00      0.00      0.00      0.00      0.00      0.00      0.00      0.00
01:36:29 AM      0.00      0.00      0.00      0.00      0.00      0.00      0.00      0.00
01:36:34 AM      0.00      0.00      0.00      0.00      0.00      0.00      0.00      0.00
01:36:39 AM      0.00      0.00      0.00      0.00      0.00      0.00      0.00      0.00
01:36:44 AM      0.00      0.00      0.00      0.00      0.00      0.00      0.00      0.00
01:36:49 AM      0.00      0.00      0.00      0.00      0.00      0.00      0.00      0.00
01:36:54 AM      0.00      0.00      0.00      0.00      0.00      0.00      0.00      0.00
01:36:59 AM      0.00      0.00      0.00      0.00      0.00      0.00      0.00      0.00
01:37:04 AM      0.00      0.00      0.00      0.00      0.00      0.00      0.00      0.00
01:37:09 AM      0.00      0.00      0.00      0.00      0.00      0.00      0.00      0.00
01:37:14 AM      0.00      0.00      0.00      0.00      0.00      0.00      0.00      0.00
01:37:19 AM      0.00      0.00      0.00      0.00      0.00      0.00      0.00      0.00
01:37:24 AM      0.00      0.00      0.00      0.00      0.00      0.00      0.00      0.00
01:37:29 AM      0.00      0.00      0.00      0.00      0.00      0.00      0.00      0.00
01:37:34 AM      0.00      0.00      0.00      0.00      0.00      0.00      0.00      0.00
01:37:39 AM      0.00      0.00      0.00      0.00      0.00      0.00      0.00      0.00
01:37:44 AM      0.00      0.00      0.00      0.00      0.00      0.00      0.00      0.00
01:37:49 AM      0.00      0.00      0.00      0.00      0.00      0.00      0.00      0.00
01:37:54 AM      0.00      0.00      0.00      0.00      0.00      0.00      0.00      0.00
01:37:59 AM      0.00      0.00      0.00      0.00      0.00      0.00      0.00      0.00
01:38:04 AM      0.00      0.00      0.00      0.00      0.00      0.00      0.00      0.00
01:38:09 AM      0.00      0.00      0.00      0.00      0.00      0.00      0.00      0.00
01:38:14 AM      0.00      0.00      0.00      0.00      0.00      0.00      0.00      0.00
01:38:19 AM      0.00      0.00      0.00      0.00      0.00      0.00      0.00      0.00
01:38:24 AM      0.00      0.00      0.00      0.00      0.00      0.00      0.00      0.00
01:38:29 AM      0.00      0.00      0.00      0.00      0.00      0.00      0.00      0.00
01:38:34 AM      0.00      0.00      0.00      0.00      0.00      0.00      0.00      0.00
01:38:39 AM      0.00      0.00      0.00      0.00      0.00      0.00      0.00      0.00
01:38:44 AM      0.00      0.00      0.00      0.00      0.00      0.00      0.00      0.00
01:38:49 AM      0.00      0.00      0.00      0.00      0.00      0.00      0.00      0.00
01:38:54 AM      0.00      0.00      0.00      0.00      0.00      0.00      0.00      0.00
01:38:59 AM      0.00      0.00      0.00      0.00      0.00      0.00      0.00      0.00
01:39:04 AM      0.00      0.00      0.00      0.00      0.00      0.00      0.00      0.00
01:39:09 AM      0.00      0.00      0.00      0.00      0.00      0.00      0.00      0.00
01:39:14 AM      0.00      0.00      0.00      0.00      0.00      0.00      0.00      0.00
01:39:19 AM      0.00      0.00      0.00      0.00      0.00      0.00      0.00      0.00
01:39:24 AM      0.00      0.00      0.00      0.00      0.00      0.00      0.00      0.00
01:39:29 AM      0.00      0.00      0.00      0.00      0.00      0.00      0.00      0.00
01:39:34 AM      0.00      0.00      0.00      0.00      0.00      0.00      0.00      0.00
01:39:39 AM      0.00      0.00      0.00      0.00      0.00      0.00      0.00      0.00
01:39:44 AM      0.00      0.00      0.00      0.00      0.00      0.00      0.00      0.00
01:39:49 AM      0.00      0.00      0.00      0.00      0.00      0.00      0.00      0.00
01:39:54 AM      0.00      0.00      0.00      0.00      0.00      0.00      0.00      0.00
01:39:59 AM      0.00      0.00      0.00      0.00      0.00      0.00      0.00      0.00
01:40:04 AM      0.00      0.00      0.00      0.00      0.00      0.00      0.00      0.00
01:40:09 AM      0.00      0.00      0.00      0.00      0.00      0.00      0.00      0.00
01:40:14 AM      0.00      0.00      0.00      0.00      0.00      0.00      0.00      0.00
01:40:19 AM      0.00      0.00      0.00      0.00      0.00      0.00      0.00      0.00
01:40:24 AM      0.00      0.00      0.00      0.00      0.00      0.00      0.00      0.00
01:40:29 AM      0.00      0.00      0.00      0.00      0.00      0.00      0.00      0.00
01:40:34 AM      0.00      0.00      0.00      0.00      0.00      0.00      0.00      0.00
01:40:39 AM      0.00      0.00      0.00      0.00      0.00      0.00      0.00      0.00
01:40:44 AM      0.00      0.00      0.00      0.00      0.00      0.00      0.00      0.00
01:40:49 AM      0.00      0.00      0.00      0.00      0.00      0.00      0.00      0.00
01:40:54 AM      0.00      0.00      0.00      0.00      0.00      0.00      0.00      0.00
01:40:59 AM      0.00      0.00      0.00      0.00      0.00      0.00      0.00      0.00
01:41:04 AM      0.00      0.00      0.00      0.00      0.00      0.00      0.00      0.00
01:41:09 AM      0.00      0.00      0.00      0.00      0.00      0.00      0.00      0.00
01:41:14 AM      0.00      0.00      0.00      0.00      0.00      0.00      0.00      0.00
01:41:19 AM      0.00      0.00      0.00      0.00      0.00      0.00      0.00      0.00
01:41:24 AM      0.00      0.00      0.00      0.00      0.00      0.00      0.00      0.00
01:41:29 AM      0.00      0.00      0.00      0.00      0.00      0.00      0.00      0.00
01:41:34 AM      0.00      0.00      0.00      0.00      0.00      0.00      0.00      0.00
01:41:39 AM      0.00      0.00      0.00      0.00      0.00      0.00      0.00      0.00
01:41:44 AM      0.00      0.00      0.00      0.00      0.00      0.00      0.00      0.00
01:41:49 AM      0.00      0.00      0.00      0.00      0.00      0.00      0.00      0.00
01:41:54 AM      0.00      0.00      0.00      0.00      0.00      0.00      0.00      0.00
01:41:59 AM      0.00      0.00      0.00      0.00      0.00      0.00      0.00      0.00
01:42:04 AM      0.00      0.00      0.00      0.00      0.00      0.00      0.00      0.00
01:42:09 AM      0.00      0.00      0.00      0.00      0.00      0.00      0.00      0.00
01:42:14 AM      0.00      0.00      0.00      0.00      0.00      0.00      0.00      0.00
01:42:19 AM      0.00      0.00      0.00      0.00      0.00      0.00      0.00      0.00
01:42:24 AM      0.00      0.00      0.00      0.00      0.00      0.00      0.00      0.00
01:42:29 AM      0.00      0.00      0.00      0.00      0.00      0.00      0.00      0.00
01:42:34 AM      0.00      0.00      0.00      0.00      0.00      0.00      0.00      0.00
01:42:39 AM      0.00      0.00      0.00      0.00      0.00      0.00      0.00      0.00
01:42:44 AM      0.00      0.00      0.00      0.00      0.00      0.00      0.00      0.00
01:42:49 AM      0.00      0.00      0.00      0.00      0.00      0.00      0.00      0.00
01:42:54 AM      0.00      0.00      0.00      0.00      0.00      0.00      0.00      0.00
01:42:59 AM      0.00      0.00      0.00      0.00      0.00      0.00      0.00      0.00
01:43:04 AM      0.00      0.00      0.00      0.00      0.00      0.00      0.00      0.00
01:43:09 AM      0.00      0.00      0.00      0.00      0.00      0.00      0.00      0.00
01:43:14 AM      0.00      0.00      0.00      0.00      0.00      0.00      0.00      0.00
01:43:19 AM      0.00      0.00      0.00      0.00      0.00      0.00      0.00      0.00
01:43:24 AM      0.00      0.00      0.00      0.00      0.00      0.00      0.00      0.00
01:43:29 AM      0.00      0.00      0.00      0.00      0.00      0.00      0.00      0.00
01:43:34 AM      0.00      0.00      0.00      0.00      0.00      0.00      0.00      0.00
01:43:39 AM      0.00      0.00      0.00      0.00      0.00      0.00      0.00      0.00
01:43:44 AM      0.00      0.00      0.00      0.00      0.00      0.00      0.00      0.00
01:43:49 AM      0.00      0.00      0.00      0.00      0.00      0.00      0.00      0.00
01:43:54 AM      0.00      0.00      0.00      0.00      0.00      0.00      0.00      0.00
01:43:59 AM      0.00      0.00      0.00      0.00      0.00      0.00      0.00      0.00
01:44:04 AM      0.00      0.00      0.00      0.00      0.00      0.00      0.00      0.00
01:44:09 AM      0.00      0.00      0.00      0.00      0.00      0.00      0.00      0.00
01:44:14 AM      0.00      0.00      0.00      0.00      0.00      0.00      0.00      0.00
01:44:19 AM      0.00      0.00      0.00      0.00      0.00      0.00      0.00      0.00
01:44:24 AM      0.00      0.00      0.00      0.00      0.00      0.00      0.00      0.00
01:44:29 AM      0.00      0.00      0.00      0.00      0.00      0.00      0.00      0.00
01:44:34 AM      0.00      0.00      0.00      0.00      0.00      0.00      0.00      0.00
01:44:39 AM      0.00      0.00      0.00      0.00      0.00      0.00      0.00      0.00
01:44:44 AM      0.00      0.00      0.00      0.00      0.00      0.00      0.00      0.00
01:44:49 AM      0.00      0.00      0.00      0.00      0.00      0.00      0.00      0.00
01:44:54 AM      0.00      0.00      0.00      0.00      0.00      0.00      0.00      0.00
01:44:59 AM      0.00      0.00      0.00      0.00      0.00      0.00      0.00      0.00
01:45:04 AM      0.00      0.00      0.00      0.00      0.00      0.00      0.00      0.00
01:45:09 AM      0.00      0.00      0.00      0.00      0.00      0.00      0.00      0.00
01:45:14 AM      0.00      0.00      0.00      0.00      0.00      0.00      0.00      0.00
01:45:19 AM      0.00      0.00      0.00      0.00      0.00      0.00      0.00      0.00
01:45:24 AM      0.00      0.00      0.00      0.00      0.00      0.00      0.00      0.00
01:45:29 AM      0.00      0.00      0.00      0.00      0.00      0.00      0.00      0.00
01:45:34 AM      0.00      0.00      0.00      0.00      0.00      0.00      0.00      0.00
01:45:39 AM      0.00      0.00      0.00      0.00      0.00      0.00      0.00      0.00
01:45:44 AM      0.00      0.00      0.00      0.00      0.00      0.00      0.00      0.00
01:45:49 AM      0.00      0.00      0.00      0.00      0.00      0.00      0.00      0.00
01:45:54 AM      0.00      0.00      0.00      0.00      0.00      0.00      0.00      0.00
01:45:59 AM      0.00      0.00      0.00      0.00      0.00      0.00      0.00      0.00
01:46:04 AM      0.00      0.00      0.00      0.00      0.00      0.00      0.00      0.00
01:46:09 AM      0.00      0.00      0.00      0.00      0.00      0.00      0.00      0.00
01:46:14 AM      0.00      0.00      0.00      0.00      0.00      0.00      0.00      0.00
01:46:19 AM      0.00      0.00      0.00      0.00      0.00      0.00      0.00      0.00
01:46:24 AM      0.00      0.00      0.00      0.00      0.00      0.00      0.00      0.00
01:46:29 AM      0.00      0.00      0.00      0.00      0.00      0.00      0.00      0.00
01:46:34 AM      0.00      0.00      0.00      0.00      0.00      0.00      0.00      0.00
01:46:39 AM      0.00      0.00      0.00      0.00      0.00      0.00      0.00      0.00
01:46:44 AM      0.00      0.00      0.00      0.00      0.00      0.00      0.00      0.00
01:46:49 AM      0.00      0.00      0.00      0.00      0.00      0.00      0.00      0.00
01:46:54 AM      0.00      0.00      0.00      0.00      0.00      0.00      0.00      0.00
01:46:59 AM      0.00      0.00      0.00      0.00      0.00      0.00      0.00      0.00
01:47:04 AM      0.00      0.00      0.00      0.00      0.00      0.00      0.00      0.00
01:47:09 AM      0.00      0.00      0.00      0.00      0.00      0.00      0.00      0.00
01:47:14 AM      0.00      0.00      0.00      0.00      0.00      0.00      0.00      0.00
01:47:19 AM      0.00      0.00      0.00      0.00      0.00      0.00      0.00      0.00
01:47:24 AM      0.00      0.00      0.00      0.00      0.00      0.00      0.00      0.00
01:47:29 AM      0.00      0.00      0.00      0.00      0.00      0.00      0.00      0.00
01:47:34 AM      0.00      0.00      0.00      0.00      0.00      0.00      0.00      0.00
01:47:39 AM      0.00      0.00      0.00      0.00      0.00      0.00      0.00      0.00
01:47:44 AM      0.00      0.00      0.00      0.00      0.00      0.00      0.00      0.00
01:47:49 AM      0.00      0.00      0.00      0.00      0.00      0.00      0.00      0.00
01:47:54 AM      0.00      0.00      0.00      0.00      0.00      0.00      0.00      0.00
01:47:59 AM      0.00      0.00      0.00      0.00      0.00      0.00      0.00      0.00
01:48:04 AM      0.00      0.00      0.00      0.00      0.00      0.00      0.00      0.00
01:48:09 AM      0.00      0.00      0.00      0.00      0.00      0.00      0.00      0.00
01:48:14 AM      0.00      0.00      0.00      0.00      0.00      0.00      0.00      0.00
01:48:19 AM      0.00      0.00      0.00      0.00      0.00      0.00      0.00      0.00
01:48:24 AM      0.00      0.00      0.00      0.00      0.00      0.00      0.00      0.00
01:48:29 AM      0.00      0.00      0.00      0.00      0.00      0.00      0.00      0.00
01:48:34 AM      0.00      0.00      0.00      0.00      0.00      0.00      0.00      0.00
01:48:39 AM      0.00      0.00      0.00      0.00      0.00      0.00      0.00      0.00
01:48:44 AM      0.00      0.00      0.00      0.00      0.00      0.00      0.00      0.00
01:48:49 AM      0.00      0.00      0.00      0.00      0.00      0.00      0.00      0.00
01:48:54 AM      0.00      0.00      0.00      0.00      0.00      0.00      0.00      0.00
01:48:59 AM      0.00      0.00      0.00      0.00      0.00      0.00      0.00      0.00
01:49:04 AM      0.00      0.00      0.00      0.00      0.00      0.00      0.00      0.00
01:49:09 AM      0.00      0.00      0.00      0.00      0.00      0.00      0.00      0.00
01:49:14 AM      0.00      0.00      0.00      0.00      0.00      0.00      0.00      0.00
01:49:19 AM      0.00      0.00      0.00      0.00      0.00      0.00      0.00      0.00
01:49:24 AM      0.00      0.00      0.00      0.00      0.00      0.00      0.00      0.00
01:49:29 AM      0.00      0.00      0.00      0.00      0.00      0.00      0.00      0.00
01:49:34 AM      0.00      0.00      0.00      0.00      0.00      0.00      0.00      0.00
01:49:39 AM      0.00      0.00      0.00      0.00      0.00      0.00      0.00      0.00
01:49:44 AM      0.00      0.00      0.00      0.00      0.00      0.00      0.00      0.00
01:49:49 AM      0.00      0.00      0.00      0.00      0.00      0.00      0.00      0.00
01:49:54 AM      0.00      0.00      0.00      0.00      0.00      0.00      0.00      0.00
01:49:59 AM      0.00      0.00      0.00      0.00      0.00      0.00      0.00      0.00
01:50:04 AM      0.00      0.00      0.00      0.00      0.00      0.00      0.00      0.00
01:50:09 AM      0.00      0.00      0.00      0.00      0.00      0.00      0.00      0.00
01:50:14 AM      0.00      0.00      0.00      0.00      0.00      0.00      0.00      0.00
01:50:19 AM      0.00      0.00      0.00      0.00      0.00      0.00      0.00      0.00
01:50:24 AM      0.00      0.00      0.00      0.00      0.00      0.00      0.00      0.00
01:50:29 AM      0.00      0.00      0.00      0.00      0.00      0.00      0.00      0.00
01:50:34 AM      0.00      0.00      0.00      0.00      0.00      0.00      0.00      0.00
01:50:39 AM      0.00      0.00      0.00      0.00      0.00      0.00      0.00      0.00
01:50:44 AM      0.00      0.00      0.00      0.00      0.00      0.00      0.00      0.00
01:50:49 AM      0.00      0.00      0.00      0.00      0.00      0.00      0.00      0.00
01:50:54 AM      0.00      0.00      0.00      0.00      0.00      0.00      0.00      0.00
01:50:59 AM      0.00      0.00      0.00      0.00      0.00      0.00      0.00      0.00
01:51:04 AM      0.00      0.00      0.00      0.00      0.00      0.00      0.00      0.00
01:51:09 AM      0.00      0.00      0.00      0.00      0.00      0.00      0.00      0.00
01:51:14 AM      0.00      0.00      0.00      0.00      0.00      0.00      0.00      0.00
01:51:19 AM      0.00      0.00      0.00      0.00      0.00      0.00      0.00      0.00
01:51:24 AM      0.00      0.00      0.00      0.00      0.00      0.00      0.00      0.00
01:51:29 AM      0.00      0.00      0.00      0.00      0.00      0.00      0.00      0.00
01:51:34 AM      0.00      0.00      0.00      0.00      0.00      0.00      0.00      0.00
01:51:39 AM      0.00      0.00      0.00      0.00      0.00      0.00      0.00      0.00
01:51:44 AM      0.00      0.00      0.00      0.00      0.00      0.00      0.00      0.00
01:51:49 AM      0.00      0.00      0.00      0.00      0.00      0.00      0.00      0.00
01:51:54 AM      0.00      0.00      0.00      0.00      0.00      0.00      0.00      0.00
01:51:59 AM      0.00      0.00      0.00      0.00      0.00      0.00      0.00      0.00
01:52:04 AM      0.00      0.00      0.00      0.00      0.00      0.00      0.00      0.00
01:52:09 AM      0.00      0.00      0.00      0.00      0.00      0.00      0.00      0.00
01:52:14 AM      0.00      0.00      0.00      0.00      0.00      0.00      0.00      0.00
01:52:19 AM      0.00      0.00      0.00      0.00      0.00      0.00      0.00      0.00
01:52:24 AM      0.00      0.00      0.00      0.00      0.00      0.00      0.00      0.00
01:52:29 AM      0.00      0.00      0.00      0.00      0.00      0.00      0.00      0.00
01:52:34 AM      0.00      0.00      0.00      0.00      0.00      0.00      0.00      0.00
01:52:39 AM      0.00      0.00      0.00      0.00      0.00      0.00      0.00      0.00
01:52:44 AM      0.00      0.00      0.00      0.00      0.00      0.00      0.00      0.00
01:52:49 AM      0.00      0.00      0.00      0.00      0.00      0.00      0.00      0.00
01:52:54 AM      0.00      0.00      0.00      0.00      0.00      0.00      0.00      0.00
01:52:59 AM      0.00      0.00      0.00      0.00      0.00      0.00      0.00      0.00
01:53:04 AM      0.00      0.00      0.00      0.00      0.00      0.00      0.00      0.00
01:53:09 AM      0.00      0.00      0.00      0.00      0.00      0.00      0.00      0.00
01:53:14 AM      0.00      0.00      0.00      0.00      0.00      0.00      0.00      0.00
01:53:19 AM      0.00      0.00      0.00      0.00      0.00      0.00      0.00      0.00
01:53:24 AM      0.00      0.00      0.00      0.00      0.00      0.00      0.00      0.00
01:53:29 AM      0.00      0.00      0.00      0.00      0.00      0.00      0.00      0.00
01:53:34 AM      0.00      0.00      0.00      0.00      0.00      0.00      0.00      0.00
01:53:39 AM      0.00      0.00      0.00      0.00      0.00      0.00      0.00      0.00
01:53:44 AM      0.00      0.00      0.00      0.00      0.00      0.00      0.00      0.00
01:53:49 AM      0.00      0.00      0.00      0.00      0.00      0.00      0.00      0.00
01:53:54 AM      0.00      0.00      0.00      0.00      0.00      0.00      0.00      0.00
01:53:59 AM      0.00      0.00      0.00      0.00      0.00      0.00      0.00      0.00
01:54:04 AM      0.00      0.00      0.00      0.00      0.00      0.00      0.00      0.00
01:54:09 AM      0.00      0.00      0.00      0.00      0.00      0.00      0.00      0.00
01:54:14 AM      0.00      0.00      0.00      0.00      0.00      0.00      0.00      0.00
01:54:19 AM      0.00      0.00      0.00      0.00      0.00      0.00      0.00      0.00
01:54:24 AM      0.00      0.00      0.00      0.00      0.00      0.00      0.00      0.00
01:54:29 AM      0.00      0.00      0.00      0.00      0.00      0.00      0.00      0.00
01:54:34 AM      0.00      0.00      0.00      0.00      0.00      0.00      0.00      0.00
01:54:39 AM      0.00      0.00      0.00      0.00      0.00      0.00      0.00      0.00
01:54:44 AM      0.00      0.00      0.00      0.00      0.00      0.00      0.00      0.00
01:54:49 AM      0.00      0.00      0.00      0.00      0.00      0.00      0.00      0.00
01:54:54 AM      0.00      0.00      0.00      0.00      0.00      0.00      0.00      0.00
01:54:59 AM      0.00      0.00      0.00      0.00      0.00      0.00      0.00      0.00
01:55:04 AM      0.00      0.00      0.00      0.00      0.00      0.00      0.00      0.00
01:55:09 AM      0.00      0.00      0.00      0.00      0.00      0.00      0.00      0.00
01:55:14 AM      0.00      0.00      0.00      0.00      0.00      0.00      0.00      0.00
01:55:19 AM      0.00      0.00      0.00      0.00      0.00      0.00      0.00      0.00
01:55:24 AM      0.00      0.00      0.00      0.00      0.00      0.00      0.00      0.00
01:55:29 AM      0.00      0.00      0.00      0.00      0.00      0.00      0.00      0.00
01:55:34 AM      0.00      0.00      0.00      0.00      0.00      0.00      0.00      0.00
01:55:39 AM      0.00      0.00      0.00      0.00      0.00      0.00      0.00      0.00
01:55:44 AM      0.00      0.00      0.00      0.00      0.00      0.00      0.00      0.00
01:55:49 AM      0.00      0.00      0.00      0.00      0.00      0.00      0.00      0.00
01:55:54 AM      0.00      0.00      0.00      0.00      0.00      0.00      0.00      0.00
01:55:59 AM      0.00      0.00      0.00      0.00      0.00      0.00      0.00      0.00
01:56:04 AM      0.00      0.00      0.00      0.00      0.00      0.00      0.00      0.00
01:56:09 AM      0.00      0.00      0.00      0.00      0.00      0.00      0.00      0.00
01:56:14 AM      0.00      0.00      0.00      0.00      0.00      0.00      0.00      0.00
01:56:19 AM      0.00      0.00      0.00      0.00      0.00      0.00      0.00      0.00
01:56:24 AM      0.00      0.00      0.00      0.00      0.00      0.00      0.00      0.00
01:56:29 AM      0.00      0.00      0.00      0.00      0.00      0.00      0.00      0.00
01:56:34 AM      0.00      0.00      0.00      0.00      0.00      0.00      0.00      0.00
01:56:39 AM      0.00      0.00      0.00      0.00      0.00      0.00      0.00      0.00
01:56:44 AM      0.00      0.00      0.00      0.00      0.00      0.00      0.00      0.00
01:56:49 AM      0.00      0.00      0.00      0.00      0.00      0.00      0.00      0.00
01:56:54 AM      0.00      0.00      0.00      0.00      0.00      0.00      0.00      0.00
01:56:59 AM      0.00      0.00      0.00      0.00      0.00      0.00      0.00      0.00
01:57:04 AM      0.00      0.00      0.00      0.00      0.00      0.00      0.00      0.00
01:57:09 AM      0.00      0.00      0.00      0.00      0.00      0.00      0.00      0.00
01:57:14 AM      0.00      0.00      0.00      0.00      0.00      0.00      0.00      0.00
01:57:19 AM      0.00      0.00      0.00      0.00      0.00      0.00      0.00      0.00
01:57:24 AM      0.00      0.00      0.00      0.00      0.00      0.00      0.00      0.00
01:57:29 AM      0.00      0.00      0.00      0.00      0.00      0.00      0.00      0.00
01:57:34 AM      0.00      0.00      0.00      0.00      0.00      0.00      0.00      0.00
01:57:39 AM      0.00      0.00      0.00      0.00      0.00      0.00      0.00      0.00
01:57:44 AM      0.00      0.00      0.00      0.00      0.00      0.00      0.00      0.00
01:57:49 AM      0.00      0.00      0.00      0.00      0.00      0.00      0.00      0.00
01:57:54 AM      0.00      0.00      0.00      0.00      0.00      0.00      0.00      0.00
01:57:59 AM      0.00      0.00      0.00      0.00      0.00      0.00      0.00      0.00
01:58:04 AM      0.00      0.00      0.00      0.00      0.00      0.00      0.00      0.00
01:58:09 AM      0.00      0.00      0.00      0.00      0.00      0.00      0.00      0.00
01:58:14 AM      0.00      0.00      0.00      0.00      0.00      0.00      0.00      0.00
01:58:19 AM      0.00      0.00      0.00      0.04      0.00      0.00      0.00      0.02
01:58:24 AM      0.00      0.00      0.00      0.00      0.00      0.00      0.00      0.00
01:58:29 AM      0.00      0.00      0.00      0.00      0.00      0.00      0.00      0.00
01:58:34 AM      0.00      0.00      0.00      0.00      0.00      0.00      0.00      0.00
01:58:39 AM      0.00      0.00      0.00      0.00      0.00      0.00      0.00      0.00
01:58:44 AM      0.00      0.00      0.00      0.00      0.00      0.00      0.00      0.00
01:58:49 AM      0.00      0.00      0.00      0.00      0.00      0.00      0.00      0.00
01:58:54 AM      0.00      0.00      0.00      0.00      0.00      0.00      0.00      0.00
01:58:59 AM      0.00      0.00      0.00      0.00      0.00      0.00      0.00      0.00
01:59:04 AM      0.00      0.00      0.00      0.00      0.00      0.00      0.00      0.00
01:59:09 AM      0.00      0.00      0.00      0.00      0.00      0.00      0.00      0.00
01:59:14 AM      0.00      0.00      0.00      0.00      0.00      0.00      0.00      0.00
01:59:19 AM      0.00      0.00      0.00      0.00      0.00      0.00      0.00      0.00
01:59:24 AM      0.00      0.00      0.00      0.00      0.00      0.00      0.00      0.00
01:59:29 AM      0.00      0.00      0.00      0.00      0.00      0.00      0.00      0.00
01:59:34 AM      0.00      0.00      0.00      0.00      0.00      0.00      0.00      0.00
01:59:39 AM      0.00      0.00      0.00      0.00      0.00      0.00      0.00      0.00
01:59:44 AM      0.00      0.00      0.00      0.00      0.00      0.00      0.00      0.00
01:59:49 AM      0.00      0.00      0.00      0.00      0.00      0.00      0.00      0.00
01:59:54 AM      0.00      0.00      0.00      0.00      0.00      0.00      0.00      0.00
01:59:59 AM      0.00      0.00      0.00      0.00      0.00      0.00      0.00      0.00
02:00:04 AM      0.00      0.00      0.00      0.00      0.00      0.00      0.00      0.00
02:00:09 AM      0.00      0.00      0.00      0.00      0.00      0.00      0.00      0.00
02:00:14 AM      0.00      0.00      0.00      0.00      0.00      0.00      0.00      0.00
02:00:19 AM      0.00      0.00      0.00      0.00      0.00      0.00      0.00      0.00
02:00:24 AM      0.00      0.00      0.00      0.00      0.00      0.00      0.00      0.00
02:00:29 AM      0.00      0.00      0.00      0.00      0.00      0.00      0.00      0.00
02:00:34 AM      0.00      0.00      0.00      0.00      0.00      0.00      0.00      0.00
02:00:39 AM      0.00      0.00      0.00      0.00      0.00      0.00      0.00      0.00
02:00:44 AM      0.00      0.00      0.00      0.00      0.00      0.00      0.00      0.00
02:00:49 AM      0.00      0.00      0.00      0.00      0.00      0.00      0.00      0.00
02:00:54 AM      0.00      0.00      0.00      0.00      0.00      0.00      0.00      0.00
02:00:59 AM      0.00      0.00      0.00      0.00      0.00      0.00      0.00      0.00
02:01:04 AM      0.00      0.00      0.00      0.00      0.00      0.00      0.00      0.00
02:01:09 AM      0.00      0.00      0.00      0.00      0.00      0.00      0.00      0.00
02:01:14 AM      0.00      0.00      0.00      0.00      0.00      0.00      0.00      0.00
02:01:19 AM      0.00      0.00      0.00      0.00      0.00      0.00      0.00      0.00
02:01:24 AM      0.00      0.00      0.00      0.00      0.00      0.00      0.00      0.00
02:01:29 AM      0.00      0.00      0.00      0.00      0.00      0.00      0.00      0.00
02:01:34 AM      0.00      0.00      0.00      0.00      0.00      0.00      0.00      0.00
02:01:39 AM      0.00      0.00      0.00      0.00      0.00      0.00      0.00      0.00
02:01:44 AM      0.00      0.00      0.00      0.00      0.00      0.00      0.00      0.00
02:01:49 AM      0.00      0.00      0.00      0.00      0.00      0.00      0.00      0.00
02:01:54 AM      0.00      0.00      0.00      0.00      0.00      0.00      0.00      0.00
02:01:59 AM      0.00      0.00      0.00      0.00      0.00      0.00      0.00      0.00
02:02:04 AM      0.00      0.00      0.00      0.00      0.00      0.00      0.00      0.00
02:02:09 AM      0.00      0.00      0.00      0.00      0.00      0.00      0.00      0.00
02:02:14 AM      0.00      0.00      0.00      0.00      0.00      0.00      0.00      0.00
02:02:19 AM      0.00      0.00      0.00      0.00      0.00      0.00      0.00      0.00
02:02:24 AM      0.00      0.00      0.00      0.00      0.00      0.00      0.00      0.00
02:02:29 AM      0.00      0.00      0.00      0.00      0.00      0.00      0.00      0.00
02:02:34 AM      0.00      0.00      0.00      0.00      0.00      0.00      0.00      0.00
02:02:39 AM      0.00      0.00      0.00      0.00      0.00      0.00      0.00      0.00
02:02:44 AM      0.00      0.00      0.00      0.00      0.00      0.00      0.00      0.00
02:02:49 AM      0.00      0.00      0.00      0.00      0.00      0.00      0.00      0.00
02:02:54 AM      0.00      0.00      0.00      0.00      0.00      0.00      0.00      0.00
02:02:59 AM      0.00      0.00      0.00      0.00      0.00      0.00      0.00      0.00
02:03:04 AM      0.00      0.00      0.00      0.00      0.00      0.00      0.00      0.00
02:03:09 AM      0.00      0.00      0.00      0.00      0.00      0.00      0.00      0.00
02:03:14 AM      0.00      0.00      0.00      0.00      0.00      0.00      0.00      0.00
02:03:19 AM      0.00      0.00      0.00      0.00      0.00      0.00      0.00      0.00
02:03:24 AM      0.00      0.00      0.00      0.00      0.00      0.00      0.00      0.00
02:03:29 AM      0.00      0.00      0.00      0.00      0.00      0.00      0.00      0.00
02:03:34 AM      0.00      0.00      0.00      0.00      0.00      0.00      0.00      0.00
02:03:39 AM      0.00      0.00      0.00      0.00      0.00      0.00      0.00      0.00
02:03:44 AM      0.00      0.00      0.00      0.00      0.00      0.00      0.00      0.00
02:03:49 AM      0.00      0.00      0.00      0.00      0.00      0.00      0.00      0.00
02:03:54 AM      0.00      0.00      0.00      0.00      0.00      0.00      0.00      0.00
02:03:59 AM      0.00      0.00      0.00      0.00      0.00      0.00      0.00      0.00
02:04:04 AM      0.00      0.00      0.00      0.00      0.00      0.00      0.00      0.00
02:04:09 AM      0.00      0.00      0.00      0.00      0.00      0.00      0.00      0.00
02:04:14 AM      0.00      0.00      0.00      0.00      0.00      0.00      0.00      0.00
02:04:19 AM      0.00      0.00      0.00      0.00      0.00      0.00      0.00      0.00
02:04:24 AM      0.00      0.00      0.00      0.00      0.00      0.00      0.00      0.00
02:04:29 AM      0.00      0.00      0.00      0.00      0.00      0.00      0.00      0.00
02:04:34 AM      0.00      0.00      0.00      0.00      0.00      0.00      0.00      0.00
02:04:39 AM      0.00      0.00      0.00      0.00      0.00      0.00      0.00      0.00
02:04:44 AM      0.00      0.00      0.00      0.00      0.00      0.00      0.00      0.00
02:04:49 AM      0.00      0.00      0.00      0.00      0.00      0.00      0.00      0.00
02:04:54 AM      0.00      0.00      0.00      0.00      0.00      0.00      0.00      0.00
02:04:59 AM      0.00      0.00      0.00      0.00      0.00      0.00      0.00      0.00
02:05:04 AM      0.00      0.00      0.00      0.00      0.00      0.00      0.00      0.00
02:05:09 AM      0.00      0.00      0.00      0.00      0.00      0.00      0.00      0.00
02:05:14 AM      0.00      0.00      0.00      0.00      0.00      0.00      0.00      0.00
02:05:19 AM      0.00      0.00      0.00      0.00      0.00      0.00      0.00      0.00
02:05:24 AM      0.00      0.00      0.00      0.00      0.00      0.00      0.00      0.00
02:05:29 AM      0.00      0.00      0.00      0.00      0.00      0.00      0.00      0.00
02:05:34 AM      0.00      0.00      0.00      0.00      0.00      0.00      0.00      0.00
02:05:39 AM      0.00      0.00      0.00      0.00      0.00      0.00      0.00      0.00
02:05:44 AM      0.00      0.00      0.00      0.00      0.00      0.00      0.00      0.00
02:05:49 AM      0.00      0.00      0.00      0.00      0.00      0.00      0.00      0.00
02:05:54 AM      0.00      0.00      0.00      0.00      0.00      0.00      0.00      0.00
02:05:59 AM      0.00      0.00      0.00      0.00      0.00      0.00      0.00      0.00
02:06:04 AM      0.00      0.00      0.00      0.00      0.00      0.00      0.00      0.00
02:06:09 AM      0.00      0.00      0.00      0.00      0.00      0.00      0.00      0.00
02:06:14 AM      0.00      0.00      0.00      0.00      0.00      0.00      0.00      0.00
02:06:19 AM      0.00      0.00      0.00      0.00      0.00      0.00      0.00      0.00
02:06:24 AM      0.00      0.00      0.00      0.00      0.00      0.00      0.00      0.00
02:06:29 AM      0.00      0.00      0.00      0.00      0.00      0.00      0.00      0.00
02:06:34 AM      0.00      0.00      0.00      0.04      0.00      0.00      0.00      0.00
02:06:39 AM      0.00      0.00      0.00      0.00      0.00      0.00      0.00      0.00
02:06:44 AM      0.00      0.00      0.00      0.00      0.00      0.00      0.00      0.00
02:06:49 AM      0.00      0.00      0.00      0.00      0.00      0.00      0.00      0.00
02:06:54 AM      0.00      0.00      0.00      0.01      0.00      0.00      0.00      0.00
02:06:59 AM      0.00      0.00      0.00      0.00      0.00      0.00      0.00      0.00
02:07:04 AM      0.00      0.00      0.00      0.00      0.00      0.00      0.00      0.00
02:07:09 AM      0.00      0.00      0.00      0.00      0.00      0.00      0.00      0.00
02:07:14 AM      0.00      0.00      0.00      0.00      0.00      0.00      0.00      0.00
02:07:19 AM      0.00      0.00      0.00      0.00      0.00      0.00      0.00      0.00
02:07:24 AM      0.00      0.00      0.00      0.00      0.00      0.00      0.00      0.00
02:07:29 AM      0.00      0.00      0.00      0.00      0.00      0.00      0.00      0.00
02:07:34 AM      0.00      0.00      0.00      0.00      0.00      0.00      0.00      0.00
02:07:39 AM      0.00      0.00      0.00      0.00      0.00      0.00      0.00      0.00
02:07:44 AM      0.00      0.00      0.00      0.00      0.00      0.00      0.00      0.00
02:07:49 AM      0.00      0.00      0.00      0.00      0.00      0.00      0.00      0.00
02:07:54 AM      0.00      0.00      0.00      0.00      0.00      0.00      0.00      0.00
02:07:59 AM      0.00      0.00      0.00      0.00      0.00      0.00      0.00      0.00
02:08:04 AM      0.00      0.00      0.00      0.00      0.00      0.00      0.00      0.00
02:08:09 AM      0.00      0.00      0.00      0.00      0.00      0.00      0.00      0.00
02:08:14 AM      0.00      0.00      0.00      0.00      0.00      0.00      0.00      0.00
02:08:19 AM      0.00      0.00      0.00      0.00      0.00      0.00      0.00      0.00
02:08:24 AM      0.00      0.00      0.00      0.00      0.00      0.00      0.00      0.00
02:08:29 AM      0.00      0.00      0.00      0.00      0.00      0.00      0.00      0.00
02:08:34 AM      0.00      0.00      0.00      0.00      0.00      0.00      0.00      0.00
02:08:39 AM      0.00      0.00      0.00      0.00      0.00      0.00      0.00      0.00
02:08:44 AM      0.00      0.00      0.00      0.00      0.00      0.00      0.00      0.00
02:08:49 AM      0.00      0.00      0.00      0.00      0.00      0.00      0.00      0.00
02:08:54 AM      0.00      0.00      0.00      0.00      0.00      0.00      0.00      0.00
02:08:59 AM      0.00      0.00      0.00      0.00      0.00      0.00      0.00      0.00
02:09:04 AM      0.00      0.00      0.00      0.00      0.00      0.00      0.00      0.00
02:09:09 AM      0.00      0.00      0.00      0.00      0.00      0.00      0.00      0.00
02:09:14 AM      0.00      0.00      0.00      0.00      0.00      0.00      0.00      0.00
02:09:19 AM      0.00      0.00      0.00      0.00      0.00      0.00      0.00      0.00
02:09:24 AM      0.00      0.00      0.00      0.00      0.00      0.00      0.00      0.00
02:09:29 AM      0.00      0.00      0.00      0.00      0.00      0.00      0.00      0.00
02:09:34 AM      0.00      0.00      0.00      0.00      0.00      0.00      0.00      0.00
02:09:39 AM      0.00      0.00      0.00      0.00      0.00      0.00      0.00      0.00
02:09:44 AM      0.00      0.00      0.00      0.00      0.00      0.00      0.00      0.00
02:09:49 AM      0.00      0.00      0.00      0.00      0.00      0.00      0.00      0.00
02:09:54 AM      0.00      0.00      0.00      0.00      0.00      0.00      0.00      0.00
02:09:59 AM      0.00      0.00      0.00      0.00      0.00      0.00      0.00      0.00
02:10:04 AM      0.00      0.00      0.00      0.00      0.00      0.00      0.00      0.00
02:10:09 AM      0.00      0.00      0.00      0.00      0.00      0.00      0.00      0.00
02:10:14 AM      0.00      0.00      0.00      0.00      0.00      0.00      0.00      0.00
02:10:19 AM      0.00      0.00      0.00      0.00      0.00      0.00      0.00      0.00
02:10:24 AM      0.00      0.00      0.00      0.00      0.00      0.00      0.00      0.00
02:10:29 AM      0.00      0.00      0.00      0.00      0.00      0.00      0.00      0.00
02:10:34 AM      0.00      0.00      0.00      0.00      0.00      0.00      0.00      0.00
02:10:39 AM      0.00      0.00      0.00      0.00      0.00      0.00      0.00      0.00
02:10:44 AM      0.00      0.00      0.00      0.00      0.00      0.00      0.00      0.00
02:10:49 AM      0.00      0.00      0.00      0.00      0.00      0.00      0.00      0.00
02:10:54 AM      0.00      0.00      0.00      0.00      0.00      0.00      0.00      0.00
02:10:59 AM      0.00      0.00      0.00      0.00      0.00      0.00      0.00      0.00
02:11:04 AM      0.00      0.00      0.00      0.00      0.00      0.00      0.00      0.00
02:11:09 AM      0.00      0.00      0.00      0.00      0.00      0.00      0.00      0.00
02:11:14 AM      0.00      0.00      0.00      0.00      0.00      0.00      0.00      0.00
02:11:19 AM      0.00      0.00      0.00      0.00      0.00      0.00      0.00      0.00
02:11:24 AM      0.00      0.00      0.00      0.00      0.00      0.00      0.00      0.00
02:11:29 AM      0.00      0.00      0.00      0.00      0.00      0.00      0.00      0.00
02:11:34 AM      0.00      0.00      0.00      0.00      0.00      0.00      0.00      0.00
02:11:39 AM      0.00      0.00      0.00      0.00      0.00      0.00      0.00      0.00
02:11:44 AM      0.00      0.00      0.00      0.00      0.00      0.00      0.00      0.00
02:11:49 AM      0.00      0.00      0.00      0.00      0.00      0.00      0.00      0.00
02:11:54 AM      0.00      0.00      0.00      0.00      0.00      0.00      0.00      0.00
02:11:59 AM      0.00      0.00      0.00      0.00      0.00      0.00      0.00      0.00
02:12:04 AM      0.00      0.00      0.00      0.00      0.00      0.00      0.00      0.00
02:12:09 AM      0.00      0.00      0.00      0.00      0.00      0.00      0.00      0.00
02:12:14 AM      0.00      0.00      0.00      0.00      0.00      0.00      0.00      0.00
02:12:19 AM      0.00      0.00      0.00      0.00      0.00      0.00      0.00      0.00
02:12:24 AM      0.00      0.00      0.00      0.00      0.00      0.00      0.00      0.00
02:12:29 AM      0.00      0.00      0.00      0.00      0.00      0.00      0.00      0.00
02:12:34 AM      0.00      0.00      0.00      0.00      0.00      0.00      0.00      0.00
02:12:39 AM      0.00      0.00      0.00      0.00      0.00      0.00      0.00      0.00
02:12:44 AM      0.00      0.00      0.00      0.00      0.00      0.00      0.00      0.00
02:12:49 AM      0.00      0.00      0.00      0.00      0.00      0.00      0.00      0.00
02:12:54 AM      0.00      0.00      0.00      0.00      0.00      0.00      0.00      0.00
02:12:59 AM      0.00      0.00      0.00      0.00      0.00      0.00      0.00      0.00
02:13:04 AM      0.00      0.00      0.00      0.00      0.00      0.00      0.00      0.00
02:13:09 AM      0.00      0.00      0.00      0.00      0.00      0.00      0.00      0.00
02:13:14 AM      0.00      0.00      0.00      0.00      0.00      0.00      0.00      0.00
02:13:19 AM      0.00      0.00      0.00      0.00      0.00      0.00      0.00      0.00
02:13:24 AM      0.00      0.00      0.00      0.00      0.00      0.00      0.00      0.00
02:13:29 AM      0.00      0.00      0.00      0.00      0.00      0.00      0.00      0.00
02:13:34 AM      0.00      0.00      0.00      0.00      0.00      0.00      0.00      0.00
02:13:39 AM      0.00      0.00      0.00      0.00      0.00      0.00      0.00      0.00
02:13:44 AM      0.00      0.00      0.00      0.00      0.00      0.00      0.00      0.00
02:13:49 AM      0.00      0.00      0.00      0.00      0.00      0.00      0.00      0.00
02:13:54 AM      0.00      0.00      0.00      0.00      0.00      0.00      0.00      0.00
02:13:59 AM      0.00      0.00      0.00      0.00      0.00      0.00      0.00      0.00
02:14:04 AM      0.00      0.00      0.00      0.00      0.00      0.00      0.00      0.00
02:14:09 AM      0.00      0.00      0.00      0.00      0.00      0.00      0.00      0.00
02:14:14 AM      0.00      0.00      0.00      0.00      0.00      0.00      0.00      0.00
02:14:19 AM      0.00      0.00      0.00      0.00      0.00      0.00      0.00      0.00
02:14:24 AM      0.00      0.00      0.00      0.00      0.00      0.00      0.00      0.00
02:14:29 AM      0.00      0.00      0.00      0.00      0.00      0.00      0.00      0.00
02:14:34 AM      0.00      0.00      0.00      0.00      0.00      0.00      0.00      0.00
02:14:39 AM      0.00      0.00      0.00      0.00      0.00      0.00      0.00      0.00
02:14:44 AM      0.00      0.00      0.00      0.00      0.00      0.00      0.00      0.00
02:14:49 AM      0.00      0.00      0.00      0.00      0.00      0.00      0.00      0.00
02:14:54 AM      0.00      0.00      0.00      0.00      0.00      0.00      0.00      0.00
02:14:59 AM      0.00      0.00      0.00      0.00      0.00      0.00      0.00      0.00
02:15:04 AM      0.00      0.00      0.00      0.00      0.00      0.00      0.00      0.00
02:15:09 AM      0.00      0.00      0.00      0.00      0.00      0.00      0.00      0.00
02:15:14 AM      0.00      0.00      0.00      0.00      0.00      0.00      0.00      0.00
02:15:19 AM      0.00      0.00      0.00      0.00      0.00      0.00      0.00      0.00
02:15:24 AM      0.00      0.00      0.00      0.00      0.00      0.00      0.00      0.00
02:15:29 AM      0.00      0.00      0.00      0.00      0.00      0.00      0.00      0.00
02:15:34 AM      0.00      0.00      0.00      0.00      0.00      0.00      0.00      0.00
02:15:39 AM      0.00      0.00      0.00      0.00      0.00      0.00      0.00      0.00
02:15:44 AM      0.00      0.00      0.00      0.00      0.00      0.00      0.00      0.00
02:15:49 AM      0.00      0.00      0.00      0.00      0.00      0.00      0.00      0.00
02:15:54 AM      0.00      0.00      0.00      0.00      0.00      0.00      0.00      0.00
02:15:59 AM      0.00      0.00      0.00      0.00      0.00      0.00      0.00      0.00
02:16:04 AM      0.00      0.00      0.00      0.00      0.00      0.00      0.00      0.00
02:16:09 AM      0.00      0.00      0.00      0.00      0.00      0.00      0.00      0.00
02:16:14 AM      0.00      0.00      0.00      0.00      0.00      0.00      0.00      0.00
02:16:19 AM      0.00      0.00      0.00      0.00      0.00      0.00      0.00      0.00
02:16:24 AM      0.00      0.00      0.00      0.00      0.00      0.00      0.00      0.00
02:16:29 AM      0.00      0.00      0.00      0.00      0.00      0.00      0.00      0.00
02:16:34 AM      0.00      0.00      0.00      0.00      0.00      0.00      0.00      0.00
02:16:39 AM      0.00      0.00      0.00      0.00      0.00      0.00      0.00      0.00
02:16:44 AM      0.00      0.00      0.00      0.00      0.00      0.00      0.00      0.00
02:16:49 AM      0.00      0.00      0.00      0.00      0.00      0.00      0.00      0.00
02:16:54 AM      0.00      0.00      0.00      0.00      0.00      0.00      0.00      0.00
02:16:59 AM      0.00      0.00      0.00      0.00      0.00      0.00      0.00      0.00
02:17:04 AM      0.00      0.00      0.00      0.00      0.00      0.00      0.00      0.00
02:17:09 AM      0.00      0.00      0.00      0.00      0.00      0.00      0.00      0.00
02:17:14 AM      0.00      0.00      0.00      0.00      0.00      0.00      0.00      0.00
02:17:19 AM      0.00      0.00      0.00      0.00      0.00      0.00      0.00      0.00
02:17:24 AM      0.00      0.00      0.00      0.00      0.00      0.00      0.00      0.00
02:17:29 AM      0.00      0.00      0.00      0.00      0.00      0.00      0.00      0.00
02:17:34 AM      0.00      0.00      0.00      0.00      0.00      0.00      0.00      0.00
02:17:39 AM      0.00      0.00      0.00      0.00      0.00      0.00      0.00      0.00
02:17:44 AM      0.00      0.00      0.00      0.00      0.00      0.00      0.00      0.00
02:17:49 AM      0.00      0.00      0.00      0.00      0.00      0.00      0.00      0.00
02:17:54 AM      0.00      0.00      0.00      0.00      0.00      0.00      0.00      0.00
02:17:59 AM      0.00      0.00      0.00      0.00      0.00      0.00      0.00      0.00
02:18:04 AM      0.00      0.00      0.00      0.00      0.00      0.00      0.00      0.00
02:18:09 AM      0.00      0.00      0.00      0.00      0.00      0.00      0.00      0.00
02:18:14 AM      0.00      0.00      0.00      0.00      0.00      0.00      0.00      0.00
02:18:19 AM      0.00      0.00      0.00      0.00      0.00      0.00      0.00      0.00
02:18:24 AM      0.00      0.00      0.00      0.02      0.00      0.00      0.00      0.01
02:18:29 AM      0.00      0.00      0.00      0.00      0.00      0.00      0.00      0.00
02:18:34 AM      0.00      0.00      0.00      0.00      0.00      0.00      0.00      0.00
02:18:39 AM      0.00      0.00      0.00      0.00      0.00      0.00      0.00      0.00
02:18:44 AM      0.00      0.00      0.00      0.00      0.00      0.00      0.00      0.00
02:18:49 AM      0.00      0.00      0.00      0.00      0.00      0.00      0.00      0.00
02:18:54 AM      0.00      0.00      0.00      0.00      0.00      0.00      0.00      0.00
02:18:59 AM      0.00      0.00      0.00      0.00      0.00      0.00      0.00      0.00
02:19:04 AM      1.57      0.39      0.08      5.32      1.57      0.39      0.08      5.30
02:19:09 AM      1.05      0.37      0.08      0.02      1.05      0.37      0.08      0.01
02:19:14 AM      0.58      0.33      0.08      0.00      0.58      0.33      0.08      0.00
02:19:19 AM      0.38      0.31      0.08      0.00      0.38      0.31      0.08      0.00
02:19:24 AM      0.25      0.29      0.07      0.00      0.25      0.29      0.07      0.00
02:19:29 AM      0.14      0.26      0.07      0.00      0.14      0.26      0.07      0.00
02:19:34 AM      0.09      0.24      0.07      0.00      0.09      0.24      0.07      0.00
02:19:39 AM      0.05      0.22      0.07      0.00      0.05      0.22      0.07      0.00
02:19:44 AM      0.03      0.20      0.06      0.00      0.03      0.20      0.06      0.00
02:19:49 AM      0.01      0.18      0.06      0.00      0.01      0.18      0.06      0.00
02:19:54 AM      0.01      0.17      0.06      0.00      0.01      0.17      0.06      0.00
02:19:59 AM      0.00      0.15      0.06      0.00      0.00      0.15      0.06      0.00
02:20:04 AM      0.00      0.14      0.06      0.00      0.00      0.14      0.06      0.00
02:20:09 AM      0.00      0.13      0.06      0.24      0.00      0.13      0.06      0.24
02:20:14 AM      0.14      0.15      0.06      0.53      0.14      0.15      0.06      0.53
02:20:19 AM      0.08      0.14      0.06      0.00      0.08      0.14      0.06      0.00
02:20:24 AM      0.05      0.13      0.06      0.00      0.05      0.13      0.06      0.00
02:20:29 AM      0.02      0.11      0.06      0.00      0.02      0.11      0.06      0.00
02:20:34 AM      0.01      0.10      0.06      0.00      0.01      0.10      0.06      0.00
02:20:39 AM      0.00      0.09      0.06      0.06      0.00      0.09      0.06      0.06
02:20:44 AM      0.00      0.09      0.06      0.00      0.00      0.09      0.06      0.00
02:20:49 AM      0.18      0.11      0.06      0.77      0.18      0.11      0.06      0.77
02:20:54 AM      0.12      0.10      0.06      0.00      0.12      0.10      0.06      0.00
02:20:59 AM      0.06      0.09      0.06      0.00      0.06      0.09      0.06      0.00
02:21:04 AM      0.04      0.08      0.06      0.00      0.04      0.08      0.06      0.00
02:21:09 AM      0.02      0.08      0.06      0.00      0.02      0.08      0.06      0.00
02:21:14 AM      0.01      0.07      0.06      0.05      0.01      0.07      0.06      0.05
02:21:19 AM      0.00      0.06      0.06      0.00      0.00      0.06      0.06      0.00
02:21:24 AM      0.00      0.06      0.06      0.00      0.00      0.06      0.06      0.00
02:21:29 AM      0.00      0.05      0.05      0.00      0.00      0.05      0.05      0.00
02:21:34 AM      0.00      0.05      0.05      0.00      0.00      0.05      0.05      0.00
02:21:39 AM      0.00      0.04      0.05      0.00      0.00      0.04      0.05      0.00
02:21:44 AM      0.00      0.04      0.05      0.00      0.00      0.04      0.05      0.00
02:21:49 AM      0.00      0.03      0.05      0.00      0.00      0.03      0.05      0.00
02:21:54 AM      0.00      0.03      0.05      0.01      0.00      0.03      0.05      0.01
02:21:59 AM      0.00      0.03      0.05      0.00      0.00      0.03      0.05      0.00
02:22:04 AM      0.00      0.02      0.05      0.00      0.00      0.02      0.05      0.00
02:22:09 AM      0.00      0.02      0.04      0.00      0.00      0.02      0.04      0.00
02:22:14 AM      0.00      0.02      0.04      0.00      0.00      0.02      0.04      0.00
02:22:19 AM      0.00      0.02      0.04      0.00      0.00      0.02      0.04      0.00
02:22:24 AM      0.00      0.01      0.04      0.00      0.00      0.01      0.04      0.00
02:22:29 AM      0.00      0.01      0.04      0.00      0.00      0.01      0.04      0.00
02:22:34 AM      0.00      0.01      0.04      0.00      0.00      0.01      0.04      0.00
02:22:39 AM      0.00      0.01      0.04      0.00      0.00      0.01      0.04      0.00
02:22:44 AM      0.00      0.01      0.04      0.00      0.00      0.01      0.04      0.00
02:22:49 AM      0.00      0.01      0.03      0.00      0.00      0.01      0.03      0.00
02:22:54 AM      0.00      0.00      0.03      0.00      0.00      0.00      0.03      0.00
02:22:59 AM      0.00      0.00      0.03      0.00      0.00      0.00      0.03      0.00
02:23:04 AM      0.00      0.00      0.03      0.00      0.00      0.00      0.03      0.00
02:23:09 AM      0.00      0.00      0.03      0.00      0.00      0.00      0.03      0.00
02:23:14 AM      0.00      0.00      0.03      0.00      0.00      0.00      0.03      0.00
02:23:19 AM      0.00      0.00      0.03      2.38      0.00      0.00      0.03      2.38
02:23:24 AM      5.71      1.18      0.28     12.71      5.71      1.18      0.28     12.65
02:23:29 AM      3.13      1.06      0.27      0.00      3.13      1.06      0.27      0.00
02:23:34 AM      2.10      0.99      0.27      0.00      2.10      0.99      0.27      0.00
02:23:39 AM      1.15      0.90      0.26      0.00      1.15      0.90      0.26      0.00
02:23:44 AM      0.77      0.84      0.26      0.00      0.77      0.84      0.26      0.00
02:23:49 AM      0.96      0.86      0.27      1.39      0.96      0.86      0.27      1.38
02:23:54 AM      0.64      0.80      0.27      0.00      0.64      0.80      0.27      0.00
02:23:59 AM      0.35      0.72      0.26      0.00      0.35      0.72      0.26      0.00
02:24:04 AM      0.23      0.68      0.26      0.00      0.23      0.68      0.26      0.00
02:24:09 AM      0.12      0.61      0.25      0.00      0.12      0.61      0.25      0.00
02:24:14 AM      2.82      1.14      0.37      7.28      2.82      1.14      0.37      7.28
02:24:19 AM      1.54      1.03      0.36      0.00      1.54      1.03      0.36      0.00
02:24:24 AM      1.03      0.97      0.36      0.00      1.03      0.97      0.36      0.00
02:24:29 AM      0.56      0.87      0.35      0.03      0.56      0.87      0.35      0.03
02:24:34 AM      0.38      0.82      0.35      0.00      0.38      0.82      0.35      0.00
02:24:39 AM      0.20      0.74      0.34      0.00      0.20      0.74      0.34      0.00
02:24:44 AM      0.13      0.69      0.33      0.00      0.13      0.69      0.33      0.00
02:24:49 AM      0.07      0.62      0.33      0.00      0.07      0.62      0.33      0.00
02:24:54 AM      0.05      0.58      0.32      0.01      0.05      0.58      0.32      0.01
02:24:59 AM      0.02      0.53      0.31      0.00      0.02      0.53      0.31      0.00
02:25:04 AM      0.01      0.49      0.31      0.00      0.01      0.49      0.31      0.00
02:25:09 AM      0.00      0.44      0.30      0.00      0.00      0.44      0.30      0.00
02:25:14 AM      3.99      1.13      0.45     28.80      3.99      1.13      0.45     28.80
02:25:19 AM      8.02      2.49      0.76      0.00      8.02      2.49      0.76      0.00
02:25:24 AM      5.37      2.33      0.75      0.02      5.37      2.33      0.75      0.02
02:25:29 AM      2.95      2.11      0.73      0.00      2.95      2.11      0.73      0.00
02:25:34 AM      1.97      1.97      0.72      0.00      1.97      1.97      0.72      0.00
02:25:39 AM      1.08      1.79      0.71      0.00      1.08      1.79      0.71      0.00
02:25:44 AM      0.72      1.67      0.70      0.00      0.72      1.67      0.70      0.00
02:25:49 AM      0.39      1.51      0.68      0.00      0.39      1.51      0.68      0.00
02:25:54 AM      0.26      1.41      0.67      0.00      0.26      1.41      0.67      0.00
02:25:59 AM      0.14      1.28      0.66      0.01      0.14      1.28      0.66      0.01
02:26:04 AM      0.09      1.19      0.65      0.00      0.09      1.19      0.65      0.00
02:26:09 AM      0.05      1.08      0.63      0.00      0.05      1.08      0.63      0.00
02:26:14 AM      0.03      1.01      0.63      0.16      0.03      1.01      0.63      0.16
02:26:19 AM      0.01      0.91      0.61      0.00      0.01      0.91      0.61      0.00
02:26:24 AM      0.01      0.85      0.60      0.02      0.01      0.85      0.60      0.01
02:26:29 AM      0.00      0.77      0.59      0.01      0.00      0.77      0.59      0.01
02:26:34 AM      0.00      0.72      0.58      0.00      0.00      0.72      0.58      0.00
02:26:39 AM      0.00      0.65      0.57      0.00      0.00      0.65      0.57      0.00
02:26:44 AM      0.00      0.61      0.56      0.00      0.00      0.61      0.56      0.00
02:26:49 AM      0.00      0.55      0.55      0.00      0.00      0.55      0.55      0.00
02:26:54 AM      0.00      0.51      0.54      0.01      0.00      0.51      0.54      0.01
02:26:59 AM      0.00      0.46      0.53      0.02      0.00      0.46      0.53      0.02
02:27:04 AM      0.00      0.43      0.52      0.00      0.00      0.43      0.52      0.00
02:27:09 AM      0.00      0.39      0.51      0.05      0.00      0.39      0.51      0.02
02:27:14 AM      0.00      0.36      0.50      0.24      0.00      0.36      0.50      0.24
02:27:19 AM      0.00      0.33      0.49      0.00      0.00      0.33      0.49      0.00
02:27:24 AM      0.00      0.31      0.48      0.00      0.00      0.31      0.48      0.00
02:27:29 AM      0.00      0.28      0.47      0.00      0.00      0.28      0.47      0.00
02:27:34 AM      0.00      0.26      0.47      0.01      0.00      0.26      0.47      0.01
02:27:39 AM      0.00      0.23      0.46      0.00      0.00      0.23      0.46      0.00
02:27:44 AM      0.00      0.22      0.45      0.00      0.00      0.22      0.45      0.00
02:27:49 AM      0.00      0.19      0.44      0.00      0.00      0.19      0.44      0.00
02:27:54 AM      0.00      0.18      0.43      0.05      0.00      0.18      0.43      0.02
02:27:59 AM      0.00      0.16      0.42      0.00      0.00      0.16      0.42      0.00
02:28:04 AM      0.00      0.15      0.42      0.00      0.00      0.15      0.42      0.00
02:28:09 AM      0.00      0.14      0.41      0.01      0.00      0.14      0.41      0.01
02:28:14 AM      0.00      0.13      0.40      0.02      0.00      0.13      0.40      0.02
02:28:19 AM      0.00      0.11      0.39      0.00      0.00      0.11      0.39      0.00
02:28:24 AM      0.00      0.11      0.39      0.00      0.00      0.11      0.39      0.00
02:28:29 AM      0.00      0.09      0.38      0.00      0.00      0.09      0.38      0.00
02:28:34 AM      0.00      0.09      0.37      0.00      0.00      0.09      0.37      0.00
02:28:39 AM      0.00      0.08      0.36      0.04      0.00      0.08      0.36      0.04
02:28:44 AM      0.00      0.07      0.36      0.02      0.00      0.07      0.36      0.02
02:28:49 AM      0.00      0.06      0.35      0.00      0.00      0.06      0.35      0.00
02:28:54 AM      0.00      0.06      0.34      0.00      0.00      0.06      0.34      0.00
02:28:59 AM      0.00      0.05      0.34      0.00      0.00      0.05      0.34      0.00
02:29:04 AM      0.00      0.05      0.33      0.00      0.00      0.05      0.33      0.00
02:29:09 AM      0.00      0.04      0.33      0.00      0.00      0.04      0.33      0.00
02:29:14 AM      0.00      0.04      0.32      0.23      0.00      0.04      0.32      0.23
02:29:19 AM      0.00      0.03      0.31      0.00      0.00      0.03      0.31      0.00
02:29:24 AM      0.00      0.03      0.31      0.00      0.00      0.03      0.31      0.00
02:29:29 AM      0.00      0.03      0.30      0.00      0.00      0.03      0.30      0.00
02:29:34 AM      0.00      0.02      0.30      0.00      0.00      0.02      0.30      0.00
02:29:39 AM      0.00      0.02      0.29      0.00      0.00      0.02      0.29      0.00
02:29:44 AM      0.00      0.02      0.28      0.01      0.00      0.02      0.28      0.01
02:29:49 AM      0.00      0.02      0.28      0.00      0.00      0.02      0.28      0.00
02:29:54 AM      0.00      0.01      0.27      0.00      0.00      0.01      0.27      0.00
02:29:59 AM      0.00      0.01      0.27      0.00      0.00      0.01      0.27      0.00
02:30:04 AM      0.00      0.01      0.26      0.00      0.00      0.01      0.26      0.00
02:30:09 AM      0.00      0.01      0.26      0.00      0.00      0.01      0.26      0.00
02:30:14 AM      0.00      0.01      0.25      0.00      0.00      0.01      0.25      0.00
02:30:19 AM      0.00      0.01      0.25      0.15      0.00      0.01      0.25      0.14
02:30:24 AM      0.00      0.00      0.24      0.00      0.00      0.00      0.24      0.00
02:30:29 AM      0.00      0.00      0.24      0.00      0.00      0.00      0.24      0.00
02:30:34 AM      0.00      0.00      0.23      0.00      0.00      0.00      0.23      0.00
02:30:39 AM      0.00      0.00      0.23      0.00      0.00      0.00      0.23      0.00
02:30:44 AM      0.00      0.00      0.22      0.00      0.00      0.00      0.22      0.00
02:30:49 AM      0.00      0.00      0.22      0.01      0.00      0.00      0.22      0.01
02:30:54 AM      0.00      0.00      0.21      0.00      0.00      0.00      0.21      0.00
02:30:59 AM      0.00      0.00      0.21      0.00      0.00      0.00      0.21      0.00
02:31:04 AM      0.00      0.00      0.21      0.00      0.00      0.00      0.21      0.00
02:31:09 AM      0.00      0.00      0.20      0.00      0.00      0.00      0.20      0.00
02:31:14 AM      0.00      0.00      0.20      0.04      0.00      0.00      0.20      0.04
02:31:19 AM      0.36      0.06      0.21      1.51      0.36      0.06      0.21      1.51
02:31:24 AM      3.14      0.58      0.31     12.79      3.14      0.58      0.31     12.79
02:31:29 AM      3.54      0.98      0.41      0.02      3.54      0.98      0.41      0.02
02:31:34 AM      2.37      0.92      0.40      0.00      2.37      0.92      0.40      0.00
02:31:39 AM      1.30      0.83      0.39      0.00      1.30      0.83      0.39      0.00
02:31:44 AM      0.87      0.78      0.39      0.00      0.87      0.78      0.39      0.00
02:31:49 AM      0.47      0.70      0.38      0.27      0.47      0.70      0.38      0.26
02:31:54 AM      0.32      0.66      0.37      0.00      0.32      0.66      0.37      0.00
02:31:59 AM      0.17      0.59      0.37      0.00      0.17      0.59      0.37      0.00
02:32:04 AM      0.11      0.55      0.36      0.00      0.11      0.55      0.36      0.00
02:32:09 AM      0.06      0.50      0.35      0.07      0.06      0.50      0.35      0.05
02:32:14 AM      0.04      0.47      0.35      0.00      0.04      0.47      0.35      0.00
02:32:19 AM      0.91      0.61      0.38      2.64      0.91      0.61      0.38      2.64
02:32:24 AM      0.61      0.57      0.37      0.25      0.61      0.57      0.37      0.25
02:32:29 AM      0.33      0.52      0.37      0.00      0.33      0.52      0.37      0.00
02:32:34 AM      0.22      0.48      0.36      0.00      0.22      0.48      0.36      0.00
02:32:39 AM      0.12      0.44      0.35      0.00      0.12      0.44      0.35      0.00
02:32:44 AM      0.08      0.41      0.35      0.00      0.08      0.41      0.35      0.00
02:32:49 AM      0.04      0.37      0.34      0.00      0.04      0.37      0.34      0.00
02:32:54 AM      0.02      0.34      0.33      0.02      0.02      0.34      0.33      0.01
02:32:59 AM      0.01      0.31      0.33      0.01      0.01      0.31      0.33      0.00
02:33:04 AM      0.00      0.29      0.32      0.00      0.00      0.29      0.32      0.00
02:33:09 AM      0.00      0.26      0.31      0.00      0.00      0.26      0.31      0.00
02:33:14 AM      0.00      0.24      0.31      0.00      0.00      0.24      0.31      0.00
02:33:19 AM      2.07      0.66      0.40      6.04      2.07      0.66      0.40      6.04
02:33:24 AM      1.39      0.62      0.39      0.21      1.39      0.62      0.39      0.20
02:33:29 AM      0.76      0.56      0.38      0.00      0.76      0.56      0.38      0.00
02:33:34 AM      0.51      0.52      0.38      0.00      0.51      0.52      0.38      0.00
02:33:39 AM      0.28      0.47      0.37      0.00      0.28      0.47      0.37      0.00
02:33:44 AM      0.18      0.44      0.36      0.00      0.18      0.44      0.36      0.00
02:33:49 AM      0.10      0.40      0.35      0.00      0.10      0.40      0.35      0.00
02:33:54 AM      0.06      0.37      0.35      0.00      0.06      0.37      0.35      0.00
02:33:59 AM      0.03      0.33      0.34      0.00      0.03      0.33      0.34      0.00
02:34:04 AM      0.20      0.35      0.34      0.67      0.20      0.35      0.34      0.67
02:34:09 AM      0.11      0.31      0.34      0.00      0.11      0.31      0.34      0.00
02:34:14 AM      0.07      0.29      0.33      0.00      0.07      0.29      0.33      0.00
02:34:19 AM      0.04      0.26      0.32      0.00      0.04      0.26      0.32      0.00
02:34:24 AM      0.02      0.24      0.32      0.00      0.02      0.24      0.32      0.00
02:34:29 AM      0.01      0.22      0.31      0.00      0.01      0.22      0.31      0.00
02:34:34 AM      0.00      0.20      0.31      0.02      0.00      0.20      0.31      0.02
02:34:39 AM      0.00      0.18      0.30      0.03      0.00      0.18      0.30      0.03
02:34:44 AM      0.00      0.17      0.29      0.00      0.00      0.17      0.29      0.00
02:34:49 AM      0.00      0.15      0.29      0.00      0.00      0.15      0.29      0.00
02:34:54 AM      0.00      0.14      0.28      0.00      0.00      0.14      0.28      0.00
02:34:59 AM      0.00      0.13      0.28      0.03      0.00      0.13      0.28      0.01
02:35:04 AM      0.00      0.12      0.27      0.00      0.00      0.12      0.27      0.00
02:35:09 AM      0.00      0.11      0.27      0.05      0.00      0.11      0.27      0.05
02:35:14 AM      0.00      0.10      0.26      0.00      0.00      0.10      0.26      0.00
02:35:19 AM      0.44      0.18      0.28      1.35      0.44      0.18      0.28      1.35
02:35:24 AM      0.29      0.17      0.27      0.00      0.29      0.17      0.27      0.00
02:35:29 AM      0.16      0.15      0.27      0.02      0.16      0.15      0.27      0.01
02:35:34 AM      0.10      0.14      0.26      0.00      0.10      0.14      0.26      0.00
02:35:39 AM      0.05      0.13      0.26      0.00      0.05      0.13      0.26      0.00
02:35:44 AM      0.03      0.12      0.25      0.02      0.03      0.12      0.25      0.02
02:35:49 AM      0.02      0.11      0.25      0.08      0.02      0.11      0.25      0.08
02:35:54 AM      0.01      0.10      0.24      0.02      0.01      0.10      0.24      0.02
02:35:59 AM      0.00      0.09      0.24      0.00      0.00      0.09      0.24      0.00
02:36:04 AM      0.00      0.08      0.23      0.00      0.00      0.08      0.23      0.00
02:36:09 AM      0.00      0.07      0.23      0.00      0.00      0.07      0.23      0.00
02:36:14 AM      0.00      0.07      0.22      0.00      0.00      0.07      0.22      0.00
02:36:19 AM      0.00      0.06      0.22      0.13      0.00      0.06      0.22      0.11
02:36:24 AM      0.00      0.06      0.21      0.01      0.00      0.06      0.21      0.00
02:36:29 AM      0.00      0.05      0.21      0.00      0.00      0.05      0.21      0.00
02:36:34 AM      0.00      0.04      0.21      0.01      0.00      0.04      0.21      0.01
02:36:39 AM      0.00      0.04      0.20      0.05      0.00      0.04      0.20      0.05
02:36:44 AM      0.00      0.04      0.20      0.00      0.00      0.04      0.20      0.00
02:36:49 AM      0.00      0.03      0.19      0.00      0.00      0.03      0.19      0.00
02:36:54 AM      0.00      0.03      0.19      0.02      0.00      0.03      0.19      0.02
02:36:59 AM      0.00      0.02      0.19      0.00      0.00      0.02      0.19      0.00
02:37:04 AM      0.00      0.02      0.18      0.00      0.00      0.02      0.18      0.00
02:37:09 AM      0.00      0.02      0.18      0.11      0.00      0.02      0.18      0.04
02:37:14 AM      0.00      0.02      0.18      0.21      0.00      0.02      0.18      0.20
02:37:19 AM      0.00      0.01      0.17      0.13      0.00      0.01      0.17      0.13
02:37:24 AM      0.00      0.01      0.17      0.00      0.00      0.01      0.17      0.00
02:37:29 AM      0.00      0.01      0.16      0.02      0.00      0.01      0.16      0.02
02:37:34 AM      0.00      0.01      0.16      0.03      0.00      0.01      0.16      0.01
02:37:39 AM      0.00      0.01      0.16      0.02      0.00      0.01      0.16      0.01
02:37:44 AM      0.00      0.01      0.15      0.04      0.00      0.01      0.15      0.03
02:37:49 AM      0.00      0.00      0.15      0.02      0.00      0.00      0.15      0.01
02:37:54 AM      0.00      0.00      0.15      0.00      0.00      0.00      0.15      0.00
02:37:59 AM      0.00      0.00      0.14      0.00      0.00      0.00      0.14      0.00
02:38:04 AM      0.00      0.00      0.14      0.00      0.00      0.00      0.14      0.00
02:38:09 AM      0.00      0.00      0.14      0.00      0.00      0.00      0.14      0.00
02:38:14 AM      0.00      0.00      0.13      0.03      0.00      0.00      0.13      0.03
02:38:19 AM      0.00      0.00      0.13      0.00      0.00      0.00      0.13      0.00
02:38:24 AM      0.00      0.00      0.13      0.00      0.00      0.00      0.13      0.00
02:38:29 AM      0.00      0.00      0.13      0.03      0.00      0.00      0.13      0.01
02:38:34 AM      0.00      0.00      0.12      0.00      0.00      0.00      0.12      0.00
02:38:39 AM      0.00      0.00      0.12      0.00      0.00      0.00      0.12      0.00
02:38:44 AM      0.00      0.00      0.12      0.04      0.00      0.00      0.12      0.04
02:38:49 AM      0.00      0.00      0.12      0.00      0.00      0.00      0.12      0.00
02:38:54 AM      0.00      0.00      0.11      0.00      0.00      0.00      0.11      0.00
02:38:59 AM      0.00      0.00      0.11      0.00      0.00      0.00      0.11      0.00
02:39:04 AM      0.00      0.00      0.11      0.00      0.00      0.00      0.11      0.00
02:39:09 AM      0.00      0.00      0.11      0.00      0.00      0.00      0.11      0.00
02:39:14 AM      0.00      0.00      0.10      0.06      0.00      0.00      0.10      0.06
02:39:19 AM      0.54      0.09      0.12      1.52      0.54      0.09      0.12      1.52
02:39:24 AM      0.36      0.09      0.12      0.01      0.36      0.09      0.12      0.01
02:39:29 AM      3.33      0.72      0.25      8.39      3.33      0.72      0.25      8.38
02:39:34 AM      2.23      0.67      0.25      0.01      2.23      0.67      0.25      0.00
02:39:39 AM      1.22      0.60      0.25      0.00      1.22      0.60      0.25      0.00
02:39:44 AM      0.82      0.56      0.24      0.09      0.82      0.56      0.24      0.09
02:39:49 AM      0.45      0.51      0.24      0.00      0.45      0.51      0.24      0.00
02:39:54 AM      0.30      0.48      0.23      0.00      0.30      0.48      0.23      0.00
02:39:59 AM      0.16      0.43      0.23      0.00      0.16      0.43      0.23      0.00
02:40:04 AM      0.11      0.40      0.22      0.02      0.11      0.40      0.22      0.01
02:40:09 AM      0.06      0.36      0.22      0.00      0.06      0.36      0.22      0.00
02:40:14 AM      0.03      0.34      0.21      0.01      0.03      0.34      0.21      0.01
02:40:19 AM      0.02      0.30      0.21      0.00      0.02      0.30      0.21      0.00
02:40:24 AM      0.01      0.28      0.20      0.33      0.01      0.28      0.20      0.33
02:40:29 AM      0.00      0.26      0.20      0.02      0.00      0.26      0.20      0.02
02:40:34 AM      0.00      0.24      0.20      0.00      0.00      0.24      0.20      0.00
02:40:39 AM      0.00      0.21      0.19      0.00      0.00      0.21      0.19      0.00
02:40:44 AM      0.00      0.20      0.19      0.00      0.00      0.20      0.19      0.00
02:40:49 AM      0.00      0.18      0.18      0.06      0.00      0.18      0.18      0.06
02:40:54 AM      0.00      0.17      0.18      0.00      0.00      0.17      0.18      0.00
02:40:59 AM      0.00      0.15      0.18      0.07      0.00      0.15      0.18      0.07
02:41:04 AM      0.00      0.14      0.17      0.00      0.00      0.14      0.17      0.00
02:41:09 AM      0.00      0.12      0.17      0.09      0.00      0.12      0.17      0.09
02:41:14 AM      0.00      0.12      0.17      0.00      0.00      0.12      0.17      0.00
02:41:19 AM      0.00      0.10      0.16      0.33      0.00      0.10      0.16      0.33
02:41:24 AM      4.30      1.01      0.36     11.38      4.30      1.01      0.36     11.37
02:41:29 AM      2.36      0.92      0.35      0.00      2.36      0.92      0.35      0.00
02:41:34 AM      1.58      0.86      0.34      0.00      1.58      0.86      0.34      0.00
02:41:39 AM      0.86      0.77      0.34      0.00      0.86      0.77      0.34      0.00
02:41:44 AM      0.58      0.72      0.33      0.00      0.58      0.72      0.33      0.00
02:41:49 AM      0.31      0.65      0.32      0.17      0.31      0.65      0.32      0.16
02:41:54 AM      0.21      0.61      0.32      0.19      0.21      0.61      0.32      0.19
02:41:59 AM      0.11      0.55      0.31      0.00      0.11      0.55      0.31      0.00
02:42:04 AM      0.07      0.52      0.31      0.00      0.07      0.52      0.31      0.00
02:42:09 AM      0.04      0.47      0.30      0.05      0.04      0.47      0.30      0.03
02:42:14 AM      0.02      0.43      0.29      0.00      0.02      0.43      0.29      0.00
02:42:19 AM      0.01      0.39      0.29      0.00      0.01      0.39      0.29      0.00
02:42:24 AM      0.37      0.43      0.30      0.83      0.37      0.43      0.30      0.83
02:42:29 AM      0.20      0.39      0.29      0.00      0.20      0.39      0.29      0.00
02:42:34 AM      0.13      0.36      0.28      0.00      0.13      0.36      0.28      0.00
02:42:39 AM      0.07      0.33      0.28      0.00      0.07      0.33      0.28      0.00
02:42:44 AM      0.04      0.31      0.27      0.00      0.04      0.31      0.27      0.00
02:42:49 AM      0.02      0.28      0.27      0.00      0.02      0.28      0.27      0.00
02:42:54 AM      0.01      0.26      0.26      0.11      0.01      0.26      0.26      0.07
02:42:59 AM      0.00      0.23      0.26      0.00      0.00      0.23      0.26      0.00
02:43:04 AM      0.00      0.22      0.25      0.00      0.00      0.22      0.25      0.00
02:43:09 AM      0.00      0.19      0.25      0.00      0.00      0.19      0.25      0.00
02:43:14 AM      0.00      0.18      0.24      0.00      0.00      0.18      0.24      0.00
02:43:19 AM      0.00      0.16      0.24      0.00      0.00      0.16      0.24      0.00
02:43:24 AM      0.00      0.15      0.23      0.27      0.00      0.15      0.23      0.27
02:43:29 AM      0.00      0.14      0.23      0.01      0.00      0.14      0.23      0.01
02:43:34 AM      0.00      0.13      0.22      0.00      0.00      0.13      0.22      0.00
02:43:39 AM      0.00      0.11      0.22      0.00      0.00      0.11      0.22      0.00
02:43:44 AM      0.00      0.11      0.22      0.00      0.00      0.11      0.22      0.00
02:43:49 AM      0.00      0.09      0.21      0.00      0.00      0.09      0.21      0.00
02:43:54 AM      0.00      0.09      0.21      0.00      0.00      0.09      0.21      0.00
02:43:59 AM      0.00      0.08      0.20      0.02      0.00      0.08      0.20      0.02
02:44:04 AM      0.00      0.07      0.20      0.00      0.00      0.07      0.20      0.00
02:44:09 AM      0.00      0.06      0.19      0.00      0.00      0.06      0.19      0.00
02:44:14 AM      0.00      0.06      0.19      0.00      0.00      0.06      0.19      0.00
02:44:19 AM      0.00      0.05      0.19      0.00      0.00      0.05      0.19      0.00
02:44:24 AM      0.00      0.05      0.18      0.22      0.00      0.05      0.18      0.22
02:44:29 AM      0.00      0.04      0.18      0.11      0.00      0.04      0.18      0.11
02:44:34 AM      0.00      0.04      0.18      0.00      0.00      0.04      0.18      0.00
02:44:39 AM      0.00      0.03      0.17      0.00      0.00      0.03      0.17      0.00
02:44:44 AM      0.00      0.03      0.17      0.04      0.00      0.03      0.17      0.03
02:44:49 AM      0.00      0.03      0.16      0.00      0.00      0.03      0.16      0.00
02:44:54 AM      0.00      0.02      0.16      0.00      0.00      0.02      0.16      0.00
02:44:59 AM      0.00      0.02      0.16      0.01      0.00      0.02      0.16      0.01
02:45:04 AM      0.00      0.02      0.15      0.11      0.00      0.02      0.15      0.11
02:45:09 AM      0.00      0.02      0.15      0.00      0.00      0.02      0.15      0.00
02:45:14 AM      0.00      0.01      0.15      0.00      0.00      0.01      0.15      0.00
02:45:19 AM      0.00      0.01      0.14      0.00      0.00      0.01      0.14      0.00
02:45:24 AM      0.00      0.01      0.14      0.00      0.00      0.01      0.14      0.00
02:45:29 AM      0.18      0.04      0.14      1.08      0.18      0.04      0.14      1.08
02:45:34 AM      0.26      0.07      0.15      0.31      0.26      0.07      0.15      0.31
02:45:39 AM      0.14      0.06      0.14      0.00      0.14      0.06      0.14      0.00
02:45:44 AM      0.09      0.06      0.14      0.00      0.09      0.06      0.14      0.00
02:45:49 AM      0.05      0.05      0.14      0.00      0.05      0.05      0.14      0.00
02:45:54 AM      0.03      0.05      0.13      0.00      0.03      0.05      0.13      0.00
02:45:59 AM      0.01      0.04      0.13      0.00      0.01      0.04      0.13      0.00
02:46:04 AM      0.01      0.04      0.13      0.00      0.01      0.04      0.13      0.00
02:46:09 AM      0.00      0.03      0.13      0.03      0.00      0.03      0.13      0.03
02:46:14 AM      0.00      0.03      0.12      0.00      0.00      0.03      0.12      0.00
02:46:19 AM      0.00      0.03      0.12      0.00      0.00      0.03      0.12      0.00
02:46:24 AM      0.00      0.02      0.12      0.02      0.00      0.02      0.12      0.01
02:46:29 AM      0.00      0.02      0.12      0.01      0.00      0.02      0.12      0.01
02:46:34 AM      0.00      0.02      0.12      0.01      0.00      0.02      0.12      0.01
02:46:39 AM      0.00      0.02      0.11      0.14      0.00      0.02      0.11      0.14
02:46:44 AM      0.00      0.01      0.11      0.00      0.00      0.01      0.11      0.00
02:46:49 AM      0.00      0.01      0.11      0.00      0.00      0.01      0.11      0.00
02:46:54 AM      0.00      0.01      0.11      0.00      0.00      0.01      0.11      0.00
02:46:59 AM      0.00      0.01      0.10      0.00      0.00      0.01      0.10      0.00
02:47:04 AM      0.00      0.01      0.10      0.00      0.00      0.01      0.10      0.00
02:47:09 AM      0.00      0.01      0.10      0.05      0.00      0.01      0.10      0.02
02:47:14 AM      0.00      0.00      0.10      0.00      0.00      0.00      0.10      0.00
02:47:19 AM      0.00      0.00      0.09      0.00      0.00      0.00      0.09      0.00
02:47:24 AM      0.00      0.00      0.09      0.00      0.00      0.00      0.09      0.00
02:47:29 AM      0.00      0.00      0.09      0.11      0.00      0.00      0.09      0.11
02:47:34 AM     12.40      2.31      0.57     36.12     12.22      2.28      0.56     35.82
02:47:39 AM      9.11      2.67      0.69      0.01      9.01      2.64      0.68      0.00
02:47:44 AM      6.11      2.50      0.68      0.00      6.04      2.47      0.67      0.00
02:47:49 AM      3.35      2.26      0.66      0.00      3.31      2.23      0.66      0.00
02:47:54 AM      2.24      2.11      0.65      0.00      2.22      2.09      0.65      0.00
02:47:59 AM      1.23      1.91      0.64      0.00      1.22      1.89      0.63      0.00
02:48:04 AM      0.82      1.79      0.63      0.03      0.81      1.77      0.62      0.03
02:48:09 AM      0.45      1.62      0.62      0.04      0.44      1.60      0.61      0.04
02:48:14 AM      0.30      1.51      0.61      0.00      0.30      1.49      0.60      0.00
02:48:19 AM      0.16      1.37      0.59      0.00      0.16      1.35      0.59      0.00
02:48:24 AM      0.11      1.28      0.59      0.00      0.10      1.26      0.58      0.00
02:48:29 AM     15.90      4.19      1.21     38.07     15.72      4.15      1.20     38.06
02:48:34 AM     10.66      3.92      1.20      0.00     10.54      3.88      1.19      0.00
02:48:39 AM      5.85      3.55      1.17      0.00      5.78      3.51      1.16      0.00
02:48:44 AM      3.92      3.32      1.16      0.00      3.88      3.28      1.14      0.00
02:48:49 AM      2.15      3.00      1.13      0.01      2.13      2.97      1.12      0.01
02:48:54 AM      1.44      2.81      1.12      0.00      1.42      2.78      1.10      0.00
02:48:59 AM      0.79      2.54      1.09      0.00      0.78      2.51      1.08      0.00
02:49:04 AM      0.53      2.38      1.08      0.00      0.52      2.35      1.07      0.00
02:49:09 AM      0.29      2.15      1.05      0.00      0.28      2.13      1.04      0.00
02:49:14 AM      0.19      2.01      1.04      0.00      0.19      1.99      1.03      0.00
02:49:19 AM      0.10      1.82      1.02      0.04      0.10      1.80      1.01      0.04
02:49:24 AM      0.07      1.70      1.00      0.00      0.07      1.68      0.99      0.00
02:49:29 AM      0.03      1.54      0.98      0.00      0.03      1.52      0.97      0.00
02:49:34 AM      0.02      1.44      0.97      0.24      0.02      1.42      0.96      0.24
02:49:39 AM      0.01      1.30      0.95      0.00      0.01      1.29      0.94      0.00
02:49:44 AM      0.00      1.22      0.93      0.00      0.00      1.20      0.92      0.00
02:49:49 AM      0.00      1.10      0.91      0.00      0.00      1.09      0.90      0.00
02:49:54 AM      0.00      1.03      0.90      0.00      0.00      1.02      0.89      0.00
02:49:59 AM      0.00      0.93      0.88      0.00      0.00      0.92      0.87      0.00
02:50:04 AM      0.00      0.87      0.87      0.00      0.00      0.86      0.86      0.00
02:50:09 AM      0.00      0.78      0.85      0.00      0.00      0.78      0.84      0.00
02:50:14 AM      0.00      0.73      0.84      0.00      0.00      0.73      0.83      0.00
02:50:19 AM      0.00      0.66      0.82      0.00      0.00      0.66      0.81      0.00
02:50:24 AM      0.00      0.62      0.81      0.00      0.00      0.61      0.80      0.00
02:50:29 AM      0.00      0.56      0.79      0.00      0.00      0.55      0.78      0.00
02:50:34 AM      0.00      0.52      0.78      0.00      0.00      0.52      0.77      0.00
02:50:39 AM      0.00      0.47      0.76      0.00      0.00      0.47      0.76      0.00
02:50:44 AM      0.00      0.44      0.75      0.00      0.00      0.44      0.75      0.00
02:50:49 AM      0.00      0.40      0.74      0.00      0.00      0.39      0.73      0.00
02:50:54 AM      0.00      0.37      0.73      0.00      0.00      0.37      0.72      0.00
02:50:59 AM      0.00      0.33      0.71      0.00      0.00      0.33      0.70      0.00
02:51:04 AM      0.00      0.31      0.70      0.00      0.00      0.31      0.69      0.00
02:51:09 AM      0.00      0.28      0.68      0.00      0.00      0.28      0.68      0.00
02:51:14 AM      0.00      0.26      0.68      0.00      0.00      0.26      0.67      0.00
02:51:19 AM      0.00      0.24      0.66      0.00      0.00      0.23      0.65      0.00
02:51:24 AM      0.00      0.22      0.65      0.01      0.00      0.22      0.64      0.00
02:51:29 AM      0.00      0.20      0.64      0.01      0.00      0.20      0.63      0.01
02:51:34 AM      0.00      0.18      0.63      0.00      0.00      0.18      0.62      0.00
02:51:39 AM      0.00      0.17      0.61      0.00      0.00      0.16      0.61      0.00
02:51:44 AM      0.00      0.15      0.61      0.00      0.00      0.15      0.60      0.00
02:51:49 AM      0.00      0.14      0.59      0.00      0.00      0.14      0.59      0.00
02:51:54 AM      0.54      0.23      0.60      1.59      0.54      0.23      0.60      1.59
02:51:59 AM      0.29      0.20      0.59      0.00      0.29      0.20      0.58      0.00
02:52:04 AM      0.19      0.19      0.58      0.00      0.19      0.19      0.58      0.00
02:52:09 AM      0.10      0.17      0.57      0.01      0.10      0.17      0.56      0.01
02:52:14 AM      0.07      0.16      0.56      0.00      0.07      0.16      0.56      0.00
02:52:19 AM      0.03      0.14      0.55      0.00      0.03      0.14      0.54      0.00
02:52:24 AM      0.02      0.13      0.54      0.00      0.02      0.13      0.54      0.00
02:52:29 AM      0.92      0.28      0.56      2.58      0.92      0.28      0.56      2.58
02:52:34 AM      2.10      0.58      0.62      3.97      2.10      0.58      0.62      3.97
02:52:39 AM      1.15      0.53      0.61      0.00      1.15      0.52      0.61      0.00
02:52:44 AM      0.77      0.49      0.60      0.00      0.77      0.49      0.60      0.00
02:52:49 AM      0.42      0.44      0.59      0.00      0.42      0.44      0.58      0.00
02:52:54 AM      0.28      0.41      0.58      0.00      0.28      0.41      0.58      0.00
02:52:59 AM      0.15      0.37      0.57      0.00      0.15      0.37      0.56      0.00
02:53:04 AM      0.10      0.35      0.56      0.00      0.10      0.35      0.55      0.00
02:53:09 AM      0.05      0.31      0.55      0.00      0.05      0.31      0.54      0.00
02:53:14 AM      0.03      0.29      0.54      0.00      0.03      0.29      0.54      0.00
02:53:19 AM      0.01      0.26      0.53      0.00      0.01      0.26      0.52      0.00
02:53:24 AM      0.01      0.25      0.52      0.00      0.01      0.25      0.52      0.00
02:53:29 AM      0.00      0.22      0.51      0.00      0.00      0.22      0.50      0.00
02:53:34 AM      0.00      0.21      0.50      0.00      0.00      0.21      0.50      0.00
02:53:39 AM      0.00      0.19      0.49      0.00      0.00      0.19      0.49      0.00
02:53:44 AM      0.00      0.17      0.48      0.00      0.00      0.17      0.48      0.00
02:53:49 AM      0.00      0.16      0.47      0.00      0.00      0.16      0.47      0.00
02:53:54 AM      0.00      0.14      0.47      0.00      0.00      0.14      0.46      0.00
02:53:59 AM      0.00      0.13      0.46      0.00      0.00      0.13      0.45      0.00
02:54:04 AM      0.00      0.12      0.45      0.00      0.00      0.12      0.44      0.00
02:54:09 AM      0.00      0.11      0.44      0.00      0.00      0.11      0.43      0.00
02:54:14 AM      0.00      0.10      0.43      0.00      0.00      0.10      0.43      0.00
02:54:19 AM      0.00      0.09      0.42      0.25      0.00      0.09      0.42      0.25
02:54:24 AM      0.00      0.08      0.42      0.00      0.00      0.08      0.41      0.00
02:54:29 AM      0.00      0.07      0.41      0.00      0.00      0.07      0.40      0.00
02:54:34 AM      0.00      0.07      0.40      0.00      0.00      0.07      0.40      0.00
02:54:39 AM      2.81      0.66      0.52      7.87      2.81      0.66      0.52      7.87
02:54:44 AM      1.88      0.62      0.51      0.00      1.88      0.62      0.51      0.00
02:54:49 AM      1.03      0.56      0.50      0.01      1.03      0.56      0.50      0.01
02:54:54 AM      0.69      0.52      0.49      0.00      0.69      0.52      0.49      0.00
02:54:59 AM      0.38      0.47      0.48      0.00      0.38      0.47      0.48      0.00
02:55:04 AM      0.25      0.44      0.48      0.00      0.25      0.44      0.47      0.00
02:55:09 AM      0.13      0.40      0.47      0.00      0.13      0.40      0.46      0.00
02:55:14 AM      0.09      0.37      0.46      0.00      0.09      0.37      0.46      0.00
02:55:19 AM      0.05      0.33      0.45      0.10      0.05      0.33      0.45      0.10
02:55:24 AM      0.03      0.31      0.44      0.00      0.03      0.31      0.44      0.00
02:55:29 AM      0.01      0.28      0.43      0.00      0.01      0.28      0.43      0.00
02:55:34 AM      0.01      0.26      0.43      6.96      0.01      0.26      0.42      6.95
02:55:39 AM     17.45      4.20      1.28     44.49     17.45      4.20      1.27     44.48
02:55:44 AM     11.69      3.93      1.26      0.00     11.69      3.93      1.26      0.00
02:55:49 AM      6.42      3.56      1.23      0.02      6.42      3.56      1.23      0.02
02:55:54 AM      4.30      3.33      1.22      0.12      4.30      3.33      1.21      0.12
02:55:59 AM      2.36      3.01      1.19      0.00      2.36      3.01      1.19      0.00
02:56:04 AM      1.58      2.82      1.17      0.00      1.58      2.82      1.17      0.00
02:56:09 AM      1.06      2.63      1.16      0.00      1.06      2.63      1.15      0.00
02:56:14 AM      0.58      2.38      1.13      0.00      0.58      2.38      1.13      0.00
02:56:19 AM      0.39      2.23      1.12      0.00      0.39      2.23      1.11      0.00
02:56:24 AM      0.21      2.02      1.09      0.00      0.21      2.02      1.09      0.00
02:56:29 AM      0.14      1.89      1.08      0.00      0.14      1.89      1.08      0.00
02:56:34 AM     17.87      5.18      1.79     55.42     17.87      5.18      1.79     55.40
02:56:39 AM     20.43      6.65      2.15     11.49     20.43      6.65      2.15     11.48
02:56:44 AM     11.22      6.02      2.11      0.07     11.22      6.02      2.11      0.07
02:56:49 AM      7.52      5.63      2.08      0.00      7.52      5.63      2.08      0.00
02:56:54 AM      4.12      5.09      2.04      0.06      4.12      5.09      2.03      0.06
02:56:59 AM      2.76      4.77      2.01      0.01      2.76      4.77      2.01      0.01
02:57:04 AM      1.51      4.31      1.97      0.07      1.51      4.31      1.96      0.07
02:57:09 AM      1.01      4.03      1.94      0.01      1.01      4.03      1.94      0.01
02:57:14 AM      0.55      3.65      1.90      0.08      0.55      3.65      1.90      0.08
02:57:19 AM      0.37      3.41      1.87      0.00      0.37      3.41      1.87      0.00
02:57:24 AM      0.20      3.09      1.83      0.07      0.20      3.09      1.83      0.07
02:57:29 AM      0.13      2.89      1.81      0.00      0.13      2.89      1.81      0.00
02:57:34 AM      0.07      2.61      1.77      0.00      0.07      2.61      1.77      0.00
02:57:39 AM      0.04      2.44      1.75      0.00      0.04      2.44      1.74      0.00
02:57:44 AM      2.61      2.75      1.83      6.98      2.61      2.75      1.82      6.98
02:57:49 AM      1.75      2.57      1.80      0.00      1.75      2.57      1.80      0.00
02:57:54 AM      0.96      2.33      1.76      0.06      0.96      2.33      1.76      0.06
02:57:59 AM      0.64      2.18      1.74      0.00      0.64      2.18      1.74      0.00
02:58:04 AM      0.35      1.97      1.70      0.00      0.35      1.97      1.70      0.00
02:58:09 AM      0.23      1.84      1.68      0.00      0.23      1.84      1.68      0.00
02:58:14 AM      0.12      1.67      1.64      0.01      0.12      1.67      1.64      0.01
02:58:19 AM      0.08      1.56      1.62      0.00      0.08      1.56      1.62      0.00
02:58:24 AM      0.04      1.41      1.59      0.01      0.04      1.41      1.58      0.01
02:58:29 AM      0.03      1.32      1.56      0.03      0.03      1.32      1.56      0.03
02:58:34 AM      0.01      1.19      1.53      0.00      0.01      1.19      1.53      0.00
02:58:39 AM      0.01      1.11      1.51      0.00      0.01      1.11      1.51      0.00
02:58:44 AM      0.00      1.01      1.48      0.00      0.00      1.01      1.48      0.00
02:58:49 AM      0.00      0.94      1.46      0.00      0.00      0.94      1.46      0.00
02:58:54 AM      0.00      0.85      1.43      0.03      0.00      0.85      1.43      0.03
02:58:59 AM      0.00      0.79      1.41      0.00      0.00      0.79      1.41      0.00
02:59:04 AM      0.00      0.72      1.38      0.00      0.00      0.72      1.38      0.00
02:59:09 AM      0.00      0.67      1.36      0.00      0.00      0.67      1.36      0.00
02:59:14 AM      0.00      0.61      1.33      0.00      0.00      0.61      1.33      0.00
02:59:19 AM      0.00      0.57      1.31      0.00      0.00      0.57      1.31      0.00
02:59:24 AM      0.00      0.51      1.28      0.06      0.00      0.51      1.28      0.06
02:59:29 AM      0.00      0.48      1.27      0.00      0.00      0.48      1.26      0.00
02:59:34 AM      0.00      0.43      1.24      0.00      0.00      0.43      1.24      0.00
02:59:39 AM      0.00      0.40      1.22      0.00      0.00      0.40      1.22      0.00
02:59:44 AM      0.00      0.36      1.20      0.04      0.00      0.36      1.19      0.04
02:59:49 AM      0.00      0.34      1.18      0.01      0.00      0.34      1.18      0.01
02:59:54 AM      0.00      0.31      1.15      0.04      0.00      0.31      1.15      0.04
02:59:59 AM      0.00      0.28      1.14      0.00      0.00      0.28      1.14      0.00
03:00:04 AM      0.00      0.26      1.11      0.00      0.00      0.26      1.11      0.00
03:00:09 AM      0.00      0.24      1.10      0.00      0.00      0.24      1.10      0.00
03:00:14 AM      0.00      0.22      1.07      0.00      0.00      0.22      1.07      0.00
03:00:19 AM      0.00      0.20      1.06      0.00      0.00      0.20      1.06      0.00
03:00:24 AM      0.00      0.18      1.04      0.03      0.00      0.18      1.04      0.03
03:00:29 AM      0.00      0.17      1.02      0.02      0.00      0.17      1.02      0.02
03:00:34 AM      0.00      0.15      1.00      0.00      0.00      0.15      1.00      0.00
03:00:39 AM      0.00      0.14      0.99      2.04      0.00      0.14      0.99      2.04
03:00:44 AM      0.48      0.25      0.99      0.00      0.48      0.25      0.99      0.00
03:00:49 AM      0.32      0.23      0.98      0.00      0.32      0.23      0.98      0.00
03:00:54 AM      0.17      0.21      0.96      0.02      0.17      0.21      0.96      0.02
03:00:59 AM      0.11      0.19      0.94      0.00      0.11      0.19      0.94      0.00
03:01:04 AM      0.06      0.18      0.92      0.00      0.06      0.18      0.92      0.00
03:01:09 AM      0.04      0.16      0.91      0.00      0.04      0.16      0.91      0.00
03:01:14 AM      0.02      0.15      0.89      0.00      0.02      0.15      0.89      0.00
03:01:19 AM      0.01      0.14      0.88      0.00      0.01      0.14      0.88      0.00
03:01:24 AM      0.00      0.12      0.86      0.00      0.00      0.12      0.86      0.00
03:01:29 AM      0.00      0.11      0.85      0.00      0.00      0.11      0.85      0.00
03:01:34 AM      0.00      0.10      0.83      0.00      0.00      0.10      0.83      0.00
03:01:39 AM      0.00      0.09      0.82      0.01      0.00      0.09      0.82      0.01
03:01:44 AM      0.00      0.08      0.80      0.00      0.00      0.08      0.80      0.00
03:01:49 AM      0.00      0.08      0.79      0.23      0.00      0.08      0.79      0.23
03:01:54 AM      0.00      0.07      0.77      0.00      0.00      0.07      0.77      0.00
03:01:59 AM      0.00      0.06      0.76      0.00      0.00      0.06      0.76      0.00
03:02:04 AM      0.00      0.06      0.75      0.00      0.00      0.06      0.74      0.00
03:02:09 AM      0.00      0.05      0.73      0.00      0.00      0.05      0.73      0.00
03:02:14 AM      0.00      0.05      0.72      0.00      0.00      0.05      0.72      0.00
03:02:19 AM      0.00      0.04      0.71      0.00      0.00      0.04      0.71      0.00
03:02:24 AM      0.00      0.04      0.69      0.00      0.00      0.04      0.69      0.00
03:02:29 AM      0.00      0.03      0.68      0.00      0.00      0.03      0.68      0.00
03:02:34 AM      0.00      0.03      0.67      0.00      0.00      0.03      0.67      0.00
03:02:39 AM      0.00      0.03      0.66      0.00      0.00      0.03      0.66      0.00
03:02:44 AM      0.00      0.02      0.64      0.00      0.00      0.02      0.64      0.00
03:02:49 AM      0.00      0.02      0.63      0.00      0.00      0.02      0.63      0.00
03:02:54 AM      0.00      0.02      0.62      0.00      0.00      0.02      0.62      0.00
03:02:59 AM      0.00      0.02      0.61      0.00      0.00      0.02      0.61      0.00
03:03:04 AM      0.00      0.01      0.60      0.00      0.00      0.01      0.60      0.00
03:03:09 AM      0.00      0.01      0.59      0.00      0.00      0.01      0.59      0.00
03:03:14 AM      0.00      0.01      0.58      0.00      0.00      0.01      0.58      0.00
03:03:19 AM      0.00      0.01      0.57      0.00      0.00      0.01      0.57      0.00
03:03:24 AM      0.00      0.01      0.56      0.00      0.00      0.01      0.56      0.00
03:03:29 AM      0.00      0.01      0.55      0.00      0.00      0.01      0.55      0.00
03:03:34 AM      0.00      0.00      0.54      0.00      0.00      0.00      0.54      0.00
03:03:39 AM      0.00      0.00      0.53      0.00      0.00      0.00      0.53      0.00
03:03:44 AM      0.00      0.00      0.52      0.00      0.00      0.00      0.52      0.00
03:03:49 AM      0.00      0.00      0.51      0.00      0.00      0.00      0.51      0.00
03:03:54 AM      0.00      0.00      0.50      0.00      0.00      0.00      0.50      0.00
03:03:59 AM      0.00      0.00      0.49      9.99      0.00      0.00      0.49      9.98
03:04:04 AM     12.22      2.67      1.06     24.30     12.22      2.67      1.06     24.29
03:04:09 AM      8.19      2.50      1.04      0.28      8.19      2.50      1.04      0.27
03:04:14 AM      4.50      2.26      1.02      0.00      4.50      2.26      1.02      0.00
03:04:19 AM      3.01      2.11      1.01      0.00      3.01      2.11      1.01      0.00
03:04:24 AM      1.65      1.91      0.98      0.00      1.65      1.91      0.98      0.00
03:04:29 AM      1.10      1.79      0.97      0.00      1.10      1.79      0.97      0.00
03:04:34 AM      0.60      1.62      0.95      0.01      0.60      1.62      0.95      0.01
03:04:39 AM      0.40      1.51      0.94      7.45      0.40      1.51      0.94      7.44
03:04:44 AM     29.55      7.31      2.18     80.59     29.55      7.31      2.18     80.57
03:04:49 AM     28.57      8.70      2.55     11.49     28.57      8.70      2.55     11.49
03:04:54 AM     15.68      7.88      2.50      0.00     15.68      7.88      2.50      0.00
03:04:59 AM     10.51      7.37      2.47      0.00     10.51      7.37      2.47      0.00
03:05:04 AM      5.77      6.67      2.42      0.00      5.77      6.67      2.41      0.00
03:05:09 AM      8.03      6.99      2.54     43.69      8.03      6.99      2.54     43.68
03:05:14 AM     33.13     12.77      3.88     49.03     33.13     12.77      3.88     49.02
03:05:19 AM     22.21     11.95      3.83      0.02     22.21     11.95      3.83      0.02
03:05:24 AM     12.19     10.81      3.75      0.00     12.19     10.81      3.75      0.00
03:05:29 AM      8.17     10.12      3.70      0.00      8.17     10.12      3.70      0.00
03:05:34 AM      4.48      9.15      3.62      0.00      4.48      9.15      3.62      0.00
03:05:39 AM      3.00      8.56      3.57      0.00      3.00      8.56      3.57      0.00
03:05:44 AM      1.65      7.75      3.50      0.00      1.65      7.75      3.50      0.00
03:05:49 AM      1.10      7.25      3.45      0.02      1.10      7.25      3.45      0.02
03:05:54 AM      0.60      6.56      3.38      0.00      0.60      6.56      3.38      0.00
03:05:59 AM      0.40      6.14      3.33      0.00      0.40      6.14      3.33      0.00
03:06:04 AM      0.22      5.55      3.27      0.00      0.22      5.55      3.26      0.00
03:06:09 AM      0.14      5.19      3.22      0.00      0.14      5.19      3.22      0.00
03:06:14 AM      0.08      4.70      3.15      0.00      0.08      4.70      3.15      0.00
03:06:19 AM      0.05      4.40      3.11      0.01      0.05      4.40      3.11      0.01
03:06:24 AM      0.02      3.98      3.05      0.00      0.02      3.98      3.05      0.00
03:06:29 AM      0.01      3.72      3.00      0.00      0.01      3.72      3.00      0.00
03:06:34 AM      0.00      3.37      2.94      0.01      0.00      3.37      2.94      0.01
03:06:39 AM      0.00      3.15      2.90      0.00      0.00      3.15      2.90      0.00
03:06:44 AM      0.00      2.85      2.84      0.00      0.00      2.85      2.84      0.00
03:06:49 AM      0.00      2.67      2.80      0.00      0.00      2.67      2.80      0.00
03:06:54 AM      0.00      2.41      2.74      0.00      0.00      2.41      2.74      0.00
03:06:59 AM      0.00      2.26      2.71      0.00      0.00      2.26      2.71      0.00
03:07:04 AM      0.00      2.04      2.65      0.00      0.00      2.04      2.65      0.00
03:07:09 AM      0.00      1.91      2.61      0.01      0.00      1.91      2.61      0.01
03:07:14 AM      0.00      1.73      2.56      0.00      0.00      1.73      2.56      0.00
03:07:19 AM      0.00      1.61      2.52      0.00      0.00      1.61      2.52      0.00
03:07:24 AM      0.00      1.46      2.47      0.00      0.00      1.46      2.47      0.00
03:07:29 AM      0.00      1.36      2.44      0.00      0.00      1.36      2.44      0.00
03:07:34 AM      0.00      1.23      2.39      0.00      0.00      1.23      2.39      0.00
03:07:39 AM      0.00      1.15      2.35      0.00      0.00      1.15      2.35      0.00
03:07:44 AM      0.00      1.04      2.31      0.00      0.00      1.04      2.31      0.00
03:07:49 AM      0.00      0.97      2.27      0.00      0.00      0.97      2.27      0.00
03:07:54 AM      0.00      0.88      2.23      0.00      0.00      0.88      2.23      0.00
03:07:59 AM      0.00      0.82      2.20      0.00      0.00      0.82      2.19      0.00
03:08:04 AM      0.00      0.74      2.15      0.00      0.00      0.74      2.15      0.00
03:08:09 AM      0.00      0.70      2.12      0.00      0.00      0.70      2.12      0.00
03:08:14 AM      0.00      0.63      2.08      0.00      0.00      0.63      2.08      0.00
03:08:19 AM      0.00      0.59      2.05      0.00      0.00      0.59      2.05      0.00
03:08:24 AM      0.00      0.53      2.00      0.00      0.00      0.53      2.00      0.00
03:08:29 AM      0.00      0.50      1.98      0.00      0.00      0.50      1.98      0.00
03:08:34 AM      0.00      0.45      1.94      0.26      0.00      0.45      1.94      0.17
03:08:39 AM      0.00      0.42      1.91      0.00      0.00      0.42      1.91      0.00
03:08:44 AM      0.00      0.38      1.87      0.00      0.00      0.38      1.87      0.00
03:08:49 AM      0.00      0.35      1.84      0.00      0.00      0.35      1.84      0.00
03:08:54 AM      0.00      0.32      1.81      0.00      0.00      0.32      1.80      0.00
03:08:59 AM      1.63      0.59      1.84     19.54      1.63      0.59      1.84     19.53
03:09:04 AM      5.75      1.76      2.07      0.12      5.75      1.76      2.07      0.12
03:09:09 AM      3.85      1.64      2.04      0.00      3.85      1.64      2.04      0.00
03:09:14 AM      2.11      1.49      2.00      0.07      2.11      1.49      2.00      0.07
03:09:19 AM      1.41      1.39      1.97      0.00      1.41      1.39      1.97      0.00
03:09:24 AM      0.77      1.26      1.93      0.00      0.77      1.26      1.93      0.00
03:09:29 AM      0.52      1.18      1.91      0.00      0.52      1.18      1.91      0.00
03:09:34 AM      0.28      1.06      1.87      0.00      0.28      1.06      1.87      0.00
03:09:39 AM      0.19      0.99      1.84      0.00      0.19      0.99      1.84      0.00
03:09:44 AM      0.10      0.90      1.80      0.02      0.10      0.90      1.80      0.02
03:09:49 AM      0.06      0.84      1.78      0.00      0.06      0.84      1.78      0.00
03:09:54 AM      0.03      0.76      1.74      0.04      0.03      0.76      1.74      0.04
03:09:59 AM      0.02      0.71      1.72      0.00      0.02      0.71      1.72      0.00
03:10:04 AM      0.01      0.64      1.68      0.11      0.01      0.64      1.68      0.11
03:10:09 AM      0.00      0.60      1.66      0.00      0.00      0.60      1.66      0.00
03:10:14 AM      0.00      0.54      1.62      0.11      0.00      0.54      1.62      0.11
03:10:19 AM      0.00      0.51      1.60      0.00      0.00      0.51      1.60      0.00
03:10:24 AM      0.00      0.46      1.57      0.12      0.00      0.46      1.57      0.12
03:10:29 AM      0.00      0.43      1.54      4.39      0.00      0.43      1.54      4.39
03:10:34 AM      4.53      1.44      1.74      9.78      4.53      1.44      1.74      9.78
03:10:39 AM      3.03      1.35      1.72      0.00      3.03      1.35      1.72      0.00
03:10:44 AM      1.66      1.22      1.68      0.03      1.66      1.22      1.68      0.03
03:10:49 AM      1.11      1.14      1.66      0.00      1.11      1.14      1.66      0.00
03:10:54 AM      0.61      1.03      1.63      0.12      0.61      1.03      1.62      0.12
03:10:59 AM      0.41      0.96      1.60      0.00      0.41      0.96      1.60      0.00
03:11:04 AM      0.22      0.87      1.57      0.02      0.22      0.87      1.57      0.02
03:11:09 AM      0.15      0.81      1.55      0.00      0.15      0.81      1.55      0.00
03:11:14 AM      0.08      0.74      1.52      0.07      0.08      0.74      1.51      0.07
03:11:19 AM      0.05      0.69      1.49      0.00      0.05      0.69      1.49      0.00
03:11:24 AM      0.02      0.62      1.46      0.03      0.02      0.62      1.46      0.03
03:11:29 AM      0.01      0.58      1.44      0.00      0.01      0.58      1.44      0.00
03:11:34 AM      0.01      0.52      1.41      0.14      0.01      0.52      1.41      0.14
03:11:39 AM      0.18      0.52      1.40      0.56      0.18      0.52      1.40      0.56
03:11:44 AM      0.10      0.47      1.37      0.00      0.10      0.47      1.37      0.00
03:11:49 AM      0.06      0.44      1.35      0.00      0.06      0.44      1.35      0.00
03:11:54 AM      0.03      0.40      1.32      0.00      0.03      0.40      1.32      0.00
03:11:59 AM      0.02      0.37      1.30      0.00      0.02      0.37      1.30      0.00
03:12:04 AM      0.01      0.34      1.28      0.00      0.01      0.34      1.28      0.00
03:12:09 AM      0.00      0.31      1.26      0.00      0.00      0.31      1.26      0.00
03:12:14 AM      0.00      0.28      1.23      0.00      0.00      0.28      1.23      0.00
03:12:19 AM      0.00      0.26      1.21      0.00      0.00      0.26      1.21      0.00
03:12:24 AM      0.00      0.24      1.19      0.00      0.00      0.24      1.19      0.00
03:12:29 AM      0.00      0.22      1.17      0.00      0.00      0.22      1.17      0.00
03:12:34 AM      0.00      0.20      1.15      0.00      0.00      0.20      1.15      0.00
03:12:39 AM      0.00      0.18      1.13      0.00      0.00      0.18      1.13      0.00
03:12:44 AM      0.00      0.17      1.11      0.00      0.00      0.17      1.11      0.00
03:12:49 AM      0.00      0.15      1.09      0.02      0.00      0.15      1.09      0.01
03:12:54 AM      0.00      0.14      1.07      0.00      0.00      0.14      1.07      0.00
03:12:59 AM      0.00      0.13      1.05      0.00      0.00      0.13      1.05      0.00
03:13:04 AM      0.00      0.12      1.03      2.93      0.00      0.12      1.03      2.93
03:13:09 AM      2.07      0.55      1.11      3.39      2.07      0.55      1.11      3.39
03:13:14 AM      1.13      0.50      1.09      0.00      1.13      0.50      1.09      0.00
03:13:19 AM      0.76      0.46      1.07      0.02      0.76      0.46      1.07      0.01
03:13:24 AM      0.41      0.42      1.05      0.00      0.41      0.42      1.05      0.00
03:13:29 AM      0.28      0.39      1.04      0.00      0.28      0.39      1.04      0.00
03:13:34 AM      0.15      0.35      1.01      0.00      0.15      0.35      1.01      0.00
03:13:39 AM      0.10      0.33      1.00      0.00      0.10      0.33      1.00      0.00
03:13:44 AM      0.05      0.30      0.98      0.00      0.05      0.30      0.98      0.00
03:13:49 AM      0.03      0.28      0.97      0.04      0.03      0.28      0.96      0.04
03:13:54 AM      0.01      0.25      0.94      0.00      0.01      0.25      0.94      0.00
03:13:59 AM      0.01      0.23      0.93      0.07      0.01      0.23      0.93      0.07
03:14:04 AM      0.00      0.21      0.91      0.00      0.00      0.21      0.91      0.00
03:14:09 AM      0.00      0.20      0.90      0.13      0.00      0.20      0.90      0.13
03:14:14 AM      0.00      0.18      0.88      0.00      0.00      0.18      0.88      0.00
03:14:19 AM      0.00      0.16      0.87      0.09      0.00      0.16      0.87      0.09
03:14:24 AM      0.00      0.15      0.85      0.00      0.00      0.15      0.85      0.00
03:14:29 AM      0.00      0.14      0.84      0.10      0.00      0.14      0.84      0.10
03:14:34 AM      0.00      0.12      0.82      0.00      0.00      0.12      0.82      0.00
03:14:39 AM      0.51      0.21      0.83      1.62      0.51      0.21      0.83      1.62
03:14:44 AM      0.27      0.19      0.81      0.00      0.27      0.19      0.81      0.00
03:14:49 AM      0.18      0.18      0.80      0.06      0.18      0.18      0.80      0.06
03:14:54 AM      0.10      0.16      0.78      0.00      0.10      0.16      0.78      0.00
03:14:59 AM      0.06      0.15      0.77      0.07      0.06      0.15      0.77      0.07
03:15:04 AM      0.03      0.13      0.75      0.00      0.03      0.13      0.75      0.00
03:15:09 AM      0.02      0.12      0.74      0.15      0.02      0.12      0.74      0.15
03:15:14 AM      0.01      0.11      0.73      0.00      0.01      0.11      0.73      0.00
03:15:19 AM      0.00      0.10      0.72      0.02      0.00      0.10      0.72      0.02
03:15:24 AM      0.00      0.09      0.70      0.00      0.00      0.09      0.70      0.00
03:15:29 AM      0.00      0.09      0.69      0.00      0.00      0.09      0.69      0.00
03:15:34 AM      0.00      0.08      0.68      0.00      0.00      0.08      0.68      0.00
03:15:39 AM      0.00      0.07      0.67      0.18      0.00      0.07      0.67      0.18
03:15:44 AM      0.00      0.06      0.65      0.00      0.00      0.06      0.65      0.00
03:15:49 AM      0.00      0.06      0.64      0.00      0.00      0.06      0.64      0.00
03:15:54 AM      0.36      0.12      0.64      1.00      0.36      0.12      0.64      1.00
03:15:59 AM      0.24      0.11      0.63      0.00      0.24      0.11      0.63      0.00
03:16:04 AM      0.13      0.10      0.62      0.01      0.13      0.10      0.62      0.01
03:16:09 AM      0.08      0.09      0.61      0.00      0.08      0.09      0.61      0.00
03:16:14 AM      0.04      0.08      0.60      0.03      0.04      0.08      0.60      0.03
03:16:19 AM      0.03      0.07      0.59      0.00      0.03      0.07      0.59      0.00
03:16:24 AM      0.01      0.07      0.58      0.05      0.01      0.07      0.58      0.05
03:16:29 AM      0.01      0.06      0.57      0.00      0.01      0.06      0.57      0.00
03:16:34 AM      0.00      0.05      0.56      0.03      0.00      0.05      0.56      0.03
03:16:39 AM      0.00      0.05      0.55      0.00      0.00      0.05      0.55      0.00
03:16:44 AM      0.00      0.04      0.54      0.00      0.00      0.04      0.54      0.00
03:16:49 AM      0.00      0.04      0.53      0.00      0.00      0.04      0.53      0.00
03:16:54 AM      0.00      0.04      0.52      0.02      0.00      0.04      0.52      0.02
03:16:59 AM      0.00      0.03      0.51      0.00      0.00      0.03      0.51      0.00
03:17:04 AM      0.00      0.03      0.50      0.08      0.00      0.03      0.50      0.08
03:17:09 AM      0.00      0.02      0.49      0.00      0.00      0.02      0.49      0.00
03:17:14 AM      0.00      0.02      0.48      0.04      0.00      0.02      0.48      0.04
03:17:19 AM      0.00      0.02      0.47      0.00      0.00      0.02      0.47      0.00
03:17:24 AM      0.00      0.02      0.46      0.04      0.00      0.02      0.46      0.04
03:17:29 AM      0.00      0.02      0.45      0.00      0.00      0.02      0.45      0.00
03:17:34 AM      0.00      0.01      0.44      0.06      0.00      0.01      0.44      0.06
03:17:39 AM      0.00      0.01      0.44      0.00      0.00      0.01      0.44      0.00
03:17:44 AM      0.00      0.01      0.43      0.08      0.00      0.01      0.43      0.08
03:17:49 AM      0.00      0.01      0.42      0.00      0.00      0.01      0.42      0.00
03:17:54 AM      0.00      0.01      0.41      0.02      0.00      0.01      0.41      0.02
03:17:59 AM      0.00      0.00      0.41      0.00      0.00      0.00      0.41      0.00
03:18:04 AM      0.00      0.00      0.40      0.08      0.00      0.00      0.40      0.08
03:18:09 AM      0.00      0.00      0.39      0.00      0.00      0.00      0.39      0.00
03:18:14 AM      0.00      0.00      0.38      0.00      0.00      0.00      0.38      0.00
03:18:19 AM      0.00      0.00      0.38      0.00      0.00      0.00      0.38      0.00
03:18:24 AM      0.00      0.00      0.37      0.06      0.00      0.00      0.37      0.06
03:18:29 AM      0.00      0.00      0.36      0.00      0.00      0.00      0.36      0.00
03:18:34 AM      0.00      0.00      0.35      0.07      0.00      0.00      0.35      0.07
03:18:39 AM      0.00      0.00      0.35      0.00      0.00      0.00      0.35      0.00
03:18:44 AM      0.00      0.00      0.34      0.07      0.00      0.00      0.34      0.07
03:18:49 AM      0.00      0.00      0.34      0.00      0.00      0.00      0.34      0.00
03:18:54 AM      0.00      0.00      0.33      0.00      0.00      0.00      0.33      0.00
03:18:59 AM      0.00      0.00      0.32      0.00      0.00      0.00      0.32      0.00
Average:         0.39      0.40      0.37      0.42      0.39      0.40      0.37      0.42
