Linux 7.0.10-arch1-1 (archlinux) 	06/01/2026 	_x86_64_	(4 CPU)

06:44:39 PM kbmemfree   kbavail kbmemused  %memused kbbuffers  kbcached  kbcommit   %commit  kbactive   kbinact   kbdirty   kbshmem
06:44:44 PM   1401988   1448532   6457288     81.68      2556    261316   6389652     23.25   6215708     75040       192      5948
06:44:49 PM   1400992   1448032   6457788     81.68      2556    261844   6389652     23.25   6215716     75528        32      5948
06:44:54 PM   1401376   1448632   6457188     81.68      2556    261924   6389652     23.25   6215732     75744       228      5948
06:44:59 PM   1401376   1448632   6457188     81.68      2556    261924   6389652     23.25   6215732     75744       228      5948
06:45:04 PM   1401376   1448664   6457156     81.68      2556    261928   6389652     23.25   6215732     75776       232      5948
06:45:09 PM   1401376   1448664   6457156     81.68      2556    261924   6389652     23.25   6215732     75776       228      5948
06:45:14 PM   1388848   1436216   6469604     81.83      2556    262004   6389652     23.25   6215732     75856       260      5948
06:45:19 PM   1388848   1436216   6469604     81.83      2556    262004   6389652     23.25   6215732     75856       136      5948
06:45:24 PM   1388848   1436216   6469604     81.83      2556    262004   6389652     23.25   6215736     75856       136      5948
06:45:29 PM   1388596   1436132   6469688     81.83      2556    262324   6389652     23.25   6215740     76024        68      5948
06:45:34 PM   1388596   1436316   6469504     81.83      2556    262356   6397848     23.28   6215784     76208        68      5948
06:45:39 PM   1388496   1436216   6469604     81.83      2556    262420   6397848     23.28   6215792     76208       212      5948
06:45:44 PM   1388748   1436532   6469288     81.83      2556    262420   6397848     23.28   6215796     76272       212      5948
06:45:49 PM   1388496   1436328   6469492     81.83      2556    262472   6397848     23.28   6215800     76320       244      5948
06:45:54 PM   1388496   1436328   6469492     81.83      2556    262468   6397848     23.28   6215800     76320       260      5948
06:45:59 PM   1387740   1435812   6470008     81.84      2556    262804   6397848     23.28   6215808     76560       132      5948
06:46:04 PM   1387740   1435908   6469912     81.84      2556    262804   6397848     23.28   6215812     76656        20      5948
06:46:09 PM   1387740   1435908   6469912     81.84      2556    262804   6397848     23.28   6215812     76656        20      5948
06:46:14 PM   1387740   1435908   6469912     81.84      2556    262804   6397848     23.28   6215812     76656        20      5948
06:46:19 PM   1387500   1435676   6470144     81.84      2556    262852   6397848     23.28   6215812     76656        68      5948
06:46:24 PM   1385356   1433628   6472192     81.87      2556    262900   6397848     23.28   6215812     76752        96      5948
06:46:29 PM   1385352   1433624   6472196     81.87      2556    262900   6397848     23.28   6215812     76752        20      5948
06:46:34 PM   1385600   1434044   6471776     81.86      2556    263072   6397848     23.28   6215812     76924        20      5948
06:46:39 PM   1385452   1433972   6471848     81.86      2556    263160   6397848     23.28   6215812     77000        24      5948
06:46:44 PM   1385348   1433924   6471896     81.86      2556    263204   6397848     23.28   6215820     77056        68      5948
06:46:49 PM   1385096   1433672   6472148     81.87      2556    263204   6397848     23.28   6215820     77056        68      5948
06:46:54 PM   1385096   1433672   6472148     81.87      2556    263204   6397848     23.28   6215820     77056        68      5948
06:46:59 PM   1384872   1433496   6472324     81.87      2556    263252   6397848     23.28   6215820     77104        96      5948
06:47:04 PM   1384648   1433272   6472548     81.87      2556    263252   6397848     23.28   6215820     77104       116      5948
06:47:09 PM   1384648   1433396   6472424     81.87      2556    263476   6397848     23.28   6215820     77228        20      5948
06:47:14 PM   1382024   1430884   6474936     81.90      2556    263528   6397472     23.28   6215596     77332       280      5948
06:47:19 PM   1382136   1431044   6474776     81.90      2556    263528   6397472     23.28   6215740     77380       280      5948
06:47:24 PM   1422232   1471140   6434680     81.39      2556    263560   6397472     23.28   6174780     77380       312      5948
06:47:29 PM   1449208   1498148   6407672     81.05      2556    263560   6397472     23.28   6139964     77412       312      5948
06:47:34 PM   1463256   1512244   6393576     80.87      2556    263640   6397472     23.28   6125628     77460       368      5948
06:47:39 PM   1491364   1540384   6365436     80.52      2556    263640   6397472     23.28   6101052     77492       228      5948
06:47:44 PM   1517024   1566300   6339520     80.19      2556    263964   6397472     23.28   6070332     77740        24      5948
06:47:49 PM   1544160   1593512   6312308     79.84      2556    264012   6397472     23.28   6035516     77816        72      5948
06:47:54 PM   1586284   1635636   6270184     79.31      2556    264012   6397472     23.28   6000700     77816        72      5948
06:47:59 PM   1586032   1635432   6270388     79.31      2556    264012   6397472     23.28   5998652     77864        72      5948
06:48:04 PM   1599500   1648900   6256920     79.14      2556    264012   6397472     23.28   5976124     77864        72      5948
06:48:09 PM   1610528   1660040   6245780     79.00      2556    264124   6397472     23.28   5974076     77976       160      5948
06:48:14 PM   1615916   1665428   6240392     78.93      2556    264124   6397472     23.28   5965884     77976        20      5948
06:48:19 PM   1628848   1678616   6227204     78.77      2556    264468   6397472     23.28   5953596     78232        28      5948
06:48:24 PM   1642320   1692088   6213732     78.60      2556    264468   6397472     23.28   5949500     78232        28      5948
06:48:29 PM   1642320   1692176   6213644     78.60      2556    264468   6397472     23.28   5943356     78320        28      5948
06:48:34 PM   1642320   1692176   6213644     78.60      2556    264468   6397472     23.28   5943356     78320        28      5948
06:48:39 PM   1642320   1692176   6213644     78.60      2556    264468   6397472     23.28   5937212     78320        28      5948
06:48:44 PM   1486948   1536852   6368968     80.56      2556    264564   6397472     23.28   6106928     78368        80      5948
06:48:49 PM   1486948   1536900   6368920     80.56      2556    264564   6397472     23.28   6098824     78416        20      5948
06:48:54 PM   1486948   1536900   6368920     80.56      2556    264564   6397472     23.28   6098824     78416        20      5948
06:48:59 PM   1486948   1536900   6368920     80.56      2556    264564   6397472     23.28   6096776     78416        20      5948
06:49:04 PM   1486948   1536900   6368920     80.56      2556    264564   6397472     23.28   6096776     78416        20      5948
06:49:09 PM   1493688   1533148   6372672     80.61      2556    253728   6397472     23.28   6084908     78416        20      5776
06:49:14 PM   1493736   1532152   6373668     80.62      2556    252936   6397472     23.28   6082412     78528        20      5748
06:49:19 PM   1493736   1532052   6373768     80.62      2556    252732   6397472     23.28   6082128     78712        80      5748
06:49:24 PM   1506996   1545180   6360640     80.46      2556    252600   6397472     23.28   6068872     78712       100      5748
06:49:29 PM   1513752   1551116   6354704     80.38      2556    251444   6397472     23.28   6063916     78712       100      5412
06:49:34 PM   1513752   1551024   6354796     80.38      2556    251304   6397472     23.28   6063696     78712       100      5364
06:49:39 PM   1513500   1550772   6355048     80.38      2556    251304   6397472     23.28   6063696     78712       100      5364
06:49:44 PM   1534520   1571792   6334028     80.12      2556    251304   6397472     23.28   6045264     78712        20      5364
06:49:49 PM   1534488   1572036   6333784     80.12      2556    251580   6397472     23.28   6045264     78988        24      5364
06:49:54 PM   1546808   1584404   6321416     79.96      2556    251676   6397472     23.28   6034156     79036        96      5364
06:49:59 PM   1567940   1605584   6300236     79.69      2556    251676   6397472     23.28   6018940     79084       116      5364
06:50:04 PM   1578788   1616432   6289388     79.55      2556    251676   6397472     23.28   6005832     79084       116      5364
06:50:09 PM   1586240   1623884   6281936     79.46      2556    251676   6397472     23.28   5998460     79084       116      5364
06:50:14 PM   1586388   1624032   6281788     79.46      2556    251676   6397472     23.28   5992316     79084       116      5364
06:50:19 PM   1595368   1633012   6272808     79.34      2556    251676   6397472     23.28   5988220     79084        20      5364
06:50:24 PM   1595116   1633008   6272812     79.34      2556    251996   6397472     23.28   5984124     79332        20      5364
06:50:29 PM   1605640   1643580   6262240     79.21      2556    252092   6397472     23.28   5973268     79380        96      5364
06:50:34 PM   1627948   1666008   6239812     78.93      2556    252092   6397472     23.28   5964924     79500       116      5364
06:50:39 PM   1691492   1729664   6176156     78.12      2556    252236   6397472     23.28   5889224     79612       196      5364
06:50:44 PM   1642392   1683404   6222416     78.71      2556    255080   6397472     23.28   5935476     79648       308      5368
06:50:49 PM   1650052   1691096   6214724     78.61      2556    255080   6397472     23.28   5923264     79680       308      5368
06:50:54 PM   1650052   1691096   6214724     78.61      2556    255088   6397472     23.28   5923264     79680       132      5376
06:50:59 PM   1649760   1691052   6214768     78.61      2556    255472   6397472     23.28   5923272     79928       132      5376
06:51:04 PM   1649760   1691236   6214584     78.61      2556    255584   6397472     23.28   5923272     80112       220      5376
06:51:09 PM   1649760   1691256   6214564     78.61      2556    255588   6397472     23.28   5923272     80132       136      5376
06:51:14 PM   1649760   1691304   6214516     78.61      2556    255588   6397472     23.28   5923272     80180       136      5376
06:51:19 PM   1649760   1691304   6214516     78.61      2556    255588   6397472     23.28   5923272     80180       136      5376
06:51:24 PM   1649760   1691304   6214516     78.61      2556    255588   6397472     23.28   5923272     80180       136      5376
06:51:29 PM   1649760   1691304   6214516     78.61      2556    255588   6397472     23.28   5923272     80180        24      5376
06:51:34 PM   1649444   1691236   6214584     78.61      2556    255956   6397472     23.28   5923272     80428        24      5376
06:51:39 PM   1649192   1691104   6214716     78.61      2556    256068   6397472     23.28   5923272     80548       112      5376
06:51:44 PM   1649444   1691468   6214352     78.60      2556    256068   6397472     23.28   5923272     80660       132      5376
06:51:49 PM   1649444   1691468   6214352     78.60      2556    256068   6397472     23.28   5923272     80660       132      5376
06:51:54 PM   1649444   1691468   6214352     78.60      2556    256068   6397472     23.28   5923272     80660       132      5376
06:51:59 PM   1649444   1691468   6214352     78.60      2556    256068   6397472     23.28   5923272     80660       132      5376
06:52:04 PM   1649444   1691476   6214344     78.60      2556    256076   6397472     23.28   5923272     80668        28      5376
06:52:09 PM   1649444   1691724   6214096     78.60      2556    256396   6397472     23.28   5923272     80916        28      5376
06:52:14 PM   1646964   1689428   6216392     78.63      2556    256508   6397052     23.28   5923076     81100       112      5376
06:52:19 PM   1646964   1689428   6216392     78.63      2556    256508   6397052     23.28   5923076     81100       132      5376
06:52:24 PM   1646964   1689432   6216388     78.63      2556    256512   6397052     23.28   5923584     81104       136      5376
06:52:29 PM   1646964   1689432   6216388     78.63      2556    256512   6397052     23.28   5923584     81104       136      5376
06:52:34 PM   1646964   1689432   6216388     78.63      2556    256512   6397052     23.28   5923584     81104       136      5376
06:52:39 PM   1646964   1689432   6216388     78.63      2556    256512   6397052     23.28   5923584     81104        24      5376
06:52:44 PM   1384132   1426972   6478848     81.95      2556    256936   6397052     23.28   6201280     81476        24      5400
06:52:49 PM   1384132   1426972   6478848     81.95      2556    257032   6397052     23.28   6201292     81476        96      5400
06:52:54 PM   1384132   1427096   6478724     81.95      2556    257032   6397052     23.28   6201304     81600       116      5400
06:52:59 PM   1384132   1427096   6478724     81.95      2556    257032   6397052     23.28   6201304     81600       116      5400
06:53:04 PM   1384132   1427096   6478724     81.95      2556    257032   6397052     23.28   6201304     81600       116      5400
06:53:09 PM   1384132   1427096   6478724     81.95      2556    257032   6397052     23.28   6201304     81600       116      5400
06:53:14 PM   1384132   1427096   6478724     81.95      2556    257080   6397052     23.28   6201304     81600        68      5400
06:53:19 PM   1383880   1427092   6478728     81.95      2556    257400   6397052     23.28   6201304     81848        20      5400
06:53:24 PM   1383880   1427308   6478512     81.95      2556    257496   6397052     23.28   6201304     82064        96      5400
06:53:29 PM   1383880   1427308   6478512     81.95      2556    257496   6397052     23.28   6201304     82064       116      5400
06:53:34 PM   1381508   1424936   6480884     81.98      2556    257496   6397052     23.28   6201304     82064       116      5400
06:53:39 PM   1381508   1424936   6480884     81.98      2556    257496   6397052     23.28   6201304     82064       116      5400
06:53:44 PM   1383428   1426856   6478964     81.95      2556    257496   6397052     23.28   6201304     82064        20      5400
06:53:49 PM   1383428   1426856   6478964     81.95      2556    257500   6397052     23.28   6201304     82064        24      5400
06:53:54 PM   1381980   1425732   6480088     81.97      2556    257820   6397052     23.28   6201304     82388        24      5400
06:53:59 PM   1381980   1425732   6480088     81.97      2556    257916   6397052     23.28   6201304     82388        96      5400
06:54:04 PM   1383080   1426832   6478988     81.95      2556    257916   6397052     23.28   6201368     82388       116      5400
06:54:09 PM   1383244   1427092   6478728     81.95      2556    257916   6397052     23.28   6201304     82484       116      5400
06:54:14 PM   1383244   1427092   6478728     81.95      2556    257916   6397052     23.28   6201304     82484       116      5400
06:54:19 PM   1382900   1426748   6479072     81.95      2556    257916   6397052     23.28   6201304     82484       116      5400
06:54:24 PM   1382740   1426588   6479232     81.96      2556    257916   6397052     23.28   6201304     82484        20      5400
06:54:29 PM   1382740   1426836   6478984     81.95      2556    258204   6397052     23.28   6201304     82732        20      5400
06:54:34 PM   1382740   1426876   6478944     81.95      2556    258300   6397052     23.28   6201304     82772        96      5400
06:54:39 PM   1380560   1424792   6481028     81.98      2556    258300   6397052     23.28   6201304     82868       116      5400
06:54:44 PM   1380560   1424792   6481028     81.98      2556    258300   6397052     23.28   6201304     82868       116      5400
06:54:49 PM   1381584   1425816   6480004     81.96      2556    258300   6397052     23.28   6201304     82868       116      5400
06:54:54 PM   1381584   1425816   6480004     81.96      2556    258300   6397052     23.28   6201304     82868       116      5400
06:54:59 PM   1381584   1425820   6480000     81.96      2556    258304   6397052     23.28   6201308     82872        24      5400
06:55:04 PM   1381080   1425688   6480132     81.97      2556    258720   6397052     23.28   6201308     83244        24      5400
06:55:09 PM   1381080   1425732   6480088     81.97      2556    258832   6397052     23.28   6201308     83288       112      5400
06:55:14 PM   1381080   1425732   6480088     81.97      2556    258832   6397052     23.28   6201308     83288       132      5400
06:55:19 PM   1381080   1425844   6479976     81.96      2556    258832   6397052     23.28   6201308     83400       132      5400
06:55:24 PM   1380840   1425604   6480216     81.97      2556    258832   6397052     23.28   6201308     83400       132      5400
06:55:29 PM   1380840   1425604   6480216     81.97      2556    258832   6397052     23.28   6201308     83400       132      5400
06:55:34 PM   1380840   1425604   6480216     81.97      2556    258832   6397052     23.28   6201308     83400        20      5400
06:55:39 PM   1378520   1423652   6482168     81.99      2556    259248   6397052     23.28   6201312     83768       180      5400
06:55:44 PM   1378520   1423704   6482116     81.99      2556    259416   6397052     23.28   6201316     83820       284      5400
06:55:49 PM   1377716   1423064   6482756     82.00      2556    259420   6397052     23.28   6201316     83984       308      5400
06:55:54 PM   1377716   1423064   6482756     82.00      2556    259416   6397052     23.28   6201316     83984       304      5400
06:55:59 PM   1377716   1423064   6482756     82.00      2556    259416   6397052     23.28   6201316     83984       304      5400
06:56:04 PM   1377716   1423064   6482756     82.00      2556    259416   6397052     23.28   6201316     83984       304      5400
06:56:09 PM   1377028   1422720   6483100     82.00      2556    259760   6397052     23.28   6201316     84328       192      5400
06:56:14 PM   1376960   1422680   6483140     82.00      2556    259832   6397052     23.28   6201316     84356        20      5400
06:56:19 PM   1376960   1422820   6483000     82.00      2556    259928   6397052     23.28   6201316     84496        96      5400
06:56:24 PM   1376960   1422820   6483000     82.00      2556    259928   6397052     23.28   6201316     84496       116      5400
06:56:29 PM   1376960   1422820   6483000     82.00      2556    259928   6397052     23.28   6201316     84496       116      5400
06:56:34 PM   1376960   1422820   6483000     82.00      2556    259928   6397052     23.28   6201316     84496       116      5400
06:56:39 PM   1376960   1422820   6483000     82.00      2556    259928   6397052     23.28   6201316     84496       116      5400
06:56:44 PM   1376960   1422820   6483000     82.00      2556    259928   6397052     23.28   6201316     84496        20      5400
06:56:49 PM   1376708   1422844   6482976     82.00      2556    260204   6397052     23.28   6201320     84772        24      5400
06:56:54 PM   1376708   1422844   6482976     82.00      2556    260300   6397052     23.28   6201320     84772        96      5400
06:56:59 PM   1376708   1422940   6482880     82.00      2556    260300   6397052     23.28   6201320     84868       116      5400
06:57:04 PM   1376484   1422716   6483104     82.00      2556    260300   6397052     23.28   6201320     84868       116      5400
06:57:09 PM   1376484   1422716   6483104     82.00      2556    260300   6397052     23.28   6201320     84868       116      5400
06:57:14 PM   1377188   1423420   6482400     82.00      2556    260300   6397052     23.28   6201208     84868       116      5400
06:57:19 PM   1376024   1422256   6483564     82.01      2556    260300   6397052     23.28   6201324     84868        20      5400
06:57:24 PM   1375772   1422252   6483568     82.01      2556    260636   6397052     23.28   6201324     85116        20      5400
06:57:29 PM   1378928   1425592   6480228     81.97      2556    260732   6397052     23.28   6201324     85300        96      5400
06:57:34 PM   1378928   1425592   6480228     81.97      2556    260736   6397052     23.28   6201324     85300       120      5400
06:57:39 PM   1377584   1424248   6481572     81.98      2556    260736   6397052     23.28   6201388     85300       120      5400
06:57:44 PM   1377604   1424272   6481548     81.98      2556    260740   6397052     23.28   6201324     85304       124      5400
06:57:49 PM   1376604   1423272   6482548     82.00      2556    260740   6397052     23.28   6201388     85304       124      5400
06:57:54 PM   1376728   1423400   6482420     82.00      2556    260740   6397052     23.28   6201324     85308        28      5400
06:57:59 PM   1376476   1423396   6482424     82.00      2556    261028   6397052     23.28   6201324     85556        28      5400
06:58:04 PM   1376476   1423436   6482384     82.00      2556    261140   6397052     23.28   6201324     85596       112      5400
06:58:09 PM   1376476   1423436   6482384     82.00      2556    261140   6397052     23.28   6201324     85596       132      5400
06:58:14 PM   1376476   1423548   6482272     81.99      2556    261140   6397052     23.28   6201324     85708       132      5400
06:58:19 PM   1376476   1423548   6482272     81.99      2556    261140   6397052     23.28   6201324     85708       132      5400
06:58:24 PM   1376476   1423548   6482272     81.99      2556    261140   6397052     23.28   6201324     85708       132      5400
06:58:29 PM   1376476   1423548   6482272     81.99      2556    261140   6397052     23.28   6201324     85708        20      5400
06:58:34 PM   1376224   1423544   6482276     81.99      2556    261476   6397052     23.28   6201324     85956        20      5400
06:58:39 PM   1376224   1423544   6482276     81.99      2556    261572   6397052     23.28   6201324     85956        96      5400
06:58:44 PM   1376224   1423728   6482092     81.99      2556    261572   6397052     23.28   6201324     86140       116      5400
06:58:49 PM   1376224   1423728   6482092     81.99      2556    261572   6397052     23.28   6201324     86140       116      5400
06:58:54 PM   1378336   1425840   6479980     81.96      2556    261572   6397052     23.28   6201324     86140       116      5400
06:58:59 PM   1378112   1425616   6480204     81.97      2556    261572   6397052     23.28   6201324     86140       116      5400
06:59:04 PM   1379220   1426724   6479096     81.95      2556    261572   6397052     23.28   6201324     86140        20      5400
06:59:09 PM   1378464   1426216   6479604     81.96      2556    261876   6397052     23.28   6201324     86388        20      5400
06:59:14 PM   1380224   1428128   6477692     81.94      2556    261972   6397052     23.28   6201324     86540        96      5400
06:59:19 PM   1379972   1427876   6477944     81.94      2556    261972   6397052     23.28   6201324     86540       116      5400
06:59:24 PM   1391344   1439248   6466572     81.80      2556    261964   6397052     23.28   6187800     86540       116      5400
06:59:29 PM   1404596   1452492   6453328     81.63      2556    261968   6397052     23.28   6177244     86540       124      5400
06:59:34 PM   1415436   1463336   6442484     81.49      2556    261968   6397052     23.28   6159196     86544       124      5400
06:59:39 PM   1428716   1476616   6429204     81.32      2556    261968   6397052     23.28   6153180     86544        28      5400
06:59:44 PM   1428212   1476360   6429460     81.33      2556    262288   6397052     23.28   6153180     86792        28      5400
06:59:49 PM   1439492   1487640   6418180     81.18      2556    262368   6397052     23.28   6140000     86792        80      5400
06:59:54 PM   1449284   1497424   6408396     81.06      2556    262208   6397052     23.28   6115192     86948       104      5400
06:59:59 PM   1463152   1511292   6394528     80.88      2556    262208   6397052     23.28   6094004     86948       104      5400
07:00:04 PM   1475652   1523792   6382028     80.73      2556    262208   6397052     23.28   6079208     86948       104      5400
07:00:09 PM   1482136   1529624   6376196     80.65      2556    261560   6397052     23.28   6068436     86948       108      5400
07:00:14 PM   1483308   1530792   6375028     80.64      2556    261552   6397052     23.28   6060556     86948        28      5400
07:00:19 PM   1516924   1564656   6341164     80.21      2556    261824   6397052     23.28   6037668     87196        28      5400
07:00:24 PM   1530536   1577764   6328056     80.04      2556    261284   6397052     23.28   6018628     87328       112      5396
07:00:29 PM   1573776   1621004   6284816     79.50      2556    261284   6397052     23.28   5961116     87328       132      5396
07:00:34 PM   1593340   1640564   6265256     79.25      2556    261276   6397052     23.28   5944032     87328       132      5388
07:00:39 PM   1623296   1670364   6235456     78.87      2556    261200   6397052     23.28   5914532     87320       328      5388
07:00:44 PM   1553704   1600252   6305568     79.76      2556    260604   6397052     23.28   5985728     85764       212      5388
07:00:49 PM   1553452   1600000   6305820     79.76      2556    260716   6397052     23.28   5985728     85764       212      5388
07:00:54 PM   1468528   1515516   6390304     80.83      2556    261040   6397052     23.28   6125396     86200       132      5388
07:00:59 PM   1401748   1448816   6457004     81.67      2556    261228   6397052     23.28   6199772     86280       288      5400
07:01:04 PM   1401508   1448672   6457148     81.68      2556    261228   6397052     23.28   6199780     86376       308      5400
07:01:09 PM   1401508   1448672   6457148     81.68      2556    261228   6397052     23.28   6199780     86376       196      5400
07:01:14 PM   1401508   1448672   6457148     81.68      2556    261228   6397052     23.28   6199780     86376       196      5400
07:01:19 PM   1401508   1448672   6457148     81.68      2556    261228   6397052     23.28   6199780     86376        20      5400
07:01:24 PM   1401508   1448672   6457148     81.68      2556    261228   6397052     23.28   6199780     86376        20      5400
07:01:29 PM   1401256   1448792   6457028     81.67      2556    261612   6397052     23.28   6199780     86748        20      5400
07:01:34 PM   1401256   1448792   6457028     81.67      2556    261708   6397052     23.28   6199780     86748        96      5400
07:01:39 PM   1401256   1448900   6456920     81.67      2556    261708   6397052     23.28   6199780     86856       116      5400
07:01:44 PM   1401256   1448900   6456920     81.67      2556    261708   6397052     23.28   6199780     86856       116      5400
07:01:49 PM   1401256   1448900   6456920     81.67      2556    261708   6397052     23.28   6199780     86856       116      5400
07:01:54 PM   1401004   1448648   6457172     81.68      2556    261708   6397052     23.28   6199780     86856       116      5400
07:01:59 PM   1400832   1448476   6457344     81.68      2556    261708   6397052     23.28   6199780     86856        20      5400
07:02:04 PM   1400184   1448076   6457744     81.68      2556    262028   6397052     23.28   6199780     87104        20      5400
07:02:09 PM   1400284   1448248   6457572     81.68      2556    262108   6397052     23.28   6199780     87176        80      5400
07:02:14 PM   1399232   1447196   6458624     81.69      2556    262108   6397052     23.28   6200124     87176       100      5400
07:02:19 PM   1399680   1447728   6458092     81.69      2556    262108   6397052     23.28   6200680     87256       100      5400
07:02:24 PM   1399680   1447728   6458092     81.69      2556    262108   6397052     23.28   6200680     87256       100      5400
07:02:29 PM   1399460   1447508   6458312     81.69      2556    262108   6397052     23.28   6200680     87256       100      5400
07:02:34 PM   1399460   1447508   6458312     81.69      2556    262108   6397052     23.28   6200680     87256        20      5400
07:02:39 PM   1399208   1447504   6458316     81.69      2556    262380   6397052     23.28   6200680     87504        20      5400
07:02:44 PM   1399208   1447504   6458316     81.69      2556    262480   6397052     23.28   6200680     87504        96      5400
07:02:49 PM   1399208   1447628   6458192     81.69      2556    262480   6397052     23.28   6200680     87628       116      5400
07:02:54 PM   1399208   1447628   6458192     81.69      2556    262484   6397052     23.28   6200680     87628       120      5400
07:02:59 PM   1399208   1447632   6458188     81.69      2556    262484   6397052     23.28   6200680     87632       120      5400
07:03:04 PM   1399208   1447632   6458188     81.69      2556    262484   6397052     23.28   6200680     87632       120      5400
07:03:09 PM   1399208   1447640   6458180     81.69      2556    262492   6397052     23.28   6200680     87640        32      5400
07:03:14 PM   1398828   1447508   6458312     81.69      2556    262796   6397052     23.28   6200680     87888        32      5400
07:03:19 PM   1398828   1447660   6458160     81.69      2556    262892   6397052     23.28   6200680     88040        96      5400
07:03:24 PM   1398828   1447660   6458160     81.69      2556    262892   6397052     23.28   6200680     88040       116      5400
07:03:29 PM   1398828   1447660   6458160     81.69      2556    262892   6397052     23.28   6200680     88040       116      5400
07:03:34 PM   1398828   1447660   6458160     81.69      2556    262892   6397052     23.28   6200680     88040       116      5400
07:03:39 PM   1398828   1447660   6458160     81.69      2556    262892   6397052     23.28   6200680     88040       116      5400
07:03:44 PM   1398828   1447660   6458160     81.69      2556    262892   6397052     23.28   6200680     88040        20      5400
07:03:49 PM   1398520   1447640   6458180     81.69      2556    263180   6397052     23.28   6200680     88328        20      5400
07:03:54 PM   1398520   1447640   6458180     81.69      2556    263260   6397052     23.28   6200680     88328        80      5400
07:03:59 PM   1398520   1447720   6458100     81.69      2556    263260   6397052     23.28   6200680     88408       100      5400
07:04:04 PM   1398520   1447720   6458100     81.69      2556    263260   6397052     23.28   6200680     88408       100      5400
07:04:09 PM   1398520   1447720   6458100     81.69      2556    263260   6397052     23.28   6200680     88408       100      5400
07:04:14 PM   1398520   1447720   6458100     81.69      2556    263260   6397052     23.28   6200680     88408       100      5400
07:04:19 PM   1398520   1447724   6458096     81.69      2556    263264   6397052     23.28   6200680     88412        24      5400
07:04:24 PM   1398016   1447468   6458352     81.69      2556    263584   6397052     23.28   6200680     88660        24      5400
07:04:29 PM   1397776   1447404   6458416     81.69      2556    263680   6397052     23.28   6200680     88828        96      5400
07:04:34 PM   1397776   1447404   6458416     81.69      2556    263680   6397052     23.28   6200680     88828       116      5400
07:04:39 PM   1416472   1466088   6439732     81.46      2556    263676   6397052     23.28   6177124     88824       116      5400
07:04:44 PM   1420144   1469760   6436060     81.41      2556    263676   6397052     23.28   6171120     88824       116      5400
07:04:49 PM   1420144   1469724   6436096     81.41      2556    263644   6397052     23.28   6161872     88824       116      5400
07:04:54 PM   1406572   1456648   6449172     81.57      2556    264240   6397052     23.28   6180212     88824        20      5400
07:04:59 PM   1406572   1456896   6448924     81.57      2556    264496   6397052     23.28   6179888     89072        20      5400
07:05:04 PM   1388428   1438864   6466956     81.80      2556    264592   6397052     23.28   6197108     89080        96      5400
07:05:09 PM   1388428   1438864   6466956     81.80      2556    264592   6397052     23.28   6197108     89080       116      5400
07:05:14 PM   1388428   1438960   6466860     81.80      2556    264592   6397052     23.28   6197188     89176       116      5400
07:05:19 PM   1388428   1438960   6466860     81.80      2556    264596   6397052     23.28   6197188     89176       120      5400
07:05:24 PM   1388428   1438964   6466856     81.80      2556    264596   6397052     23.28   6197188     89180       120      5400
07:05:29 PM   1388428   1438964   6466856     81.80      2556    264596   6397052     23.28   6197188     89180        24      5400
07:05:34 PM   1388176   1438960   6466860     81.80      2556    264932   6397052     23.28   6197188     89428        24      5400
07:05:39 PM   1388176   1439008   6466812     81.80      2556    265108   6397052     23.28   6197188     89476       288      5400
07:05:44 PM   1388176   1439224   6466596     81.80      2556    265108   6397052     23.28   6197188     89692       308      5400
07:05:49 PM   1388176   1439228   6466592     81.80      2556    265144   6397052     23.28   6197188     89696       308      5400
07:05:54 PM   1388176   1439256   6466564     81.79      2556    265140   6397052     23.28   6197188     89724       304      5400
07:05:59 PM   1388176   1439260   6466560     81.79      2556    265144   6397052     23.28   6197188     89728       308      5400
07:06:04 PM   1388176   1439260   6466560     81.79      2556    265144   6397052     23.28   6197188     89728       132      5400
07:06:09 PM   1387800   1439256   6466564     81.79      2556    265544   6397052     23.28   6197188     90100        24      5400
07:06:14 PM   1387800   1439380   6466440     81.79      2556    265640   6397052     23.28   6197188     90224        96      5400
07:06:19 PM   1387800   1439380   6466440     81.79      2556    265640   6397052     23.28   6197188     90224       116      5400
07:06:24 PM   1387800   1439380   6466440     81.79      2556    265640   6397052     23.28   6197188     90224       116      5400
07:06:29 PM   1387800   1439380   6466440     81.79      2556    265640   6397052     23.28   6197188     90224       116      5400
07:06:34 PM   1387800   1439380   6466440     81.79      2556    265640   6397052     23.28   6197188     90224       116      5400
07:06:39 PM   1387468   1439296   6466524     81.79      2556    265928   6397052     23.28   6197188     90472        20      5400
07:06:44 PM   1387468   1439336   6466484     81.79      2556    265928   6397052     23.28   6197188     90512        20      5400
07:06:49 PM   1387216   1439084   6466736     81.80      2556    266008   6397052     23.28   6197188     90512        80      5400
07:06:54 PM   1387216   1439172   6466648     81.80      2556    266016   6397052     23.28   6197188     90600       108      5400
07:06:59 PM   1387216   1439172   6466648     81.80      2556    266016   6397052     23.28   6197188     90600       108      5400
07:07:04 PM   1387216   1439172   6466648     81.80      2556    266016   6397052     23.28   6197188     90600       108      5400
07:07:09 PM   1387216   1439172   6466648     81.80      2556    266016   6397052     23.28   6197188     90600       108      5400
07:07:14 PM   1387216   1439172   6466648     81.80      2556    266016   6397052     23.28   6197188     90600       108      5400
07:07:19 PM   1386428   1438612   6467208     81.80      2556    266272   6397052     23.28   6197512     90820        28      5400
07:07:24 PM   1386424   1438724   6467096     81.80      2556    266352   6397052     23.28   6197604     90936        80      5400
07:07:29 PM   1386424   1438724   6467096     81.80      2556    266352   6397052     23.28   6197604     90936       100      5400
07:07:34 PM   1386424   1438724   6467096     81.80      2556    266352   6397052     23.28   6189916     90936       100      5400
07:07:39 PM   1392340   1444612   6461208     81.73      2556    266324   6397052     23.28   6174260     90936       100      5400
07:07:44 PM   1425536   1477808   6428012     81.31      2556    266324   6397052     23.28   6151756     90936       100      5400
07:07:49 PM   1446624   1498896   6406924     81.04      2556    266324   6397052     23.28   6123984     90936        20      5400
07:07:54 PM   1472864   1524476   6381344     80.72      2556    265656   6397052     23.28   6097044     91212        24      5392
07:07:59 PM   1497048   1548276   6357544     80.42      2556    265368   6397052     23.28   6070756     91208        96      5392
07:08:04 PM   1541268   1592308   6313512     79.86      2556    265084   6397052     23.28   6032020     91304       116      5392
07:08:09 PM   1565176   1616216   6289604     79.56      2556    265084   6397052     23.28   5991948     91304       116      5392
07:08:14 PM   1575612   1626536   6279284     79.43      2556    264968   6397052     23.28   5980060     91304       116      5392
07:08:19 PM   1575612   1626532   6279288     79.43      2556    264968   6397052     23.28   5976684     91300       116      5392
07:08:24 PM   1589304   1640140   6265680     79.25      2556    264888   6397052     23.28   5961936     91296        20      5392
07:08:29 PM   1592008   1643076   6262744     79.22      2556    265124   6397052     23.28   5958288     91544        20      5392
07:08:34 PM   1601200   1652268   6253552     79.10      2556    265204   6397052     23.28   5948564     91560        96      5392
07:08:39 PM   1617548   1668676   6237144     78.89      2556    265176   6397052     23.28   5929944     91644       116      5392
07:08:44 PM   1546344   1599372   6306448     79.77      2556    267080   6397052     23.28   6009388     91640       116      5396
07:08:49 PM   1558740   1611768   6294052     79.61      2556    267080   6397052     23.28   6001196     91640       116      5396
07:08:54 PM   1454412   1507440   6398380     80.93      2556    267080   6397052     23.28   6112292     91640       116      5396
07:08:59 PM   1454412   1507440   6398380     80.93      2556    267080   6397052     23.28   6112312     91640        20      5396
07:09:04 PM   1396704   1449980   6455840     81.66      2556    267424   6397052     23.28   6199716     91888        24      5400
07:09:09 PM   1396704   1450072   6455748     81.66      2556    267520   6397052     23.28   6199716     91980        96      5400
07:09:14 PM   1396704   1450072   6455748     81.66      2556    267520   6397052     23.28   6199716     91980       116      5400
07:09:19 PM   1396704   1450168   6455652     81.66      2556    267520   6397052     23.28   6199716     92076       116      5400
07:09:24 PM   1396704   1450168   6455652     81.66      2556    267520   6397052     23.28   6199716     92076       116      5400
07:09:29 PM   1395696   1449160   6456660     81.67      2556    267520   6397052     23.28   6199720     92076       116      5400
07:09:34 PM   1395696   1449160   6456660     81.67      2556    267520   6397052     23.28   6199720     92076        20      5400
07:09:39 PM   1395444   1449156   6456664     81.67      2556    267808   6397052     23.28   6199720     92324        20      5400
07:09:44 PM   1395444   1449156   6456664     81.67      2556    267904   6397052     23.28   6199720     92324        96      5400
07:09:49 PM   1391348   1445196   6460624     81.72      2556    267904   6397052     23.28   6199720     92460       116      5400
07:09:54 PM   1391348   1445196   6460624     81.72      2556    267904   6397052     23.28   6199720     92460       116      5400
07:09:59 PM   1391348   1445196   6460624     81.72      2556    267904   6397052     23.28   6199720     92460       116      5400
07:10:04 PM   1391348   1445196   6460624     81.72      2556    267904   6397052     23.28   6199720     92460       116      5400
07:10:09 PM   1391348   1445196   6460624     81.72      2556    267904   6397052     23.28   6199720     92460        20      5400
07:10:14 PM   1389332   1443428   6462392     81.74      2556    268240   6397052     23.28   6199720     92708        20      5400
07:10:19 PM   1389332   1443596   6462224     81.74      2556    268320   6397052     23.28   6199720     92876        80      5400
07:10:24 PM   1389332   1443596   6462224     81.74      2556    268320   6397052     23.28   6199720     92876       100      5400
07:10:29 PM   1389332   1443600   6462220     81.74      2556    268324   6397052     23.28   6199720     92880       104      5400
07:10:34 PM   1389332   1443600   6462220     81.74      2556    268332   6397052     23.28   6199720     92880       112      5400
07:10:39 PM   1389332   1443656   6462164     81.74      2556    268412   6397052     23.28   6199728     92936       304      5400
07:10:44 PM   1389332   1443656   6462164     81.74      2556    268460   6397052     23.28   6199728     92936       192      5400
07:10:49 PM   1389332   1444140   6461680     81.73      2556    268896   6397052     23.28   6199728     93420       116      5400
07:10:54 PM   1389332   1444172   6461648     81.73      2556    269008   6397052     23.28   6199728     93452       192      5400
07:10:59 PM   1389332   1444316   6461504     81.73      2556    269040   6397052     23.28   6199728     93596       320      5400
07:11:04 PM   1389332   1444316   6461504     81.73      2556    269040   6397052     23.28   6199728     93596       320      5400
07:11:09 PM   1387372   1442356   6463464     81.76      2556    269040   6397052     23.28   6199728     93596       212      5400
07:11:14 PM   1387372   1442356   6463464     81.76      2556    269040   6397052     23.28   6199728     93596        20      5400
07:11:19 PM   1387872   1443268   6462552     81.74      2556    269452   6397052     23.28   6199728     94008        20      5400
07:11:24 PM   1387872   1443268   6462552     81.74      2556    269452   6397052     23.28   6199728     94008        20      5400
07:11:29 PM   1387872   1443364   6462456     81.74      2556    269548   6397052     23.28   6199728     94104        96      5400
07:11:34 PM   1387872   1443364   6462456     81.74      2556    269548   6397052     23.28   6199728     94104       116      5400
07:11:39 PM   1387872   1443364   6462456     81.74      2556    269548   6397052     23.28   6199728     94104       116      5400
07:11:44 PM   1387872   1443364   6462456     81.74      2556    269548   6397052     23.28   6199728     94104       116      5400
07:11:49 PM   1387872   1443364   6462456     81.74      2556    269548   6397052     23.28   6199728     94104        20      5400
07:11:54 PM   1387872   1443364   6462456     81.74      2556    269548   6397052     23.28   6199728     94104        20      5400
07:11:59 PM   1387408   1443220   6462600     81.74      2556    269868   6397052     23.28   6199728     94424        20      5400
07:12:04 PM   1387408   1443220   6462600     81.74      2556    269984   6397052     23.28   6199728     94424       112      5400
07:12:09 PM   1387408   1443220   6462600     81.74      2556    269984   6397052     23.28   6199728     94424       132      5400
07:12:14 PM   1387408   1443336   6462484     81.74      2556    269984   6397052     23.28   6199728     94540       132      5400
07:12:19 PM   1386404   1442336   6463484     81.76      2556    269984   6397052     23.28   6201176     94540       132      5400
07:12:24 PM   1386328   1442260   6463560     81.76      2556    269984   6397052     23.28   6201296     94540       132      5400
07:12:29 PM   1386328   1442260   6463560     81.76      2556    269984   6397052     23.28   6201296     94540        20      5400
07:12:34 PM   1386076   1442256   6463564     81.76      2556    270336   6397052     23.28   6201296     94788        20      5400
07:12:39 PM   1386076   1442256   6463564     81.76      2556    270432   6397052     23.28   6201296     94788        96      5400
07:12:44 PM   1386076   1442456   6463364     81.75      2556    270432   6397052     23.28   6201296     94988       116      5400
07:12:49 PM   1386076   1442456   6463364     81.75      2556    270432   6397052     23.28   6201296     94988       116      5400
07:12:54 PM   1385256   1441636   6464184     81.76      2556    270432   6397052     23.28   6201296     94988       116      5400
07:12:59 PM   1385256   1441636   6464184     81.76      2556    270432   6397052     23.28   6201296     94988       116      5400
07:13:04 PM   1387692   1444076   6461744     81.73      2556    270436   6397052     23.28   6201296     94992        24      5400
07:13:09 PM   1387440   1444072   6461748     81.73      2556    270740   6397052     23.28   6201296     95240        24      5400
07:13:14 PM   1387440   1444240   6461580     81.73      2556    270852   6397052     23.28   6201296     95408       112      5400
07:13:19 PM   1387440   1444240   6461580     81.73      2556    270852   6397052     23.28   6201296     95408       132      5400
07:13:24 PM   1387440   1444240   6461580     81.73      2556    270852   6397052     23.28   6201296     95408       132      5400
07:13:29 PM   1387440   1444240   6461580     81.73      2556    270852   6397052     23.28   6201296     95408       132      5400
07:13:34 PM   1387440   1444240   6461580     81.73      2556    270852   6397052     23.28   6201296     95408       132      5400
07:13:39 PM   1387440   1444240   6461580     81.73      2556    270852   6397052     23.28   6201296     95408        20      5400
07:13:44 PM   1385904   1443084   6462736     81.75      2556    271268   6397052     23.28   6201296     95780        20      5400
07:13:49 PM   1385904   1443084   6462736     81.75      2556    271364   6397052     23.28   6201296     95780        96      5400
07:13:54 PM   1385904   1443224   6462596     81.74      2556    271364   6397052     23.28   6201296     95920       116      5400
07:13:59 PM   1386928   1444248   6461572     81.73      2556    271364   6397052     23.28   6201296     95920       116      5400
07:14:04 PM   1386928   1444248   6461572     81.73      2556    271364   6397052     23.28   6201296     95920       116      5400
07:14:09 PM   1386928   1444248   6461572     81.73      2556    271364   6397052     23.28   6201296     95920       116      5400
07:14:14 PM   1386928   1444248   6461572     81.73      2556    271364   6397052     23.28   6201296     95920        20      5400
07:14:19 PM   1386676   1444244   6461576     81.73      2556    271692   6397052     23.28   6201296     96168        28      5400
07:14:24 PM   1386732   1444476   6461344     81.73      2556    271788   6397052     23.28   6201296     96344        96      5400
07:14:29 PM   1386732   1444476   6461344     81.73      2556    271788   6397052     23.28   6201296     96344       116      5400
07:14:34 PM   1387008   1444752   6461068     81.73      2556    271788   6397052     23.28   6201296     96344       116      5400
07:14:39 PM   1387008   1444752   6461068     81.73      2556    271788   6397052     23.28   6201296     96344       116      5400
07:14:44 PM   1382020   1439764   6466056     81.79      2556    271788   6397052     23.28   6201296     96344       116      5400
07:14:49 PM   1382020   1439764   6466056     81.79      2556    271788   6397052     23.28   6201296     96344        20      5400
07:14:54 PM   1381092   1439220   6466600     81.80      2556    272172   6397052     23.28   6201296     96728        20      5400
07:14:59 PM   1381176   1439304   6466516     81.79      2556    272252   6397052     23.28   6201296     96728        80      5400
07:15:04 PM   1381176   1439384   6466436     81.79      2556    272252   6397052     23.28   6201296     96808       100      5400
07:15:09 PM   1381176   1439384   6466436     81.79      2556    272256   6397052     23.28   6201296     96808       104      5400
07:15:14 PM   1381320   1439532   6466288     81.79      2556    272256   6397052     23.28   6201296     96812       104      5400
07:15:19 PM   1381320   1439532   6466288     81.79      2556    272256   6397052     23.28   6201296     96812       104      5400
07:15:24 PM   1381320   1439532   6466288     81.79      2556    272256   6397052     23.28   6201296     96812        24      5400
07:15:29 PM   1392304   1450764   6455056     81.65      2556    272560   6397052     23.28   6194404     97060        24      5400
07:15:34 PM   1395688   1454176   6451644     81.61      2556    272616   6397052     23.28   6177108     97112        96      5400
07:15:39 PM   1415636   1474252   6431568     81.35      2556    272700   6397052     23.28   6145484     97248       312      5400
07:15:44 PM   1393152   1451768   6454052     81.64      2556    272700   6397052     23.28   6162608     97248       312      5400
07:15:49 PM   1405268   1463920   6441900     81.48      2556    272700   6397052     23.28   6156516     97284       312      5400
07:15:54 PM   1405268   1463920   6441900     81.48      2556    272700   6397052     23.28   6156516     97284       312      5400
07:15:59 PM   1405268   1463952   6441868     81.48      2556    272732   6397052     23.28   6156516     97316       132      5400
07:16:04 PM   1396712   1455776   6450044     81.59      2556    273164   6397052     23.28   6156516     97688       132      5400
07:16:09 PM   1398812   1457936   6447884     81.56      2556    273260   6397052     23.28   6156516     97748        96      5400
07:16:14 PM   1400004   1459128   6446692     81.54      2556    273260   6397052     23.28   6156516     97748       116      5400
07:16:19 PM   1399308   1458528   6447292     81.55      2556    273260   6397052     23.28   6156516     97844       116      5400
07:16:24 PM   1399308   1458528   6447292     81.55      2556    273260   6397052     23.28   6156516     97844       116      5400
07:16:29 PM   1396824   1456044   6449776     81.58      2556    273260   6397052     23.28   6156724     97844       116      5400
07:16:34 PM   1396824   1456044   6449776     81.58      2556    273260   6397052     23.28   6156724     97844        20      5400
07:16:39 PM   1396456   1455924   6449896     81.58      2556    273628   6397052     23.28   6156724     98092        20      5400
07:16:44 PM   1396376   1455964   6449856     81.58      2556    273708   6397052     23.28   6156724     98212        80      5400
07:16:49 PM   1396376   1456044   6449776     81.58      2556    273708   6397052     23.28   6156724     98292       100      5400
07:16:54 PM   1388816   1448484   6457336     81.68      2556    273708   6397052     23.28   6184068     98292       100      5400
07:16:59 PM   1382828   1442496   6463324     81.75      2556    273708   6397052     23.28   6200484     98292       100      5400
07:17:04 PM   1382828   1442496   6463324     81.75      2556    273708   6397052     23.28   6200484     98292       100      5400
07:17:09 PM   1382828   1442496   6463324     81.75      2556    273708   6397052     23.28   6200484     98292        20      5400
07:17:14 PM   1382072   1441988   6463832     81.76      2556    274044   6397052     23.28   6200484     98540        20      5400
07:17:19 PM   1381832   1441924   6463896     81.76      2556    274124   6397052     23.28   6201112     98708        80      5400
07:17:24 PM   1381832   1441924   6463896     81.76      2556    274128   6397052     23.28   6201112     98708       104      5400
07:17:29 PM   1381832   1441932   6463888     81.76      2556    274128   6397052     23.28   6201256     98712       104      5400
07:17:34 PM   1381832   1441932   6463888     81.76      2556    274128   6397052     23.28   6201256     98712       104      5400
07:17:39 PM   1381832   1441932   6463888     81.76      2556    274128   6397052     23.28   6201256     98712       104      5400
07:17:44 PM   1381832   1441932   6463888     81.76      2556    274128   6397052     23.28   6201256     98712        24      5400
07:17:49 PM   1381832   1442188   6463632     81.76      2556    274384   6397052     23.28   6201256     98968        24      5400
07:17:54 PM   1381832   1442188   6463632     81.76      2556    274480   6397052     23.28   6201256     98968        96      5400
07:17:59 PM   1377736   1438188   6467632     81.81      2556    274480   6397052     23.28   6201256     99064       116      5400
07:18:04 PM   1377736   1438188   6467632     81.81      2556    274488   6397052     23.28   6201256     99064       124      5400
07:18:09 PM   1374672   1435136   6470684     81.85      2556    274492   6397052     23.28   6201256     99076       128      5400
07:18:14 PM   1374672   1435136   6470684     81.85      2556    274496   6397052     23.28   6201256     99076       132      5400
07:18:19 PM   1375332   1435800   6470020     81.84      2556    274496   6397052     23.28   6201256     99080        36      5400
07:18:24 PM   1375332   1436172   6469648     81.83      2556    274968   6397052     23.28   6201256     99452        36      5400
07:18:29 PM   1376156   1437192   6468628     81.82      2556    275064   6397052     23.28   6201256     99648        96      5400
07:18:34 PM   1376156   1437192   6468628     81.82      2556    275064   6397052     23.28   6201256     99648       116      5400
07:18:39 PM   1376156   1437192   6468628     81.82      2556    275064   6397052     23.28   6201256     99648       116      5400
07:18:44 PM   1376156   1437192   6468628     81.82      2556    275064   6397052     23.28   6201256     99648       116      5400
07:18:49 PM   1376344   1437380   6468440     81.82      2556    275064   6397052     23.28   6201256     99648       116      5400
07:18:54 PM   1376344   1437380   6468440     81.82      2556    275064   6397052     23.28   6201256     99648        20      5400
07:18:59 PM   1375680   1436964   6468856     81.82      2556    275384   6397052     23.28   6201320     99896        20      5400
07:19:04 PM   1375832   1437188   6468632     81.82      2556    275464   6397052     23.28   6201256     99968        80      5400
07:19:09 PM   1375832   1437188   6468632     81.82      2556    275464   6397052     23.28   6201256     99968       100      5400
07:19:14 PM   1375832   1437268   6468552     81.82      2556    275464   6397052     23.28   6201256    100048       100      5400
07:19:19 PM   1375832   1437268   6468552     81.82      2556    275464   6397052     23.28   6201256    100048       100      5400
07:19:24 PM   1375832   1437268   6468552     81.82      2556    275464   6397052     23.28   6201256    100048       100      5400
07:19:29 PM   1375832   1437268   6468552     81.82      2556    275464   6397052     23.28   6201256    100048        20      5400
07:19:34 PM   1374888   1436580   6469240     81.83      2556    275800   6397052     23.28   6201256    100296        20      5400
07:19:39 PM   1374888   1436580   6469240     81.83      2556    275880   6397052     23.28   6201256    100296        80      5400
07:19:44 PM   1378620   1440480   6465340     81.78      2556    275880   6397052     23.28   6201256    100464       100      5400
07:19:49 PM   1378620   1440480   6465340     81.78      2556    275880   6397052     23.28   6201256    100464       100      5400
07:19:54 PM   1374832   1436692   6469128     81.83      2556    275880   6397052     23.28   6201256    100464       100      5400
07:19:59 PM   1374832   1436692   6469128     81.83      2556    275880   6397052     23.28   6201256    100464       100      5400
07:20:04 PM   1374832   1436692   6469128     81.83      2556    275880   6397052     23.28   6201256    100464        20      5400
07:20:09 PM   1374328   1436436   6469384     81.83      2556    276136   6397052     23.28   6201256    100712        20      5400
07:20:14 PM   1374328   1436524   6469296     81.83      2556    276216   6397052     23.28   6201256    100800        80      5400
07:20:19 PM   1374328   1436524   6469296     81.83      2556    276216   6397052     23.28   6201256    100800       100      5400
07:20:24 PM   1374328   1436524   6469296     81.83      2556    276216   6397052     23.28   6201256    100800       100      5400
07:20:29 PM   1374328   1436524   6469296     81.83      2556    276216   6397052     23.28   6201256    100800       100      5400
07:20:34 PM   1373908   1436104   6469716     81.83      2556    276216   6397052     23.28   6201260    100800       100      5400
07:20:39 PM   1373908   1436152   6469668     81.83      2556    276296   6397052     23.28   6201260    100848       132      5400
07:20:44 PM   1373908   1436600   6469220     81.83      2556    276760   6397052     23.28   6201260    101296       180      5400
07:20:49 PM   1373908   1436648   6469172     81.83      2556    276892   6397052     23.28   6201260    101344       288      5400
07:20:54 PM   1373908   1436780   6469040     81.83      2556    276892   6397052     23.28   6201260    101476       308      5400
07:20:59 PM   1373672   1436576   6469244     81.83      2556    276924   6397052     23.28   6201260    101508       304      5400
07:21:04 PM   1373672   1436576   6469244     81.83      2556    276924   6397052     23.28   6201260    101508       304      5400
07:21:09 PM   1373672   1436576   6469244     81.83      2556    276924   6397052     23.28   6201260    101508       196      5400
07:21:14 PM   1373672   1436952   6468868     81.82      2556    277356   6397052     23.28   6201260    101884        24      5400
07:21:19 PM   1373672   1436952   6468868     81.82      2556    277356   6397052     23.28   6201260    101884        24      5400
07:21:24 PM   1373672   1437104   6468716     81.82      2556    277452   6397052     23.28   6201260    102036        96      5400
07:21:29 PM   1373672   1437104   6468716     81.82      2556    277452   6397052     23.28   6201260    102036       116      5400
07:21:34 PM   1373672   1437104   6468716     81.82      2556    277452   6397052     23.28   6201260    102036       116      5400
07:21:39 PM   1373672   1437104   6468716     81.82      2556    277452   6397052     23.28   6201260    102036       116      5400
07:21:44 PM   1373672   1437112   6468708     81.82      2556    277460   6397052     23.28   6201260    102044       124      5400
07:21:49 PM   1373672   1437112   6468708     81.82      2556    277460   6397052     23.28   6201260    102044        28      5400
07:21:54 PM   1372916   1434756   6471064     81.85      2556    277908   6397052     23.28   6201260    102492        28      5400
07:21:59 PM   1372916   1434756   6471064     81.85      2556    277988   6397052     23.28   6201260    102492        80      5400
07:22:04 PM   1372916   1434756   6471064     81.85      2556    277988   6397052     23.28   6201260    102492       100      5400
07:22:09 PM   1372916   1434836   6470984     81.85      2556    277988   6397052     23.28   6201260    102572       100      5400
07:22:14 PM   1372916   1434836   6470984     81.85      2556    277988   6397052     23.28   6201260    102572       100      5400
07:22:19 PM   1374876   1436796   6469024     81.83      2556    277988   6397052     23.28   6201148    102572       100      5400
07:22:24 PM   1374876   1436796   6469024     81.83      2556    277988   6397052     23.28   6201260    102572        20      5400
07:22:29 PM   1374624   1436792   6469028     81.83      2556    278292   6397052     23.28   6201260    102820        20      5400
07:22:34 PM   1374624   1436792   6469028     81.83      2556    278372   6397052     23.28   6201260    102820        80      5400
07:22:39 PM   1374624   1436928   6468892     81.82      2556    278372   6397052     23.28   6201260    102956       100      5400
07:22:44 PM   1374624   1436928   6468892     81.82      2556    278372   6397052     23.28   6201260    102956       100      5400
07:22:49 PM   1374624   1436928   6468892     81.82      2556    278372   6397052     23.28   6201264    102956       100      5400
07:22:54 PM   1374624   1436928   6468892     81.82      2556    278372   6397052     23.28   6201264    102956       100      5400
07:22:59 PM   1374624   1436928   6468892     81.82      2556    278372   6397052     23.28   6201264    102956        20      5400
07:23:04 PM   1374624   1437176   6468644     81.82      2556    278676   6397052     23.28   6201264    103204        20      5400
07:23:09 PM   1374624   1437232   6468588     81.82      2556    278756   6397052     23.28   6201264    103260        80      5400
07:23:14 PM   1374624   1437232   6468588     81.82      2556    278756   6397052     23.28   6201264    103260       100      5400
07:23:19 PM   1374624   1437312   6468508     81.82      2556    278756   6397052     23.28   6201264    103340       100      5400
07:23:24 PM   1374624   1437312   6468508     81.82      2556    278760   6397052     23.28   6201264    103340       104      5400
07:23:29 PM   1374624   1437316   6468504     81.82      2556    278760   6397052     23.28   6201264    103344       104      5400
07:23:34 PM   1374624   1437316   6468504     81.82      2556    278760   6397052     23.28   6201264    103344        24      5400
07:23:39 PM   1374372   1437312   6468508     81.82      2556    279016   6397052     23.28   6201264    103592        24      5400
07:23:44 PM   1374372   1437320   6468500     81.82      2556    279112   6397052     23.28   6201264    103600        96      5400
07:23:49 PM   1374372   1437416   6468404     81.82      2556    279112   6397052     23.28   6201264    103696       116      5400
07:23:54 PM   1374372   1437416   6468404     81.82      2556    279112   6397052     23.28   6201264    103696       116      5400
07:23:59 PM   1374372   1437420   6468400     81.82      2556    279116   6397052     23.28   6201264    103700       120      5400
07:24:04 PM   1374372   1437420   6468400     81.82      2556    279116   6397052     23.28   6201264    103700       120      5400
07:24:09 PM   1374372   1437420   6468400     81.82      2556    279116   6397052     23.28   6201264    103700        24      5400
07:24:14 PM   1374372   1437792   6468028     81.81      2556    279504   6397052     23.28   6201264    104072        28      5400
07:24:19 PM   1374372   1437912   6467908     81.81      2556    279600   6397052     23.28   6201264    104184        96      5400
07:24:24 PM   1374120   1437660   6468160     81.82      2556    279600   6397052     23.28   6201264    104184       116      5400
07:24:29 PM   1374120   1437660   6468160     81.82      2556    279600   6397052     23.28   6201264    104184       116      5400
07:24:34 PM   1374120   1437660   6468160     81.82      2556    279600   6397052     23.28   6201264    104184       116      5400
07:24:39 PM   1374120   1437660   6468160     81.82      2556    279600   6397052     23.28   6201264    104184       116      5400
07:24:44 PM   1374120   1437660   6468160     81.82      2556    279600   6397052     23.28   6201264    104184        20      5400
07:24:49 PM   1374120   1437980   6467840     81.81      2556    279920   6397052     23.28   6201264    104504        20      5400
07:24:54 PM   1374120   1437980   6467840     81.81      2556    280000   6397052     23.28   6201264    104504        80      5400
07:24:59 PM   1374120   1438060   6467760     81.81      2556    280000   6397052     23.28   6201268    104584       100      5400
07:25:04 PM   1374120   1438060   6467760     81.81      2556    280000   6397052     23.28   6201268    104584       100      5400
07:25:09 PM   1374120   1438060   6467760     81.81      2556    280000   6397052     23.28   6201268    104584       100      5400
07:25:14 PM   1374120   1438060   6467760     81.81      2556    280000   6397052     23.28   6201268    104584       100      5400
07:25:19 PM   1374120   1438060   6467760     81.81      2556    280000   6397052     23.28   6201268    104584        20      5400
07:25:24 PM   1374120   1438308   6467512     81.81      2556    280320   6397052     23.28   6201268    104832        20      5400
07:25:29 PM   1374120   1438468   6467352     81.80      2556    280408   6397052     23.28   6201272    104992        80      5400
07:25:34 PM   1374120   1438468   6467352     81.80      2556    280408   6397052     23.28   6201272    104992       100      5400
07:25:39 PM   1374120   1438548   6467272     81.80      2556    280488   6397052     23.28   6201272    105072       296      5400
07:25:44 PM   1374120   1438548   6467272     81.80      2556    280488   6397052     23.28   6201272    105072       296      5400
07:25:49 PM   1374120   1438548   6467272     81.80      2556    280488   6397052     23.28   6201272    105072       296      5400
07:25:54 PM   1374120   1438548   6467272     81.80      2556    280488   6397052     23.28   6201272    105072       136      5400
07:25:59 PM   1373868   1438744   6467076     81.80      2556    280936   6397052     23.28   6201272    105520       180      5400
07:26:04 PM   1373868   1438744   6467076     81.80      2556    281036   6397052     23.28   6201272    105520       256      5400
07:26:09 PM   1373628   1438600   6467220     81.80      2556    281036   6397052     23.28   6201272    105616       164      5400
07:26:14 PM   1373628   1438604   6467216     81.80      2556    281036   6397052     23.28   6201272    105620       164      5400
07:26:19 PM   1373628   1438604   6467216     81.80      2556    281036   6397052     23.28   6201272    105620       164      5400
07:26:24 PM   1373628   1438604   6467216     81.80      2556    281036   6397052     23.28   6201272    105620       164      5400
07:26:29 PM   1372872   1438096   6467724     81.81      2556    281404   6397052     23.28   6201272    105868        20      5400
07:26:34 PM   1372872   1438216   6467604     81.81      2556    281404   6397052     23.28   6201272    105988        20      5400
07:26:39 PM   1372620   1437964   6467856     81.81      2556    281500   6397052     23.28   6201272    105988        96      5400
07:26:44 PM   1372620   1438060   6467760     81.81      2556    281500   6397052     23.28   6201272    106084       116      5400
07:26:49 PM   1372620   1438060   6467760     81.81      2556    281500   6397052     23.28   6201272    106084       116      5400
07:26:54 PM   1372620   1438060   6467760     81.81      2556    281500   6397052     23.28   6201272    106084       116      5400
07:26:59 PM   1372620   1438060   6467760     81.81      2556    281500   6397052     23.28   6201272    106084       116      5400
07:27:04 PM   1372620   1438060   6467760     81.81      2556    281500   6397052     23.28   6201272    106084        20      5400
07:27:09 PM   1372620   1438308   6467512     81.81      2556    281788   6397052     23.28   6201272    106332        20      5400
07:27:14 PM   1372368   1438096   6467724     81.81      2556    281868   6397052     23.28   6201272    106372        80      5400
07:27:19 PM   1372368   1438180   6467640     81.81      2556    281872   6397052     23.28   6201156    106456       104      5400
07:27:24 PM   1372368   1438180   6467640     81.81      2556    281872   6397052     23.28   6201280    106456       104      5400
07:27:29 PM   1372368   1438180   6467640     81.81      2556    281872   6397052     23.28   6201280    106456       104      5400
07:27:34 PM   1372368   1438180   6467640     81.81      2556    281872   6397052     23.28   6201280    106456       104      5400
07:27:39 PM   1372368   1438180   6467640     81.81      2556    281872   6397052     23.28   6201280    106456        24      5400
07:27:44 PM   1372116   1438248   6467572     81.81      2556    282192   6397052     23.28   6201280    106776        24      5400
07:27:49 PM   1372116   1438248   6467572     81.81      2556    282288   6397052     23.28   6201280    106776        96      5400
07:27:54 PM   1372116   1438344   6467476     81.81      2556    282288   6397052     23.28   6201280    106872       116      5400
07:27:59 PM   1372116   1438344   6467476     81.81      2556    282288   6397052     23.28   6201280    106872       116      5400
07:28:04 PM   1372116   1438344   6467476     81.81      2556    282288   6397052     23.28   6201280    106872       116      5400
07:28:09 PM   1372116   1438344   6467476     81.81      2556    282288   6397052     23.28   6201280    106872       116      5400
07:28:14 PM   1372116   1438344   6467476     81.81      2556    282288   6397052     23.28   6201280    106872        20      5400
07:28:19 PM   1371864   1436168   6469652     81.83      2556    282624   6397052     23.28   6201280    106996        20      5400
07:28:24 PM   1371864   1436476   6469344     81.83      2556    282720   6397052     23.28   6201280    107304        96      5400
07:28:29 PM   1371864   1436476   6469344     81.83      2556    282720   6397052     23.28   6201280    107304       116      5400
07:28:34 PM   1371864   1436476   6469344     81.83      2556    282720   6397052     23.28   6201280    107304       116      5400
07:28:39 PM   1371864   1436476   6469344     81.83      2556    282724   6397052     23.28   6201280    107304       120      5400
07:28:44 PM   1369916   1434532   6471288     81.85      2556    282724   6397052     23.28   6201280    107308       120      5400
07:28:49 PM   1369916   1434532   6471288     81.85      2556    282724   6397052     23.28   6201280    107308        24      5400
07:28:54 PM   1369160   1434128   6471692     81.86      2556    283076   6397052     23.28   6201280    107660        24      5400
07:28:59 PM   1369160   1434128   6471692     81.86      2556    283172   6397052     23.28   6201280    107660        96      5400
07:29:04 PM   1369160   1434224   6471596     81.86      2556    283172   6397052     23.28   6201280    107756       116      5400
07:29:09 PM   1369160   1434224   6471596     81.86      2556    283180   6397052     23.28   6201280    107756       124      5400
07:29:14 PM   1369160   1434232   6471588     81.86      2556    283180   6397052     23.28   6201280    107764       124      5400
07:29:19 PM   1369160   1434232   6471588     81.86      2556    283180   6397052     23.28   6201280    107764       124      5400
07:29:24 PM   1369160   1434232   6471588     81.86      2556    283180   6397052     23.28   6201280    107764        28      5400
07:29:29 PM   1369160   1434480   6471340     81.86      2556    283468   6397052     23.28   6201280    108012        28      5400
07:29:34 PM   1369160   1434616   6471204     81.85      2556    283564   6397052     23.28   6201280    108148        96      5400
07:29:39 PM   1369160   1434616   6471204     81.85      2556    283564   6397052     23.28   6201280    108148       116      5400
07:29:44 PM   1369160   1434616   6471204     81.85      2556    283564   6397052     23.28   6201280    108148       116      5400
07:29:49 PM   1369160   1434616   6471204     81.85      2556    283564   6397052     23.28   6201280    108148       116      5400
07:29:54 PM   1369160   1434616   6471204     81.85      2556    283564   6397052     23.28   6201280    108148       116      5400
07:29:59 PM   1369160   1434616   6471204     81.85      2556    283564   6397052     23.28   6199916    108148        20      5400
07:30:04 PM   1368616   1434320   6471500     81.86      2556    283900   6397052     23.28   6199916    108396        20      5400
07:30:09 PM   1368616   1434408   6471412     81.86      2556    283980   6397052     23.28   6199916    108484        80      5400
07:30:14 PM   1368616   1434408   6471412     81.86      2556    283980   6397052     23.28   6199916    108484       100      5400
07:30:19 PM   1368616   1434488   6471332     81.86      2556    283980   6397052     23.28   6199916    108564       100      5400
07:30:24 PM   1368616   1434488   6471332     81.86      2556    283984   6397052     23.28   6199916    108564       104      5400
07:30:29 PM   1368840   1434716   6471104     81.85      2556    283984   6397052     23.28   6199916    108568       104      5400
07:30:34 PM   1368840   1434716   6471104     81.85      2556    283988   6397052     23.28   6199916    108568        28      5400
07:30:39 PM   1368588   1434764   6471056     81.85      2556    284420   6397052     23.28   6199916    108868       184      5400
07:30:44 PM   1368588   1434976   6470844     81.85      2556    284564   6397052     23.28   6199916    109080       300      5400
07:30:49 PM   1368588   1435044   6470776     81.85      2556    284564   6397052     23.28   6199916    109148       320      5400
07:30:54 PM   1368588   1435044   6470776     81.85      2556    284564   6397052     23.28   6199916    109148       320      5400
07:30:59 PM   1368336   1434824   6470996     81.85      2556    284596   6397052     23.28   6199916    109180       316      5400
07:31:04 PM   1368336   1434824   6470996     81.85      2556    284596   6397052     23.28   6199916    109180       316      5400
07:31:09 PM   1368336   1435168   6470652     81.85      2556    284940   6397052     23.28   6199916    109524        20      5400
07:31:14 PM   1368336   1435196   6470624     81.85      2556    285016   6397052     23.28   6199916    109552        24      5400
07:31:19 PM   1368336   1435340   6470480     81.84      2556    285112   6397052     23.28   6199916    109696        96      5400
07:31:24 PM   1368336   1435340   6470480     81.84      2556    285112   6397052     23.28   6199916    109696       116      5400
07:31:29 PM   1368336   1435340   6470480     81.84      2556    285112   6397052     23.28   6199916    109696       116      5400
07:31:34 PM   1368336   1435340   6470480     81.84      2556    285112   6397052     23.28   6199916    109696       116      5400
07:31:39 PM   1368336   1435340   6470480     81.84      2556    285112   6397052     23.28   6199916    109696       116      5400
07:31:44 PM   1376024   1443020   6462800     81.75      2556    285104   6397052     23.28   6188864    109688        20      5400
07:31:49 PM   1389564   1456960   6448860     81.57      2556    285504   6397052     23.28   6162880    110088        20      5400
07:31:54 PM   1412880   1480244   6425576     81.28      2556    285568   6397052     23.28   6137264    110088        96      5400
07:31:59 PM   1411668   1479124   6426696     81.29      2556    285564   6397052     23.28   6144068    110184       116      5400
07:32:04 PM   1446624   1514080   6391740     80.85      2556    285616   6397052     23.28   6092956    110184       116      5400
07:32:09 PM   1456112   1523616   6382204     80.73      2556    285612   6397052     23.28   6079408    110180       116      5400
07:32:14 PM   1464036   1529296   6376524     80.66      2556    283368   6397052     23.28   6072080    107940       116      5400
07:32:19 PM   1465712   1529712   6376108     80.65      2556    282108   6397052     23.28   6060500    106640        20      5400
07:32:24 PM   1479008   1543324   6362496     80.48      2556    282496   6397052     23.28   6056180    106960        20      5400
07:32:29 PM   1515200   1578424   6327396     80.03      2556    281328   6397052     23.28   6023096    105860        80      5400
07:32:34 PM   1541188   1604412   6301408     79.71      2556    281328   6397052     23.28   5992376    105860       100      5400
07:32:39 PM   1587420   1650636   6255184     79.12      2556    281320   6397052     23.28   5950200    105852       100      5400
07:32:44 PM   1600796   1663588   6242232     78.96      2556    280904   6397052     23.28   5941784    105432       100      5400
07:32:49 PM   1600544   1663336   6242484     78.96      2556    280900   6397052     23.28   5935268    105428       100      5400
07:32:54 PM   1514108   1576896   6328924     80.05      2556    280908   6397052     23.28   6015608    105428        28      5400
07:32:59 PM   1509760   1572840   6332980     80.11      2556    281192   6397052     23.28   6015748    105720        28      5400
07:33:04 PM   1428364   1491444   6414376     81.13      2556    281272   6397052     23.28   6128240    105720        80      5400
07:33:09 PM   1428364   1491524   6414296     81.13      2556    281272   6397052     23.28   6128240    105800       100      5400
07:33:14 PM   1428364   1491524   6414296     81.13      2556    281272   6397052     23.28   6128256    105800       100      5400
07:33:19 PM   1428364   1491524   6414296     81.13      2556    281272   6397052     23.28   6128256    105800       100      5400
07:33:24 PM   1428364   1491524   6414296     81.13      2556    281276   6397052     23.28   6128256    105800       104      5400
07:33:29 PM   1428364   1491524   6414296     81.13      2556    281276   6397052     23.28   6128340    105800        24      5400
07:33:34 PM   1427860   1491396   6414424     81.14      2556    281664   6397052     23.28   6128276    106176        24      5400
07:33:39 PM   1427860   1491396   6414424     81.14      2556    281764   6397052     23.28   6128276    106176        96      5400
07:33:44 PM   1423764   1487416   6418404     81.19      2556    281764   6397052     23.28   6128376    106292       116      5400
07:33:49 PM   1423764   1487416   6418404     81.19      2556    281768   6397052     23.28   6128376    106292       120      5400
07:33:54 PM   1423764   1487420   6418400     81.19      2556    281768   6397052     23.28   6128376    106296       120      5400
07:33:59 PM   1419636   1483292   6422528     81.24      2556    281768   6397052     23.28   6141448    106296       120      5400
07:34:04 PM   1375380   1439036   6466784     81.80      2556    281768   6397052     23.28   6200884    106296        24      5400
07:34:09 PM   1374888   1438792   6467028     81.80      2556    282028   6397052     23.28   6200884    106544        24      5400
07:34:14 PM   1374888   1438804   6467016     81.80      2556    282124   6397052     23.28   6200884    106556        96      5400
07:34:19 PM   1374888   1438804   6467016     81.80      2556    282124   6397052     23.28   6200884    106556       116      5400
07:34:24 PM   1374888   1438900   6466920     81.80      2556    282124   6397052     23.28   6200884    106652       116      5400
07:34:29 PM   1374888   1438900   6466920     81.80      2556    282124   6397052     23.28   6200884    106652       116      5400
07:34:34 PM   1370792   1434804   6471016     81.85      2556    282124   6397052     23.28   6200884    106652       116      5400
07:34:39 PM   1370792   1434804   6471016     81.85      2556    282124   6397052     23.28   6200884    106652        20      5400
07:34:44 PM   1370540   1434800   6471020     81.85      2556    282460   6397052     23.28   6200884    106900        20      5400
07:34:49 PM   1370540   1434800   6471020     81.85      2556    282540   6397052     23.28   6200884    106900        80      5400
07:34:54 PM   1370540   1434968   6470852     81.85      2556    282608   6397052     23.28   6200888    107068       260      5400
07:34:59 PM   1370288   1434716   6471104     81.85      2556    282672   6397052     23.28   6200888    107068       300      5400
07:35:04 PM   1365700   1430256   6475564     81.91      2556    282668   6397052     23.28   6200888    107196       296      5400
07:35:09 PM   1365700   1430256   6475564     81.91      2556    282668   6397052     23.28   6200888    107196       296      5400
07:35:14 PM   1367516   1432072   6473748     81.89      2556    282668   6397052     23.28   6200888    107196       136      5400
07:35:19 PM   1367516   1432444   6473376     81.88      2556    283052   6397052     23.28   6200888    107568       136      5400
07:35:24 PM   1366856   1431876   6473944     81.89      2556    283132   6397052     23.28   6200888    107660       196      5400
07:35:29 PM   1366856   1431876   6473944     81.89      2556    283132   6397052     23.28   6200888    107660       100      5400
07:35:34 PM   1366632   1431652   6474168     81.89      2556    283132   6397052     23.28   6200888    107660       100      5400
07:35:39 PM   1366632   1431700   6474120     81.89      2556    283212   6397052     23.28   6200888    107708       292      5400
07:35:44 PM   1366632   1431732   6474088     81.89      2556    283212   6397052     23.28   6200888    107740       292      5400
07:35:49 PM   1366632   1431732   6474088     81.89      2556    283260   6397052     23.28   6200888    107740       180      5400
07:35:54 PM   1365868   1431304   6474516     81.90      2556    283548   6397052     23.28   6200888    108076       132      5400
07:35:59 PM   1365868   1431336   6474484     81.90      2556    283740   6397052     23.28   6200888    108108       264      5400
07:36:04 PM   1365868   1431512   6474308     81.89      2556    283756   6397052     23.28   6200904    108268       284      5400
07:36:09 PM   1365868   1431512   6474308     81.89      2556    283756   6397052     23.28   6200904    108268       180      5400
07:36:14 PM   1365868   1431512   6474308     81.89      2556    283756   6397052     23.28   6200904    108268       180      5400
07:36:19 PM   1370272   1435916   6469904     81.84      2556    283756   6397052     23.28   6188448    108268        20      5400
07:36:24 PM   1370272   1435904   6469916     81.84      2556    283740   6397052     23.28   6188440    108264        24      5396
07:36:29 PM   1370020   1435900   6469920     81.84      2556    284048   6397052     23.28   6188440    108512        28      5396
07:36:34 PM   1371160   1437220   6468600     81.82      2556    284168   6397052     23.28   6188488    108692       112      5396
07:36:39 PM   1371160   1437220   6468600     81.82      2556    284168   6397052     23.28   6188488    108692       132      5396
07:36:44 PM   1372000   1438060   6467760     81.81      2556    284168   6397052     23.28   6188488    108692       132      5396
07:36:49 PM   1372000   1438060   6467760     81.81      2556    284168   6397052     23.28   6188488    108692       132      5396
07:36:54 PM   1372144   1438204   6467616     81.81      2556    284168   6397052     23.28   6188556    108692       132      5396
07:36:59 PM   1372224   1438284   6467536     81.81      2556    284248   6397052     23.28   6188492    108692       156      5396
07:37:04 PM   1370176   1436652   6469168     81.83      2556    284636   6397052     23.28   6188492    109108       160      5396
07:37:09 PM   1370176   1436704   6469116     81.83      2556    284732   6397052     23.28   6188496    109160       232      5396
07:37:14 PM   1381804   1448320   6457500     81.68      2556    284732   6397052     23.28   6170800    109148       252      5396
07:37:19 PM   1394260   1460692   6445128     81.52      2556    284528   6397052     23.28   6153804    109240       252      5384
07:37:24 PM   1424148   1490576   6415244     81.15      2556    284516   6397052     23.28   6146980    109236       252      5384
07:37:29 PM   1437444   1503876   6401944     80.98      2556    284564   6397052     23.28   6141080    109236       164      5384
07:37:34 PM   1437444   1503876   6401944     80.98      2556    284564   6397052     23.28   6141080    109236        20      5384
07:37:39 PM   1437192   1503920   6401900     80.98      2556    284916   6397052     23.28   6141092    109532        20      5384
07:37:44 PM   1437020   1503748   6402072     80.98      2556    285012   6397052     23.28   6141092    109532        96      5384
07:37:49 PM   1436940   1503868   6401952     80.98      2556    285012   6397052     23.28   6141092    109732       116      5384
07:37:54 PM   1436940   1503868   6401952     80.98      2556    285012   6397052     23.28   6141092    109732       116      5384
07:37:59 PM   1436940   1503868   6401952     80.98      2556    285012   6397052     23.28   6141296    109732       116      5384
07:38:04 PM   1161980   1228908   6676912     84.46      2556    285012   6644096     24.18   6417840    109732       116      5384
07:38:09 PM   1164616   1231544   6674276     84.42      2556    285012   6644096     24.18   6417840    109732        20      5384
07:38:14 PM   1403408   1470584   6435236     81.40      2556    285340   6397052     23.28   6170796    109980        20      5392
07:38:19 PM   1401948   1469276   6436544     81.42      2556    285420   6397052     23.28   6170804    110132        80      5392
07:38:24 PM   1401948   1469276   6436544     81.42      2556    285420   6397052     23.28   6170804    110132       100      5392
07:38:29 PM   1400676   1468004   6437816     81.43      2556    285420   6397052     23.28   6170804    110132       100      5392
07:38:34 PM   1400676   1468004   6437816     81.43      2556    285420   6397052     23.28   6170804    110132       100      5392
07:38:39 PM   1392736   1460064   6445756     81.53      2556    285420   6397052     23.28   6170804    110132       100      5392
07:38:44 PM   1392736   1460064   6445756     81.53      2556    285420   6397052     23.28   6170804    110132        20      5392
07:38:49 PM   1391160   1458760   6447060     81.55      2556    285692   6397052     23.28   6170804    110404        20      5392
07:38:54 PM   1390732   1458332   6447488     81.55      2556    285772   6397052     23.28   6170804    110404        80      5392
07:38:59 PM   1391124   1458808   6447012     81.55      2556    285776   6397052     23.28   6170804    110488       104      5392
07:39:04 PM   1394364   1462048   6443772     81.51      2556    285776   6397052     23.28   6170804    110488       104      5392
07:39:09 PM   1393672   1461356   6444464     81.52      2556    285776   6397052     23.28   6170804    110488       104      5392
07:39:14 PM   1393672   1461356   6444464     81.52      2556    285776   6397052     23.28   6170804    110488       104      5392
07:39:19 PM   1392576   1460260   6445560     81.53      2556    285776   6397052     23.28   6170804    110488        24      5392
07:39:24 PM   1392324   1460256   6445564     81.53      2556    286064   6397052     23.28   6170804    110736        24      5392
07:39:29 PM   1390764   1458852   6446968     81.55      2556    286180   6397052     23.28   6170804    110892       112      5392
07:39:34 PM   1390764   1458852   6446968     81.55      2556    286180   6397052     23.28   6170804    110892       132      5392
07:39:39 PM   1393184   1461272   6444548     81.52      2556    286180   6397052     23.28   6170804    110892       132      5392
07:39:44 PM   1393184   1461272   6444548     81.52      2556    286180   6397052     23.28   6170804    110892       132      5392
07:39:49 PM   1393184   1461272   6444548     81.52      2556    286180   6397052     23.28   6170804    110892       132      5392
07:39:54 PM   1393184   1461272   6444548     81.52      2556    286180   6397052     23.28   6170804    110892        20      5392
07:39:59 PM   1392488   1460848   6444972     81.52      2556    286452   6397052     23.28   6170804    111164        20      5392
07:40:04 PM   1392488   1460848   6444972     81.52      2556    286548   6397052     23.28   6170804    111164        96      5392
07:40:09 PM   1393404   1461860   6443960     81.51      2556    286548   6397052     23.28   6170804    111260       116      5392
07:40:14 PM   1393404   1461860   6443960     81.51      2556    286548   6397052     23.28   6170804    111260       116      5392
07:40:19 PM   1391796   1460260   6445560     81.53      2556    286556   6397052     23.28   6170804    111268       124      5392
07:40:24 PM   1391796   1460260   6445560     81.53      2556    286556   6397052     23.28   6170804    111268       124      5392
07:40:29 PM   1391500   1459964   6445856     81.53      2556    286556   6397052     23.28   6170868    111268        28      5392
07:40:34 PM   1391128   1459840   6445980     81.53      2556    286908   6397052     23.28   6170804    111516        28      5392
07:40:39 PM   1392192   1461000   6444820     81.52      2556    287084   6397052     23.28   6170868    111612       284      5392
07:40:44 PM   1392320   1461312   6444508     81.52      2556    287084   6397052     23.28   6170804    111796       304      5392
07:40:49 PM   1392320   1461312   6444508     81.52      2556    287084   6397052     23.28   6170804    111796       308      5392
07:40:54 PM   1362332   1431324   6474496     81.90      2556    287084   6397052     23.28   6201160    111796       308      5392
07:40:59 PM   1362092   1431116   6474704     81.90      2556    287156   6397052     23.28   6201160    111828       196      5400
07:41:04 PM   1362092   1431148   6474672     81.90      2556    287156   6397052     23.28   6201172    111860        20      5400
07:41:09 PM   1361336   1430640   6475180     81.90      2556    287508   6397052     23.28   6201172    112108        20      5400
07:41:14 PM   1364748   1434156   6471664     81.86      2556    287588   6397052     23.28   6201172    112212        80      5400
07:41:19 PM   1364748   1434156   6471664     81.86      2556    287588   6397052     23.28   6201172    112212       100      5400
07:41:24 PM   1364524   1434012   6471808     81.86      2556    287588   6397052     23.28   6201172    112292       100      5400
07:41:29 PM   1364524   1434012   6471808     81.86      2556    287588   6397052     23.28   6201172    112292       100      5400
07:41:34 PM   1364248   1433740   6472080     81.86      2556    287592   6397052     23.28   6201172    112296       104      5400
07:41:39 PM   1364248   1433740   6472080     81.86      2556    287592   6397052     23.28   6201172    112296        24      5400
07:41:44 PM   1363996   1433736   6472084     81.86      2556    287880   6397052     23.28   6201172    112544        24      5400
07:41:49 PM   1363744   1433524   6472296     81.87      2556    287976   6397052     23.28   6201172    112584        96      5400
07:41:54 PM   1363744   1433620   6472200     81.87      2556    287976   6397052     23.28   6201172    112680       116      5400
07:41:59 PM   1363492   1433368   6472452     81.87      2556    287976   6397052     23.28   6201172    112680       116      5400
07:42:04 PM   1363492   1433368   6472452     81.87      2556    287976   6397052     23.28   6201176    112680       116      5400
07:42:09 PM   1363492   1433368   6472452     81.87      2556    287976   6397052     23.28   6201176    112680       116      5400
07:42:14 PM   1363492   1433368   6472452     81.87      2556    287976   6397052     23.28   6201176    112680        20      5400
07:42:19 PM   1363240   1433364   6472456     81.87      2556    288232   6397052     23.28   6201176    112928        20      5400
07:42:24 PM   1362740   1432968   6472852     81.87      2556    288328   6397052     23.28   6201056    113032        96      5400
07:42:29 PM   1362740   1432968   6472852     81.87      2556    288328   6397052     23.28   6201056    113032       116      5400
07:42:34 PM   1362740   1432972   6472848     81.87      2556    288332   6397052     23.28   6201172    113036       120      5400
07:42:39 PM   1362740   1432972   6472848     81.87      2556    288332   6397052     23.28   6201172    113036       120      5400
07:42:44 PM   1362740   1432972   6472848     81.87      2556    288332   6397052     23.28   6201172    113036       120      5400
07:42:49 PM   1362740   1432972   6472848     81.87      2556    288332   6397052     23.28   6201172    113036        24      5400
07:42:54 PM   1362488   1433056   6472764     81.87      2556    288668   6397052     23.28   6201172    113372        24      5400
07:42:59 PM   1362488   1433056   6472764     81.87      2556    288764   6397052     23.28   6201172    113372        96      5400
07:43:04 PM   1362488   1433152   6472668     81.87      2556    288764   6397052     23.28   6201172    113468       116      5400
07:43:09 PM   1362488   1433152   6472668     81.87      2556    288764   6397052     23.28   6201172    113468       116      5400
07:43:14 PM   1362488   1433152   6472668     81.87      2556    288764   6397052     23.28   6201172    113468       116      5400
07:43:19 PM   1362488   1433152   6472668     81.87      2556    288764   6397052     23.28   6201172    113468       116      5400
07:43:24 PM   1362488   1433152   6472668     81.87      2556    288764   6397052     23.28   6201172    113468        20      5400
07:43:29 PM   1361984   1432896   6472924     81.88      2556    289052   6397052     23.28   6201172    113716        20      5400
07:43:34 PM   1361984   1433032   6472788     81.87      2556    289148   6397052     23.28   6201172    113852        96      5400
07:43:39 PM   1361984   1433032   6472788     81.87      2556    289152   6397052     23.28   6201172    113852       120      5400
07:43:44 PM   1361984   1433036   6472784     81.87      2556    289152   6397052     23.28   6201172    113856       120      5400
07:43:49 PM   1361984   1433036   6472784     81.87      2556    289152   6397052     23.28   6201172    113856       120      5400
07:43:54 PM   1361984   1433036   6472784     81.87      2556    289152   6397052     23.28   6201172    113856       120      5400
07:43:59 PM   1361984   1433036   6472784     81.87      2556    289160   6397052     23.28   6201172    113856        32      5400
07:44:04 PM   1361732   1433032   6472788     81.87      2556    289496   6397052     23.28   6201172    114104        32      5400
07:44:09 PM   1370844   1442244   6463576     81.76      2556    289612   6397052     23.28   6183472    114204       112      5400
07:44:14 PM   1389492   1460952   6444868     81.52      2556    289592   6397052     23.28   6159168    114264       132      5400
07:44:19 PM   1397040   1468516   6437304     81.42      2556    289576   6397052     23.28   6156816    114292       132      5400
07:44:24 PM   1417924   1489400   6416420     81.16      2556    289576   6397052     23.28   6152464    114292       132      5400
07:44:29 PM   1417924   1489400   6416420     81.16      2556    289576   6397052     23.28   6152464    114292       132      5400
07:44:34 PM   1417924   1489400   6416420     81.16      2556    289576   6397052     23.28   6152464    114292        20      5400
07:44:39 PM    222828    299720   7606100     96.21      2556    295256   8403156     30.58   7348880    114524        20      5572
07:44:44 PM    149756     89556   7816264     98.87        20    140944   8403156     30.58   4827280   2728836       292      5408
07:44:49 PM    149572     89500   7816320     98.87        20    141132   8403156     30.58   4827472   2728908       312      5408
07:44:54 PM    149572     89500   7816320     98.87        20    141132   8403156     30.58   4827472   2728908       312      5408
07:44:59 PM    149572     89500   7816320     98.87        20    141132   8403156     30.58   4827472   2728908       312      5408
07:45:04 PM    149572     89500   7816320     98.87        20    141132   8403156     30.58   4827472   2728908       312      5408
07:45:09 PM    149572     89500   7816320     98.87        20    141132   8403156     30.58   4827472   2728908       184      5408
07:45:14 PM    148564     89372   7816448     98.87        32    143020   8403156     30.58   4828728   2729424        20      5408
07:45:19 PM    148564     89480   7816340     98.87        32    143100   8403156     30.58   4828732   2729640        80      5408
07:45:24 PM    148564     89480   7816340     98.87        32    143100   8403156     30.58   4828732   2729640       100      5408
07:45:29 PM    148564     89480   7816340     98.87        32    143100   8403156     30.58   4828732   2729640       100      5408
07:45:34 PM    148564     89480   7816340     98.87        32    143104   8403156     30.58   4828732   2729640       104      5408
07:45:39 PM    148564     89524   7816296     98.87        32    143232   8403156     30.58   4828736   2729724       292      5408
07:45:44 PM    148564     89524   7816296     98.87        32    143280   8403156     30.58   4828736   2729724       180      5408
07:45:49 PM    162044    102540   7803280     98.70        32    142408   8403156     30.58   5143588   2390112       156      5408
07:45:54 PM    161820    102316   7803504     98.71        32    142416   8403156     30.58   5143588   2390112       176      5408
07:45:59 PM    161568    102160   7803660     98.71        32    142448   8403156     30.58   5143588   2390300       208      5408
07:46:04 PM    161568    102160   7803660     98.71        32    142448   8403156     30.58   5143588   2390300       208      5408
07:46:09 PM    161568    102160   7803660     98.71        32    142448   8403156     30.58   5143588   2390300       208      5408
07:46:14 PM    161568    102160   7803660     98.71        32    142516   8403156     30.58   5143588   2390300       208      5408
07:46:19 PM    161420    102044   7803776     98.71        32    142688   8403156     30.58   5143600   2390368        20      5408
07:46:24 PM    138204     78900   7826920     99.00        32    142820   8403156     30.58   5161888   2390508        80      5408
07:46:29 PM    129776     66124   7839696     99.16        32    133960   8403156     30.58   5940580   1605928       100      5408
07:46:34 PM    129552     65900   7839920     99.17        32    133960   8403156     30.58   5940580   1605928       100      5408
07:46:39 PM    128908     65256   7840564     99.17        32    133960   8403156     30.58   5940580   1605928       100      5408
07:46:44 PM    128908     65256   7840564     99.17        32    133964   8403156     30.58   5940580   1605928       104      5408
07:46:49 PM    123856     60204   7845616     99.24        32    133964   8403156     30.58   5940580   1605932       104      5408
07:46:54 PM    123856     60328   7845492     99.24        32    134220   8403156     30.58   5940580   1606180        24      5408
07:46:59 PM    123760     60300   7845520     99.24        32    134348   8403156     30.58   5940580   1606316        96      5408
07:47:04 PM    123536     60076   7845744     99.24        32    134348   8403156     30.58   5940580   1606316       116      5408
07:47:09 PM    123068     59608   7846212     99.25        32    134348   8403156     30.58   5940580   1606316       116      5408
07:47:14 PM    123068     59608   7846212     99.25        32    134348   8403156     30.58   5940580   1606316       116      5408
07:47:19 PM    117244     53784   7852036     99.32        32    134348   8403156     30.58   5940580   1606316       116      5408
07:47:24 PM    166920    105328   7800492     98.67        32    138156   8403156     30.58   6027160   1486580        20      5408
07:47:29 PM    166444    105040   7800780     98.67        32    138460   8403156     30.58   6027380   1486884        20      5408
07:47:34 PM    166444    105040   7800780     98.67        32    138540   8403156     30.58   6027380   1486884        80      5408
07:47:39 PM    166444    105040   7800780     98.67        32    138540   8403156     30.58   6027380   1486884       100      5408
07:47:44 PM    166444    105080   7800740     98.67        32    138548   8403156     30.58   6027380   1486964       108      5408
07:47:49 PM    166444    105080   7800740     98.67        32    138548   8403156     30.58   6027380   1486964       108      5408
07:47:54 PM    166444    105084   7800736     98.67        32    138552   8403156     30.58   6027380   1486972       108      5408
07:47:59 PM    166444    105084   7800736     98.67        32    138552   8403156     30.58   6027380   1486972        28      5408
07:48:04 PM    166192    104960   7800860     98.67        32    138824   8403156     30.58   6027380   1487224        28      5408
07:48:09 PM    165212    103980   7801840     98.68        32    138920   8403156     30.58   6027380   1487224        96      5408
07:48:14 PM    160384     99212   7806608     98.75        32    138920   8403156     30.58   6027380   1487344       116      5408
07:48:19 PM    160384     99212   7806608     98.75        32    138920   8403156     30.58   6027380   1487344       116      5408
07:48:24 PM    160384     99212   7806608     98.75        32    138920   8403156     30.58   6027380   1487344       116      5408
07:48:29 PM    160384     99644   7806176     98.74        32    139864   8403156     30.58   6028248   1487344       116      5408
07:48:34 PM    160160     99460   7806360     98.74        32    139864   8403156     30.58   6028324   1487344        20      5408
07:48:39 PM    160160     99584   7806236     98.74        32    140172   8403156     30.58   6028324   1487592        24      5408
07:48:44 PM    160160     99652   7806168     98.74        32    140252   8403156     30.58   6028324   1487732        80      5408
07:48:49 PM    160160     99652   7806168     98.74        32    140252   8403156     30.58   6028324   1487732       100      5408
07:48:54 PM    160160     99652   7806168     98.74        32    140252   8403156     30.58   6028324   1487732       100      5408
07:48:59 PM    122144     16944   7888876     99.79        20     51124   8403156     30.58   4517780   3043776       100      5288
07:49:04 PM    119488     14984   7890836     99.81        20     52620   8403156     30.58   4519388   3043776       100      5288
07:49:09 PM    119488     14984   7890836     99.81        20     52620   8403156     30.58   4519388   3043776        20      5288
07:49:14 PM    195104     94580   7811240     98.80        32     60456   8403156     30.58   1501452   5970560        20      5288
07:49:19 PM    195104     94828   7810992     98.80        32     61100   8403156     30.58   1501944   5970564        80      5288
07:49:24 PM    195104     94940   7810880     98.80        32     61100   8403156     30.58   1502092   5970644       100      5288
07:49:29 PM    134320     36368   7869452     99.54        32     65588   8403156     30.58   1573048   5970644       100      5288
07:49:34 PM    130288     34028   7871792     99.57        32     68908   8403156     30.58   1576432   5970644       100      5288
07:49:39 PM    122584     28560   7877260     99.64        32     73380   8403156     30.58   1580904   5970644       100      5288
07:49:44 PM    122488     28512   7877308     99.64        32     73472   8403156     30.58   1580952   5970692        20      5288
07:49:49 PM    132872     38664   7867156     99.51        32     73116   8403156     30.58   2058996   5450932        20      5288
07:49:54 PM    132648     38532   7867288     99.51        32     73196   8403156     30.58   2059000   5451116        80      5288
07:49:59 PM    132648     38532   7867288     99.51        32     73196   8403156     30.58   2059004   5451116       100      5288
07:50:04 PM    171036     82184   7823636     98.96        32     83724   8403156     30.58   2340624   5073364       100      5288
07:50:09 PM    171368     82516   7823304     98.96        32     83724   8403156     30.58   2340624   5073364       100      5288
07:50:14 PM    165568     76720   7829100     99.03        32     83728   8403156     30.58   2340628   5073368       104      5288
07:50:19 PM    168448     79600   7826220     98.99        32     83728   8403156     30.58   2340628   5073368        24      5288
07:50:24 PM    168016     82076   7823744     98.96        32     89732   8403156     30.58   2346184   5073704        24      5288
07:50:29 PM    167792     81924   7823896     98.96        32     89812   8403156     30.58   2346300   5073784        80      5288
07:50:34 PM    167036     81464   7824356     98.97        32     90284   8403156     30.58   2347088   5073784       100      5288
07:50:39 PM    159224     78472   7827348     99.01        32     99920   8403156     30.58   2356752   5073944       288      5288
07:50:44 PM    159224     78472   7827348     99.01        32     99920   8403156     30.58   2356792   5073944       288      5288
07:50:49 PM     89984      9308   7896512     99.88        32    100076   8403156     30.58   2662508   4848840       196      5288
07:50:54 PM    213700    119940   7785880     98.48        32     74000   8403156     30.58   1811004   5500076       100      5288
07:50:59 PM    204656    113672   7792148     98.56        32     79692   8403156     30.58   1816360   5500292       124      5288
07:51:04 PM    179132     88432   7817388     98.88        32     80352   8403156     30.58   1857988   5497964       124      5288
07:51:09 PM    160156     70232   7835588     99.11        32     81756   8403156     30.58   1881344   5488296       124      5288
07:51:14 PM    158392     68468   7837352     99.13        32     81756   8403156     30.58   1881140   5480104       124      5288
07:51:19 PM    158392     68516   7837304     99.13        32     81756   8403156     30.58   1881308   5480104       124      5288
07:51:24 PM    158168     68292   7837528     99.14        32     81844   8403156     30.58   1881308   5480104       184      5288
07:51:29 PM    158168     68336   7837484     99.14        32     81844   8403156     30.58   1881312   5480192       100      5288
07:51:34 PM    158168     68336   7837484     99.14        32     81844   8403156     30.58   1881312   5480192       100      5288
07:51:39 PM    158168     68336   7837484     99.14        32     81844   8403156     30.58   1881316   5480192       100      5288
07:51:44 PM    158168     68336   7837484     99.14        32     81848   8403156     30.58   1881320   5480192       104      5288
07:51:49 PM    158168     68340   7837480     99.14        32     81848   8403156     30.58   1881320   5480196       104      5288
07:51:54 PM    154136     64556   7841264     99.18        32     82396   8403156     30.58   1881320   5480692        28      5288
07:51:59 PM    154136     64700   7841120     99.18        32     82664   8403156     30.58   1881456   5480860        80      5288
07:52:04 PM    154136     64700   7841120     99.18        32     82664   8403156     30.58   1881512   5480860       100      5288
07:52:09 PM    154136     64716   7841104     99.18        32     82664   8403156     30.58   1881552   5480860       100      5288
07:52:14 PM    154136     64716   7841104     99.18        32     82664   8403156     30.58   1881552   5480860       100      5288
07:52:19 PM    154136     64716   7841104     99.18        32     82664   8403156     30.58   1881552   5480860       100      5288
07:52:24 PM    142844     57740   7848080     99.27        32     91332   8403156     30.58   1893320   5477644       100      5288
07:52:29 PM    142808     57852   7847968     99.27        32     91708   8403156     30.58   1893616   5477720        20      5288
07:52:34 PM    142304     57596   7848224     99.27        32     92220   8403156     30.58   1893996   5477836        80      5288
07:52:39 PM    142304     57660   7848160     99.27        32     92220   8403156     30.58   1894048   5477916       100      5288
07:52:44 PM    142304     57660   7848160     99.27        32     92220   8403156     30.58   1894048   5477916       100      5288
07:52:49 PM    142304     57660   7848160     99.27        32     92220   8403156     30.58   1894048   5477916       100      5288
07:52:54 PM    117104     36480   7869340     99.54        32    100404   8403156     30.58   1911600   5477916       100      5288
07:52:59 PM    116880     36328   7869492     99.54        32    100404   8403156     30.58   1911756   5477916        20      5288
07:53:04 PM    116880     36452   7869368     99.54        32    100692   8403156     30.58   1911756   5478164        20      5288
07:53:09 PM    196348    115980   7789840     98.53        32    100772   8403156     30.58   1911756   5375884        80      5288
07:53:14 PM    196348    115980   7789840     98.53        32    100772   8403156     30.58   1911756   5375884       100      5288
07:53:19 PM    196348    115980   7789840     98.53        32    100772   8403156     30.58   1911756   5375884       100      5288
07:53:24 PM    196348    115980   7789840     98.53        32    100772   8403156     30.58   1911756   5375884       100      5288
07:53:29 PM    196348    115980   7789840     98.53        32    100772   8403156     30.58   1911756   5375884       100      5288
07:53:34 PM    196348    115980   7789840     98.53        32    100772   8403156     30.58   1911756   5375884        20      5288
07:53:39 PM    196348    116100   7789720     98.53        32    101012   8403156     30.58   1911756   5376124        20      5288
07:53:44 PM    196348    116100   7789720     98.53        32    101092   8403156     30.58   1911760   5376124        80      5288
07:53:49 PM    188364    108156   7797664     98.63        32    101092   8403156     30.58   1918760   5376204       100      5288
07:53:54 PM    184756    105852   7799968     98.66        32    103700   8403156     30.58   1921496   5376204       104      5288
07:53:59 PM    184756    105876   7799944     98.66        32    103744   8403156     30.58   1921512   5376252       148      5288
07:54:04 PM    184756    105876   7799944     98.66        32    103744   8403156     30.58   1921564   5376252       148      5288
07:54:09 PM    184756    105876   7799944     98.66        32    103744   8403156     30.58   1921564   5376252        20      5288
07:54:14 PM    184504    105748   7800072     98.66        32    104048   8403156     30.58   1921564   5376500        20      5288
07:54:19 PM    184504    105816   7800004     98.66        32    104128   8403156     30.58   1921564   5376636        80      5288
07:54:24 PM    184280    105592   7800228     98.66        32    104128   8403156     30.58   1921564   5376636       100      5288
07:54:29 PM    184280    105592   7800228     98.66        32    104132   8403156     30.58   1921564   5376636       104      5288
07:54:34 PM    184280    105592   7800228     98.66        32    104132   8403156     30.58   1921564   5376640       104      5288
07:54:39 PM    184280    105592   7800228     98.66        32    104132   8403156     30.58   1921564   5376640       104      5288
07:54:44 PM    184280    105592   7800228     98.66        32    104136   8403156     30.58   1921564   5376640        28      5288
07:54:49 PM    184028    105404   7800416     98.67        32    104376   8403156     30.58   1921564   5376764        28      5288
07:54:54 PM    184028    105464   7800356     98.67        32    104468   8403156     30.58   1921564   5376884        80      5288
07:54:59 PM    184028    105464   7800356     98.67        32    104468   8403156     30.58   1921564   5376884       100      5288
07:55:04 PM    184028    105508   7800312     98.67        32    104468   8403156     30.58   1921576   5376964       100      5288
07:55:09 PM    184028    105508   7800312     98.67        32    104476   8403156     30.58   1921576   5376964       108      5288
07:55:14 PM    184028    105512   7800308     98.67        32    104476   8403156     30.58   1921576   5376972       108      5288
07:55:19 PM    184028    105512   7800308     98.67        32    104476   8403156     30.58   1921576   5376972        28      5288
07:55:24 PM    183776    105384   7800436     98.67        32    104764   8403156     30.58   1921576   5377220        28      5288
07:55:29 PM    183776    105404   7800416     98.67        32    104844   8403156     30.58   1921576   5377260        80      5288
07:55:34 PM    183776    105444   7800376     98.67        32    104844   8403156     30.58   1921576   5377340       100      5288
07:55:39 PM    183272    104988   7800832     98.67        32    104988   8403156     30.58   1921580   5377436       180      5288
07:55:44 PM    183020    104776   7801044     98.67        32    105020   8403156     30.58   1921588   5377516       284      5288
07:55:49 PM    183020    104776   7801044     98.67        32    105020   8403156     30.58   1921592   5377516       284      5288
07:55:54 PM    183020    104776   7801044     98.67        32    105020   8403156     30.58   1921592   5377516       124      5288
07:55:59 PM    182768    104648   7801172     98.68        32    105404   8403156     30.58   1921596   5377764       172      5288
07:56:04 PM    182768    104756   7801064     98.67        32    105484   8403156     30.58   1921620   5377980       232      5288
07:56:09 PM    182768    104756   7801064     98.67        32    105484   8403156     30.58   1921620   5377980       148      5288
07:56:14 PM    182768    104756   7801064     98.67        32    105484   8403156     30.58   1921620   5377980       148      5288
07:56:19 PM    182768    104756   7801064     98.67        32    105484   8403156     30.58   1921620   5377980       148      5288
07:56:24 PM    182768    104756   7801064     98.67        32    105484   8403156     30.58   1921620   5377980       148      5288
07:56:29 PM    182516    104628   7801192     98.68        32    105820   8403156     30.58   1921620   5378228        20      5288
07:56:34 PM    182276    104432   7801388     98.68        32    105820   8403156     30.58   1921620   5378316        20      5288
07:56:39 PM    182276    104432   7801388     98.68        32    105900   8403156     30.58   1921620   5378316        80      5288
07:56:44 PM    182276    104472   7801348     98.68        32    105900   8403156     30.58   1921620   5378396       100      5288
07:56:49 PM    182276    104472   7801348     98.68        32    105904   8403156     30.58   1921620   5378396       104      5288
07:56:54 PM    182276    104476   7801344     98.68        32    105904   8403156     30.58   1921620   5378400       104      5288
07:56:59 PM     95156     17356   7888464     99.78        32    105892   8403156     30.58   2236724   5177696        24      5288
07:57:04 PM    160748     73412   7832408     99.07        32     87700   8403156     30.58   2418796   5118384        28      5280
07:57:09 PM    149916     63092   7842728     99.20        32     88620   8403156     30.58   2419332   5118624        28      5280
07:57:14 PM    156912     70256   7835564     99.11        32     88764   8403156     30.58   2419428   5118880       112      5280
07:57:19 PM    156912     70256   7835564     99.11        32     88764   8403156     30.58   2419428   5118880       132      5280
07:57:24 PM    156912     70256   7835564     99.11        32     88764   8403156     30.58   2419428   5118880       132      5280
07:57:29 PM    150640     67256   7838564     99.15        32     95352   8403156     30.58   2427976   5117896       132      5280
07:57:34 PM    127332     43972   7861848     99.44        32     95352   8403156     30.58   2586204   4997148       132      5280
07:57:39 PM    127332     43972   7861848     99.44        32     95352   8403156     30.58   2586204   4997148        20      5280
07:57:44 PM    126576     43408   7862412     99.45        32     95736   8403156     30.58   2586204   4997532        20      5280
07:57:49 PM    126324     43156   7862664     99.45        32     95836   8403156     30.58   2586204   4997532        96      5280
07:57:54 PM    147744     64624   7841196     99.18        32     95836   8403156     30.58   4415180   3149828       116      5280
07:57:59 PM    143964     62024   7843796     99.22        32     98248   8403156     30.58   4417536   3149828       116      5280
07:58:04 PM    143964     62200   7843620     99.21        32     98544   8403156     30.58   4417920   3149832       116      5280
07:58:09 PM    143964     62200   7843620     99.21        32     98544   8403156     30.58   4417920   3149832       116      5280
07:58:14 PM    143964     62200   7843620     99.21        32     98544   8403156     30.58   4417920   3149832        20      5280
07:58:19 PM    143712     62072   7843748     99.21        32     98848   8403156     30.58   4417920   3150080        20      5280
07:58:24 PM    143712     62072   7843748     99.21        32     98928   8403156     30.58   4417920   3150080        80      5280
07:58:29 PM    143712     62140   7843680     99.21        32     98928   8403156     30.58   4417920   3150216       100      5280
07:58:34 PM    143712     62636   7843184     99.21        32     99968   8403156     30.58   4418912   3150216       100      5280
07:58:39 PM    143712     62660   7843160     99.21        32     99968   8403156     30.58   4418960   3150216       100      5280
07:58:44 PM    143712     62660   7843160     99.21        32     99968   8403156     30.58   4418960   3150216       100      5280
07:58:49 PM    143712     62664   7843156     99.21        32     99976   8403156     30.58   4418960   3150224        28      5280
07:58:54 PM    146296     46904   7858916     99.41        32     62636   8403156     30.58    942080   6618156        28      4328
07:58:59 PM    145760     46424   7859396     99.41        32     62764   8403156     30.58    942160   6618192       112      4328
07:59:04 PM    193380     85776   7820044     98.92        32     44476   8650200     31.48   1870568   5645600       132      2252
07:59:09 PM    191664     84028   7821792     98.94        32     44452   8650200     31.48   1871084   5645312       132      2252
07:59:14 PM    428692    321056   7584764     95.94        32     44452   8403156     30.58   1662100   5607252       132      2252
07:59:19 PM    428692    321056   7584764     95.94        32     44452   8403156     30.58   1662184   5607252       132      2252
07:59:24 PM    428692    321056   7584764     95.94        32     44452   8403156     30.58   1662184   5607252        20      2252
07:59:29 PM    427956    320444   7585376     95.95        32     44740   8403156     30.58   1662224   5607500        20      2252
07:59:34 PM    427704    320192   7585628     95.95        32     44836   8403156     30.58   1662224   5607500        96      2252
07:59:39 PM    423924    317776   7588044     95.98        32     47428   8403156     30.58   1664876   5607640       120      2252
07:59:44 PM    423092    317252   7588568     95.99        32     48120   8403156     30.58   1665564   5607640       120      2252
07:59:49 PM    423184    317384   7588436     95.99        32     48120   8403156     30.58   1665648   5607640       120      2252
07:59:54 PM    423184    317384   7588436     95.99        32     48120   8403156     30.58   1665648   5607640       120      2252
07:59:59 PM    423184    317384   7588436     95.99        32     48120   8403156     30.58   1665680   5607640        24      2252
08:00:04 PM    421564    315892   7589928     96.00        32     48472   8403156     30.58   1667380   5607896        24      2252
08:00:09 PM    421564    315980   7589840     96.00        32     48552   8403156     30.58   1667428   5608072        80      2252
08:00:14 PM    421564    315980   7589840     96.00        32     48552   8403156     30.58   1667428   5608072       100      2252
08:00:19 PM    421564    315980   7589840     96.00        32     48552   8403156     30.58   1667436   5608072       100      2252
08:00:24 PM    399640    300388   7605432     96.20        32     61332   8403156     30.58   1680320   5608072       100      2252
08:00:29 PM    399416    300220   7605600     96.20        32     61332   8403156     30.58   1680492   5608108       100      2252
08:00:34 PM    399416    300220   7605600     96.20        32     61332   8403156     30.58   1680620   5608108        20      2252
08:00:39 PM    383128    293220   7612600     96.29        32     79904   8403156     30.58   1699116   5608540       176      2252
08:00:44 PM    382876    293180   7612640     96.29        32     80392   8403156     30.58   1699468   5608652       160      2252
08:00:49 PM    378780    289132   7616688     96.34        32     80428   8403156     30.58   1701532   5606704       288      2252
08:00:54 PM    351312    261724   7644096     96.69        32     80548   8403156     30.58   1731552   5606704       288      2252
08:00:59 PM    347068    257480   7648340     96.74        32     80548   8403156     30.58   1743840   5594416       288      2252
08:01:04 PM    347068    257480   7648340     96.74        32     80548   8403156     30.58   1743840   5594416       288      2252
08:01:09 PM    342960    254588   7651232     96.78        32     83352   8403156     30.58   1760240   5580448        24      2252
08:01:14 PM    342804    254576   7651244     96.78        32     83376   8403156     30.58   1760536   5580448        24      2252
08:01:19 PM    339488    251356   7654464     96.82        32     83456   8403156     30.58   1777036   5564188        80      2252
08:01:24 PM    339488    251356   7654464     96.82        32     83456   8403156     30.58   1777036   5564188       100      2252
08:01:29 PM    341416    253284   7652536     96.80        32     83456   8403156     30.58   1792408   5548816       100      2252
08:01:34 PM    341176    253044   7652776     96.80        32     83456   8403156     30.58   1792408   5548816       100      2252
08:01:39 PM    342576    254444   7651376     96.78        32     83456   8403156     30.58   1808792   5532432        20      2252
08:01:44 PM    342576    254444   7651376     96.78        32     83456   8403156     30.58   1808792   5532432        20      2252
08:01:49 PM    339288    251276   7654544     96.82        32     83696   8403156     30.58   1815000   5526652        20      2252
08:01:54 PM    177192     89180   7816640     98.87        32     83776   8403156     30.58   2438044   5072164        80      2252
08:01:59 PM    173716     86984   7818836     98.90        32     86300   8403156     30.58   2448804   5063988       100      2252
08:02:04 PM    173716     87004   7818816     98.90        32     86300   8403156     30.58   2448900   5064004       100      2252
08:02:09 PM    173716     87004   7818816     98.90        32     86300   8403156     30.58   2448900   5064004       100      2252
08:02:14 PM    169620     82912   7822908     98.95        32     86304   8403156     30.58   2450948   5061960       104      2252
08:02:19 PM    169620     82912   7822908     98.95        32     86304   8403156     30.58   2450948   5061960        24      2252
08:02:24 PM    169368     82784   7823036     98.95        32     86592   8403156     30.58   2452996   5060160        24      2252
08:02:29 PM    165280     79632   7826188     98.99        32     88616   8403156     30.58   2457720   5060192        80      2252
08:02:34 PM    163296     77748   7828072     99.02        32     88624   8403156     30.58   2462108   5056104       108      2252
08:02:39 PM    163116     77568   7828252     99.02        32     88624   8403156     30.58   2462108   5056104       108      2252
08:02:44 PM    162504     76956   7828864     99.03        32     88624   8403156     30.58   2466204   5052008       108      2252
08:02:49 PM    162496     76948   7828872     99.03        32     88624   8403156     30.58   2466204   5052008       108      2252
08:02:54 PM    159744     74196   7831624     99.06        32     88624   8403156     30.58   2476280   5041932        28      2252
08:02:59 PM    159736     74248   7831572     99.06        32     88864   8403156     30.58   2476280   5042056        28      2252
08:03:04 PM    143352     57964   7847856     99.27        32     88944   8403156     30.58   2486084   5032448        80      2252
08:03:09 PM    143352     57964   7847856     99.27        32     88944   8403156     30.58   2486084   5032448       100      2252
08:03:14 PM    145520     60132   7845688     99.24        32     88944   8403156     30.58   2486084   5032448       100      2252
08:03:19 PM    152824     67692   7838128     99.14        32     89460   8403156     30.58   2486600   5032448       100      2252
08:03:24 PM    158344     73332   7832488     99.07        32     89724   8403156     30.58   2501064   5018316       104      2252
08:03:29 PM    158344     73332   7832488     99.07        32     89724   8403156     30.58   2501064   5018316        24      2252
08:03:34 PM    162800     77924   7827896     99.01        32     90012   8403156     30.58   2516644   5003008        24      2252
08:03:39 PM    162548     77672   7828148     99.02        32     90092   8403156     30.58   2516644   5003008        80      2252
08:03:44 PM    167216     82400   7823420     98.96        32     90092   8403156     30.58   2529708   4990064       100      2252
08:03:49 PM    163260     80424   7825396     98.98        32     94048   8403156     30.58   2533664   4990064       100      2252
08:03:54 PM    163008     80212   7825608     98.99        32     94132   8403156     30.58   2534768   4989044       104      2252
08:03:59 PM    163008     80212   7825608     98.99        32     94132   8403156     30.58   2534768   4989044       104      2252
08:04:04 PM    163008     80212   7825608     98.99        32     94132   8403156     30.58   2534828   4989044        24      2252
08:04:09 PM    162756     80024   7825796     98.99        32     94372   8403156     30.58   2534828   4989168        24      2252
08:04:14 PM    162756     80120   7825700     98.99        32     94452   8403156     30.58   2534828   4989364        80      2252
08:04:19 PM    162704     80068   7825752     98.99        32     94452   8403156     30.58   2534828   4989364       100      2252
08:04:24 PM    162704     80068   7825752     98.99        32     94452   8403156     30.58   2534828   4989364       100      2252
08:04:29 PM    162704     80068   7825752     98.99        32     94452   8403156     30.58   2534832   4989364       100      2252
08:04:34 PM    162704     80004   7825816     98.99        32     94320   8403156     30.58   2532268   4985216       100      2248
08:04:39 PM    162704     79976   7825844     98.99        32     94288   8403156     30.58   2530620   4984484        20      2244
08:04:44 PM    167232     84580   7821240     98.93        32     94572   8403156     30.58   2525740   4980584        20      2244
08:04:49 PM    167200     84624   7821196     98.93        32     94652   8403156     30.58   2525772   4980652        80      2244
08:04:54 PM    174324     91756   7814064     98.84        32     94580   8403156     30.58   2531688   4972956       100      2248
08:04:59 PM    174324     91756   7814064     98.84        32     94580   8403156     30.58   2531804   4972956       100      2248
08:05:04 PM    122624     38924   7866896     99.51        32     92316   8403156     30.58   3256228   4322560       100      2248
08:05:09 PM    114244     27996   7877824     99.65        28     87320   8403156     30.58   2577564   4998748       100      2240
08:05:14 PM    115732     29564   7876256     99.63        28     87536   8403156     30.58   2577836   4998748        20      2240
08:05:19 PM    115732     29704   7876116     99.62        28     87776   8403156     30.58   2578004   4998872        20      2240
08:05:24 PM    150676     67640   7838180     99.14        28     93652   8403156     30.58   4191724   3357080        80      2248
08:05:29 PM    150304     67268   7838552     99.15        28     93656   8403156     30.58   4191724   3357080       100      2248
08:05:34 PM    153560     71636   7834184     99.09        28     96020   8403156     30.58   4207368   3343836       100      2248
08:05:39 PM    153308     71928   7833892     99.09        28     97068   8403156     30.58   4208460   3343732       288      2248
08:05:44 PM    153308     71928   7833892     99.09        28     97068   8403156     30.58   4208472   3343732       288      2248
08:05:49 PM    153416     72088   7833732     99.09        28     97148   8403156     30.58   4231480   3320840       152      2248
08:05:54 PM    153164     71960   7833860     99.09        28     97436   8403156     30.58   4231480   3321088       104      2248
08:05:59 PM    124420     43372   7862448     99.45        28     97708   8403156     30.58   5262672   2325448       264      2248
08:06:04 PM    123188     42140   7863680     99.47        28     97708   8403156     30.58   5262712   2325448       284      2248
08:06:09 PM    116292     35284   7870536     99.55        28     97708   8403156     30.58   5263620   2324628       180      2248
08:06:14 PM    116292     35284   7870536     99.55        28     97716   8403156     30.58   5263620   2324628       188      2248
08:06:19 PM    116172     35168   7870652     99.56        28     97716   8403156     30.58   5263620   2324636       188      2248
08:06:24 PM    116172     35168   7870652     99.56        28     97716   8403156     30.58   5263628   2324636        28      2248
08:06:29 PM    121924     41072   7864748     99.48        28     98100   8403156     30.58   5266308   2321928        80      2248
08:06:34 PM    121924     41072   7864748     99.48        28     98100   8403156     30.58   5266308   2321928       100      2248
08:06:39 PM    118892     38080   7867740     99.52        28     98180   8403156     30.58   5270576   2316620        80      2248
08:06:44 PM    118640     37828   7867992     99.52        28     98180   8403156     30.58   5270576   2316620       100      2248
08:06:49 PM    126616     43716   7862104     99.45        28     93924   8403156     30.58   6225392   1357568        80      2248
08:06:54 PM    125784     42884   7862936     99.46        28     93940   8403156     30.58   6225392   1357568       104      2248
08:06:59 PM    124788     22756   7883064     99.71        28     53824   8403156     30.58   3842772   3743468        24       176
08:07:04 PM    124548     22516   7883304     99.72        28     53824   8403156     30.58   3842772   3743468        24       176
08:07:09 PM    124548     22612   7883208     99.71        28     53824   8403156     30.58   3842964   3743468        24       176
08:07:14 PM    124548     22612   7883208     99.71        28     53824   8403156     30.58   3842964   3743468        24       176
08:07:19 PM    124548     22612   7883208     99.71        28     53824   8403156     30.58   3842968   3743468        24       176
08:07:24 PM    128180     17648   7888172     99.78        28     36892   8403156     30.58   2915252   4663792       112       176
08:07:29 PM    223276    114448   7791372     98.55        28     40092   8403156     30.58   3141168   4338824        20       176
08:07:34 PM    222800    113972   7791848     98.56        28     40092   8403156     30.58   3141168   4338824        20       176
08:07:39 PM    218924    110120   7795700     98.61        28     40092   8403156     30.58   3157636   4322504        20       176
08:07:44 PM    218672    109868   7795952     98.61        28     40092   8403156     30.58   3157636   4322504        20       176
08:07:49 PM    218152    109348   7796472     98.62        28     40092   8403156     30.58   3173912   4306228        20       176
08:07:54 PM    218152    109348   7796472     98.62        28     40092   8403156     30.58   3173912   4306228        20       176
08:07:59 PM    220280    111524   7794296     98.59        28     40188   8403156     30.58   3205668   4274576        96       176
08:08:04 PM    219804    111048   7794772     98.60        28     40188   8403156     30.58   3206336   4274576       116       176
08:08:09 PM    224808    116052   7789768     98.53        28     40188   8403156     30.58   3234172   4246772       116       176
08:08:14 PM    224808    116052   7789768     98.53        28     40188   8403156     30.58   3234176   4246772       116       176
08:08:19 PM    225908    117152   7788668     98.52        28     40188   8403156     30.58   3263028   4217920       116       176
08:08:24 PM    225908    117152   7788668     98.52        28     40188   8403156     30.58   3263028   4217920       116       176
08:08:29 PM    217156    108568   7797252     98.63        28     40524   8403156     30.58   3284804   4196480        20       176
08:08:34 PM    217156    108568   7797252     98.63        28     40628   8403156     30.58   3284804   4196480        80       176
08:08:39 PM    225376    116840   7788980     98.52        28     40628   8403156     30.58   3298928   4182468       100       176
08:08:44 PM    225376    116840   7788980     98.52        28     40628   8403156     30.58   3298928   4182468       100       176
08:08:49 PM    225376    116840   7788980     98.52        28     40628   8403156     30.58   3298928   4182468       100       176
08:08:54 PM    225376    116840   7788980     98.52        28     40628   8403156     30.58   3298928   4182468       100       176
08:08:59 PM    225376    116840   7788980     98.52        28     40628   8403156     30.58   3298960   4182468        20       176
08:09:04 PM    221984    113572   7792248     98.56        28     40916   8403156     30.58   3307544   4174136        20       176
08:09:09 PM    221984    113580   7792240     98.56        28     40996   8403156     30.58   3307560   4174136        80       176
08:09:14 PM    221744    113392   7792428     98.57        28     40996   8403156     30.58   3307560   4174244       100       176
08:09:19 PM    221744    113392   7792428     98.57        28     40996   8403156     30.58   3307560   4174244       100       176
08:09:24 PM    221744    113392   7792428     98.57        28     40996   8403156     30.58   3307560   4174244       100       176
08:09:29 PM    221744    113392   7792428     98.57        28     40996   8403156     30.58   3307560   4174244       100       176
08:09:34 PM    228392    120040   7785780     98.48        28     40996   8403156     30.58   3309440   4172364        20       176
08:09:39 PM    227888    119660   7786160     98.49        28     41284   8403156     30.58   3309440   4172612        20       176
08:09:44 PM    220476    112252   7793568     98.58        28     41364   8403156     30.58   3313444   4170652        80       176
08:09:49 PM    220224    112000   7793820     98.58        28     41364   8403156     30.58   3313444   4170652       100       176
08:09:54 PM    220224    112060   7793760     98.58        28     41368   8403156     30.58   3313444   4170772       104       176
08:09:59 PM    216784    108620   7797200     98.63        28     41384   8403156     30.58   3316540   4170772       120       176
08:10:04 PM    204600     96444   7809376     98.78        28     41384   8403156     30.58   3326468   4170788       120       176
08:10:09 PM    204600     96444   7809376     98.78        28     41384   8403156     30.58   3326468   4170788        40       176
08:10:14 PM    203672     95636   7810184     98.79        28     41624   8403156     30.58   3328448   4169048        40       176
08:10:19 PM    203672     95636   7810184     98.79        28     41704   8403156     30.58   3328448   4169048        80       176
08:10:24 PM    198128     93204   7812616     98.82        28     47972   8403156     30.58   3334600   4169128       100       176
08:10:29 PM    198128     93252   7812568     98.82        28     47972   8403156     30.58   3334692   4169148       100       176
08:10:34 PM    198128     93296   7812524     98.82        28     48032   8403156     30.58   3334812   4169148       100       176
08:10:39 PM    168896     76000   7829820     99.04        28     72044   8403156     30.58   3358764   4169228       288       176
08:10:44 PM    168896     77620   7828200     99.02        28     75144   8403156     30.58   3362000   4169276       128       176
08:10:49 PM    162308     71284   7834536     99.10        28     75716   8403156     30.58   3400484   4131300       100       176
08:10:54 PM    162308     71356   7834464     99.10        28     75796   8403156     30.58   3400484   4131444       160       176
08:10:59 PM    162308     71356   7834464     99.10        28     75828   8403156     30.58   3400484   4131444       284       176
08:11:04 PM    162308     71372   7834448     99.10        28     75828   8403156     30.58   3400484   4131476       284       176
08:11:09 PM    162308     71372   7834448     99.10        28     75828   8403156     30.58   3400484   4131476       180       176
08:11:14 PM    161552     71128   7834692     99.10        28     76852   8403156     30.58   3401508   4131476       180       176
08:11:19 PM    161552     71192   7834628     99.10        28     77012   8403156     30.58   3401508   4131600        20       176
08:11:24 PM    152024     61680   7844140     99.22        28     77012   8403156     30.58   3413468   4119676        20       176
08:11:29 PM    152024     61680   7844140     99.22        28     77092   8403156     30.58   3413468   4119676        80       176
08:11:34 PM    151500     61196   7844624     99.23        28     77092   8403156     30.58   3425616   4107608       100       176
08:11:39 PM    151500     61196   7844624     99.23        28     77092   8403156     30.58   3425616   4107608       100       176
08:11:44 PM    182464     92160   7813660     98.83        28     77092   8403156     30.58   3442588   4088952       100       176
08:11:49 PM    181848     91544   7814276     98.84        28     77092   8403156     30.58   3442588   4088952       100       176
08:11:54 PM    194800    104496   7801324     98.68        28     77092   8403156     30.58   3461288   4066376       100       176
08:11:59 PM    192996    102816   7803004     98.70        28     77476   8403156     30.58   3461288   4066624        20       176
08:12:04 PM    194484    104412   7801408     98.68        28     77556   8403156     30.58   3463644   4064536        80       176
08:12:09 PM    193756    103684   7802136     98.69        28     77556   8403156     30.58   3463644   4064536       100       176
08:12:14 PM    193564    103492   7802328     98.69        28     77556   8403156     30.58   3463644   4064536       100       176
08:12:19 PM    193280    103208   7802612     98.69        28     77556   8403156     30.58   3463644   4064536       100       176
08:12:24 PM    193280    103208   7802612     98.69        28     77556   8403156     30.58   3463644   4064536       100       176
08:12:29 PM    188516     98564   7807256     98.75        28     77796   8403156     30.58   3463780   4064536        20       176
08:12:34 PM    188264     98412   7807408     98.76        28     78040   8403156     30.58   3463824   4064740        24       176
08:12:39 PM    188012     98160   7807660     98.76        28     78120   8403156     30.58   3463824   4064740        80       176
08:12:44 PM    187508     97688   7808132     98.76        28     78120   8403156     30.58   3463832   4064804       100       176
08:12:49 PM    187508     97688   7808132     98.76        28     78120   8403156     30.58   3463832   4064804       100       176
08:12:54 PM    187508     97688   7808132     98.76        28     78120   8403156     30.58   3463832   4064804       100       176
08:12:59 PM    187508     97688   7808132     98.76        28     78120   8403156     30.58   3463832   4064804       100       176
08:13:04 PM    187508     97688   7808132     98.76        28     78124   8403156     30.58   3463832   4064804        24       176
08:13:09 PM     87428     87428   7818392     98.89        28     57864   8403156     30.58   7024500    566960        24       168
08:13:14 PM    356152    259696   7646124     96.72        28     64868   8403156     30.58   3865532   3438892       112       176
08:13:19 PM    355568    259216   7646604     96.72        28     64996   8403156     30.58   3865736   3438964       132       176
08:13:24 PM    355568    259216   7646604     96.72        28     64996   8403156     30.58   3865736   3438964       132       176
08:13:29 PM    355320    258968   7646852     96.72        28     64996   8403156     30.58   3865740   3438964       132       176
08:13:34 PM    355320    258968   7646852     96.72        28     64996   8403156     30.58   3865740   3438964       132       176
08:13:39 PM    355320    258972   7646848     96.72        28     65004   8403156     30.58   3865740   3438972        28       176
08:13:44 PM    353556    257828   7647992     96.74        28     66476   8403156     30.58   3866748   3439220        28       176
08:13:49 PM    353556    257992   7647828     96.74        28     66572   8403156     30.58   3866904   3439452       100       176
08:13:54 PM    353556    257992   7647828     96.74        28     66572   8403156     30.58   3866904   3439452       116       176
08:13:59 PM    353556    257992   7647828     96.74        28     66572   8403156     30.58   3866912   3439452       116       176
08:14:04 PM    224356    125768   7780052     98.41        28     60544   8403156     30.58   3776724   3696560       116       164
08:14:09 PM    223396    124808   7781012     98.42        28     60544   8403156     30.58   3783200   3690156       116       164
08:14:14 PM    223396    124808   7781012     98.42        28     60544   8403156     30.58   3783204   3690156        20       164
08:14:19 PM    222364    123960   7781860     98.43        28     60912   8403156     30.58   3795492   3678236        20       164
08:14:24 PM    222112    123712   7782108     98.44        28     61040   8403156     30.58   3795520   3678236        96       164
08:14:29 PM    197836     99872   7805948     98.74        28     61788   8403156     30.58   3814264   3674236       116       164
08:14:34 PM    197836     99872   7805948     98.74        28     61788   8403156     30.58   3814264   3674236       116       164
08:14:39 PM    204600    106636   7799184     98.65        28     61788   8403156     30.58   3817860   3670676       116       164
08:14:44 PM    204600    106636   7799184     98.65        28     61788   8403156     30.58   3817860   3670676       116       164
08:14:49 PM    198548    100584   7805236     98.73        28     61788   8403156     30.58   3830652   3657948        20       164
08:14:54 PM    198492    100652   7805168     98.73        28     62108   8403156     30.58   3830656   3658128        20       164
08:14:59 PM    201488    103656   7802164     98.69        28     62256   8403156     30.58   3836300   3652456        96       164
08:15:04 PM    201484    103756   7802064     98.69        28     62256   8403156     30.58   3836472   3652536       116       164
08:15:09 PM    122944     17444   7888376     99.78        28     47756   8403156     30.58    869256   6557796       120       172
08:15:14 PM    122440     17004   7888816     99.78        28     47912   8403156     30.58    869356   6557772       120       172
08:15:19 PM    118408     14336   7891484     99.82        28     50716   8403156     30.58    872084   6557772       120       172
08:15:24 PM    117860     19880   7885940     99.75        28     62692   8403156     30.58    905548   6536104        24       172
08:15:29 PM    117356     19500   7886320     99.75        28     63060   8403156     30.58    905584   6536352        24       172
08:15:34 PM    115592     18976   7886844     99.76        28     65588   8403156     30.58    909944   6536472       128       172
08:15:39 PM    170776     78052   7827768     99.01        28     73224   8403156     30.58   1697056   5671996       340       176
08:15:44 PM    170776     78060   7827760     99.01        28     73224   8403156     30.58   1697144   5672016       340       176
08:15:49 PM    170776     78060   7827760     99.01        28     73224   8403156     30.58   1697156   5672016       340       176
08:15:54 PM    170536     77820   7828000     99.02        28     73224   8403156     30.58   1697156   5672016       340       176
08:15:59 PM    170284     77592   7828228     99.02        28     73316   8403156     30.58   1697172   5672060        20       176
08:16:04 PM    169528     77132   7828688     99.02        28     73864   8403156     30.58   1699016   5672656        24       176
08:16:09 PM    169528     77132   7828688     99.02        28     73976   8403156     30.58   1699036   5672656       112       176
08:16:14 PM    169528     77132   7828688     99.02        28     74008   8403156     30.58   1699036   5672656       132       176
08:16:19 PM    169528     77132   7828688     99.02        28     74008   8403156     30.58   1699036   5672656       132       176
08:16:24 PM    178192     85796   7820024     98.91        28     74008   8403156     30.58   1699308   5670740       132       176
08:16:29 PM    176880     84484   7821336     98.93        28     74012   8403156     30.58   1699308   5670740       136       176
08:16:34 PM    175204     82884   7822936     98.95        28     74012   8403156     30.58   1719932   5650276        24       176
08:16:39 PM    174952     82756   7823064     98.95        28     74380   8403156     30.58   1719932   5650524        24       176
08:16:44 PM    174700     82612   7823208     98.96        28     74476   8403156     30.58   1719932   5650740        96       176
08:16:49 PM    174700     82612   7823208     98.96        28     74476   8403156     30.58   1719932   5650740       116       176
08:16:54 PM    173444     81356   7824464     98.97        28     74476   8403156     30.58   1720724   5649948       116       176
08:16:59 PM    172224     80144   7825676     98.99        28     74552   8403156     30.58   1720740   5649964       116       176
08:17:04 PM    171972     79892   7825928     98.99        28     74552   8403156     30.58   1720740   5649964       116       176
08:17:09 PM    160380     68328   7837492     99.14        28     74552   8403156     30.58   1732344   5649984        20       176
08:17:14 PM    160128     68200   7837620     99.14        28     74920   8403156     30.58   1732344   5650232        20       176
08:17:19 PM    159876     68008   7837812     99.14        28     75016   8403156     30.58   1732356   5650352        96       176
08:17:24 PM    159876     68008   7837812     99.14        28     75024   8403156     30.58   1732356   5650352       124       176
08:17:29 PM    157104     66064   7839756     99.16        28     76744   8403156     30.58   1736828   5647360       124       176
08:17:34 PM    156868     66108   7839712     99.16        28     77192   8403156     30.58   1737532   5647288       124       176
08:17:39 PM    156868     66136   7839684     99.16        28     77192   8403156     30.58   1737744   5647288       124       176
08:17:44 PM    156868     66136   7839684     99.16        28     77196   8403156     30.58   1737744   5647288        32       176
08:17:49 PM    156616     66012   7839808     99.17        28     77532   8403156     30.58   1737756   5647540        32       176
08:17:54 PM    156616     66056   7839764     99.16        28     77628   8403156     30.58   1737756   5647628        96       176
08:17:59 PM    156616     66104   7839716     99.16        28     77628   8403156     30.58   1737756   5647724       116       176
08:18:04 PM    126628     36116   7869704     99.54        28     77628   8403156     30.58   1776864   5647724       116       176
08:18:09 PM    126628     36116   7869704     99.54        28     77628   8403156     30.58   1776924   5647724       116       176
08:18:14 PM    126628     36116   7869704     99.54        28     77628   8403156     30.58   1776924   5647724       116       176
08:18:19 PM    119740     29228   7876592     99.63        28     77628   8403156     30.58   1786068   5638580        20       176
08:18:24 PM    118984     28596   7877224     99.64        28     77916   8403156     30.58   1786068   5638828        20       176
08:18:29 PM    120584     30264   7875556     99.62        28     78012   8403156     30.58   1790320   5634712        96       176
08:18:34 PM    120160     29840   7875980     99.62        28     78012   8403156     30.58   1790320   5634712       116       176
08:18:39 PM    120080     29760   7876060     99.62        28     78012   8403156     30.58   1790320   5634712       116       176
08:18:44 PM    120080     29760   7876060     99.62        28     78012   8403156     30.58   1790320   5634712       116       176
08:18:49 PM    120080     29760   7876060     99.62        28     78012   8403156     30.58   1790320   5634712       116       176
08:18:54 PM    120080     29760   7876060     99.62        28     78012   8403156     30.58   1790320   5634712        20       176
08:18:59 PM    119828     29632   7876188     99.63        28     78332   8403156     30.58   1790320   5634960        20       176
08:19:04 PM    119828     29632   7876188     99.63        28     78428   8403156     30.58   1790320   5634960        96       176
08:19:09 PM    119828     29716   7876104     99.62        28     78432   8403156     30.58   1790320   5635132       120       176
08:19:14 PM    119828     29716   7876104     99.62        28     78432   8403156     30.58   1790320   5635132       120       176
08:19:19 PM    119828     29716   7876104     99.62        28     78432   8403156     30.58   1790320   5635132       120       176
08:19:24 PM    119828     29716   7876104     99.62        28     78432   8403156     30.58   1790320   5635132       120       176
08:19:29 PM    115732     25620   7880200     99.68        28     78432   8403156     30.58   1792224   5633228        24       176
08:19:34 PM    115228     25240   7880580     99.68        28     78704   8403156     30.58   1792224   5633476        24       176
08:19:39 PM    115228     25300   7880520     99.68        28     78800   8403156     30.58   1792224   5633596        96       176
08:19:44 PM    113508     24096   7881724     99.70        28     79832   8403156     30.58   1793256   5633596       116       176
08:19:49 PM    113464     24112   7881708     99.70        28     79952   8403156     30.58   1793376   5633596       116       176
08:19:54 PM    113464     24112   7881708     99.70        28     79952   8403156     30.58   1793376   5633596       116       176
08:19:59 PM    122196     32844   7872976     99.58        28     79952   8403156     30.58   1803160   5622192       116       176
08:20:04 PM    121468     32116   7873704     99.59        28     79952   8403156     30.58   1803208   5622192        20       176
08:20:09 PM    121032     31824   7873996     99.60        28     80272   8403156     30.58   1817708   5607980        20       176
08:20:14 PM    106068     16860   7888960     99.79        28     80368   8650200     31.48   1827168   5607120        96       176
08:20:19 PM    207396    116664   7789156     98.52        28     77184   8650200     31.48   5052608   2151060       120       172
08:20:24 PM    206920    116620   7789200     98.52        28     78088   8650200     31.48   5053476   2151060       120       172
08:20:29 PM    443388    353108   7552712     95.53        28     78088   8403156     30.58   4995188   1962340       120       172
08:20:34 PM    443388    353108   7552712     95.53        28     78088   8403156     30.58   4995188   1962340       120       172
08:20:39 PM    443388    353192   7552628     95.53        28     78312   8403156     30.58   4995264   1962436       180       172
08:20:44 PM    443136    353136   7552684     95.53        28     78728   8403156     30.58   4995316   1962772       180       172
08:20:49 PM    439040    349064   7556756     95.58        28     78856   8403156     30.58   4995380   1962820       284       172
08:20:54 PM    439040    349144   7556676     95.58        28     78856   8403156     30.58   4995320   1962980       304       172
08:20:59 PM    439040    349144   7556676     95.58        28     78888   8403156     30.58   4995320   1962980       300       172
08:21:04 PM    439040    349164   7556656     95.58        28     78896   8403156     30.58   4995320   1963020       308       172
08:21:09 PM    438868    348992   7556828     95.59        28     78896   8403156     30.58   4995320   1963020        28       172
08:21:14 PM    130684     26144   7879676     99.67        28     49512   8403156     30.58   2276840   5160732        28       168
08:21:19 PM    187632     84568   7821252     98.93        28     52636   8403156     30.58   2315764   5044920        28       168
08:21:24 PM    179568     76564   7829256     99.03        28     52732   8403156     30.58   2315884   5044920       100       168
08:21:29 PM    171280     69640   7836180     99.12        28     55476   8403156     30.58   2318596   5044936       116       168
08:21:34 PM    172416     70832   7834988     99.10        28     55476   8403156     30.58   2318692   5045024       116       168
08:21:39 PM    174456     72872   7832948     99.08        28     55484   8403156     30.58   2318692   5045024       116       176
08:21:44 PM    169504     67920   7837900     99.14        28     55484   8403156     30.58   2324856   5038872       116       176
08:21:49 PM    169504     67920   7837900     99.14        28     55484   8403156     30.58   2324856   5038872        20       176
08:21:54 PM    173920     72460   7833360     99.08        28     55772   8403156     30.58   2326904   5037072        20       176
08:21:59 PM    166108     68488   7837332     99.13        28     63580   8403156     30.58   2334496   5037168        96       176
08:22:04 PM    126100     18896   7886924     99.76        16     44468   8403156     30.58    351692   7160692       116       176
08:22:09 PM    181232     73844   7831976     99.07        16     44048   8403156     30.58    818856   6701564       120       176
08:22:14 PM    165164     59464   7846356     99.25        16     47272   8403156     30.58    834540   6689280       120       176
08:22:19 PM    165164     59464   7846356     99.25        16     47272   8403156     30.58    834540   6689280       120       176
08:22:24 PM    163152     57452   7848368     99.27        16     47272   8403156     30.58    848876   6674944        24       176
08:22:29 PM    159120     53608   7852212     99.32        28     47700   8403156     30.58    848876   6675316        24       176
08:22:34 PM    143920     42928   7862892     99.46        28     56680   8403156     30.58    872020   6661288        96       176
08:22:39 PM    143920     42932   7862888     99.46        28     56680   8403156     30.58    872080   6661288       116       176
08:22:44 PM    153672     52684   7853136     99.33        28     56680   8403156     30.58    886548   6646840       116       176
08:22:49 PM    153672     52684   7853136     99.33        28     56680   8403156     30.58    886548   6646840       116       176
08:22:54 PM    152928     51940   7853880     99.34        28     56684   8403156     30.58    898180   6635212       120       176
08:22:59 PM    152928     51940   7853880     99.34        28     56684   8403156     30.58    898184   6635212        24       176
08:23:04 PM    154484     53644   7852176     99.32        28     56976   8403156     30.58    908196   6625492        28       176
08:23:09 PM    159132     58972   7846848     99.25        28     58488   8403156     30.58    912016   6623032        96       176
08:23:14 PM    157176     57088   7848732     99.28        28     58488   8403156     30.58    927328   6607868       116       176
08:23:19 PM    125680     25604   7880216     99.68        28     58508   8403156     30.58   1105004   6453572       116       176
08:23:24 PM    134024     33948   7871872     99.57        28     58508   8403156     30.58   1121752   6436828       116       176
08:23:29 PM    134024     33948   7871872     99.57        28     58508   8403156     30.58   1121752   6436828       116       176
08:23:34 PM    138776     38700   7867120     99.51        28     58508   8403156     30.58   1135968   6422616        20       176
08:23:39 PM    138776     38824   7866996     99.51        28     58844   8403156     30.58   1135968   6422864        20       176
08:23:44 PM    137516     37656   7868164     99.52        28     58940   8403156     30.58   1144860   6414156        96       176
08:23:49 PM    137516     37656   7868164     99.52        28     58940   8403156     30.58   1144860   6414156       116       176
08:23:54 PM    137532     37672   7868148     99.52        28     58940   8403156     30.58   1155868   6403148       116       176
08:23:59 PM    140636     40776   7865044     99.48        28     58940   8403156     30.58   1158888   6400124       116       176
08:24:04 PM    126312     26452   7879368     99.67        28     58940   8403156     30.58   1178980   6380692       116       176
08:24:09 PM    126184     26316   7879504     99.67        28     58940   8403156     30.58   1179028   6380500        20       176
08:24:14 PM    129432     29688   7876132     99.62        28     59228   8403156     30.58   1194236   6365612        20       176
08:24:19 PM    129260     29544   7876276     99.63        28     59324   8403156     30.58   1194172   6365660        96       176
08:24:24 PM    139432     39764   7866056     99.50        28     59324   8403156     30.58   1912908   5642772       116       176
08:24:29 PM    136184     37200   7868620     99.53        28     60728   8403156     30.58   1914272   5642772       116       176
08:24:34 PM    135932     36948   7868872     99.53        28     60728   8403156     30.58   1914272   5642772       116       176
08:24:39 PM    150952     51984   7853836     99.34        28     60728   8403156     30.58   1932944   5622320       116       176
08:24:44 PM    150952     51984   7853836     99.34        28     60728   8403156     30.58   1932944   5622320        20       176
08:24:49 PM    139976     41136   7864684     99.48        28     61056   8403156     30.58   1958636   5596884        28       176
08:24:54 PM    139724     40888   7864932     99.48        28     61184   8403156     30.58   1958636   5596888       112       176
08:24:59 PM    162956     64220   7841600     99.19        28     61184   8403156     30.58   1967132   5580400       132       176
08:25:04 PM    162704     63968   7841852     99.19        28     61192   8403156     30.58   1967132   5580400       132       176
08:25:09 PM    162200     63464   7842356     99.20        28     61192   8403156     30.58   1967132   5580400       132       176
08:25:14 PM    161192     62456   7843364     99.21        28     61196   8403156     30.58   1967132   5580400       136       176
08:25:19 PM    160108     61368   7844452     99.22        28     61196   8403156     30.58   1975304   5572224        24       176
08:25:24 PM    155080     58436   7847384     99.26        28     65420   8403156     30.58   1979148   5572584        24       176
08:25:29 PM    155080     58440   7847380     99.26        28     65536   8403156     30.58   1979160   5572588       112       176
08:25:34 PM    151048     56492   7849328     99.29        28     69576   8403156     30.58   1983288   5572668       132       176
08:25:39 PM    151048     56588   7849232     99.28        28     69772   8403156     30.58   1983560   5572796       320       176
08:25:44 PM    151048     56588   7849232     99.28        28     69772   8403156     30.58   1983572   5572796       320       176
08:25:49 PM    151048     56604   7849216     99.28        28     69772   8403156     30.58   1983584   5572828       320       176
08:25:54 PM    151048     56604   7849216     99.28        28     69772   8403156     30.58   1983584   5572828       128       176
08:25:59 PM    155200     61088   7844732     99.23        28     70468   8403156     30.58   1984424   5570880        68       176
08:26:04 PM    153544     59440   7846380     99.25        28     70580   8403156     30.58   1984480   5570896       160       176
08:26:09 PM    153248     59208   7846612     99.25        28     70584   8403156     30.58   1990816   5565808       180       176
08:26:14 PM    153076     59036   7846784     99.25        28     70584   8403156     30.58   1990816   5565808       180       176
08:26:19 PM    152996     58956   7846864     99.25        28     70584   8403156     30.58   1990816   5565808       180       176
08:26:24 PM    152996     58956   7846864     99.25        28     70584   8403156     30.58   1990816   5565808       180       176
08:26:29 PM    151988     58072   7847748     99.27        28     70920   8403156     30.58   1990820   5566052        20       176
08:26:34 PM    151764     57848   7847972     99.27        28     70920   8403156     30.58   1990820   5566052        20       176
08:26:39 PM    151764     57848   7847972     99.27        28     71032   8403156     30.58   1990820   5566052       112       176
08:26:44 PM    151764     57848   7847972     99.27        28     71032   8403156     30.58   1990820   5566052       132       176
08:26:49 PM    151764     57848   7847972     99.27        28     71032   8403156     30.58   1990820   5566052       132       176
08:26:54 PM    151764     57848   7847972     99.27        28     71032   8403156     30.58   1990820   5566052       132       176
08:26:59 PM    146248     53580   7852240     99.32        28     73636   8403156     30.58   1993224   5566148        20       176
08:27:04 PM    146248     53580   7852240     99.32        28     73636   8403156     30.58   1993224   5566148        20       176
08:27:09 PM    145996     53576   7852244     99.32        28     74132   8403156     30.58   1993224   5566644        20       176
08:27:14 PM    150328     58012   7847808     99.27        28     74244   8403156     30.58   1997932   5562140       112       176
08:27:19 PM    148772     56456   7849364     99.29        28     74244   8403156     30.58   1997932   5562140       132       176
08:27:24 PM    148968     56760   7849060     99.28        28     74244   8403156     30.58   2000352   5559944       132       176
08:27:29 PM    148620     56412   7849408     99.29        28     74244   8403156     30.58   2000352   5559944       132       176
08:27:34 PM    146620     54356   7851464     99.31        28     74244   8403156     30.58   2003624   5556616       132       176
08:27:39 PM    146620     54356   7851464     99.31        28     74244   8403156     30.58   2003624   5556616        20       176
08:27:44 PM    146620     54468   7851352     99.31        28     74548   8403156     30.58   2003652   5556836        20       176
08:27:49 PM    146620     54528   7851292     99.31        28     74660   8403156     30.58   2003756   5556888       112       176
08:27:54 PM    146620     54528   7851292     99.31        28     74660   8403156     30.58   2003756   5556888       132       176
08:27:59 PM    146620     54528   7851292     99.31        28     74660   8403156     30.58   2003756   5556888       132       176
08:28:04 PM    145864     53780   7852040     99.32        28     74664   8403156     30.58   2003796   5556904       136       176
08:28:09 PM    145864     53780   7852040     99.32        28     74664   8403156     30.58   2003796   5556904       136       176
08:28:14 PM    145864     53780   7852040     99.32        28     74668   8403156     30.58   2003796   5556904        28       176
08:28:19 PM    145864     53904   7851916     99.32        28     75004   8403156     30.58   2003796   5557152        28       176
08:28:24 PM    150204     58256   7847564     99.26        28     75116   8403156     30.58   2005844   5555124       112       176
08:28:29 PM    148612     56704   7849116     99.28        28     75124   8403156     30.58   2005844   5555204       140       176
08:28:34 PM    150284     58376   7847444     99.26        28     75124   8403156     30.58   2007892   5553156       140       176
08:28:39 PM    147596     55772   7850048     99.29        28     75124   8403156     30.58   2007892   5553328       140       176
08:28:44 PM    147356     55532   7850288     99.30        28     75124   8403156     30.58   2007892   5553328       140       176
08:28:49 PM    147356     55532   7850288     99.30        28     75124   8403156     30.58   2007892   5553328        28       176
08:28:54 PM    146600     54884   7850936     99.31        28     75428   8403156     30.58   2007924   5553544        28       176
08:28:59 PM    146600     54948   7850872     99.30        28     75540   8403156     30.58   2007924   5553668       112       176
08:29:04 PM    146600     54948   7850872     99.30        28     75540   8403156     30.58   2007924   5553668       132       176
08:29:09 PM    146600     54948   7850872     99.30        28     75540   8403156     30.58   2007924   5553668       132       176
08:29:14 PM    146600     54948   7850872     99.30        28     75540   8403156     30.58   2007924   5553668       132       176
08:29:19 PM    146600     54948   7850872     99.30        28     75540   8403156     30.58   2007924   5553668       132       176
08:29:24 PM    146600     54948   7850872     99.30        28     75540   8403156     30.58   2007924   5553668        20       176
08:29:29 PM    146600     55132   7850688     99.30        28     75892   8403156     30.58   2007924   5554040        20       176
08:29:34 PM    146348     54944   7850876     99.31        28     76004   8403156     30.58   2007924   5554164       112       176
08:29:39 PM    203488     95872   7809948     98.79        28     43608   8403156     30.58   1596888   5822804       136       164
08:29:44 PM    161728     54096   7851724     99.32        28     43492   8403156     30.58   1847212   5693872       136       160
08:29:49 PM    161628     54000   7851820     99.32        28     43512   8403156     30.58   1847348   5693876       136       176
08:29:54 PM    157848     51832   7853988     99.34        28     46784   8403156     30.58   1850632   5693876       136       176
08:29:59 PM    157848     51856   7853964     99.34        28     46784   8403156     30.58   1850684   5693876        24       176
08:30:04 PM    154068     49564   7856256     99.37        28     49920   8403156     30.58   1854352   5694100        24       176
08:30:09 PM    103592    103592   7802228     98.69        28     27748   8650200     31.48   1070588   6525228       144       168
08:30:14 PM    117444     16620   7889200     99.79        28     57152   8650200     31.48   1904560   4102288       144       152
08:30:19 PM     95876     95876   7809944     98.79        28     56808   8650112     31.47   3464512    875364       232       136
08:30:24 PM    132232     33904   7871916     99.57        28     62088   8650112     31.47   2859320   1340196        96       140
08:30:29 PM    158012     57540   7848280     99.27        28     57800   8650112     31.47   2330852   1891384        96       140
08:30:34 PM    369680    273212   7632608     96.54        28     65924   8403068     30.58   2283156   1765148       116       152
08:30:39 PM    363408    269928   7635892     96.59        28     71992   8403068     30.58   2289212   1765660       180       152
08:30:44 PM    363408    270004   7635816     96.58        28     72024   8403068     30.58   2289380   1765808       212       152
08:30:49 PM    363408    270004   7635816     96.58        28     72024   8403068     30.58   2289496   1765808       212       152
08:30:54 PM    134968     19388   7886432     99.75        16     27784   8403068     30.58   1550768   2697516       212       140
08:30:59 PM    161328     59536   7846284     99.25        16     55184   8403068     30.58   1617452   2605088       180       152
08:31:04 PM    153024     51544   7854276     99.35        16     55880   8403068     30.58   1617964   2605216       284       152
08:31:09 PM    152268     50996   7854824     99.35        28     56312   8403068     30.58   1618032   2605588        20       152
08:31:14 PM    143556     46284   7859536     99.41        28     64400   8403068     30.58   1626056   2605696        20       152
08:31:19 PM    144716     47444   7858376     99.40        28     64420   8403068     30.58   1626056   2605696        24       152
08:31:24 PM    144968     47696   7858124     99.40        28     64420   8403068     30.58   1626056   2605696        24       152
08:31:29 PM    135644     41788   7864032     99.47        28     71188   8403068     30.58   1639732   2605696        24       152
08:31:34 PM    135644     41860   7863960     99.47        28     71188   8403068     30.58   1639880   2605700        24       152
08:31:39 PM    135644     41860   7863960     99.47        28     71316   8403068     30.58   1639916   2605700       128       152
08:31:44 PM    135644     41924   7863896     99.47        28     71316   8403068     30.58   1640012   2605828       148       152
08:31:49 PM    136972     43248   7862572     99.45        28     71320   8403068     30.58   2250400   2533912       148       156
08:31:54 PM    171404     77584   7828236     99.02        28     71120   8403068     30.58   3171488   2324604       148       156
08:31:59 PM    165380     73368   7832452     99.07        28     74900   8403068     30.58   3180408   2325024        20       156
08:32:04 PM    165496     73596   7832224     99.07        28     74968   8403068     30.58   3183616   2325064        20       164
08:32:09 PM    165496     73596   7832224     99.07        28     74968   8403068     30.58   3183616   2325064        20       164
08:32:14 PM    165496     73656   7832164     99.07        28     75088   8403068     30.58   3183636   2325184       112       164
08:32:19 PM    165496     73656   7832164     99.07        28     75088   8403068     30.58   3183636   2325184       132       164
08:32:24 PM    165496     73656   7832164     99.07        28     75088   8403068     30.58   3183636   2325184       132       164
08:32:29 PM    165496     73656   7832164     99.07        28     75088   8403068     30.58   3183640   2325184       132       164
08:32:34 PM    156448     71108   7834712     99.10        28     88092   8403068     30.58   3199664   2325252       132       164
08:32:39 PM    156448     71108   7834712     99.10        28     88092   8403068     30.58   3199676   2325252       132       164
08:32:44 PM    156196     71044   7834776     99.10        28     88460   8403068     30.58   3199800   2325620        20       164
08:32:49 PM    156196     71044   7834776     99.10        28     88572   8403068     30.58   3199800   2325620       112       164
08:32:54 PM    156196     71100   7834720     99.10        28     88572   8403068     30.58   3199800   2325732       132       164
08:32:59 PM    156196     71100   7834720     99.10        28     88572   8403068     30.58   3199800   2325732       132       164
08:33:04 PM    156196     71100   7834720     99.10        28     88572   8403068     30.58   3199804   2325732       132       164
08:33:09 PM    156196     71100   7834720     99.10        28     88572   8403068     30.58   3199804   2325732       132       164
08:33:14 PM    156196     71100   7834720     99.10        28     88576   8403068     30.58   3199808   2325736        24       164
08:33:19 PM    155944     70972   7834848     99.10        28     88864   8403068     30.58   3199808   2325984        24       164
08:33:24 PM    155944     71056   7834764     99.10        28     88992   8403068     30.58   3199808   2326152       128       164
08:33:29 PM    155692     70804   7835016     99.10        28     88992   8403068     30.58   3199816   2326152       148       164
08:33:34 PM    155692     70804   7835016     99.10        28     88992   8403068     30.58   3199816   2326152       148       164
08:33:39 PM    155692     70804   7835016     99.10        28     88992   8403068     30.58   3199816   2326152       148       164
08:33:44 PM    155692     70804   7835016     99.10        28     88992   8403068     30.58   3199816   2326152       148       164
08:33:49 PM    155692     70804   7835016     99.10        28     88992   8403068     30.58   3199816   2326152        20       164
08:33:54 PM    154936     70172   7835648     99.11        28     89344   8403068     30.58   3199816   2326400        20       164
08:33:59 PM    154936     70224   7835596     99.11        28     89456   8403068     30.58   3199820   2326504       112       164
08:34:04 PM    154936     70264   7835556     99.11        28     89456   8403068     30.58   3199908   2326584       132       164
08:34:09 PM    154712     70056   7835764     99.11        28     89456   8403068     30.58   3199908   2326616       132       164
08:34:14 PM    154712     70056   7835764     99.11        28     89456   8403068     30.58   3199908   2326616       132       164
08:34:19 PM    154712     70056   7835764     99.11        28     89456   8403068     30.58   3199908   2326616       132       164
08:34:24 PM    154712     70056   7835764     99.11        28     89460   8403068     30.58   3199908   2326616        24       164
08:34:29 PM    154712     70184   7835636     99.11        28     89780   8403068     30.58   3199912   2326868        24       164
08:34:35 PM    104228      7584   7898236     99.90        28     65476   8403068     30.58    352668   4902260       128       156
08:34:40 PM    144824     47680   7858140     99.40        28     64580   8403068     30.58   1511380   3721772       100       152
08:34:45 PM    144744     47656   7858164     99.40        28     64596   8403068     30.58   1511500   3721776       116       152
08:34:50 PM    137932     40852   7864968     99.48        28     64596   8403068     30.58   1532368   3700952       116       152
08:34:55 PM    134320     38788   7867032     99.51        28     67692   8403068     30.58   1535464   3700952       116       152
08:35:00 PM    128592     33136   7872684     99.58        28     67840   8403068     30.58   1564124   3677844       116       152
08:35:05 PM    144592     48940   7856880     99.38        28     67620   8403068     30.58   1917012   3606560        20       156
08:35:10 PM    147416     51848   7853972     99.34        28     67620   8403068     30.58   1960024   3590408        20       156
08:35:15 PM    145652     50840   7854980     99.36        28     69140   8403068     30.58   1961536   3590504        96       164
08:35:20 PM    159636     64820   7841000     99.18        28     69136   8403068     30.58   1978888   3573168       116       164
08:35:25 PM    149020     56376   7849444     99.29        28     73500   8403068     30.58   1983784   3573168       116       164
08:35:30 PM    159628     66988   7838832     99.15        28     73484   8403068     30.58   2007116   3549972       116       164
08:35:35 PM    151844     62056   7843764     99.22        28     79280   8403068     30.58   2012864   3549972       116       164
08:35:40 PM    150080     60708   7845112     99.23        28     80220   8403068     30.58   2014040   3550004       308       164
08:35:45 PM    150080     61008   7844812     99.23        28     80620   8403068     30.58   2014276   3550484       180       164
08:35:50 PM    149828     60828   7844992     99.23        28     80768   8403068     30.58   2014340   3550628       304       164
08:35:55 PM    149828     61256   7844564     99.23        28     81808   8403068     30.58   2015200   3550628       332       164
08:36:00 PM    149828     61360   7844460     99.22        28     81872   8403068     30.58   2015432   3550628       328       164
08:36:05 PM    183928     79904   7825916     98.99        28     50796   8403068     30.58   3385088   2135828       112       156
08:36:10 PM    170348     69188   7836632     99.12        28     56544   8403068     30.58   3390940   2135828       136       156
08:36:15 PM    170348     69308   7836512     99.12        28     56864   8403068     30.58   3390948   2136068        24       156
08:36:20 PM    206916     97980   7807840     98.76        28     40996   8403068     30.58   2863428   2620540       112       156
08:36:25 PM    200868     93852   7811968     98.81        28     44960   8403068     30.58   2867272   2620540       132       156
08:36:30 PM    181016     79772   7826048     98.99        28     56580   8403068     30.58   2878936   2620576       132       156
08:36:35 PM    178776     77532   7828288     99.02        28     56580   8403068     30.58   2878936   2620576       132       156
08:36:40 PM    170784     69696   7836124     99.12        28     56580   8403068     30.58   2879080   2620752       132       156
08:36:45 PM    173108     72020   7833800     99.09        28     56580   8403068     30.58   2879104   2620752       132       156
08:36:50 PM    173992     73480   7832340     99.07        28     57768   8403068     30.58   2879980   2621040        20       156
08:36:55 PM    173676     73164   7832656     99.07        28     57880   8403068     30.58   2879980   2621040       112       156
08:37:00 PM    170980     73208   7832612     99.07        28     63216   8403068     30.58   2886140   2621156       132       156
08:37:05 PM    170756     72984   7832836     99.08        28     63216   8403068     30.58   2886140   2621156       132       156
08:37:10 PM    170604     72832   7832988     99.08        28     63216   8403068     30.58   2886148   2621156       132       156
08:37:15 PM    170748     72976   7832844     99.08        28     63216   8403068     30.58   2886156   2621156       132       156
08:37:20 PM    170748     72976   7832844     99.08        28     63216   8403068     30.58   2886156   2621156        20       156
08:37:25 PM    170748     73100   7832720     99.08        28     63580   8403068     30.58   2886180   2621380        24       156
08:37:30 PM    170748     73224   7832596     99.07        28     63708   8403068     30.58   2886180   2621624       128       156
08:37:35 PM    168332     71648   7834172     99.09        28     65396   8403068     30.58   2891128   2618308       148       156
08:37:40 PM    168332     71652   7834168     99.09        28     65396   8403068     30.58   2891256   2618308       148       156
08:37:45 PM    167216     70536   7835284     99.11        28     65396   8403068     30.58   2906564   2618308       148       156
08:37:50 PM    155464     58824   7846996     99.26        28     65480   8403068     30.58   4129936   2618308       148       160
08:37:55 PM    158584     61944   7843876     99.22        28     65480   8403068     30.58   4867724   2618308        20       160
08:38:00 PM    159928     63464   7842356     99.20        28     65832   8403068     30.58   4867724   2618660        20       160
08:38:05 PM    159424     63008   7842812     99.20        28     65952   8403068     30.58   4870168   2618756       112       168
08:38:10 PM    149344     52936   7852884     99.33        28     65952   8403068     30.58   4878920   2618772       132       168
08:38:15 PM    149344     52936   7852884     99.33        28     65952   8403068     30.58   4878920   2618772       132       168
08:38:20 PM    149344     52936   7852884     99.33        28     65952   8403068     30.58   4878920   2618772       132       168
08:38:25 PM    149344     52936   7852884     99.33        28     65956   8403068     30.58   4878920   2618772       136       168
08:38:30 PM    143296     50360   7855460     99.36        28     73024   8403068     30.58   4885872   2618772        24       168
08:38:35 PM    143296     50608   7855212     99.36        28     73408   8403068     30.58   4886000   2619148        24       168
08:38:40 PM    124324     17688   7888132     99.78        28     45496   8403068     30.58   3513304   4021012       128       168
08:38:45 PM    160520     40520   7865300     99.49        16     19076   8403068     30.58   3011176   4508808       148       172
08:38:50 PM    148424     34232   7871588     99.57        16     30492   8403068     30.58   3023076   4508808       148       172
08:38:55 PM    147336     33188   7872632     99.58        16     30492   8403068     30.58   3023204   4508808       148       172
08:39:00 PM    150780     42612   7863208     99.46        16     42512   8403068     30.58   3139220   4391108       148       172
08:39:05 PM    178972     70836   7834984     99.10        16     42512   8403068     30.58   3140476   4389056        20       172
08:39:10 PM    171060     64312   7841508     99.19        28     45320   8403068     30.58   3142884   4389428        20       172
08:39:15 PM    170400     63700   7842120     99.19        28     45484   8403068     30.58   3150088   4382324       112       172
08:39:20 PM    170400     63700   7842120     99.19        28     45484   8403068     30.58   3150088   4382324       132       172
08:39:25 PM    170228     63584   7842236     99.20        28     45484   8403068     30.58   3161432   4371092       132       172
08:39:30 PM    169896     63252   7842568     99.20        28     45484   8403068     30.58   3161436   4371092       132       172
08:39:35 PM    174304     67660   7838160     99.14        28     45484   8403068     30.58   3169624   4362904       132       172
08:39:40 PM    173044     67640   7838180     99.14        28     48124   8403068     30.58   3172180   4362912        28       172
08:39:45 PM    170728     65588   7840232     99.17        28     48524   8403068     30.58   3183764   4351944        28       172
08:39:50 PM    170728     65604   7840216     99.17        28     48636   8403068     30.58   3183764   4351972       112       172
08:39:55 PM    177568     72500   7833320     99.08        28     48636   8403068     30.58   3195788   4339212       132       172
08:40:00 PM    176920     71852   7833968     99.09        28     48636   8403068     30.58   3195788   4339212       132       172
08:40:05 PM    171000     68096   7837724     99.14        28     52972   8403068     30.58   3210552   4331324       132       172
08:40:10 PM    149692     46788   7859032     99.41        28     52972   8403068     30.58   3232548   4331324       132       172
08:40:15 PM    147596     44696   7861124     99.43        28     52972   8403068     30.58   3241940   4322112        20       172
08:40:20 PM    147596     44820   7861000     99.43        28     53292   8403068     30.58   3241940   4322360        20       172
08:40:25 PM    145052     43548   7862272     99.45        28     56004   8403068     30.58   3253128   4313916       112       172
08:40:30 PM    145052     43548   7862272     99.45        28     56008   8403068     30.58   3253140   4313916       136       172
08:40:35 PM    142588     42072   7863748     99.47        28     57744   8403068     30.58   3262464   4306752       136       172
08:40:40 PM    123448     28700   7877120     99.64        28     69284   8403068     30.58   3274320   4306880       328       176
08:40:45 PM    121824     27076   7878744     99.66        28     69284   8403068     30.58   3281984   4299252       328       176
08:40:50 PM    121320     26572   7879248     99.66        28     69332   8403068     30.58   3281984   4299252       184       176
08:40:55 PM    135728     41188   7864632     99.48        28     69700   8403068     30.58   3283284   4297592       136       176
08:41:00 PM    134360     39956   7865864     99.49        28     70056   8403068     30.58   3283320   4297868       192       176
08:41:05 PM    132848     39004   7866816     99.51        28     71216   8403068     30.58   3284416   4297888       212       176
08:41:10 PM    132848     39004   7866816     99.51        28     71216   8403068     30.58   3284416   4297888       212       176
08:41:15 PM    132092     38604   7867216     99.51        28     71948   8403068     30.58   3285108   4297920       212       176
08:41:20 PM    132092     38604   7867216     99.51        28     71948   8403068     30.58   3285108   4297920        20       176
08:41:25 PM    132092     38604   7867216     99.51        28     71948   8403068     30.58   3285108   4297920        20       176
08:41:30 PM    131840     38536   7867284     99.51        28     72396   8403068     30.58   3285108   4298292        20       176
08:41:35 PM    211736    118552   7787268     98.50        28     72508   8650112     31.47   4061888   3436628       112       176
08:41:40 PM    211812    118624   7787196     98.50        28     72508   8650112     31.47   4062012   3436528       132       176
08:41:45 PM    452720    359536   7546284     95.45        28     72508   8403068     30.58   3814976   3436536       132       176
08:41:50 PM    452720    359536   7546284     95.45        28     72508   8403068     30.58   3814976   3436536       132       176
08:41:55 PM    452720    359536   7546284     95.45        28     72508   8403068     30.58   3814976   3436536       132       176
08:42:00 PM    450452    358020   7547800     95.47        28     73948   8403068     30.58   3816452   3436692        20       176
08:42:05 PM    449976    357744   7548076     95.47        28     74316   8403068     30.58   3816560   3437092        20       176
08:42:10 PM    449968    357732   7548088     95.48        28     74428   8403068     30.58   3816560   3437088       112       176
08:42:15 PM    449968    357772   7548048     95.47        28     74428   8403068     30.58   3816752   3437168       132       176
08:42:20 PM    449968    357792   7548028     95.47        28     74428   8403068     30.58   3816756   3437208       132       176
08:42:25 PM    449968    357792   7548028     95.47        28     74428   8403068     30.58   3816756   3437208       132       176
08:42:30 PM    449968    357792   7548028     95.47        28     74428   8403068     30.58   3816760   3437208       132       176
08:42:35 PM    440924    352612   7553208     95.54        28     82272   8403068     30.58   3827412   3437332        20       176
08:42:40 PM    440908    352772   7553048     95.54        28     82592   8403068     30.58   3827576   3437572        20       176
08:42:45 PM    440668    352532   7553288     95.54        28     82708   8403068     30.58   3827844   3437572       112       176
08:42:50 PM    440668    352632   7553188     95.54        28     82708   8403068     30.58   3827848   3437768       132       176
08:42:55 PM    440668    352632   7553188     95.54        28     82708   8403068     30.58   3827848   3437768       132       176
08:43:00 PM    440668    352632   7553188     95.54        28     82708   8403068     30.58   3827848   3437768       132       176
08:43:05 PM    440668    352632   7553188     95.54        28     82708   8403068     30.58   3827848   3437768       132       176
08:43:10 PM    440668    352632   7553188     95.54        28     82708   8403068     30.58   3827848   3437768        20       176
08:43:15 PM    440408    352492   7553328     95.54        28     83076   8403068     30.58   3827844   3438008        20       176
08:43:20 PM    440156    352360   7553460     95.54        28     83188   8403068     30.58   3827848   3438248       112       176
08:43:25 PM    440156    352360   7553460     95.54        28     83196   8403068     30.58   3827848   3438248       132       176
08:43:30 PM    440156    352368   7553452     95.54        28     83200   8403068     30.58   3827848   3438260       136       176
08:43:35 PM    440156    352368   7553452     95.54        28     83204   8403068     30.58   3827848   3438260       140       176
08:43:40 PM    440156    352368   7553452     95.54        28     83204   8403068     30.58   3827848   3438264       140       176
08:43:45 PM    440124    352332   7553488     95.54        28     83204   8403068     30.58   3827852   3438256        28       176
08:43:50 PM    439620    351992   7553828     95.55        28     83524   8403068     30.58   3827856   3438584        28       176
08:43:55 PM    439620    351992   7553828     95.55        28     83636   8403068     30.58   3827856   3438584       112       176
08:44:00 PM    439620    352048   7553772     95.55        28     83636   8403068     30.58   3827856   3438696       132       176
08:44:05 PM    439620    352048   7553772     95.55        28     83636   8403068     30.58   3827904   3438696       132       176
08:44:10 PM    439620    352048   7553772     95.55        28     83636   8403068     30.58   3827904   3438696       132       176
08:44:15 PM    439620    352048   7553772     95.55        28     83636   8403068     30.58   3827904   3438696       132       176
08:44:20 PM    434596    347024   7558796     95.61        28     83636   8403068     30.58   3828692   3437920        20       176
08:44:25 PM    434344    346896   7558924     95.61        28     83988   8403068     30.58   3828692   3438168        20       176
08:44:30 PM    434344    347004   7558816     95.61        28     84100   8403068     30.58   3828700   3438384       112       176
08:44:35 PM    434344    347004   7558816     95.61        28     84100   8403068     30.58   3828700   3438384       132       176
08:44:40 PM    433336    346516   7559304     95.62        28     85168   8403068     30.58   3830132   3438384       132       208
Average:       799393    782621   7123199     90.10      1292    175129   7403866     26.94   4509679   2209037       105      3557
