Linux 7.0.10-arch1-1 (archlinux) 	06/03/2026 	_x86_64_	(4 CPU)

09:41:06 PM kbmemfree   kbavail kbmemused  %memused kbbuffers  kbcached  kbcommit   %commit  kbactive   kbinact   kbdirty   kbshmem
09:41:11 PM   1403648   1442168   6463644     81.76      2556    253296   6411656     23.33   6222308     68944       844      5948
09:41:16 PM   1403424   1441936   6463876     81.76      2556    253296   6398412     23.28   6219544     68944       968      5948
09:41:21 PM   1403424   1441892   6463920     81.76      2556    253252   6398412     23.28   6219584     68900       976      5948
09:41:26 PM   1403424   1442260   6463552     81.76      2556    253700   6398412     23.28   6219684     69268       628      5948
09:41:31 PM   1403424   1442308   6463504     81.76      2556    253700   6398412     23.28   6219688     69316       308      5948
09:41:36 PM   1403424   1442340   6463472     81.76      2556    253768   6398412     23.28   6219692     69348       372      5948
09:41:41 PM   1403424   1442452   6463360     81.75      2556    253816   6398412     23.28   6219692     69460       392      5948
09:41:46 PM   1403424   1442468   6463344     81.75      2556    253860   6398412     23.28   6219704     69476       372      5948
09:41:51 PM   1403424   1442500   6463312     81.75      2556    253864   6398412     23.28   6219704     69508       376      5948
09:41:56 PM   1403172   1442472   6463340     81.75      2556    254184   6398412     23.28   6219708     69732       188      5948
09:42:01 PM   1403172   1442520   6463292     81.75      2556    254212   6398412     23.28   6219708     69780       216      5948
09:42:06 PM   1403172   1442600   6463212     81.75      2556    254216   6398412     23.28   6219712     69860       204      5948
09:42:11 PM   1403172   1442600   6463212     81.75      2556    254212   6398412     23.28   6219712     69860       216      5948
09:42:16 PM   1403172   1442648   6463164     81.75      2556    254260   6398412     23.28   6219724     69908       248      5948
09:42:21 PM   1403172   1442648   6463164     81.75      2556    254260   6398412     23.28   6219724     69908       268      5948
09:42:26 PM   1402920   1442508   6463304     81.75      2556    254424   6398412     23.28   6219724     70020       192      5948
09:42:31 PM   1402920   1442508   6463304     81.75      2556    254532   6398412     23.28   6219724     70020       220      5948
09:42:36 PM   1402920   1442668   6463144     81.75      2556    254532   6398412     23.28   6219784     70180       220      5948
09:42:41 PM   1402920   1442668   6463144     81.75      2556    254536   6398412     23.28   6219784     70180       216      5948
09:42:46 PM   1402920   1442668   6463144     81.75      2556    254532   6398412     23.28   6219784     70180       212      5948
09:42:51 PM   1402920   1442716   6463096     81.75      2556    254580   6398412     23.28   6219784     70228       240      5948
09:42:56 PM   1402668   1442604   6463208     81.75      2556    254772   6398412     23.28   6219784     70368       180      5948
09:43:01 PM   1402668   1442700   6463112     81.75      2556    254852   6398412     23.28   6219784     70464       220      5948
09:43:06 PM   1402668   1442736   6463076     81.75      2556    254852   6398412     23.28   6219784     70500       220      5948
09:43:11 PM   1402668   1442736   6463076     81.75      2556    254856   6398412     23.28   6219784     70500       220      5948
09:43:16 PM   1402668   1442736   6463076     81.75      2556    254852   6398412     23.28   6219792     70500       216      5948
09:43:21 PM   1402668   1442736   6463076     81.75      2556    254852   6398412     23.28   6219792     70500       216      5948
09:43:26 PM   1402668   1442788   6463024     81.75      2556    254904   6398412     23.28   6219792     70552       248      5948
09:43:31 PM   1402668   1442784   6463028     81.75      2556    255064   6398412     23.28   6219792     70548       140      5948
09:43:36 PM   1402668   1443024   6462788     81.75      2556    255140   6398412     23.28   6219792     70788       216      5948
09:43:41 PM   1402668   1443028   6462784     81.75      2556    255148   6398412     23.28   6219792     70792       108      5948
09:43:46 PM   1402668   1443032   6462780     81.75      2556    255148   6398412     23.28   6219792     70796       216      5948
09:43:51 PM   1402416   1442776   6463036     81.75      2556    255148   6398412     23.28   6219792     70792       216      5948
09:43:56 PM   1402416   1442780   6463032     81.75      2556    255148   6398412     23.28   6219796     70796       216      5948
09:44:01 PM   1402416   1442948   6462864     81.75      2556    255420   6398412     23.28   6219796     70964       112      5948
09:44:06 PM   1402164   1442896   6462916     81.75      2556    255516   6398412     23.28   6219796     71164       180      5948
09:44:11 PM   1445048   1485776   6420036     81.21      2556    255552   6398412     23.28   6178836     71160       224      5948
09:44:16 PM   1471820   1512548   6393264     80.87      2556    255552   6398412     23.28   6141972     71160       224      5948
09:44:21 PM   1512932   1553696   6352116     80.35      2556    255552   6398412     23.28   6098964     71196       216      5948
09:44:26 PM   1540596   1581360   6324452     80.00      2556    255552   6398412     23.28   6076436     71196       216      5948
09:44:31 PM   1567988   1608752   6297060     79.65      2556    255552   6398412     23.28   6045716     71196       216      5948
09:44:36 PM   1595248   1636220   6269592     79.30      2556    255852   6398412     23.28   6017052     71404       252      5948
09:44:41 PM   1608856   1649956   6255856     79.13      2556    255932   6398412     23.28   6004768     71532       176      5948
09:44:46 PM   1622724   1663908   6241904     78.95      2556    255976   6398412     23.28   5984288     71616       216      5948
09:44:51 PM   1622472   1663660   6242152     78.96      2556    255972   6398412     23.28   5976096     71620       224      5948
09:44:56 PM   1636980   1678168   6227644     78.77      2556    255972   6398412     23.28   5965856     71620       212      5948
09:45:01 PM   1650688   1691876   6213936     78.60      2556    255976   6398412     23.28   5949472     71620       220      5948
09:45:06 PM   1650436   1691872   6213940     78.60      2556    256292   6398412     23.28   5949472     71868       136      5948
09:45:11 PM   1459420   1501056   6404756     81.01      2556    256472   6398412     23.28   6125608     72068       160      5948
09:45:16 PM   1459420   1501056   6404756     81.01      2556    256500   6398412     23.28   6125608     72068       212      5948
09:45:21 PM   1459420   1501136   6404676     81.01      2556    256500   6398412     23.28   6125608     72148       212      5948
09:45:26 PM   1463572   1505384   6400428     80.96      2556    256628   6406608     23.31   6125616     72244       100      5948
09:45:31 PM   1466196   1508040   6397772     80.92      2556    256628   6406608     23.31   6125616     72276       208      5948
09:45:36 PM   1466364   1508208   6397604     80.92      2556    256628   6406608     23.31   6125616     72276       208      5948
09:45:41 PM   1466092   1508480   6397332     80.92      2556    257220   6406608     23.31   6125620     72820       176      5948
09:45:46 PM   1468588   1511116   6394696     80.89      2556    257348   6405672     23.31   6125308     72964       284      5948
09:45:51 PM   1468592   1511156   6394656     80.89      2556    257348   6405672     23.31   6125424     72996       304      5948
09:45:56 PM   1468588   1511152   6394660     80.89      2556    257348   6405672     23.31   6125424     72996       304      5948
09:46:01 PM   1468592   1511156   6394656     80.89      2556    257348   6405672     23.31   6125428     72996       196      5948
09:46:06 PM   1468592   1511156   6394656     80.89      2556    257348   6405672     23.31   6125428     72996       304      5948
09:46:11 PM   1468092   1511104   6394708     80.89      2556    257828   6405672     23.31   6125428     73428       128      5948
09:46:16 PM   1468092   1511104   6394708     80.89      2556    257884   6405672     23.31   6125428     73428       188      5948
09:46:21 PM   1468092   1511316   6394496     80.88      2556    257996   6405672     23.31   6125428     73640       276      5948
09:46:26 PM   1468092   1511316   6394496     80.88      2556    257996   6405672     23.31   6125428     73640       296      5948
09:46:31 PM   1468092   1511316   6394496     80.88      2556    257996   6405672     23.31   6125428     73640       296      5948
09:46:36 PM   1468092   1511316   6394496     80.88      2556    257996   6405672     23.31   6125428     73640       296      5948
09:46:41 PM   1467920   1511316   6394496     80.88      2556    258168   6405672     23.31   6125428     73812       296      5948
09:46:46 PM   1467840   1511312   6394500     80.88      2556    258396   6405672     23.31   6125428     73888       184      5948
09:46:51 PM   1466740   1510396   6395416     80.90      2556    258428   6405672     23.31   6125428     74072       216      5948
09:46:56 PM   1466740   1510460   6395352     80.89      2556    258524   6405672     23.31   6125428     74136       292      5948
09:47:01 PM   1466488   1510240   6395572     80.90      2556    258524   6405672     23.31   6125428     74168       312      5948
09:47:06 PM   1466488   1510240   6395572     80.90      2556    258520   6405672     23.31   6125428     74168       308      5948
09:47:11 PM   1466236   1510240   6395572     80.90      2556    258784   6405672     23.31   6125428     74420       136      5948
09:47:16 PM   1466064   1510116   6395696     80.90      2556    258860   6405672     23.31   6125428     74468       216      5948
09:47:21 PM   1466080   1510220   6395592     80.90      2556    258908   6405672     23.31   6125428     74556       184      5948
09:47:26 PM   1466080   1510220   6395592     80.90      2556    258940   6405672     23.31   6125428     74556       216      5948
09:47:31 PM   1465828   1510048   6395764     80.90      2556    259020   6405672     23.31   6125428     74636       272      5948
09:47:36 PM   1465828   1510080   6395732     80.90      2556    259024   6405672     23.31   6125428     74668       296      5948
09:47:41 PM   1465708   1510204   6395608     80.90      2556    259264   6405672     23.31   6125428     74912       136      5948
09:47:46 PM   1465456   1509952   6395860     80.90      2556    259344   6405672     23.31   6125428     74912       212      5948
09:47:51 PM   1465456   1510000   6395812     80.90      2556    259392   6405672     23.31   6125428     74960       180      5948
09:47:56 PM   1464664   1509320   6396492     80.91      2556    259424   6405672     23.31   6125428     75072       212      5948
09:48:01 PM   1464608   1509264   6396548     80.91      2556    259424   6405672     23.31   6125428     75072       212      5948
09:48:06 PM   1466928   1511584   6394228     80.88      2556    259520   6405672     23.31   6125428     75072       284      5948
09:48:11 PM   1466936   1511672   6394140     80.88      2556    259520   6405672     23.31   6125428     75152       304      5948
09:48:16 PM   1466936   1511936   6393876     80.88      2556    259856   6405672     23.31   6125428     75416       208      5948
09:48:21 PM   1466936   1511936   6393876     80.88      2556    259904   6405672     23.31   6125428     75416       180      5948
09:48:26 PM   1466936   1512072   6393740     80.87      2556    259936   6405672     23.31   6125432     75552       212      5948
09:48:31 PM   1466936   1512072   6393740     80.87      2556    259944   6405672     23.31   6125432     75552       220      5948
09:48:36 PM   1466936   1512112   6393700     80.87      2556    259948   6405672     23.31   6125432     75592       224      5948
09:48:41 PM   1466684   1511860   6393952     80.88      2556    260028   6405672     23.31   6125432     75592       276      5948
09:48:46 PM   1466432   1511928   6393884     80.88      2556    260316   6405672     23.31   6125432     75912        72      5948
09:48:51 PM   1466432   1511928   6393884     80.88      2556    260352   6405672     23.31   6125432     75912       216      5948
09:48:56 PM   1466332   1511960   6393852     80.88      2556    260432   6405672     23.31   6125432     76044       216      5948
09:49:01 PM   1466332   1511992   6393820     80.87      2556    260428   6405672     23.31   6125432     76076       212      5948
09:49:06 PM   1466584   1512244   6393568     80.87      2556    260428   6405672     23.31   6125432     76076       220      5948
09:49:11 PM   1384684   1430344   6475468     81.91      2556    260432   6405672     23.31   6215548     76076       224      5948
09:49:16 PM   1383956   1429952   6475860     81.91      2556    260816   6405672     23.31   6215548     76412       168      5948
09:49:21 PM   1383452   1429528   6476284     81.92      2556    260840   6405672     23.31   6215548     76492       208      5948
09:49:26 PM   1383452   1429528   6476284     81.92      2556    260924   6405672     23.31   6215556     76492       212      5948
09:49:31 PM   1383452   1429528   6476284     81.92      2556    260924   6405672     23.31   6215556     76492       212      5948
09:49:36 PM   1383452   1429608   6476204     81.92      2556    260924   6405672     23.31   6215556     76572       212      5948
09:49:41 PM   1383452   1429608   6476204     81.92      2556    260924   6405672     23.31   6215556     76572       212      5948
09:49:46 PM   1383580   1429736   6476076     81.92      2556    260924   6405672     23.31   6215556     76572       212      5948
09:49:51 PM   1383124   1429392   6476420     81.92      2556    261168   6405672     23.31   6215556     76684       244      5948
09:49:56 PM   1383092   1429520   6476292     81.92      2556    261248   6405672     23.31   6215556     76844       180      5948
09:50:01 PM   1383092   1429520   6476292     81.92      2556    261276   6405672     23.31   6215556     76844       208      5948
09:50:06 PM   1382840   1429348   6476464     81.92      2556    261276   6405672     23.31   6215556     76924       208      5948
09:50:11 PM   1382840   1429348   6476464     81.92      2556    261276   6405672     23.31   6215556     76924       208      5948
09:50:16 PM   1381136   1427648   6478164     81.94      2556    261280   6405672     23.31   6215556     76928       212      5948
09:50:21 PM   1380884   1427768   6478044     81.94      2556    261664   6405672     23.31   6215556     77300       132      5948
09:50:26 PM   1380884   1427940   6477872     81.94      2556    261824   6405672     23.31   6215556     77472        96      5948
09:50:31 PM   1380884   1427940   6477872     81.94      2556    261824   6405672     23.31   6215556     77472        20      5948
09:50:36 PM   1380884   1427940   6477872     81.94      2556    261824   6405672     23.31   6215556     77472        20      5948
09:50:41 PM   1380884   1427940   6477872     81.94      2556    261824   6405672     23.31   6215556     77472        20      5948
09:50:46 PM   1384100   1431156   6474656     81.90      2556    261824   6405672     23.31   6215568     77472        20      5948
09:50:51 PM   1383876   1430932   6474880     81.90      2556    261824   6405672     23.31   6215568     77472        20      5948
09:50:56 PM   1383624   1431064   6474748     81.90      2556    262208   6405672     23.31   6215568     77856        20      5948
09:51:01 PM   1383624   1431064   6474748     81.90      2556    262288   6405672     23.31   6215568     77856        80      5948
09:51:06 PM   1383624   1431144   6474668     81.90      2556    262288   6405672     23.31   6215568     77936       100      5948
09:51:11 PM   1383624   1431144   6474668     81.90      2556    262288   6405672     23.31   6215568     77936       100      5948
09:51:16 PM   1388744   1436264   6469548     81.83      2556    262288   6405672     23.31   6215568     77936       100      5948
09:51:21 PM   1384648   1432168   6473644     81.88      2556    262288   6405672     23.31   6215568     77936       100      5948
09:51:26 PM   1384648   1432168   6473644     81.88      2556    262292   6405672     23.31   6215568     77936        24      5948
09:51:31 PM   1382156   1429928   6475884     81.91      2556    262596   6405672     23.31   6215568     78188        24      5948
09:51:36 PM   1382156   1429928   6475884     81.91      2556    262692   6405672     23.31   6215568     78188        96      5948
09:51:41 PM   1382156   1430080   6475732     81.91      2556    262692   6405672     23.31   6215568     78340       116      5948
09:51:46 PM   1382156   1430080   6475732     81.91      2556    262692   6405672     23.31   6215568     78340       116      5948
09:51:51 PM   1382156   1430080   6475732     81.91      2556    262692   6405672     23.31   6215568     78340       116      5948
09:51:56 PM   1382156   1430080   6475732     81.91      2556    262692   6405672     23.31   6215568     78340       116      5948
09:52:01 PM   1382156   1430080   6475732     81.91      2556    262692   6405672     23.31   6215568     78340        20      5948
09:52:06 PM   1381400   1429572   6476240     81.92      2556    263028   6405672     23.31   6215568     78588        20      5948
09:52:11 PM   1381400   1429756   6476056     81.92      2556    263116   6405672     23.31   6215568     78764        80      5948
09:52:16 PM   1381400   1429756   6476056     81.92      2556    263116   6405672     23.31   6215568     78764       100      5948
09:52:21 PM   1381400   1429756   6476056     81.92      2556    263116   6405672     23.31   6215568     78764       100      5948
09:52:26 PM   1381400   1429756   6476056     81.92      2556    263116   6405672     23.31   6215568     78764       100      5948
09:52:31 PM   1381400   1429756   6476056     81.92      2556    263116   6405672     23.31   6215568     78764       100      5948
09:52:36 PM   1381400   1429756   6476056     81.92      2556    263116   6405672     23.31   6215568     78764        20      5948
09:52:41 PM   1381400   1430004   6475808     81.91      2556    263420   6405672     23.31   6215568     79012        20      5948
09:52:46 PM   1381400   1430004   6475808     81.91      2556    263516   6405672     23.31   6215568     79012        96      5948
09:52:51 PM   1380568   1429324   6476488     81.92      2556    263516   6405672     23.31   6215568     79164       116      5948
09:52:56 PM   1395944   1444700   6461112     81.73      2556    263516   6405672     23.31   6207376     79164       116      5948
09:53:01 PM   1423048   1471804   6434008     81.38      2556    263516   6405672     23.31   6182244     79164       116      5948
09:53:06 PM   1450896   1499652   6406160     81.03      2556    263516   6405672     23.31   6163812     79164       116      5948
09:53:11 PM   1437804   1486560   6419252     81.20      2556    263516   6405672     23.31   6180196     79164        20      5948
09:53:16 PM   1437048   1486052   6419760     81.20      2556    263856   6405672     23.31   6180196     79412        24      5948
09:53:21 PM   1424448   1473624   6432188     81.36      2556    263936   6405672     23.31   6192484     79584        80      5948
09:53:26 PM   1424448   1473624   6432188     81.36      2556    263936   6405672     23.31   6192484     79584       100      5948
09:53:31 PM   1424448   1473624   6432188     81.36      2556    263936   6405672     23.31   6192484     79584       100      5948
09:53:36 PM   1424448   1473624   6432188     81.36      2556    263936   6405672     23.31   6192484     79584       100      5948
09:53:41 PM   1424448   1473624   6432188     81.36      2556    263936   6405672     23.31   6192484     79584       100      5948
09:53:46 PM   1424448   1473624   6432188     81.36      2556    263936   6405672     23.31   6192484     79584        20      5948
09:53:51 PM   1424196   1473676   6432136     81.36      2556    264240   6405672     23.31   6192484     79888        20      5948
09:53:56 PM   1423956   1473436   6432376     81.36      2556    264336   6405672     23.31   6192484     79888        96      5948
09:54:01 PM   1423956   1473536   6432276     81.36      2556    264340   6405672     23.31   6192484     79988       120      5948
09:54:06 PM   1423956   1473536   6432276     81.36      2556    264452   6405672     23.31   6192484     79988       304      5948
09:54:11 PM   1423956   1473656   6432156     81.36      2556    264460   6405672     23.31   6192484     80108       312      5948
09:54:16 PM   1423956   1473652   6432160     81.36      2556    264456   6405672     23.31   6192484     80104       308      5948
09:54:21 PM   1423956   1473652   6432160     81.36      2556    264456   6405672     23.31   6192484     80104       132      5948
09:54:26 PM   1423200   1473316   6432496     81.36      2556    264920   6405672     23.31   6192484     80524       216      5948
09:54:31 PM   1422696   1472936   6432876     81.37      2556    265000   6405672     23.31   6192484     80648       268      5948
09:54:36 PM   1422696   1472936   6432876     81.37      2556    265000   6405672     23.31   6192484     80648       180      5948
09:54:41 PM   1422696   1472936   6432876     81.37      2556    265000   6405672     23.31   6192484     80648       180      5948
09:54:46 PM   1422696   1472936   6432876     81.37      2556    265000   6405672     23.31   6192484     80648       180      5948
09:54:51 PM   1422696   1472936   6432876     81.37      2556    265000   6405672     23.31   6192484     80648       180      5948
09:54:56 PM   1420352   1470716   6435096     81.40      2556    265224   6405672     23.31   6192484     80772        20      5948
09:55:01 PM   1420352   1470716   6435096     81.40      2556    265224   6405672     23.31   6192484     80772        20      5948
09:55:06 PM   1420104   1470568   6435244     81.40      2556    265320   6405672     23.31   6192484     80872        96      5948
09:55:11 PM   1420104   1470568   6435244     81.40      2556    265320   6405672     23.31   6192484     80872       116      5948
09:55:16 PM   1420104   1470664   6435148     81.40      2556    265320   6405672     23.31   6192484     80968       116      5948
09:55:21 PM   1420104   1470664   6435148     81.40      2556    265320   6405672     23.31   6192484     80968       116      5948
09:55:26 PM   1420104   1470664   6435148     81.40      2556    265320   6405672     23.31   6192484     80968       116      5948
09:55:31 PM   1419880   1470440   6435372     81.40      2556    265320   6405672     23.31   6192484     80968       116      5948
09:55:36 PM   1418320   1469404   6436408     81.41      2556    265864   6406092     23.31   6192460     81464       224      5948
09:55:41 PM   1418320   1469452   6436360     81.41      2556    265944   6406092     23.31   6192460     81512       284      5948
09:55:46 PM   1418320   1469532   6436280     81.41      2556    265944   6406092     23.31   6192572     81592       304      5948
09:55:51 PM   1418320   1469532   6436280     81.41      2556    265944   6406092     23.31   6192572     81592       304      5948
09:55:56 PM   1418320   1469540   6436272     81.41      2556    265952   6406092     23.31   6192572     81600       312      5948
09:56:01 PM   1425268   1476488   6429324     81.32      2556    265952   6405672     23.31   6183396     81600       312      5948
09:56:06 PM   1425268   1476728   6429084     81.32      2556    266192   6405672     23.31   6179780     81840        28      5948
09:56:11 PM   1425268   1476728   6429084     81.32      2556    266192   6405672     23.31   6179776     81840        28      5948
09:56:16 PM   1425268   1476824   6428988     81.32      2556    266288   6405672     23.31   6179776     81936        96      5948
09:56:21 PM   1425268   1476824   6428988     81.32      2556    266292   6405672     23.31   6179776     81936       120      5948
09:56:26 PM   1432780   1484340   6421472     81.22      2556    266292   6405672     23.31   6175680     81940       120      5948
09:56:31 PM   1442012   1493572   6412240     81.11      2556    266292   6405672     23.31   6154280     81940       120      5948
09:56:36 PM   1450236   1502040   6403772     81.00      2556    266628   6405672     23.31   6145916     82180        28      5948
09:56:41 PM   1465932   1517732   6388080     80.80      2556    266628   6405672     23.31   6129212     82180        28      5948
09:56:46 PM   1479316   1531212   6374600     80.63      2556    266628   6405672     23.31   6112692     82272        28      5948
09:56:51 PM   1503196   1555092   6350720     80.33      2556    266708   6405672     23.31   6098412     82272        80      5948
09:56:56 PM   1512204   1564180   6341632     80.21      2556    266708   6405672     23.31   6081564     82356       100      5948
09:57:01 PM   1537360   1589332   6316480     79.90      2556    266704   6405672     23.31   6056480     82352       100      5948
09:57:06 PM   1537360   1589332   6316480     79.90      2556    266704   6405672     23.31   6056480     82352       100      5948
09:57:11 PM   1490768   1542732   6363080     80.49      2556    266700   6405672     23.31   6103956     82344       100      5948
09:57:16 PM   1490768   1542736   6363076     80.49      2556    266700   6405672     23.31   6103960     82344       100      5948
09:57:21 PM   1460780   1513120   6392692     80.86      2556    267164   6405672     23.31   6152780     82716        20      5948
09:57:26 PM   1409372   1461900   6443912     81.51      2556    267260   6405672     23.31   6215484     82904        96      5948
09:57:31 PM   1409372   1461900   6443912     81.51      2556    267260   6405672     23.31   6215484     82904       116      5948
09:57:36 PM   1409372   1461900   6443912     81.51      2556    267260   6405672     23.31   6215500     82904       116      5948
09:57:41 PM   1409372   1461900   6443912     81.51      2556    267260   6405672     23.31   6215500     82904       116      5948
09:57:46 PM   1409372   1461900   6443912     81.51      2556    267260   6405672     23.31   6215500     82904       116      5948
09:57:51 PM   1409372   1461900   6443912     81.51      2556    267260   6405672     23.31   6215500     82904       116      5948
09:57:56 PM   1408880   1461752   6444060     81.51      2556    267596   6405672     23.31   6215500     83240        20      5948
09:58:01 PM   1408880   1461752   6444060     81.51      2556    267676   6405672     23.31   6215500     83240        80      5948
09:58:06 PM   1408880   1461832   6443980     81.51      2556    267676   6405672     23.31   6215500     83320       100      5948
09:58:11 PM   1408880   1461832   6443980     81.51      2556    267676   6405672     23.31   6215500     83320       100      5948
09:58:16 PM   1408880   1461832   6443980     81.51      2556    267676   6405672     23.31   6215500     83320       100      5948
09:58:21 PM   1408880   1461832   6443980     81.51      2556    267676   6405672     23.31   6215500     83320       100      5948
09:58:26 PM   1408880   1461832   6443980     81.51      2556    267676   6405672     23.31   6215500     83320        20      5948
09:58:31 PM   1408376   1461576   6444236     81.51      2556    267980   6405672     23.31   6215500     83568        20      5948
09:58:36 PM   1408376   1461576   6444236     81.51      2556    268076   6405672     23.31   6215500     83568        96      5948
09:58:41 PM   1408376   1461728   6444084     81.51      2556    268076   6405672     23.31   6215500     83720       116      5948
09:58:46 PM   1408376   1461728   6444084     81.51      2556    268076   6405672     23.31   6215500     83720       116      5948
09:58:51 PM   1408376   1461728   6444084     81.51      2556    268076   6405672     23.31   6215500     83720       116      5948
09:58:56 PM   1407912   1461264   6444548     81.52      2556    268076   6405672     23.31   6215500     83720       116      5948
09:59:01 PM   1407912   1461264   6444548     81.52      2556    268076   6405672     23.31   6215504     83720        20      5948
09:59:06 PM   1407424   1461112   6444700     81.52      2556    268444   6405672     23.31   6215504     84056        20      5948
09:59:11 PM   1407424   1461244   6444568     81.52      2556    268640   6405672     23.31   6215508     84188       264      5948
09:59:16 PM   1407424   1461308   6444504     81.52      2556    268640   6405672     23.31   6215508     84252       284      5948
09:59:21 PM   1407424   1461344   6444468     81.52      2556    268644   6405672     23.31   6215512     84288       288      5948
09:59:26 PM   1407424   1461344   6444468     81.52      2556    268648   6405672     23.31   6215512     84288       292      5948
09:59:31 PM   1407424   1461344   6444468     81.52      2556    268644   6405672     23.31   6215512     84288       288      5948
09:59:36 PM   1406668   1461088   6444724     81.52      2556    269148   6405672     23.31   6215512     84788        32      5948
09:59:41 PM   1406668   1461092   6444720     81.52      2556    269148   6405672     23.31   6215512     84792        32      5948
09:59:46 PM   1406668   1461092   6444720     81.52      2556    269244   6405672     23.31   6215512     84792        96      5948
09:59:51 PM   1406668   1461188   6444624     81.52      2556    269244   6405672     23.31   6215512     84888       116      5948
09:59:56 PM   1406668   1461188   6444624     81.52      2556    269244   6405672     23.31   6215512     84888       116      5948
10:00:01 PM   1406668   1461188   6444624     81.52      2556    269244   6405672     23.31   6215512     84888       116      5948
10:00:06 PM   1406668   1461188   6444624     81.52      2556    269244   6405672     23.31   6215512     84888       116      5948
10:00:11 PM   1406668   1461188   6444624     81.52      2556    269244   6405672     23.31   6215512     84888        20      5948
10:00:16 PM   1405912   1460680   6445132     81.52      2556    269612   6405672     23.31   6215512     85136        20      5948
10:00:21 PM   1405912   1460880   6444932     81.52      2556    269692   6405672     23.31   6215512     85336        80      5948
10:00:26 PM   1405912   1460880   6444932     81.52      2556    269692   6405672     23.31   6215512     85336       100      5948
10:00:31 PM   1405912   1460880   6444932     81.52      2556    269692   6405672     23.31   6215512     85336       100      5948
10:00:36 PM   1405912   1460880   6444932     81.52      2556    269692   6405672     23.31   6215512     85336       100      5948
10:00:41 PM   1405912   1460880   6444932     81.52      2556    269692   6405672     23.31   6215512     85336       100      5948
10:00:46 PM   1405912   1460880   6444932     81.52      2556    269696   6405672     23.31   6215512     85336        24      5948
10:00:51 PM   1405912   1461188   6444624     81.52      2556    270000   6405672     23.31   6215512     85644        24      5948
10:00:56 PM   1405912   1461188   6444624     81.52      2556    270096   6405672     23.31   6215512     85644        96      5948
10:01:01 PM   1405172   1460544   6445268     81.53      2556    270096   6405672     23.31   6215564     85740       116      5948
10:01:06 PM   1419468   1474840   6430972     81.34      2556    270096   6405672     23.31   6204496     85740       116      5948
10:01:11 PM   1419468   1474840   6430972     81.34      2556    270096   6405672     23.31   6204496     85740       116      5948
10:01:16 PM   1432308   1487680   6418132     81.18      2556    270096   6405672     23.31   6175824     85740       116      5948
10:01:21 PM   1427504   1482876   6422936     81.24      2556    270096   6405672     23.31   6173052     85740        20      5948
10:01:26 PM   1425992   1481608   6424204     81.26      2556    270416   6405672     23.31   6173056     85984        20      5948
10:01:31 PM   1405076   1460848   6444964     81.52      2556    270496   6405672     23.31   6193536     86140        80      5948
10:01:36 PM   1405076   1460848   6444964     81.52      2556    270496   6405672     23.31   6193536     86140       100      5948
10:01:41 PM   1405076   1460848   6444964     81.52      2556    270496   6405672     23.31   6193536     86140       100      5948
10:01:46 PM   1405076   1460848   6444964     81.52      2556    270500   6405672     23.31   6193536     86140       104      5948
10:01:51 PM   1405076   1460848   6444964     81.52      2556    270500   6405672     23.31   6193536     86140       104      5948
10:01:56 PM   1405076   1460852   6444960     81.52      2556    270500   6405672     23.31   6193536     86144        24      5948
10:02:01 PM   1404824   1460848   6444964     81.52      2556    270788   6405672     23.31   6193536     86392        24      5948
10:02:06 PM   1404824   1460888   6444924     81.52      2556    270884   6405672     23.31   6193536     86432        96      5948
10:02:11 PM   1404824   1460888   6444924     81.52      2556    270884   6405672     23.31   6193536     86432       116      5948
10:02:16 PM   1404824   1460984   6444828     81.52      2556    270884   6405672     23.31   6193536     86528       116      5948
10:02:21 PM   1404824   1460984   6444828     81.52      2556    270884   6405672     23.31   6193536     86528       116      5948
10:02:26 PM   1404824   1460988   6444824     81.52      2556    270888   6405672     23.31   6193536     86532       120      5948
10:02:31 PM   1404824   1460988   6444824     81.52      2556    270888   6405672     23.31   6193536     86532        24      5948
10:02:36 PM   1404068   1460480   6445332     81.53      2556    271208   6405672     23.31   6193536     86780        24      5948
10:02:41 PM   1404068   1460552   6445260     81.53      2556    271288   6405672     23.31   6193536     86852        80      5948
10:02:46 PM   1404068   1460632   6445180     81.52      2556    271288   6405672     23.31   6193536     86932       100      5948
10:02:51 PM   1404068   1460632   6445180     81.52      2556    271288   6405672     23.31   6193536     86932       100      5948
10:02:56 PM   1404068   1460632   6445180     81.52      2556    271288   6405672     23.31   6193536     86932       100      5948
10:03:01 PM   1404068   1460632   6445180     81.52      2556    271288   6405672     23.31   6193536     86932       100      5948
10:03:06 PM   1404068   1460632   6445180     81.52      2556    271288   6405672     23.31   6193536     86932        20      5948
10:03:11 PM   1404068   1460880   6444932     81.52      2556    271576   6405672     23.31   6193536     87180        20      5948
10:03:16 PM   1404068   1461016   6444796     81.52      2556    271672   6405672     23.31   6193536     87316        96      5948
10:03:21 PM   1404068   1461016   6444796     81.52      2556    271680   6405672     23.31   6193536     87316       124      5948
10:03:26 PM   1404068   1461024   6444788     81.52      2556    271680   6405672     23.31   6193536     87324       124      5948
10:03:31 PM   1404068   1461024   6444788     81.52      2556    271680   6405672     23.31   6193536     87324       124      5948
10:03:36 PM   1404068   1461024   6444788     81.52      2556    271680   6405672     23.31   6193536     87324       124      5948
10:03:41 PM   1404068   1461024   6444788     81.52      2556    271680   6405672     23.31   6193536     87324        28      5948
10:03:46 PM   1403816   1461092   6444720     81.52      2556    272000   6405672     23.31   6193536     87644        28      5948
10:03:51 PM   1403576   1460860   6444952     81.52      2556    272080   6405672     23.31   6193536     87644        80      5948
10:03:56 PM   1403576   1460940   6444872     81.52      2556    272080   6405672     23.31   6193536     87724       100      5948
10:04:01 PM   1403576   1460940   6444872     81.52      2556    272080   6405672     23.31   6193536     87724       100      5948
10:04:06 PM   1403576   1460988   6444824     81.52      2556    272160   6405672     23.31   6193536     87772       284      5948
10:04:11 PM   1403576   1461084   6444728     81.52      2556    272260   6405672     23.31   6193536     87868       284      5948
10:04:16 PM   1403576   1461116   6444696     81.52      2556    272308   6405672     23.31   6193536     87900       172      5948
10:04:21 PM   1403324   1461108   6444704     81.52      2556    272644   6405672     23.31   6193536     88144       124      5948
10:04:26 PM   1403072   1461144   6444668     81.52      2556    272820   6405672     23.31   6193536     88432       276      5948
10:04:31 PM   1403072   1461144   6444668     81.52      2556    272820   6405672     23.31   6193536     88432       296      5948
10:04:36 PM   1403072   1461176   6444636     81.52      2556    272820   6405672     23.31   6193536     88464       196      5948
10:04:41 PM   1403072   1461176   6444636     81.52      2556    272820   6405672     23.31   6193536     88464       196      5948
10:04:46 PM   1403072   1461176   6444636     81.52      2556    272820   6405672     23.31   6193536     88464       196      5948
10:04:51 PM   1403072   1461176   6444636     81.52      2556    272820   6405672     23.31   6193536     88464        20      5948
10:04:56 PM   1402820   1461308   6444504     81.52      2556    273204   6405672     23.31   6193536     88848        20      5948
10:05:01 PM   1417364   1475844   6429968     81.33      2556    273276   6405672     23.31   6171536     88844        80      5948
10:05:06 PM   1451936   1510484   6395328     80.89      2556    273264   6405672     23.31   6140424     88912       100      5948
10:05:11 PM   1420124   1478672   6427140     81.30      2556    273264   6405672     23.31   6162532     88912       100      5948
10:05:16 PM   1419872   1478420   6427392     81.30      2556    273264   6405672     23.31   6162600     88912       100      5948
10:05:21 PM   1391648   1450196   6455616     81.66      2556    273264   6405672     23.31   6191100     88912       100      5948
10:05:26 PM   1391648   1450196   6455616     81.66      2556    273264   6405672     23.31   6191100     88912        20      5948
10:05:31 PM   1381064   1439736   6466076     81.79      2556    273604   6405672     23.31   6215496     89036        24      5948
10:05:36 PM   1381064   1439860   6465952     81.79      2556    273700   6405672     23.31   6215496     89160        96      5948
10:05:41 PM   1381064   1440048   6465764     81.78      2556    273700   6405672     23.31   6215496     89348       116      5948
10:05:46 PM   1381064   1440048   6465764     81.78      2556    273700   6405672     23.31   6215496     89348       116      5948
10:05:51 PM   1381064   1440048   6465764     81.78      2556    273700   6405672     23.31   6215496     89348       116      5948
10:05:56 PM   1381064   1440048   6465764     81.78      2556    273700   6405672     23.31   6215496     89348       116      5948
10:06:01 PM   1380564   1439544   6466268     81.79      2556    273700   6405672     23.31   6215420     89348        20      5948
10:06:06 PM   1380312   1439512   6466300     81.79      2556    274036   6405672     23.31   6215448     89568        20      5948
10:06:11 PM   1380312   1439632   6466180     81.79      2556    274116   6405672     23.31   6215564     89684        80      5948
10:06:16 PM   1380312   1439632   6466180     81.79      2556    274116   6405672     23.31   6215564     89684       100      5948
10:06:21 PM   1380312   1439712   6466100     81.79      2556    274116   6405672     23.31   6215564     89764       100      5948
10:06:26 PM   1380312   1439712   6466100     81.79      2556    274116   6405672     23.31   6215564     89764       100      5948
10:06:31 PM   1380312   1439712   6466100     81.79      2556    274116   6405672     23.31   6215564     89764       100      5948
10:06:36 PM   1380312   1439712   6466100     81.79      2556    274116   6405672     23.31   6215564     89764        20      5948
10:06:41 PM   1380060   1439748   6466064     81.79      2556    274404   6405672     23.31   6215564     90052        20      5948
10:06:46 PM   1380060   1439748   6466064     81.79      2556    274500   6405672     23.31   6215564     90052        96      5948
10:06:51 PM   1380060   1439844   6465968     81.79      2556    274500   6405672     23.31   6215564     90148       116      5948
10:06:56 PM   1380060   1439844   6465968     81.79      2556    274504   6405672     23.31   6215564     90148       120      5948
10:07:01 PM   1379524   1439320   6466492     81.79      2556    274512   6405672     23.31   6215564     90160       128      5948
10:07:06 PM   1379524   1439320   6466492     81.79      2556    274512   6405672     23.31   6215564     90160       128      5948
10:07:11 PM   1379524   1439320   6466492     81.79      2556    274512   6405672     23.31   6215564     90160        32      5948
10:07:16 PM   1379272   1439316   6466496     81.79      2556    274836   6405672     23.31   6215564     90408        36      5948
10:07:21 PM   1379272   1439472   6466340     81.79      2556    274916   6405672     23.31   6215564     90564        80      5948
10:07:26 PM   1379272   1439472   6466340     81.79      2556    274916   6405672     23.31   6215564     90564       100      5948
10:07:31 PM   1378944   1439144   6466668     81.80      2556    274916   6405672     23.31   6215564     90564       100      5948
10:07:36 PM   1378944   1439144   6466668     81.80      2556    274916   6405672     23.31   6215564     90564       100      5948
10:07:41 PM   1378944   1439144   6466668     81.80      2556    274916   6405672     23.31   6215564     90564       100      5948
10:07:46 PM   1378944   1439144   6466668     81.80      2556    274916   6405672     23.31   6215564     90564        20      5948
10:07:51 PM   1378692   1439180   6466632     81.80      2556    275204   6405672     23.31   6215564     90852        20      5948
10:07:56 PM   1378692   1439180   6466632     81.80      2556    275300   6405672     23.31   6215564     90852        96      5948
10:08:01 PM   1375648   1436232   6469580     81.83      2556    275300   6405672     23.31   6215564     90948       116      5948
10:08:06 PM   1375648   1436232   6469580     81.83      2556    275300   6405672     23.31   6215564     90948       116      5948
10:08:11 PM   1375648   1436232   6469580     81.83      2556    275300   6405672     23.31   6215564     90948       116      5948
10:08:16 PM   1375648   1436232   6469580     81.83      2556    275300   6405672     23.31   6215564     90948       116      5948
10:08:21 PM   1375648   1436232   6469580     81.83      2556    275300   6405672     23.31   6215564     90948        20      5948
10:08:26 PM   1375396   1436228   6469584     81.83      2556    275620   6405672     23.31   6215564     91196        20      5948
10:08:31 PM   1375396   1436384   6469428     81.83      2556    275704   6405672     23.31   6215564     91352        80      5948
10:08:36 PM   1375396   1436384   6469428     81.83      2556    275704   6405672     23.31   6215564     91352       100      5948
10:08:41 PM   1375264   1436252   6469560     81.83      2556    275704   6405672     23.31   6215564     91352       100      5948
10:08:46 PM   1375264   1436252   6469560     81.83      2556    275704   6405672     23.31   6215564     91352       100      5948
10:08:51 PM   1377188   1438176   6467636     81.81      2556    275704   6405672     23.31   6215628     91352       100      5948
10:08:56 PM   1377216   1438204   6467608     81.81      2556    275704   6405672     23.31   6215564     91352        20      5948
10:09:01 PM   1376772   1438008   6467804     81.81      2556    275992   6405672     23.31   6215564     91600        20      5948
10:09:06 PM   1376740   1438032   6467780     81.81      2556    276140   6405672     23.31   6215568     91656       252      5948
10:09:11 PM   1376740   1438116   6467696     81.81      2556    276236   6405672     23.31   6215568     91740       200      5948
10:09:16 PM   1376740   1438256   6467556     81.81      2556    276268   6405672     23.31   6215568     91880       300      5948
10:09:21 PM   1376740   1438256   6467556     81.81      2556    276264   6405672     23.31   6215568     91880       296      5948
10:09:26 PM   1376740   1438288   6467524     81.81      2556    276264   6405672     23.31   6215568     91912       296      5948
10:09:31 PM   1376740   1438288   6467524     81.81      2556    276268   6405672     23.31   6215568     91912       124      5948
10:09:36 PM   1375984   1437936   6467876     81.81      2556    276668   6405672     23.31   6215568     92316        24      5948
10:09:41 PM   1375732   1437684   6468128     81.81      2556    276748   6405672     23.31   6215568     92316        80      5948
10:09:46 PM   1375732   1437764   6468048     81.81      2556    276748   6405672     23.31   6215576     92396       100      5948
10:09:51 PM   1375732   1437764   6468048     81.81      2556    276748   6405672     23.31   6215576     92396       100      5948
10:09:56 PM   1375480   1437512   6468300     81.82      2556    276748   6405672     23.31   6215576     92396       100      5948
10:10:01 PM   1375480   1437512   6468300     81.82      2556    276748   6405672     23.31   6215576     92396       100      5948
10:10:06 PM   1375480   1437884   6467928     81.81      2556    277132   6405672     23.31   6215576     92768        20      5948
10:10:11 PM   1375480   1437884   6467928     81.81      2556    277132   6405672     23.31   6215576     92768        20      5948
10:10:16 PM   1374368   1436880   6468932     81.83      2556    277228   6405672     23.31   6215576     92876        96      5948
10:10:21 PM   1374368   1436880   6468932     81.83      2556    277228   6405672     23.31   6215576     92876       116      5948
10:10:26 PM   1377548   1440060   6465752     81.78      2556    277228   6405672     23.31   6215576     92876       116      5948
10:10:31 PM   1377548   1440060   6465752     81.78      2556    277228   6405672     23.31   6215576     92876       116      5948
10:10:36 PM   1377548   1440060   6465752     81.78      2556    277228   6405672     23.31   6215576     92876       116      5948
10:10:41 PM   1377548   1440060   6465752     81.78      2556    277228   6405672     23.31   6215576     92876        20      5948
10:10:46 PM   1376536   1439304   6466508     81.79      2556    277572   6405672     23.31   6215576     93132        28      5948
10:10:51 PM   1376536   1439392   6466420     81.79      2556    277652   6405672     23.31   6215576     93220        80      5948
10:10:56 PM   1375760   1438696   6467116     81.80      2556    277652   6405672     23.31   6215576     93300       100      5948
10:11:01 PM   1375760   1438696   6467116     81.80      2556    277652   6405672     23.31   6215576     93300       100      5948
10:11:06 PM   1375936   1438872   6466940     81.80      2556    277652   6405672     23.31   6215580     93300       100      5948
10:11:11 PM   1375936   1438872   6466940     81.80      2556    277652   6405672     23.31   6215580     93300       100      5948
10:11:16 PM   1375684   1438620   6467192     81.80      2556    277652   6405672     23.31   6215580     93300        20      5948
10:11:21 PM   1375684   1438868   6466944     81.80      2556    277940   6405672     23.31   6215580     93548        20      5948
10:11:26 PM   1375732   1439052   6466760     81.80      2556    278036   6405672     23.31   6215580     93684        96      5948
10:11:31 PM   1375732   1439052   6466760     81.80      2556    278036   6405672     23.31   6215580     93684       116      5948
10:11:36 PM   1374680   1438004   6467808     81.81      2556    278040   6405672     23.31   6215580     93688       120      5948
10:11:41 PM   1374680   1438004   6467808     81.81      2556    278040   6405672     23.31   6215580     93688       120      5948
10:11:46 PM   1374680   1438004   6467808     81.81      2556    278040   6405672     23.31   6215580     93688       120      5948
10:11:51 PM   1374680   1438004   6467808     81.81      2556    278040   6405672     23.31   6215580     93688        24      5948
10:11:56 PM   1373268   1436840   6468972     81.83      2556    278360   6405672     23.31   6215644     93936        24      5948
10:12:01 PM   1373328   1436972   6468840     81.82      2556    278440   6405672     23.31   6215580     94008        80      5948
10:12:06 PM   1372744   1436472   6469340     81.83      2556    278444   6405672     23.31   6215580     94092       104      5948
10:12:11 PM   1372744   1436472   6469340     81.83      2556    278444   6405672     23.31   6215580     94092       104      5948
10:12:16 PM   1372744   1436472   6469340     81.83      2556    278444   6405672     23.31   6215644     94092       104      5948
10:12:21 PM   1372744   1436472   6469340     81.83      2556    278444   6405672     23.31   6215580     94092       104      5948
10:12:26 PM   1372744   1436472   6469340     81.83      2556    278444   6405672     23.31   6215580     94092        24      5948
10:12:31 PM   1372744   1436720   6469092     81.83      2556    278732   6405672     23.31   6215580     94340        24      5948
10:12:36 PM   1372252   1436236   6469576     81.83      2556    278828   6405672     23.31   6215580     94340        96      5948
10:12:41 PM   1372252   1436372   6469440     81.83      2556    278828   6405672     23.31   6215580     94476       116      5948
10:12:46 PM   1372252   1436372   6469440     81.83      2556    278828   6405672     23.31   6215580     94476       116      5948
10:12:51 PM   1372252   1430928   6474884     81.90      2556    273384   6405672     23.31   6207896     94460       116      5948
10:12:56 PM   1372252   1430928   6474884     81.90      2556    273384   6405672     23.31   6207896     94460       116      5948
10:13:01 PM   1372252   1430928   6474884     81.90      2556    273384   6405672     23.31   6207896     94460        20      5948
10:13:06 PM   1372000   1430924   6474888     81.90      2556    273704   6405672     23.31   6207896     94708        20      5948
10:13:11 PM   1372000   1430976   6474836     81.90      2556    273764   6405672     23.31   6207728     94780        80      5948
10:13:16 PM   1372924   1430992   6474820     81.90      2556    272856   6405672     23.31   6206780     94780       100      5948
10:13:21 PM   1372924   1431072   6474740     81.90      2556    272856   6405672     23.31   6206784     94860       100      5948
10:13:26 PM   1372168   1430708   6475104     81.90      2556    273248   6405672     23.31   6207376     94860       100      5948
10:13:31 PM   1370880   1429420   6476392     81.92      2556    273248   6405672     23.31   6207376     94860       100      5948
10:13:36 PM   1370880   1429420   6476392     81.92      2556    273248   6405672     23.31   6207376     94860        20      5948
10:13:41 PM   1369068   1427856   6477956     81.94      2556    273536   6405672     23.31   6207384     95108        20      5948
10:13:46 PM   1369068   1427856   6477956     81.94      2556    273632   6405672     23.31   6207384     95108        96      5948
10:13:51 PM   1364904   1423832   6481980     81.99      2556    273636   6405672     23.31   6207384     95248       120      5948
10:13:56 PM   1364904   1423832   6481980     81.99      2556    273636   6405672     23.31   6207384     95248       120      5948
10:14:01 PM   1364904   1423832   6481980     81.99      2556    273636   6405672     23.31   6207384     95248       120      5948
10:14:06 PM   1364652   1423580   6482232     81.99      2556    273688   6405672     23.31   6207384     95248       284      5948
10:14:11 PM   1364652   1423660   6482152     81.99      2556    273768   6405672     23.31   6207384     95328       188      5948
10:14:16 PM   1364400   1423988   6481824     81.99      2556    274452   6405672     23.31   6209864     95656        76      5948
10:14:21 PM   1364400   1424252   6481560     81.98      2556    274560   6405672     23.31   6209864     95920       264      5948
10:14:26 PM   1364400   1424252   6481560     81.98      2556    274564   6405672     23.31   6209864     95920       288      5948
10:14:31 PM   1364400   1424260   6481552     81.98      2556    274568   6405672     23.31   6209868     95928       292      5948
10:14:36 PM   1364400   1424260   6481552     81.98      2556    274572   6405672     23.31   6209868     95928       192      5948
10:14:41 PM   1364400   1424268   6481544     81.98      2556    274576   6405672     23.31   6209868     95936        36      5948
10:14:46 PM   1364148   1424016   6481796     81.99      2556    274576   6405672     23.31   6209868     95936        36      5948
10:14:51 PM   1363392   1421612   6484200     82.02      2556    274976   6405672     23.31   6209868     96336        36      5948
10:14:56 PM   1363392   1421612   6484200     82.02      2556    275072   6405672     23.31   6209868     96336        96      5948
10:15:01 PM   1363916   1422232   6483580     82.01      2556    275072   6405672     23.31   6209868     96432       116      5948
10:15:06 PM   1363916   1422232   6483580     82.01      2556    275072   6405672     23.31   6209868     96432       116      5948
10:15:11 PM   1363916   1422232   6483580     82.01      2556    275072   6405672     23.31   6209868     96432       116      5948
10:15:16 PM   1363916   1422232   6483580     82.01      2556    275072   6405672     23.31   6209868     96432       116      5948
10:15:21 PM   1363916   1422232   6483580     82.01      2556    275072   6405672     23.31   6209868     96432        20      5948
10:15:26 PM   1363916   1422480   6483332     82.01      2556    275392   6405672     23.31   6209868     96680        20      5948
10:15:31 PM   1366492   1425208   6480604     81.97      2556    275472   6405672     23.31   6209868     96832        80      5948
10:15:36 PM   1366492   1425208   6480604     81.97      2556    275472   6405672     23.31   6209868     96832       100      5948
10:15:41 PM   1366912   1425628   6480184     81.97      2556    275472   6405672     23.31   6209868     96832       100      5948
10:15:46 PM   1366912   1425628   6480184     81.97      2556    275472   6405672     23.31   6209868     96832       100      5948
10:15:51 PM   1366912   1425628   6480184     81.97      2556    275472   6405672     23.31   6209868     96832       100      5948
10:15:56 PM   1366912   1425628   6480184     81.97      2556    275472   6405672     23.31   6209868     96832        20      5948
10:16:01 PM   1366660   1425624   6480188     81.97      2556    275760   6405672     23.31   6209868     97080        20      5948
10:16:06 PM   1366848   1425944   6479868     81.96      2556    275856   6405672     23.31   6209668     97216        96      5948
10:16:11 PM   1367724   1426820   6478992     81.95      2556    275856   6405672     23.31   6209760     97216       116      5948
10:16:16 PM   1367812   1426912   6478900     81.95      2556    275876   6405672     23.31   6209864     97216       116      5948
10:16:21 PM   1367812   1426912   6478900     81.95      2556    275876   6405672     23.31   6209864     97216       116      5948
10:16:26 PM   1367812   1426932   6478880     81.95      2556    275876   6405672     23.31   6209884     97216       116      5948
10:16:31 PM   1367812   1426932   6478880     81.95      2556    275876   6405672     23.31   6209884     97216        20      5948
10:16:36 PM   1367812   1427180   6478632     81.95      2556    276196   6405672     23.31   6209884     97464        20      5948
10:16:41 PM   1367812   1427180   6478632     81.95      2556    276276   6405672     23.31   6209884     97464        80      5948
10:16:46 PM   1367812   1427332   6478480     81.95      2556    276276   6405672     23.31   6209884     97616       100      5948
10:16:51 PM   1367812   1427332   6478480     81.95      2556    276276   6405672     23.31   6209884     97616       100      5948
10:16:56 PM   1367812   1427332   6478480     81.95      2556    276276   6405672     23.31   6209884     97616       100      5948
10:17:01 PM   1367812   1427332   6478480     81.95      2556    276276   6405672     23.31   6209884     97616       100      5948
10:17:06 PM   1365664   1425184   6480628     81.97      2556    276276   6405672     23.31   6209884     97616        20      5948
10:17:11 PM   1365664   1425432   6480380     81.97      2556    276564   6405672     23.31   6209884     97864        20      5948
10:17:16 PM   1360976   1420884   6484928     82.03      2556    276664   6405672     23.31   6209884     98004        96      5948
10:17:21 PM   1360976   1420884   6484928     82.03      2556    276664   6405672     23.31   6209884     98004       116      5948
10:17:26 PM   1363364   1423272   6482540     82.00      2556    276664   6405672     23.31   6209884     98004       116      5948
10:17:31 PM   1363364   1423272   6482540     82.00      2556    276664   6405672     23.31   6209884     98004       116      5948
10:17:36 PM   1363364   1423272   6482540     82.00      2556    276664   6405672     23.31   6209884     98004       116      5948
10:17:41 PM   1363364   1423272   6482540     82.00      2556    276668   6405672     23.31   6209884     98004        24      5948
10:17:46 PM   1363112   1423272   6482540     82.00      2556    276988   6405672     23.31   6209884     98256        24      5948
10:17:51 PM   1363112   1423272   6482540     82.00      2556    277068   6405672     23.31   6209884     98256        80      5948
10:17:56 PM   1363112   1423424   6482388     82.00      2556    277068   6405672     23.31   6209884     98408       100      5948
10:18:01 PM   1363112   1423424   6482388     82.00      2556    277068   6405672     23.31   6209884     98408       100      5948
10:18:06 PM   1363112   1423424   6482388     82.00      2556    277068   6405672     23.31   6209884     98408       100      5948
10:18:11 PM   1363112   1423424   6482388     82.00      2556    277076   6405672     23.31   6209884     98408       108      5948
10:18:16 PM   1363112   1423432   6482380     82.00      2556    277076   6405672     23.31   6209884     98416        28      5948
10:18:21 PM   1362860   1423428   6482384     82.00      2556    277388   6405672     23.31   6209884     98664        28      5948
10:18:26 PM   1362860   1423588   6482224     81.99      2556    277484   6405672     23.31   6209908     98800        96      5948
10:18:31 PM   1362860   1423588   6482224     81.99      2556    277484   6405672     23.31   6209908     98800       116      5948
10:18:36 PM   1362860   1423588   6482224     81.99      2556    277484   6405672     23.31   6209908     98800       116      5948
10:18:41 PM   1362860   1423588   6482224     81.99      2556    277484   6405672     23.31   6209908     98800       116      5948
10:18:46 PM   1362860   1423588   6482224     81.99      2556    277484   6405672     23.31   6209908     98800       116      5948
10:18:51 PM   1362860   1423588   6482224     81.99      2556    277484   6405672     23.31   6209908     98800        20      5948
10:18:56 PM   1362608   1423656   6482156     81.99      2556    277804   6405672     23.31   6209908     99120        20      5948
10:19:01 PM   1362608   1423656   6482156     81.99      2556    277884   6405672     23.31   6209908     99120        80      5948
10:19:06 PM   1362608   1423788   6482024     81.99      2556    277936   6405672     23.31   6209908     99252       256      5948
10:19:11 PM   1362608   1423784   6482028     81.99      2556    277968   6405672     23.31   6209908     99248       288      5948
10:19:16 PM   1362608   1423884   6481928     81.99      2556    278032   6405672     23.31   6209908     99348       184      5948
10:19:21 PM   1362608   1423880   6481932     81.99      2556    278028   6405672     23.31   6209908     99344       180      5948
10:19:26 PM   1362436   1423708   6482104     81.99      2556    278064   6405672     23.31   6209908     99344       124      5948
10:19:31 PM   1362104   1423704   6482108     81.99      2556    278412   6405672     23.31   6209908     99672       120      5948
10:19:36 PM   1361852   1423524   6482288     81.99      2556    278508   6405672     23.31   6209908     99744        96      5948
10:19:41 PM   1361852   1423604   6482208     81.99      2556    278508   6405672     23.31   6209908     99824       116      5948
10:19:46 PM   1361852   1423604   6482208     81.99      2556    278508   6405672     23.31   6209908     99824       116      5948
10:19:51 PM   1361852   1423608   6482204     81.99      2556    278512   6405672     23.31   6209908     99828       120      5948
10:19:56 PM   1361852   1423608   6482204     81.99      2556    278512   6405672     23.31   6209908     99828       120      5948
10:20:01 PM   1361852   1423608   6482204     81.99      2556    278512   6405672     23.31   6209908     99828        24      5948
10:20:06 PM   1361096   1421052   6484760     82.03      2556    278864   6405672     23.31   6209908    100076        24      5948
10:20:11 PM   1361096   1421156   6484656     82.02      2556    278944   6405672     23.31   6209908    100180        80      5948
10:20:16 PM   1361096   1421156   6484656     82.02      2556    278944   6405672     23.31   6209908    100180       100      5948
10:20:21 PM   1361096   1421236   6484576     82.02      2556    278964   6405672     23.31   6209908    100260       100      5948
10:20:26 PM   1361096   1421236   6484576     82.02      2556    278968   6405672     23.31   6209908    100260       104      5948
10:20:31 PM   1361096   1421260   6484552     82.02      2556    278968   6405672     23.31   6209928    100264       104      5948
10:20:36 PM   1361096   1421260   6484552     82.02      2556    278968   6405672     23.31   6209928    100264        24      5948
10:20:41 PM   1360844   1421260   6484552     82.02      2556    279260   6405672     23.31   6209928    100516        28      5948
10:20:46 PM   1360844   1421260   6484552     82.02      2556    279356   6405672     23.31   6209928    100516        96      5948
10:20:51 PM   1360844   1421396   6484416     82.02      2556    279356   6405672     23.31   6209928    100652       116      5948
10:20:56 PM   1360844   1421396   6484416     82.02      2556    279356   6405672     23.31   6209928    100652       116      5948
10:21:01 PM   1360844   1421396   6484416     82.02      2556    279356   6405672     23.31   6209928    100652       116      5948
10:21:06 PM   1361448   1422000   6483812     82.01      2556    279356   6405672     23.31   6209812    100652       116      5948
10:21:11 PM   1361448   1422000   6483812     82.01      2556    279356   6405672     23.31   6209924    100652        20      5948
10:21:16 PM   1361196   1421996   6483816     82.01      2556    279676   6405672     23.31   6209924    100900        20      5948
10:21:21 PM   1361196   1422148   6483664     82.01      2556    279756   6405672     23.31   6209924    101052        80      5948
10:21:26 PM   1361196   1422148   6483664     82.01      2556    279756   6405672     23.31   6209924    101052       100      5948
10:21:31 PM   1361196   1422148   6483664     82.01      2556    279756   6405672     23.31   6209924    101052       100      5948
10:21:36 PM   1361196   1422148   6483664     82.01      2556    279756   6405672     23.31   6209924    101052       100      5948
10:21:41 PM   1361196   1422148   6483664     82.01      2556    279756   6405672     23.31   6209924    101052       100      5948
10:21:46 PM   1361196   1422148   6483664     82.01      2556    279756   6405672     23.31   6209924    101052        20      5948
10:21:51 PM   1360944   1422184   6483628     82.01      2556    280044   6405672     23.31   6209924    101340        20      5948
10:21:56 PM   1360944   1422184   6483628     82.01      2556    280148   6405672     23.31   6209924    101340        96      5948
10:22:01 PM   1360944   1422288   6483524     82.01      2556    280148   6405672     23.31   6209924    101444       116      5948
10:22:06 PM   1360944   1422288   6483524     82.01      2556    280148   6405672     23.31   6209924    101444       116      5948
10:22:11 PM   1360944   1422288   6483524     82.01      2556    280148   6405672     23.31   6209924    101444       116      5948
10:22:16 PM   1360944   1422288   6483524     82.01      2556    280148   6405672     23.31   6209924    101444       116      5948
10:22:21 PM   1360944   1422288   6483524     82.01      2556    280148   6405672     23.31   6209924    101444        20      5948
10:22:26 PM   1360452   1422052   6483760     82.01      2556    280468   6405672     23.31   6209924    101692        20      5948
10:22:31 PM   1359948   1421704   6484108     82.02      2556    280552   6405672     23.31   6209924    101848        80      5948
10:22:36 PM   1359948   1421704   6484108     82.02      2556    280552   6405672     23.31   6209924    101848       100      5948
10:22:41 PM   1359948   1421704   6484108     82.02      2556    280552   6405672     23.31   6209924    101848       100      5948
10:22:46 PM   1359948   1421704   6484108     82.02      2556    280552   6405672     23.31   6209924    101848       100      5948
10:22:51 PM   1359948   1421704   6484108     82.02      2556    280552   6405672     23.31   6209924    101848       100      5948
10:22:56 PM   1359948   1421704   6484108     82.02      2556    280552   6405672     23.31   6209924    101848        20      5948
10:23:01 PM   1359696   1421740   6484072     82.02      2556    280840   6405672     23.31   6209924    102136        20      5948
10:23:06 PM   1359696   1421740   6484072     82.02      2556    280936   6405672     23.31   6209924    102136        96      5948
10:23:11 PM   1359696   1421836   6483976     82.02      2556    280936   6405672     23.31   6209924    102232       116      5948
10:23:16 PM   1359696   1421836   6483976     82.02      2556    280936   6405672     23.31   6209924    102232       116      5948
10:23:21 PM   1359696   1421836   6483976     82.02      2556    280936   6405672     23.31   6209924    102232       116      5948
10:23:26 PM   1359696   1421836   6483976     82.02      2556    280936   6405672     23.31   6209924    102232       116      5948
10:23:31 PM   1359696   1421836   6483976     82.02      2556    280936   6405672     23.31   6209924    102232        20      5948
10:23:36 PM   1359444   1419784   6486028     82.04      2556    281256   6405672     23.31   6209924    102480        20      5948
10:23:41 PM   1359444   1419908   6485904     82.04      2556    281336   6405672     23.31   6209924    102604        80      5948
10:23:46 PM   1359444   1419940   6485872     82.04      2556    281340   6405672     23.31   6209924    102636       104      5948
10:23:51 PM   1359444   1419940   6485872     82.04      2556    281340   6405672     23.31   6209924    102636       104      5948
10:23:56 PM   1359444   1419940   6485872     82.04      2556    281340   6405672     23.31   6209924    102636       104      5948
10:24:01 PM   1359444   1419940   6485872     82.04      2556    281340   6405672     23.31   6209924    102636       104      5948
10:24:06 PM   1372852   1433348   6472464     81.87      2556    281392   6405672     23.31   6199684    102636       180      5948
10:24:11 PM   1406248   1466992   6438820     81.44      2556    281744   6405672     23.31   6175108    102884       180      5948
10:24:16 PM   1416736   1477776   6428036     81.31      2556    281888   6405672     23.31   6155156    103180       300      5948
10:24:21 PM   1455240   1516280   6389532     80.82      2556    281884   6405672     23.31   6124020    103180       316      5948
10:24:26 PM   1431992   1493064   6412748     81.11      2556    281916   6405672     23.31   6133856    103212       300      5948
10:24:31 PM   1431992   1493064   6412748     81.11      2556    281916   6405672     23.31   6133856    103212       300      5948
10:24:36 PM   1431992   1493064   6412748     81.11      2556    281916   6405672     23.31   6133860    103212        20      5948
10:24:41 PM   1431740   1493184   6412628     81.11      2556    282460   6405672     23.31   6133860    103584        20      5948
10:24:46 PM   1431740   1493356   6412456     81.11      2556    282460   6405672     23.31   6133860    103756        20      5948
10:24:51 PM   1431740   1493356   6412456     81.11      2556    282540   6405672     23.31   6133860    103756        80      5948
10:24:56 PM   1431740   1493436   6412376     81.11      2556    282540   6405672     23.31   6133860    103836       100      5948
10:25:01 PM   1431740   1493436   6412376     81.11      2556    282540   6405672     23.31   6133860    103836       100      5948
10:25:06 PM   1431740   1493440   6412372     81.11      2556    282544   6405672     23.31   6133860    103840       104      5948
10:25:11 PM   1431516   1493216   6412596     81.11      2556    282544   6405672     23.31   6133860    103840       104      5948
10:25:16 PM   1431516   1493216   6412596     81.11      2556    282544   6405672     23.31   6133860    103840        24      5948
10:25:21 PM   1431040   1492988   6412824     81.12      2556    282864   6405672     23.31   6133860    104088        24      5948
10:25:26 PM   1431040   1493156   6412656     81.11      2556    282960   6405672     23.31   6133860    104256        96      5948
10:25:31 PM   1389208   1451324   6454488     81.64      2556    282960   6405672     23.31   6175032    104256       116      5948
10:25:36 PM   1388956   1451080   6454732     81.65      2556    282968   6405672     23.31   6175032    104264       124      5948
10:25:41 PM   1388956   1451080   6454732     81.65      2556    282968   6405672     23.31   6175032    104264       124      5948
10:25:46 PM   1388956   1451080   6454732     81.65      2556    282968   6405672     23.31   6175032    104264       124      5948
10:25:51 PM   1388956   1451080   6454732     81.65      2556    282968   6405672     23.31   6175032    104264        28      5948
10:25:56 PM   1390540   1453080   6452732     81.62      2556    283384   6405672     23.31   6175032    104680        28      5948
10:26:01 PM   1390540   1453080   6452732     81.62      2556    283464   6405672     23.31   6175032    104680        80      5948
10:26:06 PM   1389800   1452420   6453392     81.63      2556    283464   6405672     23.31   6175120    104760       100      5948
10:26:11 PM   1389800   1452420   6453392     81.63      2556    283464   6405672     23.31   6175120    104760       100      5948
10:26:16 PM   1389800   1452420   6453392     81.63      2556    283464   6405672     23.31   6175120    104760       100      5948
10:26:21 PM   1389800   1452420   6453392     81.63      2556    283464   6405672     23.31   6175120    104760       100      5948
10:26:26 PM   1389800   1452420   6453392     81.63      2556    283464   6405672     23.31   6175120    104760        20      5948
10:26:31 PM   1389548   1452416   6453396     81.63      2556    283768   6405672     23.31   6175120    105008        20      5948
10:26:36 PM   1389548   1452416   6453396     81.63      2556    283864   6405672     23.31   6175120    105008        96      5948
10:26:41 PM   1389548   1452568   6453244     81.63      2556    283864   6405672     23.31   6175120    105160       116      5948
10:26:46 PM   1389548   1452568   6453244     81.63      2556    283864   6405672     23.31   6175120    105160       116      5948
10:26:51 PM   1389548   1452568   6453244     81.63      2556    283868   6405672     23.31   6175120    105160       120      5948
10:26:56 PM   1389548   1452568   6453244     81.63      2556    283868   6405672     23.31   6175120    105160       120      5948
10:27:01 PM   1389548   1452576   6453236     81.63      2556    283872   6405672     23.31   6175120    105168        28      5948
10:27:06 PM   1389044   1452444   6453368     81.63      2556    284288   6405672     23.31   6175120    105540        28      5948
10:27:11 PM   1389044   1452488   6453324     81.63      2556    284368   6405672     23.31   6175120    105584        80      5948
10:27:16 PM   1389044   1452488   6453324     81.63      2556    284368   6405672     23.31   6175120    105584       100      5948
10:27:21 PM   1389044   1452568   6453244     81.63      2556    284368   6405672     23.31   6175120    105664       100      5948
10:27:26 PM   1389044   1452568   6453244     81.63      2556    284368   6405672     23.31   6175120    105664       100      5948
10:27:31 PM   1389044   1452568   6453244     81.63      2556    284368   6405672     23.31   6175120    105664       100      5948
10:27:36 PM   1389044   1452568   6453244     81.63      2556    284368   6405672     23.31   6175120    105664        20      5948
10:27:41 PM   1389264   1453112   6452700     81.62      2556    284692   6405672     23.31   6175120    105988        24      5948
10:27:46 PM   1411156   1475004   6430808     81.34      2556    284788   6405672     23.31   6149204    105988        96      5948
10:27:51 PM   1423980   1487924   6417888     81.18      2556    284788   6405672     23.31   6131896    106084       116      5948
10:27:56 PM   1455868   1519808   6386004     80.78      2556    284784   6405672     23.31   6093320    106080       116      5948
10:28:01 PM   1494196   1558128   6347684     80.29      2556    284776   6405672     23.31   6065432    106076       116      5948
10:28:06 PM   1501632   1565564   6340248     80.20      2556    284776   6405672     23.31   6049340    106076       116      5948
10:28:11 PM   1515240   1576640   6329172     80.06      2556    282244   6405672     23.31   6037608    103544        20      5948
10:28:16 PM   1515072   1576844   6328968     80.05      2556    282660   6405672     23.31   6029460    103916        20      5948
10:28:21 PM   1534664   1596528   6309284     79.81      2556    282708   6405672     23.31   6007548    104028        80      5948
10:28:26 PM   1489712   1551576   6354236     80.37      2556    282708   6405672     23.31   6069756    104028       100      5948
10:28:31 PM   1506752   1568668   6337144     80.16      2556    282760   6405672     23.31   6051216    104028       100      5948
10:28:36 PM   1517068   1578984   6326828     80.03      2556    282760   6405672     23.31   6037872    104028       100      5948
10:28:41 PM   1517480   1579396   6326416     80.02      2556    282760   6405672     23.31   6033132    104028       100      5948
10:28:46 PM   1517480   1579396   6326416     80.02      2556    282760   6405672     23.31   6031032    104028        20      5948
10:28:51 PM   1529076   1591240   6314572     79.87      2556    283064   6405672     23.31   6010688    104276        20      5948
10:28:56 PM   1528836   1591056   6314756     79.87      2556    283160   6405672     23.31   6004340    104332        96      5948
10:29:01 PM   1549568   1611848   6293964     79.61      2556    283124   6405672     23.31   5990956    104424       116      5948
10:29:06 PM   1570144   1632424   6273388     79.35      2556    283176   6405672     23.31   5971656    104424       272      5948
10:29:11 PM   1571336   1633700   6272112     79.34      2556    283208   6405672     23.31   5964216    104508       304      5948
10:29:16 PM   1572412   1634720   6271092     79.32      2556    283156   6405672     23.31   5956948    104504       304      5948
10:29:21 PM   1478648   1540964   6364848     80.51      2556    283160   6405672     23.31   6055108    104512       132      5948
10:29:26 PM   1478396   1541116   6364696     80.51      2556    283688   6405672     23.31   6055112    104916       208      5948
10:29:31 PM   1420688   1483612   6422200     81.23      2556    283768   6405672     23.31   6145036    105120       260      5948
10:29:36 PM   1420688   1483612   6422200     81.23      2556    283768   6405672     23.31   6145044    105120       180      5948
10:29:41 PM   1420688   1483612   6422200     81.23      2556    283768   6405672     23.31   6145044    105120       180      5948
10:29:46 PM   1420688   1483612   6422200     81.23      2556    283768   6405672     23.31   6145044    105120       180      5948
10:29:51 PM   1420688   1483616   6422196     81.23      2556    283772   6405672     23.31   6145044    105124       184      5948
10:29:56 PM   1420436   1483736   6422076     81.23      2556    284236   6405672     23.31   6145044    105496        24      5948
10:30:01 PM   1420436   1483828   6421984     81.23      2556    284236   6405672     23.31   6145044    105588        24      5948
10:30:06 PM   1420196   1483596   6422216     81.23      2556    284332   6405672     23.31   6145044    105588        96      5948
10:30:11 PM   1420196   1483692   6422120     81.23      2556    284332   6405672     23.31   6145044    105684       116      5948
10:30:16 PM   1420196   1483692   6422120     81.23      2556    284336   6405672     23.31   6145044    105684       120      5948
10:30:21 PM   1420196   1483696   6422116     81.23      2556    284336   6405672     23.31   6145044    105688       120      5948
10:30:26 PM   1401104   1464604   6441208     81.47      2556    284336   6405672     23.31   6176692    105688        24      5948
10:30:31 PM   1377192   1440692   6465120     81.78      2556    284336   6405672     23.31   6209616    105688        24      5948
10:30:36 PM   1376908   1440780   6465032     81.78      2556    284736   6405672     23.31   6209616    106060        24      5948
10:30:41 PM   1376656   1440528   6465284     81.78      2556    284816   6405672     23.31   6209616    106060        80      5948
10:30:46 PM   1376656   1440636   6465176     81.78      2556    284816   6405672     23.31   6209616    106168       100      5948
10:30:51 PM   1376656   1440636   6465176     81.78      2556    284816   6405672     23.31   6209616    106168       100      5948
10:30:56 PM   1372560   1436540   6469272     81.83      2556    284816   6405672     23.31   6209616    106168       100      5948
10:31:01 PM   1372560   1436540   6469272     81.83      2556    284816   6405672     23.31   6209616    106168       100      5948
10:31:06 PM   1373144   1437124   6468688     81.82      2556    284816   6405672     23.31   6209736    106168        20      5948
10:31:11 PM   1372416   1436620   6469192     81.83      2556    285152   6405672     23.31   6209760    106392        20      5948
10:31:16 PM   1371988   1436304   6469508     81.83      2556    285248   6405672     23.31   6209872    106504        96      5948
10:31:21 PM   1371988   1436304   6469508     81.83      2556    285248   6405672     23.31   6209872    106504       116      5948
10:31:26 PM   1371856   1436268   6469544     81.83      2556    285248   6405672     23.31   6209872    106600       116      5948
10:31:31 PM   1371856   1436268   6469544     81.83      2556    285248   6405672     23.31   6209872    106600       116      5948
10:31:36 PM   1371856   1436268   6469544     81.83      2556    285248   6405672     23.31   6209872    106600       116      5948
10:31:41 PM   1371856   1436268   6469544     81.83      2556    285248   6405672     23.31   6209872    106600        20      5948
10:31:46 PM   1371604   1436264   6469548     81.83      2556    285600   6405672     23.31   6209872    106848        20      5948
10:31:51 PM   1371604   1436264   6469548     81.83      2556    285680   6405672     23.31   6209872    106848        80      5948
10:31:56 PM   1371604   1436448   6469364     81.83      2556    285680   6405672     23.31   6209872    107032       100      5948
10:32:01 PM   1371604   1436448   6469364     81.83      2556    285680   6405672     23.31   6209872    107032       100      5948
10:32:06 PM   1371060   1435904   6469908     81.84      2556    285680   6405672     23.31   6209872    107032       100      5948
10:32:11 PM   1371060   1435904   6469908     81.84      2556    285680   6405672     23.31   6209872    107032       100      5948
10:32:16 PM   1371580   1436424   6469388     81.83      2556    285680   6405672     23.31   6209872    107032        20      5948
10:32:21 PM   1371580   1436672   6469140     81.83      2556    285984   6405672     23.31   6209872    107280        20      5948
10:32:26 PM   1371240   1436484   6469328     81.83      2556    286080   6405672     23.31   6209872    107432        96      5948
10:32:31 PM   1371240   1436484   6469328     81.83      2556    286180   6405672     23.31   6209872    107432       116      5948
10:32:36 PM   1370988   1436332   6469480     81.83      2556    286180   6405672     23.31   6209972    107432       116      5948
10:32:41 PM   1370988   1436332   6469480     81.83      2556    286180   6405672     23.31   6209972    107432       116      5948
10:32:46 PM   1370280   1435624   6470188     81.84      2556    286180   6405672     23.31   6209972    107432       116      5948
10:32:51 PM   1370276   1435620   6470192     81.84      2556    286184   6405672     23.31   6209972    107432        24      5948
10:32:56 PM   1370268   1435956   6469856     81.84      2556    286524   6405672     23.31   6209972    107776        28      5948
10:33:01 PM   1370180   1435872   6469940     81.84      2556    286612   6405672     23.31   6209972    107780        80      5948
10:33:06 PM   1371880   1437656   6468156     81.82      2556    286612   6405672     23.31   6209972    107864       100      5948
10:33:11 PM   1371880   1437656   6468156     81.82      2556    286612   6405672     23.31   6209972    107864       100      5948
10:33:16 PM   1371880   1437656   6468156     81.82      2556    286612   6405672     23.31   6209972    107864       100      5948
10:33:21 PM   1371708   1437484   6468328     81.82      2556    286612   6405672     23.31   6209972    107864       100      5948
10:33:26 PM   1371904   1437680   6468132     81.81      2556    286612   6405672     23.31   6209972    107864        20      5948
10:33:31 PM   1371652   1437676   6468136     81.81      2556    286920   6405672     23.31   6209972    108112        24      5948
10:33:36 PM   1371652   1437864   6467948     81.81      2556    287048   6405672     23.31   6209972    108300       128      5948
10:33:41 PM   1371652   1437864   6467948     81.81      2556    287048   6405672     23.31   6209972    108300       148      5948
10:33:46 PM   1371652   1437864   6467948     81.81      2556    287048   6405672     23.31   6209972    108300       148      5948
10:33:51 PM   1371652   1437864   6467948     81.81      2556    287048   6405672     23.31   6209972    108300       148      5948
10:33:56 PM   1371652   1437864   6467948     81.81      2556    287048   6405672     23.31   6210036    108300       148      5948
10:34:01 PM   1371652   1437864   6467948     81.81      2556    287048   6405672     23.31   6209972    108300        20      5948
10:34:06 PM   1371400   1437984   6467828     81.81      2556    287580   6405672     23.31   6209972    108672       180      5948
10:34:11 PM   1365656   1432428   6473384     81.88      2556    287692   6405672     23.31   6209972    108860       272      5948
10:34:16 PM   1365656   1432492   6473320     81.88      2556    287692   6405672     23.31   6209972    108924       292      5948
10:34:21 PM   1365748   1432600   6473212     81.88      2556    287688   6405672     23.31   6209972    108940       288      5948
10:34:26 PM   1365748   1432600   6473212     81.88      2556    287720   6405672     23.31   6209972    108940       280      5948
10:34:31 PM   1119484   1186368   6719444     84.99      2556    287720   6652716     24.21   6457024    108972       280      5948
10:34:36 PM   1118728   1183936   6721876     85.02      2556    288184   6652716     24.21   6457024    109344        20      5948
10:34:41 PM   1370288   1435588   6470224     81.84      2556    288184   6405672     23.31   6209980    109436        20      5948
10:34:46 PM   1370288   1435588   6470224     81.84      2556    288280   6405672     23.31   6209980    109436        96      5948
10:34:51 PM   1370288   1435684   6470128     81.84      2556    288280   6405672     23.31   6209980    109532       116      5948
10:34:56 PM   1370288   1435684   6470128     81.84      2556    288280   6405672     23.31   6209980    109532       116      5948
10:35:01 PM   1370288   1435684   6470128     81.84      2556    288280   6405672     23.31   6209980    109532       116      5948
10:35:06 PM   1370288   1435684   6470128     81.84      2556    288280   6405672     23.31   6209980    109532       116      5948
10:35:11 PM   1370288   1435684   6470128     81.84      2556    288280   6405672     23.31   6209980    109532        20      5948
10:35:16 PM   1370036   1435680   6470132     81.84      2556    288632   6405672     23.31   6209980    109780        20      5948
10:35:21 PM   1369784   1435612   6470200     81.84      2556    288712   6405672     23.31   6209980    109964        80      5948
10:35:26 PM   1369784   1435612   6470200     81.84      2556    288716   6405672     23.31   6209980    109964       104      5948
10:35:31 PM   1369784   1435616   6470196     81.84      2556    288716   6405672     23.31   6209980    109968       104      5948
10:35:36 PM   1369784   1435616   6470196     81.84      2556    288716   6405672     23.31   6209980    109968       104      5948
10:35:41 PM   1369780   1435612   6470200     81.84      2556    288716   6405672     23.31   6209980    109968       104      5948
10:35:46 PM   1369780   1435612   6470200     81.84      2556    288716   6405672     23.31   6209980    109968        24      5948
10:35:51 PM   1369528   1435664   6470148     81.84      2556    289020   6405672     23.31   6209980    110272        24      5948
10:35:56 PM   1369528   1435664   6470148     81.84      2556    289120   6405672     23.31   6209980    110272        96      5948
10:36:01 PM   1367976   1434212   6471600     81.86      2556    289120   6405672     23.31   6209980    110372       116      5948
10:36:06 PM   1367976   1434212   6471600     81.86      2556    289120   6405672     23.31   6209980    110372       116      5948
10:36:11 PM   1372976   1439212   6466600     81.80      2556    289120   6405672     23.31   6209976    110372       116      5948
10:36:16 PM   1372976   1439212   6466600     81.80      2556    289120   6405672     23.31   6209976    110372       116      5948
10:36:21 PM   1368376   1434612   6471200     81.85      2556    289120   6405672     23.31   6209976    110372        20      5948
10:36:26 PM   1368124   1434608   6471204     81.85      2556    289456   6405672     23.31   6209976    110620        20      5948
10:36:31 PM   1368124   1434776   6471036     81.85      2556    289536   6405672     23.31   6209976    110788        80      5948
10:36:36 PM   1368124   1434776   6471036     81.85      2556    289536   6405672     23.31   6209976    110788       100      5948
10:36:41 PM   1368876   1435528   6470284     81.84      2556    289536   6405672     23.31   6209980    110788       100      5948
10:36:46 PM   1368876   1435528   6470284     81.84      2556    289544   6405672     23.31   6209980    110788       108      5948
10:36:51 PM   1372116   1438776   6467036     81.80      2556    289544   6405672     23.31   6209980    110796       108      5948
10:36:56 PM   1372116   1438776   6467036     81.80      2556    289544   6405672     23.31   6209980    110796        28      5948
10:37:01 PM   1371864   1438828   6466984     81.80      2556    289848   6405672     23.31   6209980    111100        28      5948
10:37:06 PM   1371864   1438828   6466984     81.80      2556    289944   6405672     23.31   6209980    111100        96      5948
10:37:11 PM   1369816   1436876   6468936     81.83      2556    289944   6405672     23.31   6209980    111196       116      5948
10:37:16 PM   1369816   1436876   6468936     81.83      2556    289944   6405672     23.31   6209980    111196       116      5948
10:37:21 PM   1369552   1436612   6469200     81.83      2556    289944   6405672     23.31   6210044    111196       116      5948
10:37:26 PM   1369552   1436612   6469200     81.83      2556    289944   6405672     23.31   6209980    111196       116      5948
10:37:31 PM   1373368   1440428   6465384     81.78      2556    289944   6405672     23.31   6210044    111196        20      5948
10:37:36 PM   1373520   1440828   6464984     81.78      2556    290280   6405672     23.31   6209980    111444        20      5948
10:37:41 PM   1372260   1439692   6466120     81.79      2556    290360   6405672     23.31   6209980    111568        80      5948
10:37:46 PM   1367144   1434620   6471192     81.85      2556    290360   6405672     23.31   6209980    111612       100      5948
10:37:51 PM   1367144   1434620   6471192     81.85      2556    290360   6405672     23.31   6209980    111612       100      5948
10:37:56 PM   1365332   1432808   6473004     81.88      2556    290360   6405672     23.31   6209980    111612       100      5948
10:38:01 PM   1365332   1432808   6473004     81.88      2556    290380   6405672     23.31   6209980    111612       104      5948
10:38:06 PM   1365188   1432684   6473128     81.88      2556    290380   6405672     23.31   6209996    111616        24      5948
10:38:11 PM   1365188   1432932   6472880     81.87      2556    290684   6405672     23.31   6209996    111864        24      5948
10:38:16 PM   1365188   1432988   6472824     81.87      2556    290780   6405672     23.31   6209996    111920        96      5948
10:38:21 PM   1365188   1432988   6472824     81.87      2556    290780   6405672     23.31   6209996    111920       116      5948
10:38:26 PM   1365188   1433084   6472728     81.87      2556    290780   6405672     23.31   6209996    112016       116      5948
10:38:31 PM   1365188   1433084   6472728     81.87      2556    290780   6405672     23.31   6209996    112016       116      5948
10:38:36 PM   1365188   1433084   6472728     81.87      2556    290780   6405672     23.31   6209996    112016       116      5948
10:38:41 PM   1365188   1433084   6472728     81.87      2556    290780   6405672     23.31   6209996    112016        20      5948
10:38:46 PM   1365188   1433332   6472480     81.87      2556    291148   6405672     23.31   6209996    112264        20      5948
10:38:51 PM   1364936   1433204   6472608     81.87      2556    291228   6405672     23.31   6209996    112388        80      5948
10:38:56 PM   1362888   1431232   6474580     81.90      2556    291228   6405672     23.31   6209996    112464       100      5948
10:39:01 PM   1362888   1431232   6474580     81.90      2556    291232   6405672     23.31   6209996    112464       104      5948
10:39:06 PM   1362888   1431236   6474576     81.90      2556    291284   6405672     23.31   6209996    112468       264      5948
10:39:11 PM   1362888   1431236   6474576     81.90      2556    291316   6405672     23.31   6209996    112468       296      5948
10:39:16 PM   1362888   1431316   6474496     81.90      2556    291364   6405672     23.31   6209996    112548       184      5948
10:39:21 PM   1362396   1429028   6476784     81.92      2556    291712   6405672     23.31   6209996    112792       132      5948
10:39:26 PM   1362396   1429424   6476388     81.92      2556    291984   6405672     23.31   6209996    113188       280      5948
10:39:31 PM   1362396   1429424   6476388     81.92      2556    291984   6405672     23.31   6209996    113188       300      5948
10:39:36 PM   1362396   1429456   6476356     81.92      2556    291984   6405672     23.31   6209996    113220       196      5948
10:39:41 PM   1362396   1429456   6476356     81.92      2556    291984   6405672     23.31   6209996    113220       196      5948
10:39:46 PM   1362396   1429456   6476356     81.92      2556    291984   6405672     23.31   6209996    113220       196      5948
10:39:51 PM   1362396   1429456   6476356     81.92      2556    291984   6405672     23.31   6209996    113220        20      5948
10:39:56 PM   1362144   1429604   6476208     81.92      2556    292384   6405672     23.31   6209996    113620        20      5948
10:40:01 PM   1362144   1429604   6476208     81.92      2556    292464   6405672     23.31   6209996    113620        80      5948
10:40:06 PM   1361892   1429436   6476376     81.92      2556    292468   6405672     23.31   6209996    113704       104      5948
10:40:11 PM   1361892   1429436   6476376     81.92      2556    292468   6405672     23.31   6209996    113704       104      5948
10:40:16 PM   1361892   1429436   6476376     81.92      2556    292468   6405672     23.31   6209996    113704       104      5948
10:40:21 PM   1361892   1429436   6476376     81.92      2556    292468   6405672     23.31   6209996    113704       104      5948
10:40:26 PM   1361892   1429444   6476368     81.92      2556    292476   6405672     23.31   6209996    113712        32      5948
10:40:31 PM   1361136   1426888   6478924     81.95      2556    292780   6405672     23.31   6209996    113960        32      5948
10:40:36 PM   1388560   1454468   6451344     81.60      2556    292880   6405672     23.31   6185420    114116        96      5948
10:40:41 PM   1400132   1466024   6439788     81.46      2556    292864   6405672     23.31   6162412    114100       116      5948
10:40:46 PM   1395444   1461336   6444476     81.52      2556    292864   6405672     23.31   6179348    114100       116      5948
10:40:51 PM   1395400   1461292   6444520     81.52      2556    292864   6405672     23.31   6179504    114100       116      5948
10:40:56 PM   1395400   1461292   6444520     81.52      2556    292864   6405672     23.31   6179504    114100       116      5948
10:41:01 PM   1395400   1461292   6444520     81.52      2556    292864   6405672     23.31   6179504    114100        20      5948
10:41:06 PM    127400    170660   7735152     97.84      1620    281924   8411776     30.61    154196   7402904        20      6120
10:41:11 PM    176324    108820   7796992     98.62        20    125804   8411776     30.61   4860120   2660732       280      6004
10:41:16 PM    176100    108596   7797216     98.63        20    125920   8411776     30.61   4860120   2660732       300      6004
10:41:21 PM    176100    108724   7797088     98.62        20    126076   8411776     30.61   4860456   2660732       300      6004
10:41:26 PM    176100    108724   7797088     98.62        20    126076   8411776     30.61   4860456   2660732       300      6004
10:41:31 PM    176100    108740   7797072     98.62        20    126076   8411776     30.61   4860488   2660732       300      6004
10:41:36 PM    176100    108740   7797072     98.62        20    126176   8411776     30.61   4860488   2660732       172      6004
10:41:41 PM    175372    108224   7797588     98.63        32    126636   8411776     30.61   4860600   2661060        20      6004
10:41:46 PM    175372    108288   7797524     98.63        32    126804   8411776     30.61   4860600   2661184        96      6004
10:41:51 PM    175372    108380   7797432     98.63        32    126804   8411776     30.61   4860640   2661332       116      6004
10:41:56 PM    175372    108380   7797432     98.63        32    126804   8411776     30.61   4860640   2661332       116      6004
10:42:01 PM    175372    108384   7797428     98.63        32    126808   8411776     30.61   4860640   2661336       120      6004
10:42:06 PM    175372    108384   7797428     98.63        32    126808   8411776     30.61   4860640   2661336       120      6004
10:42:11 PM    116140     49064   7856748     99.38        32    126728   8411776     30.61   5021288   2556372        24      6004
10:42:16 PM    189396    121756   7784056     98.46        32    125612   8411776     30.61   5174176   2325404        24      6004
10:42:21 PM    189144    121596   7784216     98.46        32    125692   8411776     30.61   5174172   2325592        80      6004
10:42:26 PM    189144    121596   7784216     98.46        32    125692   8411776     30.61   5174172   2325592       100      6004
10:42:31 PM    189144    121596   7784216     98.46        32    125692   8411776     30.61   5174172   2325592       100      6004
10:42:36 PM    189144    121596   7784216     98.46        32    125692   8411776     30.61   5174176   2325592       100      6004
10:42:41 PM    189144    121608   7784204     98.46        32    125712   8411776     30.61   5171352   2325560       100      6004
10:42:46 PM    189144    121608   7784204     98.46        32    125712   8411776     30.61   5165208   2325560        20      6004
10:42:51 PM    157496     86236   7819576     98.91        32    118268   8411776     30.61   6000456   1515180        20      6004
10:42:56 PM    131676     60416   7845396     99.24        32    118364   8411776     30.61   6026032   1515180        96      6004
10:43:01 PM    124740     53528   7852284     99.32        32    118364   8411776     30.61   6026032   1515276       116      6004
10:43:06 PM    124740     53528   7852284     99.32        32    118364   8411776     30.61   6026032   1515276       116      6004
10:43:11 PM    124936     53728   7852084     99.32        32    118368   8411776     30.61   6026032   1515280       120      6004
10:43:16 PM    124936     53728   7852084     99.32        32    118368   8411776     30.61   6026032   1515280       120      6004
10:43:21 PM    125248     54040   7851772     99.32        32    118368   8411776     30.61   6026032   1515280        24      6004
10:43:26 PM    124492     53408   7852404     99.32        32    118704   8411776     30.61   6026032   1515528        24      6004
10:43:31 PM    126048     55048   7850764     99.30        32    118784   8411776     30.61   6026032   1515696        80      6004
10:43:36 PM    126048     55048   7850764     99.30        32    118784   8411776     30.61   6026032   1515696       100      6004
10:43:41 PM    124252     53252   7852560     99.33        32    118784   8411776     30.61   6026032   1515696       100      6004
10:43:46 PM    124252     53252   7852560     99.33        32    118784   8411776     30.61   6026032   1515696       100      6004
10:43:51 PM    126128     55128   7850684     99.30        32    118788   8411776     30.61   6026036   1515700       100      6004
10:43:56 PM    125904     55092   7850720     99.30        32    119224   8411776     30.61   6026388   1515720        20      6004
10:44:01 PM    123724     53096   7852716     99.33        32    119528   8411776     30.61   6026452   1516024        20      6004
10:44:06 PM    123724     53096   7852716     99.33        32    119708   8411776     30.61   6026452   1516024       252      6004
10:44:11 PM    122440     51928   7853884     99.34        32    119764   8411776     30.61   6026452   1516260       312      6004
10:44:16 PM    122440     51928   7853884     99.34        32    119764   8411776     30.61   6026452   1516256       312      6004
10:44:21 PM    121888     51376   7854436     99.35        32    119760   8411776     30.61   6026452   1516256       308      6004
10:44:26 PM    121888     51376   7854436     99.35        32    119792   8411776     30.61   6026452   1516256       304      6004
10:44:31 PM    120068     49556   7856256     99.37        32    119792   8411776     30.61   6026516   1516256       128      6004
10:44:36 PM    120076     49764   7856048     99.37        32    120176   8411776     30.61   6026452   1516660        28      6004
10:44:41 PM    117620     47472   7858340     99.40        32    120584   8411776     30.61   6024860   1516688        80      6004
10:44:46 PM    120584     50484   7855328     99.36        32    120584   8411776     30.61   6026780   1516752       100      6004
10:44:51 PM    120584     50484   7855328     99.36        32    120584   8411776     30.61   6026780   1516752       100      6004
10:44:56 PM    122584     52484   7853328     99.34        32    120584   8411776     30.61   6026780   1516752       100      6004
10:45:01 PM    122584     52484   7853328     99.34        32    120584   8411776     30.61   6026780   1516752       100      6004
10:45:06 PM    122584     52484   7853328     99.34        32    120588   8411776     30.61   6026780   1516756        24      6004
10:45:11 PM    122332     52356   7853456     99.34        32    120940   8411776     30.61   6026780   1517004        24      6004
10:45:16 PM    122332     52408   7853404     99.34        32    121036   8411776     30.61   6026780   1517108        96      6004
10:45:21 PM    122332     52408   7853404     99.34        32    121036   8411776     30.61   6026780   1517108       116      6004
10:45:26 PM    141732     41548   7864264     99.47        20     57960   8411776     30.61   3215860   4300388       116      2360
10:45:31 PM    149916     52512   7853300     99.34        20     63716   8411776     30.61   3256404   4250672       116      2360
10:45:36 PM    149916     52664   7853148     99.33        20     63716   8411776     30.61   3256656   4250724       116      2360
10:45:41 PM    149916     52664   7853148     99.33        20     63716   8411776     30.61   3256656   4250724        20      2360
10:45:46 PM    149916     52916   7852896     99.33        32     64216   8411776     30.61   3256656   4251224        24      2360
10:45:51 PM    149916     52916   7852896     99.33        32     64296   8411776     30.61   3256656   4251224        80      2360
10:45:56 PM    128248     31660   7874152     99.60        32     65088   8411776     30.61   3284140   4251316       100      2360
10:46:01 PM    124468     29492   7876320     99.63        32     68360   8411776     30.61   3287364   4251316       100      2360
10:46:06 PM    124468     29544   7876268     99.63        32     68360   8411776     30.61   3287472   4251316       100      2360
10:46:11 PM    121704     28408   7877404     99.64        32     71620   8411776     30.61   3293772   4248084       100      2360
10:46:16 PM    121336     27764   7878048     99.65        32     71064   8411776     30.61   4143452   3406532        20      2360
10:46:21 PM    121084     27636   7878176     99.65        32     71368   8411776     30.61   4143452   3406780        20      2360
10:46:26 PM    113020     19648   7886164     99.75        32     71464   8411776     30.61   4143452   3406932        96      2360
10:46:31 PM    134280     42392   7863420     99.46        32     74444   8411776     30.61   4173084   3347540       116      2360
10:46:36 PM    134280     42408   7863404     99.46        32     74460   8411776     30.61   4173200   3347556       116      2360
10:46:41 PM    133552     41680   7864132     99.47        32     74464   8411776     30.61   4173200   3347556       120      2360
10:46:46 PM    133552     41680   7864132     99.47        32     74464   8411776     30.61   4173200   3347560       120      2360
10:46:51 PM    133552     41680   7864132     99.47        32     74464   8411776     30.61   4173200   3347560        24      2360
10:46:56 PM    132796     41092   7864720     99.48        32     74800   8411776     30.61   4173200   3347896        24      2360
10:47:01 PM    132796     41092   7864720     99.48        32     74988   8411776     30.61   4173200   3347896        80      2360
10:47:06 PM    132796     41216   7864596     99.48        32     75040   8411776     30.61   4173368   3347976       100      2360
10:47:11 PM    132572     40992   7864820     99.48        32     75040   8411776     30.61   4173372   3347976       100      2360
10:47:16 PM    135424     39196   7866616     99.50        32     65664   8411776     30.61    820804   6608348        80      2252
10:47:21 PM    134584     38356   7867456     99.51        32     65924   8411776     30.61    820896   6608256       100      2252
10:47:26 PM    134584     38492   7867320     99.51        32     65924   8411776     30.61    821152   6608276       100      2252
10:47:31 PM    128816     35200   7870612     99.55        32     70928   8411776     30.61   1031920   6400752        20      2252
10:47:36 PM    128816     35224   7870588     99.55        32     70928   8411776     30.61   1031968   6400752        20      2252
10:47:41 PM    128816     35224   7870588     99.55        32     70928   8411776     30.61   1031968   6400752        20      2252
10:47:46 PM    128816     35224   7870588     99.55        32     70928   8411776     30.61   1031968   6400752        20      2252
10:47:51 PM    128592     35000   7870812     99.56        32     71032   8411776     30.61   1031968   6400752        96      2252
10:47:56 PM    128592     35000   7870812     99.56        32     71032   8411776     30.61   1031968   6400752       116      2252
10:48:01 PM    128592     35052   7870760     99.56        32     71032   8411776     30.61   1031968   6400856       116      2252
10:48:06 PM    128340     34924   7870888     99.56        32     71288   8411776     30.61   1031968   6401104        20      2252
10:48:11 PM    128340     34928   7870884     99.56        32     71292   8411776     30.61   1031968   6401112        24      2252
10:48:16 PM    128340     34928   7870884     99.56        32     71292   8411776     30.61   1031968   6401112        24      2252
10:48:21 PM    128100     34692   7871120     99.56        32     71300   8411776     30.61   1031968   6401120        28      2252
10:48:26 PM    127848     34440   7871372     99.56        32     71380   8411776     30.61   1031968   6401120        80      2252
10:48:31 PM    127848     34484   7871328     99.56        32     71380   8411776     30.61   1031968   6401204       100      2252
10:48:36 PM    127848     34484   7871328     99.56        32     71380   8411776     30.61   1032020   6401204       100      2252
10:48:41 PM    127092     33976   7871836     99.57        32     71900   8411776     30.61   1032516   6401204       100      2252
10:48:46 PM    127092     33976   7871836     99.57        32     71900   8411776     30.61   1032516   6401204       100      2252
10:48:51 PM    127092     33988   7871824     99.57        32     71900   8411776     30.61   1032540   6401204       100      2252
10:48:56 PM    126112     33132   7872680     99.58        32     72252   8411776     30.61   1032540   6401452        20      2252
10:49:01 PM    122332     30924   7874888     99.61        32     75472   8411776     30.61   1035500   6401636        96      2252
10:49:06 PM    117796     28752   7877060     99.64        32     80096   8411776     30.61   1040264   6401780       300      2252
10:49:11 PM    116032     28016   7877796     99.65        32     82196   8411776     30.61   1042400   6401780       308      2252
10:49:16 PM    190320    104076   7801736     98.68        32     85696   8411776     30.61   1046140   6299644       308      2252
10:49:21 PM    189936    103792   7802020     98.69        32     85824   8411776     30.61   1046368   6299640       304      2252
10:49:26 PM    189180    103068   7802744     98.70        32     86000   8411776     30.61   1046368   6299704       100      2252
10:49:31 PM    189180    103248   7802564     98.69        32     86272   8411776     30.61   1046368   6300064        20      2252
10:49:36 PM    189180    103260   7802552     98.69        32     86352   8411776     30.61   1046368   6300088        80      2252
10:49:41 PM    189180    103300   7802512     98.69        32     86352   8411776     30.61   1046368   6300168       100      2252
10:49:46 PM    189180    103300   7802512     98.69        32     86352   8411776     30.61   1046368   6300168       100      2252
10:49:51 PM    188956    103076   7802736     98.70        32     86352   8411776     30.61   1046368   6300168       100      2252
10:49:56 PM    188956    103076   7802736     98.70        32     86352   8411776     30.61   1046368   6300168        20      2252
10:50:01 PM    188956    103076   7802736     98.70        32     86352   8411776     30.61   1046368   6300168        20      2252
10:50:06 PM    188452    102696   7803116     98.70        32     86704   8411776     30.61   1046368   6300416        20      2252
10:50:11 PM    188452    102796   7803016     98.70        32     86800   8411776     30.61   1046368   6300616        96      2252
10:50:16 PM    148548     62892   7842920     99.20        32     86800   8411776     30.61   1083864   6300616       116      2252
10:50:21 PM    148384     62728   7843084     99.21        32     86800   8411776     30.61   1084004   6300616       116      2252
10:50:26 PM    148384     62728   7843084     99.21        32     86800   8411776     30.61   1084008   6300616       116      2252
10:50:31 PM    148212     62560   7843252     99.21        32     86804   8411776     30.61   1084012   6300620       116      2252
10:50:36 PM    148132     62480   7843332     99.21        32     86804   8411776     30.61   1084072   6300620        20      2252
10:50:41 PM    147880     62372   7843440     99.21        32     87092   8411776     30.61   1084076   6300908        20      2252
10:50:46 PM    147880     62372   7843440     99.21        32     87172   8411776     30.61   1084076   6300908        80      2252
10:50:51 PM    147880     62412   7843400     99.21        32     87172   8411776     30.61   1084076   6300988       100      2252
10:50:56 PM    147880     62412   7843400     99.21        32     87176   8411776     30.61   1084076   6300988       104      2252
10:51:01 PM    147880     62412   7843400     99.21        32     87176   8411776     30.61   1084076   6300992       104      2252
10:51:06 PM    147880     62412   7843400     99.21        32     87176   8411776     30.61   1084076   6300992       104      2252
10:51:11 PM    145152     60172   7845640     99.24        32     88148   8411776     30.61   1088300   6297732        28      2252
10:51:16 PM    144728     59872   7845940     99.24        32     88500   8411776     30.61   1088300   6297980        28      2252
10:51:21 PM    144648     59900   7845912     99.24        32     88612   8411776     30.61   1088316   6298180        96      2252
10:51:26 PM    144648     59900   7845912     99.24        32     88612   8411776     30.61   1088316   6298180       116      2252
10:51:31 PM    144648     59900   7845912     99.24        32     88612   8411776     30.61   1088316   6298180       116      2252
10:51:36 PM    144648     59900   7845912     99.24        32     88620   8411776     30.61   1088316   6298180       124      2252
10:51:41 PM    144648     59900   7845912     99.24        32     88620   8411776     30.61   1088316   6298180       124      2252
10:51:46 PM    144648     59904   7845908     99.24        32     88620   8411776     30.61   1088316   6298188        28      2252
10:51:51 PM    144396     59776   7846036     99.24        32     88908   8411776     30.61   1088316   6298436        28      2252
10:51:56 PM    145420     60820   7844992     99.23        32     88988   8411776     30.61   1088316   6298476        80      2252
10:52:01 PM    145420     60820   7844992     99.23        32     88988   8411776     30.61   1088316   6298476       100      2252
10:52:06 PM    145420     60860   7844952     99.23        32     88988   8411776     30.61   1088316   6298556       100      2252
10:52:11 PM    145420     60860   7844952     99.23        32     88988   8411776     30.61   1088316   6298556       100      2252
10:52:16 PM    145420     60860   7844952     99.23        32     88988   8411776     30.61   1088316   6298556       100      2252
10:52:21 PM    145420     60860   7844952     99.23        32     88988   8411776     30.61   1088316   6298556        20      2252
10:52:26 PM    144664     60228   7845584     99.24        32     89340   8411776     30.61   1088316   6298804        20      2252
10:52:31 PM    144664     60280   7845532     99.24        32     89436   8411776     30.61   1088316   6298908        96      2252
10:52:36 PM    144664     60328   7845484     99.24        32     89436   8411776     30.61   1088324   6299004       116      2252
10:52:41 PM    144664     60328   7845484     99.24        32     89436   8411776     30.61   1088324   6299004       116      2252
10:52:46 PM    144664     60328   7845484     99.24        32     89436   8411776     30.61   1088324   6299004       116      2252
10:52:51 PM    144664     60328   7845484     99.24        32     89436   8411776     30.61   1088324   6299004       116      2252
10:52:56 PM    144664     60328   7845484     99.24        32     89436   8411776     30.61   1088324   6299004       116      2252
10:53:01 PM    143908     59820   7845992     99.24        32     89948   8411776     30.61   1088324   6299500        20      2252
10:53:06 PM    143908     59868   7845944     99.24        32     90028   8411776     30.61   1088324   6299596        80      2252
10:53:11 PM    143908     59868   7845944     99.24        32     90028   8411776     30.61   1088324   6299596       100      2252
10:53:16 PM    143908     59868   7845944     99.24        32     90032   8411776     30.61   1088324   6299600       104      2252
10:53:21 PM    143908     59868   7845944     99.24        32     90032   8411776     30.61   1088324   6299600       104      2252
10:53:26 PM     93296     93296   7812516     98.82        32     59572   8411776     30.61   5727312   1755944       104      2232
10:53:31 PM    161180     62200   7843612     99.21        32     62344   8411776     30.61   4683956   2829396        28      2216
10:53:36 PM    152832     54164   7851648     99.31        32     62792   8411776     30.61   4684116   2829876        28      2216
10:53:41 PM    144528     49892   7855920     99.37        32     71088   8411776     30.61   4692096   2829956        96      2216
10:53:46 PM    146684     52164   7853648     99.34        32     71088   8411776     30.61   4692316   2829972       116      2216
10:53:51 PM    146684     52164   7853648     99.34        32     71088   8411776     30.61   4692316   2829972       116      2216
10:53:56 PM    144668     53428   7852384     99.32        32     77644   8411776     30.61   4698824   2830020       116      2216
10:54:01 PM    118192     26952   7878860     99.66        32     77652   8411776     30.61   4875264   2713284       116      2216
10:54:06 PM    117940     26820   7878992     99.66        32     77884   8411776     30.61   4875552   2713336       176      2216
10:54:11 PM    117516     26516   7879296     99.66        32     78308   8411776     30.61   4875552   2713580       176      2216
10:54:16 PM    117436     26584   7879228     99.66        32     78424   8411776     30.61   4875564   2713864       272      2216
10:54:21 PM    158824     62436   7843376     99.21        32     67400   8411776     30.61   4857596   2690580       288      2216
10:54:26 PM    158080     61740   7844072     99.22        32     67448   8411776     30.61   4857656   2690628       276      2216
10:54:31 PM    158080     61740   7844072     99.22        32     67468   8411776     30.61   4857656   2690628       276      2216
10:54:36 PM    157324     60992   7844820     99.23        32     67468   8411776     30.61   4858916   2690648        20      2216
10:54:41 PM    156820     60676   7845136     99.23        32     67996   8411776     30.61   4858916   2691020        20      2216
10:54:46 PM    156596     60528   7845284     99.23        32     67996   8411776     30.61   4858916   2691176        20      2216
10:54:51 PM    156356     60288   7845524     99.24        32     68076   8411776     30.61   4858916   2691176        80      2216
10:54:56 PM    156356     60328   7845484     99.24        32     68076   8411776     30.61   4858920   2691256       100      2216
10:55:01 PM    148796     55684   7850128     99.30        32     74020   8411776     30.61   4864748   2691256       100      2216
10:55:06 PM    148796     55684   7850128     99.30        32     74020   8411776     30.61   4864748   2691256       100      2216
10:55:11 PM    148796     55740   7850072     99.29        32     74020   8411776     30.61   4864864   2691256        20      2216
10:55:16 PM    148796     55740   7850072     99.29        32     74028   8411776     30.61   4864864   2691256        28      2216
10:55:21 PM    138128     39284   7866528     99.50        32     60484   8411776     30.61   5651328   1932068        28       180
10:55:26 PM    131072     33032   7872780     99.58        32     62272   8411776     30.61   5652984   1932108        80       180
10:55:31 PM    146436     46968   7858844     99.41        32     59204   8658820     31.51   2603460   4964668       100       180
10:55:36 PM    146368     46900   7858912     99.41        32     59284   8658820     31.51   2603612   4964668       100       180
10:55:41 PM    368708    269280   7636532     96.59        32     59284   8411776     30.61   2452152   4869176       100       180
10:55:46 PM    378648    279220   7626592     96.47        32     59284   8411776     30.61   2452152   4869176       100       180
10:55:51 PM    378636    279208   7626604     96.47        32     59284   8411776     30.61   2452152   4869176        20       180
10:55:56 PM    378268    278964   7626848     96.47        32     59652   8411776     30.61   2452152   4869424        20       180
10:56:01 PM    378268    279024   7626788     96.47        32     59732   8411776     30.61   2452156   4869544        80       180
10:56:06 PM    378268    279024   7626788     96.47        32     59736   8411776     30.61   2452156   4869544       104       180
10:56:11 PM    373448    277228   7628584     96.49        32     65812   8411776     30.61   2460952   4868124       104       180
10:56:16 PM    373448    277228   7628584     96.49        32     65812   8411776     30.61   2460952   4868124       104       180
10:56:21 PM    373448    277284   7628528     96.49        32     65812   8411776     30.61   2461204   4868124       104       180
10:56:26 PM    373448    277284   7628528     96.49        32     65812   8411776     30.61   2461204   4868124        24       180
10:56:31 PM    373448    277408   7628404     96.49        32     66116   8411776     30.61   2461204   4868372        24       180
10:56:36 PM    373196    277184   7628628     96.49        32     66196   8411776     30.61   2462172   4868428        80       180
10:56:41 PM    373196    277224   7628588     96.49        32     66196   8411776     30.61   2462376   4868508       100       180
10:56:46 PM    373196    277224   7628588     96.49        32     66196   8411776     30.61   2462376   4868508       100       180
10:56:51 PM    373196    277224   7628588     96.49        32     66196   8411776     30.61   2462376   4868508       100       180
10:56:56 PM    373196    277224   7628588     96.49        32     66196   8411776     30.61   2462376   4868508       100       180
10:57:01 PM    373196    277224   7628588     96.49        32     66196   8411776     30.61   2462376   4868508        20       180
10:57:06 PM    372944    277096   7628716     96.50        32     66516   8411776     30.61   2462376   4868756        20       180
10:57:11 PM    372944    277172   7628640     96.49        32     66596   8411776     30.61   2462376   4868908        80       180
10:57:16 PM    372944    277172   7628640     96.49        32     66600   8411776     30.61   2462376   4868908       104       180
10:57:21 PM    372944    277244   7628568     96.49        32     66740   8411776     30.61   2462528   4868912       104       180
10:57:26 PM    372944    277244   7628568     96.49        32     66740   8411776     30.61   2462528   4868912       104       180
10:57:31 PM    372944    277244   7628568     96.49        32     66740   8411776     30.61   2462528   4868912       104       180
10:57:36 PM    372944    277244   7628568     96.49        32     66740   8411776     30.61   2462528   4868912        24       180
10:57:41 PM    372692    277136   7628676     96.49        32     67028   8411776     30.61   2462528   4869200        24       180
10:57:46 PM    372692    277136   7628676     96.49        32     67108   8411776     30.61   2462528   4869200        80       180
10:57:51 PM    372692    277176   7628636     96.49        32     67108   8411776     30.61   2462528   4869280       100       180
10:57:56 PM    372468    276952   7628860     96.50        32     67108   8411776     30.61   2462532   4869280       100       180
10:58:01 PM    372468    276952   7628860     96.50        32     67108   8411776     30.61   2462532   4869280       100       180
10:58:06 PM    372468    276952   7628860     96.50        32     67108   8411776     30.61   2462532   4869280       100       180
10:58:11 PM    372468    276952   7628860     96.50        32     67108   8411776     30.61   2462532   4869280        20       180
10:58:16 PM    372468    277076   7628736     96.50        32     67428   8411776     30.61   2462532   4869528        20       180
10:58:21 PM    368120    272884   7632928     96.55        32     67664   8411776     30.61   2464904   4867632        80       180
10:58:26 PM    366356    271988   7633824     96.56        32     69484   8411776     30.61   2466640   4867632       100       180
10:58:31 PM    362236    267908   7637904     96.61        32     69484   8411776     30.61   2479012   4855344       100       180
10:58:36 PM    362236    267908   7637904     96.61        32     69484   8411776     30.61   2479064   4855344       100       180
10:58:41 PM    350100    255776   7650036     96.76        32     69488   8411776     30.61   2509924   4824492       104       180
10:58:46 PM    350100    255776   7650036     96.76        32     69488   8411776     30.61   2509924   4824492        24       180
10:58:51 PM    349264    255064   7650748     96.77        32     69776   8411776     30.61   2519964   4814764        24       180
10:58:56 PM    349388    255208   7650604     96.77        32     69856   8411776     30.61   2519904   4814804        80       180
10:59:01 PM    349388    255208   7650604     96.77        32     69864   8411776     30.61   2519904   4814804       108       180
10:59:06 PM    354072    260368   7645444     96.71        32     70844   8411776     30.61   2542376   4793288       264       180
10:59:11 PM    353848    260292   7645520     96.71        32     71072   8411776     30.61   2542616   4793384       296       180
10:59:16 PM    354208    260672   7645140     96.70        32     71068   8411776     30.61   2559104   4776944       292       180
10:59:21 PM    354208    260672   7645140     96.70        32     71068   8411776     30.61   2559104   4776944       140       180
10:59:26 PM    357632    264312   7641500     96.66        32     71600   8411776     30.61   2571396   4765088       184       180
10:59:31 PM    357632    264312   7641500     96.66        32     71696   8411776     30.61   2571396   4765088       236       180
10:59:36 PM    356548    263328   7642484     96.67        32     71696   8411776     30.61   2579420   4757260       180       180
10:59:41 PM    356548    263328   7642484     96.67        32     71696   8411776     30.61   2579420   4757260       180       180
10:59:46 PM    359596    266376   7639436     96.63        32     71696   8411776     30.61   2579436   4757244       180       180
10:59:51 PM    351784    261960   7643852     96.69        32     78540   8411776     30.61   2586304   4757248       184       180
10:59:56 PM    350384    260644   7645168     96.70        32     78748   8411776     30.61   2586372   4757364        24       180
11:00:01 PM    350384    260644   7645168     96.70        32     78748   8411776     30.61   2586372   4757364        24       180
11:00:06 PM    347916    258260   7647552     96.73        32     78828   8411776     30.61   2587512   4756392        80       180
11:00:11 PM    351784    262128   7643684     96.68        32     78828   8411776     30.61   2591876   4752028       100       180
11:00:16 PM    343612    253956   7651856     96.79        32     78828   8411776     30.61   2604464   4739440       100       180
11:00:21 PM    343612    253956   7651856     96.79        32     78832   8411776     30.61   2604464   4739440       104       180
11:00:26 PM    347436    257784   7648028     96.74        32     78832   8411776     30.61   2606936   4736972       104       180
11:00:31 PM    347184    257532   7648280     96.74        32     78832   8411776     30.61   2606936   4736972       104       180
11:00:36 PM    348064    258536   7647276     96.73        32     79152   8411776     30.61   2607024   4737168        24       180
11:00:41 PM    347812    258284   7647528     96.73        32     79232   8411776     30.61   2607024   4737168        80       180
11:00:46 PM    348396    258944   7646868     96.72        32     79232   8411776     30.61   2609112   4735232       100       180
11:00:51 PM    350580    261128   7644684     96.70        32     79232   8411776     30.61   2613148   4731196       100       180
11:00:56 PM    345580    256128   7649684     96.76        32     79232   8411776     30.61   2617684   4726660       100       180
11:01:01 PM    345500    256048   7649764     96.76        32     79232   8411776     30.61   2617684   4726660       100       180
11:01:06 PM    353220    263768   7642044     96.66        32     79232   8411776     30.61   2626164   4718180        20       180
11:01:11 PM    352968    263640   7642172     96.67        32     79520   8411776     30.61   2626164   4718428        20       180
11:01:16 PM    350708    261440   7644372     96.69        32     79604   8411776     30.61   2627800   4717004        80       180
11:01:21 PM    350456    261188   7644624     96.70        32     79604   8411776     30.61   2627804   4716916       100       180
11:01:26 PM    350684    261416   7644396     96.69        32     79604   8411776     30.61   2627980   4716748       100       180
11:01:31 PM    100712    100712   7805100     98.73        32     53044   8411776     30.61   7266364    333980       100       172
11:01:36 PM    120136     14812   7891000     99.81        32     47540   8411776     30.61   3412752   4167764       100       180
11:01:41 PM    119912     14588   7891224     99.82        32     47540   8411776     30.61   3412752   4167764        20       180
11:01:46 PM    119436     14304   7891508     99.82        32     47924   8411776     30.61   3412752   4168148        20       180
11:01:51 PM    124708     18816   7886996     99.76        32     46460   8411776     30.61   3647732   3941696        80       172
11:01:56 PM    125356     19492   7886320     99.75        32     46452   8411776     30.61   3650904   3937656       100       172
11:02:01 PM    124912     19048   7886764     99.76        32     46452   8411776     30.61   3650904   3937656       100       172
11:02:06 PM    117716     13488   7892324     99.83        32     49720   8411776     30.61   3661480   3929572       100       172
11:02:11 PM    116892     12684   7893128     99.84        32     49764   8411776     30.61   3661468   3929564       100       172
11:02:16 PM    119700     15492   7890320     99.80        32     49764   8411776     30.61   3665944   3924404        20       172
11:02:21 PM    118468     14380   7891432     99.82        32     50124   8411776     30.61   3665880   3924484        20       172
11:02:26 PM    125144     21940   7883872     99.72        32     51848   8411776     30.61   5202128   2368488        80       172
11:02:31 PM    129240     26076   7879736     99.67        32     51848   8411776     30.61   5220244   2350372       100       172
11:02:36 PM    211656    112516   7793296     98.58        32     60000   8411776     30.61   5244624   2232672       100       172
11:02:41 PM    214460    115372   7790440     98.54        32     60008   8411776     30.61   5262540   2214876       108       172
11:02:46 PM    214460    115372   7790440     98.54        32     60008   8411776     30.61   5262540   2214876       108       172
11:02:51 PM    205352    106268   7799544     98.66        32     60008   8411776     30.61   5263460   2213964        28       172
11:02:56 PM    205100    106140   7799672     98.66        32     60344   8411776     30.61   5263460   2214212        28       172
11:03:01 PM    207488    108572   7797240     98.63        32     60424   8411776     30.61   5263460   2214300        80       172
11:03:06 PM    207488    108572   7797240     98.63        32     60424   8411776     30.61   5263460   2214300       100       172
11:03:11 PM    233892    135016   7770796     98.29        32     60424   8411776     30.61   5266956   2208836       100       172
11:03:16 PM    233336    134460   7771352     98.30        32     60424   8411776     30.61   5266956   2208836       100       172
11:03:21 PM    222184    123308   7782504     98.44        32     60428   8411776     30.61   5297144   2191396       104       172
11:03:26 PM    113284      4276   7901536     99.95        32     40740   8411776     30.61   2783540   4811796        24       180
11:03:31 PM    113032      4160   7901652     99.95        32     41216   8411776     30.61   2783664   4812044        24       180
11:03:36 PM    113032      4204   7901608     99.95        32     41296   8411776     30.61   2783664   4812132        80       180
11:03:41 PM    113032      4204   7901608     99.95        32     41296   8411776     30.61   2783664   4812132       100       180
11:03:46 PM    113032      4204   7901608     99.95        32     41296   8411776     30.61   2783664   4812132       100       180
11:03:51 PM    113032      4204   7901608     99.95        32     41300   8411776     30.61   2783664   4812132       104       180
11:03:56 PM    154196     50868   7854944     99.36        32     52076   8411776     30.61   3167144   4385448        80       180
11:04:01 PM    154036     50740   7855072     99.36        32     52144   8411776     30.61   3167248   4385468       100       180
11:04:06 PM    138616     38904   7866908     99.51        32     59356   8411776     30.61   3174108   4385780       192       180
11:04:11 PM    137592     38216   7867596     99.52        32     60028   8411776     30.61   3174860   4385820       212       180
11:04:16 PM    137592     38216   7867596     99.52        32     60028   8411776     30.61   3174860   4385820       212       180
11:04:21 PM    129576     30216   7875596     99.62        32     60024   8411776     30.61   3184792   4375924       208       180
11:04:26 PM    129576     30248   7875564     99.62        32     60180   8411776     30.61   3184828   4375968       100       180
11:04:31 PM    129388     30184   7875628     99.62        32     60260   8411776     30.61   3196924   4364124       160       180
11:04:36 PM    129136     29996   7875816     99.62        32     60500   8411776     30.61   3197000   4364248        20       180
11:04:41 PM    126380     27296   7878516     99.65        32     60500   8411776     30.61   3201220   4360216        20       180
11:04:46 PM    126380     27296   7878516     99.65        32     60500   8411776     30.61   3201220   4360216        20       180
11:04:51 PM    137932     38848   7866964     99.51        32     60580   8411776     30.61   3207484   4352832        80       180
11:04:56 PM    137932     38848   7866964     99.51        32     60580   8411776     30.61   3207484   4352832       100       180
11:05:01 PM    139324     40280   7865532     99.49        32     60580   8411776     30.61   3209612   4350784       100       180
11:05:06 PM    139324     40280   7865532     99.49        32     60584   8411776     30.61   3209612   4350784       100       180
11:05:11 PM    134544     35504   7870308     99.55        32     60584   8411776     30.61   3215516   4344884       100       180
11:05:16 PM    134544     35504   7870308     99.55        32     60584   8411776     30.61   3215516   4344884       100       180
11:05:21 PM    144380     45464   7860348     99.42        32     60888   8411776     30.61   3224832   4335816        20       180
11:05:26 PM    121712     22828   7882984     99.71        32     61012   8411776     30.61   3247940   4335880        80       180
11:05:31 PM    179836     81252   7824560     98.97        32     61500   8411776     30.61   3324332   4208024       100       180
11:05:36 PM    179836     81252   7824560     98.97        32     61504   8411776     30.61   3324332   4208024       100       180
11:05:41 PM    165648     67068   7838744     99.15        32     61504   8411776     30.61   3336324   4196108       100       180
11:05:46 PM    168420     69840   7835972     99.12        32     61504   8411776     30.61   3336324   4196108       100       180
11:05:51 PM    158796     60216   7845596     99.24        32     61504   8411776     30.61   3350084   4182348        20       180
11:05:56 PM    158796     60340   7845472     99.24        32     61792   8411776     30.61   3350084   4182596        20       180
11:06:01 PM    162672     64276   7841536     99.19        32     61872   8411776     30.61   3360864   4171884        80       180
11:06:06 PM    162672     64276   7841536     99.19        32     61872   8411776     30.61   3360864   4171884       100       180
11:06:11 PM    157892     59488   7846324     99.25        32     61860   8411776     30.61   3362032   4168448       100       180
11:06:16 PM    155760     60332   7845480     99.24        32     67900   8411776     30.61   3374440   4163104       100       180
11:06:21 PM    154280     58852   7846960     99.26        32     67904   8411776     30.61   3378616   4159148       104       180
11:06:26 PM    132136     36760   7869052     99.54        32     67916   8411776     30.61   4066056   3490676        40       180
11:06:31 PM    131656     36404   7869408     99.54        32     68236   8411776     30.61   4066224   3490924        40       180
11:06:36 PM    126356     31172   7874640     99.61        32     68316   8411776     30.61   4073272   3484080        80       180
11:06:41 PM    126356     31172   7874640     99.61        32     68316   8411776     30.61   4073272   3484080       100       180
11:06:46 PM    167672     71580   7834232     99.09        32     66480   8411776     30.61   4084044   3471488       100       180
11:06:51 PM    177492     81220   7824592     98.97        32     66124   8411776     30.61   4082656   3456340       100       180
11:06:56 PM    159280     62908   7842904     99.20        32     65920   8411776     30.61   4077988   3452200       100       180
11:07:01 PM    179532     82988   7822824     98.95        32     65576   8411776     30.61   4069852   3438976        20       180
11:07:06 PM    177880     81468   7824344     98.97        32     65840   8411776     30.61   4068220   3432940        20       180
11:07:11 PM    171832     75376   7830436     99.05        32     65924   8411776     30.61   4071944   3431204        80       180
11:07:16 PM    171832     75460   7830352     99.05        32     65956   8411776     30.61   4072036   3431284       100       180
11:07:21 PM    171832     75460   7830352     99.05        32     65956   8411776     30.61   4072036   3431284       100       180
11:07:26 PM    171832     75476   7830336     99.05        32     65956   8411776     30.61   4072068   3431284       100       180
11:07:31 PM    162028     65672   7840140     99.17        32     65956   8411776     30.61   4096852   3431284       100       180
11:07:36 PM    162004     65648   7840164     99.17        32     65956   8411776     30.61   4096996   3431284        20       180
11:07:41 PM    157972     62732   7843080     99.21        32     68332   8411776     30.61   4098976   3431536        20       180
11:07:46 PM    157972     62844   7842968     99.21        32     68412   8411776     30.61   4099048   3431688        80       180
11:07:51 PM    157972     62844   7842968     99.21        32     68412   8411776     30.61   4099048   3431688       100       180
11:07:56 PM    153876     58748   7847064     99.26        32     68412   8411776     30.61   4101096   3431680       100       180
11:08:01 PM    153876     58748   7847064     99.26        32     68412   8411776     30.61   4101096   3431680       100       180
11:08:06 PM    153876     58748   7847064     99.26        32     68412   8411776     30.61   4103144   3431672       100       180
11:08:11 PM    153876     58748   7847064     99.26        32     68412   8411776     30.61   4103144   3431672        20       180
11:08:16 PM    153624     58620   7847192     99.26        32     68684   8411776     30.61   4103144   3431920        20       180
11:08:21 PM    153624     58620   7847192     99.26        32     68764   8411776     30.61   4103144   3431920        80       180
11:08:26 PM    153624     58672   7847140     99.26        32     68764   8411776     30.61   4103144   3432024       100       180
11:08:31 PM    153624     58672   7847140     99.26        32     68764   8411776     30.61   4103144   3432024       100       180
11:08:36 PM    153624     58700   7847112     99.26        32     68820   8411776     30.61   4103220   3432024       100       180
11:08:41 PM    153624     58700   7847112     99.26        32     68820   8411776     30.61   4103220   3432024       100       180
11:08:46 PM    153624     58700   7847112     99.26        32     68820   8411776     30.61   4103220   3432024        20       180
11:08:51 PM    153120     58320   7847492     99.26        32     69140   8411776     30.61   4103220   3432272        20       180
11:08:56 PM    152656     57932   7847880     99.27        32     69220   8411776     30.61   4103220   3432424        80       180
11:09:01 PM    152656     57932   7847880     99.27        32     69224   8411776     30.61   4103220   3432424       104       180
11:09:06 PM    152656     57960   7847852     99.27        32     69304   8411776     30.61   4103220   3432476       292       180
11:09:11 PM    152656     57960   7847852     99.27        32     69308   8411776     30.61   4103220   3432476       296       180
11:09:16 PM    152656     57976   7847836     99.27        32     69308   8411776     30.61   4103220   3432508       300       180
11:09:21 PM    152656     57976   7847836     99.27        32     69304   8411776     30.61   4103220   3432508       136       180
11:09:26 PM    151912     57476   7848336     99.27        32     69792   8411776     30.61   4103224   3432996       104       180
11:09:31 PM    151912     57476   7848336     99.27        32     69892   8411776     30.61   4103224   3432996       160       180
11:09:36 PM    109908    109908   7795904     98.61        32     35324   8411776     30.61   1103092   6418272       180       172
11:09:41 PM    154568     43024   7862788     99.46        32     35628   8411776     30.61   1932916   5619772       180       180
11:09:46 PM    154092     42548   7863264     99.46        32     35628   8411776     30.61   1932916   5619772       180       180
11:09:51 PM    154092     42548   7863264     99.46        32     35628   8411776     30.61   1932916   5619772       180       180
11:09:56 PM    153840     42416   7863396     99.46        32     35916   8411776     30.61   1932976   5620012        20       180
11:10:01 PM    153840     42416   7863396     99.46        32     35916   8411776     30.61   1932976   5620012        20       180
11:10:06 PM    153588     42220   7863592     99.47        32     36004   8411776     30.61   1933028   5620084        80       180
11:10:11 PM    153336     41972   7863840     99.47        32     36004   8411776     30.61   1933092   5620088       100       180
11:10:16 PM    152844     41484   7864328     99.48        32     36004   8411776     30.61   1933172   5620096       100       180
11:10:21 PM    152844     41484   7864328     99.48        32     36004   8411776     30.61   1933172   5620096       100       180
11:10:26 PM    129284     26552   7879260     99.66        32     53124   8411776     30.61   1950604   5620096       100       180
11:10:31 PM    115996     16608   7889204     99.79        32     59896   8411776     30.61   2092092   5500340       100       176
11:10:36 PM    113476     14816   7890996     99.81        32     61444   8411776     30.61   2095516   5500588        20       176
11:10:41 PM    113476     14884   7890928     99.81        32     61524   8411776     30.61   2095620   5500652        80       176
11:10:46 PM    113476     14884   7890928     99.81        32     61524   8411776     30.61   2095620   5500652       100       176
11:10:51 PM    198764    100192   7805620     98.73        32     61524   8411776     30.61   2916100   4584336       100       176
11:10:56 PM    198540     99968   7805844     98.74        32     61524   8411776     30.61   2916100   4584336       100       176
11:11:01 PM    200144    101572   7804240     98.72        32     61524   8411776     30.61   2919476   4580960       100       176
11:11:06 PM    200144    101572   7804240     98.72        32     61524   8411776     30.61   2919476   4580960        20       176
11:11:11 PM    205684    107284   7798528     98.64        32     61868   8411776     30.61   2927596   4573188        20       176
11:11:16 PM    203936    105584   7800228     98.66        32     62052   8411776     30.61   2930756   4570088        80       176
11:11:21 PM    201924    103576   7802236     98.69        32     62052   8411776     30.61   2942776   4558300       100       176
11:11:26 PM    201700    103352   7802460     98.69        32     62052   8411776     30.61   2942776   4558300       100       176
11:11:31 PM    201944    103596   7802216     98.69        32     62052   8411776     30.61   2951448   4549628       100       176
11:11:36 PM    143152     35432   7870380     99.55        32     43456   8411776     30.61    434328   7014572        80       180
11:11:41 PM    138832     31264   7874548     99.60        32     43616   8411776     30.61    436916   7012580       100       180
11:11:46 PM    138832     31324   7874488     99.60        32     43792   8411776     30.61    436916   7012704        20       180
11:11:51 PM    139528     32020   7873792     99.59        32     43792   8411776     30.61    444052   7005652        20       180
11:11:56 PM    139304     31824   7873988     99.60        32     43792   8411776     30.61    444032   7005684        20       180
11:12:01 PM    172216     64736   7841076     99.18        32     43792   8411776     30.61    491540   6899668        20       180
11:12:06 PM    170452     64584   7841228     99.18        32     47076   8411776     30.61    494704   6899632        20       180
11:12:11 PM    169724     63892   7841920     99.19        32     47156   8411776     30.61    494768   6899648        80       180
11:12:16 PM    168204     62404   7843408     99.21        32     47156   8411776     30.61    496876   6897628       100       180
11:12:21 PM    168204     62404   7843408     99.21        32     47156   8411776     30.61    496876   6897628       100       180
11:12:26 PM    162144     58352   7847460     99.26        32     51272   8411776     30.61    505388   6893136        20       180
11:12:31 PM    162144     58352   7847460     99.26        32     51276   8411776     30.61    505388   6893136        24       180
11:12:36 PM    159900     56720   7849092     99.28        32     52392   8411776     30.61    524720   6877920        24       180
11:12:41 PM    158136     55864   7849948     99.29        32     54300   8411776     30.61    526580   6877920        24       180
11:12:46 PM    157284     55056   7850756     99.30        32     54380   8411776     30.61    546224   6858424        80       180
11:12:51 PM    157284     55056   7850756     99.30        32     54380   8411776     30.61    546224   6858424       100       180
11:12:56 PM    155040     52856   7852956     99.33        32     54384   8411776     30.61    558824   6845916       104       180
11:13:01 PM    155040     52856   7852956     99.33        32     54384   8411776     30.61    558824   6845916       104       180
11:13:06 PM    155288     53104   7852708     99.33        32     54384   8411776     30.61    561296   6843444       104       180
11:13:11 PM    155036     52852   7852960     99.33        32     54384   8411776     30.61    561296   6843444       104       180
11:13:16 PM    154528     52468   7853344     99.34        32     54704   8411776     30.61    567840   6837148        24       180
11:13:21 PM    154276     52216   7853596     99.34        32     54784   8411776     30.61    567840   6837148        80       180
11:13:26 PM    152652     50668   7855144     99.36        32     54784   8411776     30.61    581984   6823156       100       180
11:13:31 PM    152652     50668   7855144     99.36        32     54784   8411776     30.61    581984   6823156       100       180
11:13:36 PM    152652     50668   7855144     99.36        32     54784   8411776     30.61    596488   6808652       100       180
11:13:41 PM    152652     50668   7855144     99.36        32     54784   8411776     30.61    596488   6808652       100       180
11:13:46 PM    150600     48616   7857196     99.39        32     54784   8411776     30.61    607052   6798088        20       180
11:13:51 PM    149844     47984   7857828     99.39        32     55064   8411776     30.61    607052   6798336        28       180
11:13:56 PM    142836     44960   7860852     99.43        32     63000   8411776     30.61    627520   6786160        80       180
11:14:01 PM    139308     42548   7863264     99.46        32     65308   8411776     30.61    629848   6786160       100       180
11:14:06 PM    137000     41948   7863864     99.47        32     68648   8411776     30.61    642172   6777732       288       180
11:14:11 PM    137000     41948   7863864     99.47        32     68656   8411776     30.61    642212   6777732       296       180
11:14:16 PM    136748     41696   7864116     99.47        32     68656   8411776     30.61    642276   6777736       296       180
11:14:21 PM    136748     41696   7864116     99.47        32     68652   8411776     30.61    642312   6777736       132       180
11:14:26 PM    136496     41676   7864136     99.47        32     69116   8411776     30.61    642356   6778200       212       180
11:14:31 PM    126132     21768   7884044     99.72        32     50128   8411776     30.61   3969096   3489300       268       176
11:14:36 PM    164860     63032   7842780     99.20        32     55136   8411776     30.61   3983288   3416768       180       176
11:14:41 PM    160180     59532   7846280     99.25        32     57568   8411776     30.61   3986016   3416768       180       176
11:14:46 PM    156004     55392   7850420     99.30        32     57568   8411776     30.61   3986492   3416368       180       176
11:14:51 PM    156004     55392   7850420     99.30        32     57568   8411776     30.61   3986492   3416368       180       176
11:14:56 PM    147812     47312   7858500     99.40        32     57792   8411776     30.61   3986928   3416156        20       176
11:15:01 PM    147812     47312   7858500     99.40        32     57792   8411776     30.61   3986928   3416156        20       176
11:15:06 PM    145256     44796   7861016     99.43        32     57872   8411776     30.61   3987328   3415836        80       176
11:15:11 PM    145256     44796   7861016     99.43        32     57872   8411776     30.61   3987328   3415836       100       176
11:15:16 PM    132968     32508   7873304     99.59        32     57872   8411776     30.61   3990348   3412816       100       176
11:15:21 PM    132968     32508   7873304     99.59        32     57872   8411776     30.61   3990348   3412816       100       176
11:15:26 PM    134664     35668   7870144     99.55        32     60968   8411776     30.61   3998108   3408172       100       176
11:15:31 PM    134588     35680   7870132     99.55        32     61048   8411776     30.61   3998212   3408060       100       176
11:15:36 PM    131660     32876   7872936     99.58        32     61388   8411776     30.61   3998852   3407788        24       176
11:15:41 PM    163764     64596   7841216     99.18        32     60516   8411776     30.61   4080712   3286892        80       176
11:15:46 PM    163540     64372   7841440     99.19        32     60516   8411776     30.61   4080712   3286892       100       176
11:15:51 PM    161372     62236   7843576     99.21        32     60516   8411776     30.61   4082380   3285404       100       176
11:15:56 PM    161372     62236   7843576     99.21        32     60516   8411776     30.61   4082380   3285404       100       176
11:16:01 PM    161372     62236   7843576     99.21        32     60516   8411776     30.61   4082700   3285084       100       176
11:16:06 PM    161372     62236   7843576     99.21        32     60516   8411776     30.61   4082700   3285084        20       176
11:16:11 PM    163636     64624   7841188     99.18        32     60788   8411776     30.61   4084612   3283420        20       176
11:16:16 PM    160376     62996   7842816     99.20        32     64040   8411776     30.61   4090352   3283592        80       176
11:16:21 PM    166232     68856   7836956     99.13        32     64040   8411776     30.61   4094088   3280136       100       176
11:16:26 PM    166232     68856   7836956     99.13        32     64040   8411776     30.61   4094092   3280136       100       176
11:16:31 PM    166228     68852   7836960     99.13        32     64040   8411776     30.61   4110108   3264120       100       176
11:16:36 PM    165976     68600   7837212     99.13        32     64040   8411776     30.61   4110156   3264120       100       176
11:16:41 PM    166216     68840   7836972     99.13        32     64040   8411776     30.61   4119816   3254460        20       176
11:16:46 PM    190472     90840   7814972     98.85        32     59580   8658820     31.51   4755804   2501904        24       168
11:16:51 PM    188016     88456   7817356     98.88        32     59660   8658820     31.51   4765388   2492464        80       168
11:16:56 PM    420628    321068   7584744     95.94        32     59660   8411776     30.61   4518344   2492464       100       168
11:17:01 PM    420800    321240   7584572     95.94        32     59660   8411776     30.61   4527852   2482956       100       168
11:17:06 PM    420800    321240   7584572     95.94        32     59660   8411776     30.61   4527852   2482956       100       168
11:17:11 PM    420784    321224   7584588     95.94        32     59660   8411776     30.61   4538392   2472416       100       168
11:17:16 PM    420532    320972   7584840     95.94        32     59660   8411776     30.61   4538392   2472416        20       168
11:17:21 PM    419804    320368   7585444     95.95        32     59932   8411776     30.61   4550216   2460840        20       168
11:17:26 PM    419552    320128   7585684     95.95        32     60012   8411776     30.61   4550224   2460864        80       168
11:17:31 PM    421036    321656   7584156     95.93        32     60020   8411776     30.61   4557592   2453584       108       168
11:17:36 PM    421036    321656   7584156     95.93        32     60020   8411776     30.61   4557592   2453584       108       168
11:17:41 PM    141364     24572   7881240     99.69        32     25180   8411776     30.61   1626360   5836188       108       136
11:17:46 PM    132976     18288   7887524     99.77        32     29512   8411776     30.61   1631116   5836188       108       144
11:17:51 PM    129196     16240   7889572     99.79        32     33004   8411776     30.61   1634588   5836188        28       144
11:17:56 PM    127860     15160   7890652     99.81        32     33360   8411776     30.61   1635520   5836572        28       148
11:18:01 PM    119656      6956   7898856     99.91        32     33476   8411776     30.61   2139000   5333888        80       168
11:18:06 PM    119656      6956   7898856     99.91        32     33476   8411776     30.61   2139000   5333888       100       168
11:18:11 PM    139060     30736   7875076     99.61        32     42228   8411776     30.61   2406792   5026884       100       168
11:18:16 PM    139060     32716   7873096     99.59        32     46256   8411776     30.61   2410816   5026884       100       168
11:18:21 PM    138808     32464   7873348     99.59        32     46256   8411776     30.61   2410980   5026884       100       168
11:18:26 PM    138808     32496   7873316     99.59        32     46256   8411776     30.61   2411100   5026884        20       168
11:18:31 PM     94512     94512   7811300     98.80        32     53096   8411776     30.61   4332020   3156924        20       172
11:18:36 PM    116632     12628   7893184     99.84        32     50772   8411776     30.61   2294656   5293388        80       168
11:18:41 PM    195804     91432   7814380     98.84        32     50048   8411776     30.61   2309468   5193776       100       168
11:18:46 PM    191404     87032   7818780     98.90        32     50048   8411776     30.61   2321760   5181488       100       168
11:18:51 PM    191404     87032   7818780     98.90        32     50048   8411776     30.61   2321760   5181488       100       168
11:18:56 PM    180120     77624   7828188     99.02        32     53792   8411776     30.61   2339180   5168320       100       168
11:19:01 PM    180120     78740   7827072     99.00        32     56100   8411776     30.61   2341516   5168320        20       168
11:19:06 PM    164524     65248   7840564     99.17        32     60516   8411776     30.61   2363972   5150632       180       168
11:19:11 PM    164524     65412   7840400     99.17        32     60636   8411776     30.61   2364160   5150788       268       168
11:19:16 PM    175540     76468   7829344     99.03        32     60640   8411776     30.61   2381912   5133132       292       168
11:19:21 PM    175540     76468   7829344     99.03        32     60640   8411776     30.61   2381912   5133132       292       168
11:19:26 PM    193716     94640   7811172     98.80        32     60632   8411776     30.61   2403904   5110732       292       168
11:19:31 PM    193212     94136   7811676     98.81        32     60636   8411776     30.61   2403904   5110732       296       168
11:19:36 PM    190916     91924   7813888     98.84        32     60812   8411776     30.61   2434344   5080460        28       168
11:19:41 PM    184112     86732   7819080     98.90        32     64132   8411776     30.61   2437568   5080460        28       168
11:19:46 PM    121184     21560   7884252     99.73        32     59536   8411776     30.61   3497224   4082484        80       168
11:19:51 PM    120960     21336   7884476     99.73        32     59544   8411776     30.61   3497224   4082484       100       176
11:19:56 PM    118464     18840   7886972     99.76        32     59544   8411776     30.61   3514656   4065096       100       176
11:20:01 PM    117960     18336   7887476     99.77        32     59544   8411776     30.61   3514656   4065096       100       176
11:20:06 PM    118648     19148   7886664     99.76        32     59816   8411776     30.61   3528888   4051112        20       176
11:20:11 PM    113936     14436   7891376     99.82        32     59816   8411776     30.61   3528888   4051112        20       176
11:20:16 PM    113992     14452   7891360     99.82        32     59724   8411776     30.61   3558384   4020316        20       176
11:20:21 PM    113516     13976   7891836     99.82        32     59804   8411776     30.61   3558384   4020316        80       176
11:20:26 PM    124832     27556   7878256     99.65        32     64452   8411776     30.61   3598576   3984540       100       176
11:20:31 PM    116308     19088   7886724     99.76        32     64520   8411776     30.61   3598696   3984540       100       176
11:20:36 PM    125724     28668   7877144     99.64        32     64676   8411776     30.61   3632688   3950760       100       176
11:20:41 PM    117184     20128   7885684     99.75        32     64676   8411776     30.61   3632688   3950760       100       176
11:20:46 PM    125404     28332   7877480     99.64        32     64648   8411776     30.61   3648780   3934508       100       176
11:20:51 PM    116612     19664   7886148     99.75        32     64904   8411776     30.61   3648780   3934756        20       176
11:20:56 PM    123232     26296   7879516     99.67        32     64916   8411776     30.61   3674052   3909320        80       176
11:21:01 PM    123040     26104   7879708     99.67        32     64916   8411776     30.61   3674052   3909320       100       176
11:21:06 PM    120952     24016   7881796     99.70        32     64916   8411776     30.61   3680800   3902784       100       176
11:21:11 PM    112888     15952   7889860     99.80        32     64916   8411776     30.61   3680736   3902636       100       176
11:21:16 PM    122712     27580   7878232     99.65        32     69044   8411776     30.61   3761216   3810084       108       176
11:21:21 PM    122420     27600   7878212     99.65        32     69340   8411776     30.61   3761764   3809888        28       176
11:21:26 PM    122168     27528   7878284     99.65        32     69660   8411776     30.61   3761856   3810168        28       176
11:21:31 PM    125392     30812   7875000     99.61        32     69748   8411776     30.61   3772676   3799516        80       176
11:21:36 PM    125392     30812   7875000     99.61        32     69748   8411776     30.61   3772676   3799516       100       176
11:21:41 PM    119276     24748   7881064     99.69        32     69752   8411776     30.61   3777272   3795024       104       176
11:21:46 PM    119276     24748   7881064     99.69        32     69752   8411776     30.61   3777272   3795024       104       176
11:21:51 PM    122352     27824   7877988     99.65        32     69752   8411776     30.61   3780936   3791856       104       176
11:21:56 PM    122352     27824   7877988     99.65        32     69756   8411776     30.61   3780940   3791856        28       176
11:22:01 PM    121244     26836   7878976     99.66        32     70028   8411776     30.61   3784080   3788960        28       176
11:22:06 PM    120488     26080   7879732     99.67        32     70108   8411776     30.61   3784080   3788960        80       176
11:22:11 PM    120544     26196   7879616     99.67        32     70108   8411776     30.61   3789256   3783904       100       176
11:22:16 PM    120544     26196   7879616     99.67        32     70108   8411776     30.61   3789256   3783904       100       176
11:22:21 PM    120424     26076   7879736     99.67        32     70108   8411776     30.61   3793096   3780064       100       176
11:22:26 PM    120424     26076   7879736     99.67        32     70108   8411776     30.61   3793096   3780064       100       176
11:22:31 PM    118244     23888   7881924     99.70        32     70108   8411776     30.61   3802540   3770608        20       176
11:22:36 PM    117384     23152   7882660     99.71        32     70428   8411776     30.61   3803448   3770856        20       176
11:22:41 PM    117464     23316   7882496     99.71        32     70512   8411776     30.61   3808732   3765888        80       176
11:22:46 PM    117212     23064   7882748     99.71        32     70512   8411776     30.61   3808732   3765888       100       176
11:22:51 PM    117304     23184   7882628     99.71        32     70560   8411776     30.61   3814836   3759840       100       176
11:22:56 PM    117304     23184   7882628     99.71        32     70560   8411776     30.61   3814836   3759840       100       176
11:23:01 PM    117324     23204   7882608     99.71        32     70560   8411776     30.61   3819404   3755272       100       176
11:23:06 PM    117304     23176   7882636     99.71        32     70560   8411776     30.61   3819404   3755260        20       176
11:23:11 PM    116992     23032   7882780     99.71        32     70880   8411776     30.61   3824428   3750572        20       176
11:23:16 PM    116740     22780   7883032     99.71        32     70960   8411776     30.61   3824428   3750572        80       176
11:23:21 PM    116316     22396   7883416     99.72        32     70960   8411776     30.61   3833452   3741628       100       176
11:23:26 PM    116316     22396   7883416     99.72        32     70960   8411776     30.61   3833452   3741628       100       176
11:23:31 PM    118916     24996   7880816     99.68        32     70960   8411776     30.61   3841024   3734056       100       176
11:23:36 PM    122684     28756   7877056     99.64        32     70960   8411776     30.61   3842856   3732212       100       176
11:23:41 PM    133496     39532   7866280     99.50        32     70884   8411776     30.61   3892516   3676744        20       176
11:23:46 PM    132596     38756   7867056     99.51        32     71204   8411776     30.61   3892516   3676992        20       176
11:23:51 PM    146340     52572   7853240     99.34        32     71268   8411776     30.61   3893072   3673328        80       176
11:23:56 PM    145944     52176   7853636     99.34        32     71268   8411776     30.61   3893072   3673328       100       176
11:24:01 PM    145360     51780   7854032     99.35        32     71724   8411776     30.61   3893444   3673328       100       176
11:24:06 PM    144868     51360   7854452     99.35        32     71868   8411776     30.61   3893532   3673392       180       176
11:24:11 PM    144616     51132   7854680     99.35        32     71904   8411776     30.61   3893536   3673440       288       176
11:24:16 PM    144364     50880   7854932     99.36        32     71952   8411776     30.61   3893536   3673440       176       176
11:24:21 PM    144112     50768   7855044     99.36        32     72236   8411776     30.61   3893536   3673720       124       176
11:24:26 PM    143860     50596   7855216     99.36        32     72396   8411776     30.61   3893540   3673876       264       176
11:24:31 PM    143860     50596   7855216     99.36        32     72400   8411776     30.61   3893540   3673876       288       176
11:24:36 PM    143860     50596   7855216     99.36        32     72400   8411776     30.61   3893540   3673876       184       176
11:24:41 PM    143860     50596   7855216     99.36        32     72404   8411776     30.61   3893540   3673876       188       176
11:24:46 PM    143860     50596   7855216     99.36        32     72404   8411776     30.61   3893540   3673876       188       176
11:24:51 PM    147360     54096   7851716     99.32        32     72404   8411776     30.61   3893540   3671984        28       176
11:24:56 PM    145260     52216   7853596     99.34        32     72772   8411776     30.61   3893540   3672272        36       176
11:25:01 PM    145260     52236   7853576     99.34        32     72852   8411776     30.61   3893540   3672308        80       176
11:25:06 PM    148276     55296   7850516     99.30        32     72844   8411776     30.61   3893556   3670352       100       176
11:25:11 PM    148052     55072   7850740     99.30        32     72844   8411776     30.61   3893556   3670352       100       176
11:25:16 PM    147800     54820   7850992     99.31        32     72844   8411776     30.61   3893556   3670352       100       176
11:25:21 PM    147800     54820   7850992     99.31        32     72844   8411776     30.61   3893556   3670352       100       176
11:25:26 PM    147548     54568   7851244     99.31        32     72844   8411776     30.61   3893556   3670352        20       176
11:25:31 PM    147104     54248   7851564     99.31        32     73116   8411776     30.61   3893556   3670600        20       176
11:25:36 PM    146820     53964   7851848     99.32        32     73196   8411776     30.61   3893556   3670600        80       176
11:25:41 PM    146820     53964   7851848     99.32        32     73196   8411776     30.61   3893556   3670600       100       176
11:25:46 PM    146820     53964   7851848     99.32        32     73196   8411776     30.61   3893556   3670600       100       176
11:25:51 PM    146820     53964   7851848     99.32        32     73196   8411776     30.61   3893556   3670600       100       176
11:25:56 PM    146820     53964   7851848     99.32        32     73196   8411776     30.61   3893556   3670600       100       176
11:26:01 PM    134532     41580   7864232     99.47        32     73004   8411776     30.61   4019400   3555292        20       176
11:26:06 PM    123152      6508   7899304     99.92        32     25664   8411776     30.61    902204   6680800        24       160
11:26:11 PM    124504     23748   7882064     99.70        32     57344   8411776     30.61    961680   6613816        80       168
11:26:16 PM    122268     21544   7884268     99.73        32     57352   8411776     30.61    963900   6611768       100       176
11:26:21 PM    209368    110328   7795484     98.60        32     60728   8411776     30.61    979920   6513184       100       176
11:26:26 PM    207732    108696   7797116     98.63        32     60728   8411776     30.61    986304   6507040       100       176
11:26:31 PM    207732    108696   7797116     98.63        32     60728   8411776     30.61    986304   6507040       100       176
11:26:36 PM    204332    105412   7800400     98.67        32     60964   8411776     30.61    995496   6500896        20       176
11:26:41 PM    100336    100336   7805476     98.73        28     30240   8658820     31.51   1037440   6034704        20       164
11:26:46 PM     84476     84476   7821336     98.93        28     25552   8658820     31.51   1643152   4264692        80       152
11:26:51 PM    237732    132024   7773788     98.33        28     47352   8658708     31.51   1285284   2552100      1088       136
11:26:56 PM    133584     26192   7879620     99.67        28     44032   8658708     31.51   1129548   2759232       148       144
11:27:01 PM    132868     22988   7882824     99.71        28     39016   8658708     31.51   2992548    934372       148       144
11:27:06 PM    419328    306512   7599300     96.12        16     33328   8411664     30.61   2746968    931656       152       144
11:27:11 PM    403364    294272   7611540     96.28        16     40732   8411664     30.61   2754508    931632        24       156
11:27:16 PM    403112    294200   7611612     96.28        28     41164   8411664     30.61   2754516    931996        24       156
11:27:21 PM    405368    299944   7605868     96.21        28     48012   8411664     30.61   2761680    932104        80       156
11:27:26 PM    122616        60   7905752    100.00        12     13732   8411664     30.61   1092252   2894916        80       140
11:27:31 PM    165460     43832   7861980     99.45        12     15584   8411664     30.61   1138392   2806096         0       148
11:27:36 PM    164420     43544   7862268     99.45        12     17204   8411664     30.61   1139968   2806132        20       148
11:27:41 PM    163664     43112   7862700     99.45        12     17900   8411664     30.61   1140632   2806136        20       148
11:27:46 PM    163664     43112   7862700     99.45        12     17904   8411664     30.61   1140632   2806136        24       148
11:27:51 PM    155096     36776   7869036     99.53        24     22348   8411664     30.61   1144720   2806512        24       148
11:27:56 PM    155096     36824   7868988     99.53        24     22348   8411664     30.61   1144848   2806512        24       148
11:28:01 PM    151064     34912   7870900     99.56        24     26480   8411664     30.61   1149092   2806532        24       148
11:28:06 PM    150812     34660   7871152     99.56        24     26560   8411664     30.61   1149096   2806532        80       148
11:28:11 PM    139724     26580   7879232     99.66        24     32592   8411664     30.61   1155164   2806612       100       148
11:28:16 PM    125408     16204   7889608     99.80        24     40380   8411664     30.61   1701848   2806644       100       152
11:28:21 PM    186004     76844   7828968     99.03        24     40468   8411664     30.61   2814784   2626776        20       152
11:28:26 PM    174288     65128   7840684     99.18        24     40468   8411664     30.61   3123728   2626776        20       152
11:28:31 PM    170348     62300   7843512     99.21        24     42816   8411664     30.61   3125944   2626812        20       152
11:28:36 PM    160456     54808   7851004     99.31        24     47656   8411664     30.61   3134420   2627032        20       160
11:28:41 PM    159712     54192   7851620     99.31        24     47760   8411664     30.61   3134636   2627220        80       160
11:28:46 PM    159712     54192   7851620     99.31        24     47760   8411664     30.61   3134636   2627220       100       160
11:28:51 PM    159712     54192   7851620     99.31        24     47760   8411664     30.61   3134636   2627220       100       160
11:28:56 PM    152684     50712   7855100     99.36        24     54960   8411664     30.61   3142448   2627288       100       160
11:29:01 PM    152684     51216   7854596     99.35        24     55928   8411664     30.61   3143676   2627308       100       160
11:29:06 PM    144620     48128   7857684     99.39        24     65908   8411820     30.61   3154224   2627436       208       164
11:29:11 PM    144620     48540   7857272     99.39        24     66732   8411820     30.61   3154732   2627840        72       164
11:29:16 PM    144620     48584   7857228     99.39        24     66876   8411820     30.61   3154820   2627916       268       164
11:29:21 PM    144620     48656   7857156     99.38        24     66872   8411820     30.61   3154820   2628060       284       164
11:29:26 PM    144620     48656   7857156     99.38        24     66872   8411820     30.61   3154824   2628060       284       164
11:29:31 PM    144620     48656   7857156     99.38        24     66872   8411820     30.61   3154828   2628060       284       164
11:29:36 PM    144620     48656   7857156     99.38        24     66872   8411820     30.61   3154828   2628060        20       164
11:29:41 PM    141596     47672   7858140     99.40        24     71056   8411820     30.61   3158980   2628312        24       164
11:29:46 PM    141596     47672   7858140     99.40        24     71056   8411820     30.61   3158980   2628312        24       164
11:29:51 PM    141596     47764   7858048     99.40        24     71136   8411820     30.61   3158980   2628496        80       164
11:29:56 PM    141596     47764   7858048     99.40        24     71136   8411820     30.61   3158988   2628496       100       164
11:30:01 PM    141596     47764   7858048     99.40        24     71136   8411820     30.61   3158988   2628496       100       164
11:30:06 PM    141596     47764   7858048     99.40        24     71136   8411820     30.61   3158988   2628496       100       164
11:30:11 PM    141596     47764   7858048     99.40        24     71136   8411820     30.61   3158988   2628496       100       164
11:30:16 PM    141596     47764   7858048     99.40        24     71136   8411820     30.61   3158988   2628496        20       164
11:30:21 PM    141596     47888   7857924     99.39        24     71392   8411820     30.61   3158988   2628744        20       164
11:30:26 PM    140840     47564   7858248     99.40        24     72256   8411820     30.61   3159836   2628832        80       164
11:30:31 PM    140616     47360   7858452     99.40        24     72292   8411820     30.61   3159904   2628864       100       164
11:30:36 PM    140616     47360   7858452     99.40        24     72292   8411820     30.61   3159992   2628868       100       164
11:30:41 PM    140616     47360   7858452     99.40        24     72292   8411820     30.61   3159992   2628868       100       164
11:30:46 PM    140616     47360   7858452     99.40        24     72292   8411820     30.61   3160000   2628868       100       164
11:30:51 PM    140616     47360   7858452     99.40        24     72296   8411820     30.61   3160000   2628868        24       164
11:30:56 PM    140140     47012   7858800     99.41        24     72600   8411820     30.61   3160000   2629120        24       164
11:31:01 PM    140140     47012   7858800     99.41        24     72680   8411820     30.61   3160000   2629120        80       164
11:31:06 PM    128864     35804   7870008     99.55        24     72680   8411820     30.61   3196104   2598248       100       164
11:31:11 PM    129456     30060   7875752     99.62        24     60012   8411820     30.61   1129256   4389740       100       164
11:31:16 PM    123152     23756   7882056     99.70        24     60012   8411820     30.61   1145076   4373944       100       164
11:31:21 PM    110092     15068   7890744     99.81        24     68824   8411820     30.61   1156896   4373760       100       164
11:31:26 PM    114376     19384   7886428     99.75        24     68816   8411820     30.61   1165384   4364832        20       164
11:31:31 PM    146476     52380   7853432     99.34        24     70620   8411820     30.61   1217672   4279768        20       164
11:31:36 PM    145436     51020   7854792     99.35        24     69972   8411820     30.61   1335116   4186308        80       164
11:31:41 PM    157528     62784   7843028     99.21        24     69316   8411820     30.61   1499444   4099512       100       164
11:31:46 PM    145744     51000   7854812     99.35        24     69316   8411820     30.61   1516532   4082424       100       164
11:31:51 PM    145744     51000   7854812     99.35        24     69316   8411820     30.61   1516532   4082424       100       164
11:31:56 PM    144752     50008   7855804     99.37        24     69316   8411820     30.61   1524484   4074480       100       164
11:32:01 PM    144752     50032   7855780     99.37        24     69364   8411820     30.61   1524584   4074480        20       164
11:32:06 PM    166632     72048   7833764     99.09        24     69636   8411820     30.61   1534744   4062004        20       164
11:32:11 PM    166156     71572   7834240     99.09        24     69716   8411820     30.61   1534744   4062004        80       164
11:32:16 PM    170936     76392   7829420     99.03        24     69712   8411820     30.61   1535640   4060540       104       164
11:32:21 PM    169452     74908   7830904     99.05        24     69720   8411820     30.61   1535640   4060540       112       164
11:32:26 PM    169200     74656   7831156     99.06        24     69720   8411820     30.61   1535676   4060540       112       164
11:32:31 PM    169200     74656   7831156     99.06        24     69720   8411820     30.61   1535676   4060540       112       164
11:32:36 PM    195440     96716   7809096     98.78        24     61380   8411820     30.61   2461164   3107148        36       164
11:32:41 PM    194380     95860   7809952     98.79        24     61792   8411820     30.61   2461528   3107380        36       164
11:32:46 PM    194380     95860   7809952     98.79        24     61872   8411820     30.61   2461528   3107380        80       164
11:32:51 PM    121228     22680   7883132     99.71        24     61792   8411820     30.61   3938892   1698508       100       164
11:32:56 PM    113668     17160   7888652     99.78        24     65788   8411820     30.61   3942908   1698604       100       164
11:33:01 PM    151996     55488   7850324     99.30        24     65788   8411820     30.61   3980688   1617788       100       164
11:33:06 PM    157896     61380   7844432     99.22        24     65772   8411820     30.61   3980820   1617688       100       164
11:33:11 PM    157896     61380   7844432     99.22        24     65772   8411820     30.61   3980828   1617688        20       164
11:33:16 PM    157644     61252   7844560     99.23        24     66076   8411820     30.61   3980828   1617936        20       164
11:33:21 PM    157644     61748   7844064     99.22        24     67096   8411820     30.61   3981740   1618016        80       164
11:33:26 PM    157644     61792   7844020     99.22        24     67096   8411820     30.61   3981772   1618072       100       164
11:33:31 PM    157644     61792   7844020     99.22        24     67096   8411820     30.61   3981772   1618072       100       164
11:33:36 PM    157644     61792   7844020     99.22        24     67096   8411820     30.61   3981772   1618072       100       164
11:33:41 PM    157644     61792   7844020     99.22        24     67096   8411820     30.61   3981772   1618072       100       164
11:33:46 PM    157644     61792   7844020     99.22        24     67096   8411820     30.61   3981772   1618072        20       164
11:33:51 PM    156648     60920   7844892     99.23        24     67356   8411820     30.61   3981772   1618320        24       164
11:33:56 PM    154884     60244   7845568     99.24        24     69612   8411820     30.61   3984384   1618348        80       164
11:34:01 PM    152868     59452   7846360     99.25        24     71980   8411820     30.61   3986804   1618412       100       164
11:34:06 PM    152720     59304   7846508     99.25        24     72032   8411820     30.61   3987192   1618412       260       164
11:34:11 PM    139408     46056   7859756     99.42        24     72180   8411820     30.61   4368564   1618492       288       168
11:34:16 PM    127344     34040   7871772     99.57        24     72360   8411820     30.61   2952960   4220548       236       168
11:34:21 PM    231356    137308   7768504     98.26        24     70712   8411820     30.61   3545536   3912180       284       168
11:34:26 PM    227448    134156   7771656     98.30        24     72240   8411820     30.61   3547648   3912628       204       168
11:34:31 PM    227324    134040   7771772     98.30        24     72248   8411820     30.61   3547664   3912628       204       176
11:34:36 PM    128288     32840   7872972     99.58        24     67920   8411820     30.61   3943364   3619940       204       176
11:34:41 PM    117732     23240   7882572     99.71        24     69832   8411820     30.61   3945308   3619992       204       176
11:34:46 PM    123652     29160   7876652     99.63        24     69832   8411820     30.61   3945308   3619992       204       176
11:34:51 PM    124828     30340   7875472     99.62        24     69920   8411820     30.61   3945340   3620000       160       176
11:34:56 PM    124828     30404   7875408     99.62        24     70096   8411820     30.61   3945340   3620124        20       176
11:35:01 PM    117268     26452   7879360     99.67        24     77200   8411820     30.61   3952724   3620256        20       176
11:35:06 PM    117268     26452   7879360     99.67        24     77200   8411820     30.61   3952724   3620256        20       176
11:35:11 PM    109492     18684   7887128     99.76        24     77200   8411820     30.61   3958932   3620256        20       176
11:35:16 PM    173548     63112   7842700     99.20        24     37956   8411820     30.61   5552552   1973272        20       176
11:35:21 PM    145804     36180   7869632     99.54        24     39580   8411820     30.61   5555872   1971600        20       176
11:35:26 PM    147792     48716   7857096     99.38        24     60940   8411820     30.61   5577080   1971600        80       176
11:35:31 PM    197484     93040   7812772     98.82        12     49940   8411820     30.61   3429276   4062616       100       176
11:35:36 PM    197484     93288   7812524     98.82        12     50512   8411820     30.61   3429772   4062632       100       176
11:35:41 PM    205596    101440   7804372     98.72        12     50512   8411820     30.61   3452664   4039820       100       176
11:35:46 PM    204588    100616   7805196     98.73        24     50944   8411820     30.61   3452796   4040068        20       176
11:35:51 PM    206640    102704   7803108     98.70        24     50944   8411820     30.61   3477424   4015516        20       176
11:35:56 PM    206640    102704   7803108     98.70        24     50944   8411820     30.61   3477424   4015516        20       176
11:36:01 PM    200400     96504   7809308     98.78        24     51024   8411820     30.61   3501936   3991084        80       176
11:36:06 PM    200148     96252   7809560     98.78        24     51032   8411820     30.61   3501936   3991084       108       176
11:36:11 PM    203024     99132   7806680     98.75        24     51032   8411820     30.61   3528412   3964616       108       176
11:36:16 PM    202772     98880   7806932     98.75        24     51032   8411820     30.61   3528412   3964616       108       176
11:36:21 PM    187364     90436   7815376     98.86        24     65024   8411820     30.61   3562632   3947008       108       176
11:36:26 PM    187364     90436   7815376     98.86        24     65024   8411820     30.61   3562632   3947008       108       176
11:36:31 PM    186768     90016   7815796     98.86        24     65312   8411820     30.61   3575092   3935016        28       176
11:36:36 PM    184752     88032   7817780     98.89        24     65408   8411820     30.61   3576944   3935080        80       176
11:36:41 PM    152748     56028   7849784     99.29        24     65408   8411820     30.61   3603760   3935080       100       176
11:36:46 PM    152748     56044   7849768     99.29        24     65408   8411820     30.61   3603764   3935112       100       176
11:36:51 PM    152524     55820   7849992     99.29        24     65408   8411820     30.61   3603768   3935112       100       176
11:36:56 PM    153928     57216   7848596     99.28        24     65412   8411820     30.61   3608464   3930400       104       176
11:37:01 PM    153928     57228   7848584     99.28        24     65412   8411820     30.61   3608464   3930420        24       176
11:37:06 PM    153928     57352   7848460     99.27        24     65668   8411820     30.61   3608464   3930668        24       176
11:37:11 PM    153928     57396   7848416     99.27        24     65748   8411820     30.61   3608464   3930756        80       176
11:37:16 PM    153928     57396   7848416     99.27        24     65748   8411820     30.61   3608464   3930756       100       176
11:37:21 PM    153928     57396   7848416     99.27        24     65748   8411820     30.61   3608464   3930756       100       176
11:37:26 PM    153888     57356   7848456     99.27        24     65752   8411820     30.61   3608464   3930756       104       176
11:37:31 PM    153888     57356   7848456     99.27        24     65752   8411820     30.61   3608464   3930756       104       176
11:37:36 PM    152124     56152   7849660     99.29        24     66912   8411820     30.61   3609580   3930760        24       176
11:37:41 PM    152124     56276   7849536     99.29        24     67216   8411820     30.61   3609580   3931008        24       176
11:37:46 PM    152124     56324   7849488     99.29        24     67296   8411820     30.61   3609624   3931064        80       176
11:37:51 PM    152124     56324   7849488     99.29        24     67296   8411820     30.61   3609624   3931064       100       176
11:37:56 PM    152124     56364   7849448     99.29        24     67296   8411820     30.61   3609624   3931144       100       176
11:38:01 PM    152092     56332   7849480     99.29        24     67296   8411820     30.61   3609624   3931144       100       176
11:38:06 PM    144532     47336   7858476     99.40        24     64200   8658864     31.51   4431972   3108764       100       176
11:38:11 PM    144620     47364   7858448     99.40        24     64304   8658864     31.51   4432316   3108620        20       176
11:38:16 PM    144620     47488   7858324     99.40        24     64560   8658864     31.51   4432436   3108868        20       176
11:38:21 PM    391688    294560   7611252     96.27        24     64640   8411820     30.61   4185392   3108876        80       176
11:38:26 PM    392780    295692   7610120     96.26        24     64640   8411820     30.61   4185392   3108956       100       176
11:38:31 PM    392700    295612   7610200     96.26        24     64640   8411820     30.61   4185392   3108956       100       176
11:38:36 PM    392700    295612   7610200     96.26        24     64640   8411820     30.61   4185488   3108956       100       176
11:38:41 PM    392700    295612   7610200     96.26        24     64640   8411820     30.61   4185660   3108956       100       176
11:38:46 PM    392700    295612   7610200     96.26        24     64640   8411820     30.61   4185772   3108956        20       176
11:38:51 PM    392448    295484   7610328     96.26        24     64944   8411820     30.61   4185772   3109204        20       176
11:38:56 PM    384652    289280   7616532     96.34        24     68072   8411820     30.61   4188848   3109360        80       176
11:39:01 PM    384400    289028   7616784     96.34        24     68072   8411820     30.61   4188884   3109360       100       176
11:39:06 PM    380376    288484   7617328     96.35        24     75108   8411820     30.61   4196196   3109436       260       176
11:39:11 PM    380144    288340   7617472     96.35        24     75212   8411820     30.61   4196336   3109532       292       176
11:39:16 PM    380144    288368   7617444     96.35        24     75296   8411820     30.61   4196360   3109584       188       176
11:39:21 PM    380144    288368   7617444     96.35        24     75292   8411820     30.61   4196360   3109584        24       176
11:39:26 PM    380144    288612   7617200     96.35        24     75788   8411820     30.61   4196400   3110072       208       176
11:39:31 PM    379892    288360   7617452     96.35        24     75868   8411820     30.61   4196400   3110072       264       176
11:39:36 PM    379892    288420   7617392     96.35        24     75868   8411820     30.61   4196400   3110192       180       176
11:39:41 PM    379892    288480   7617332     96.35        24     76120   8411820     30.61   4196528   3110192       180       176
11:39:46 PM    379892    288544   7617268     96.35        24     76120   8411820     30.61   4196656   3110192       180       176
11:39:51 PM    379892    288544   7617268     96.35        24     76128   8411820     30.61   4196656   3110192       188       176
11:39:56 PM    379892    288664   7617148     96.35        24     76356   8411820     30.61   4196656   3110428        32       176
11:40:01 PM    379892    288664   7617148     96.35        24     76360   8411820     30.61   4196656   3110428        36       176
11:40:06 PM    379892    288704   7617108     96.35        24     76440   8411820     30.61   4196656   3110512        80       176
11:40:11 PM    379892    288704   7617108     96.35        24     76440   8411820     30.61   4196656   3110512       100       176
11:40:16 PM    379892    288704   7617108     96.35        24     76440   8411820     30.61   4196656   3110512       100       176
11:40:21 PM    379892    288704   7617108     96.35        24     76440   8411820     30.61   4196656   3110512       100       176
11:40:26 PM    379892    288704   7617108     96.35        24     76440   8411820     30.61   4196660   3110512       100       176
11:40:31 PM    379668    288480   7617332     96.35        24     76476   8411820     30.61   4196700   3110512       100       176
11:40:36 PM    379668    288628   7617184     96.35        24     76732   8411820     30.61   4196752   3110804        20       176
11:40:41 PM    379668    288628   7617184     96.35        24     76812   8411820     30.61   4196752   3110804        80       176
11:40:46 PM    379668    288628   7617184     96.35        24     76812   8411820     30.61   4196764   3110804       100       176
11:40:51 PM    379668    288668   7617144     96.35        24     76812   8411820     30.61   4196764   3110884       100       176
11:40:56 PM    379668    288668   7617144     96.35        24     76812   8411820     30.61   4196764   3110884       100       176
11:41:01 PM    379668    288668   7617144     96.35        24     76812   8411820     30.61   4196764   3110884       100       176
11:41:06 PM    379668    289148   7616664     96.34        24     77972   8411820     30.61   4197920   3110884        20       184
Average:       790854    772364   7133448     90.23      1292    171668   7412277     26.97   4674745   2066573       110      3440
