Linux 7.0.10-arch1-1 (archlinux) 	06/02/2026 	_x86_64_	(4 CPU)

04:09:32 PM  %smem-10  %smem-60 %smem-300     %smem  %fmem-10  %fmem-60 %fmem-300     %fmem
04:09:37 PM      0.00      0.00      0.00      0.00      0.00      0.00      0.00      0.00
04:09:42 PM      0.00      0.00      0.00      0.00      0.00      0.00      0.00      0.00
04:09:47 PM      0.00      0.00      0.00      0.00      0.00      0.00      0.00      0.00
04:09:52 PM      0.00      0.00      0.00      0.00      0.00      0.00      0.00      0.00
04:09:57 PM      0.00      0.00      0.00      0.00      0.00      0.00      0.00      0.00
04:10:02 PM      0.00      0.00      0.00      0.00      0.00      0.00      0.00      0.00
04:10:07 PM      0.00      0.00      0.00      0.00      0.00      0.00      0.00      0.00
04:10:12 PM      0.00      0.00      0.00      0.00      0.00      0.00      0.00      0.00
04:10:17 PM      0.00      0.00      0.00      0.00      0.00      0.00      0.00      0.00
04:10:22 PM      0.00      0.00      0.00      0.00      0.00      0.00      0.00      0.00
04:10:27 PM      0.00      0.00      0.00      0.00      0.00      0.00      0.00      0.00
04:10:32 PM      0.00      0.00      0.00      0.00      0.00      0.00      0.00      0.00
04:10:37 PM      0.00      0.00      0.00      0.00      0.00      0.00      0.00      0.00
04:10:42 PM      0.00      0.00      0.00      0.00      0.00      0.00      0.00      0.00
04:10:47 PM      0.00      0.00      0.00      0.00      0.00      0.00      0.00      0.00
04:10:52 PM      0.00      0.00      0.00      0.00      0.00      0.00      0.00      0.00
04:10:57 PM      0.00      0.00      0.00      0.00      0.00      0.00      0.00      0.00
04:11:02 PM      0.00      0.00      0.00      0.00      0.00      0.00      0.00      0.00
04:11:07 PM      0.00      0.00      0.00      0.00      0.00      0.00      0.00      0.00
04:11:12 PM      0.00      0.00      0.00      0.00      0.00      0.00      0.00      0.00
04:11:17 PM      0.00      0.00      0.00      0.00      0.00      0.00      0.00      0.00
04:11:22 PM      0.00      0.00      0.00      0.00      0.00      0.00      0.00      0.00
04:11:27 PM      0.00      0.00      0.00      0.00      0.00      0.00      0.00      0.00
04:11:32 PM      0.00      0.00      0.00      0.00      0.00      0.00      0.00      0.00
04:11:37 PM      0.00      0.00      0.00      0.00      0.00      0.00      0.00      0.00
04:11:42 PM      0.00      0.00      0.00      0.00      0.00      0.00      0.00      0.00
04:11:47 PM      0.00      0.00      0.00      0.00      0.00      0.00      0.00      0.00
04:11:52 PM      0.00      0.00      0.00      0.00      0.00      0.00      0.00      0.00
04:11:57 PM      0.00      0.00      0.00      0.00      0.00      0.00      0.00      0.00
04:12:02 PM      0.00      0.00      0.00      0.00      0.00      0.00      0.00      0.00
04:12:07 PM      0.00      0.00      0.00      0.00      0.00      0.00      0.00      0.00
04:12:12 PM      0.00      0.00      0.00      0.00      0.00      0.00      0.00      0.00
04:12:17 PM      0.00      0.00      0.00      0.00      0.00      0.00      0.00      0.00
04:12:22 PM      0.00      0.00      0.00      0.00      0.00      0.00      0.00      0.00
04:12:27 PM      0.00      0.00      0.00      0.00      0.00      0.00      0.00      0.00
04:12:32 PM      0.00      0.00      0.00      0.00      0.00      0.00      0.00      0.00
04:12:37 PM      0.00      0.00      0.00      0.00      0.00      0.00      0.00      0.00
04:12:42 PM      0.00      0.00      0.00      0.00      0.00      0.00      0.00      0.00
04:12:47 PM      0.00      0.00      0.00      0.00      0.00      0.00      0.00      0.00
04:12:52 PM      0.00      0.00      0.00      0.00      0.00      0.00      0.00      0.00
04:12:57 PM      0.00      0.00      0.00      0.00      0.00      0.00      0.00      0.00
04:13:02 PM      0.00      0.00      0.00      0.00      0.00      0.00      0.00      0.00
04:13:07 PM      0.00      0.00      0.00      0.00      0.00      0.00      0.00      0.00
04:13:12 PM      0.00      0.00      0.00      0.00      0.00      0.00      0.00      0.00
04:13:17 PM      0.00      0.00      0.00      0.00      0.00      0.00      0.00      0.00
04:13:22 PM      0.00      0.00      0.00      0.00      0.00      0.00      0.00      0.00
04:13:27 PM      0.00      0.00      0.00      0.00      0.00      0.00      0.00      0.00
04:13:32 PM      0.00      0.00      0.00      0.00      0.00      0.00      0.00      0.00
04:13:37 PM      0.00      0.00      0.00      0.00      0.00      0.00      0.00      0.00
04:13:42 PM      0.00      0.00      0.00      0.00      0.00      0.00      0.00      0.00
04:13:47 PM      0.00      0.00      0.00      0.00      0.00      0.00      0.00      0.00
04:13:52 PM      0.00      0.00      0.00      0.00      0.00      0.00      0.00      0.00
04:13:57 PM      0.00      0.00      0.00      0.00      0.00      0.00      0.00      0.00
04:14:02 PM      0.00      0.00      0.00      0.00      0.00      0.00      0.00      0.00
04:14:07 PM      0.00      0.00      0.00      0.00      0.00      0.00      0.00      0.00
04:14:12 PM      0.00      0.00      0.00      0.00      0.00      0.00      0.00      0.00
04:14:17 PM      0.00      0.00      0.00      0.00      0.00      0.00      0.00      0.00
04:14:22 PM      0.00      0.00      0.00      0.00      0.00      0.00      0.00      0.00
04:14:27 PM      0.00      0.00      0.00      0.00      0.00      0.00      0.00      0.00
04:14:32 PM      0.00      0.00      0.00      0.00      0.00      0.00      0.00      0.00
04:14:37 PM      0.00      0.00      0.00      0.00      0.00      0.00      0.00      0.00
04:14:42 PM      0.00      0.00      0.00      0.00      0.00      0.00      0.00      0.00
04:14:47 PM      0.00      0.00      0.00      0.00      0.00      0.00      0.00      0.00
04:14:52 PM      0.00      0.00      0.00      0.00      0.00      0.00      0.00      0.00
04:14:57 PM      0.00      0.00      0.00      0.00      0.00      0.00      0.00      0.00
04:15:02 PM      0.00      0.00      0.00      0.00      0.00      0.00      0.00      0.00
04:15:07 PM      0.00      0.00      0.00      0.00      0.00      0.00      0.00      0.00
04:15:12 PM      0.00      0.00      0.00      0.00      0.00      0.00      0.00      0.00
04:15:17 PM      0.00      0.00      0.00      0.00      0.00      0.00      0.00      0.00
04:15:22 PM      0.00      0.00      0.00      0.00      0.00      0.00      0.00      0.00
04:15:27 PM      0.00      0.00      0.00      0.00      0.00      0.00      0.00      0.00
04:15:32 PM      0.00      0.00      0.00      0.00      0.00      0.00      0.00      0.00
04:15:37 PM      0.00      0.00      0.00      0.00      0.00      0.00      0.00      0.00
04:15:42 PM      0.00      0.00      0.00      0.00      0.00      0.00      0.00      0.00
04:15:47 PM      0.00      0.00      0.00      0.00      0.00      0.00      0.00      0.00
04:15:52 PM      0.00      0.00      0.00      0.00      0.00      0.00      0.00      0.00
04:15:57 PM      0.00      0.00      0.00      0.00      0.00      0.00      0.00      0.00
04:16:02 PM      0.00      0.00      0.00      0.00      0.00      0.00      0.00      0.00
04:16:07 PM      0.00      0.00      0.00      0.00      0.00      0.00      0.00      0.00
04:16:12 PM      0.00      0.00      0.00      0.00      0.00      0.00      0.00      0.00
04:16:17 PM      0.00      0.00      0.00      0.00      0.00      0.00      0.00      0.00
04:16:22 PM      0.00      0.00      0.00      0.00      0.00      0.00      0.00      0.00
04:16:27 PM      0.00      0.00      0.00      0.00      0.00      0.00      0.00      0.00
04:16:32 PM      0.00      0.00      0.00      0.00      0.00      0.00      0.00      0.00
04:16:37 PM      0.00      0.00      0.00      0.00      0.00      0.00      0.00      0.00
04:16:42 PM      0.00      0.00      0.00      0.00      0.00      0.00      0.00      0.00
04:16:47 PM      0.00      0.00      0.00      0.00      0.00      0.00      0.00      0.00
04:16:52 PM      0.00      0.00      0.00      0.00      0.00      0.00      0.00      0.00
04:16:57 PM      0.00      0.00      0.00      0.00      0.00      0.00      0.00      0.00
04:17:02 PM      0.00      0.00      0.00      0.00      0.00      0.00      0.00      0.00
04:17:07 PM      0.00      0.00      0.00      0.00      0.00      0.00      0.00      0.00
04:17:12 PM      0.00      0.00      0.00      0.00      0.00      0.00      0.00      0.00
04:17:17 PM      0.00      0.00      0.00      0.00      0.00      0.00      0.00      0.00
04:17:22 PM      0.00      0.00      0.00      0.00      0.00      0.00      0.00      0.00
04:17:27 PM      0.00      0.00      0.00      0.00      0.00      0.00      0.00      0.00
04:17:32 PM      0.00      0.00      0.00      0.00      0.00      0.00      0.00      0.00
04:17:37 PM      0.00      0.00      0.00      0.00      0.00      0.00      0.00      0.00
04:17:42 PM      0.00      0.00      0.00      0.00      0.00      0.00      0.00      0.00
04:17:47 PM      0.00      0.00      0.00      0.00      0.00      0.00      0.00      0.00
04:17:52 PM      0.00      0.00      0.00      0.00      0.00      0.00      0.00      0.00
04:17:57 PM      0.00      0.00      0.00      0.00      0.00      0.00      0.00      0.00
04:18:02 PM      0.00      0.00      0.00      0.00      0.00      0.00      0.00      0.00
04:18:07 PM      0.00      0.00      0.00      0.00      0.00      0.00      0.00      0.00
04:18:12 PM      0.00      0.00      0.00      0.00      0.00      0.00      0.00      0.00
04:18:17 PM      0.00      0.00      0.00      0.00      0.00      0.00      0.00      0.00
04:18:22 PM      0.00      0.00      0.00      0.00      0.00      0.00      0.00      0.00
04:18:27 PM      0.00      0.00      0.00      0.00      0.00      0.00      0.00      0.00
04:18:32 PM      0.00      0.00      0.00      0.00      0.00      0.00      0.00      0.00
04:18:37 PM      0.00      0.00      0.00      0.00      0.00      0.00      0.00      0.00
04:18:42 PM      0.00      0.00      0.00      0.00      0.00      0.00      0.00      0.00
04:18:47 PM      0.00      0.00      0.00      0.00      0.00      0.00      0.00      0.00
04:18:52 PM      0.00      0.00      0.00      0.00      0.00      0.00      0.00      0.00
04:18:57 PM      0.00      0.00      0.00      0.00      0.00      0.00      0.00      0.00
04:19:02 PM      0.00      0.00      0.00      0.00      0.00      0.00      0.00      0.00
04:19:07 PM      0.00      0.00      0.00      0.00      0.00      0.00      0.00      0.00
04:19:12 PM      0.00      0.00      0.00      0.00      0.00      0.00      0.00      0.00
04:19:17 PM      0.00      0.00      0.00      0.00      0.00      0.00      0.00      0.00
04:19:22 PM      0.00      0.00      0.00      0.00      0.00      0.00      0.00      0.00
04:19:27 PM      0.00      0.00      0.00      0.00      0.00      0.00      0.00      0.00
04:19:32 PM      0.00      0.00      0.00      0.00      0.00      0.00      0.00      0.00
04:19:37 PM      0.00      0.00      0.00      0.00      0.00      0.00      0.00      0.00
04:19:42 PM      0.00      0.00      0.00      0.00      0.00      0.00      0.00      0.00
04:19:47 PM      0.00      0.00      0.00      0.00      0.00      0.00      0.00      0.00
04:19:52 PM      0.00      0.00      0.00      0.00      0.00      0.00      0.00      0.00
04:19:57 PM      0.00      0.00      0.00      0.00      0.00      0.00      0.00      0.00
04:20:02 PM      0.00      0.00      0.00      0.00      0.00      0.00      0.00      0.00
04:20:07 PM      0.00      0.00      0.00      0.00      0.00      0.00      0.00      0.00
04:20:12 PM      0.00      0.00      0.00      0.00      0.00      0.00      0.00      0.00
04:20:17 PM      0.00      0.00      0.00      0.00      0.00      0.00      0.00      0.00
04:20:22 PM      0.00      0.00      0.00      0.00      0.00      0.00      0.00      0.00
04:20:27 PM      0.00      0.00      0.00      0.00      0.00      0.00      0.00      0.00
04:20:32 PM      0.00      0.00      0.00      0.00      0.00      0.00      0.00      0.00
04:20:37 PM      0.00      0.00      0.00      0.00      0.00      0.00      0.00      0.00
04:20:42 PM      0.00      0.00      0.00      0.00      0.00      0.00      0.00      0.00
04:20:47 PM      0.00      0.00      0.00      0.00      0.00      0.00      0.00      0.00
04:20:52 PM      0.00      0.00      0.00      0.00      0.00      0.00      0.00      0.00
04:20:57 PM      0.00      0.00      0.00      0.00      0.00      0.00      0.00      0.00
04:21:02 PM      0.00      0.00      0.00      0.00      0.00      0.00      0.00      0.00
04:21:07 PM      0.00      0.00      0.00      0.00      0.00      0.00      0.00      0.00
04:21:12 PM      0.00      0.00      0.00      0.00      0.00      0.00      0.00      0.00
04:21:17 PM      0.00      0.00      0.00      0.00      0.00      0.00      0.00      0.00
04:21:22 PM      0.00      0.00      0.00      0.00      0.00      0.00      0.00      0.00
04:21:27 PM      0.00      0.00      0.00      0.00      0.00      0.00      0.00      0.00
04:21:32 PM      0.00      0.00      0.00      0.00      0.00      0.00      0.00      0.00
04:21:37 PM      0.00      0.00      0.00      0.00      0.00      0.00      0.00      0.00
04:21:42 PM      0.00      0.00      0.00      0.00      0.00      0.00      0.00      0.00
04:21:47 PM      0.00      0.00      0.00      0.00      0.00      0.00      0.00      0.00
04:21:52 PM      0.00      0.00      0.00      0.00      0.00      0.00      0.00      0.00
04:21:57 PM      0.00      0.00      0.00      0.00      0.00      0.00      0.00      0.00
04:22:02 PM      0.00      0.00      0.00      0.00      0.00      0.00      0.00      0.00
04:22:07 PM      0.00      0.00      0.00      0.00      0.00      0.00      0.00      0.00
04:22:12 PM      0.00      0.00      0.00      0.00      0.00      0.00      0.00      0.00
04:22:17 PM      0.00      0.00      0.00      0.00      0.00      0.00      0.00      0.00
04:22:22 PM      0.00      0.00      0.00      0.00      0.00      0.00      0.00      0.00
04:22:27 PM      0.00      0.00      0.00      0.00      0.00      0.00      0.00      0.00
04:22:32 PM      0.00      0.00      0.00      0.00      0.00      0.00      0.00      0.00
04:22:37 PM      0.00      0.00      0.00      0.00      0.00      0.00      0.00      0.00
04:22:42 PM      0.00      0.00      0.00      0.00      0.00      0.00      0.00      0.00
04:22:47 PM      0.00      0.00      0.00      0.00      0.00      0.00      0.00      0.00
04:22:52 PM      0.00      0.00      0.00      0.00      0.00      0.00      0.00      0.00
04:22:57 PM      0.00      0.00      0.00      0.00      0.00      0.00      0.00      0.00
04:23:02 PM      0.00      0.00      0.00      0.00      0.00      0.00      0.00      0.00
04:23:07 PM      0.00      0.00      0.00      0.00      0.00      0.00      0.00      0.00
04:23:12 PM      0.00      0.00      0.00      0.00      0.00      0.00      0.00      0.00
04:23:17 PM      0.00      0.00      0.00      0.00      0.00      0.00      0.00      0.00
04:23:22 PM      0.00      0.00      0.00      0.00      0.00      0.00      0.00      0.00
04:23:27 PM      0.00      0.00      0.00      0.00      0.00      0.00      0.00      0.00
04:23:32 PM      0.00      0.00      0.00      0.00      0.00      0.00      0.00      0.00
04:23:37 PM      0.00      0.00      0.00      0.00      0.00      0.00      0.00      0.00
04:23:42 PM      0.00      0.00      0.00      0.00      0.00      0.00      0.00      0.00
04:23:47 PM      0.00      0.00      0.00      0.00      0.00      0.00      0.00      0.00
04:23:52 PM      0.00      0.00      0.00      0.00      0.00      0.00      0.00      0.00
04:23:57 PM      0.00      0.00      0.00      0.00      0.00      0.00      0.00      0.00
04:24:02 PM      0.00      0.00      0.00      0.00      0.00      0.00      0.00      0.00
04:24:07 PM      0.00      0.00      0.00      0.00      0.00      0.00      0.00      0.00
04:24:12 PM      0.00      0.00      0.00      0.00      0.00      0.00      0.00      0.00
04:24:17 PM      0.00      0.00      0.00      0.00      0.00      0.00      0.00      0.00
04:24:22 PM      0.00      0.00      0.00      0.00      0.00      0.00      0.00      0.00
04:24:27 PM      0.00      0.00      0.00      0.00      0.00      0.00      0.00      0.00
04:24:32 PM      0.00      0.00      0.00      0.00      0.00      0.00      0.00      0.00
04:24:37 PM      0.00      0.00      0.00      0.00      0.00      0.00      0.00      0.00
04:24:42 PM      0.00      0.00      0.00      0.00      0.00      0.00      0.00      0.00
04:24:47 PM      0.00      0.00      0.00      0.00      0.00      0.00      0.00      0.00
04:24:52 PM      0.00      0.00      0.00      0.00      0.00      0.00      0.00      0.00
04:24:57 PM      0.00      0.00      0.00      0.00      0.00      0.00      0.00      0.00
04:25:02 PM      0.00      0.00      0.00      0.00      0.00      0.00      0.00      0.00
04:25:07 PM      0.00      0.00      0.00      0.00      0.00      0.00      0.00      0.00
04:25:12 PM      0.00      0.00      0.00      0.00      0.00      0.00      0.00      0.00
04:25:17 PM      0.00      0.00      0.00      0.00      0.00      0.00      0.00      0.00
04:25:22 PM      0.00      0.00      0.00      0.00      0.00      0.00      0.00      0.00
04:25:27 PM      0.00      0.00      0.00      0.00      0.00      0.00      0.00      0.00
04:25:32 PM      0.00      0.00      0.00      0.00      0.00      0.00      0.00      0.00
04:25:37 PM      0.00      0.00      0.00      0.00      0.00      0.00      0.00      0.00
04:25:42 PM      0.00      0.00      0.00      0.00      0.00      0.00      0.00      0.00
04:25:47 PM      0.00      0.00      0.00      0.00      0.00      0.00      0.00      0.00
04:25:52 PM      0.00      0.00      0.00      0.00      0.00      0.00      0.00      0.00
04:25:57 PM      0.00      0.00      0.00      0.00      0.00      0.00      0.00      0.00
04:26:02 PM      0.00      0.00      0.00      0.00      0.00      0.00      0.00      0.00
04:26:07 PM      0.00      0.00      0.00      0.00      0.00      0.00      0.00      0.00
04:26:12 PM      0.00      0.00      0.00      0.00      0.00      0.00      0.00      0.00
04:26:17 PM      0.00      0.00      0.00      0.00      0.00      0.00      0.00      0.00
04:26:22 PM      0.00      0.00      0.00      0.00      0.00      0.00      0.00      0.00
04:26:27 PM      0.00      0.00      0.00      0.00      0.00      0.00      0.00      0.00
04:26:32 PM      0.00      0.00      0.00      0.00      0.00      0.00      0.00      0.00
04:26:37 PM      0.00      0.00      0.00      0.00      0.00      0.00      0.00      0.00
04:26:42 PM      0.00      0.00      0.00      0.00      0.00      0.00      0.00      0.00
04:26:47 PM      0.00      0.00      0.00      0.00      0.00      0.00      0.00      0.00
04:26:52 PM      0.00      0.00      0.00      0.00      0.00      0.00      0.00      0.00
04:26:57 PM      0.00      0.00      0.00      0.00      0.00      0.00      0.00      0.00
04:27:02 PM      0.00      0.00      0.00      0.00      0.00      0.00      0.00      0.00
04:27:07 PM      0.00      0.00      0.00      0.00      0.00      0.00      0.00      0.00
04:27:12 PM      0.00      0.00      0.00      0.00      0.00      0.00      0.00      0.00
04:27:17 PM      0.00      0.00      0.00      0.00      0.00      0.00      0.00      0.00
04:27:22 PM      0.00      0.00      0.00      0.00      0.00      0.00      0.00      0.00
04:27:27 PM      0.00      0.00      0.00      0.00      0.00      0.00      0.00      0.00
04:27:32 PM      0.00      0.00      0.00      0.00      0.00      0.00      0.00      0.00
04:27:37 PM      0.00      0.00      0.00      0.00      0.00      0.00      0.00      0.00
04:27:42 PM      0.00      0.00      0.00      0.00      0.00      0.00      0.00      0.00
04:27:47 PM      0.00      0.00      0.00      0.00      0.00      0.00      0.00      0.00
04:27:52 PM      0.00      0.00      0.00      0.00      0.00      0.00      0.00      0.00
04:27:57 PM      0.00      0.00      0.00      0.00      0.00      0.00      0.00      0.00
04:28:02 PM      0.00      0.00      0.00      0.00      0.00      0.00      0.00      0.00
04:28:07 PM      0.00      0.00      0.00      0.00      0.00      0.00      0.00      0.00
04:28:12 PM      0.00      0.00      0.00      0.00      0.00      0.00      0.00      0.00
04:28:17 PM      0.00      0.00      0.00      0.00      0.00      0.00      0.00      0.00
04:28:22 PM      0.00      0.00      0.00      0.00      0.00      0.00      0.00      0.00
04:28:27 PM      0.00      0.00      0.00      0.00      0.00      0.00      0.00      0.00
04:28:32 PM      0.00      0.00      0.00      0.00      0.00      0.00      0.00      0.00
04:28:37 PM      0.00      0.00      0.00      0.00      0.00      0.00      0.00      0.00
04:28:42 PM      0.00      0.00      0.00      0.00      0.00      0.00      0.00      0.00
04:28:47 PM      0.00      0.00      0.00      0.00      0.00      0.00      0.00      0.00
04:28:52 PM      0.00      0.00      0.00      0.00      0.00      0.00      0.00      0.00
04:28:57 PM      0.00      0.00      0.00      0.00      0.00      0.00      0.00      0.00
04:29:02 PM      0.00      0.00      0.00      0.00      0.00      0.00      0.00      0.00
04:29:07 PM      0.00      0.00      0.00      0.00      0.00      0.00      0.00      0.00
04:29:12 PM      0.00      0.00      0.00      0.00      0.00      0.00      0.00      0.00
04:29:17 PM      0.00      0.00      0.00      0.00      0.00      0.00      0.00      0.00
04:29:22 PM      0.00      0.00      0.00      0.00      0.00      0.00      0.00      0.00
04:29:27 PM      0.00      0.00      0.00      0.00      0.00      0.00      0.00      0.00
04:29:32 PM      0.00      0.00      0.00      0.00      0.00      0.00      0.00      0.00
04:29:37 PM      0.00      0.00      0.00      0.00      0.00      0.00      0.00      0.00
04:29:42 PM      0.00      0.00      0.00      0.00      0.00      0.00      0.00      0.00
04:29:47 PM      0.00      0.00      0.00      0.00      0.00      0.00      0.00      0.00
04:29:52 PM      0.00      0.00      0.00      0.00      0.00      0.00      0.00      0.00
04:29:57 PM      0.00      0.00      0.00      0.00      0.00      0.00      0.00      0.00
04:30:02 PM      0.00      0.00      0.00      0.00      0.00      0.00      0.00      0.00
04:30:07 PM      0.00      0.00      0.00      0.00      0.00      0.00      0.00      0.00
04:30:12 PM      0.00      0.00      0.00      0.00      0.00      0.00      0.00      0.00
04:30:17 PM      0.00      0.00      0.00      0.00      0.00      0.00      0.00      0.00
04:30:22 PM      0.00      0.00      0.00      0.00      0.00      0.00      0.00      0.00
04:30:27 PM      0.00      0.00      0.00      0.00      0.00      0.00      0.00      0.00
04:30:32 PM      0.00      0.00      0.00      0.00      0.00      0.00      0.00      0.00
04:30:37 PM      0.00      0.00      0.00      0.00      0.00      0.00      0.00      0.00
04:30:42 PM      0.00      0.00      0.00      0.00      0.00      0.00      0.00      0.00
04:30:47 PM      0.00      0.00      0.00      0.00      0.00      0.00      0.00      0.00
04:30:52 PM      0.00      0.00      0.00      0.00      0.00      0.00      0.00      0.00
04:30:57 PM      0.00      0.00      0.00      0.00      0.00      0.00      0.00      0.00
04:31:02 PM      0.00      0.00      0.00      0.00      0.00      0.00      0.00      0.00
04:31:07 PM      0.00      0.00      0.00      0.00      0.00      0.00      0.00      0.00
04:31:12 PM      0.00      0.00      0.00      0.00      0.00      0.00      0.00      0.00
04:31:17 PM      0.00      0.00      0.00      0.00      0.00      0.00      0.00      0.00
04:31:22 PM      0.00      0.00      0.00      0.00      0.00      0.00      0.00      0.00
04:31:27 PM      0.00      0.00      0.00      0.00      0.00      0.00      0.00      0.00
04:31:32 PM      0.00      0.00      0.00      0.00      0.00      0.00      0.00      0.00
04:31:37 PM      0.00      0.00      0.00      0.00      0.00      0.00      0.00      0.00
04:31:42 PM      0.00      0.00      0.00      0.00      0.00      0.00      0.00      0.00
04:31:47 PM      0.00      0.00      0.00      0.00      0.00      0.00      0.00      0.00
04:31:52 PM      0.00      0.00      0.00      0.00      0.00      0.00      0.00      0.00
04:31:57 PM      0.00      0.00      0.00      0.00      0.00      0.00      0.00      0.00
04:32:02 PM      0.00      0.00      0.00      0.00      0.00      0.00      0.00      0.00
04:32:07 PM      0.00      0.00      0.00      0.00      0.00      0.00      0.00      0.00
04:32:12 PM      0.00      0.00      0.00      0.00      0.00      0.00      0.00      0.00
04:32:17 PM      0.00      0.00      0.00      0.00      0.00      0.00      0.00      0.00
04:32:22 PM      0.00      0.00      0.00      0.00      0.00      0.00      0.00      0.00
04:32:27 PM      0.00      0.00      0.00      0.00      0.00      0.00      0.00      0.00
04:32:32 PM      0.00      0.00      0.00      0.00      0.00      0.00      0.00      0.00
04:32:37 PM      0.00      0.00      0.00      0.00      0.00      0.00      0.00      0.00
04:32:42 PM      0.00      0.00      0.00      0.00      0.00      0.00      0.00      0.00
04:32:47 PM      0.00      0.00      0.00      0.00      0.00      0.00      0.00      0.00
04:32:52 PM      0.00      0.00      0.00      0.00      0.00      0.00      0.00      0.00
04:32:57 PM      0.00      0.00      0.00      0.00      0.00      0.00      0.00      0.00
04:33:02 PM      0.00      0.00      0.00      0.00      0.00      0.00      0.00      0.00
04:33:07 PM      0.00      0.00      0.00      0.00      0.00      0.00      0.00      0.00
04:33:12 PM      0.00      0.00      0.00      0.00      0.00      0.00      0.00      0.00
04:33:17 PM      0.00      0.00      0.00      0.00      0.00      0.00      0.00      0.00
04:33:22 PM      0.00      0.00      0.00      0.00      0.00      0.00      0.00      0.00
04:33:27 PM      0.00      0.00      0.00      0.00      0.00      0.00      0.00      0.00
04:33:32 PM      0.00      0.00      0.00      0.00      0.00      0.00      0.00      0.00
04:33:37 PM      0.00      0.00      0.00      0.00      0.00      0.00      0.00      0.00
04:33:42 PM      0.00      0.00      0.00      0.00      0.00      0.00      0.00      0.00
04:33:47 PM      0.00      0.00      0.00      0.00      0.00      0.00      0.00      0.00
04:33:52 PM      0.00      0.00      0.00      0.00      0.00      0.00      0.00      0.00
04:33:57 PM      0.00      0.00      0.00      0.00      0.00      0.00      0.00      0.00
04:34:02 PM      0.00      0.00      0.00      0.00      0.00      0.00      0.00      0.00
04:34:07 PM      0.00      0.00      0.00      0.00      0.00      0.00      0.00      0.00
04:34:12 PM      0.00      0.00      0.00      0.00      0.00      0.00      0.00      0.00
04:34:17 PM      0.00      0.00      0.00      0.00      0.00      0.00      0.00      0.00
04:34:22 PM      0.00      0.00      0.00      0.00      0.00      0.00      0.00      0.00
04:34:27 PM      0.00      0.00      0.00      0.00      0.00      0.00      0.00      0.00
04:34:32 PM      0.00      0.00      0.00      0.00      0.00      0.00      0.00      0.00
04:34:37 PM      0.00      0.00      0.00      0.00      0.00      0.00      0.00      0.00
04:34:42 PM      0.00      0.00      0.00      0.00      0.00      0.00      0.00      0.00
04:34:47 PM      0.00      0.00      0.00      0.00      0.00      0.00      0.00      0.00
04:34:52 PM      0.00      0.00      0.00      0.00      0.00      0.00      0.00      0.00
04:34:57 PM      0.00      0.00      0.00      0.00      0.00      0.00      0.00      0.00
04:35:02 PM      0.00      0.00      0.00      0.00      0.00      0.00      0.00      0.00
04:35:07 PM      0.00      0.00      0.00      0.00      0.00      0.00      0.00      0.00
04:35:12 PM      0.00      0.00      0.00      0.00      0.00      0.00      0.00      0.00
04:35:17 PM      0.00      0.00      0.00      0.00      0.00      0.00      0.00      0.00
04:35:22 PM      0.00      0.00      0.00      0.00      0.00      0.00      0.00      0.00
04:35:27 PM      0.00      0.00      0.00      0.00      0.00      0.00      0.00      0.00
04:35:32 PM      0.00      0.00      0.00      0.00      0.00      0.00      0.00      0.00
04:35:37 PM      0.00      0.00      0.00      0.00      0.00      0.00      0.00      0.00
04:35:42 PM      0.00      0.00      0.00      0.00      0.00      0.00      0.00      0.00
04:35:47 PM      0.00      0.00      0.00      0.00      0.00      0.00      0.00      0.00
04:35:52 PM      0.00      0.00      0.00      0.00      0.00      0.00      0.00      0.00
04:35:57 PM      0.00      0.00      0.00      0.00      0.00      0.00      0.00      0.00
04:36:02 PM      0.00      0.00      0.00      0.00      0.00      0.00      0.00      0.00
04:36:07 PM      0.00      0.00      0.00      0.00      0.00      0.00      0.00      0.00
04:36:12 PM      0.00      0.00      0.00      0.00      0.00      0.00      0.00      0.00
04:36:17 PM      0.00      0.00      0.00      0.00      0.00      0.00      0.00      0.00
04:36:22 PM      0.00      0.00      0.00      0.00      0.00      0.00      0.00      0.00
04:36:27 PM      0.00      0.00      0.00      0.00      0.00      0.00      0.00      0.00
04:36:32 PM      0.00      0.00      0.00      0.00      0.00      0.00      0.00      0.00
04:36:37 PM      0.00      0.00      0.00      0.00      0.00      0.00      0.00      0.00
04:36:42 PM      0.00      0.00      0.00      0.00      0.00      0.00      0.00      0.00
04:36:47 PM      0.00      0.00      0.00      0.00      0.00      0.00      0.00      0.00
04:36:52 PM      0.00      0.00      0.00      0.00      0.00      0.00      0.00      0.00
04:36:57 PM      0.00      0.00      0.00      0.00      0.00      0.00      0.00      0.00
04:37:02 PM      0.00      0.00      0.00      0.00      0.00      0.00      0.00      0.00
04:37:07 PM      0.00      0.00      0.00      0.00      0.00      0.00      0.00      0.00
04:37:12 PM      0.00      0.00      0.00      0.00      0.00      0.00      0.00      0.00
04:37:17 PM      0.00      0.00      0.00      0.00      0.00      0.00      0.00      0.00
04:37:22 PM      0.00      0.00      0.00      0.00      0.00      0.00      0.00      0.00
04:37:27 PM      0.00      0.00      0.00      0.00      0.00      0.00      0.00      0.00
04:37:32 PM      0.00      0.00      0.00      0.00      0.00      0.00      0.00      0.00
04:37:37 PM      0.00      0.00      0.00      0.00      0.00      0.00      0.00      0.00
04:37:42 PM      0.00      0.00      0.00      0.00      0.00      0.00      0.00      0.00
04:37:47 PM      0.00      0.00      0.00      0.00      0.00      0.00      0.00      0.00
04:37:52 PM      0.00      0.00      0.00      0.00      0.00      0.00      0.00      0.00
04:37:57 PM      0.00      0.00      0.00      0.00      0.00      0.00      0.00      0.00
04:38:02 PM      0.00      0.00      0.00      0.00      0.00      0.00      0.00      0.00
04:38:07 PM      0.00      0.00      0.00      0.00      0.00      0.00      0.00      0.00
04:38:12 PM      0.00      0.00      0.00      0.00      0.00      0.00      0.00      0.00
04:38:17 PM      0.00      0.00      0.00      0.00      0.00      0.00      0.00      0.00
04:38:22 PM      0.00      0.00      0.00      0.00      0.00      0.00      0.00      0.00
04:38:27 PM      0.00      0.00      0.00      0.00      0.00      0.00      0.00      0.00
04:38:32 PM      0.00      0.00      0.00      0.00      0.00      0.00      0.00      0.00
04:38:37 PM      0.00      0.00      0.00      0.00      0.00      0.00      0.00      0.00
04:38:42 PM      0.00      0.00      0.00      0.00      0.00      0.00      0.00      0.00
04:38:47 PM      0.00      0.00      0.00      0.00      0.00      0.00      0.00      0.00
04:38:52 PM      0.00      0.00      0.00      0.00      0.00      0.00      0.00      0.00
04:38:57 PM      0.00      0.00      0.00      0.00      0.00      0.00      0.00      0.00
04:39:02 PM      0.00      0.00      0.00      0.00      0.00      0.00      0.00      0.00
04:39:07 PM      0.00      0.00      0.00      0.00      0.00      0.00      0.00      0.00
04:39:12 PM      0.00      0.00      0.00      0.00      0.00      0.00      0.00      0.00
04:39:17 PM      0.00      0.00      0.00      0.00      0.00      0.00      0.00      0.00
04:39:22 PM      0.00      0.00      0.00      0.00      0.00      0.00      0.00      0.00
04:39:27 PM      0.00      0.00      0.00      0.00      0.00      0.00      0.00      0.00
04:39:32 PM      0.00      0.00      0.00      0.00      0.00      0.00      0.00      0.00
04:39:37 PM      0.00      0.00      0.00      0.00      0.00      0.00      0.00      0.00
04:39:42 PM      0.00      0.00      0.00      0.00      0.00      0.00      0.00      0.00
04:39:47 PM      0.00      0.00      0.00      0.00      0.00      0.00      0.00      0.00
04:39:52 PM      0.00      0.00      0.00      0.00      0.00      0.00      0.00      0.00
04:39:57 PM      0.00      0.00      0.00      0.00      0.00      0.00      0.00      0.00
04:40:02 PM      0.00      0.00      0.00      0.00      0.00      0.00      0.00      0.00
04:40:07 PM      0.00      0.00      0.00      0.00      0.00      0.00      0.00      0.00
04:40:12 PM      0.00      0.00      0.00      0.00      0.00      0.00      0.00      0.00
04:40:17 PM      0.00      0.00      0.00      0.00      0.00      0.00      0.00      0.00
04:40:22 PM      0.00      0.00      0.00      0.00      0.00      0.00      0.00      0.00
04:40:27 PM      0.00      0.00      0.00      0.00      0.00      0.00      0.00      0.00
04:40:32 PM      0.00      0.00      0.00      0.00      0.00      0.00      0.00      0.00
04:40:37 PM      0.00      0.00      0.00      0.00      0.00      0.00      0.00      0.00
04:40:42 PM      0.00      0.00      0.00      0.00      0.00      0.00      0.00      0.00
04:40:47 PM      0.00      0.00      0.00      0.00      0.00      0.00      0.00      0.00
04:40:52 PM      0.00      0.00      0.00      0.00      0.00      0.00      0.00      0.00
04:40:57 PM      0.00      0.00      0.00      0.00      0.00      0.00      0.00      0.00
04:41:02 PM      0.00      0.00      0.00      0.00      0.00      0.00      0.00      0.00
04:41:07 PM      0.00      0.00      0.00      0.00      0.00      0.00      0.00      0.00
04:41:12 PM      0.00      0.00      0.00      0.00      0.00      0.00      0.00      0.00
04:41:17 PM      0.00      0.00      0.00      0.00      0.00      0.00      0.00      0.00
04:41:22 PM      0.00      0.00      0.00      0.00      0.00      0.00      0.00      0.00
04:41:27 PM      0.00      0.00      0.00      0.00      0.00      0.00      0.00      0.00
04:41:32 PM      0.00      0.00      0.00      0.00      0.00      0.00      0.00      0.00
04:41:37 PM      0.00      0.00      0.00      0.00      0.00      0.00      0.00      0.00
04:41:42 PM      0.00      0.00      0.00      0.00      0.00      0.00      0.00      0.00
04:41:47 PM      0.00      0.00      0.00      0.00      0.00      0.00      0.00      0.00
04:41:52 PM      0.00      0.00      0.00      0.00      0.00      0.00      0.00      0.00
04:41:57 PM      0.00      0.00      0.00      0.00      0.00      0.00      0.00      0.00
04:42:02 PM      0.00      0.00      0.00      0.00      0.00      0.00      0.00      0.00
04:42:07 PM      0.00      0.00      0.00      0.00      0.00      0.00      0.00      0.00
04:42:12 PM      0.00      0.00      0.00      0.00      0.00      0.00      0.00      0.00
04:42:17 PM      0.00      0.00      0.00      0.00      0.00      0.00      0.00      0.00
04:42:22 PM      0.00      0.00      0.00      0.00      0.00      0.00      0.00      0.00
04:42:27 PM      0.00      0.00      0.00      0.00      0.00      0.00      0.00      0.00
04:42:32 PM      0.00      0.00      0.00      0.00      0.00      0.00      0.00      0.00
04:42:37 PM      0.00      0.00      0.00      0.00      0.00      0.00      0.00      0.00
04:42:42 PM      0.00      0.00      0.00      0.00      0.00      0.00      0.00      0.00
04:42:47 PM      0.00      0.00      0.00      0.00      0.00      0.00      0.00      0.00
04:42:52 PM      0.00      0.00      0.00      0.00      0.00      0.00      0.00      0.00
04:42:57 PM      0.00      0.00      0.00      0.00      0.00      0.00      0.00      0.00
04:43:02 PM      0.00      0.00      0.00      0.00      0.00      0.00      0.00      0.00
04:43:07 PM      0.00      0.00      0.00      0.00      0.00      0.00      0.00      0.00
04:43:12 PM      0.00      0.00      0.00      0.00      0.00      0.00      0.00      0.00
04:43:17 PM      0.00      0.00      0.00      0.00      0.00      0.00      0.00      0.00
04:43:22 PM      0.00      0.00      0.00      0.00      0.00      0.00      0.00      0.00
04:43:27 PM      0.00      0.00      0.00      0.00      0.00      0.00      0.00      0.00
04:43:32 PM      0.00      0.00      0.00      0.00      0.00      0.00      0.00      0.00
04:43:37 PM      0.00      0.00      0.00      0.00      0.00      0.00      0.00      0.00
04:43:42 PM      0.00      0.00      0.00      0.00      0.00      0.00      0.00      0.00
04:43:47 PM      0.00      0.00      0.00      0.00      0.00      0.00      0.00      0.00
04:43:52 PM      0.00      0.00      0.00      0.00      0.00      0.00      0.00      0.00
04:43:57 PM      0.00      0.00      0.00      0.00      0.00      0.00      0.00      0.00
04:44:02 PM      0.00      0.00      0.00      0.00      0.00      0.00      0.00      0.00
04:44:07 PM      0.00      0.00      0.00      0.00      0.00      0.00      0.00      0.00
04:44:12 PM      0.00      0.00      0.00      0.00      0.00      0.00      0.00      0.00
04:44:17 PM      0.00      0.00      0.00      0.00      0.00      0.00      0.00      0.00
04:44:22 PM      0.00      0.00      0.00      0.00      0.00      0.00      0.00      0.00
04:44:27 PM      0.00      0.00      0.00      0.00      0.00      0.00      0.00      0.00
04:44:32 PM      0.00      0.00      0.00      0.00      0.00      0.00      0.00      0.00
04:44:37 PM      0.00      0.00      0.00      0.00      0.00      0.00      0.00      0.00
04:44:42 PM      0.00      0.00      0.00      0.00      0.00      0.00      0.00      0.00
04:44:47 PM      0.00      0.00      0.00      0.00      0.00      0.00      0.00      0.00
04:44:52 PM      0.00      0.00      0.00      0.00      0.00      0.00      0.00      0.00
04:44:57 PM      0.00      0.00      0.00      0.00      0.00      0.00      0.00      0.00
04:45:02 PM      0.00      0.00      0.00      0.00      0.00      0.00      0.00      0.00
04:45:07 PM      0.00      0.00      0.00      0.00      0.00      0.00      0.00      0.00
04:45:12 PM      0.00      0.00      0.00      0.00      0.00      0.00      0.00      0.00
04:45:17 PM      0.00      0.00      0.00      0.00      0.00      0.00      0.00      0.00
04:45:22 PM      0.00      0.00      0.00      0.00      0.00      0.00      0.00      0.00
04:45:27 PM      0.00      0.00      0.00      0.00      0.00      0.00      0.00      0.00
04:45:32 PM      0.00      0.00      0.00      0.00      0.00      0.00      0.00      0.00
04:45:37 PM      0.00      0.00      0.00      0.00      0.00      0.00      0.00      0.00
04:45:42 PM      0.00      0.00      0.00      0.00      0.00      0.00      0.00      0.00
04:45:47 PM      0.00      0.00      0.00      0.00      0.00      0.00      0.00      0.00
04:45:52 PM      0.00      0.00      0.00      0.00      0.00      0.00      0.00      0.00
04:45:57 PM      0.00      0.00      0.00      0.00      0.00      0.00      0.00      0.00
04:46:02 PM      0.00      0.00      0.00      0.00      0.00      0.00      0.00      0.00
04:46:07 PM      0.00      0.00      0.00      0.00      0.00      0.00      0.00      0.00
04:46:12 PM      0.00      0.00      0.00      0.00      0.00      0.00      0.00      0.00
04:46:17 PM      0.00      0.00      0.00      0.00      0.00      0.00      0.00      0.00
04:46:22 PM      0.00      0.00      0.00      0.00      0.00      0.00      0.00      0.00
04:46:27 PM      0.00      0.00      0.00      0.00      0.00      0.00      0.00      0.00
04:46:32 PM      0.00      0.00      0.00      0.00      0.00      0.00      0.00      0.00
04:46:37 PM      0.00      0.00      0.00      0.00      0.00      0.00      0.00      0.00
04:46:42 PM      0.00      0.00      0.00      0.00      0.00      0.00      0.00      0.00
04:46:47 PM      0.00      0.00      0.00      0.00      0.00      0.00      0.00      0.00
04:46:52 PM      0.00      0.00      0.00      0.00      0.00      0.00      0.00      0.00
04:46:57 PM      0.00      0.00      0.00      0.00      0.00      0.00      0.00      0.00
04:47:02 PM      0.00      0.00      0.00      0.00      0.00      0.00      0.00      0.00
04:47:07 PM      0.00      0.00      0.00      0.00      0.00      0.00      0.00      0.00
04:47:12 PM      0.00      0.00      0.00      0.00      0.00      0.00      0.00      0.00
04:47:17 PM      0.00      0.00      0.00      0.00      0.00      0.00      0.00      0.00
04:47:22 PM      0.00      0.00      0.00      0.00      0.00      0.00      0.00      0.00
04:47:27 PM      0.00      0.00      0.00      0.00      0.00      0.00      0.00      0.00
04:47:32 PM      0.00      0.00      0.00      0.00      0.00      0.00      0.00      0.00
04:47:37 PM      0.00      0.00      0.00      0.00      0.00      0.00      0.00      0.00
04:47:42 PM      0.00      0.00      0.00      0.00      0.00      0.00      0.00      0.00
04:47:47 PM      0.00      0.00      0.00      0.00      0.00      0.00      0.00      0.00
04:47:52 PM      0.00      0.00      0.00      0.00      0.00      0.00      0.00      0.00
04:47:57 PM      0.00      0.00      0.00      0.00      0.00      0.00      0.00      0.00
04:48:02 PM      0.00      0.00      0.00      0.00      0.00      0.00      0.00      0.00
04:48:07 PM      0.00      0.00      0.00      0.00      0.00      0.00      0.00      0.00
04:48:12 PM      0.00      0.00      0.00      0.00      0.00      0.00      0.00      0.00
04:48:17 PM      0.00      0.00      0.00      0.00      0.00      0.00      0.00      0.00
04:48:22 PM      0.00      0.00      0.00      0.00      0.00      0.00      0.00      0.00
04:48:27 PM      0.00      0.00      0.00      0.00      0.00      0.00      0.00      0.00
04:48:32 PM      0.00      0.00      0.00      0.00      0.00      0.00      0.00      0.00
04:48:37 PM      0.00      0.00      0.00      0.00      0.00      0.00      0.00      0.00
04:48:42 PM      0.00      0.00      0.00      0.00      0.00      0.00      0.00      0.00
04:48:47 PM      0.00      0.00      0.00      0.00      0.00      0.00      0.00      0.00
04:48:52 PM      0.00      0.00      0.00      0.00      0.00      0.00      0.00      0.00
04:48:57 PM      0.00      0.00      0.00      0.00      0.00      0.00      0.00      0.00
04:49:02 PM      0.00      0.00      0.00      0.00      0.00      0.00      0.00      0.00
04:49:07 PM      0.00      0.00      0.00      0.00      0.00      0.00      0.00      0.00
04:49:12 PM      0.00      0.00      0.00      0.00      0.00      0.00      0.00      0.00
04:49:17 PM      0.00      0.00      0.00      0.00      0.00      0.00      0.00      0.00
04:49:22 PM      0.00      0.00      0.00      0.00      0.00      0.00      0.00      0.00
04:49:27 PM      0.00      0.00      0.00      0.00      0.00      0.00      0.00      0.00
04:49:32 PM      0.00      0.00      0.00      0.00      0.00      0.00      0.00      0.00
04:49:37 PM      0.00      0.00      0.00      0.00      0.00      0.00      0.00      0.00
04:49:42 PM      0.00      0.00      0.00      0.00      0.00      0.00      0.00      0.00
04:49:47 PM      0.00      0.00      0.00      0.00      0.00      0.00      0.00      0.00
04:49:52 PM      0.00      0.00      0.00      0.00      0.00      0.00      0.00      0.00
04:49:57 PM      0.00      0.00      0.00      0.00      0.00      0.00      0.00      0.00
04:50:02 PM      0.00      0.00      0.00      0.00      0.00      0.00      0.00      0.00
04:50:07 PM      0.00      0.00      0.00      0.00      0.00      0.00      0.00      0.00
04:50:12 PM      0.00      0.00      0.00      0.00      0.00      0.00      0.00      0.00
04:50:17 PM      0.00      0.00      0.00      0.00      0.00      0.00      0.00      0.00
04:50:22 PM      0.00      0.00      0.00      0.00      0.00      0.00      0.00      0.00
04:50:27 PM      0.00      0.00      0.00      0.00      0.00      0.00      0.00      0.00
04:50:32 PM      0.00      0.00      0.00      0.00      0.00      0.00      0.00      0.00
04:50:37 PM      0.00      0.00      0.00      0.00      0.00      0.00      0.00      0.00
04:50:42 PM      0.00      0.00      0.00      0.00      0.00      0.00      0.00      0.00
04:50:47 PM      0.00      0.00      0.00      0.00      0.00      0.00      0.00      0.00
04:50:52 PM      0.00      0.00      0.00      0.00      0.00      0.00      0.00      0.00
04:50:57 PM      0.00      0.00      0.00      0.00      0.00      0.00      0.00      0.00
04:51:02 PM      0.00      0.00      0.00      0.00      0.00      0.00      0.00      0.00
04:51:07 PM      0.00      0.00      0.00      0.00      0.00      0.00      0.00      0.00
04:51:12 PM      0.00      0.00      0.00      0.00      0.00      0.00      0.00      0.00
04:51:17 PM      0.00      0.00      0.00      0.00      0.00      0.00      0.00      0.00
04:51:22 PM      0.00      0.00      0.00      0.00      0.00      0.00      0.00      0.00
04:51:27 PM      0.00      0.00      0.00      0.00      0.00      0.00      0.00      0.00
04:51:32 PM      0.00      0.00      0.00      0.00      0.00      0.00      0.00      0.00
04:51:37 PM      0.00      0.00      0.00      0.00      0.00      0.00      0.00      0.00
04:51:42 PM      0.00      0.00      0.00      0.00      0.00      0.00      0.00      0.00
04:51:47 PM      0.00      0.00      0.00      0.00      0.00      0.00      0.00      0.00
04:51:52 PM      0.00      0.00      0.00      0.00      0.00      0.00      0.00      0.00
04:51:57 PM      0.00      0.00      0.00      0.00      0.00      0.00      0.00      0.00
04:52:02 PM      0.00      0.00      0.00      0.00      0.00      0.00      0.00      0.00
04:52:07 PM      0.00      0.00      0.00      0.00      0.00      0.00      0.00      0.00
04:52:12 PM      0.00      0.00      0.00      0.00      0.00      0.00      0.00      0.00
04:52:17 PM      0.00      0.00      0.00      0.00      0.00      0.00      0.00      0.00
04:52:22 PM      0.00      0.00      0.00      0.00      0.00      0.00      0.00      0.00
04:52:27 PM      0.00      0.00      0.00      0.00      0.00      0.00      0.00      0.00
04:52:32 PM      0.00      0.00      0.00      0.00      0.00      0.00      0.00      0.00
04:52:37 PM      0.00      0.00      0.00      0.00      0.00      0.00      0.00      0.00
04:52:42 PM      0.00      0.00      0.00      0.00      0.00      0.00      0.00      0.00
04:52:47 PM      0.00      0.00      0.00      0.00      0.00      0.00      0.00      0.00
04:52:52 PM      0.00      0.00      0.00      0.00      0.00      0.00      0.00      0.00
04:52:57 PM      0.00      0.00      0.00      0.00      0.00      0.00      0.00      0.00
04:53:02 PM      0.00      0.00      0.00      0.00      0.00      0.00      0.00      0.00
04:53:07 PM      0.00      0.00      0.00      0.00      0.00      0.00      0.00      0.00
04:53:12 PM      0.00      0.00      0.00      0.00      0.00      0.00      0.00      0.00
04:53:17 PM      0.00      0.00      0.00      0.00      0.00      0.00      0.00      0.00
04:53:22 PM      0.00      0.00      0.00      0.00      0.00      0.00      0.00      0.00
04:53:27 PM      0.00      0.00      0.00      0.00      0.00      0.00      0.00      0.00
04:53:32 PM      0.00      0.00      0.00      0.00      0.00      0.00      0.00      0.00
04:53:37 PM      0.00      0.00      0.00      0.00      0.00      0.00      0.00      0.00
04:53:42 PM      0.00      0.00      0.00      0.00      0.00      0.00      0.00      0.00
04:53:47 PM      0.00      0.00      0.00      0.00      0.00      0.00      0.00      0.00
04:53:52 PM      0.00      0.00      0.00      0.00      0.00      0.00      0.00      0.00
04:53:57 PM      0.00      0.00      0.00      0.00      0.00      0.00      0.00      0.00
04:54:02 PM      0.00      0.00      0.00      0.00      0.00      0.00      0.00      0.00
04:54:07 PM      0.00      0.00      0.00      0.00      0.00      0.00      0.00      0.00
04:54:12 PM      0.00      0.00      0.00      0.00      0.00      0.00      0.00      0.00
04:54:17 PM      0.00      0.00      0.00      0.00      0.00      0.00      0.00      0.00
04:54:22 PM      0.00      0.00      0.00      0.00      0.00      0.00      0.00      0.00
04:54:27 PM      0.00      0.00      0.00      0.00      0.00      0.00      0.00      0.00
04:54:32 PM      0.00      0.00      0.00      0.00      0.00      0.00      0.00      0.00
04:54:37 PM      0.00      0.00      0.00      0.00      0.00      0.00      0.00      0.00
04:54:42 PM      0.00      0.00      0.00      0.00      0.00      0.00      0.00      0.00
04:54:47 PM      0.00      0.00      0.00      0.00      0.00      0.00      0.00      0.00
04:54:52 PM      0.00      0.00      0.00      0.00      0.00      0.00      0.00      0.00
04:54:57 PM      0.00      0.00      0.00      0.00      0.00      0.00      0.00      0.00
04:55:02 PM      0.00      0.00      0.00      0.00      0.00      0.00      0.00      0.00
04:55:07 PM      0.00      0.00      0.00      0.00      0.00      0.00      0.00      0.00
04:55:12 PM      0.00      0.00      0.00      0.00      0.00      0.00      0.00      0.00
04:55:17 PM      0.00      0.00      0.00      0.00      0.00      0.00      0.00      0.00
04:55:22 PM      0.00      0.00      0.00      0.00      0.00      0.00      0.00      0.00
04:55:27 PM      0.00      0.00      0.00      0.00      0.00      0.00      0.00      0.00
04:55:32 PM      0.00      0.00      0.00      0.00      0.00      0.00      0.00      0.00
04:55:37 PM      0.00      0.00      0.00      0.00      0.00      0.00      0.00      0.00
04:55:42 PM      0.00      0.00      0.00      0.00      0.00      0.00      0.00      0.00
04:55:47 PM      0.00      0.00      0.00      0.00      0.00      0.00      0.00      0.00
04:55:52 PM      0.00      0.00      0.00      0.00      0.00      0.00      0.00      0.00
04:55:57 PM      0.00      0.00      0.00      0.00      0.00      0.00      0.00      0.00
04:56:02 PM      0.00      0.00      0.00      0.00      0.00      0.00      0.00      0.00
04:56:07 PM      0.00      0.00      0.00      0.00      0.00      0.00      0.00      0.00
04:56:12 PM      0.00      0.00      0.00      0.00      0.00      0.00      0.00      0.00
04:56:17 PM      0.00      0.00      0.00      0.00      0.00      0.00      0.00      0.00
04:56:22 PM      0.00      0.00      0.00      0.00      0.00      0.00      0.00      0.00
04:56:27 PM      0.00      0.00      0.00      0.00      0.00      0.00      0.00      0.00
04:56:32 PM      0.00      0.00      0.00      0.00      0.00      0.00      0.00      0.00
04:56:37 PM      0.00      0.00      0.00      0.00      0.00      0.00      0.00      0.00
04:56:42 PM      0.00      0.00      0.00      0.00      0.00      0.00      0.00      0.00
04:56:47 PM      0.00      0.00      0.00      0.00      0.00      0.00      0.00      0.00
04:56:52 PM      0.00      0.00      0.00      0.00      0.00      0.00      0.00      0.00
04:56:57 PM      0.00      0.00      0.00      0.00      0.00      0.00      0.00      0.00
04:57:02 PM      0.00      0.00      0.00      0.00      0.00      0.00      0.00      0.00
04:57:07 PM      0.00      0.00      0.00      0.00      0.00      0.00      0.00      0.00
04:57:12 PM      0.00      0.00      0.00      0.00      0.00      0.00      0.00      0.00
04:57:17 PM      0.00      0.00      0.00      0.00      0.00      0.00      0.00      0.00
04:57:22 PM      0.00      0.00      0.00      0.00      0.00      0.00      0.00      0.00
04:57:27 PM      0.00      0.00      0.00      0.00      0.00      0.00      0.00      0.00
04:57:32 PM      0.00      0.00      0.00      0.00      0.00      0.00      0.00      0.00
04:57:37 PM      0.00      0.00      0.00      0.00      0.00      0.00      0.00      0.00
04:57:42 PM      0.00      0.00      0.00      0.00      0.00      0.00      0.00      0.00
04:57:47 PM      0.00      0.00      0.00      0.00      0.00      0.00      0.00      0.00
04:57:52 PM      0.00      0.00      0.00      0.00      0.00      0.00      0.00      0.00
04:57:57 PM      0.00      0.00      0.00      0.00      0.00      0.00      0.00      0.00
04:58:02 PM      0.00      0.00      0.00      0.00      0.00      0.00      0.00      0.00
04:58:07 PM      0.00      0.00      0.00      0.00      0.00      0.00      0.00      0.00
04:58:12 PM      0.00      0.00      0.00      0.00      0.00      0.00      0.00      0.00
04:58:17 PM      0.00      0.00      0.00      0.00      0.00      0.00      0.00      0.00
04:58:22 PM      0.00      0.00      0.00      0.00      0.00      0.00      0.00      0.00
04:58:27 PM      0.00      0.00      0.00      0.00      0.00      0.00      0.00      0.00
04:58:32 PM      0.00      0.00      0.00      0.00      0.00      0.00      0.00      0.00
04:58:37 PM      0.00      0.00      0.00      0.00      0.00      0.00      0.00      0.00
04:58:42 PM      0.00      0.00      0.00      0.00      0.00      0.00      0.00      0.00
04:58:47 PM      0.00      0.00      0.00      0.00      0.00      0.00      0.00      0.00
04:58:52 PM      0.00      0.00      0.00      0.00      0.00      0.00      0.00      0.00
04:58:57 PM      0.00      0.00      0.00      0.00      0.00      0.00      0.00      0.00
04:59:02 PM      0.00      0.00      0.00      0.00      0.00      0.00      0.00      0.00
04:59:07 PM      0.00      0.00      0.00      0.00      0.00      0.00      0.00      0.00
04:59:12 PM      0.00      0.00      0.00      0.00      0.00      0.00      0.00      0.00
04:59:17 PM      0.00      0.00      0.00      0.00      0.00      0.00      0.00      0.00
04:59:22 PM      0.00      0.00      0.00      0.00      0.00      0.00      0.00      0.00
04:59:27 PM      0.00      0.00      0.00      0.00      0.00      0.00      0.00      0.00
04:59:32 PM      0.00      0.00      0.00      0.00      0.00      0.00      0.00      0.00
04:59:37 PM      0.00      0.00      0.00      0.00      0.00      0.00      0.00      0.00
04:59:42 PM      0.00      0.00      0.00      0.00      0.00      0.00      0.00      0.00
04:59:47 PM      0.00      0.00      0.00      0.00      0.00      0.00      0.00      0.00
04:59:52 PM      0.00      0.00      0.00      0.00      0.00      0.00      0.00      0.00
04:59:57 PM      0.00      0.00      0.00      0.00      0.00      0.00      0.00      0.00
05:00:02 PM      0.00      0.00      0.00      0.00      0.00      0.00      0.00      0.00
05:00:07 PM      0.00      0.00      0.00      0.00      0.00      0.00      0.00      0.00
05:00:12 PM      0.00      0.00      0.00      0.00      0.00      0.00      0.00      0.00
05:00:17 PM      0.00      0.00      0.00      0.00      0.00      0.00      0.00      0.00
05:00:22 PM      0.00      0.00      0.00      0.00      0.00      0.00      0.00      0.00
05:00:27 PM      0.00      0.00      0.00      0.00      0.00      0.00      0.00      0.00
05:00:32 PM      0.00      0.00      0.00      0.00      0.00      0.00      0.00      0.00
05:00:37 PM      0.00      0.00      0.00      0.00      0.00      0.00      0.00      0.00
05:00:42 PM      0.00      0.00      0.00      0.00      0.00      0.00      0.00      0.00
05:00:47 PM      0.00      0.00      0.00      0.00      0.00      0.00      0.00      0.00
05:00:52 PM      0.00      0.00      0.00      0.00      0.00      0.00      0.00      0.00
05:00:57 PM      0.00      0.00      0.00      0.00      0.00      0.00      0.00      0.00
05:01:02 PM      0.00      0.00      0.00      0.00      0.00      0.00      0.00      0.00
05:01:07 PM      0.00      0.00      0.00      0.00      0.00      0.00      0.00      0.00
05:01:12 PM      0.00      0.00      0.00      0.00      0.00      0.00      0.00      0.00
05:01:17 PM      0.00      0.00      0.00      0.00      0.00      0.00      0.00      0.00
05:01:22 PM      0.00      0.00      0.00      0.00      0.00      0.00      0.00      0.00
05:01:27 PM      0.00      0.00      0.00      0.00      0.00      0.00      0.00      0.00
05:01:32 PM      0.00      0.00      0.00      0.00      0.00      0.00      0.00      0.00
05:01:37 PM      0.00      0.00      0.00      0.00      0.00      0.00      0.00      0.00
05:01:42 PM      0.00      0.00      0.00      0.00      0.00      0.00      0.00      0.00
05:01:47 PM      0.00      0.00      0.00      0.00      0.00      0.00      0.00      0.00
05:01:52 PM      0.00      0.00      0.00      0.00      0.00      0.00      0.00      0.00
05:01:57 PM      0.00      0.00      0.00      0.00      0.00      0.00      0.00      0.00
05:02:02 PM      0.00      0.00      0.00      0.00      0.00      0.00      0.00      0.00
05:02:07 PM      0.00      0.00      0.00      0.00      0.00      0.00      0.00      0.00
05:02:12 PM      0.00      0.00      0.00      0.00      0.00      0.00      0.00      0.00
05:02:17 PM      0.00      0.00      0.00      0.00      0.00      0.00      0.00      0.00
05:02:22 PM      0.00      0.00      0.00      0.00      0.00      0.00      0.00      0.00
05:02:27 PM      0.00      0.00      0.00      0.00      0.00      0.00      0.00      0.00
05:02:32 PM      0.00      0.00      0.00      0.00      0.00      0.00      0.00      0.00
05:02:37 PM      0.00      0.00      0.00      0.00      0.00      0.00      0.00      0.00
05:02:42 PM      0.00      0.00      0.00      0.00      0.00      0.00      0.00      0.00
05:02:47 PM      0.00      0.00      0.00      0.00      0.00      0.00      0.00      0.00
05:02:52 PM      0.00      0.00      0.00      0.00      0.00      0.00      0.00      0.00
05:02:57 PM      0.00      0.00      0.00      0.00      0.00      0.00      0.00      0.00
05:03:02 PM      0.00      0.00      0.00      0.00      0.00      0.00      0.00      0.00
05:03:07 PM      0.00      0.00      0.00      0.00      0.00      0.00      0.00      0.00
05:03:12 PM      0.00      0.00      0.00      0.00      0.00      0.00      0.00      0.00
05:03:17 PM      0.00      0.00      0.00      0.00      0.00      0.00      0.00      0.00
05:03:22 PM      0.00      0.00      0.00      0.00      0.00      0.00      0.00      0.00
05:03:27 PM      0.00      0.00      0.00      0.00      0.00      0.00      0.00      0.00
05:03:32 PM      0.00      0.00      0.00      0.00      0.00      0.00      0.00      0.00
05:03:37 PM      0.00      0.00      0.00      0.00      0.00      0.00      0.00      0.00
05:03:42 PM      0.00      0.00      0.00      0.00      0.00      0.00      0.00      0.00
05:03:47 PM      0.00      0.00      0.00      0.00      0.00      0.00      0.00      0.00
05:03:52 PM      0.00      0.00      0.00      0.00      0.00      0.00      0.00      0.00
05:03:57 PM      0.00      0.00      0.00      0.00      0.00      0.00      0.00      0.00
05:04:02 PM      0.00      0.00      0.00      0.00      0.00      0.00      0.00      0.00
05:04:07 PM      0.00      0.00      0.00      0.00      0.00      0.00      0.00      0.00
05:04:12 PM      0.00      0.00      0.00      0.00      0.00      0.00      0.00      0.00
05:04:17 PM      0.00      0.00      0.00      0.00      0.00      0.00      0.00      0.00
05:04:22 PM      0.00      0.00      0.00      0.00      0.00      0.00      0.00      0.00
05:04:27 PM      0.00      0.00      0.00      0.00      0.00      0.00      0.00      0.00
05:04:32 PM      0.00      0.00      0.00      0.00      0.00      0.00      0.00      0.00
05:04:37 PM      0.00      0.00      0.00      0.00      0.00      0.00      0.00      0.00
05:04:42 PM      0.00      0.00      0.00      0.00      0.00      0.00      0.00      0.00
05:04:47 PM      0.00      0.00      0.00      0.00      0.00      0.00      0.00      0.00
05:04:52 PM      0.00      0.00      0.00      0.00      0.00      0.00      0.00      0.00
05:04:57 PM      0.00      0.00      0.00      0.00      0.00      0.00      0.00      0.00
05:05:02 PM      0.00      0.00      0.00      0.00      0.00      0.00      0.00      0.00
05:05:07 PM      0.00      0.00      0.00      0.00      0.00      0.00      0.00      0.00
05:05:12 PM      0.00      0.00      0.00      0.00      0.00      0.00      0.00      0.00
05:05:17 PM      0.00      0.00      0.00      0.00      0.00      0.00      0.00      0.00
05:05:22 PM      0.00      0.00      0.00      0.00      0.00      0.00      0.00      0.00
05:05:27 PM      0.00      0.00      0.00      0.00      0.00      0.00      0.00      0.00
05:05:32 PM      0.00      0.00      0.00      0.00      0.00      0.00      0.00      0.00
05:05:37 PM      0.00      0.00      0.00      0.00      0.00      0.00      0.00      0.00
05:05:42 PM      0.00      0.00      0.00      0.00      0.00      0.00      0.00      0.00
05:05:47 PM      0.00      0.00      0.00      0.00      0.00      0.00      0.00      0.00
05:05:52 PM      0.00      0.00      0.00      0.00      0.00      0.00      0.00      0.00
05:05:57 PM      0.00      0.00      0.00      0.00      0.00      0.00      0.00      0.00
05:06:02 PM      0.00      0.00      0.00      0.00      0.00      0.00      0.00      0.00
05:06:07 PM      0.00      0.00      0.00      0.00      0.00      0.00      0.00      0.00
05:06:12 PM      0.00      0.00      0.00      0.00      0.00      0.00      0.00      0.00
05:06:17 PM      0.00      0.00      0.00      0.00      0.00      0.00      0.00      0.00
05:06:22 PM      0.00      0.00      0.00      0.00      0.00      0.00      0.00      0.00
05:06:27 PM      0.00      0.00      0.00      0.00      0.00      0.00      0.00      0.00
05:06:32 PM      0.00      0.00      0.00      0.00      0.00      0.00      0.00      0.00
05:06:37 PM      0.00      0.00      0.00      0.00      0.00      0.00      0.00      0.00
05:06:42 PM      0.00      0.00      0.00      0.00      0.00      0.00      0.00      0.00
05:06:47 PM      0.00      0.00      0.00      0.00      0.00      0.00      0.00      0.00
05:06:52 PM      0.00      0.00      0.00      0.00      0.00      0.00      0.00      0.00
05:06:57 PM      0.00      0.00      0.00      0.00      0.00      0.00      0.00      0.00
05:07:02 PM      0.00      0.00      0.00      0.00      0.00      0.00      0.00      0.00
05:07:07 PM      0.00      0.00      0.00      0.00      0.00      0.00      0.00      0.00
05:07:12 PM      0.00      0.00      0.00      0.00      0.00      0.00      0.00      0.00
05:07:17 PM      0.00      0.00      0.00      0.00      0.00      0.00      0.00      0.00
05:07:22 PM      0.00      0.00      0.00      0.00      0.00      0.00      0.00      0.00
05:07:27 PM      0.00      0.00      0.00      0.00      0.00      0.00      0.00      0.00
05:07:32 PM      0.00      0.00      0.00      0.00      0.00      0.00      0.00      0.00
05:07:37 PM      0.00      0.00      0.00      0.00      0.00      0.00      0.00      0.00
05:07:42 PM      0.00      0.00      0.00      0.00      0.00      0.00      0.00      0.00
05:07:47 PM      0.00      0.00      0.00      0.00      0.00      0.00      0.00      0.00
05:07:52 PM      0.00      0.00      0.00      0.00      0.00      0.00      0.00      0.00
05:07:57 PM      0.00      0.00      0.00      0.00      0.00      0.00      0.00      0.00
05:08:02 PM      0.00      0.00      0.00      0.00      0.00      0.00      0.00      0.00
05:08:07 PM      0.00      0.00      0.00      0.00      0.00      0.00      0.00      0.00
05:08:12 PM      0.00      0.00      0.00      0.00      0.00      0.00      0.00      0.00
05:08:17 PM      0.00      0.00      0.00      0.00      0.00      0.00      0.00      0.00
05:08:22 PM      0.00      0.00      0.00      0.00      0.00      0.00      0.00      0.00
05:08:27 PM      0.00      0.00      0.00      0.00      0.00      0.00      0.00      0.00
05:08:32 PM      0.00      0.00      0.00      0.00      0.00      0.00      0.00      0.00
05:08:37 PM      0.00      0.00      0.00      0.00      0.00      0.00      0.00      0.00
05:08:42 PM      0.00      0.00      0.00      0.00      0.00      0.00      0.00      0.00
05:08:47 PM      0.00      0.00      0.00      0.00      0.00      0.00      0.00      0.00
05:08:52 PM      0.00      0.00      0.00      0.00      0.00      0.00      0.00      0.00
05:08:57 PM      0.00      0.00      0.00      0.00      0.00      0.00      0.00      0.00
05:09:02 PM      0.00      0.00      0.00      0.00      0.00      0.00      0.00      0.00
05:09:07 PM      0.00      0.00      0.00      0.00      0.00      0.00      0.00      0.00
05:09:12 PM      0.00      0.00      0.00      0.00      0.00      0.00      0.00      0.00
05:09:17 PM      0.00      0.00      0.00      0.00      0.00      0.00      0.00      0.00
05:09:22 PM      0.00      0.00      0.00      0.00      0.00      0.00      0.00      0.00
05:09:27 PM      0.00      0.00      0.00      0.00      0.00      0.00      0.00      0.00
05:09:32 PM      0.00      0.00      0.00      0.00      0.00      0.00      0.00      0.00
05:09:37 PM      1.63      0.34      0.07      4.51      1.63      0.34      0.07      4.50
05:09:42 PM      0.89      0.31      0.07      0.02      0.89      0.31      0.07      0.02
05:09:47 PM      0.59      0.29      0.07      0.00      0.59      0.29      0.07      0.00
05:09:52 PM      0.32      0.26      0.06      0.00      0.32      0.26      0.06      0.00
05:09:57 PM      0.22      0.24      0.06      0.00      0.22      0.24      0.06      0.00
05:10:02 PM      0.12      0.22      0.06      0.00      0.12      0.22      0.06      0.00
05:10:07 PM      0.08      0.20      0.06      0.02      0.08      0.20      0.06      0.02
05:10:12 PM      0.04      0.18      0.06      0.00      0.04      0.18      0.06      0.00
05:10:17 PM      0.02      0.17      0.06      0.01      0.02      0.17      0.06      0.01
05:10:22 PM      0.01      0.15      0.06      0.00      0.01      0.15      0.06      0.00
05:10:27 PM      0.00      0.14      0.06      0.04      0.00      0.14      0.06      0.04
05:10:32 PM      0.00      0.13      0.05      0.00      0.00      0.13      0.05      0.00
05:10:37 PM      0.00      0.12      0.05      0.03      0.00      0.12      0.05      0.03
05:10:42 PM      0.14      0.14      0.06      0.46      0.14      0.14      0.06      0.46
05:10:47 PM      0.10      0.13      0.06      0.03      0.10      0.13      0.06      0.03
05:10:52 PM      0.05      0.12      0.06      0.00      0.05      0.12      0.06      0.00
05:10:57 PM      0.03      0.11      0.06      0.00      0.03      0.11      0.06      0.00
05:11:02 PM      0.01      0.10      0.05      0.03      0.01      0.10      0.05      0.03
05:11:07 PM      0.01      0.09      0.05      0.00      0.01      0.09      0.05      0.00
05:11:12 PM      0.00      0.08      0.05      0.00      0.00      0.08      0.05      0.00
05:11:17 PM      0.00      0.07      0.05      0.00      0.00      0.07      0.05      0.00
05:11:22 PM      0.00      0.06      0.05      0.02      0.00      0.06      0.05      0.02
05:11:27 PM      0.18      0.09      0.06      0.65      0.18      0.09      0.06      0.65
05:11:32 PM      0.09      0.08      0.05      0.00      0.09      0.08      0.05      0.00
05:11:37 PM      0.06      0.08      0.05      0.00      0.06      0.08      0.05      0.00
05:11:42 PM      0.03      0.07      0.05      0.00      0.03      0.07      0.05      0.00
05:11:47 PM      0.02      0.06      0.05      0.04      0.02      0.06      0.05      0.04
05:11:52 PM      0.01      0.06      0.05      0.00      0.01      0.06      0.05      0.00
05:11:57 PM      0.00      0.05      0.05      0.00      0.00      0.05      0.05      0.00
05:12:02 PM      0.00      0.05      0.05      0.00      0.00      0.05      0.05      0.00
05:12:07 PM      0.00      0.04      0.05      0.00      0.00      0.04      0.05      0.00
05:12:12 PM      0.00      0.04      0.04      0.00      0.00      0.04      0.04      0.00
05:12:17 PM      0.00      0.03      0.04      0.11      0.00      0.03      0.04      0.11
05:12:22 PM      0.00      0.03      0.04      0.00      0.00      0.03      0.04      0.00
05:12:27 PM      0.00      0.03      0.04      0.00      0.00      0.03      0.04      0.00
05:12:32 PM      0.00      0.02      0.04      0.00      0.00      0.02      0.04      0.00
05:12:37 PM      0.00      0.02      0.04      0.00      0.00      0.02      0.04      0.00
05:12:42 PM      0.00      0.02      0.04      0.00      0.00      0.02      0.04      0.00
05:12:47 PM      0.00      0.02      0.04      0.34      0.00      0.02      0.04      0.34
05:12:52 PM      0.00      0.01      0.03      0.00      0.00      0.01      0.03      0.00
05:12:57 PM      0.00      0.01      0.03      0.00      0.00      0.01      0.03      0.00
05:13:02 PM      0.00      0.01      0.03      0.00      0.00      0.01      0.03      0.00
05:13:07 PM      0.00      0.01      0.03      0.00      0.00      0.01      0.03      0.00
05:13:12 PM      0.00      0.01      0.03      0.00      0.00      0.01      0.03      0.00
05:13:17 PM      0.18      0.04      0.04      0.49      0.18      0.04      0.04      0.49
05:13:22 PM      0.09      0.03      0.03      0.00      0.09      0.03      0.03      0.00
05:13:27 PM      0.06      0.03      0.03      0.01      0.06      0.03      0.03      0.01
05:13:32 PM      0.03      0.03      0.03      0.06      0.03      0.03      0.03      0.06
05:13:37 PM      0.02      0.02      0.03      0.08      0.02      0.02      0.03      0.08
05:13:42 PM      0.01      0.02      0.03      0.07      0.01      0.02      0.03      0.07
05:13:47 PM      0.00      0.02      0.03      0.02      0.00      0.02      0.03      0.02
05:13:52 PM      0.00      0.02      0.03      0.24      0.00      0.02      0.03      0.24
05:13:57 PM      6.70      1.28      0.29     15.72      6.52      1.25      0.29     15.71
05:14:02 PM      3.68      1.16      0.29      0.02      3.58      1.13      0.28      0.01
05:14:07 PM      2.46      1.08      0.28      0.00      2.40      1.05      0.28      0.00
05:14:12 PM      1.35      0.98      0.27      0.21      1.31      0.95      0.27      0.21
05:14:17 PM      0.90      0.91      0.27      0.00      0.88      0.89      0.27      0.00
05:14:22 PM      1.04      0.92      0.29      1.50      1.02      0.90      0.28      1.50
05:14:27 PM      0.69      0.86      0.28      0.00      0.68      0.84      0.28      0.00
05:14:32 PM      0.38      0.78      0.27      0.00      0.37      0.76      0.27      0.00
05:14:37 PM      0.25      0.73      0.27      0.05      0.25      0.71      0.27      0.05
05:14:42 PM      0.14      0.66      0.27      0.05      0.13      0.64      0.26      0.05
05:14:47 PM      0.09      0.62      0.26      0.01      0.09      0.60      0.26      0.01
05:14:52 PM      0.05      0.56      0.26      0.04      0.05      0.54      0.25      0.04
05:14:57 PM      0.03      0.52      0.25      0.05      0.03      0.51      0.25      0.05
05:15:02 PM      0.01      0.47      0.25      0.00      0.01      0.46      0.24      0.00
05:15:07 PM      0.01      0.44      0.24      0.00      0.01      0.43      0.24      0.00
05:15:12 PM      0.00      0.40      0.24      0.00      0.00      0.39      0.23      0.00
05:15:17 PM      0.00      0.37      0.23      0.00      0.00      0.36      0.23      0.00
05:15:22 PM      0.00      0.33      0.23      0.00      0.00      0.32      0.22      0.00
05:15:27 PM      0.00      0.31      0.22      0.06      0.00      0.30      0.22      0.06
05:15:32 PM      0.00      0.28      0.22      0.04      0.00      0.27      0.21      0.04
05:15:37 PM      0.00      0.26      0.21      0.00      0.00      0.25      0.21      0.00
05:15:42 PM      0.00      0.24      0.21      0.00      0.00      0.23      0.20      0.00
05:15:47 PM      0.00      0.22      0.20      0.00      0.00      0.21      0.20      0.00
05:15:52 PM      8.15      1.94      0.57     22.18      8.15      1.93      0.57     22.16
05:15:57 PM      5.46      1.81      0.56      0.24      5.46      1.81      0.56      0.22
05:16:02 PM      3.00      1.64      0.55      0.00      3.00      1.64      0.55      0.00
05:16:07 PM      2.01      1.53      0.54      0.00      2.01      1.53      0.54      0.00
05:16:12 PM      1.10      1.39      0.53      0.00      1.10      1.38      0.53      0.00
05:16:17 PM      0.74      1.30      0.53      0.00      0.74      1.29      0.52      0.00
05:16:22 PM      0.40      1.17      0.51      0.00      0.40      1.17      0.51      0.00
05:16:27 PM      0.27      1.10      0.51      0.00      0.27      1.09      0.50      0.00
05:16:32 PM      0.14      0.99      0.49      0.00      0.14      0.99      0.49      0.00
05:16:37 PM      0.09      0.93      0.49      0.00      0.09      0.92      0.48      0.00
05:16:42 PM      0.05      0.84      0.48      0.00      0.05      0.83      0.47      0.00
05:16:47 PM      0.03      0.78      0.47      0.03      0.03      0.78      0.47      0.03
05:16:52 PM      0.01      0.71      0.46      0.00      0.01      0.70      0.46      0.00
05:16:57 PM      0.01      0.66      0.45      0.00      0.01      0.66      0.45      0.00
05:17:02 PM      0.00      0.60      0.44      0.00      0.00      0.60      0.44      0.00
05:17:07 PM      0.00      0.56      0.44      0.00      0.00      0.56      0.43      0.00
05:17:12 PM      0.00      0.50      0.43      0.00      0.00      0.50      0.42      0.00
05:17:17 PM      0.00      0.47      0.42      0.00      0.00      0.47      0.42      0.00
05:17:22 PM      0.00      0.42      0.41      0.00      0.00      0.42      0.41      0.00
05:17:27 PM      0.00      0.40      0.40      0.03      0.00      0.40      0.40      0.03
05:17:32 PM      0.00      0.36      0.40      0.04      0.00      0.36      0.39      0.04
05:17:37 PM      0.00      0.33      0.39      0.01      0.00      0.33      0.39      0.01
05:17:42 PM      0.00      0.30      0.38      0.00      0.00      0.30      0.38      0.00
05:17:47 PM      0.00      0.28      0.38      0.00      0.00      0.28      0.37      0.00
05:17:52 PM      0.00      0.25      0.37      0.32      0.00      0.25      0.36      0.32
05:17:57 PM      0.00      0.24      0.36      0.00      0.00      0.24      0.36      0.00
05:18:02 PM      0.00      0.21      0.35      0.00      0.00      0.21      0.35      0.00
05:18:07 PM      0.00      0.20      0.35      0.01      0.00      0.20      0.35      0.01
05:18:12 PM      0.00      0.18      0.34      0.00      0.00      0.18      0.34      0.00
05:18:17 PM      0.00      0.16      0.33      0.00      0.00      0.16      0.33      0.00
05:18:22 PM      0.00      0.15      0.33      0.00      0.00      0.15      0.33      0.00
05:18:27 PM      0.00      0.14      0.32      0.00      0.00      0.14      0.32      0.00
05:18:32 PM      0.00      0.12      0.32      0.00      0.00      0.12      0.31      0.00
05:18:37 PM      0.00      0.12      0.31      0.00      0.00      0.12      0.31      0.00
05:18:42 PM      0.00      0.10      0.30      0.11      0.00      0.10      0.30      0.11
05:18:47 PM      0.00      0.10      0.30      0.00      0.00      0.10      0.30      0.00
05:18:52 PM      0.00      0.09      0.29      0.00      0.00      0.09      0.29      0.00
05:18:57 PM      0.00      0.08      0.29      0.02      0.00      0.08      0.28      0.01
05:19:02 PM      0.00      0.07      0.28      0.00      0.00      0.07      0.28      0.00
05:19:07 PM      0.00      0.06      0.27      0.00      0.00      0.06      0.27      0.00
05:19:12 PM      0.00      0.06      0.27      0.03      0.00      0.06      0.27      0.03
05:19:17 PM      0.00      0.05      0.27      0.00      0.00      0.05      0.26      0.00
05:19:22 PM      0.00      0.05      0.26      0.03      0.00      0.05      0.26      0.02
05:19:27 PM      0.00      0.04      0.26      0.00      0.00      0.04      0.25      0.00
05:19:32 PM      0.00      0.04      0.25      0.00      0.00      0.04      0.25      0.00
05:19:37 PM      0.00      0.03      0.25      0.00      0.00      0.03      0.24      0.00
05:19:42 PM      0.00      0.03      0.24      0.00      0.00      0.03      0.24      0.00
05:19:47 PM      0.00      0.03      0.24      0.10      0.00      0.03      0.23      0.10
05:19:52 PM      0.18      0.06      0.24      0.41      0.18      0.06      0.24      0.41
05:19:57 PM      0.12      0.05      0.23      0.00      0.12      0.05      0.23      0.00
05:20:02 PM      0.06      0.05      0.23      0.00      0.06      0.05      0.23      0.00
05:20:07 PM      0.04      0.04      0.22      0.00      0.04      0.04      0.22      0.00
05:20:12 PM      0.02      0.04      0.22      0.00      0.02      0.04      0.22      0.00
05:20:17 PM      0.01      0.03      0.21      0.00      0.01      0.03      0.21      0.00
05:20:22 PM      0.00      0.03      0.21      0.00      0.00      0.03      0.21      0.00
05:20:27 PM      0.00      0.03      0.20      0.00      0.00      0.03      0.20      0.00
05:20:32 PM      0.00      0.02      0.20      0.00      0.00      0.02      0.20      0.00
05:20:37 PM      0.00      0.02      0.20      0.00      0.00      0.02      0.20      0.00
05:20:42 PM      0.00      0.02      0.19      0.00      0.00      0.02      0.19      0.00
05:20:47 PM      0.00      0.02      0.19      0.00      0.00      0.02      0.19      0.00
05:20:52 PM      0.00      0.01      0.19      0.04      0.00      0.01      0.18      0.04
05:20:57 PM      0.00      0.01      0.18      0.00      0.00      0.01      0.18      0.00
05:21:02 PM      0.00      0.01      0.18      0.00      0.00      0.01      0.18      0.00
05:21:07 PM      0.00      0.01      0.18      0.00      0.00      0.01      0.17      0.00
05:21:12 PM      0.00      0.01      0.17      0.00      0.00      0.01      0.17      0.00
05:21:17 PM      0.00      0.01      0.17      0.00      0.00      0.01      0.17      0.00
05:21:22 PM      0.00      0.00      0.16      0.01      0.00      0.00      0.16      0.01
05:21:27 PM      0.00      0.00      0.16      0.00      0.00      0.00      0.16      0.00
05:21:32 PM      0.00      0.00      0.16      0.00      0.00      0.00      0.16      0.00
05:21:37 PM      0.00      0.00      0.15      0.00      0.00      0.00      0.15      0.00
05:21:42 PM      0.00      0.00      0.15      0.00      0.00      0.00      0.15      0.00
05:21:47 PM      0.00      0.00      0.15      0.00      0.00      0.00      0.15      0.00
05:21:52 PM      0.18      0.03      0.15      0.55      0.18      0.03      0.15      0.55
05:21:57 PM      0.48      0.09      0.16     14.99      0.48      0.09      0.16     14.99
05:22:02 PM      5.24      1.34      0.43      2.05      5.24      1.34      0.43      2.04
05:22:07 PM      3.51      1.25      0.43      0.01      3.51      1.25      0.43      0.01
05:22:12 PM      1.93      1.13      0.42      0.00      1.93      1.13      0.42      0.00
05:22:17 PM      1.29      1.06      0.41      0.00      1.29      1.06      0.41      0.00
05:22:22 PM      0.70      0.96      0.40      0.49      0.70      0.96      0.40      0.49
05:22:27 PM      0.92      0.99      0.42      1.07      0.92      0.99      0.42      1.07
05:22:32 PM      0.50      0.89      0.41      0.00      0.50      0.89      0.41      0.00
05:22:37 PM      0.33      0.83      0.40      0.00      0.33      0.83      0.40      0.00
05:22:42 PM      0.18      0.75      0.39      0.00      0.18      0.75      0.39      0.00
05:22:47 PM      0.12      0.70      0.39      0.16      0.12      0.70      0.39      0.16
05:22:52 PM      0.06      0.64      0.38      0.00      0.06      0.64      0.38      0.00
05:22:57 PM      0.19      0.63      0.38      0.51      0.19      0.63      0.38      0.51
05:23:02 PM      0.10      0.57      0.37      0.00      0.10      0.57      0.37      0.00
05:23:07 PM      0.07      0.53      0.37      0.00      0.07      0.53      0.37      0.00
05:23:12 PM      0.03      0.48      0.36      0.00      0.03      0.48      0.36      0.00
05:23:17 PM      0.02      0.45      0.35      0.00      0.02      0.45      0.35      0.00
05:23:22 PM      0.01      0.40      0.34      0.00      0.01      0.40      0.34      0.00
05:23:27 PM      0.19      0.41      0.35      0.49      0.19      0.41      0.35      0.49
05:23:32 PM      0.10      0.37      0.34      0.02      0.10      0.37      0.34      0.01
05:23:37 PM      0.06      0.34      0.33      0.00      0.06      0.34      0.33      0.00
05:23:42 PM      0.03      0.31      0.33      0.00      0.03      0.31      0.33      0.00
05:23:47 PM      0.02      0.29      0.32      0.00      0.02      0.29      0.32      0.00
05:23:52 PM      0.73      0.39      0.34      1.80      0.73      0.39      0.34      1.80
05:23:57 PM      1.03      0.46      0.36      3.46      1.03      0.46      0.36      3.46
05:24:02 PM      1.05      0.54      0.38      0.00      1.05      0.54      0.38      0.00
05:24:07 PM      0.70      0.51      0.37      0.00      0.70      0.51      0.37      0.00
05:24:12 PM      0.38      0.46      0.36      0.00      0.38      0.46      0.36      0.00
05:24:17 PM      0.25      0.43      0.36      0.00      0.25      0.43      0.36      0.00
05:24:22 PM      0.14      0.39      0.35      0.00      0.14      0.39      0.35      0.00
05:24:27 PM      0.09      0.36      0.34      0.08      0.09      0.36      0.34      0.02
05:24:32 PM      0.05      0.32      0.34      0.00      0.05      0.32      0.34      0.00
05:24:37 PM      0.03      0.30      0.33      0.11      0.03      0.30      0.33      0.11
05:24:42 PM      0.01      0.27      0.32      0.00      0.01      0.27      0.32      0.00
05:24:47 PM      0.01      0.25      0.32      0.00      0.01      0.25      0.32      0.00
05:24:52 PM      0.00      0.23      0.31      0.00      0.00      0.23      0.31      0.00
05:24:57 PM      0.00      0.21      0.31      0.00      0.00      0.21      0.31      0.00
05:25:02 PM      0.00      0.19      0.30      0.00      0.00      0.19      0.30      0.00
05:25:07 PM      0.00      0.18      0.30      0.02      0.00      0.18      0.29      0.01
05:25:12 PM      0.00      0.16      0.29      0.04      0.00      0.16      0.29      0.04
05:25:17 PM      0.00      0.15      0.28      0.00      0.00      0.15      0.28      0.00
05:25:22 PM      0.00      0.13      0.28      0.01      0.00      0.13      0.28      0.01
05:25:27 PM      0.00      0.12      0.27      0.00      0.00      0.12      0.27      0.00
05:25:32 PM      0.00      0.11      0.27      0.01      0.00      0.11      0.27      0.01
05:25:37 PM      0.00      0.10      0.26      0.00      0.00      0.10      0.26      0.00
05:25:42 PM      0.00      0.09      0.26      0.00      0.00      0.09      0.26      0.00
05:25:47 PM      0.00      0.09      0.25      0.08      0.00      0.09      0.25      0.08
05:25:52 PM      0.00      0.08      0.25      0.65      0.00      0.08      0.25      0.65
05:25:57 PM      2.07      0.51      0.34      5.06      2.07      0.51      0.34      5.06
05:26:02 PM      1.13      0.46      0.33      0.00      1.13      0.46      0.33      0.00
05:26:07 PM      0.76      0.43      0.33      0.00      0.76      0.43      0.33      0.00
05:26:12 PM      0.41      0.39      0.32      0.01      0.41      0.39      0.32      0.01
05:26:17 PM      0.28      0.37      0.31      0.03      0.28      0.37      0.31      0.03
05:26:22 PM      0.15      0.33      0.31      0.10      0.15      0.33      0.31      0.10
05:26:27 PM      0.10      0.31      0.30      0.00      0.10      0.31      0.30      0.00
05:26:32 PM      0.05      0.28      0.30      0.00      0.05      0.28      0.29      0.00
05:26:37 PM      0.03      0.26      0.29      0.02      0.03      0.26      0.29      0.01
05:26:42 PM      0.01      0.23      0.28      0.00      0.01      0.23      0.28      0.00
05:26:47 PM      0.01      0.22      0.28      0.02      0.01      0.22      0.28      0.01
05:26:52 PM      0.00      0.20      0.27      0.13      0.00      0.20      0.27      0.13
05:26:57 PM      0.00      0.18      0.27      0.00      0.00      0.18      0.27      0.00
05:27:02 PM      0.00      0.16      0.26      0.00      0.00      0.16      0.26      0.00
05:27:07 PM      0.00      0.15      0.26      0.01      0.00      0.15      0.26      0.01
05:27:12 PM      0.00      0.14      0.25      0.03      0.00      0.14      0.25      0.03
05:27:17 PM      0.00      0.13      0.25      0.00      0.00      0.13      0.25      0.00
05:27:22 PM      0.00      0.11      0.24      0.00      0.00      0.11      0.24      0.00
05:27:27 PM      0.00      0.11      0.24      0.02      0.00      0.11      0.24      0.01
05:27:32 PM      0.00      0.10      0.23      0.33      0.00      0.10      0.23      0.33
05:27:37 PM      0.00      0.09      0.23      0.01      0.00      0.09      0.23      0.01
05:27:42 PM      0.00      0.08      0.22      0.12      0.00      0.08      0.22      0.12
05:27:47 PM      0.00      0.07      0.22      0.03      0.00      0.07      0.22      0.03
05:27:52 PM      0.00      0.06      0.21      0.00      0.00      0.06      0.21      0.00
05:27:57 PM      0.00      0.06      0.21      0.18      0.00      0.06      0.21      0.18
05:28:02 PM      0.00      0.05      0.21      0.00      0.00      0.05      0.20      0.00
05:28:07 PM      0.00      0.05      0.20      0.01      0.00      0.05      0.20      0.00
05:28:12 PM      0.00      0.04      0.20      0.00      0.00      0.04      0.20      0.00
05:28:17 PM      0.00      0.04      0.20      0.04      0.00      0.04      0.19      0.04
05:28:22 PM      0.00      0.03      0.19      0.00      0.00      0.03      0.19      0.00
05:28:27 PM      0.00      0.03      0.19      0.00      0.00      0.03      0.19      0.00
05:28:32 PM      0.00      0.03      0.18      0.00      0.00      0.03      0.18      0.00
05:28:37 PM      0.00      0.02      0.18      0.00      0.00      0.02      0.18      0.00
05:28:42 PM      0.00      0.02      0.18      0.00      0.00      0.02      0.18      0.00
05:28:47 PM      0.00      0.02      0.17      0.01      0.00      0.02      0.17      0.01
05:28:52 PM      0.00      0.02      0.17      0.00      0.00      0.02      0.17      0.00
05:28:57 PM      0.00      0.01      0.17      0.02      0.00      0.01      0.16      0.01
05:29:02 PM      0.00      0.01      0.16      0.00      0.00      0.01      0.16      0.00
05:29:07 PM      0.00      0.01      0.16      0.00      0.00      0.01      0.16      0.00
05:29:12 PM      0.00      0.01      0.15      0.00      0.00      0.01      0.15      0.00
05:29:17 PM      0.00      0.01      0.15      0.04      0.00      0.01      0.15      0.04
05:29:22 PM      0.00      0.01      0.15      0.00      0.00      0.01      0.15      0.00
05:29:27 PM      0.00      0.00      0.14      0.14      0.00      0.00      0.14      0.02
05:29:32 PM      0.00      0.00      0.14      0.00      0.00      0.00      0.14      0.00
05:29:37 PM      0.00      0.00      0.14      0.13      0.00      0.00      0.14      0.13
05:29:42 PM      0.00      0.00      0.13      0.00      0.00      0.00      0.13      0.00
05:29:47 PM      0.00      0.00      0.13      0.05      0.00      0.00      0.13      0.05
05:29:52 PM      0.00      0.00      0.13      0.00      0.00      0.00      0.13      0.00
05:29:57 PM      0.65      0.13      0.15      2.22      0.65      0.13      0.15      2.22
05:30:02 PM      0.44      0.12      0.15      8.43      0.44      0.12      0.15      8.42
05:30:07 PM      2.67      0.72      0.28      1.11      2.67      0.72      0.28      1.11
05:30:12 PM      2.08      0.74      0.29      0.00      2.08      0.74      0.29      0.00
05:30:17 PM      1.14      0.66      0.28      0.34      1.14      0.66      0.28      0.34
05:30:22 PM      0.76      0.62      0.28      0.00      0.76      0.62      0.28      0.00
05:30:27 PM      0.42      0.56      0.27      0.00      0.42      0.56      0.27      0.00
05:30:32 PM      0.28      0.52      0.27      0.00      0.28      0.52      0.27      0.00
05:30:37 PM      0.15      0.47      0.26      0.02      0.15      0.47      0.26      0.02
05:30:42 PM      0.10      0.44      0.26      0.00      0.10      0.44      0.26      0.00
05:30:47 PM      0.05      0.40      0.25      0.00      0.05      0.40      0.25      0.00
05:30:52 PM      0.03      0.37      0.25      5.86      0.03      0.37      0.25      5.86
05:30:57 PM      1.72      0.76      0.34      0.00      1.72      0.76      0.34      0.00
05:31:02 PM      1.15      0.71      0.33      0.00      1.15      0.71      0.33      0.00
05:31:07 PM      0.63      0.64      0.33      0.00      0.63      0.64      0.33      0.00
05:31:12 PM      0.42      0.60      0.32      0.00      0.42      0.60      0.32      0.00
05:31:17 PM      0.23      0.54      0.32      0.32      0.23      0.54      0.31      0.32
05:31:22 PM      0.15      0.51      0.31      0.00      0.15      0.51      0.31      0.00
05:31:27 PM      0.08      0.46      0.30      0.00      0.08      0.46      0.30      0.00
05:31:32 PM      0.05      0.43      0.30      0.00      0.05      0.43      0.30      0.00
05:31:37 PM      0.03      0.39      0.29      0.00      0.03      0.39      0.29      0.00
05:31:42 PM      0.01      0.36      0.29      0.00      0.01      0.36      0.29      0.00
05:31:47 PM      0.01      0.32      0.28      0.04      0.01      0.32      0.28      0.04
05:31:52 PM      0.00      0.30      0.27      0.00      0.00      0.30      0.27      0.00
05:31:57 PM      0.00      0.27      0.27      2.32      0.00      0.27      0.27      2.32
05:32:02 PM      0.59      0.38      0.29      0.00      0.59      0.38      0.29      0.00
05:32:07 PM      0.32      0.34      0.29      0.12      0.32      0.34      0.29      0.12
05:32:12 PM      0.21      0.32      0.28      0.00      0.21      0.32      0.28      0.00
05:32:17 PM      0.11      0.29      0.27      0.00      0.11      0.29      0.27      0.00
05:32:22 PM      0.37      0.33      0.28      0.83      0.37      0.33      0.28      0.82
05:32:27 PM      0.20      0.30      0.28      0.00      0.20      0.30      0.28      0.00
05:32:32 PM      0.13      0.28      0.27      0.02      0.13      0.28      0.27      0.02
05:32:37 PM      0.07      0.25      0.27      0.00      0.07      0.25      0.27      0.00
05:32:42 PM      0.04      0.24      0.26      0.00      0.04      0.24      0.26      0.00
05:32:47 PM      0.02      0.21      0.26      0.00      0.02      0.21      0.26      0.00
05:32:52 PM      0.01      0.20      0.25      0.01      0.01      0.20      0.25      0.01
05:32:57 PM      0.00      0.18      0.25      0.16      0.00      0.18      0.25      0.16
05:33:02 PM      0.00      0.17      0.24      0.00      0.00      0.17      0.24      0.00
05:33:07 PM      0.00      0.15      0.24      0.00      0.00      0.15      0.24      0.00
05:33:12 PM      0.00      0.14      0.23      0.02      0.00      0.14      0.23      0.01
05:33:17 PM      0.00      0.12      0.23      0.00      0.00      0.12      0.23      0.00
05:33:22 PM      0.00      0.12      0.22      0.00      0.00      0.12      0.22      0.00
05:33:27 PM      0.00      0.10      0.22      0.07      0.00      0.10      0.22      0.07
05:33:32 PM      0.00      0.10      0.21      0.00      0.00      0.10      0.21      0.00
05:33:37 PM      0.00      0.09      0.21      0.00      0.00      0.09      0.21      0.00
05:33:42 PM      0.00      0.08      0.21      0.00      0.00      0.08      0.21      0.00
05:33:47 PM      0.00      0.07      0.20      0.00      0.00      0.07      0.20      0.00
05:33:52 PM      0.00      0.06      0.20      0.00      0.00      0.06      0.20      0.00
05:33:57 PM      0.00      0.06      0.19      0.05      0.00      0.06      0.19      0.05
05:34:02 PM      0.29      0.12      0.21      1.06      0.29      0.12      0.21      1.06
05:34:07 PM      0.16      0.10      0.20      0.00      0.16      0.10      0.20      0.00
05:34:12 PM      0.10      0.10      0.20      0.00      0.10      0.10      0.20      0.00
05:34:17 PM      0.05      0.09      0.19      0.00      0.05      0.09      0.19      0.00
05:34:22 PM      0.03      0.08      0.19      0.00      0.03      0.08      0.19      0.00
05:34:27 PM      0.02      0.07      0.19      0.08      0.02      0.07      0.19      0.06
05:34:32 PM      0.01      0.07      0.18      0.10      0.01      0.07      0.18      0.10
05:34:37 PM      0.00      0.06      0.18      0.00      0.00      0.06      0.18      0.00
05:34:42 PM      0.00      0.05      0.18      0.01      0.00      0.05      0.18      0.01
05:34:47 PM      0.00      0.05      0.17      0.00      0.00      0.05      0.17      0.00
05:34:52 PM      0.00      0.04      0.17      0.00      0.00      0.04      0.17      0.00
05:34:57 PM      0.00      0.04      0.16      0.05      0.00      0.04      0.16      0.05
05:35:02 PM      0.00      0.04      0.16      0.09      0.00      0.04      0.16      0.09
05:35:07 PM      0.00      0.03      0.16      0.00      0.00      0.03      0.16      0.00
05:35:12 PM      0.00      0.03      0.15      0.02      0.00      0.03      0.15      0.02
05:35:17 PM      0.00      0.02      0.15      0.00      0.00      0.02      0.15      0.00
05:35:22 PM      0.00      0.02      0.15      0.03      0.00      0.02      0.15      0.03
05:35:27 PM      0.00      0.02      0.14      0.00      0.00      0.02      0.14      0.00
05:35:32 PM      0.00      0.02      0.14      0.04      0.00      0.02      0.14      0.04
05:35:37 PM      0.00      0.01      0.14      0.00      0.00      0.01      0.14      0.00
05:35:42 PM      0.00      0.01      0.13      0.00      0.00      0.01      0.13      0.00
05:35:47 PM      0.00      0.01      0.13      0.00      0.00      0.01      0.13      0.00
05:35:52 PM      0.00      0.01      0.13      0.00      0.00      0.01      0.13      0.00
05:35:57 PM      0.00      0.01      0.13      0.02      0.00      0.01      0.13      0.02
05:36:02 PM      0.00      0.01      0.12      0.00      0.00      0.01      0.12      0.00
05:36:07 PM      0.54      0.10      0.14      1.43      0.54      0.10      0.14      1.43
05:36:12 PM      0.36      0.10      0.14      0.00      0.36      0.10      0.14      0.00
05:36:17 PM      0.19      0.09      0.14      0.00      0.19      0.09      0.14      0.00
05:36:22 PM      0.13      0.08      0.13      0.00      0.13      0.08      0.13      0.00
05:36:27 PM      0.07      0.07      0.13      0.00      0.07      0.07      0.13      0.00
05:36:32 PM      0.04      0.06      0.13      0.00      0.04      0.06      0.13      0.00
05:36:37 PM      0.02      0.06      0.13      0.01      0.02      0.06      0.13      0.01
05:36:42 PM      0.01      0.05      0.12      0.00      0.01      0.05      0.12      0.00
05:36:47 PM      0.00      0.05      0.12      0.00      0.00      0.05      0.12      0.00
05:36:52 PM      0.00      0.04      0.12      0.00      0.00      0.04      0.12      0.00
05:36:57 PM      0.00      0.04      0.12      0.00      0.00      0.04      0.12      0.00
05:37:02 PM      0.00      0.03      0.11      0.00      0.00      0.03      0.11      0.00
05:37:07 PM      0.00      0.03      0.11      0.00      0.00      0.03      0.11      0.00
05:37:12 PM      0.00      0.03      0.11      0.17      0.00      0.03      0.11      0.17
05:37:17 PM      0.00      0.02      0.11      0.00      0.00      0.02      0.11      0.00
05:37:22 PM      0.00      0.02      0.10      0.00      0.00      0.02      0.10      0.00
05:37:27 PM      0.00      0.02      0.10      0.00      0.00      0.02      0.10      0.00
05:37:32 PM      0.00      0.02      0.10      0.07      0.00      0.02      0.10      0.07
05:37:37 PM      0.00      0.01      0.10      0.00      0.00      0.01      0.10      0.00
05:37:42 PM      0.00      0.01      0.09      0.00      0.00      0.01      0.09      0.00
05:37:47 PM      0.00      0.01      0.09      0.00      0.00      0.01      0.09      0.00
05:37:52 PM      0.00      0.01      0.09      0.00      0.00      0.01      0.09      0.00
05:37:57 PM      0.00      0.01      0.09      0.01      0.00      0.01      0.09      0.01
05:38:02 PM      0.00      0.01      0.08      0.01      0.00      0.01      0.08      0.01
05:38:07 PM      9.05      1.64      0.42     20.90      9.05      1.64      0.42     20.90
05:38:12 PM     29.54      5.97      1.35     89.56     29.54      5.97      1.35     89.51
05:38:17 PM     30.32      8.88      2.09     10.68     30.32      8.88      2.09     10.68
05:38:22 PM     20.33      8.31      2.06      0.00     20.33      8.31      2.06      0.00
05:38:27 PM     11.16      7.52      2.02      0.01     11.16      7.52      2.02      0.01
05:38:32 PM      7.48      7.03      1.99      0.00      7.48      7.03      1.99      0.00
05:38:37 PM      4.47      6.43      1.96      1.81      4.47      6.43      1.96      1.81
05:38:42 PM      4.49      6.30      2.00      3.41      4.49      6.30      2.00      3.41
05:38:47 PM      2.46      5.70      1.95      0.00      2.46      5.70      1.95      0.00
05:38:52 PM      1.65      5.34      1.93      0.02      1.65      5.34      1.93      0.02
05:38:57 PM     11.05      6.66      2.27     32.09     11.05      6.66      2.27     32.06
05:39:02 PM     11.71      7.15      2.44      2.16     11.71      7.15      2.44      2.16
05:39:07 PM      6.43      6.47      2.39      0.00      6.43      6.47      2.39      0.00
05:39:12 PM      4.31      6.05      2.35      0.00      4.31      6.05      2.35      0.00
05:39:17 PM      2.36      5.48      2.30      0.00      2.36      5.48      2.30      0.00
05:39:22 PM      1.58      5.12      2.27      0.03      1.58      5.12      2.27      0.03
05:39:27 PM      0.87      4.64      2.23      0.09      0.87      4.64      2.23      0.06
05:39:32 PM      0.58      4.34      2.19      0.01      0.58      4.34      2.19      0.01
05:39:37 PM      0.31      3.92      2.15      0.01      0.31      3.92      2.15      0.00
05:39:42 PM      0.21      3.67      2.12      0.00      0.21      3.67      2.12      0.00
05:39:47 PM      0.11      3.32      2.08      0.00      0.11      3.32      2.08      0.00
05:39:52 PM      0.07      3.11      2.05      0.05      0.07      3.11      2.05      0.05
05:39:57 PM      0.04      2.81      2.00      0.05      0.04      2.81      2.00      0.05
05:40:02 PM      0.02      2.63      1.98      0.00      0.02      2.63      1.98      0.00
05:40:07 PM      0.01      2.38      1.93      0.00      0.01      2.38      1.93      0.00
05:40:12 PM      0.00      2.22      1.91      0.00      0.00      2.22      1.91      0.00
05:40:17 PM      0.74      2.17      1.90      2.18      0.74      2.17      1.90      2.18
05:40:22 PM      0.50      2.03      1.88      0.00      0.50      2.03      1.88      0.00
05:40:27 PM      0.27      1.84      1.84      0.02      0.27      1.84      1.84      0.02
05:40:32 PM      0.18      1.72      1.81      0.00      0.18      1.72      1.81      0.00
05:40:37 PM      0.10      1.55      1.77      0.00      0.10      1.55      1.77      0.00
05:40:42 PM      0.06      1.45      1.75      0.00      0.06      1.45      1.75      0.00
05:40:47 PM      0.03      1.31      1.71      0.00      0.03      1.31      1.71      0.00
05:40:52 PM      0.02      1.23      1.69      0.00      0.02      1.23      1.69      0.00
05:40:57 PM      0.01      1.11      1.65      0.03      0.01      1.11      1.65      0.03
05:41:02 PM      0.00      1.04      1.63      0.00      0.00      1.04      1.63      0.00
05:41:07 PM      0.00      0.94      1.60      0.00      0.00      0.94      1.60      0.00
05:41:12 PM      0.00      0.88      1.57      0.00      0.00      0.88      1.57      0.00
05:41:17 PM      0.00      0.79      1.54      0.00      0.00      0.79      1.54      0.00
05:41:22 PM      0.00      0.74      1.52      0.00      0.00      0.74      1.52      0.00
05:41:27 PM      0.00      0.67      1.49      0.00      0.00      0.67      1.49      0.00
05:41:32 PM      0.00      0.62      1.47      0.02      0.00      0.62      1.47      0.02
05:41:37 PM      0.00      0.56      1.44      0.00      0.00      0.56      1.44      0.00
05:41:42 PM      0.00      0.53      1.42      0.00      0.00      0.53      1.42      0.00
05:41:47 PM      0.00      0.48      1.39      0.00      0.00      0.48      1.39      0.00
05:41:52 PM      0.00      0.44      1.37      0.01      0.00      0.44      1.37      0.01
05:41:57 PM      0.00      0.40      1.34      0.35      0.00      0.40      1.34      0.35
05:42:02 PM      0.00      0.37      1.32      0.03      0.00      0.37      1.32      0.03
05:42:07 PM      0.00      0.34      1.29      0.01      0.00      0.34      1.29      0.01
05:42:12 PM      0.00      0.31      1.27      0.03      0.00      0.31      1.27      0.03
05:42:17 PM      0.14      0.31      1.25      0.50      0.14      0.31      1.25      0.50
05:42:22 PM      0.09      0.29      1.24      0.07      0.09      0.29      1.24      0.07
05:42:27 PM      0.05      0.26      1.21      0.01      0.05      0.26      1.21      0.00
05:42:32 PM      0.03      0.25      1.19      0.03      0.03      0.25      1.19      0.03
05:42:37 PM      0.01      0.22      1.17      0.00      0.01      0.22      1.17      0.00
05:42:42 PM      0.01      0.21      1.15      0.00      0.01      0.21      1.15      0.00
05:42:47 PM      0.00      0.19      1.13      0.00      0.00      0.19      1.13      0.00
05:42:52 PM      0.00      0.17      1.11      0.00      0.00      0.17      1.11      0.00
05:42:57 PM      0.00      0.16      1.09      0.00      0.00      0.16      1.09      0.00
05:43:02 PM      1.18      0.40      1.13      3.26      1.18      0.40      1.13      3.26
05:43:07 PM      0.83      0.39      1.11      0.42      0.83      0.39      1.11      0.42
05:43:12 PM      0.55      0.37      1.10      0.00      0.55      0.37      1.10      0.00
05:43:17 PM      0.30      0.33      1.07      0.00      0.30      0.33      1.07      0.00
05:43:22 PM      0.20      0.31      1.06      0.00      0.20      0.31      1.06      0.00
05:43:27 PM      0.11      0.28      1.04      0.00      0.11      0.28      1.04      0.00
05:43:32 PM      0.07      0.26      1.02      0.00      0.07      0.26      1.02      0.00
05:43:37 PM      0.04      0.23      1.00      0.00      0.04      0.23      1.00      0.00
05:43:42 PM      0.02      0.22      0.98      0.00      0.02      0.22      0.98      0.00
05:43:47 PM      0.01      0.20      0.96      0.00      0.01      0.20      0.96      0.00
05:43:52 PM      0.00      0.18      0.95      0.00      0.00      0.18      0.95      0.00
05:43:57 PM      0.00      0.16      0.93      0.01      0.00      0.16      0.93      0.01
05:44:02 PM      0.00      0.15      0.92      0.00      0.00      0.15      0.92      0.00
05:44:07 PM      0.00      0.14      0.90      0.00      0.00      0.14      0.90      0.00
05:44:12 PM      0.00      0.13      0.88      0.00      0.00      0.13      0.88      0.00
05:44:17 PM      0.00      0.11      0.87      0.48      0.00      0.11      0.87      0.48
05:44:22 PM      0.00      0.11      0.85      0.06      0.00      0.11      0.85      0.06
05:44:27 PM      0.00      0.10      0.83      0.12      0.00      0.10      0.83      0.06
05:44:32 PM      0.00      0.09      0.82      0.00      0.00      0.09      0.82      0.00
05:44:37 PM      0.00      0.08      0.81      0.00      0.00      0.08      0.81      0.00
05:44:42 PM      0.00      0.07      0.79      0.00      0.00      0.07      0.79      0.00
05:44:47 PM      0.00      0.06      0.78      0.00      0.00      0.06      0.78      0.00
05:44:52 PM      0.00      0.06      0.77      0.00      0.00      0.06      0.77      0.00
05:44:57 PM      0.00      0.05      0.75      0.00      0.00      0.05      0.75      0.00
05:45:02 PM      0.00      0.05      0.74      0.00      0.00      0.05      0.74      0.00
05:45:07 PM      0.00      0.04      0.72      0.00      0.00      0.04      0.72      0.00
05:45:12 PM     10.32      1.90      1.10     21.98     10.32      1.90      1.10     21.98
05:45:17 PM      5.66      1.72      1.08      0.00      5.66      1.72      1.08      0.00
05:45:22 PM      3.80      1.61      1.06      0.00      3.80      1.61      1.06      0.00
05:45:27 PM      2.08      1.46      1.04      0.00      2.08      1.46      1.04      0.00
05:45:32 PM      1.39      1.36      1.03      0.00      1.39      1.36      1.03      0.00
05:45:37 PM      0.76      1.23      1.00      0.00      0.76      1.23      1.00      0.00
05:45:42 PM      0.51      1.15      0.99      0.00      0.51      1.15      0.99      0.00
05:45:47 PM      0.28      1.04      0.97      0.00      0.28      1.04      0.97      0.00
05:45:52 PM      0.18      0.97      0.96      0.01      0.18      0.97      0.96      0.01
05:45:57 PM      0.10      0.88      0.93      0.00      0.10      0.88      0.93      0.00
05:46:02 PM      0.06      0.82      0.92      0.00      0.06      0.82      0.92      0.00
05:46:07 PM      0.21      0.78      0.91      4.88      0.21      0.78      0.91      4.87
05:46:12 PM      9.19      2.66      1.31     20.10      9.19      2.66      1.31     20.09
05:46:17 PM      5.04      2.40      1.28      0.00      5.04      2.40      1.28      0.00
05:46:22 PM      9.18      3.29      1.48     12.92      9.18      3.29      1.48     12.92
05:46:27 PM      5.78      3.14      1.49      2.08      5.78      3.14      1.49      2.08
05:46:32 PM      3.87      2.94      1.47      0.00      3.87      2.94      1.47      0.00
05:46:37 PM      2.12      2.66      1.44      0.00      2.12      2.66      1.44      0.00
05:46:42 PM      1.42      2.48      1.42      0.00      1.42      2.48      1.42      0.00
05:46:47 PM      0.78      2.25      1.39      0.00      0.78      2.25      1.39      0.00
05:46:52 PM      0.52      2.10      1.37      0.00      0.52      2.10      1.37      0.00
05:46:57 PM      0.28      1.90      1.34      0.00      0.28      1.90      1.34      0.00
05:47:02 PM      8.93      3.38      1.66     35.88      8.93      3.38      1.66     35.86
05:47:07 PM     12.00      4.78      2.00      7.11     12.00      4.78      2.00      7.11
05:47:12 PM      8.04      4.47      1.97      0.00      8.04      4.47      1.97      0.00
05:47:17 PM      4.41      4.05      1.93      0.00      4.41      4.05      1.93      0.00
05:47:22 PM      2.96      3.79      1.90      0.00      2.96      3.79      1.90      0.00
05:47:27 PM      1.62      3.43      1.86      0.00      1.62      3.43      1.86      0.00
05:47:32 PM      1.08      3.20      1.84      0.15      1.08      3.20      1.84      0.15
05:47:37 PM      0.59      2.90      1.80      0.04      0.59      2.90      1.80      0.04
05:47:42 PM      0.40      2.71      1.78      0.02      0.40      2.71      1.78      0.02
05:47:47 PM      0.21      2.45      1.74      0.00      0.21      2.45      1.74      0.00
05:47:52 PM      0.14      2.29      1.71      0.02      0.14      2.29      1.71      0.02
05:47:57 PM      0.07      2.07      1.68      0.02      0.07      2.07      1.68      0.02
05:48:02 PM      0.05      1.94      1.66      0.03      0.05      1.94      1.66      0.03
05:48:07 PM      0.02      1.75      1.62      0.00      0.02      1.75      1.62      0.00
05:48:12 PM      0.01      1.64      1.60      0.00      0.01      1.64      1.60      0.00
05:48:17 PM      0.00      1.48      1.56      0.00      0.00      1.48      1.56      0.00
05:48:22 PM      0.00      1.39      1.54      0.00      0.00      1.39      1.54      0.00
05:48:27 PM      1.44      1.60      1.59      4.89      1.44      1.60      1.59      4.88
05:48:32 PM      0.97      1.49      1.56      0.02      0.97      1.49      1.56      0.02
05:48:37 PM      0.53      1.35      1.53      0.00      0.53      1.35      1.53      0.00
05:48:42 PM      0.35      1.26      1.51      0.00      0.35      1.26      1.51      0.00
05:48:47 PM      0.19      1.14      1.48      0.00      0.19      1.14      1.48      0.00
05:48:52 PM      0.12      1.07      1.46      0.00      0.12      1.07      1.46      0.00
05:48:57 PM      0.07      0.96      1.43      0.01      0.07      0.96      1.43      0.00
05:49:02 PM      0.04      0.90      1.41      0.00      0.04      0.90      1.41      0.00
05:49:07 PM      0.02      0.82      1.38      0.00      0.02      0.82      1.38      0.00
05:49:12 PM      0.01      0.76      1.36      0.00      0.01      0.76      1.36      0.00
05:49:17 PM      0.00      0.69      1.33      0.00      0.00      0.69      1.33      0.00
05:49:22 PM      0.00      0.64      1.31      0.11      0.00      0.64      1.31      0.01
05:49:27 PM      0.00      0.58      1.28      0.10      0.00      0.58      1.28      0.10
05:49:32 PM      0.00      0.54      1.27      0.08      0.00      0.54      1.27      0.05
05:49:37 PM      0.00      0.49      1.24      0.00      0.00      0.49      1.24      0.00
05:49:42 PM      0.00      0.46      1.22      0.00      0.00      0.46      1.22      0.00
05:49:47 PM      0.00      0.41      1.20      0.02      0.00      0.41      1.20      0.02
05:49:52 PM      0.00      0.39      1.18      0.00      0.00      0.39      1.18      0.00
05:49:57 PM      0.00      0.35      1.15      0.00      0.00      0.35      1.15      0.00
05:50:02 PM      0.00      0.32      1.14      0.05      0.00      0.32      1.14      0.05
05:50:07 PM      0.00      0.29      1.11      0.00      0.00      0.29      1.11      0.00
05:50:12 PM      0.00      0.27      1.10      0.00      0.00      0.27      1.10      0.00
05:50:17 PM      0.00      0.25      1.07      0.00      0.00      0.25      1.07      0.00
05:50:22 PM      0.00      0.23      1.06      0.00      0.00      0.23      1.06      0.00
05:50:27 PM      0.00      0.21      1.04      0.37      0.00      0.21      1.04      0.37
05:50:32 PM      0.00      0.19      1.02      0.06      0.00      0.19      1.02      0.06
05:50:37 PM      0.00      0.17      1.00      0.10      0.00      0.17      1.00      0.00
05:50:42 PM      0.00      0.16      0.99      0.00      0.00      0.16      0.99      0.00
05:50:47 PM      0.00      0.14      0.97      0.03      0.00      0.14      0.97      0.03
05:50:52 PM      0.00      0.13      0.95      0.00      0.00      0.13      0.95      0.00
05:50:57 PM      0.00      0.12      0.93      0.00      0.00      0.12      0.93      0.00
05:51:02 PM      0.00      0.11      0.92      0.07      0.00      0.11      0.92      0.07
05:51:07 PM      0.54      0.20      0.92      1.53      0.54      0.20      0.92      1.53
05:51:12 PM      0.36      0.18      0.91      0.02      0.36      0.18      0.91      0.02
05:51:17 PM      0.19      0.17      0.89      0.00      0.19      0.17      0.89      0.00
05:51:22 PM      0.13      0.15      0.88      0.00      0.13      0.15      0.88      0.00
05:51:27 PM      0.07      0.14      0.86      0.00      0.07      0.14      0.86      0.00
05:51:32 PM      0.04      0.13      0.84      0.09      0.04      0.13      0.84      0.09
05:51:37 PM      0.02      0.12      0.83      0.00      0.02      0.12      0.83      0.00
05:51:42 PM      0.01      0.11      0.81      0.00      0.01      0.11      0.81      0.00
05:51:47 PM      0.00      0.10      0.80      0.01      0.00      0.10      0.80      0.01
05:51:52 PM      0.00      0.09      0.79      0.00      0.00      0.09      0.79      0.00
05:51:57 PM      0.00      0.08      0.77      0.00      0.00      0.08      0.77      0.00
05:52:02 PM      0.00      0.07      0.76      0.04      0.00      0.07      0.76      0.04
05:52:07 PM      0.00      0.07      0.74      0.00      0.00      0.07      0.74      0.00
05:52:12 PM      0.00      0.06      0.73      0.02      0.00      0.06      0.73      0.02
05:52:17 PM      0.00      0.05      0.72      0.00      0.00      0.05      0.72      0.00
05:52:22 PM      0.00      0.05      0.70      0.00      0.00      0.05      0.70      0.00
05:52:27 PM      0.54      0.14      0.71      1.39      0.54      0.14      0.71      1.39
05:52:32 PM      0.36      0.13      0.70      0.24      0.36      0.13      0.70      0.24
05:52:37 PM      0.19      0.12      0.69      0.00      0.19      0.12      0.69      0.00
05:52:42 PM      0.13      0.11      0.68      0.00      0.13      0.11      0.68      0.00
05:52:47 PM      0.07      0.10      0.66      0.00      0.07      0.10      0.66      0.00
05:52:52 PM      0.04      0.09      0.65      0.00      0.04      0.09      0.65      0.00
05:52:57 PM      0.02      0.08      0.64      0.00      0.02      0.08      0.64      0.00
05:53:02 PM      0.01      0.08      0.63      0.02      0.01      0.08      0.63      0.02
05:53:07 PM      0.00      0.07      0.62      0.00      0.00      0.07      0.62      0.00
05:53:12 PM      0.00      0.06      0.61      0.00      0.00      0.06      0.61      0.00
05:53:17 PM      0.00      0.05      0.59      0.01      0.00      0.05      0.59      0.01
05:53:22 PM      0.00      0.05      0.58      0.00      0.00      0.05      0.58      0.00
05:53:27 PM      0.00      0.04      0.57      0.00      0.00      0.04      0.57      0.00
05:53:32 PM      0.00      0.04      0.56      0.03      0.00      0.04      0.56      0.03
05:53:37 PM      0.00      0.04      0.55      0.20      0.00      0.04      0.55      0.20
05:53:42 PM      0.00      0.03      0.54      0.00      0.00      0.03      0.54      0.00
05:53:47 PM      0.00      0.03      0.53      0.00      0.00      0.03      0.53      0.00
05:53:52 PM      0.00      0.03      0.52      0.00      0.00      0.03      0.52      0.00
05:53:57 PM      0.00      0.02      0.51      0.01      0.00      0.02      0.51      0.01
05:54:02 PM      0.00      0.02      0.50      0.00      0.00      0.02      0.50      0.00
05:54:07 PM      0.00      0.02      0.49      0.00      0.00      0.02      0.49      0.00
05:54:12 PM      0.00      0.02      0.49      0.39      0.00      0.02      0.49      0.39
05:54:17 PM      0.00      0.01      0.47      0.00      0.00      0.01      0.47      0.00
05:54:22 PM      0.00      0.01      0.47      0.00      0.00      0.01      0.47      0.00
05:54:27 PM      0.00      0.01      0.46      0.00      0.00      0.01      0.46      0.00
05:54:32 PM      4.89      0.89      0.64     22.10      4.89      0.89      0.64     22.06
05:54:37 PM      7.05      1.91      0.87      3.67      7.05      1.91      0.87      3.67
05:54:42 PM      4.73      1.78      0.85      1.82      4.73      1.78      0.85      1.82
05:54:47 PM      3.08      1.74      0.86      0.00      3.08      1.74      0.86      0.00
05:54:52 PM      9.25      3.09      1.16     18.36      9.25      3.09      1.16     18.35
05:54:57 PM      5.07      2.80      1.14      0.00      5.07      2.80      1.14      0.00
05:55:02 PM      3.40      2.62      1.12      0.03      3.40      2.62      1.12      0.03
05:55:07 PM      3.31      2.63      1.15      7.72      3.31      2.63      1.15      7.72
05:55:12 PM      9.79      4.07      1.48     17.43      9.79      4.07      1.48     17.42
05:55:17 PM     34.26      9.40      2.67     74.31     34.26      9.40      2.67     74.28
05:55:22 PM     43.79     12.96      3.52     56.81     43.79     12.96      3.52     56.79
05:55:27 PM     26.59     12.37      3.59      1.31     26.59     12.37      3.59      1.31
05:55:32 PM     17.83     11.57      3.54      0.02     17.83     11.57      3.54      0.02
05:55:37 PM      9.79     10.47      3.46      0.02      9.79     10.47      3.46      0.02
05:55:42 PM      6.56      9.80      3.42      0.00      6.56      9.80      3.42      0.00
05:55:47 PM      3.60      8.87      3.35      0.00      3.60      8.87      3.35      0.00
05:55:52 PM      2.41      8.29      3.30      0.01      2.41      8.29      3.30      0.00
05:55:57 PM      2.37      7.73      3.28      3.10      2.37      7.73      3.28      3.08
05:56:02 PM      1.59      7.23      3.23      0.04      1.59      7.23      3.23      0.03
05:56:07 PM      0.87      6.54      3.17      0.01      0.87      6.54      3.17      0.01
05:56:12 PM      0.58      6.12      3.12      0.03      0.58      6.12      3.12      0.02
05:56:17 PM      0.32      5.54      3.06      0.00      0.32      5.54      3.06      0.00
05:56:22 PM      0.21      5.18      3.02      0.03      0.21      5.18      3.02      0.03
05:56:27 PM      0.11      4.69      2.95      0.00      0.11      4.69      2.95      0.00
05:56:32 PM      0.07      4.38      2.91      0.12      0.07      4.38      2.91      0.12
05:56:37 PM      0.04      3.97      2.85      0.00      0.04      3.97      2.85      0.00
05:56:42 PM      0.02      3.71      2.81      0.17      0.02      3.71      2.81      0.17
05:56:47 PM      0.01      3.36      2.76      0.00      0.01      3.36      2.76      0.00
05:56:52 PM      0.00      3.14      2.72      0.11      0.00      3.14      2.72      0.11
05:56:57 PM      0.00      2.84      2.66      0.08      0.00      2.84      2.66      0.08
05:57:02 PM      0.00      2.66      2.62      0.13      0.00      2.66      2.62      0.13
05:57:07 PM      0.00      2.40      2.57      0.41      0.00      2.40      2.57      0.41
05:57:12 PM      0.00      2.25      2.53      0.00      0.00      2.25      2.53      0.00
05:57:17 PM      0.00      2.03      2.48      0.02      0.00      2.03      2.48      0.02
05:57:22 PM      0.00      1.90      2.45      0.00      0.00      1.90      2.45      0.00
05:57:27 PM      0.00      1.72      2.40      0.04      0.00      1.72      2.40      0.04
05:57:32 PM      0.00      1.61      2.36      0.03      0.00      1.61      2.36      0.03
05:57:37 PM      0.00      1.45      2.31      0.00      0.00      1.45      2.31      0.00
05:57:42 PM      0.00      1.36      2.28      0.00      0.00      1.36      2.28      0.00
05:57:47 PM      0.00      1.23      2.23      0.15      0.00      1.23      2.23      0.15
05:57:52 PM      0.00      1.15      2.20      0.00      0.00      1.15      2.20      0.00
05:57:57 PM      0.00      1.04      2.16      0.01      0.00      1.04      2.16      0.01
05:58:02 PM      0.00      0.97      2.13      0.00      0.00      0.97      2.13      0.00
05:58:07 PM      0.00      0.88      2.08      0.07      0.00      0.88      2.08      0.07
05:58:12 PM      0.00      0.82      2.05      0.01      0.00      0.82      2.05      0.01
05:58:17 PM      0.00      0.74      2.01      0.05      0.00      0.74      2.01      0.05
05:58:22 PM      0.00      0.69      1.98      0.00      0.00      0.69      1.98      0.00
05:58:27 PM      0.00      0.63      1.94      0.05      0.00      0.63      1.94      0.05
05:58:32 PM      0.00      0.58      1.92      0.00      0.00      0.58      1.92      0.00
05:58:37 PM      0.00      0.53      1.88      0.39      0.00      0.53      1.88      0.39
05:58:42 PM      0.00      0.49      1.85      0.00      0.00      0.49      1.85      0.00
05:58:47 PM      0.00      0.45      1.81      0.00      0.00      0.45      1.81      0.00
05:58:52 PM      0.00      0.42      1.79      0.00      0.00      0.42      1.79      0.00
05:58:57 PM      0.00      0.37      1.75      0.00      0.00      0.37      1.75      0.00
05:59:02 PM      0.00      0.35      1.72      0.00      0.00      0.35      1.72      0.00
05:59:07 PM      0.00      0.32      1.69      0.08      0.00      0.32      1.69      0.08
05:59:12 PM      0.00      0.29      1.66      0.00      0.00      0.29      1.66      0.00
05:59:17 PM      0.00      0.27      1.63      0.15      0.00      0.27      1.63      0.15
05:59:22 PM      0.00      0.25      1.61      0.00      0.00      0.25      1.61      0.00
05:59:27 PM      0.00      0.22      1.57      0.04      0.00      0.22      1.57      0.04
05:59:32 PM      2.65      0.75      1.67      7.12      2.65      0.75      1.67      7.05
05:59:37 PM      1.45      0.68      1.63      0.17      1.45      0.68      1.63      0.17
05:59:42 PM      0.97      0.63      1.61      0.00      0.97      0.63      1.61      0.00
05:59:47 PM      0.53      0.57      1.58      0.19      0.53      0.57      1.58      0.19
05:59:52 PM      0.35      0.53      1.55      0.00      0.35      0.53      1.55      0.00
05:59:57 PM      0.19      0.48      1.52      0.10      0.19      0.48      1.52      0.10
06:00:02 PM      0.28      0.48      1.51      0.68      0.28      0.48      1.51      0.68
06:00:07 PM      0.15      0.44      1.48      0.00      0.15      0.44      1.48      0.00
06:00:12 PM      0.10      0.41      1.46      0.00      0.10      0.41      1.46      0.00
06:00:17 PM      0.05      0.37      1.42      0.00      0.05      0.37      1.42      0.00
06:00:22 PM      0.03      0.34      1.40      0.00      0.03      0.34      1.40      0.00
06:00:27 PM      0.01      0.31      1.38      0.00      0.01      0.31      1.38      0.00
06:00:32 PM      0.01      0.29      1.36      0.00      0.01      0.29      1.36      0.00
06:00:37 PM      0.00      0.26      1.33      0.00      0.00      0.26      1.33      0.00
06:00:42 PM      0.00      0.24      1.31      0.00      0.00      0.24      1.31      0.00
06:00:47 PM      0.00      0.22      1.28      0.00      0.00      0.22      1.28      0.00
06:00:52 PM      0.00      0.20      1.26      0.00      0.00      0.20      1.26      0.00
06:00:57 PM      0.00      0.18      1.24      0.00      0.00      0.18      1.24      0.00
06:01:02 PM      0.00      0.17      1.22      0.00      0.00      0.17      1.22      0.00
06:01:07 PM      0.00      0.15      1.19      0.00      0.00      0.15      1.19      0.00
06:01:12 PM      0.00      0.14      1.18      0.00      0.00      0.14      1.18      0.00
06:01:17 PM      2.07      0.57      1.25      5.89      2.07      0.57      1.25      5.89
06:01:22 PM      1.54      0.57      1.24      0.69      1.54      0.57      1.24      0.69
06:01:27 PM      0.84      0.51      1.21      0.00      0.84      0.51      1.21      0.00
06:01:32 PM      0.56      0.48      1.19      0.20      0.56      0.48      1.19      0.20
06:01:37 PM      0.31      0.43      1.17      0.00      0.31      0.43      1.17      0.00
06:01:42 PM      0.20      0.40      1.15      0.06      0.20      0.40      1.15      0.06
06:01:47 PM      0.11      0.36      1.13      0.00      0.11      0.36      1.13      0.00
06:01:52 PM      0.07      0.34      1.11      0.01      0.07      0.34      1.11      0.01
06:01:57 PM      0.94      0.47      1.12      2.37      0.94      0.47      1.12      2.37
06:02:02 PM      0.63      0.44      1.11      0.02      0.63      0.44      1.11      0.02
06:02:07 PM      0.34      0.40      1.08      0.00      0.34      0.40      1.08      0.00
06:02:12 PM      0.23      0.37      1.07      0.00      0.23      0.37      1.07      0.00
06:02:17 PM      0.12      0.33      1.05      0.00      0.12      0.33      1.05      0.00
06:02:22 PM      0.08      0.31      1.03      0.01      0.08      0.31      1.03      0.01
06:02:27 PM      0.04      0.28      1.01      0.14      0.04      0.28      1.01      0.14
06:02:32 PM      0.03      0.26      0.99      0.00      0.03      0.26      0.99      0.00
06:02:37 PM      0.01      0.24      0.97      0.00      0.01      0.24      0.97      0.00
06:02:42 PM      0.01      0.22      0.96      0.00      0.01      0.22      0.96      0.00
06:02:47 PM      0.00      0.20      0.94      0.06      0.00      0.20      0.94      0.06
06:02:52 PM      0.00      0.18      0.93      0.00      0.00      0.18      0.93      0.00
06:02:57 PM      0.00      0.16      0.91      0.03      0.00      0.16      0.91      0.03
06:03:02 PM      0.00      0.15      0.89      0.00      0.00      0.15      0.89      0.00
06:03:07 PM      0.00      0.14      0.87      0.00      0.00      0.14      0.87      0.00
06:03:12 PM      0.00      0.13      0.86      0.02      0.00      0.13      0.86      0.01
06:03:17 PM      0.00      0.12      0.84      0.02      0.00      0.12      0.84      0.02
06:03:22 PM      0.00      0.11      0.83      0.07      0.00      0.11      0.83      0.07
06:03:27 PM      0.00      0.10      0.81      0.00      0.00      0.10      0.81      0.00
06:03:32 PM      0.32      0.15      0.82      1.31      0.32      0.15      0.82      1.30
06:03:37 PM      1.85      0.49      0.88      4.39      1.85      0.49      0.88      4.38
06:03:42 PM      1.24      0.46      0.86      0.02      1.24      0.46      0.86      0.01
06:03:47 PM      0.68      0.41      0.84      0.00      0.68      0.41      0.84      0.00
06:03:52 PM      0.45      0.39      0.83      0.00      0.45      0.39      0.83      0.00
06:03:57 PM      0.37      0.38      0.82      0.53      0.37      0.38      0.82      0.53
06:04:02 PM      0.24      0.35      0.81      0.06      0.24      0.35      0.81      0.06
06:04:07 PM      0.13      0.32      0.79      0.00      0.13      0.32      0.79      0.00
06:04:12 PM      0.09      0.30      0.78      0.00      0.09      0.30      0.78      0.00
06:04:17 PM      0.04      0.27      0.77      0.00      0.04      0.27      0.77      0.00
06:04:22 PM      0.03      0.25      0.75      0.00      0.03      0.25      0.75      0.00
06:04:27 PM      0.01      0.22      0.74      0.00      0.01      0.22      0.74      0.00
06:04:32 PM      0.01      0.21      0.73      0.00      0.01      0.21      0.73      0.00
06:04:37 PM      0.00      0.19      0.71      0.00      0.00      0.19      0.71      0.00
06:04:42 PM      0.00      0.18      0.70      0.02      0.00      0.18      0.70      0.01
06:04:47 PM      0.00      0.16      0.69      0.00      0.00      0.16      0.69      0.00
06:04:52 PM      0.00      0.15      0.68      0.00      0.00      0.15      0.68      0.00
06:04:57 PM      0.00      0.13      0.66      0.00      0.00      0.13      0.66      0.00
06:05:02 PM      0.00      0.12      0.65      0.00      0.00      0.12      0.65      0.00
06:05:07 PM      0.00      0.11      0.64      0.00      0.00      0.11      0.64      0.00
06:05:12 PM      0.00      0.10      0.63      0.00      0.00      0.10      0.63      0.00
06:05:17 PM      0.00      0.09      0.62      0.00      0.00      0.09      0.62      0.00
06:05:22 PM      0.00      0.08      0.61      0.04      0.00      0.08      0.61      0.04
06:05:27 PM      0.00      0.08      0.59      0.00      0.00      0.08      0.59      0.00
06:05:32 PM      0.00      0.07      0.58      0.00      0.00      0.07      0.58      0.00
06:05:37 PM      0.00      0.06      0.57      0.00      0.00      0.06      0.57      0.00
06:05:42 PM      0.00      0.06      0.56      0.00      0.00      0.06      0.56      0.00
06:05:47 PM      0.00      0.05      0.55      0.00      0.00      0.05      0.55      0.00
06:05:52 PM      0.00      0.05      0.54      0.00      0.00      0.05      0.54      0.00
06:05:57 PM      0.00      0.04      0.53      0.00      0.00      0.04      0.53      0.00
06:06:02 PM      0.00      0.04      0.52      0.00      0.00      0.04      0.52      0.00
06:06:07 PM      0.00      0.03      0.51      0.00      0.00      0.03      0.51      0.00
06:06:12 PM      0.00      0.03      0.50      0.00      0.00      0.03      0.50      0.00
06:06:17 PM      0.00      0.03      0.49      0.00      0.00      0.03      0.49      0.00
06:06:22 PM      0.00      0.02      0.49      0.00      0.00      0.02      0.49      0.00
06:06:27 PM      0.00      0.02      0.48      0.00      0.00      0.02      0.48      0.00
06:06:32 PM      0.00      0.02      0.47      0.00      0.00      0.02      0.47      0.00
06:06:37 PM      0.36      0.08      0.47      1.15      0.36      0.08      0.47      1.15
06:06:42 PM      0.24      0.08      0.47      0.00      0.24      0.08      0.47      0.00
06:06:47 PM      0.16      0.07      0.46      0.00      0.16      0.07      0.46      0.00
06:06:52 PM      0.08      0.06      0.45      0.00      0.08      0.06      0.45      0.00
06:06:57 PM      0.05      0.06      0.44      0.00      0.05      0.06      0.44      0.00
06:07:02 PM      0.03      0.05      0.43      0.00      0.03      0.05      0.43      0.00
06:07:07 PM      0.02      0.05      0.42      0.05      0.02      0.05      0.42      0.02
06:07:12 PM      0.01      0.04      0.42      0.01      0.01      0.04      0.42      0.01
06:07:17 PM      0.00      0.04      0.41      0.51      0.00      0.04      0.41      0.51
06:07:22 PM      0.12      0.06      0.41      0.01      0.12      0.06      0.41      0.00
06:07:27 PM      0.08      0.06      0.40      0.12      0.08      0.06      0.40      0.12
06:07:32 PM      0.04      0.05      0.39      0.01      0.04      0.05      0.39      0.01
06:07:37 PM      0.03      0.05      0.39      0.16      0.03      0.05      0.39      0.16
06:07:42 PM      0.01      0.04      0.38      0.00      0.01      0.04      0.38      0.00
06:07:47 PM      0.01      0.04      0.37      0.01      0.01      0.04      0.37      0.01
06:07:52 PM      0.00      0.03      0.36      0.04      0.00      0.03      0.36      0.04
06:07:57 PM      0.00      0.03      0.36      0.00      0.00      0.03      0.36      0.00
06:08:02 PM      0.00      0.03      0.35      0.01      0.00      0.03      0.35      0.00
06:08:07 PM      0.00      0.02      0.34      0.00      0.00      0.02      0.34      0.00
06:08:12 PM      0.00      0.02      0.34      0.06      0.00      0.02      0.34      0.03
06:08:17 PM      0.00      0.02      0.33      0.00      0.00      0.02      0.33      0.00
06:08:22 PM      0.00      0.02      0.33      0.00      0.00      0.02      0.33      0.00
06:08:27 PM      0.00      0.01      0.32      0.22      0.00      0.01      0.32      0.22
06:08:32 PM      0.00      0.01      0.31      0.00      0.00      0.01      0.31      0.00
06:08:37 PM      0.00      0.01      0.31      0.00      0.00      0.01      0.31      0.00
06:08:42 PM      0.00      0.01      0.30      0.02      0.00      0.01      0.30      0.02
06:08:47 PM      0.00      0.01      0.30      0.00      0.00      0.01      0.30      0.00
06:08:52 PM      0.00      0.01      0.29      0.00      0.00      0.01      0.29      0.00
06:08:57 PM      0.00      0.00      0.28      0.28      0.00      0.00      0.28      0.27
06:09:02 PM      0.00      0.00      0.28      0.10      0.00      0.00      0.28      0.10
06:09:07 PM      0.00      0.00      0.27      0.02      0.00      0.00      0.27      0.01
06:09:12 PM      0.00      0.00      0.27      0.02      0.00      0.00      0.27      0.02
06:09:17 PM      0.00      0.00      0.26      0.02      0.00      0.00      0.26      0.01
06:09:22 PM      0.00      0.00      0.26      0.00      0.00      0.00      0.26      0.00
06:09:27 PM      0.00      0.00      0.25      2.18      0.00      0.00      0.25      2.18
06:09:32 PM      0.60      0.15      0.28      0.24      0.60      0.15      0.28      0.15
Average:         0.41      0.41      0.39      0.44      0.41      0.41      0.39      0.44
