Linux 7.0.10-arch1-1 (archlinux) 	06/02/2026 	_x86_64_	(4 CPU)

04:07:54 AM  pgpgin/s pgpgout/s   fault/s  majflt/s  pgfree/s pgscank/s pgscand/s pgsteal/s  pgprom/s   pgdem/s
04:07:59 AM   2107.20      0.00   1558.20      1.20    451.80      0.00      0.00      0.00      0.00      0.00
04:08:04 AM      0.00    136.00      1.00      0.00      6.40      0.00      0.00      0.00      0.00      0.00
04:08:09 AM      0.00    245.60      0.00      0.00      4.00      0.00      0.00      0.00      0.00      0.00
04:08:14 AM      0.00   9503.20      0.00      0.00   2666.40      0.00      0.00      0.00      0.00      0.00
04:08:19 AM      0.00   1639.20      0.00      0.00    516.00      0.00      0.00      0.00      0.00      0.00
04:08:24 AM      0.00   1711.20      0.00      0.00    516.00      0.00      0.00      0.00      0.00      0.00
04:08:29 AM      0.00      0.00      0.00      0.00    102.80      0.00      0.00      0.00      0.00      0.00
04:08:34 AM    198.40      0.00      2.20      0.40    118.00      0.00      0.00      0.00      0.00      0.00
04:08:39 AM      0.00   6448.80      1.60      0.00   1602.80      0.00      0.00      0.00      0.00      0.00
04:08:44 AM      4.80   9420.80      1.20      1.20   2360.60      0.00      0.00      0.00      0.00      0.00
04:08:49 AM      0.00   1638.40      0.00      0.00    413.40      0.00      0.00      0.00      0.00      0.00
04:08:54 AM      0.00      0.00      0.80      0.00    109.20      0.00      0.00      0.00      0.00      0.00
04:08:59 AM      0.00      0.00      7.60      0.00      2.20      0.00      0.00      0.00      0.00      0.00
04:09:04 AM      0.00      0.00      0.00      0.00    107.20      0.00      0.00      0.00      0.00      0.00
04:09:09 AM      0.00    228.00      0.00      0.00    202.80      0.00      0.00      0.00      0.00      0.00
04:09:14 AM      0.00   4967.20      0.00      0.00   1238.00      0.00      0.00      0.00      0.00      0.00
04:09:19 AM      3.20   8337.60      0.00      0.00   2082.40      0.00      0.00      0.00      0.00      0.00
04:09:24 AM    487.82   9810.78      0.80      0.80   2678.04      0.00      0.00      0.00      0.00      0.00
04:09:29 AM      0.00   7002.00      2.20      0.00   1750.70      0.00      0.00      0.00      0.00      0.00
04:09:34 AM     40.80   3276.80     11.40     10.20    843.00      0.00      0.00      0.00      0.00      0.00
04:09:39 AM      0.00   1228.80      0.00      0.00    311.00      0.00      0.00      0.00      0.00      0.00
04:09:44 AM     34.40   7372.80      0.60      0.20   1848.20      0.00      0.00      0.00      0.00      0.00
04:09:49 AM      0.00   4147.20      0.40      0.00   1028.60      0.00      0.00      0.00      0.00      0.00
04:09:54 AM      0.00    819.20      5.80      0.00    209.60      0.00      0.00      0.00      0.00      0.00
04:09:59 AM  25804.80   3388.00   6451.80   6451.20   1004.20      0.00      0.00      0.00      0.00      0.00
04:10:04 AM      1.60   4505.60      1.00      0.40   1336.40      0.00      0.00      0.00      0.00      0.00
04:10:09 AM      0.80   3315.20      0.20      0.20    834.80      0.00      0.00      0.00      0.00      0.00
04:10:14 AM      0.00   6540.52      0.00      0.00   1639.12      0.00      0.00      0.00      0.00      0.00
04:10:19 AM      0.00    200.00      0.00      0.00     53.80      0.00      0.00      0.00      0.00      0.00
04:10:24 AM      0.00   1193.60      5.80      0.00    283.20      0.00      0.00      0.00      0.00      0.00
04:10:29 AM      9.60  12100.00      0.80      0.00   2972.80      0.00      0.00      0.00      0.00      0.00
04:10:34 AM     44.00   5269.60      0.80      1.20   1391.40      0.00      0.00      0.00      0.00      0.00
04:10:39 AM     79.20   1354.40      3.00      0.00    342.80      0.00      0.00      0.00      0.00      0.00
04:10:44 AM      0.00    828.80      0.00      0.00    210.60      0.00      0.00      0.00      0.00      0.00
04:10:49 AM      0.00    811.20      0.20      0.00    206.80      0.00      0.00      0.00      0.00      0.00
04:10:54 AM    708.80     90.40    284.60      2.00    321.80      0.00      0.00      0.00      0.00      0.00
04:10:59 AM      0.00     95.20      0.00      0.00     20.00      0.00      0.00      0.00      0.00      0.00
04:11:04 AM      0.00   7900.00      0.00      0.00   2055.00      0.00      0.00      0.00      0.00      0.00
04:11:09 AM      0.00      0.00      0.00      0.00      3.80      0.00      0.00      0.00      0.00      0.00
04:11:14 AM     73.60    415.20      0.40      4.80    414.80      0.00      0.00      0.00      0.00      0.00
04:11:19 AM      0.80   1228.80      0.20      0.20    311.00      0.00      0.00      0.00      0.00      0.00
04:11:24 AM      0.00   4114.40      0.00      0.00   1034.80      0.00      0.00      0.00      0.00      0.00
04:11:29 AM      0.00    839.20      8.60      0.00    617.20      0.00      0.00      0.00      0.00      0.00
04:11:34 AM      0.00   1405.60      0.40      0.00    344.60      0.00      0.00      0.00      0.00      0.00
04:11:39 AM      0.00   8192.00      0.00      0.00   2051.80      0.00      0.00      0.00      0.00      0.00
04:11:44 AM      5.60    175.20      1.40      1.40      4.00      0.00      0.00      0.00      0.00      0.00
04:11:49 AM    557.60   4212.80      0.20      0.80   1173.20      0.00      0.00      0.00      0.00      0.00
04:11:54 AM      0.00   2070.40      1.80      0.00    645.00      0.00      0.00      0.00      0.00      0.00
04:11:59 AM  77468.00  13544.80  19367.60  19367.00   3912.00      0.00      0.00      0.00      0.00      0.00
04:12:04 AM     81.60      0.00      0.40      0.20      3.80      0.00      0.00      0.00      0.00      0.00
04:12:09 AM      0.80      0.00      0.20      0.20      4.00      0.00      0.00      0.00      0.00      0.00
04:12:14 AM      0.00     44.80      0.00      0.00      3.80      0.00      0.00      0.00      0.00      0.00
04:12:19 AM      0.00    149.60      0.00      0.00      4.00      0.00      0.00      0.00      0.00      0.00
04:12:24 AM    336.80      3.20      3.00      2.60      3.80      0.00      0.00      0.00      0.00      0.00
04:12:29 AM      0.00      0.00      0.00      0.00      0.40      0.00      0.00      0.00      0.00      0.00
04:12:34 AM      4.00      0.00      1.40      1.00      4.00      0.00      0.00      0.00      0.00      0.00
04:12:39 AM      0.80      0.00      0.20      0.20    106.20      0.00      0.00      0.00      0.00      0.00
04:12:44 AM      0.00      0.00      0.00      0.00      4.00      0.00      0.00      0.00      0.00      0.00
04:12:49 AM      0.00     38.40      0.00      0.00    208.60      0.00      0.00      0.00      0.00      0.00
04:12:54 AM      0.00    130.40      0.00      0.00      4.00      0.00      0.00      0.00      0.00      0.00
04:12:59 AM      0.00      3.20      0.00      0.00    615.00      0.00      0.00      0.00      0.00      0.00
04:13:04 AM      0.00      0.00      0.00      0.00      4.00      0.00      0.00      0.00      0.00      0.00
04:13:09 AM      0.00      0.00      0.00      0.00    515.80      0.00      0.00      0.00      0.00      0.00
04:13:14 AM      0.00   2002.40      0.00      0.00    504.40      0.00      0.00      0.00      0.00      0.00
04:13:19 AM      0.00   2003.20      0.00      0.00    504.80      0.00      0.00      0.00      0.00      0.00
04:13:24 AM      0.00    130.40      0.00      0.00      3.80      0.00      0.00      0.00      0.00      0.00
04:13:29 AM      0.00   2814.40      0.20      0.00    704.20      0.00      0.00      0.00      0.00      0.00
04:13:34 AM      4.00   6611.20      1.40      1.00   1655.80      0.00      0.00      0.00      0.00      0.00
04:13:39 AM      0.00   5893.60      0.00      0.00   1477.40      0.00      0.00      0.00      0.00      0.00
04:13:44 AM      0.00    640.80      0.00      0.00    341.80      0.00      0.00      0.00      0.00      0.00
04:13:49 AM      0.00   2493.60      0.00      0.00    630.80      0.00      0.00      0.00      0.00      0.00
04:13:54 AM      0.00   1568.00      0.00      0.00    388.20      0.00      0.00      0.00      0.00      0.00
04:13:59 AM   9290.40   1472.00   2227.00   2224.80    427.20      0.00      0.00      0.00      0.00      0.00
04:14:04 AM      0.00      0.00      0.00      0.00      4.80      0.00      0.00      0.00      0.00      0.00
04:14:09 AM    102.99      3.99      8.98      2.79      4.39      0.00      0.00      0.00      0.00      0.00
04:14:14 AM      0.80      0.00      0.80      0.20      4.40      0.00      0.00      0.00      0.00      0.00
04:14:19 AM      0.00      0.00      0.00      0.00      4.20      0.00      0.00      0.00      0.00      0.00
04:14:24 AM      0.00    260.00      0.00      0.00      4.20      0.00      0.00      0.00      0.00      0.00
04:14:29 AM      0.00      0.00      0.00      0.00      0.80      0.00      0.00      0.00      0.00      0.00
04:14:34 AM    488.80      0.00      1.80      1.40     48.20      0.00      0.00      0.00      0.00      0.00
04:14:39 AM      0.00     24.00      0.00      0.00    515.80      0.00      0.00      0.00      0.00      0.00
04:14:44 AM      0.00      3.20      0.00      0.00      3.80      0.00      0.00      0.00      0.00      0.00
04:14:49 AM      0.00      0.00      0.00      0.00      4.40      0.00      0.00      0.00      0.00      0.00
04:14:54 AM      0.00      0.80      0.00      0.00    515.80      0.00      0.00      0.00      0.00      0.00
04:14:59 AM      3.20    245.60      0.00      0.00      0.60      0.00      0.00      0.00      0.00      0.00
04:15:04 AM      0.00      0.00      0.00      0.00      4.00      0.00      0.00      0.00      0.00      0.00
04:15:09 AM      0.00      0.00      0.00      0.00      4.00      0.00      0.00      0.00      0.00      0.00
04:15:14 AM      0.00      0.00      0.00      0.00    311.00      0.00      0.00      0.00      0.00      0.00
04:15:19 AM      0.00      4.80      0.00      0.00      3.80      0.00      0.00      0.00      0.00      0.00
04:15:24 AM      0.00      0.00      0.00      0.00      4.00      0.00      0.00      0.00      0.00      0.00
04:15:29 AM      0.00     45.60      0.00      0.00      0.40      0.00      0.00      0.00      0.00      0.00
04:15:34 AM      1.60      0.00      0.80      0.40      7.40      0.00      0.00      0.00      0.00      0.00
04:15:39 AM      0.00      0.00      0.00      0.00      3.80      0.00      0.00      0.00      0.00      0.00
04:15:44 AM      0.00      0.00      0.00      0.00    413.60      0.00      0.00      0.00      0.00      0.00
04:15:49 AM      0.00    143.20      0.00      0.00      3.80      0.00      0.00      0.00      0.00      0.00
04:15:54 AM   1239.20      4.00    292.00      6.00    407.60      0.00      0.00      0.00      0.00      0.00
04:15:59 AM  70780.00      0.00  17695.60  17695.00    697.40      0.00      0.00      0.00      0.00      0.00
04:16:04 AM      0.00      0.80      0.00      0.00    311.20      0.00      0.00      0.00      0.00      0.00
04:16:09 AM      0.00      0.00      0.00      0.00      4.00      0.00      0.00      0.00      0.00      0.00
04:16:14 AM      0.00      0.00      0.00      0.00      3.80      0.00      0.00      0.00      0.00      0.00
04:16:19 AM      0.00     38.40      0.00      0.00      4.00      0.00      0.00      0.00      0.00      0.00
04:16:24 AM      0.00    111.20      0.00      0.00    723.00      0.00      0.00      0.00      0.00      0.00
04:16:29 AM      2.40     17.60      2.20      0.60      1.40      0.00      0.00      0.00      0.00      0.00
04:16:34 AM      0.00      0.00      0.00      0.00    515.80      0.00      0.00      0.00      0.00      0.00
04:16:39 AM      0.00      0.80      0.00      0.00      4.00      0.00      0.00      0.00      0.00      0.00
04:16:44 AM      0.00      0.00      0.00      0.00      3.80      0.00      0.00      0.00      0.00      0.00
04:16:49 AM      0.00      0.00      0.00      0.00      4.60      0.00      0.00      0.00      0.00      0.00
04:16:54 AM      0.00     57.60      0.00      0.00      4.20      0.00      0.00      0.00      0.00      0.00
04:16:59 AM      0.00    156.00      0.00      0.00      0.40      0.00      0.00      0.00      0.00      0.00
04:17:04 AM      0.00      4.00      0.00      0.00      4.20      0.00      0.00      0.00      0.00      0.00
04:17:09 AM      0.00      0.00      0.00      0.00      3.80      0.00      0.00      0.00      0.00      0.00
04:17:14 AM      0.00      0.80      0.00      0.00      4.00      0.00      0.00      0.00      0.00      0.00
04:17:19 AM      0.00      0.00      0.00      0.00      3.80      0.00      0.00      0.00      0.00      0.00
04:17:24 AM      0.00      0.00      0.00      0.00      4.00      0.00      0.00      0.00      0.00      0.00
04:17:29 AM      0.00     38.40      0.00      0.00      0.40      0.00      0.00      0.00      0.00      0.00
04:17:34 AM      1.60    111.20      0.40      0.40      4.60      0.00      0.00      0.00      0.00      0.00
04:17:39 AM      0.00      3.19      0.00      0.00      3.99      0.00      0.00      0.00      0.00      0.00
04:17:44 AM      0.00      0.00      0.00      0.00      3.80      0.00      0.00      0.00      0.00      0.00
04:17:49 AM      0.00      0.80      0.00      0.00      4.00      0.00      0.00      0.00      0.00      0.00
04:17:54 AM      0.00      0.00      0.00      0.00      3.80      0.00      0.00      0.00      0.00      0.00
04:17:59 AM      0.00      0.00      0.00      0.00      0.60      0.00      0.00      0.00      0.00      0.00
04:18:04 AM      0.00     38.40      0.00      0.00    208.80      0.00      0.00      0.00      0.00      0.00
04:18:09 AM      0.00    130.40      0.00      0.00      3.80      0.00      0.00      0.00      0.00      0.00
04:18:14 AM      0.00      4.00      0.00      0.00    720.80      0.00      0.00      0.00      0.00      0.00
04:18:19 AM      0.00      0.00      0.00      0.00      3.80      0.00      0.00      0.00      0.00      0.00
04:18:24 AM      0.00      0.80      0.00      0.00      4.00      0.00      0.00      0.00      0.00      0.00
04:18:29 AM      0.00      0.00      0.00      0.00      0.40      0.00      0.00      0.00      0.00      0.00
04:18:34 AM      0.00      0.00      0.00      0.00      4.00      0.00      0.00      0.00      0.00      0.00
04:18:39 AM      0.00      0.00      0.00      0.00      3.80      0.00      0.00      0.00      0.00      0.00
04:18:44 AM      0.00     38.40      0.00      0.00      4.00      0.00      0.00      0.00      0.00      0.00
04:18:49 AM      0.00    114.40      0.00      0.00    413.40      0.00      0.00      0.00      0.00      0.00
04:18:54 AM      0.00      0.00      0.00      0.00      3.80      0.00      0.00      0.00      0.00      0.00
04:18:59 AM      0.00      0.80      0.00      0.00      1.20      0.00      0.00      0.00      0.00      0.00
04:19:04 AM      0.00      0.00      0.00      0.00      4.60      0.00      0.00      0.00      0.00      0.00
04:19:09 AM      0.00     14.40      6.00      0.00      5.20      0.00      0.00      0.00      0.00      0.00
04:19:14 AM      0.00      0.00      0.00      0.00      4.00      0.00      0.00      0.00      0.00      0.00
04:19:19 AM      0.00     64.00      0.00      0.00      4.60      0.00      0.00      0.00      0.00      0.00
04:19:24 AM      0.00      4.80      0.00      0.00      4.00      0.00      0.00      0.00      0.00      0.00
04:19:29 AM      0.00    168.80      0.00      0.00      1.20      0.00      0.00      0.00      0.00      0.00
04:19:34 AM      0.00      0.80      0.00      0.00      3.80      0.00      0.00      0.00      0.00      0.00
04:19:39 AM      0.00     23.20      0.00      0.00    515.80      0.00      0.00      0.00      0.00      0.00
04:19:44 AM      0.00      0.00      0.00      0.00      4.00      0.00      0.00      0.00      0.00      0.00
04:19:49 AM      0.00     64.00      0.00      0.00    106.20      0.00      0.00      0.00      0.00      0.00
04:19:54 AM      0.00      0.00      0.00      0.00      4.40      0.00      0.00      0.00      0.00      0.00
04:19:59 AM      0.00    140.00      1.40      0.00      0.40      0.00      0.00      0.00      0.00      0.00
04:20:04 AM      0.00      0.00      0.00      0.00      4.00      0.00      0.00      0.00      0.00      0.00
04:20:09 AM      0.00      0.80      0.20      0.00      4.00      0.00      0.00      0.00      0.00      0.00
04:20:14 AM      0.00      0.00      0.00      0.00      4.00      0.00      0.00      0.00      0.00      0.00
04:20:19 AM      0.00      0.00      0.00      0.00      3.80      0.00      0.00      0.00      0.00      0.00
04:20:24 AM    480.80      0.00    336.00     42.40    195.60      0.00      0.00      0.00      0.00      0.00
04:20:29 AM      0.00     51.20      0.00      0.00    411.00      0.00      0.00      0.00      0.00      0.00
04:20:34 AM      0.00      4.00      2.00      0.00      7.20      0.00      0.00      0.00      0.00      0.00
04:20:39 AM      0.00    162.40      0.00      0.00    311.20      0.00      0.00      0.00      0.00      0.00
04:20:44 AM      0.00      0.80      0.00      0.00      3.80      0.00      0.00      0.00      0.00      0.00
04:20:49 AM      0.00      0.00      0.00      0.00      4.00      0.00      0.00      0.00      0.00      0.00
04:20:54 AM      0.00     41.60      0.00      0.00      3.80      0.00      0.00      0.00      0.00      0.00
04:20:59 AM      0.00      0.00      0.00      0.00      0.60      0.00      0.00      0.00      0.00      0.00
04:21:04 AM      0.00     32.00      0.00      0.00      3.80      0.00      0.00      0.00      0.00      0.00
04:21:09 AM      0.00      4.00      0.00      0.00    413.60      0.00      0.00      0.00      0.00      0.00
04:21:14 AM      0.00    130.40    280.40      0.00    214.60      0.00      0.00      0.00      0.00      0.00
04:21:19 AM      0.00      1.60      0.00      0.00    823.00      0.00      0.00      0.00      0.00      0.00
04:21:24 AM      0.00      0.00      0.00      0.00      4.00      0.00      0.00      0.00      0.00      0.00
04:21:29 AM      0.00      0.00      0.00      0.00    511.38      0.00      0.00      0.00      0.00      0.00
04:21:34 AM      0.00      0.00      0.80      0.00      4.00      0.00      0.00      0.00      0.00      0.00
04:21:39 AM      0.00     32.00      0.00      0.00      3.80      0.00      0.00      0.00      0.00      0.00
04:21:44 AM      0.00      3.20      0.00      0.00      3.80      0.00      0.00      0.00      0.00      0.00
04:21:49 AM      3.20    149.60      0.00      0.00    208.80      0.00      0.00      0.00      0.00      0.00
04:21:54 AM      0.00      0.80      0.00      0.00      3.80      0.00      0.00      0.00      0.00      0.00
04:21:59 AM      0.00      0.00      0.00      0.00      0.60      0.00      0.00      0.00      0.00      0.00
04:22:04 AM      0.00      0.00      0.20      0.00    106.20      0.00      0.00      0.00      0.00      0.00
04:22:09 AM      0.00      0.00      0.20      0.00      4.00      0.00      0.00      0.00      0.00      0.00
04:22:14 AM      0.00     32.00      0.00      0.00    106.40      0.00      0.00      0.00      0.00      0.00
04:22:19 AM      0.00      0.00      0.00      0.00      4.00      0.00      0.00      0.00      0.00      0.00
04:22:24 AM      0.00      3.20      0.00      0.00    106.20      0.00      0.00      0.00      0.00      0.00
04:22:29 AM      0.00    137.60      0.00      0.00      0.40      0.00      0.00      0.00      0.00      0.00
04:22:34 AM      0.00      0.00      0.20      0.00      4.00      0.00      0.00      0.00      0.00      0.00
04:22:39 AM      0.00      0.00      0.00      0.00      3.80      0.00      0.00      0.00      0.00      0.00
04:22:44 AM      0.00      0.00      0.00      0.00    208.80      0.00      0.00      0.00      0.00      0.00
04:22:49 AM      0.00      0.00      0.00      0.00      3.80      0.00      0.00      0.00      0.00      0.00
04:22:54 AM      0.00      0.00      0.00      0.00    516.00      0.00      0.00      0.00      0.00      0.00
04:22:59 AM      0.00      4.80      0.00      0.00      0.60      0.00      0.00      0.00      0.00      0.00
04:23:04 AM      0.00      0.80      0.00      0.00    311.20      0.00      0.00      0.00      0.00      0.00
04:23:09 AM      0.00      0.00      0.00      0.00      3.80      0.00      0.00      0.00      0.00      0.00
04:23:14 AM      0.00    143.20      0.00      0.00    618.40      0.00      0.00      0.00      0.00      0.00
04:23:19 AM      0.00      0.00      0.00      0.00      4.00      0.00      0.00      0.00      0.00      0.00
04:23:24 AM      0.00      0.00      0.00      0.00    106.20      0.00      0.00      0.00      0.00      0.00
04:23:29 AM      0.00      0.00      0.00      0.00      0.60      0.00      0.00      0.00      0.00      0.00
04:23:34 AM      3.20      4.80      0.00      0.00      3.80      0.00      0.00      0.00      0.00      0.00
04:23:39 AM      0.00      0.80      0.00      0.00      4.00      0.00      0.00      0.00      0.00      0.00
04:23:44 AM      0.00      0.00      0.00      0.00      3.80      0.00      0.00      0.00      0.00      0.00
04:23:49 AM      0.00   2946.40      0.00      0.00    745.40      0.00      0.00      0.00      0.00      0.00
04:23:54 AM      0.80   6488.80      0.20      0.20   1626.20      0.00      0.00      0.00      0.00      0.00
04:23:59 AM   5402.40      0.00   1350.80   1350.60     33.60      0.00      0.00      0.00      0.00      0.00
04:24:04 AM      0.00    175.20      0.00      0.00      4.80      0.00      0.00      0.00      0.00      0.00
04:24:09 AM    984.80     32.00    249.20    243.00    103.80      0.00      0.00      0.00      0.00      0.00
04:24:14 AM   3060.80      0.80    765.20    765.20    266.60      0.00      0.00      0.00      0.00      0.00
04:24:19 AM      0.00      0.00      0.00      0.00      4.00      0.00      0.00      0.00      0.00      0.00
04:24:24 AM      0.00      0.00      0.00      0.00      4.40      0.00      0.00      0.00      0.00      0.00
04:24:29 AM      0.00      0.00      0.00      0.00      0.60      0.00      0.00      0.00      0.00      0.00
04:24:34 AM      0.00     70.40      0.00      0.00      4.00      0.00      0.00      0.00      0.00      0.00
04:24:39 AM      0.00    179.20      0.00      0.00      4.00      0.00      0.00      0.00      0.00      0.00
04:24:44 AM      0.00      3.20      0.00      0.00      3.80      0.00      0.00      0.00      0.00      0.00
04:24:49 AM      0.00      0.80      0.00      0.00      3.99      0.00      0.00      0.00      0.00      0.00
04:24:54 AM      0.00      0.00      0.00      0.00      4.20      0.00      0.00      0.00      0.00      0.00
04:24:59 AM      0.00      0.00      0.00      0.00      0.60      0.00      0.00      0.00      0.00      0.00
04:25:04 AM      0.00      0.00      0.00      0.00      3.80      0.00      0.00      0.00      0.00      0.00
04:25:09 AM      0.00    149.60      0.00      0.00      4.00      0.00      0.00      0.00      0.00      0.00
04:25:14 AM      0.00      0.00      0.00      0.00      4.00      0.00      0.00      0.00      0.00      0.00
04:25:19 AM      0.00      3.20      0.00      0.00      3.80      0.00      0.00      0.00      0.00      0.00
04:25:24 AM      0.00      0.80      0.00      0.00      4.00      0.00      0.00      0.00      0.00      0.00
04:25:29 AM      0.00      0.00      0.00      0.00      0.40      0.00      0.00      0.00      0.00      0.00
04:25:34 AM      0.00      0.00      0.00      0.00      7.40      0.00      0.00      0.00      0.00      0.00
04:25:39 AM      0.00      0.00      0.00      0.00      3.80      0.00      0.00      0.00      0.00      0.00
04:25:44 AM      0.00      0.00      0.00      0.00      4.00      0.00      0.00      0.00      0.00      0.00
04:25:49 AM      0.00     38.40      0.00      0.00      4.60      0.00      0.00      0.00      0.00      0.00
04:25:54 AM      0.00    111.20      0.00      0.00      4.00      0.00      0.00      0.00      0.00      0.00
04:25:59 AM      0.00      4.80      0.00      0.00      0.40      0.00      0.00      0.00      0.00      0.00
04:26:04 AM      0.00      0.00      0.00      0.00      3.80      0.00      0.00      0.00      0.00      0.00
04:26:09 AM      0.00      0.00      0.00      0.00      4.00      0.00      0.00      0.00      0.00      0.00
04:26:14 AM      0.00      0.00    283.20      0.00    212.20      0.00      0.00      0.00      0.00      0.00
04:26:19 AM      0.00      0.00      0.00      0.00      4.20      0.00      0.00      0.00      0.00      0.00
04:26:24 AM      0.00     38.40      0.00      0.00      3.80      0.00      0.00      0.00      0.00      0.00
04:26:29 AM      0.00    136.80      0.00      0.00      0.60      0.00      0.00      0.00      0.00      0.00
04:26:34 AM      0.00      6.40      0.00      0.00      3.80      0.00      0.00      0.00      0.00      0.00
04:26:39 AM      0.00      0.00      0.00      0.00      4.00      0.00      0.00      0.00      0.00      0.00
04:26:44 AM      0.00      0.00      0.00      0.00      3.80      0.00      0.00      0.00      0.00      0.00
04:26:49 AM      0.00      0.00      0.00      0.00      3.80      0.00      0.00      0.00      0.00      0.00
04:26:54 AM      0.00      0.00      0.00      0.00      4.00      0.00      0.00      0.00      0.00      0.00
04:26:59 AM      0.00     38.40      0.00      0.00      0.40      0.00      0.00      0.00      0.00      0.00
04:27:04 AM      0.00    117.60      0.00      0.00      4.00      0.00      0.00      0.00      0.00      0.00
04:27:09 AM      0.00      4.00      0.00      0.00      3.80      0.00      0.00      0.00      0.00      0.00
04:27:14 AM      0.00      0.00      0.00      0.00      4.00      0.00      0.00      0.00      0.00      0.00
04:27:19 AM      0.00      0.00      0.00      0.00    208.80      0.00      0.00      0.00      0.00      0.00
04:27:24 AM      0.00      0.00      0.00      0.00      4.00      0.00      0.00      0.00      0.00      0.00
04:27:29 AM      0.00      0.00      0.00      0.00      0.40      0.00      0.00      0.00      0.00      0.00
04:27:34 AM      0.00     38.40      0.00      0.00      3.80      0.00      0.00      0.00      0.00      0.00
04:27:39 AM      0.00    136.80      0.00      0.00      4.00      0.00      0.00      0.00      0.00      0.00
04:27:44 AM      0.00      4.80      0.00      0.00      3.80      0.00      0.00      0.00      0.00      0.00
04:27:49 AM      0.00      0.00      0.00      0.00      4.00      0.00      0.00      0.00      0.00      0.00
04:27:54 AM      0.00      0.00      0.00      0.00      3.80      0.00      0.00      0.00      0.00      0.00
04:27:59 AM      0.00      0.00      0.00      0.00      0.60      0.00      0.00      0.00      0.00      0.00
04:28:04 AM      0.00      0.00      0.00      0.00      3.80      0.00      0.00      0.00      0.00      0.00
04:28:09 AM      0.00     38.40      0.20      0.00      3.80      0.00      0.00      0.00      0.00      0.00
04:28:14 AM      3.20    143.20      0.00      0.00      4.00      0.00      0.00      0.00      0.00      0.00
04:28:19 AM      0.00      3.99      0.00      0.00      3.99      0.00      0.00      0.00      0.00      0.00
04:28:24 AM      0.00      0.00      0.00      0.00      4.00      0.00      0.00      0.00      0.00      0.00
04:28:29 AM      0.00      0.00      0.00      0.00      0.40      0.00      0.00      0.00      0.00      0.00
04:28:34 AM      0.00      0.00      0.00      0.00      4.00      0.00      0.00      0.00      0.00      0.00
04:28:39 AM      0.00      0.00      0.00      0.00      3.80      0.00      0.00      0.00      0.00      0.00
04:28:44 AM      0.00     38.40      0.00      0.00      4.00      0.00      0.00      0.00      0.00      0.00
04:28:49 AM      0.00    136.80      0.00      0.00      3.80      0.00      0.00      0.00      0.00      0.00
04:28:54 AM      0.00      4.80      0.00      0.00      3.80      0.00      0.00      0.00      0.00      0.00
04:28:59 AM      0.00      0.00      0.00      0.00      1.20      0.00      0.00      0.00      0.00      0.00
04:29:04 AM      0.00      0.00      0.00      0.00      4.60      0.00      0.00      0.00      0.00      0.00
04:29:09 AM      0.00     52.00      6.20      0.00      5.20      0.00      0.00      0.00      0.00      0.00
04:29:14 AM      0.00     14.40      6.00      0.00      4.00      0.00      0.00      0.00      0.00      0.00
04:29:19 AM      0.00     70.40      0.00      0.00      4.20      0.00      0.00      0.00      0.00      0.00
04:29:24 AM      0.00    162.40      0.00      0.00      4.60      0.00      0.00      0.00      0.00      0.00
04:29:29 AM      0.00      4.80      0.00      0.00      1.80      0.00      0.00      0.00      0.00      0.00
04:29:34 AM      0.00      0.00      0.00      0.00      3.80      0.00      0.00      0.00      0.00      0.00
04:29:39 AM      0.00     23.20      0.00      0.00      3.80      0.00      0.00      0.00      0.00      0.00
04:29:44 AM      0.00      0.00      0.00      0.00      4.00      0.00      0.00      0.00      0.00      0.00
04:29:49 AM      0.00     70.40      0.00      0.00      3.80      0.00      0.00      0.00      0.00      0.00
04:29:54 AM      0.00      0.00      0.00      0.00      4.40      0.00      0.00      0.00      0.00      0.00
04:29:59 AM      0.00    168.80      0.00      0.00      0.40      0.00      0.00      0.00      0.00      0.00
04:30:04 AM      0.00      4.00      0.00      0.00      4.00      0.00      0.00      0.00      0.00      0.00
04:30:09 AM      0.00      0.00      0.00      0.00      3.80      0.00      0.00      0.00      0.00      0.00
04:30:14 AM      0.00      0.00      0.00      0.00      4.00      0.00      0.00      0.00      0.00      0.00
04:30:19 AM      0.00      0.00      0.20      0.00      3.80      0.00      0.00      0.00      0.00      0.00
04:30:24 AM      0.00      0.00      0.00      0.00      4.00      0.00      0.00      0.00      0.00      0.00
04:30:29 AM      0.00     38.40      0.00      0.00      0.60      0.00      0.00      0.00      0.00      0.00
04:30:34 AM      0.00    124.00      0.00      0.00      7.20      0.00      0.00      0.00      0.00      0.00
04:30:39 AM      0.00      5.60      0.00      0.00      4.00      0.00      0.00      0.00      0.00      0.00
04:30:44 AM      0.00      0.00      0.00      0.00      3.80      0.00      0.00      0.00      0.00      0.00
04:30:49 AM      0.00      0.00      0.00      0.00      4.00      0.00      0.00      0.00      0.00      0.00
04:30:54 AM      0.00      0.00      0.00      0.00      3.80      0.00      0.00      0.00      0.00      0.00
04:30:59 AM      0.00      0.00      0.00      0.00      0.40      0.00      0.00      0.00      0.00      0.00
04:31:04 AM      0.00     38.40      0.00      0.00      4.00      0.00      0.00      0.00      0.00      0.00
04:31:09 AM      0.00    143.20      0.00      0.00      3.80      0.00      0.00      0.00      0.00      0.00
04:31:14 AM      0.00      4.80      0.00      0.00      4.00      0.00      0.00      0.00      0.00      0.00
04:31:19 AM      0.00      0.00    282.40      0.00    211.00      0.00      0.00      0.00      0.00      0.00
04:31:24 AM      0.00      0.00      0.00      0.00      4.20      0.00      0.00      0.00      0.00      0.00
04:31:29 AM      0.00      0.00      0.00      0.00      0.40      0.00      0.00      0.00      0.00      0.00
04:31:34 AM      0.00      0.00      0.00      0.00    209.60      0.00      0.00      0.00      0.00      0.00
04:31:39 AM      0.00     38.40      0.00      0.00      3.80      0.00      0.00      0.00      0.00      0.00
04:31:44 AM      0.00    124.00      0.00      0.00    208.60      0.00      0.00      0.00      0.00      0.00
04:31:49 AM      0.00      4.00      0.00      0.00      4.00      0.00      0.00      0.00      0.00      0.00
04:31:54 AM      0.00      0.00      0.00      0.00    823.00      0.00      0.00      0.00      0.00      0.00
04:31:59 AM      0.00      0.00      1.20      0.00      0.60      0.00      0.00      0.00      0.00      0.00
04:32:04 AM      0.00      0.00      0.00      0.00    413.40      0.00      0.00      0.00      0.00      0.00
04:32:09 AM      0.00      0.00      0.00      0.00      4.00      0.00      0.00      0.00      0.00      0.00
04:32:14 AM      0.00     38.40      0.00      0.00      3.80      0.00      0.00      0.00      0.00      0.00
04:32:19 AM      0.00    143.20      0.20      0.00      4.00      0.00      0.00      0.00      0.00      0.00
04:32:24 AM      0.00      4.80      0.00      0.00    208.80      0.00      0.00      0.00      0.00      0.00
04:32:29 AM      0.00      0.00      0.00      0.00      0.40      0.00      0.00      0.00      0.00      0.00
04:32:34 AM      0.00      0.00      0.00      0.00      4.00      0.00      0.00      0.00      0.00      0.00
04:32:39 AM      0.00      0.00      0.00      0.00      3.80      0.00      0.00      0.00      0.00      0.00
04:32:44 AM      0.00      0.00      0.00      0.00      4.00      0.00      0.00      0.00      0.00      0.00
04:32:49 AM      0.00     38.40      0.00      0.00      3.80      0.00      0.00      0.00      0.00      0.00
04:32:54 AM      0.00    124.00      0.00      0.00      4.00      0.00      0.00      0.00      0.00      0.00
04:32:59 AM      0.00      4.00      0.00      0.00      0.40      0.00      0.00      0.00      0.00      0.00
04:33:04 AM      0.00      0.00      0.00      0.00      4.00      0.00      0.00      0.00      0.00      0.00
04:33:09 AM      0.00      0.00      0.00      0.00      3.80      0.00      0.00      0.00      0.00      0.00
04:33:14 AM      0.00      0.00      0.00      0.00      3.80      0.00      0.00      0.00      0.00      0.00
04:33:19 AM      0.00      0.00      0.00      0.00    209.60      0.00      0.00      0.00      0.00      0.00
04:33:24 AM      0.00     38.40      0.00      0.00      3.80      0.00      0.00      0.00      0.00      0.00
04:33:29 AM      0.00    143.20      0.00      0.00      0.80      0.00      0.00      0.00      0.00      0.00
04:33:34 AM      0.00      4.00      0.00      0.00      3.80      0.00      0.00      0.00      0.00      0.00
04:33:39 AM      0.00      0.00      0.00      0.00    823.20      0.00      0.00      0.00      0.00      0.00
04:33:44 AM      0.00      0.00      0.00      0.00      3.80      0.00      0.00      0.00      0.00      0.00
04:33:49 AM      0.00      0.00      0.00      0.00    208.80      0.00      0.00      0.00      0.00      0.00
04:33:54 AM      0.00      0.00      0.00      0.00      3.80      0.00      0.00      0.00      0.00      0.00
04:33:59 AM      0.00     38.40      0.00      0.00      1.00      0.00      0.00      0.00      0.00      0.00
04:34:04 AM      0.00    124.00      0.00      0.00      4.80      0.00      0.00      0.00      0.00      0.00
04:34:09 AM      0.00      7.20      5.80      0.00      4.20      0.00      0.00      0.00      0.00      0.00
04:34:14 AM      0.00     51.20      0.20      0.00      5.00      0.00      0.00      0.00      0.00      0.00
04:34:19 AM      0.00     14.40      5.80      0.00    209.00      0.00      0.00      0.00      0.00      0.00
04:34:24 AM      0.00      0.00      0.00      0.00      4.20      0.00      0.00      0.00      0.00      0.00
04:34:29 AM      0.00      0.00      0.00      0.00    103.60      0.00      0.00      0.00      0.00      0.00
04:34:34 AM      0.00     70.40      0.00      0.00      3.80      0.00      0.00      0.00      0.00      0.00
04:34:39 AM      0.00    191.20      0.20      0.00      4.00      0.00      0.00      0.00      0.00      0.00
04:34:44 AM      0.00      4.00      0.00      0.00      3.80      0.00      0.00      0.00      0.00      0.00
04:34:49 AM      0.00      0.00      0.00      0.00      4.00      0.00      0.00      0.00      0.00      0.00
04:34:54 AM      0.00      0.00      0.00      0.00      4.20      0.00      0.00      0.00      0.00      0.00
04:34:59 AM      0.00      0.00      0.00      0.00      2.20      0.00      0.00      0.00      0.00      0.00
04:35:04 AM      0.00      0.00      0.00      0.00      3.80      0.00      0.00      0.00      0.00      0.00
04:35:09 AM      0.00     38.40      0.00      0.00      4.00      0.00      0.00      0.00      0.00      0.00
04:35:14 AM      0.00    124.00      0.00      0.00      3.80      0.00      0.00      0.00      0.00      0.00
04:35:19 AM      0.00      4.80      0.00      0.00    823.00      0.00      0.00      0.00      0.00      0.00
04:35:24 AM      0.00      0.00      0.00      0.00      4.00      0.00      0.00      0.00      0.00      0.00
04:35:29 AM      0.00      0.00      0.00      0.00    410.20      0.00      0.00      0.00      0.00      0.00
04:35:34 AM      0.00      0.00      0.00      0.00      7.40      0.00      0.00      0.00      0.00      0.00
04:35:39 AM      0.00      0.00      0.00      0.00    208.60      0.00      0.00      0.00      0.00      0.00
04:35:44 AM      0.00     38.40      0.00      0.00      4.00      0.00      0.00      0.00      0.00      0.00
04:35:49 AM      0.00    142.91      0.00      0.00    208.18      0.00      0.00      0.00      0.00      0.00
04:35:54 AM      0.00      4.00      0.00      0.00      4.00      0.00      0.00      0.00      0.00      0.00
04:35:59 AM      0.00      0.00      0.00      0.00      0.40      0.00      0.00      0.00      0.00      0.00
04:36:04 AM      0.00      0.00      0.00      0.00      3.80      0.00      0.00      0.00      0.00      0.00
04:36:09 AM      0.00      0.00      0.20      0.00      4.00      0.00      0.00      0.00      0.00      0.00
04:36:14 AM      0.00      0.00      0.40      0.00      3.80      0.00      0.00      0.00      0.00      0.00
04:36:19 AM      0.00     38.40    282.20      0.00    209.40      0.00      0.00      0.00      0.00      0.00
04:36:24 AM      0.00    124.00      0.00      0.00    210.20      0.00      0.00      0.00      0.00      0.00
04:36:29 AM      0.00      4.80      0.00      0.00      0.60      0.00      0.00      0.00      0.00      0.00
04:36:34 AM      0.00      0.00      0.00      0.00    311.20      0.00      0.00      0.00      0.00      0.00
04:36:39 AM      0.00      0.00      0.00      0.00      4.00      0.00      0.00      0.00      0.00      0.00
04:36:44 AM      0.00      0.00      0.00      0.00      3.80      0.00      0.00      0.00      0.00      0.00
04:36:49 AM      0.00      0.00      0.20      0.00      3.80      0.00      0.00      0.00      0.00      0.00
04:36:54 AM      0.00     38.40      0.00      0.00      4.00      0.00      0.00      0.00      0.00      0.00
04:36:59 AM      0.00    143.20      0.00      0.00      0.40      0.00      0.00      0.00      0.00      0.00
04:37:04 AM      0.00      4.00      0.00      0.00    618.40      0.00      0.00      0.00      0.00      0.00
04:37:09 AM      0.00      0.00      0.00      0.00      3.80      0.00      0.00      0.00      0.00      0.00
04:37:14 AM      0.00      0.00      0.00      0.00    413.60      0.00      0.00      0.00      0.00      0.00
04:37:19 AM      0.00      0.00      0.00      0.00      3.80      0.00      0.00      0.00      0.00      0.00
04:37:24 AM      0.00      0.00      0.00      0.00      3.80      0.00      0.00      0.00      0.00      0.00
04:37:29 AM      0.00     38.40      0.00      0.00      0.60      0.00      0.00      0.00      0.00      0.00
04:37:34 AM      0.00    124.00      0.00      0.00      4.00      0.00      0.00      0.00      0.00      0.00
04:37:39 AM      0.00      5.60      0.00      0.00      4.00      0.00      0.00      0.00      0.00      0.00
04:37:44 AM      0.00      0.00      0.00      0.00      3.80      0.00      0.00      0.00      0.00      0.00
04:37:49 AM      0.00      0.00      0.00      0.00      4.00      0.00      0.00      0.00      0.00      0.00
04:37:54 AM      0.00      0.00      0.00      0.00      3.80      0.00      0.00      0.00      0.00      0.00
04:37:59 AM      0.00      0.00      0.00      0.00      0.60      0.00      0.00      0.00      0.00      0.00
04:38:04 AM      0.00     38.40      0.00      0.00      3.80      0.00      0.00      0.00      0.00      0.00
04:38:09 AM      0.00    143.20      0.00      0.00      3.80      0.00      0.00      0.00      0.00      0.00
04:38:14 AM      0.00      4.00      0.00      0.00      4.00      0.00      0.00      0.00      0.00      0.00
04:38:19 AM      0.00      0.00      0.00      0.00      3.80      0.00      0.00      0.00      0.00      0.00
04:38:24 AM      0.00      0.00      0.00      0.00      4.00      0.00      0.00      0.00      0.00      0.00
04:38:29 AM      0.00      0.00      0.00      0.00      0.40      0.00      0.00      0.00      0.00      0.00
04:38:34 AM      0.00      0.00      0.00      0.00      4.20      0.00      0.00      0.00      0.00      0.00
04:38:39 AM      0.00     38.40      0.00      0.00      3.80      0.00      0.00      0.00      0.00      0.00
04:38:44 AM      0.00    117.60      0.00      0.00    413.60      0.00      0.00      0.00      0.00      0.00
04:38:49 AM      0.00      4.80      0.00      0.00      4.60      0.00      0.00      0.00      0.00      0.00
04:38:54 AM      0.00      0.00      0.00      0.00    618.20      0.00      0.00      0.00      0.00      0.00
04:38:59 AM      0.00      0.00      0.00      0.00      1.20      0.00      0.00      0.00      0.00      0.00
04:39:04 AM      0.00      0.00      0.00      0.00      4.60      0.00      0.00      0.00      0.00      0.00
04:39:09 AM      0.00      0.00      5.80      0.00      4.20      0.00      0.00      0.00      0.00      0.00
04:39:14 AM      0.00     70.40      0.00      0.00      4.40      0.00      0.00      0.00      0.00      0.00
04:39:19 AM      0.00    199.20      5.60      0.00      6.00      0.00      0.00      0.00      0.00      0.00
04:39:24 AM      0.00      4.80      0.00      0.00    311.20      0.00      0.00      0.00      0.00      0.00
04:39:29 AM      0.00      0.00      0.00      0.00      0.80      0.00      0.00      0.00      0.00      0.00
04:39:34 AM      0.00      0.00      0.00      0.00      4.19      0.00      0.00      0.00      0.00      0.00
04:39:39 AM      0.00     22.40      0.00      0.00      3.80      0.00      0.00      0.00      0.00      0.00
04:39:44 AM      0.00     70.40      0.00      0.00      4.00      0.00      0.00      0.00      0.00      0.00
04:39:49 AM      0.00    149.60      0.00      0.00      3.80      0.00      0.00      0.00      0.00      0.00
04:39:54 AM      0.00      0.00      0.00      0.00      4.40      0.00      0.00      0.00      0.00      0.00
04:39:59 AM      0.00      4.00      0.00      0.00      0.40      0.00      0.00      0.00      0.00      0.00
04:40:04 AM      0.00      0.00      0.00      0.00      4.00      0.00      0.00      0.00      0.00      0.00
04:40:09 AM      0.00      0.00      0.00      0.00      3.80      0.00      0.00      0.00      0.00      0.00
04:40:14 AM      0.00      0.00      0.00      0.00      4.00      0.00      0.00      0.00      0.00      0.00
04:40:19 AM      0.00     38.40      0.00      0.00    618.20      0.00      0.00      0.00      0.00      0.00
04:40:24 AM      0.00      0.00      0.00      0.00      3.80      0.00      0.00      0.00      0.00      0.00
04:40:29 AM      0.00    136.80      0.00      0.00    205.40      0.00      0.00      0.00      0.00      0.00
04:40:34 AM      0.00      4.00      0.00      0.00      7.40      0.00      0.00      0.00      0.00      0.00
04:40:39 AM      0.00      0.00      0.00      0.00      4.20      0.00      0.00      0.00      0.00      0.00
04:40:44 AM      0.00      0.00      0.00      0.00      3.80      0.00      0.00      0.00      0.00      0.00
04:40:49 AM      0.00      0.00      0.00      0.00      4.20      0.00      0.00      0.00      0.00      0.00
04:40:54 AM      0.00      0.00      0.00      0.00      3.80      0.00      0.00      0.00      0.00      0.00
04:40:59 AM      0.00     38.40      0.00      0.00      0.40      0.00      0.00      0.00      0.00      0.00
04:41:04 AM      0.00    117.60      0.20      0.00      4.00      0.00      0.00      0.00      0.00      0.00
04:41:09 AM      0.00      4.80      0.00      0.00    413.40      0.00      0.00      0.00      0.00      0.00
04:41:14 AM      0.00      0.00      0.00      0.00      4.00      0.00      0.00      0.00      0.00      0.00
04:41:19 AM      0.00      0.00    282.00      0.00    313.60      0.00      0.00      0.00      0.00      0.00
04:41:24 AM      0.00      0.00      0.00      0.00      4.00      0.00      0.00      0.00      0.00      0.00
04:41:29 AM      0.00      0.00      0.00      0.00      0.40      0.00      0.00      0.00      0.00      0.00
04:41:34 AM      0.00     38.40      0.00      0.00      4.00      0.00      0.00      0.00      0.00      0.00
04:41:39 AM      0.00    136.80      0.00      0.00      4.00      0.00      0.00      0.00      0.00      0.00
04:41:44 AM      0.00      7.20      0.00      0.00      3.80      0.00      0.00      0.00      0.00      0.00
04:41:49 AM      0.00      0.00      0.00      0.00    720.80      0.00      0.00      0.00      0.00      0.00
04:41:54 AM      0.00      0.00      0.00      0.00      3.80      0.00      0.00      0.00      0.00      0.00
04:41:59 AM      0.00      0.00      0.00      0.00    819.80      0.00      0.00      0.00      0.00      0.00
04:42:04 AM      0.00      0.00      0.00      0.00      4.60      0.00      0.00      0.00      0.00      0.00
04:42:09 AM      0.00     38.40      0.00      0.00    208.80      0.00      0.00      0.00      0.00      0.00
04:42:14 AM      0.00    117.60      0.00      0.00      3.80      0.00      0.00      0.00      0.00      0.00
04:42:19 AM      0.00      4.00      0.00      0.00      4.00      0.00      0.00      0.00      0.00      0.00
04:42:24 AM      0.00      0.00      0.00      0.00      3.80      0.00      0.00      0.00      0.00      0.00
04:42:29 AM      0.00      0.00      0.00      0.00    205.20      0.00      0.00      0.00      0.00      0.00
04:42:34 AM      0.00      0.00      0.00      0.00      4.00      0.00      0.00      0.00      0.00      0.00
04:42:39 AM      0.00      0.00      0.00      0.00      4.00      0.00      0.00      0.00      0.00      0.00
04:42:44 AM      0.00     38.40      0.00      0.00      4.00      0.00      0.00      0.00      0.00      0.00
04:42:49 AM      0.00    136.80      0.00      0.00    208.60      0.00      0.00      0.00      0.00      0.00
04:42:54 AM      0.00      4.00      0.00      0.00      4.00      0.00      0.00      0.00      0.00      0.00
04:42:59 AM      0.00      0.00      0.00      0.00      0.40      0.00      0.00      0.00      0.00      0.00
04:43:04 AM      0.00      0.00      0.00      0.00      4.00      0.00      0.00      0.00      0.00      0.00
04:43:09 AM      0.00      0.00      0.00      0.00      3.80      0.00      0.00      0.00      0.00      0.00
04:43:14 AM      0.00      0.00      0.00      0.00      3.80      0.00      0.00      0.00      0.00      0.00
04:43:19 AM      0.00     38.40      0.00      0.00      4.00      0.00      0.00      0.00      0.00      0.00
04:43:24 AM      0.00    117.60      0.00      0.00    413.40      0.00      0.00      0.00      0.00      0.00
04:43:29 AM      0.00      4.00      0.00      0.00      0.60      0.00      0.00      0.00      0.00      0.00
04:43:34 AM      0.00      0.00      0.00      0.00    413.40      0.00      0.00      0.00      0.00      0.00
04:43:39 AM      0.00      0.00      0.00      0.00      4.00      0.00      0.00      0.00      0.00      0.00
04:43:44 AM      0.00      0.00      0.00      0.00    618.40      0.00      0.00      0.00      0.00      0.00
04:43:49 AM      0.00      0.00      0.00      0.00      3.80      0.00      0.00      0.00      0.00      0.00
04:43:54 AM      0.00     38.40      0.00      0.00    413.60      0.00      0.00      0.00      0.00      0.00
04:43:59 AM      0.00    136.80      0.00      0.00      1.00      0.00      0.00      0.00      0.00      0.00
04:44:04 AM      0.00      4.80      0.00      0.00    209.60      0.00      0.00      0.00      0.00      0.00
04:44:09 AM      0.00      0.00      5.80      0.00      4.20      0.00      0.00      0.00      0.00      0.00
04:44:14 AM      0.00      0.00      0.20      0.00      4.40      0.00      0.00      0.00      0.00      0.00
04:44:19 AM      0.00     51.20      0.60      0.00      5.60      0.00      0.00      0.00      0.00      0.00
04:44:24 AM      0.00      0.00      0.00      0.00      4.40      0.00      0.00      0.00      0.00      0.00
04:44:29 AM      0.00     84.80      5.80      0.00      0.60      0.00      0.00      0.00      0.00      0.00
04:44:34 AM      3.20    162.40      0.00      0.00      4.00      0.00      0.00      0.00      0.00      0.00
04:44:39 AM      0.00     27.20      0.00      0.00      4.00      0.00      0.00      0.00      0.00      0.00
04:44:44 AM      0.00      0.00      0.00      0.00    208.80      0.00      0.00      0.00      0.00      0.00
04:44:49 AM      0.00      0.00      0.00      0.00      4.00      0.00      0.00      0.00      0.00      0.00
04:44:54 AM      0.00      0.00      0.00      0.00    209.00      0.00      0.00      0.00      0.00      0.00
04:44:59 AM      0.00      0.00      0.00      0.00      0.60      0.00      0.00      0.00      0.00      0.00
04:45:04 AM      0.00     38.40      0.00      0.00      3.80      0.00      0.00      0.00      0.00      0.00
04:45:09 AM      0.00    156.00      0.00      0.00      4.00      0.00      0.00      0.00      0.00      0.00
04:45:14 AM      0.00      5.60      0.00      0.00      3.80      0.00      0.00      0.00      0.00      0.00
04:45:19 AM      0.00      0.00      0.00      0.00      3.80      0.00      0.00      0.00      0.00      0.00
04:45:24 AM      0.00      0.00      0.00      0.00      4.00      0.00      0.00      0.00      0.00      0.00
04:45:29 AM      0.00      0.00      0.00      0.00      0.40      0.00      0.00      0.00      0.00      0.00
04:45:34 AM      0.00      0.00      0.00      0.00      7.40      0.00      0.00      0.00      0.00      0.00
04:45:39 AM      0.00     38.40      0.00      0.00      3.80      0.00      0.00      0.00      0.00      0.00
04:45:44 AM      0.00    117.60      0.00      0.00      4.20      0.00      0.00      0.00      0.00      0.00
04:45:49 AM      0.00      4.00      0.00      0.00      4.60      0.00      0.00      0.00      0.00      0.00
04:45:54 AM      0.00      0.00      0.00      0.00      4.00      0.00      0.00      0.00      0.00      0.00
04:45:59 AM      0.00      0.00      0.00      0.00      0.40      0.00      0.00      0.00      0.00      0.00
04:46:04 AM      0.00      0.00      0.00      0.00      3.80      0.00      0.00      0.00      0.00      0.00
04:46:09 AM      0.00      0.00      0.00      0.00      4.00      0.00      0.00      0.00      0.00      0.00
04:46:14 AM      0.00     38.40      0.00      0.00      3.80      0.00      0.00      0.00      0.00      0.00
04:46:19 AM      0.00    136.80    282.60      0.00    212.20      0.00      0.00      0.00      0.00      0.00
04:46:24 AM      0.00      4.00      0.00      0.00      3.80      0.00      0.00      0.00      0.00      0.00
04:46:29 AM      0.00      0.00      0.00      0.00      0.60      0.00      0.00      0.00      0.00      0.00
04:46:34 AM      0.00      0.00      0.00      0.00      3.79      0.00      0.00      0.00      0.00      0.00
04:46:39 AM      0.00      0.00      0.00      0.00      3.80      0.00      0.00      0.00      0.00      0.00
04:46:44 AM      0.00      0.00      0.00      0.00      4.20      0.00      0.00      0.00      0.00      0.00
04:46:49 AM      0.00     38.40      0.00      0.00      3.80      0.00      0.00      0.00      0.00      0.00
04:46:54 AM      3.20    130.40      0.00      0.00      4.00      0.00      0.00      0.00      0.00      0.00
04:46:59 AM      0.00      4.80      0.00      0.00      0.40      0.00      0.00      0.00      0.00      0.00
04:47:04 AM      0.00      0.00      0.00      0.00      4.00      0.00      0.00      0.00      0.00      0.00
04:47:09 AM      0.00      0.00      0.20      0.00      3.80      0.00      0.00      0.00      0.00      0.00
04:47:14 AM      0.00      0.00      0.00      0.00      4.00      0.00      0.00      0.00      0.00      0.00
04:47:19 AM      0.00      0.00      0.00      0.00      3.80      0.00      0.00      0.00      0.00      0.00
04:47:24 AM      0.00     38.40      0.00      0.00      3.80      0.00      0.00      0.00      0.00      0.00
04:47:29 AM      0.00    143.20      0.00      0.00      0.60      0.00      0.00      0.00      0.00      0.00
04:47:34 AM      0.00      5.60      0.00      0.00      3.80      0.00      0.00      0.00      0.00      0.00
04:47:39 AM      0.00      0.00      0.00      0.00      4.00      0.00      0.00      0.00      0.00      0.00
04:47:44 AM      0.00      0.00      0.00      0.00      3.80      0.00      0.00      0.00      0.00      0.00
04:47:49 AM      0.00      0.00      0.00      0.00      4.20      0.00      0.00      0.00      0.00      0.00
04:47:54 AM      0.00      0.00      0.00      0.00      3.80      0.00      0.00      0.00      0.00      0.00
04:47:59 AM      0.00     38.40      0.00      0.00      0.60      0.00      0.00      0.00      0.00      0.00
04:48:04 AM      0.00    117.60      0.00      0.00      3.80      0.00      0.00      0.00      0.00      0.00
04:48:09 AM      0.00      4.00      0.20      0.00      3.80      0.00      0.00      0.00      0.00      0.00
04:48:14 AM      0.00      0.00      0.00      0.00      4.00      0.00      0.00      0.00      0.00      0.00
04:48:19 AM      0.00      0.00      0.20      0.00      3.80      0.00      0.00      0.00      0.00      0.00
04:48:24 AM      0.00      0.00      0.00      0.00      4.00      0.00      0.00      0.00      0.00      0.00
04:48:29 AM      0.00      0.00      0.00      0.00      0.40      0.00      0.00      0.00      0.00      0.00
04:48:34 AM      0.00     38.40      0.00      0.00      4.00      0.00      0.00      0.00      0.00      0.00
04:48:39 AM      0.00    136.80      0.00      0.00      3.80      0.00      0.00      0.00      0.00      0.00
04:48:44 AM      0.00      5.60      0.00      0.00      4.00      0.00      0.00      0.00      0.00      0.00
04:48:49 AM      0.00      0.00      0.00      0.00      4.00      0.00      0.00      0.00      0.00      0.00
04:48:54 AM      0.00      0.00      0.00      0.00      3.80      0.00      0.00      0.00      0.00      0.00
04:48:59 AM      0.00      0.00      0.00      0.00      1.20      0.00      0.00      0.00      0.00      0.00
04:49:04 AM      0.00      0.00      0.00      0.00      4.60      0.00      0.00      0.00      0.00      0.00
04:49:09 AM      0.00     57.60      5.80      0.00      4.40      0.00      0.00      0.00      0.00      0.00
04:49:14 AM      6.40    181.60      0.00      0.00      4.20      0.00      0.00      0.00      0.00      0.00
04:49:19 AM      0.00      4.80      0.00      0.00      4.40      0.00      0.00      0.00      0.00      0.00
04:49:24 AM      0.00      0.00      0.00      0.00      4.00      0.00      0.00      0.00      0.00      0.00
04:49:29 AM      0.00     36.80      5.60      0.00      1.80      0.00      0.00      0.00      0.00      0.00
04:49:34 AM      0.00      0.00      0.00      0.00      3.80      0.00      0.00      0.00      0.00      0.00
04:49:39 AM      0.00     92.80      0.00      0.00      3.80      0.00      0.00      0.00      0.00      0.00
04:49:44 AM      0.00      0.00      0.00      0.00      4.00      0.00      0.00      0.00      0.00      0.00
04:49:49 AM      0.00    168.80      0.00      0.00      4.00      0.00      0.00      0.00      0.00      0.00
04:49:54 AM      0.00      4.00      0.00      0.00      4.40      0.00      0.00      0.00      0.00      0.00
04:49:59 AM      0.00      0.00      0.00      0.00      0.40      0.00      0.00      0.00      0.00      0.00
04:50:04 AM      0.00      0.00      0.00      0.00      4.00      0.00      0.00      0.00      0.00      0.00
04:50:09 AM      0.00      0.00      0.00      0.00      3.80      0.00      0.00      0.00      0.00      0.00
04:50:14 AM      0.00      0.00      0.00      0.00      3.80      0.00      0.00      0.00      0.00      0.00
04:50:19 AM      0.00     38.32      0.00      0.00      3.99      0.00      0.00      0.00      0.00      0.00
04:50:24 AM      0.00    117.60      0.00      0.00      3.80      0.00      0.00      0.00      0.00      0.00
04:50:29 AM      0.00      4.00      0.00      0.00      0.60      0.00      0.00      0.00      0.00      0.00
04:50:34 AM      0.00      0.00      0.00      0.00      7.20      0.00      0.00      0.00      0.00      0.00
04:50:39 AM      0.00      0.00      0.00      0.00      4.00      0.00      0.00      0.00      0.00      0.00
04:50:44 AM      0.00      0.00      0.00      0.00      3.80      0.00      0.00      0.00      0.00      0.00
04:50:49 AM      0.00      0.00      0.00      0.00      4.80      0.00      0.00      0.00      0.00      0.00
04:50:54 AM      0.00     38.40      0.00      0.00      4.00      0.00      0.00      0.00      0.00      0.00
04:50:59 AM      0.00    136.80      0.00      0.00      0.40      0.00      0.00      0.00      0.00      0.00
04:51:04 AM      0.00      4.80      0.00      0.00      4.00      0.00      0.00      0.00      0.00      0.00
04:51:09 AM      0.00      0.00      0.00      0.00      3.80      0.00      0.00      0.00      0.00      0.00
04:51:14 AM      0.00      0.00      0.20      0.00      4.00      0.00      0.00      0.00      0.00      0.00
04:51:19 AM      0.00      0.00    282.00      0.00    211.00      0.00      0.00      0.00      0.00      0.00
04:51:24 AM      0.00      0.00      0.00      0.00      4.00      0.00      0.00      0.00      0.00      0.00
04:51:29 AM      0.00     38.40      0.00      0.00      0.40      0.00      0.00      0.00      0.00      0.00
04:51:34 AM      0.00    117.60      0.00      0.00      4.00      0.00      0.00      0.00      0.00      0.00
04:51:39 AM      0.00      4.00      0.00      0.00      3.80      0.00      0.00      0.00      0.00      0.00
04:51:44 AM      0.00      0.00      0.00      0.00      3.80      0.00      0.00      0.00      0.00      0.00
04:51:49 AM      0.00      0.00      0.00      0.00      4.00      0.00      0.00      0.00      0.00      0.00
04:51:54 AM      0.00      0.00      0.00      0.00      4.00      0.00      0.00      0.00      0.00      0.00
04:51:59 AM      0.00      0.00      0.00      0.00      0.60      0.00      0.00      0.00      0.00      0.00
04:52:04 AM      0.00     38.40      0.00      0.00      3.80      0.00      0.00      0.00      0.00      0.00
04:52:09 AM      0.00    136.80      0.00      0.00      4.00      0.00      0.00      0.00      0.00      0.00
04:52:14 AM      0.00      4.80      0.40      0.00    311.00      0.00      0.00      0.00      0.00      0.00
04:52:19 AM      0.00      0.00      0.20      0.00      4.00      0.00      0.00      0.00      0.00      0.00
04:52:24 AM      0.00      0.00      0.00      0.00    106.20      0.00      0.00      0.00      0.00      0.00
04:52:29 AM      0.00      0.00      0.00      0.00      0.40      0.00      0.00      0.00      0.00      0.00
04:52:34 AM      0.00      0.00      0.00      0.00    721.60      0.00      0.00      0.00      0.00      0.00
04:52:39 AM      0.00     38.40      0.00      0.00      3.80      0.00      0.00      0.00      0.00      0.00
04:52:44 AM      0.00    117.60      0.00      0.00    311.20      0.00      0.00      0.00      0.00      0.00
04:52:49 AM      0.00      5.60      0.00      0.00      3.80      0.00      0.00      0.00      0.00      0.00
04:52:54 AM      0.00      0.00      0.00      0.00      4.20      0.00      0.00      0.00      0.00      0.00
04:52:59 AM      0.00      0.00      0.00      0.00      0.40      0.00      0.00      0.00      0.00      0.00
04:53:04 AM      0.00      0.00      0.00      0.00    311.00      0.00      0.00      0.00      0.00      0.00
04:53:09 AM      0.00      0.00      0.00      0.00      4.00      0.00      0.00      0.00      0.00      0.00
04:53:14 AM      0.00     38.40      0.40      0.00      3.80      0.00      0.00      0.00      0.00      0.00
04:53:19 AM      0.00    136.80      0.00      0.00      4.00      0.00      0.00      0.00      0.00      0.00
04:53:24 AM      0.00      4.00      0.00      0.00      3.80      0.00      0.00      0.00      0.00      0.00
04:53:29 AM      0.00      0.00      0.00      0.00      0.60      0.00      0.00      0.00      0.00      0.00
04:53:34 AM      0.00      0.00      0.00      0.00      3.80      0.00      0.00      0.00      0.00      0.00
04:53:39 AM      0.00      0.00      0.00      0.00      4.00      0.00      0.00      0.00      0.00      0.00
04:53:44 AM      0.00      0.00      0.00      0.00      3.80      0.00      0.00      0.00      0.00      0.00
04:53:49 AM      0.00     38.40      0.00      0.00      3.80      0.00      0.00      0.00      0.00      0.00
04:53:54 AM      0.00    117.60      0.00      0.00    413.80      0.00      0.00      0.00      0.00      0.00
04:53:59 AM      0.00      5.60      0.00      0.00      1.00      0.00      0.00      0.00      0.00      0.00
04:54:04 AM      0.00      0.00      0.00      0.00      4.80      0.00      0.00      0.00      0.00      0.00
04:54:09 AM      0.00      0.00      5.99      0.00    310.58      0.00      0.00      0.00      0.00      0.00
04:54:14 AM      0.00      0.00      0.00      0.00      4.20      0.00      0.00      0.00      0.00      0.00
04:54:19 AM      0.00      0.00      0.20      0.00    823.60      0.00      0.00      0.00      0.00      0.00
04:54:24 AM      0.00     70.40      0.00      0.00      4.20      0.00      0.00      0.00      0.00      0.00
04:54:29 AM      3.20    248.80      6.20      0.00    104.00      0.00      0.00      0.00      0.00      0.00
04:54:34 AM      0.00      4.80      0.00      0.00      3.80      0.00      0.00      0.00      0.00      0.00
04:54:39 AM      0.00     23.20      0.00      0.00      4.20      0.00      0.00      0.00      0.00      0.00
04:54:44 AM      0.00      0.00      0.00      0.00      4.20      0.00      0.00      0.00      0.00      0.00
04:54:49 AM      0.00      0.00      0.00      0.00      4.00      0.00      0.00      0.00      0.00      0.00
04:54:54 AM      0.00      0.00      0.00      0.00      3.80      0.00      0.00      0.00      0.00      0.00
04:54:59 AM      6.40    232.80      0.00      0.00    205.60      0.00      0.00      0.00      0.00      0.00
04:55:04 AM      0.00      0.00      0.00      0.00      3.80      0.00      0.00      0.00      0.00      0.00
04:55:09 AM      0.00      4.00      0.00      0.00      4.00      0.00      0.00      0.00      0.00      0.00
04:55:14 AM      0.00      0.00      0.00      0.00      3.80      0.00      0.00      0.00      0.00      0.00
04:55:19 AM      0.00      0.00      0.00      0.00      3.80      0.00      0.00      0.00      0.00      0.00
04:55:24 AM      0.00      0.00      0.00      0.00      4.00      0.00      0.00      0.00      0.00      0.00
04:55:29 AM      0.00      0.00      0.00      0.00      0.40      0.00      0.00      0.00      0.00      0.00
04:55:34 AM      0.00     38.40      0.00      0.00      7.40      0.00      0.00      0.00      0.00      0.00
04:55:39 AM      0.00    143.20      0.00      0.00      3.80      0.00      0.00      0.00      0.00      0.00
04:55:44 AM      0.00      4.00      0.00      0.00      4.00      0.00      0.00      0.00      0.00      0.00
04:55:49 AM      0.00      0.00      0.00      0.00    106.20      0.00      0.00      0.00      0.00      0.00
04:55:54 AM      0.00      0.00      0.00      0.00      4.00      0.00      0.00      0.00      0.00      0.00
04:55:59 AM      0.00      0.00      0.00      0.00    819.80      0.00      0.00      0.00      0.00      0.00
04:56:04 AM      0.00      0.00      0.00      0.00      3.80      0.00      0.00      0.00      0.00      0.00
04:56:09 AM      0.00     38.40      0.00      0.00    106.40      0.00      0.00      0.00      0.00      0.00
04:56:14 AM      0.00    117.60      0.00      0.00      3.80      0.00      0.00      0.00      0.00      0.00
04:56:19 AM      0.00      5.60      0.20      0.00    208.80      0.00      0.00      0.00      0.00      0.00
04:56:24 AM      0.00      0.00    287.00      0.00    222.80      0.00      0.00      0.00      0.00      0.00
04:56:29 AM      0.00      0.00      0.00      0.00      0.60      0.00      0.00      0.00      0.00      0.00
04:56:34 AM      0.00      0.00      0.00      0.00      3.80      0.00      0.00      0.00      0.00      0.00
04:56:39 AM      0.00      0.00      0.00      0.00      3.80      0.00      0.00      0.00      0.00      0.00
04:56:44 AM      0.00     38.40      0.00      0.00      4.00      0.00      0.00      0.00      0.00      0.00
04:56:49 AM      0.00    136.80      0.00      0.00    208.60      0.00      0.00      0.00      0.00      0.00
04:56:54 AM      0.00      4.80      0.00      0.00      4.00      0.00      0.00      0.00      0.00      0.00
04:56:59 AM      0.00      0.00      0.00      0.00      0.60      0.00      0.00      0.00      0.00      0.00
04:57:04 AM      0.00      0.00      0.00      0.00      4.00      0.00      0.00      0.00      0.00      0.00
04:57:09 AM      0.00      0.00      0.00      0.00      3.80      0.00      0.00      0.00      0.00      0.00
04:57:14 AM      0.00      0.00      0.00      0.00      4.00      0.00      0.00      0.00      0.00      0.00
04:57:19 AM      0.00     38.40      0.00      0.00      3.80      0.00      0.00      0.00      0.00      0.00
04:57:24 AM      0.00    130.40      0.00      0.00      3.80      0.00      0.00      0.00      0.00      0.00
04:57:29 AM      0.00      4.80      0.00      0.00    205.40      0.00      0.00      0.00      0.00      0.00
04:57:34 AM      0.00      0.00      0.00      0.00      3.80      0.00      0.00      0.00      0.00      0.00
04:57:39 AM      0.00      0.00      0.00      0.00      4.00      0.00      0.00      0.00      0.00      0.00
04:57:44 AM      0.00      0.00      0.00      0.00    823.00      0.00      0.00      0.00      0.00      0.00
04:57:49 AM      0.00      0.00      0.00      0.00      4.00      0.00      0.00      0.00      0.00      0.00
04:57:54 AM      0.00     38.40      0.00      0.00    106.20      0.00      0.00      0.00      0.00      0.00
04:57:59 AM      0.00    136.53      0.00      0.00      0.60      0.00      0.00      0.00      0.00      0.00
04:58:04 AM      0.00      4.00      0.00      0.00      4.00      0.00      0.00      0.00      0.00      0.00
04:58:09 AM      0.00      0.00      0.00      0.00      3.80      0.00      0.00      0.00      0.00      0.00
04:58:14 AM      0.00      0.00      0.00      0.00      4.00      0.00      0.00      0.00      0.00      0.00
04:58:19 AM      0.00      0.00      0.00      0.00      3.80      0.00      0.00      0.00      0.00      0.00
04:58:24 AM      0.00      0.00      0.00      0.00      4.00      0.00      0.00      0.00      0.00      0.00
04:58:29 AM      0.00     38.40      0.00      0.00      0.40      0.00      0.00      0.00      0.00      0.00
04:58:34 AM      0.00    124.00      0.00      0.00      4.00      0.00      0.00      0.00      0.00      0.00
04:58:39 AM      0.00      4.00      0.00      0.00      3.80      0.00      0.00      0.00      0.00      0.00
04:58:44 AM      0.00      0.00      0.00      0.00      4.00      0.00      0.00      0.00      0.00      0.00
04:58:49 AM      0.00      0.00      0.00      0.00      3.80      0.00      0.00      0.00      0.00      0.00
04:58:54 AM      0.00      0.00      0.00      0.00      3.80      0.00      0.00      0.00      0.00      0.00
04:58:59 AM      0.00      0.00      0.00      0.00      2.00      0.00      0.00      0.00      0.00      0.00
04:59:04 AM      0.00     38.40      0.00      0.00      4.80      0.00      0.00      0.00      0.00      0.00
04:59:09 AM      0.00    156.00      5.80      0.00      4.40      0.00      0.00      0.00      0.00      0.00
04:59:14 AM      0.00      4.00      0.00      0.00    106.60      0.00      0.00      0.00      0.00      0.00
04:59:19 AM      0.00      0.00      0.20      0.00      5.00      0.00      0.00      0.00      0.00      0.00
04:59:24 AM      0.00      0.00      0.00      0.00    823.40      0.00      0.00      0.00      0.00      0.00
04:59:29 AM      0.00     36.80      5.60      0.00      1.40      0.00      0.00      0.00      0.00      0.00
04:59:34 AM      0.00      0.00      0.00      0.00    106.60      0.00      0.00      0.00      0.00      0.00
04:59:39 AM      0.00    184.80      0.00      0.00      3.80      0.00      0.00      0.00      0.00      0.00
04:59:44 AM      0.00      0.00      0.00      0.00      4.40      0.00      0.00      0.00      0.00      0.00
04:59:49 AM      0.00      7.20      0.00      0.00      3.80      0.00      0.00      0.00      0.00      0.00
04:59:54 AM      0.00      0.00      0.00      0.00    413.60      0.00      0.00      0.00      0.00      0.00
04:59:59 AM      0.00      0.00      0.00      0.00      0.40      0.00      0.00      0.00      0.00      0.00
05:00:04 AM      0.00      0.00      0.00      0.00      4.20      0.00      0.00      0.00      0.00      0.00
05:00:09 AM      0.00    143.20      0.00      0.00      3.80      0.00      0.00      0.00      0.00      0.00
05:00:14 AM      0.00      0.00      0.00      0.00      3.80      0.00      0.00      0.00      0.00      0.00
05:00:19 AM      0.00      0.00      0.00      0.00      4.00      0.00      0.00      0.00      0.00      0.00
05:00:24 AM      0.00      4.80      0.00      0.00      3.80      0.00      0.00      0.00      0.00      0.00
05:00:29 AM      0.00      0.00      0.00      0.00      0.60      0.00      0.00      0.00      0.00      0.00
05:00:34 AM      0.00      0.00      0.00      0.00      7.20      0.00      0.00      0.00      0.00      0.00
05:00:39 AM      0.00      0.00      0.00      0.00      4.00      0.00      0.00      0.00      0.00      0.00
05:00:44 AM      0.00      0.00      0.00      0.00    413.40      0.00      0.00      0.00      0.00      0.00
05:00:49 AM      0.00      0.00      0.00      0.00      4.00      0.00      0.00      0.00      0.00      0.00
05:00:54 AM      0.00    149.60      0.00      0.00    311.00      0.00      0.00      0.00      0.00      0.00
05:00:59 AM      0.00      4.00      0.00      0.00      0.40      0.00      0.00      0.00      0.00      0.00
05:01:04 AM      0.00      0.00      0.00      0.00      4.20      0.00      0.00      0.00      0.00      0.00
05:01:09 AM      0.00      0.00      0.00      0.00      3.80      0.00      0.00      0.00      0.00      0.00
05:01:14 AM      0.00      0.00      0.00      0.00      4.80      0.00      0.00      0.00      0.00      0.00
05:01:19 AM      0.00      0.00     89.00      0.00      3.80      0.00      0.00      0.00      0.00      0.00
05:01:24 AM      0.00     38.40    285.60      0.00    213.40      0.00      0.00      0.00      0.00      0.00
05:01:29 AM      0.00    130.40      0.00      0.00  12377.20      0.00      0.00      0.00      0.00      0.00
05:01:34 AM      0.00      4.00      0.00      0.00      4.00      0.00      0.00      0.00      0.00      0.00
05:01:39 AM      0.00      0.00      0.00      0.00    310.38      0.00      0.00      0.00      0.00      0.00
05:01:44 AM      0.00      0.00      0.00      0.00      3.80      0.00      0.00      0.00      0.00      0.00
05:01:49 AM      0.00      0.00      0.00      0.00    311.20      0.00      0.00      0.00      0.00      0.00
05:01:54 AM      0.00      0.00      0.00      0.00      3.80      0.00      0.00      0.00      0.00      0.00
05:01:59 AM      0.00     38.40      0.00      0.00      0.60      0.00      0.00      0.00      0.00      0.00
05:02:04 AM      0.00    111.20      0.00      0.00      3.80      0.00      0.00      0.00      0.00      0.00
05:02:09 AM      0.00      4.00      0.00      0.00      4.20      0.00      0.00      0.00      0.00      0.00
05:02:14 AM      0.00      0.00      0.00      0.00      3.80      0.00      0.00      0.00      0.00      0.00
05:02:19 AM      0.00      0.00      0.00      0.00    413.60      0.00      0.00      0.00      0.00      0.00
05:02:24 AM      0.00      0.00      0.00      0.00      3.80      0.00      0.00      0.00      0.00      0.00
05:02:29 AM      0.00      0.00      0.00      0.00    717.20      0.00      0.00      0.00      0.00      0.00
05:02:34 AM      0.00     38.40      0.00      0.00      4.00      0.00      0.00      0.00      0.00      0.00
05:02:39 AM      3.20    149.60      0.00      0.00    720.60      0.00      0.00      0.00      0.00      0.00
05:02:44 AM      0.00      5.60      0.00      0.00      4.00      0.00      0.00      0.00      0.00      0.00
05:02:49 AM      0.00      0.00      0.00      0.00      3.80      0.00      0.00      0.00      0.00      0.00
05:02:54 AM      0.00      0.00      0.00      0.00      4.00      0.00      0.00      0.00      0.00      0.00
05:02:59 AM      0.00      0.00      0.00      0.00    102.80      0.00      0.00      0.00      0.00      0.00
05:03:04 AM      0.00      0.00      0.00      0.00      3.80      0.00      0.00      0.00      0.00      0.00
05:03:09 AM      0.00     38.40      0.00      0.00    311.40      0.00      0.00      0.00      0.00      0.00
05:03:14 AM      0.00    117.60      0.00      0.00      3.80      0.00      0.00      0.00      0.00      0.00
05:03:19 AM      0.00      4.00      0.00      0.00      4.00      0.00      0.00      0.00      0.00      0.00
05:03:24 AM      0.00      0.00      0.00      0.00      3.80      0.00      0.00      0.00      0.00      0.00
05:03:29 AM      0.00      0.00      0.00      0.00    410.20      0.00      0.00      0.00      0.00      0.00
05:03:34 AM      0.00      0.00      0.00      0.00      3.80      0.00      0.00      0.00      0.00      0.00
05:03:39 AM      0.00      0.00      0.00      0.00      4.00      0.00      0.00      0.00      0.00      0.00
05:03:44 AM      0.00     38.40      0.00      0.00      3.80      0.00      0.00      0.00      0.00      0.00
05:03:49 AM      0.00    130.40      0.00      0.00      3.80      0.00      0.00      0.00      0.00      0.00
05:03:54 AM      0.00      5.60      0.00      0.00      4.00      0.00      0.00      0.00      0.00      0.00
05:03:59 AM      0.00      0.00      0.00      0.00    513.00      0.00      0.00      0.00      0.00      0.00
05:04:04 AM      0.00      0.00      0.40      0.00      4.80      0.00      0.00      0.00      0.00      0.00
05:04:09 AM      0.00      0.00      6.00      0.00    311.60      0.00      0.00      0.00      0.00      0.00
05:04:14 AM      0.00      0.00      0.00      0.00      4.40      0.00      0.00      0.00      0.00      0.00
05:04:19 AM      0.00     70.40      0.00      0.00    721.00      0.00      0.00      0.00      0.00      0.00
05:04:24 AM      0.00    149.60      0.00      0.00      4.20      0.00      0.00      0.00      0.00      0.00
05:04:29 AM      0.00     40.80      5.60      0.00      1.60      0.00      0.00      0.00      0.00      0.00
05:04:34 AM      0.00      0.00      0.00      0.00      3.80      0.00      0.00      0.00      0.00      0.00
05:04:39 AM      0.00     22.40      0.00      0.00    208.80      0.00      0.00      0.00      0.00      0.00
05:04:44 AM      0.00      0.00      0.00      0.00      4.20      0.00      0.00      0.00      0.00      0.00
05:04:49 AM      0.00      0.00      0.20      0.00      4.00      0.00      0.00      0.00      0.00      0.00
05:04:54 AM      0.00     70.40      0.00      0.00      3.80      0.00      0.00      0.00      0.00      0.00
05:04:59 AM      0.00    149.60      0.00      0.00      0.60      0.00      0.00      0.00      0.00      0.00
05:05:04 AM      0.00      4.80      0.00      0.00      3.80      0.00      0.00      0.00      0.00      0.00
05:05:09 AM      0.00      0.00      0.00      0.00      4.00      0.00      0.00      0.00      0.00      0.00
05:05:14 AM      0.00      0.00      0.00      0.00      4.00      0.00      0.00      0.00      0.00      0.00
05:05:19 AM      0.00      0.00      0.00      0.00      3.79      0.00      0.00      0.00      0.00      0.00
05:05:24 AM      0.00      0.00      0.00      0.00    413.60      0.00      0.00      0.00      0.00      0.00
05:05:29 AM      0.00     38.40      0.00      0.00      0.40      0.00      0.00      0.00      0.00      0.00
05:05:34 AM      0.00    111.20      0.00      0.00      7.40      0.00      0.00      0.00      0.00      0.00
05:05:39 AM      0.00      4.00      0.00      0.00      3.80      0.00      0.00      0.00      0.00      0.00
05:05:44 AM      0.00      0.00      0.00      0.00      4.00      0.00      0.00      0.00      0.00      0.00
05:05:49 AM      0.00      0.00      0.00      0.00      3.80      0.00      0.00      0.00      0.00      0.00
05:05:54 AM      0.00      0.00      0.00      0.00      3.80      0.00      0.00      0.00      0.00      0.00
05:05:59 AM      0.00      0.00      0.00      0.00      0.60      0.00      0.00      0.00      0.00      0.00
05:06:04 AM      0.00     38.40      0.00      0.00      3.80      0.00      0.00      0.00      0.00      0.00
05:06:09 AM      3.20    143.20      0.00      0.00      4.00      0.00      0.00      0.00      0.00      0.00
05:06:14 AM      0.00      4.80      0.00      0.00      4.00      0.00      0.00      0.00      0.00      0.00
05:06:19 AM      0.00      0.00      0.00      0.00      4.00      0.00      0.00      0.00      0.00      0.00
05:06:24 AM      0.00      0.00    282.20      0.00    210.80      0.00      0.00      0.00      0.00      0.00
05:06:29 AM      0.00      0.00      0.00      0.00      0.60      0.00      0.00      0.00      0.00      0.00
05:06:34 AM      0.00      0.00      0.00      0.00      3.80      0.00      0.00      0.00      0.00      0.00
05:06:39 AM      0.00     38.40      0.00      0.00      3.80      0.00      0.00      0.00      0.00      0.00
05:06:44 AM      0.00    117.60      0.00      0.00      4.00      0.00      0.00      0.00      0.00      0.00
05:06:49 AM      0.00      4.00      0.00      0.00      3.80      0.00      0.00      0.00      0.00      0.00
05:06:54 AM      0.00      0.00      0.00      0.00      4.00      0.00      0.00      0.00      0.00      0.00
05:06:59 AM      0.00      0.00      0.00      0.00      0.40      0.00      0.00      0.00      0.00      0.00
05:07:04 AM      0.00      0.00      0.00      0.00      4.00      0.00      0.00      0.00      0.00      0.00
05:07:09 AM      0.00      0.00      0.00      0.00      3.80      0.00      0.00      0.00      0.00      0.00
05:07:14 AM      0.00     38.40      0.00      0.00      4.20      0.00      0.00      0.00      0.00      0.00
05:07:19 AM      0.00    130.40      0.00      0.00      3.80      0.00      0.00      0.00      0.00      0.00
05:07:24 AM      0.00      7.20      0.00      0.00      3.80      0.00      0.00      0.00      0.00      0.00
05:07:29 AM      0.00      0.00      0.00      0.00      0.60      0.00      0.00      0.00      0.00      0.00
05:07:34 AM      0.00      0.00      0.00      0.00      3.80      0.00      0.00      0.00      0.00      0.00
05:07:39 AM      0.00      0.00      0.00      0.00      4.00      0.00      0.00      0.00      0.00      0.00
05:07:44 AM      0.00      0.00      0.00      0.00      3.80      0.00      0.00      0.00      0.00      0.00
05:07:49 AM      0.00     38.40      0.00      0.00      4.00      0.00      0.00      0.00      0.00      0.00
05:07:54 AM    410.40    111.20   2871.00      0.60     82.40      0.00      0.00      0.00      0.00      0.00
05:07:59 AM     60.68 129597.60  18194.81      0.80  38991.02  65542.51  35117.17  38890.22      0.00      0.00
05:08:04 AM     60.12      0.00      2.40      1.00      3.81      0.00      0.00      0.00      0.00      0.00
05:08:09 AM      0.00      0.00      0.00      0.00      3.80      0.00      0.00      0.00      0.00      0.00
05:08:14 AM      0.00      0.00      0.00      0.00      4.19      0.00      0.00      0.00      0.00      0.00
05:08:19 AM      0.00      0.00      0.00      0.00      3.80      0.00      0.00      0.00      0.00      0.00
05:08:24 AM      0.00     57.60      0.00      0.00      4.00      0.00      0.00      0.00      0.00      0.00
05:08:29 AM     35.20    181.60      0.60      0.00      0.40      0.00      0.00      0.00      0.00      0.00
05:08:34 AM    788.80     95.20    428.00      8.20    310.40      0.00      0.00      0.00      0.00      0.00
05:08:39 AM      0.00      0.00      0.00      0.00      4.20      0.00      0.00      0.00      0.00      0.00
05:08:44 AM      0.00      0.00      0.00      0.00      4.00      0.00      0.00      0.00      0.00      0.00
05:08:49 AM      0.00      0.00      0.00      0.00      3.80      0.00      0.00      0.00      0.00      0.00
05:08:54 AM      0.00      0.00      0.00      0.00      3.80      0.00      0.00      0.00      0.00      0.00
05:08:59 AM      0.00    130.40      0.00      0.00      1.20      0.00      0.00      0.00      0.00      0.00
05:09:04 AM      0.00     27.20      0.00      0.00      4.60      0.00      0.00      0.00      0.00      0.00
05:09:09 AM      3.20      4.80      6.00      0.00      4.40      0.00      0.00      0.00      0.00      0.00
05:09:14 AM      0.00      0.00      0.00      0.00      4.20      0.00      0.00      0.00      0.00      0.00
05:09:19 AM      0.00      0.00      0.00      0.00      5.20      0.00      0.00      0.00      0.00      0.00
05:09:24 AM      0.00      0.00      0.40      0.00      4.00      0.00      0.00      0.00      0.00      0.00
05:09:29 AM      3.20      0.00      1.20      0.00      1.00      0.00      0.00      0.00      0.00      0.00
05:09:34 AM      0.00    168.80      0.60      0.00      4.00      0.00      0.00      0.00      0.00      0.00
05:09:39 AM 256819.20 257338.40  64204.80  64204.80  67632.00 144600.00   2383.40  66520.20      0.00      0.00
05:09:44 AM      0.00      4.00      0.00      0.00      4.40      0.00      0.00      0.00      0.00      0.00
05:09:49 AM      0.00      0.00      0.00      0.00      3.80      0.00      0.00      0.00      0.00      0.00
05:09:54 AM      0.00      0.00      0.00      0.00      4.00      0.00      0.00      0.00      0.00      0.00
05:09:59 AM      0.00      0.00      0.00      0.00      0.40      0.00      0.00      0.00      0.00      0.00
05:10:04 AM      0.00      0.00      0.00      0.00      4.00      0.00      0.00      0.00      0.00      0.00
05:10:09 AM    173.60    124.00    290.80     43.40     19.80      0.00      0.00      0.00      0.00      0.00
05:10:14 AM      0.00      0.00      0.00      0.00      3.80      0.00      0.00      0.00      0.00      0.00
05:10:19 AM      0.00      4.80      0.00      0.00      4.20      0.00      0.00      0.00      0.00      0.00
05:10:24 AM      0.00      0.00      0.00      0.00      3.80      0.00      0.00      0.00      0.00      0.00
05:10:29 AM      0.00      0.00      0.00      0.00      0.60      0.00      0.00      0.00      0.00      0.00
05:10:34 AM      0.00      0.00      0.40      0.00      7.20      0.00      0.00      0.00      0.00      0.00
05:10:39 AM      0.80      0.00      0.40      0.20      4.00      0.00      0.00      0.00      0.00      0.00
05:10:44 AM      0.00      0.00      0.00      0.00      3.80      0.00      0.00      0.00      0.00      0.00
05:10:49 AM      0.00    168.80      0.00      0.00      4.00      0.00      0.00      0.00      0.00      0.00
05:10:54 AM      0.00      4.00      0.00      0.00      3.80      0.00      0.00      0.00      0.00      0.00
05:10:59 AM      0.00      0.00      0.00      0.00      0.40      0.00      0.00      0.00      0.00      0.00
05:11:04 AM      0.00      0.00      0.00      0.00      4.00      0.00      0.00      0.00      0.00      0.00
05:11:09 AM      0.00      0.00      0.00      0.00      3.80      0.00      0.00      0.00      0.00      0.00
05:11:14 AM      0.00      0.00      0.00      0.00      4.00      0.00      0.00      0.00      0.00      0.00
05:11:19 AM      0.00     38.40      0.00      0.00      4.00      0.00      0.00      0.00      0.00      0.00
05:11:24 AM    452.00    111.20    284.20      2.80    243.80      0.00      0.00      0.00      0.00      0.00
05:11:29 AM      0.00      5.60      0.00      0.00      0.40      0.00      0.00      0.00      0.00      0.00
05:11:34 AM      0.00      0.00      0.20      0.00      4.00      0.00      0.00      0.00      0.00      0.00
05:11:39 AM      0.00      0.00      0.20      0.00      3.80      0.00      0.00      0.00      0.00      0.00
05:11:44 AM  61972.00  60825.60  15493.00  15493.00  15240.80  15442.20      0.00  15206.60      0.00      0.00
05:11:49 AM  80463.20  82380.80  20115.80  20115.80  20729.80  20824.80      0.00  20686.40      0.00      0.00
05:11:54 AM  79800.00  82372.80  19950.00  19950.00  20911.60  20826.40      0.00  20687.80      0.00      0.00
05:11:59 AM  54498.40  60582.40  13624.60  13624.60  15243.20  15451.40      0.00  15216.00      0.00      0.00
05:12:04 AM      0.00      0.00      0.00      0.00      3.80      0.00      0.00      0.00      0.00      0.00
05:12:09 AM      0.00      0.00      0.00      0.00      3.99      0.00      0.00      0.00      0.00      0.00
05:12:14 AM      0.00      0.00      0.00      0.00      3.80      0.00      0.00      0.00      0.00      0.00
05:12:19 AM      0.00      0.00      0.00      0.00      3.80      0.00      0.00      0.00      0.00      0.00
05:12:24 AM      0.00      0.00      0.00      0.00      4.20      0.00      0.00      0.00      0.00      0.00
05:12:29 AM      0.00      0.00      0.00      0.00      0.40      0.00      0.00      0.00      0.00      0.00
05:12:34 AM      0.00      4.80      0.00      0.00      4.00      0.00      0.00      0.00      0.00      0.00
05:12:39 AM      0.00      0.00      0.00      0.00      4.60      0.00      0.00      0.00      0.00      0.00
05:12:44 AM      0.00      0.00      0.00      0.00      4.00      0.00      0.00      0.00      0.00      0.00
05:12:49 AM      0.00      0.00      0.00      0.00      3.80      0.00      0.00      0.00      0.00      0.00
05:12:54 AM      0.00      0.00      0.00      0.00      4.00      0.00      0.00      0.00      0.00      0.00
05:12:59 AM      0.00      0.00      0.00      0.00      0.40      0.00      0.00      0.00      0.00      0.00
05:13:04 AM      0.00    149.60      0.00      0.00      3.80      0.00      0.00      0.00      0.00      0.00
05:13:09 AM      0.00      4.00      0.00      0.00      4.00      0.00      0.00      0.00      0.00      0.00
05:13:14 AM      0.00      0.00      0.00      0.00      3.80      0.00      0.00      0.00      0.00      0.00
05:13:19 AM      0.00      0.00      0.00      0.00      4.00      0.00      0.00      0.00      0.00      0.00
05:13:24 AM      0.00      0.00      0.00      0.00      4.00      0.00      0.00      0.00      0.00      0.00
05:13:29 AM      0.00      0.00      0.00      0.00      0.60      0.00      0.00      0.00      0.00      0.00
05:13:34 AM      0.00     46.40      0.20      0.00      4.60      0.00      0.00      0.00      0.00      0.00
05:13:39 AM      0.00    130.40      0.00      0.00      4.00      0.00      0.00      0.00      0.00      0.00
05:13:44 AM      0.00      4.80      0.00      0.00      3.80      0.00      0.00      0.00      0.00      0.00
05:13:49 AM      0.00      0.00      0.20      0.00      3.80      0.00      0.00      0.00      0.00      0.00
05:13:54 AM      0.00      0.00      0.00      0.00      4.00      0.00      0.00      0.00      0.00      0.00
05:13:59 AM      0.00      0.00      0.00      0.00      1.00      0.00      0.00      0.00      0.00      0.00
05:14:04 AM  15911.20   2180.00   3977.80   3977.80    897.40    461.00    303.40    529.80      0.00      0.00
05:14:09 AM 260740.00 135424.80  65191.00  65185.00  70685.60  57971.20   9947.00  67299.00      0.00      0.00
05:14:14 AM      0.00    143.20      0.20      0.00      4.40      0.00      0.00      0.00      0.00      0.00
05:14:19 AM      0.00      4.00      0.20      0.00      5.00      0.00      0.00      0.00      0.00      0.00
05:14:24 AM      0.00      0.00      0.00      0.00      4.40      0.00      0.00      0.00      0.00      0.00
05:14:29 AM      0.00      0.00      0.00      0.00      0.60      0.00      0.00      0.00      0.00      0.00
05:14:34 AM      0.00      0.00      0.00      0.00      4.00      0.00      0.00      0.00      0.00      0.00
05:14:39 AM      0.00     87.20      0.00      0.00      4.00      0.00      0.00      0.00      0.00      0.00
05:14:44 AM      0.00    124.00      0.00      0.00      4.20      0.00      0.00      0.00      0.00      0.00
05:14:49 AM      0.00      0.00      0.00      0.00      4.80      0.00      0.00      0.00      0.00      0.00
05:14:54 AM      0.00      5.60      0.00      0.00      3.80      0.00      0.00      0.00      0.00      0.00
05:14:59 AM      0.00      0.00      0.00      0.00      0.60      0.00      0.00      0.00      0.00      0.00
05:15:04 AM      0.00      0.00      0.00      0.00      3.80      0.00      0.00      0.00      0.00      0.00
05:15:09 AM      0.00      0.00      0.00      0.00      3.80      0.00      0.00      0.00      0.00      0.00
05:15:14 AM      0.00     32.00      0.00      0.00      4.00      0.00      0.00      0.00      0.00      0.00
05:15:19 AM      0.00      0.00      0.00      0.00      3.80      0.00      0.00      0.00      0.00      0.00
05:15:24 AM      0.00    117.60      0.00      0.00      4.00      0.00      0.00      0.00      0.00      0.00
05:15:29 AM      0.00      4.80      0.00      0.00      0.60      0.00      0.00      0.00      0.00      0.00
05:15:34 AM      0.00      0.00      0.00      0.00      7.40      0.00      0.00      0.00      0.00      0.00
05:15:39 AM      0.00      0.00      0.00      0.00      3.80      0.00      0.00      0.00      0.00      0.00
05:15:44 AM      0.00      0.00      0.20      0.00      4.00      0.00      0.00      0.00      0.00      0.00
05:15:49 AM      0.00      0.00      0.00      0.00      3.80      0.00      0.00      0.00      0.00      0.00
05:15:54 AM      0.00     32.00      0.00      0.00      3.80      0.00      0.00      0.00      0.00      0.00
05:15:59 AM      0.00     98.40      0.00      0.00      0.60      0.00      0.00      0.00      0.00      0.00
05:16:04 AM      0.00      4.00      0.00      0.00      3.80      0.00      0.00      0.00      0.00      0.00
05:16:09 AM     60.00 118967.20  68869.40  68868.80  67010.80  65825.00    364.60  66122.20      0.00      0.00
05:16:14 AM      0.00      0.00      0.00      0.00      3.79      0.00      0.00      0.00      0.00      0.00
05:16:19 AM      0.00      0.00      0.00      0.00      4.00      0.00      0.00      0.00      0.00      0.00
05:16:24 AM      0.00      0.00    283.00      0.00    211.00      0.00      0.00      0.00      0.00      0.00
05:16:29 AM      0.00     32.00      0.00      0.00      0.80      0.00      0.00      0.00      0.00      0.00
05:16:34 AM      0.00    117.60      0.00      0.00      3.80      0.00      0.00      0.00      0.00      0.00
05:16:39 AM      0.00      4.00      0.00      0.00      3.80      0.00      0.00      0.00      0.00      0.00
05:16:44 AM      0.00      0.00      0.00      0.00      4.00      0.00      0.00      0.00      0.00      0.00
05:16:49 AM      0.00      0.00      0.00      0.00      3.80      0.00      0.00      0.00      0.00      0.00
05:16:54 AM      0.00      0.00      0.00      0.00      4.00      0.00      0.00      0.00      0.00      0.00
05:16:59 AM      0.00      0.00      0.20      0.00      1.20      0.00      0.00      0.00      0.00      0.00
05:17:04 AM      0.00     32.00      0.20      0.00      4.00      0.00      0.00      0.00      0.00      0.00
05:17:09 AM      0.00     98.40      0.00      0.00      3.80      0.00      0.00      0.00      0.00      0.00
05:17:14 AM      0.00      4.00      0.00      0.00      4.00      0.00      0.00      0.00      0.00      0.00
05:17:19 AM      0.00      0.00      0.00      0.00      3.80      0.00      0.00      0.00      0.00      0.00
05:17:24 AM      0.00      0.00      0.00      0.00      3.80      0.00      0.00      0.00      0.00      0.00
05:17:29 AM      0.00      0.00      0.00      0.00      0.80      0.00      0.00      0.00      0.00      0.00
05:17:34 AM      0.00      0.00      0.00      0.00      3.80      0.00      0.00      0.00      0.00      0.00
05:17:39 AM      0.00     32.00      0.00      0.00      4.00      0.00      0.00      0.00      0.00      0.00
05:17:44 AM      0.00    117.60      0.00      0.00      3.80      0.00      0.00      0.00      0.00      0.00
05:17:49 AM      0.00      4.80      0.00      0.00      4.00      0.00      0.00      0.00      0.00      0.00
05:17:54 AM      0.00      0.00      0.00      0.00      3.80      0.00      0.00      0.00      0.00      0.00
05:17:59 AM      0.00      0.00      0.00      0.00      0.60      0.00      0.00      0.00      0.00      0.00
05:18:04 AM      0.00      0.00      0.20      0.00      4.00      0.00      0.00      0.00      0.00      0.00
05:18:09 AM 159828.80 154163.20  39957.20  39957.20  38913.20  38348.80    285.60  38634.40      0.00      0.00
05:18:14 AM 114165.60    904.80  28541.80  28541.40  33330.00  32877.60     12.80  32890.00      0.00      0.00
05:18:19 AM      0.00     98.40      0.00      0.00      3.80      0.00      0.00      0.00      0.00      0.00
05:18:24 AM      0.00      6.40      0.00      0.00      4.00      0.00      0.00      0.00      0.00      0.00
05:18:29 AM      0.00      0.00      0.00      0.00      0.60      0.00      0.00      0.00      0.00      0.00
05:18:34 AM      0.00      0.00      0.00      0.00      4.00      0.00      0.00      0.00      0.00      0.00
05:18:39 AM      0.00      0.00      0.00      0.00    157.40      0.00      0.00      0.00      0.00      0.00
05:18:44 AM      0.00      0.00      0.00      0.00      3.80      0.00      0.00      0.00      0.00      0.00
05:18:49 AM      0.00     32.00      0.00      0.00      4.00      0.00      0.00      0.00      0.00      0.00
05:18:54 AM      0.00    117.60      0.00      0.00      3.80      0.00      0.00      0.00      0.00      0.00
05:18:59 AM      0.00      4.00      0.00      0.00      1.20      0.00      0.00      0.00      0.00      0.00
05:19:04 AM      0.00      0.00      0.00      0.00      4.60      0.00      0.00      0.00      0.00      0.00
05:19:09 AM      3.20     28.80      6.40      0.20      5.20      0.00      0.00      0.00      0.00      0.00
05:19:14 AM      0.00      0.00      0.00      0.00      4.00      0.00      0.00      0.00      0.00      0.00
05:19:19 AM      0.00      0.00      0.00      0.00      4.20      0.00      0.00      0.00      0.00      0.00
05:19:24 AM      0.00     64.00      0.00      0.00      4.40      0.00      0.00      0.00      0.00      0.00
05:19:29 AM     32.00    200.80      0.00      0.00      0.60      0.00      0.00      0.00      0.00      0.00
05:19:34 AM      0.00      4.00      0.00      0.00      4.40      0.00      0.00      0.00      0.00      0.00
05:19:39 AM      0.00     23.95      0.00      0.00      3.79      0.00      0.00      0.00      0.00      0.00
05:19:44 AM      0.00      0.00      0.20      0.00      4.40      0.00      0.00      0.00      0.00      0.00
05:19:49 AM      0.00      0.00      0.00      0.00      3.80      0.00      0.00      0.00      0.00      0.00
05:19:54 AM      0.00      0.00      0.00      0.00      4.80      0.00      0.00      0.00      0.00      0.00
05:19:59 AM      0.00    200.80      0.00      0.00      0.40      0.00      0.00      0.00      0.00      0.00
05:20:04 AM      0.00      0.00      0.00      0.00      4.00      0.00      0.00      0.00      0.00      0.00
05:20:09 AM      0.00      4.80      0.00      0.00      3.80      0.00      0.00      0.00      0.00      0.00
05:20:14 AM      0.00      0.00  68389.20  68389.20  66329.00  65366.60    273.20  65633.20      0.00      0.00
05:20:19 AM      0.00      0.00      0.00      0.00      4.00      0.00      0.00      0.00      0.00      0.00
05:20:24 AM      0.00      0.00      0.00      0.00      3.80      0.00      0.00      0.00      0.00      0.00
05:20:29 AM      0.00     32.00      0.00      0.00      0.60      0.00      0.00      0.00      0.00      0.00
05:20:34 AM     59.20      0.00      0.40      0.40      7.60      0.00      0.00      0.00      0.00      0.00
05:20:39 AM      0.00     98.40      0.00      0.00      4.00      0.00      0.00      0.00      0.00      0.00
05:20:44 AM      0.00      4.80      0.00      0.00      3.80      0.00      0.00      0.00      0.00      0.00
05:20:49 AM      0.00      0.00      0.00      0.00      4.00      0.00      0.00      0.00      0.00      0.00
05:20:54 AM      0.00      0.00      0.00      0.00      3.80      0.00      0.00      0.00      0.00      0.00
05:20:59 AM      0.00      0.00      0.00      0.00      0.40      0.00      0.00      0.00      0.00      0.00
05:21:04 AM      0.00      0.00      0.00      0.00      4.00      0.00      0.00      0.00      0.00      0.00
05:21:09 AM      0.00     32.00      0.00      0.00      3.80      0.00      0.00      0.00      0.00      0.00
05:21:14 AM      0.00    117.60      0.00      0.00      4.00      0.00      0.00      0.00      0.00      0.00
05:21:19 AM      0.00      4.80      0.00      0.00      3.80      0.00      0.00      0.00      0.00      0.00
05:21:24 AM      0.00      0.00      0.00      0.00      4.00      0.00      0.00      0.00      0.00      0.00
05:21:29 AM      0.00      0.00    282.20      0.00    207.60      0.00      0.00      0.00      0.00      0.00
05:21:34 AM      0.00      0.00      0.00      0.00      4.00      0.00      0.00      0.00      0.00      0.00
05:21:39 AM      0.00      0.00      0.00      0.00      4.00      0.00      0.00      0.00      0.00      0.00
05:21:44 AM      0.00     32.00      0.00      0.00      3.80      0.00      0.00      0.00      0.00      0.00
05:21:49 AM      0.00     98.40      0.40      0.00      4.00      0.00      0.00      0.00      0.00      0.00
05:21:54 AM      0.00      4.00      0.00      0.00      4.60      0.00      0.00      0.00      0.00      0.00
05:21:59 AM      0.00      0.00      0.00      0.00      0.60      0.00      0.00      0.00      0.00      0.00
05:22:04 AM      0.00      0.00      0.00      0.00      3.80      0.00      0.00      0.00      0.00      0.00
05:22:09 AM      0.00      0.00      0.00      0.00      4.00      0.00      0.00      0.00      0.00      0.00
05:22:14 AM   6254.40 129468.00  69805.00  69805.00  71811.20  64947.40   6560.40  71507.80      0.00      0.00
05:22:19 AM 385374.40 417824.00  99904.00  96339.40 109955.60 211166.80  55225.00 109161.40      0.00      0.00
05:22:24 AM     41.60   5167.20      0.80      0.00   1354.40   1254.40      0.00   1267.20      0.00      0.00
05:22:29 AM    140.00      5.60      0.40      0.20  12380.80      0.00      0.00      0.00      0.00      0.00
05:22:34 AM      0.00      0.00      0.00      0.00      4.00      0.00      0.00      0.00      0.00      0.00
05:22:39 AM      0.00      0.00      0.00      0.00      4.00      0.00      0.00      0.00      0.00      0.00
05:22:44 AM      0.00      0.00      0.00      0.00      4.00      0.00      0.00      0.00      0.00      0.00
05:22:49 AM      0.00      0.00      0.00      0.00      3.79      0.00      0.00      0.00      0.00      0.00
05:22:54 AM      0.00     38.40      0.00      0.00      4.00      0.00      0.00      0.00      0.00      0.00
05:22:59 AM      3.20    111.20      0.20      0.00      0.40      0.00      0.00      0.00      0.00      0.00
05:23:04 AM      0.00      4.80      0.00      0.00      3.80      0.00      0.00      0.00      0.00      0.00
05:23:09 AM      0.00      0.00      0.00      0.00      4.00      0.00      0.00      0.00      0.00      0.00
05:23:14 AM      0.00      0.00      0.00      0.00      3.80      0.00      0.00      0.00      0.00      0.00
05:23:19 AM      0.00      0.00      0.00      0.00      4.00      0.00      0.00      0.00      0.00      0.00
05:23:24 AM      0.00      0.00      0.00      0.00      3.80      0.00      0.00      0.00      0.00      0.00
05:23:29 AM      0.00     32.00      0.00      0.00      0.60      0.00      0.00      0.00      0.00      0.00
05:23:34 AM      0.00    136.80      0.40      0.40      3.80      0.00      0.00      0.00      0.00      0.00
05:23:39 AM      0.00      4.00      0.00      0.00    106.60      0.00      0.00      0.00      0.00      0.00
05:23:44 AM      0.00      0.00      0.00      0.00      3.80      0.00      0.00      0.00      0.00      0.00
05:23:49 AM      0.00      0.00      0.00      0.00    823.00      0.00      0.00      0.00      0.00      0.00
05:23:54 AM      0.00      0.00      0.00      0.00      4.00      0.00      0.00      0.00      0.00      0.00
05:23:59 AM      0.00      0.00      0.00      0.00    820.20      0.00      0.00      0.00      0.00      0.00
05:24:04 AM      0.80     32.00      0.20      0.20      4.80      0.00      0.00      0.00      0.00      0.00
05:24:09 AM   1907.20    152.80      7.80      0.80    824.20      0.00      0.00      0.00      0.00      0.00
05:24:14 AM      0.00      4.80      0.00      0.00      4.20      0.00      0.00      0.00      0.00      0.00
05:24:19 AM   6960.00      0.00   1735.00   1735.00    912.80      0.00      0.00      0.00      0.00      0.00
05:24:24 AM 167151.20  15912.80 104987.60 104987.60  98096.20 199932.60  30839.40  94528.20      0.00      0.00
05:24:29 AM      0.00      0.00      0.00      0.00    615.20      0.00      0.00      0.00      0.00      0.00
05:24:34 AM      0.00      0.00      0.00      0.00      3.80      0.00      0.00      0.00      0.00      0.00
05:24:39 AM    119.20    268.80     17.60      9.40    825.40      0.00      0.00      0.00      0.00      0.00
05:24:44 AM     60.00      0.00      0.20      0.20      4.20      0.00      0.00      0.00      0.00      0.00
05:24:49 AM      0.00      4.00      0.00      0.00    720.80      0.00      0.00      0.00      0.00      0.00
05:24:54 AM      0.00      0.00      0.00      0.00      3.80      0.00      0.00      0.00      0.00      0.00
05:24:59 AM      0.00      0.00      0.00      0.00    615.00      0.00      0.00      0.00      0.00      0.00
05:25:04 AM      0.00      0.00      0.00      0.00      3.80      0.00      0.00      0.00      0.00      0.00
05:25:09 AM    252.00    117.60  24167.00  24166.80  22401.60  21299.20      0.00  21299.20      0.00      0.00
05:25:14 AM      0.80      0.00      0.20      0.20      4.00      0.00      0.00      0.00      0.00      0.00
05:25:19 AM      0.00      0.00      0.00      0.00    823.00      0.00      0.00      0.00      0.00      0.00
05:25:24 AM      0.00      4.00      0.00      0.00      5.60      0.00      0.00      0.00      0.00      0.00
05:25:29 AM      0.00      0.00      0.00      0.00    102.80      0.00      0.00      0.00      0.00      0.00
05:25:34 AM   1163.20      0.00      1.00      0.40      8.00      0.00      0.00      0.00      0.00      0.00
05:25:39 AM      0.00      0.00      0.00      0.00   1232.80      0.00      0.00      0.00      0.00      0.00
05:25:44 AM      0.00      0.00      0.00      0.00      4.00      0.00      0.00      0.00      0.00      0.00
05:25:49 AM      3.20     38.40      0.00      0.00    721.40      0.00      0.00    102.40      0.00      0.00
05:25:54 AM      0.00    117.60      0.00      0.00      6.20      0.00      0.00      0.00      0.00      0.00
05:25:59 AM      0.00      4.00      0.00      0.00    858.60      0.00      0.00      0.00      0.00      0.00
05:26:04 AM      0.00      0.00      0.00      0.00      3.80      0.00      0.00      0.00      0.00      0.00
05:26:09 AM      0.80      0.00      0.20      0.20      4.00      0.00      0.00      0.00      0.00      0.00
05:26:14 AM      0.00      0.00      0.00      0.00      3.80      0.00      0.00      0.00      0.00      0.00
05:26:19 AM      0.00      0.00      0.00      0.00      4.00      0.00      0.00      0.00      0.00      0.00
05:26:24 AM      0.00      0.00      0.20      0.00      3.80      0.00      0.00      0.00      0.00      0.00
05:26:29 AM    660.00      0.00    286.60      4.40   3327.60   5836.80      0.00   2969.60      0.00      0.00
05:26:34 AM    466.40    128.00      1.80      1.40      8.80      0.00      0.00      0.00      0.00      0.00
05:26:39 AM      0.00      0.00      0.00      0.00      3.79      0.00      0.00      0.00      0.00      0.00
05:26:44 AM      0.00      0.00      0.00      0.00      4.20      0.00      0.00      0.00      0.00      0.00
05:26:49 AM      0.00      0.00      0.00      0.00      3.80      0.00      0.00      0.00      0.00      0.00
05:26:54 AM      0.00      0.00      0.00      0.00      4.00      0.00      0.00      0.00      0.00      0.00
05:26:59 AM      0.00      0.00      0.00      0.00      0.40      0.00      0.00      0.00      0.00      0.00
05:27:04 AM      0.00      0.00      0.00      0.00    413.60      0.00      0.00      0.00      0.00      0.00
05:27:09 AM      0.00      4.80      0.00      0.00      3.80      0.00      0.00      0.00      0.00      0.00
05:27:14 AM      0.00      0.00      0.00      0.00    823.20      0.00      0.00      0.00      0.00      0.00
05:27:19 AM      0.00      0.00      0.00      0.00      3.80      0.00      0.00      0.00      0.00      0.00
05:27:24 AM      0.00    124.00      0.00      0.00    826.20      0.00      0.00      0.00      0.00      0.00
05:27:29 AM      0.00      0.00      0.00      0.00      0.60      0.00      0.00      0.00      0.00      0.00
05:27:34 AM      0.00      0.00      0.00      0.00    823.00      0.00      0.00      0.00      0.00      0.00
05:27:39 AM      0.00      0.00      0.00      0.00      4.00      0.00      0.00      0.00      0.00      0.00
05:27:44 AM      2.40      4.00      0.00      0.00   1208.20      0.00      0.00      1.00      0.00      0.00
05:27:49 AM      1.60      0.00      0.00      0.00      4.00      0.00      0.00      0.00      0.00      0.00
05:27:54 AM      0.00      0.00      0.00      0.00    894.20      0.00      0.00      0.00      0.00      0.00
05:27:59 AM      0.00      0.00      0.00      0.00      0.40      0.00      0.00      0.00      0.00      0.00
05:28:04 AM      0.00      0.00      0.00      0.00    594.20      0.00      0.00      0.00      0.00      0.00
05:28:09 AM      0.00      0.00      0.00      0.00      3.80      0.00      0.00      0.00      0.00      0.00
05:28:14 AM      0.00    149.60      0.20      0.00    356.00      0.00      0.00      0.00      0.00      0.00
05:28:19 AM   1238.40 116688.00  30416.60  30415.60  32792.40  39646.20   6566.60  32652.20      0.00      0.00
05:28:24 AM  59261.60  40856.00  14814.20  14814.20  10785.60  10316.40      0.00  10292.40      0.00      0.00
05:28:29 AM 358490.40 365568.80  89621.60  89621.60  94159.40  92412.80     64.20  91573.40      0.00      0.00
05:28:34 AM    188.80      0.00     78.60     47.20     13.60      0.00      0.00      0.00      0.00      0.00
05:28:39 AM      0.00      0.00      0.00      0.00      3.80      0.00      0.00      0.00      0.00      0.00
05:28:44 AM      0.00      0.00      0.00      0.00    208.80      0.00      0.00      0.00      0.00      0.00
05:28:49 AM      0.00    136.80      0.00      0.00      7.20      0.00      0.00      0.00      0.00      0.00
05:28:54 AM      0.00      4.00      0.00      0.00    208.60      0.00      0.00      0.00      0.00      0.00
05:28:59 AM    513.60      0.00      0.20      0.20      2.00      0.00      0.00      0.00      0.00      0.00
05:29:04 AM      0.80      0.00      0.80      0.20    311.80      0.00      0.00      0.00      0.00      0.00
05:29:09 AM   1769.60     51.20      7.80      1.00     10.80      0.00      0.00      0.00      0.00      0.00
05:29:14 AM      0.00     14.40      6.60      0.00    784.40      0.00      0.00      0.00      0.00      0.00
05:29:19 AM      0.00     64.00      0.00      0.00      4.20      0.00      0.00      0.00      0.00      0.00
05:29:24 AM      0.00    149.60      0.00      0.00    516.20      0.00      0.00      0.00      0.00      0.00
05:29:29 AM      0.00      5.60      0.20      0.00      0.60      0.00      0.00      0.00      0.00      0.00
05:29:34 AM      0.00    532.00      0.00      0.00    311.40      0.00      0.00    102.40      0.00      0.00
05:29:39 AM      0.00      0.00      0.20      0.00      3.80      0.00      0.00      0.00      0.00      0.00
05:29:44 AM      0.00      0.00      0.20      0.00      4.40      0.00      0.00      0.00      0.00      0.00
05:29:49 AM      0.00      0.00      0.00      0.00   1171.40      0.00      0.00      0.00      0.00      0.00
05:29:54 AM      0.00      0.00      0.00      0.00      4.00      0.00      0.00      0.00      0.00      0.00
05:29:59 AM      0.00    130.40      0.00      0.00    102.80      0.00      0.00      0.00      0.00      0.00
05:30:04 AM      0.00      0.00      0.00      0.00      4.00      0.00      0.00      0.00      0.00      0.00
05:30:09 AM      4.00      4.80      0.20      0.20    826.80      0.00      0.00      0.00      0.00      0.00
05:30:14 AM      0.00      0.00      0.00      0.00      3.79      0.00      0.00      0.00      0.00      0.00
05:30:19 AM      0.00      0.00      0.00      0.00    208.80      0.00      0.00      0.00      0.00      0.00
05:30:24 AM      0.00      0.00      0.00      0.00      3.80      0.00      0.00      0.00      0.00      0.00
05:30:29 AM 107916.00 111442.40  26978.80  26978.60  28865.20  27685.40    167.00  27852.20      0.00      0.00
05:30:34 AM 394668.80 397353.60  98564.20  98563.40 102494.00 257418.00  47045.60 101357.60      0.00      0.00
05:30:39 AM  19350.40    117.60   4538.80   4532.20     40.40      0.00      0.00      0.00      0.00      0.00
05:30:44 AM      0.80      0.00      0.20      0.20      3.80      0.00      0.00      0.00      0.00      0.00
05:30:49 AM      0.00  16381.60      0.00      0.00   4317.00   5963.60      0.00   4107.20      0.00      0.00
05:30:54 AM      0.00      0.00      0.00      0.00      3.80      0.00      0.00      0.00      0.00      0.00
05:30:59 AM      0.00      0.00      0.00      0.00    102.80      0.00      0.00      0.00      0.00      0.00
05:31:04 AM      1.60      4.80      0.60      0.40      4.00      0.00      0.00      0.00      0.00      0.00
05:31:09 AM      0.00      0.00      0.00      0.00    208.60      0.00      0.00      0.00      0.00      0.00
05:31:14 AM      3.20      0.00      0.20      0.20      4.00      0.00      0.00      0.00      0.00      0.00
05:31:19 AM      0.80      0.00      0.20      0.20    106.20      0.00      0.00      0.00      0.00      0.00
05:31:24 AM      0.00      0.00      0.00      0.00      4.00      0.00      0.00      0.00      0.00      0.00
05:31:29 AM   1128.00      0.00    286.80      6.00    969.40      0.00      0.00      0.00      0.00      0.00
05:31:34 AM     96.00    136.80     26.20     26.20      8.20      0.00      0.00      0.00      0.00      0.00
05:31:39 AM      0.00      4.00      0.00      0.00    106.40      0.00      0.00      0.00      0.00      0.00
05:31:44 AM      0.00      0.00      0.00      0.00      3.80      0.00      0.00      0.00      0.00      0.00
05:31:49 AM      0.00      0.00      0.20      0.00   1021.00      0.00      0.00      0.00      0.00      0.00
05:31:54 AM      0.00      0.00      0.00      0.00      3.80      0.00      0.00      0.00      0.00      0.00
05:31:59 AM      0.00      0.00      0.00      0.00    591.00      0.00      0.00      0.00      0.00      0.00
05:32:04 AM      0.00    156.00      0.00      0.00      3.80      0.00      0.00      0.00      0.00      0.00
05:32:09 AM      0.00      0.00      0.00      0.00      4.00      0.00      0.00      0.00      0.00      0.00
05:32:14 AM      1.60      4.00      0.40      0.40      3.80      0.00      0.00      0.00      0.00      0.00
05:32:19 AM      0.00      0.00      0.00      0.00    208.60      0.00      0.00      0.00      0.00      0.00
05:32:24 AM      0.00      0.00      0.00      0.00      4.00      0.00      0.00      0.00      0.00      0.00
05:32:29 AM      0.00      0.00      0.00      0.00    947.00      0.00      0.00      0.00      0.00      0.00
05:32:34 AM  90718.40  35167.20  22681.00  22679.40  19837.80  81523.20   1366.80  19221.20      0.00      0.00
05:32:39 AM  79169.60  93936.80  19792.60  19792.60  28884.60  23279.40    180.00  23561.80      0.00      0.00
05:32:44 AM  70368.00  68382.40  17592.00  17592.00  21998.40  17062.40      0.00  17075.20      0.00      0.00
05:32:49 AM      0.00      4.00      0.20      0.00      4.00      0.00      0.00      0.00      0.00      0.00
05:32:54 AM      0.00      0.00      0.00      0.00      4.00      0.00      0.00      0.00      0.00      0.00
05:32:59 AM      0.00      0.00      0.00      0.00      0.40      0.00      0.00      0.00      0.00      0.00
05:33:04 AM      0.00      0.00      0.00      0.00      3.80      0.00      0.00      0.00      0.00      0.00
05:33:09 AM      0.00      0.00      0.00      0.00      4.00      0.00      0.00      0.00      0.00      0.00
05:33:14 AM     13.60  46261.60  10285.20  10064.60  11559.00  10167.80   1369.80  11532.80      0.00      0.00
05:33:19 AM      0.00      0.00      0.00      0.00      4.00      0.00      0.00      0.00      0.00      0.00
05:33:24 AM      0.00      0.00      0.00      0.00      3.80      0.00      0.00      0.00      0.00      0.00
05:33:29 AM      0.00      0.00      0.00      0.00      0.60      0.00      0.00      0.00      0.00      0.00
05:33:34 AM      0.00      0.00      1.60      1.60      3.80      0.00      0.00      0.00      0.00      0.00
05:33:39 AM      0.00      0.00      0.00      0.00      4.00      0.00      0.00      0.00      0.00      0.00
05:33:44 AM      0.00      0.00      0.00      0.00    106.20      0.00      0.00      0.00      0.00      0.00
05:33:49 AM      0.00    147.20      0.20      0.00      3.80      0.00      0.00      0.00      0.00      0.00
05:33:54 AM      0.00      0.00      0.00      0.00    310.78      0.00      0.00      0.00      0.00      0.00
05:33:59 AM   1576.80  33252.80      3.20      0.60   8737.60  11474.00      0.00   8729.60      0.00      0.00
05:34:04 AM   1454.40  14660.00      1.20      1.20   3775.00   3571.20      0.00   3673.80      0.00      0.00
05:34:09 AM    986.40      0.00     16.40      4.20      6.80      0.00      0.00      0.00      0.00      0.00
05:34:14 AM      6.40     51.20      0.40      0.00    107.60      0.00      0.00      0.00      0.00      0.00
05:34:19 AM      0.00     46.40      5.80      0.00      4.00      0.00      0.00      0.00      0.00      0.00
05:34:24 AM      0.00    160.00      0.00      0.00    311.40      0.00      0.00      0.00      0.00      0.00
05:34:29 AM      0.00      0.00      0.20      0.20      0.80      0.00      0.00      0.00      0.00      0.00
05:34:34 AM      0.00    716.80      0.00      0.00    388.20      0.00      0.00    179.40      0.00      0.00
05:34:39 AM      0.00     22.40      0.00      0.00      4.00      0.00      0.00      0.00      0.00      0.00
05:34:44 AM  24340.00    358.40   6085.20   6085.00   2351.00      0.00      0.00     89.60      0.00      0.00
05:34:49 AM 303152.00 266312.00  75788.20  75788.00  77916.60  61453.00   5161.60  66589.80      0.00      0.00
05:34:54 AM  53200.80  42239.20  13300.20  13300.20  10590.40  10547.20     12.80  10559.80      0.00      0.00
05:34:59 AM      0.00    140.80      0.20      0.00     12.60      0.00      0.00      0.00      0.00      0.00
05:35:04 AM      0.00      0.00      0.00      0.00      3.80      0.00      0.00      0.00      0.00      0.00
05:35:09 AM      0.00      0.00      0.00      0.00      3.80      0.00      0.00      0.00      0.00      0.00
05:35:14 AM      0.00      0.00      0.00      0.00      4.00      0.00      0.00      0.00      0.00      0.00
05:35:19 AM      0.00      0.00      0.00      0.00      3.80      0.00      0.00      0.00      0.00      0.00
05:35:24 AM      0.00      0.00      0.00      0.00      4.00      0.00      0.00      0.00      0.00      0.00
05:35:29 AM     65.60      0.00      0.20      0.20      1.20      0.00      0.00      0.00      0.00      0.00
05:35:34 AM      0.80    128.00      0.20      0.20      9.00      0.00      0.00      0.00      0.00      0.00
05:35:39 AM      0.00      0.00      0.00      0.00      3.80      0.00      0.00      0.00      0.00      0.00
05:35:44 AM      0.00      0.00      0.00      0.00      4.00      0.00      0.00      0.00      0.00      0.00
05:35:49 AM      0.00      0.00      0.00      0.00    107.00      0.00      0.00      0.00      0.00      0.00
05:35:54 AM      0.00      0.00      0.00      0.00      4.00      0.00      0.00      0.00      0.00      0.00
05:35:59 AM     75.20      0.00      0.60      0.40    103.00      0.00      0.00      0.00      0.00      0.00
05:36:04 AM      0.00      0.00      0.00      0.00      3.80      0.00      0.00      0.00      0.00      0.00
05:36:09 AM      0.00      4.80      0.00      0.00    107.20      0.00      0.00      0.00      0.00      0.00
05:36:14 AM      0.00      0.00      0.00      0.00      3.80      0.00      0.00      0.00      0.00      0.00
05:36:19 AM  83631.20  84019.20  21073.40  20907.80  21059.20  21005.00      0.00  21005.00      0.00      0.00
05:36:24 AM      1.60      0.00      0.40      0.40      3.80      0.00      0.00      0.00      0.00      0.00
05:36:29 AM      0.00      0.00    283.00      0.00    208.40      0.00      0.00      0.00      0.00      0.00
05:36:34 AM      0.00      0.00      0.00      0.00      3.80      0.00      0.00      0.00      0.00      0.00
05:36:39 AM      3.20    264.80      0.00      0.00      3.80      0.00      0.00      0.00      0.00      0.00
05:36:44 AM      0.00      4.80      0.00      0.00      4.80      0.00      0.00      0.00      0.00      0.00
05:36:49 AM      0.00      0.00      0.00      0.00      3.80      0.00      0.00      0.00      0.00      0.00
05:36:54 AM 144754.40 117600.80  73048.80  73047.60  76207.60  93937.80   9710.00  76057.00      0.00      0.00
05:36:59 AM   7278.40    266.40   1357.00   1353.00   1459.00      0.00      0.00    102.80      0.00      0.00
05:37:04 AM      0.00      0.00      0.00      0.00      4.00      0.00      0.00      0.00      0.00      0.00
05:37:09 AM      0.00      0.00      0.00      0.00      3.80      0.00      0.00      0.00      0.00      0.00
05:37:14 AM      0.00    111.20      0.00      0.00      4.60      0.00      0.00      0.00      0.00      0.00
05:37:19 AM   1626.40      0.00    769.20    274.20     42.00      0.00      0.00      0.00      0.00      0.00
05:37:24 AM      0.00      0.00      0.00      0.00      3.80      0.00      0.00      0.00      0.00      0.00
05:37:29 AM    497.60      4.00      0.80      0.20      0.60      0.00      0.00      0.00      0.00      0.00
05:37:34 AM      0.80      0.00      0.20      0.20      3.80      0.00      0.00      0.00      0.00      0.00
05:37:39 AM      0.00      0.00      0.20      0.00      4.00      0.00      0.00      0.00      0.00      0.00
05:37:44 AM      0.00      0.00      0.00      0.00      3.79      0.00      0.00      0.00      0.00      0.00
05:37:49 AM      0.00      0.00      0.00      0.00      4.00      0.00      0.00      0.00      0.00      0.00
05:37:54 AM      0.00    124.00      0.00      0.00      3.80      0.00      0.00      0.00      0.00      0.00
05:37:59 AM      0.00      0.00      0.00      0.00      0.60      0.00      0.00      0.00      0.00      0.00
05:38:04 AM      0.00      4.00      0.00      0.00   1403.20      0.00      0.00      0.00      0.00      0.00
05:38:09 AM      0.00      0.00      0.20      0.00      3.80      0.00      0.00      0.00      0.00      0.00
05:38:14 AM      0.00  12765.60      0.00      0.00   5278.80   5073.00      0.00   5069.20      0.00      0.00
05:38:19 AM      0.00      0.00      0.00      0.00      3.80      0.00      0.00      0.00      0.00      0.00
05:38:24 AM      0.00      0.00      0.00      0.00      4.00      0.00      0.00      0.00      0.00      0.00
05:38:29 AM      0.00      0.00      0.00      0.00      0.40      0.00      0.00      0.00      0.00      0.00
05:38:34 AM      0.00    143.20      0.00      0.00      8.80      0.00      0.00      0.00      0.00      0.00
05:38:39 AM      0.00      4.80      0.00      0.00      3.80      0.00      0.00      0.00      0.00      0.00
05:38:44 AM      0.00      0.00      0.00      0.00      3.80      0.00      0.00      0.00      0.00      0.00
05:38:49 AM      0.00      0.00      0.00      0.00      4.00      0.00      0.00      0.00      0.00      0.00
05:38:54 AM 266092.00 288712.80  84758.20  84757.60  80566.80 150476.20   2959.60  80222.20      0.00      0.00
05:38:59 AM  92980.00 117876.00  23244.40  23241.40  29837.80  36775.00   4494.60  29737.80      0.00      0.00
05:39:04 AM   1255.20    124.00      2.20      1.40      6.00      0.00      0.00      0.00      0.00      0.00
05:39:09 AM    525.60      0.00     19.20      4.60      6.80      0.00      0.00      0.00      0.00      0.00
05:39:14 AM    104.80      0.00      0.40      0.20      4.40      0.00      0.00      0.00      0.00      0.00
05:39:19 AM      6.40     43.20      6.20      0.20      6.80      0.00      0.00      0.00      0.00      0.00
05:39:24 AM      0.00     32.00      0.00      0.00      4.80      0.00      0.00      0.00      0.00      0.00
05:39:29 AM      0.00      4.80      1.40      0.00      0.60      0.00      0.00      0.00      0.00      0.00
05:39:34 AM      0.00      0.00      0.00      0.00      4.20      0.00      0.00      0.00      0.00      0.00
05:39:39 AM      1.60    178.40      2.00      2.00      4.00      0.00      0.00      0.00      0.00      0.00
05:39:44 AM      0.00      0.00      0.00      0.00      4.40      0.00      0.00      0.00      0.00      0.00
05:39:49 AM      4.00      0.00      0.20      0.20      3.80      0.00      0.00      0.00      0.00      0.00
05:39:54 AM     17.60      0.00      0.00      4.40    106.40      0.00      0.00      0.00      0.00      0.00
05:39:59 AM      0.00      0.00      0.00      0.00      0.60      0.00      0.00      0.00      0.00      0.00
05:40:04 AM    112.80  22123.20      0.00     28.20   6353.40   5634.80      0.00   5530.20      0.00      0.00
05:40:09 AM      2.40    143.20      0.00      0.00      3.80      0.00      0.00      0.00      0.00      0.00
05:40:14 AM    132.00      0.00      0.00     33.00    823.00      0.00      0.00      0.00      0.00      0.00
05:40:19 AM      0.00      0.00      0.40      0.00      4.00      0.00      0.00      0.00      0.00      0.00
05:40:24 AM    676.00      0.00      0.20     35.20    823.00      0.00      0.00      0.00      0.00      0.00
05:40:29 AM      0.00      0.00      0.00      0.00      0.60      0.00      0.00      0.00      0.00      0.00
05:40:34 AM    124.00      0.00      0.00     31.00    828.00      0.00      0.00      0.00      0.00      0.00
05:40:39 AM      0.00      5.60      0.00      0.00      4.00      0.00      0.00      0.00      0.00      0.00
05:40:44 AM    126.40      0.00      0.00     31.60    823.00      0.00      0.00      0.00      0.00      0.00
05:40:49 AM      0.00      0.00      0.00      0.00      3.80      0.00      0.00      0.00      0.00      0.00
05:40:54 AM    136.00      0.00      1.20     34.00    823.20      0.00      0.00      0.00      0.00      0.00
05:40:59 AM  25566.40  21299.20   6391.80   6391.60   5410.40   5222.60    205.20   5325.00      0.00      0.00
05:41:04 AM      0.00      0.00      0.00      0.00      4.20      0.00      0.00      0.00      0.00      0.00
05:41:09 AM      0.00    168.80      0.00      0.00    823.00      0.00      0.00      0.00      0.00      0.00
05:41:14 AM      0.00      4.79      0.00      0.00      3.99      0.00      0.00      0.00      0.00      0.00
05:41:19 AM   1768.00      0.00    592.00    442.00   1823.40      0.00      0.00      0.00      0.00      0.00
05:41:24 AM      0.00      0.00      0.00      0.00      4.00      0.00      0.00      0.00      0.00      0.00
05:41:29 AM      0.00    819.20      0.00      0.00   1443.60      0.00      0.00    205.20      0.00      0.00
05:41:34 AM    548.00      0.00    284.40      1.80    259.60      0.00      0.00      0.00      0.00      0.00
05:41:39 AM      0.00   2496.00      0.00      0.00   1437.60      0.00      0.00    614.40      0.00      0.00
05:41:44 AM      0.00    111.20      0.00      0.00      6.20      0.00      0.00      0.00      0.00      0.00
05:41:49 AM      0.00   3280.80      0.00      0.00   1642.40      0.00      0.00    819.20      0.00      0.00
05:41:54 AM      0.00      0.00      0.20      0.00      3.80      0.00      0.00      0.00      0.00      0.00
05:41:59 AM      0.00   3277.60      0.00      0.00   1639.20      0.00      0.00    819.40      0.00      0.00
05:42:04 AM      0.00      0.00      0.20      0.00      4.00      0.00      0.00      0.00      0.00      0.00
05:42:09 AM      0.00   3276.80      0.00      0.00   1642.40      0.00      0.00    819.20      0.00      0.00
05:42:14 AM      0.00     38.40      0.00      0.00      3.80      0.00      0.00      0.00      0.00      0.00
05:42:19 AM      0.00   3407.20      0.00      0.00   1643.80      0.00      0.00    819.20      0.00      0.00
05:42:24 AM      0.00      4.80      0.00      0.00      4.00      0.00      0.00      0.00      0.00      0.00
05:42:29 AM      0.80   2867.20      0.20      0.20   1732.80      0.00      0.00    717.00      0.00      0.00
05:42:34 AM      0.00      0.00      0.00      0.00      4.00      0.00      0.00      0.00      0.00      0.00
05:42:39 AM      0.00   3276.80      0.00      0.00   1642.20      0.00      0.00    819.20      0.00      0.00
05:42:44 AM      0.00      0.00      0.00      0.00      4.00      0.00      0.00      0.00      0.00      0.00
05:42:49 AM      0.00   3315.20      0.00      0.00   1642.20      0.00      0.00    819.20      0.00      0.00
05:42:54 AM      0.00    111.20      0.00      0.00      4.00      0.00      0.00      0.00      0.00      0.00
05:42:59 AM     87.20   3280.80      0.20      0.20   1638.80      0.00      0.00    819.20      0.00      0.00
05:43:04 AM      0.00      0.00      0.00      0.00      4.00      0.00      0.00      0.00      0.00      0.00
05:43:09 AM      0.00   2867.20      0.00      0.00   1540.00      0.00      0.00    716.80      0.00      0.00
05:43:14 AM      0.00      0.00      0.00      0.00      3.80      0.00      0.00      0.00      0.00      0.00
05:43:19 AM      0.00   3276.80      0.00      0.00   1642.60      0.00      0.00    819.40      0.00      0.00
05:43:24 AM      0.00     38.40      0.00      0.00      3.80      0.00      0.00      0.00      0.00      0.00
05:43:29 AM      0.80  29621.60   9593.00      0.20   8192.80   5126.20   2252.80   7373.00      0.00      0.00
05:43:34 AM      0.00      4.80      0.00      0.00      3.80      0.00      0.00      0.00      0.00      0.00
05:43:39 AM      0.00      0.00      0.00      0.00  13203.40      0.00      0.00      0.00      0.00      0.00
05:43:44 AM      0.00      0.00      0.00      0.00      4.00      0.00      0.00      0.00      0.00      0.00
05:43:49 AM      0.00      0.00      0.00      0.00    823.00      0.00      0.00      0.00      0.00      0.00
05:43:54 AM      0.00      0.00      0.00      0.00      4.00      0.00      0.00      0.00      0.00      0.00
05:43:59 AM      0.00     38.40      0.00      0.00    820.20      0.00      0.00      0.00      0.00      0.00
05:44:04 AM      0.00    111.20      0.20      0.00      4.80      0.00      0.00      0.00      0.00      0.00
05:44:09 AM    342.40      4.00      7.00      0.40   1040.80      0.00      0.00      0.00      0.00      0.00
05:44:14 AM      0.00      0.00      0.00      0.00      4.20      0.00      0.00      0.00      0.00      0.00
05:44:19 AM      0.00     52.00      0.20      0.00   1157.20      0.00      0.00      0.00      0.00      0.00
05:44:24 AM 296543.20 240596.00  74284.40  74135.80  75248.80  84013.80  11760.20  61036.60      0.00      0.00
05:44:29 AM   1648.00     14.40      7.40     46.60    685.20      0.00      0.00      0.00      0.00      0.00
05:44:34 AM      0.00     70.40      0.00      0.00      3.80      0.00      0.00      0.00      0.00      0.00
05:44:39 AM      0.00    172.80      0.00      0.00      6.40      0.00      0.00      0.00      0.00      0.00
05:44:44 AM    179.20      5.60      5.20     47.80   1277.40      0.00      0.00      0.00      0.00      0.00
05:44:49 AM      0.00      0.00      0.00      0.00      4.00      0.00      0.00      0.00      0.00      0.00
05:44:54 AM    277.60      0.00      0.00     69.40   1210.20      0.00      0.00      0.00      0.00      0.00
05:44:59 AM      0.00      0.00      0.00      0.00      0.60      0.00      0.00      0.00      0.00      0.00
05:45:04 AM 215460.80 172774.40 100053.00 100127.00 100347.80  90159.00    652.80  89462.80      0.00      0.00
05:45:09 AM 115308.80  19538.40  74672.20  74672.00  74082.80  87652.60   8581.00  73269.00      0.00      0.00
05:45:14 AM      0.00      0.00      0.00     25.60   1217.80      0.00      0.00      0.00      0.00      0.00
05:45:19 AM    233.93      3.99    192.81     58.48     18.36      0.00      0.00      0.00      0.00      0.00
05:45:24 AM      0.00     80.80      0.00     26.80   1912.00   5997.20      0.00     61.60      0.00      0.00
05:45:29 AM      0.00      0.00      0.00      0.00      0.40      0.00      0.00      0.00      0.00      0.00
05:45:34 AM      2.40      0.00      0.60     26.40   1461.80      0.00      0.00      0.00      0.00      0.00
05:45:39 AM     14.40      0.00      4.60      4.60      4.00      0.00      0.00      0.00      0.00      0.00
05:45:44 AM      0.00      0.00      0.00     25.80   1644.20      0.00      0.00      0.00      0.00      0.00
05:45:49 AM      0.00    232.80      0.00      0.00     10.20      0.00      0.00      0.00      0.00      0.00
05:45:54 AM      0.00      4.80      0.00     25.80   1611.60      0.00      0.00      0.00      0.00      0.00
05:45:59 AM      0.00      0.00      0.00      0.00      0.60      0.00      0.00      0.00      0.00      0.00
05:46:04 AM      0.00      0.00      0.00     25.40   1713.20      0.00      0.00      0.00      0.00      0.00
05:46:09 AM      0.00      0.00      0.00      0.00      4.20      0.00      0.00      0.00      0.00      0.00
05:46:14 AM      0.80      5.60      0.20     21.60   1594.00      0.00      0.00     76.80      0.00      0.00
05:46:19 AM    368.00      0.00      0.40      0.40      4.00      0.00      0.00      0.00      0.00      0.00
05:46:24 AM      0.00    155.20      0.00      6.20    479.80      0.00      0.00      9.40      0.00      0.00
05:46:29 AM      0.00      0.00      0.00      0.00      0.60      0.00      0.00      0.00      0.00      0.00
05:46:34 AM      0.80      0.00    283.40      0.20    212.00      0.00      0.00      0.00      0.00      0.00
05:46:39 AM      0.00      0.00      0.00      0.00      3.80      0.00      0.00      0.00      0.00      0.00
05:46:44 AM      0.00      0.00      0.00      0.00      4.00      0.00      0.00      0.00      0.00      0.00
05:46:49 AM      0.00      0.00      0.00      0.00      3.80      0.00      0.00      0.00      0.00      0.00
05:46:54 AM      0.00    168.80      0.00      0.00      8.80      0.00      0.00      0.00      0.00      0.00
05:46:59 AM      0.00      4.00      0.00      0.00      0.40      0.00      0.00      0.00      0.00      0.00
05:47:04 AM      0.00      0.00      0.00      0.00      4.00      0.00      0.00      0.00      0.00      0.00
05:47:09 AM 135424.00 217507.20  62091.40  62091.20  60906.40  92223.80  27072.40  60782.80      0.00      0.00
05:47:14 AM 268691.20 286548.80  67139.80  67139.80  72488.00  77417.60   3810.60  71927.80      0.00      0.00
05:47:19 AM      0.00      0.00      0.00      0.00      4.00      0.00      0.00      0.00      0.00      0.00
05:47:24 AM     68.00     38.40      2.40      1.20      5.40      0.00      0.00      0.00      0.00      0.00
05:47:29 AM      0.00    130.40      0.00      0.00    923.20      0.00      0.00      0.00      0.00      0.00
05:47:34 AM      0.00      4.00      0.00      0.00      4.60      0.00      0.00      0.00      0.00      0.00
05:47:39 AM      3.20    409.60      0.80      0.80   1663.20      0.00      0.00    102.80      0.00      0.00
05:47:44 AM    311.20      0.00      0.40      0.20      4.60      0.00      0.00      0.00      0.00      0.00
05:47:49 AM    328.80      0.00      0.20      0.20   1695.80      0.00      0.00      0.00      0.00      0.00
05:47:54 AM      0.00      0.00      0.00      0.00      3.80      0.00      0.00      0.00      0.00      0.00
05:47:59 AM      0.00    448.00      0.00      0.00   1877.00      0.00      0.00    103.00      0.00      0.00
05:48:04 AM      0.00    130.40      0.00      0.00      9.60      0.00      0.00      0.00      0.00      0.00
05:48:09 AM      0.80    415.20      0.00      0.00    371.80      0.00      0.00    103.40      0.00      0.00
05:48:14 AM    525.60      0.00      0.20      0.20      5.00      0.00      0.00      0.00      0.00      0.00
05:48:19 AM      0.00      0.00      0.00      0.00      3.80      0.00      0.00      0.00      0.00      0.00
05:48:24 AM      0.00      0.00      0.00      0.00      4.00      0.00      0.00      0.00      0.00      0.00
05:48:29 AM      0.00      0.00      0.00      0.00      0.40      0.00      0.00      0.00      0.00      0.00
05:48:34 AM      0.00     38.40      0.00      0.00      4.00      0.00      0.00      0.00      0.00      0.00
05:48:39 AM      0.00    111.20      0.00      0.00      4.60      0.00      0.00      0.00      0.00      0.00
05:48:44 AM      0.00      5.60      0.20      0.00      3.80      0.00      0.00      0.00      0.00      0.00
05:48:49 AM      0.00      0.00      0.00      0.00      4.00      0.00      0.00      0.00      0.00      0.00
05:48:54 AM      0.00      0.00      0.00      0.00      3.80      0.00      0.00      0.00      0.00      0.00
05:48:59 AM   2207.58      0.00      4.39      1.00      1.20      0.00      0.00      0.00      0.00      0.00
05:49:04 AM    461.60      0.00      2.80      1.80      4.60      0.00      0.00      0.00      0.00      0.00
05:49:09 AM     57.60    513.60     10.40      1.20    109.20      0.00      0.00    102.40      0.00      0.00
05:49:14 AM 122609.60 117862.40  30658.00  30652.20  29603.00  24896.80   6500.00  29476.60      0.00      0.00
05:49:19 AM  99292.80 125501.60  25569.40  24809.80  35804.00  30044.20  11699.40  31430.60      0.00      0.00
05:49:24 AM      0.00      0.00      0.00      0.00      4.00      0.00      0.00      0.00      0.00      0.00
05:49:29 AM     36.80     42.40      6.20      9.20   1469.20      0.00      0.00      0.00      0.00      0.00
05:49:34 AM      0.00      0.00      0.00      0.00      4.00      0.00      0.00      0.00      0.00      0.00
05:49:39 AM     32.00      0.00      2.00     10.00   1638.20      0.00      0.00      0.00      0.00      0.00
05:49:44 AM      0.00    143.20      0.20      0.00      8.40      0.00      0.00      0.00      0.00      0.00
05:49:49 AM     28.00      0.00      0.00      7.00    824.00      0.00      0.00      0.00      0.00      0.00
05:49:54 AM      0.00      4.00      0.00      0.00      4.00      0.00      0.00      0.00      0.00      0.00
05:49:59 AM     49.60     22.40      0.00     12.40   1306.40      0.00      0.00      0.00      0.00      0.00
05:50:04 AM      0.00      0.00      0.00      0.00      3.80      0.00      0.00      0.00      0.00      0.00
05:50:09 AM     26.40      0.00      0.00      6.60   1614.40      0.00      0.00      0.00      0.00      0.00
05:50:14 AM      0.00      0.00      0.00      0.00   1370.00      0.00      0.00      0.00      0.00      0.00
05:50:19 AM      0.00      0.00      0.00      0.00      4.00      0.00      0.00      0.00      0.00      0.00
05:50:24 AM     22.40    181.60      0.00      5.60    832.80      0.00      0.00      0.00      0.00      0.00
05:50:29 AM      0.00      4.00      0.00      0.00      0.60      0.00      0.00      0.00      0.00      0.00
05:50:34 AM    400.80      0.00      0.60      8.60    841.20      0.00      0.00      0.00      0.00      0.00
05:50:39 AM      0.00      0.00      0.00      0.00      4.00      0.00      0.00      0.00      0.00      0.00
05:50:44 AM      0.80      0.00      0.40      0.20   1131.60      0.00      0.00      0.00      0.00      0.00
05:50:49 AM      0.00      0.00      0.00      0.00      3.80      0.00      0.00      0.00      0.00      0.00
05:50:54 AM      0.00     38.40      0.00      0.00   2707.40      0.00      0.00      0.00      0.00      0.00
05:50:59 AM      0.00    111.20      0.00      0.00      0.40      0.00      0.00      0.00      0.00      0.00
05:51:04 AM      0.00      4.00      0.00      0.00   2082.20      0.00      0.00      0.00      0.00      0.00
05:51:09 AM      0.00      0.00      0.00      0.00      3.80      0.00      0.00      0.00      0.00      0.00
05:51:14 AM      0.00      0.00      0.00      0.00    823.20      0.00      0.00      0.00      0.00      0.00
05:51:19 AM   2218.40      0.00    555.20    554.60    221.80      0.00      0.00      0.00      0.00      0.00
05:51:24 AM      0.00      0.00      0.00      0.00   1628.80      0.00      0.00      0.00      0.00      0.00
05:51:29 AM      0.00     38.40      0.00      0.00      0.40      0.00      0.00      0.00      0.00      0.00
05:51:34 AM      0.00    130.40    287.20      0.00   1499.80      0.00      0.00      0.00      0.00      0.00
05:51:39 AM      1.60      5.60      2.00      2.00      4.40      0.00      0.00      0.00      0.00      0.00
05:51:44 AM      0.00      0.00      0.00      0.00   1515.00      0.00      0.00      0.00      0.00      0.00
05:51:49 AM      3.20      0.00      0.80      0.80      5.00      0.00      0.00      0.00      0.00      0.00
05:51:54 AM      0.00      0.00      0.00      0.00   1477.60      0.00      0.00      0.00      0.00      0.00
05:51:59 AM      0.00      0.00      0.00      0.00      0.60      0.00      0.00      0.00      0.00      0.00
05:52:04 AM      0.00     38.40      0.00      0.00   1247.00      0.00      0.00      0.00      0.00      0.00
05:52:09 AM      0.00    111.20      0.00      0.00      4.00      0.00      0.00      0.00      0.00      0.00
05:52:14 AM      0.00      5.60      0.00      0.00    823.00      0.00      0.00      0.00      0.00      0.00
05:52:19 AM      0.00      0.00      0.00      0.00      4.00      0.00      0.00      0.00      0.00      0.00
05:52:24 AM      0.00      0.00      0.00      0.00   1098.00      0.00      0.00      0.00      0.00      0.00
05:52:29 AM      0.00      0.00      0.00      0.00      0.40      0.00      0.00      0.00      0.00      0.00
05:52:34 AM      0.00    358.40      0.00      0.00   1666.00      0.00      0.00     90.40      0.00      0.00
05:52:39 AM      0.00     38.40      0.00      0.00    844.80      0.00      0.00      0.00      0.00      0.00
05:52:44 AM  80731.20  48596.80  20782.80  20182.80  13952.60  76895.20     12.80  12870.20      0.00      0.00
05:52:49 AM  59645.60  75176.00  14913.80  14911.40  18874.20  23509.40      0.00  18827.60      0.00      0.00
05:52:54 AM      0.00      0.00      0.20      0.20      4.00      0.00      0.00      0.00      0.00      0.00
05:52:59 AM      1.60      0.00      0.60      0.40      0.60      0.00      0.00      0.00      0.00      0.00
05:53:04 AM      0.00      0.00      0.00      0.00      3.80      0.00      0.00      0.00      0.00      0.00
05:53:09 AM      0.00      0.00      0.00      0.00      4.00      0.00      0.00      0.00      0.00      0.00
05:53:14 AM      0.00     38.40      0.00      0.00      3.80      0.00      0.00      0.00      0.00      0.00
05:53:19 AM     91.20  24520.80   9059.60      2.40   6113.40   4327.40   1801.20   6103.00      0.00      0.00
05:53:24 AM    116.80  22515.20   1792.00     29.20   6583.00   5299.20    552.60   5664.20      0.00      0.00
05:53:29 AM    556.00      0.00      0.40      0.40      1.40      0.00      0.00      0.00      0.00      0.00
05:53:34 AM      0.00      0.00      0.00      0.00  12384.20      0.00      0.00      0.00      0.00      0.00
05:53:39 AM  88610.40 174248.00  22152.80  22152.60  44608.80  58528.40  21841.00  44253.20      0.00      0.00
05:53:44 AM 217124.00 403625.60  53315.60  53300.80 128325.80 189664.20  24152.40 101728.20      0.00      0.00
05:53:49 AM 210723.20     57.60  52680.60  52680.00  53595.80      0.00      0.00      0.00      0.00      0.00
05:53:54 AM    830.40    143.20      2.20      1.80      7.60      0.00      0.00      0.00      0.00      0.00
05:53:59 AM 150047.20 145800.80  37179.80  37172.80  37512.60  36313.80    128.00  36441.80      0.00      0.00
05:54:04 AM    486.40      0.00      4.80      3.60      4.80      0.00      0.00      0.00      0.00      0.00
05:54:09 AM     64.80      0.00     21.40      8.40   1646.80      0.00      0.00      0.00      0.00      0.00
05:54:14 AM      1.60      0.00      0.40      0.40      4.20      0.00      0.00      0.00      0.00      0.00
05:54:19 AM      7.20      0.00      0.20      1.80    826.20      0.00      0.00      0.00      0.00      0.00
05:54:24 AM      0.00      0.00      0.00      0.00      4.00      0.00      0.00      0.00      0.00      0.00
05:54:29 AM      6.40    250.40      6.00      1.20   1646.00      0.00      0.00      0.00      0.00      0.00
05:54:34 AM      0.00      4.80      0.00      0.00      3.80      0.00      0.00      0.00      0.00      0.00
05:54:39 AM     12.80     22.40      0.00      3.20   1752.60      0.00      0.00      0.00      0.00      0.00
05:54:44 AM    499.20      0.00      0.60      0.40     39.00      0.00      0.00      0.00      0.00      0.00
05:54:49 AM      4.80      0.00      0.00      1.20   1676.60      0.00      0.00      0.00      0.00      0.00
05:54:54 AM      0.00      0.00      0.00      0.00      3.80      0.00      0.00      0.00      0.00      0.00
05:54:59 AM      9.60    156.00      0.00      2.40   1545.40      0.00      0.00      0.00      0.00      0.00
05:55:04 AM    604.80      0.00      0.60      0.60      3.80      0.00      0.00      0.00      0.00      0.00
05:55:09 AM      5.60      4.00      0.00      1.40   1682.40      0.00      0.00      0.00      0.00      0.00
05:55:14 AM      0.80      0.00      0.20      0.20      4.00      0.00      0.00      0.00      0.00      0.00
05:55:19 AM     85.60      0.00      0.00     21.40   1461.40      0.00      0.00      0.00      0.00      0.00
05:55:24 AM      0.00      0.00      0.00      0.00      4.20      0.00      0.00      0.00      0.00      0.00
05:55:29 AM     90.40  20604.00      0.20     22.60   7265.20   5132.80      0.00   5140.00      0.00      0.00
05:55:34 AM    422.40      0.00      3.20      2.60     22.40      0.00      0.00      0.00      0.00      0.00
05:55:39 AM    462.40    111.20     17.80     35.40   1500.20      0.00      0.00      0.00      0.00      0.00
05:55:44 AM      0.00      0.00      0.00      0.00      4.00      0.00      0.00      0.00      0.00      0.00
05:55:49 AM    102.40      0.00      0.00     25.60   1346.40      0.00      0.00      0.00      0.00      0.00
05:55:54 AM   5002.40      0.00   1250.80   1250.60   1256.80      0.00      0.00      0.00      0.00      0.00
05:55:59 AM   1236.00    716.80    309.00    309.00    963.00      0.00      0.00    179.40      0.00      0.00
05:56:04 AM      0.00      4.00      0.00      0.00      5.40      0.00      0.00      0.00      0.00      0.00
05:56:09 AM     24.80      0.00      0.20      0.20      4.00      0.00      0.00      0.00      0.00      0.00
05:56:14 AM      0.00      0.00      0.00      0.00      3.80      0.00      0.00      0.00      0.00      0.00
05:56:19 AM      0.00      0.00      0.00      0.00      4.00      0.00      0.00      0.00      0.00      0.00
05:56:24 AM      0.00      0.00      0.00      0.00    357.60      0.00      0.00      0.00      0.00      0.00
05:56:29 AM      0.00      0.00      0.00      0.00      0.40      0.00      0.00      0.00      0.00      0.00
05:56:34 AM   1342.40    162.40    286.60      5.80    352.80      0.00      0.00      0.00      0.00      0.00
05:56:39 AM      0.80      4.80      0.40      0.20      3.80      0.00      0.00      0.00      0.00      0.00
05:56:44 AM      0.00      0.00      0.00      0.00      4.00      0.00      0.00      0.00      0.00      0.00
05:56:49 AM      0.00      0.00      0.00      0.00      3.80      0.00      0.00      0.00      0.00      0.00
05:56:54 AM      0.00      0.00      0.00      0.00     43.80      0.00      0.00      0.00      0.00      0.00
05:56:59 AM      1.60     42.40      0.40      0.40    192.40      0.00      0.00     89.60      0.00      0.00
05:57:04 AM      0.00      0.00      0.00      0.00      4.00      0.00      0.00      0.00      0.00      0.00
05:57:09 AM      0.00    110.98      0.00      0.00    345.51      0.00      0.00     89.62      0.00      0.00
05:57:14 AM      0.00      0.00      0.00      0.00      3.80      0.00      0.00      0.00      0.00      0.00
05:57:19 AM      0.00      0.00      0.00      0.00      4.00      0.00      0.00      0.00      0.00      0.00
05:57:24 AM      0.00      0.00      0.00      0.00      4.80      0.00      0.00      0.00      0.00      0.00
05:57:29 AM      0.00      0.00      0.00      0.00     12.80      0.00      0.00      0.00      0.00      0.00
05:57:34 AM 110904.00  54829.60  27762.80  27722.00  41171.20  37007.60   4896.20  40157.60      0.00      0.00
05:57:39 AM     22.40      0.00      6.40      2.80      4.00      0.00      0.00      0.00      0.00      0.00
05:57:44 AM      0.00    124.00      0.00      0.00      7.00      0.00      0.00      0.00      0.00      0.00
05:57:49 AM      0.00      0.00      0.00      0.00      4.00      0.00      0.00      0.00      0.00      0.00
05:57:54 AM      0.00      0.00      0.00      0.00      3.80      0.00      0.00      0.00      0.00      0.00
05:57:59 AM      0.00      0.00      0.00      0.00    162.80      0.00      0.00      0.00      0.00      0.00
05:58:04 AM    185.60      0.00      0.20      0.20      4.80      0.00      0.00      0.00      0.00      0.00
05:58:09 AM 193251.20 472133.60 109845.00 109844.80 153630.40 139461.40  14626.20 153412.40      0.00      0.00
05:58:14 AM 200761.60 155652.00  89642.00  89330.60 102808.00 166397.80  54803.80 101922.20      0.00      0.00
05:58:19 AM    444.80      0.00    582.40    190.20      5.80      0.00      0.00      0.00      0.00      0.00
05:58:24 AM      0.00      0.00      0.00      0.00   1293.20      0.00      0.00      0.00      0.00      0.00
05:58:29 AM      0.00      0.00      0.00      0.00      0.60      0.00      0.00      0.00      0.00      0.00
05:58:34 AM     24.00     36.00      0.20      0.20   2066.80      0.00      0.00     76.80      0.00      0.00
05:58:39 AM     19.20    168.80      0.00      0.00      3.80      0.00      0.00      0.00      0.00      0.00
05:58:44 AM      0.80      0.00      0.20      0.20   1705.80      0.00      0.00      0.00      0.00      0.00
05:58:49 AM    712.80      0.00      0.80      0.60      4.80      0.00      0.00      0.00      0.00      0.00
05:58:54 AM      0.00      0.00      0.00      0.00   1586.60      0.00      0.00      0.00      0.00      0.00
05:58:59 AM   2796.80      0.00     25.20     19.40      3.60      0.00      0.00      0.00      0.00      0.00
05:59:04 AM    470.40      0.00      4.40      2.40   1652.40      0.00      0.00      0.00      0.00      0.00
05:59:09 AM    522.40      6.40     28.00     13.00      7.80      0.00      0.00      0.00      0.00      0.00
05:59:14 AM      0.00      0.00      0.00      0.00   3183.20      0.00      0.00     77.40      0.00      0.00
05:59:19 AM    172.80      0.00      0.80      0.40      4.20      0.00      0.00      0.00      0.00      0.00
05:59:24 AM      0.00      0.00      0.00      0.00    823.40      0.00      0.00      0.00      0.00      0.00
05:59:29 AM      0.80     40.80      6.60      0.60      3.40      0.00      0.00      0.00      0.00      0.00
05:59:34 AM      0.00      0.00      0.00      0.00      4.00      0.00      0.00      0.00      0.00      0.00
05:59:39 AM      7.20    329.60      4.40      4.20   1229.00      0.00      0.00      0.00      0.00      0.00
05:59:44 AM    152.00      4.80      0.60      0.20      6.00      0.00      0.00      0.00      0.00      0.00
05:59:49 AM      0.00      0.00      0.00      0.00   1450.60      0.00      0.00      0.00      0.00      0.00
05:59:54 AM      4.00      0.00      0.20      0.20      4.00      0.00      0.00      0.00      0.00      0.00
05:59:59 AM      0.00     42.40      0.00      0.00   1355.60      0.00      0.00     76.80      0.00      0.00
06:00:04 AM      0.00      0.00      0.00      0.00      3.80      0.00      0.00      0.00      0.00      0.00
06:00:09 AM      0.00    130.40      0.00      0.00   1538.00      0.00      0.00      0.00      0.00      0.00
06:00:14 AM 208488.80 293020.80  89950.00  89949.80  88522.80  87347.20    947.20  88265.20      0.00      0.00
06:00:19 AM 664886.40 668125.60 166221.80 166221.80 169437.20 168217.80      0.00 167014.40      0.00      0.00
06:00:24 AM 301424.00 227636.80 129446.40 129446.40 130326.80 130115.80    292.20 129701.60      0.00      0.00
06:00:29 AM    403.20    196.00      0.40     19.40    845.80      0.00      0.00    153.60      0.00      0.00
06:00:34 AM     18.40      0.00      3.60      1.20      7.40      0.00      0.00      0.00      0.00      0.00
06:00:39 AM      0.00      0.00      0.00      0.00      3.99      0.00      0.00      0.00      0.00      0.00
06:00:44 AM      5.60    117.60      0.20      0.20     11.00      0.00      0.00      0.00      0.00      0.00
06:00:49 AM      0.00      0.00      0.00      0.00      3.80      0.00      0.00      0.00      0.00      0.00
06:00:54 AM 177233.60   5137.60  44308.60  44308.40  49150.00   2305.60      0.00   2305.40      0.00      0.00
06:00:59 AM 208071.20      0.00  52017.00  52017.00  52939.20      0.00      0.00      0.00      0.00      0.00
06:01:04 AM   9956.00      0.00   2489.00   2489.00   2561.40      0.00      0.00      0.00      0.00      0.00
06:01:09 AM      3.20      0.00      1.00      1.00      4.20      0.00      0.00      0.00      0.00      0.00
06:01:14 AM      0.00      0.00      0.00      0.00      4.00      0.00      0.00      0.00      0.00      0.00
06:01:19 AM      0.00      0.00      0.00      0.00      3.80      0.00      0.00      0.00      0.00      0.00
06:01:24 AM      0.00    149.60      0.00      0.00      4.80      0.00      0.00      0.00      0.00      0.00
06:01:29 AM   1056.00      4.00      0.60      3.60    104.40      0.00      0.00      0.00      0.00      0.00
06:01:34 AM    716.80      0.00    302.00     19.00    302.60      0.00      0.00      0.00      0.00      0.00
06:01:39 AM  28290.40    385.60   7347.80   7090.40   6489.00  68039.00      0.00   5495.00      0.00      0.00
06:01:44 AM      0.00      0.00      0.00      0.00    927.00      0.00      0.00      0.00      0.00      0.00
06:01:49 AM      0.00      0.00      0.00      0.00      4.00      0.00      0.00      0.00      0.00      0.00
06:01:54 AM      0.00      0.00      0.00     15.20    515.80      0.00      0.00      0.00      0.00      0.00
06:01:59 AM      9.60    130.40      0.00      0.00      5.40      0.00      0.00      0.00      0.00      0.00
06:02:04 AM    656.00      0.00      3.00     28.00   1942.00      0.00      0.00      0.00      0.00      0.00
06:02:09 AM      0.00      0.00      0.00      0.00      4.00      0.00      0.00      0.00      0.00      0.00
06:02:14 AM      0.00      4.00      0.00     19.20   1084.60      0.00      0.00      0.00      0.00      0.00
06:02:19 AM      0.00      0.00      0.00      0.00      3.80      0.00      0.00      0.00      0.00      0.00
06:02:24 AM      0.00   3617.60  72707.40  72719.80  72416.40  71720.40      0.00  71551.60      0.00      0.00
06:02:29 AM 651773.60 731589.60 184662.80 184662.60 184059.80 181679.60   1765.60 183434.40      0.00      0.00
06:02:34 AM 717552.80 717504.80 179380.60 179380.80 179941.60 179123.40    153.60 179366.60      0.00      0.00
06:02:39 AM 380248.80 399817.60  95062.40  95062.20 100614.20 114431.60  13767.60  99964.20      0.00      0.00
06:02:44 AM    594.40    143.20      0.20      0.20      9.80      0.00      0.00      0.00      0.00      0.00
06:02:49 AM      0.00      4.00      0.00      0.00      3.80      0.00      0.00      0.00      0.00      0.00
06:02:54 AM      0.00      0.00      0.00      0.00      4.60      0.00      0.00      0.00      0.00      0.00
06:02:59 AM      0.00      0.00      0.00      0.00      0.60      0.00      0.00      0.00      0.00      0.00
06:03:04 AM    790.40      0.00   1056.80    197.60     55.40      0.00      0.00      0.00      0.00      0.00
06:03:09 AM      0.00      0.00      0.00      0.00      4.00      0.00      0.00      0.00      0.00      0.00
06:03:14 AM      0.00     38.40      0.00      0.00      3.80      0.00      0.00      0.00      0.00      0.00
06:03:19 AM      0.00    130.40      0.00      0.00      5.60      0.00      0.00      0.00      0.00      0.00
06:03:24 AM      0.00      5.60      0.00      0.00      4.60      0.00      0.00      0.00      0.00      0.00
06:03:29 AM      0.00      0.00      0.00      0.00      0.60      0.00      0.00      0.00      0.00      0.00
06:03:34 AM     49.60      0.00      0.20     12.40    493.00      0.00      0.00      0.00      0.00      0.00
06:03:39 AM      3.20      0.00      3.00      3.00      4.00      0.00      0.00      0.00      0.00      0.00
06:03:44 AM    142.40      0.00      0.00     35.60    618.40      0.00      0.00      0.00      0.00      0.00
06:03:49 AM      0.00     38.40      0.00      0.00      3.80      0.00      0.00      0.00      0.00      0.00
06:03:54 AM      0.00    111.20      0.00      0.00      4.80      0.00      0.00      0.00      0.00      0.00
06:03:59 AM   1028.00      4.80      0.80      0.40      1.00      0.00      0.00      0.00      0.00      0.00
06:04:04 AM   1573.60      0.00      2.20      1.00    322.60      0.00      0.00      0.00      0.00      0.00
06:04:09 AM    968.00      0.00     18.40      2.80      4.40      0.00      0.00      0.00      0.00      0.00
06:04:14 AM      0.00      0.00      0.00      0.00   1249.20      0.00      0.00      0.00      0.00      0.00
06:04:19 AM      0.00      0.00      0.00      0.00      4.00      0.00      0.00      0.00      0.00      0.00
06:04:24 AM      0.00     70.26      0.00      0.00   1625.75      0.00      0.00      0.00      0.00      0.00
06:04:29 AM      0.00    205.60      6.20      0.20     14.60      0.00      0.00      0.00      0.00      0.00
06:04:34 AM      0.00      4.80      0.00      0.00   1531.80      0.00      0.00      0.00      0.00      0.00
06:04:39 AM 239706.40 138643.20  74243.60  63424.40  75510.20 155576.00   6721.20  74072.40      0.00      0.00
06:04:44 AM     15.20      0.00 160775.20 160775.20 162479.60 160499.20   1536.00 162150.40      0.00      0.00
06:04:49 AM   1230.40  26786.40  76317.60  76317.20  90005.20  85049.40   1557.00  77474.20      0.00      0.00
06:04:54 AM      0.00      0.00      0.00      0.00      3.80      0.00      0.00      0.00      0.00      0.00
06:04:59 AM      0.00    200.80      0.00      0.00      4.60      0.00      0.00      0.00      0.00      0.00
06:05:04 AM      0.00      0.00      0.00      0.00      3.80      0.00      0.00      0.00      0.00      0.00
06:05:09 AM      0.00      4.00      0.00      0.00      3.80      0.00      0.00      0.00      0.00      0.00
06:05:14 AM      0.00      0.00      0.00      0.00      4.00      0.00      0.00      0.00      0.00      0.00
06:05:19 AM      0.80      0.00      0.40      0.20      3.80      0.00      0.00      0.00      0.00      0.00
06:05:24 AM      0.00      0.00      0.00      0.00      4.00      0.00      0.00      0.00      0.00      0.00
06:05:29 AM      0.00     38.40      0.00      0.00      2.00      0.00      0.00      0.00      0.00      0.00
06:05:34 AM      0.00      0.00      0.00      0.00      7.40      0.00      0.00      0.00      0.00      0.00
06:05:39 AM  27552.80    156.00   7222.60   6887.40     19.60      0.00      0.00      0.00      0.00      0.00
06:05:44 AM      0.00      4.00      0.00      0.00      3.80      0.00      0.00      0.00      0.00      0.00
06:05:49 AM      0.00      0.00      0.00      3.80    721.60      0.00      0.00      0.00      0.00      0.00
06:05:54 AM      0.00      0.00      0.00      0.00      3.80      0.00      0.00      0.00      0.00      0.00
06:05:59 AM      0.00      0.00      0.00      2.80    819.80      0.00      0.00      0.00      0.00      0.00
06:06:04 AM      0.00      0.00      0.00      0.00      3.80      0.00      0.00      0.00      0.00      0.00
06:06:09 AM      0.00     38.40      0.00     18.80    823.20      0.00      0.00      0.00      0.00      0.00
06:06:14 AM      0.00    117.60      0.00      0.00      3.80      0.00      0.00      0.00      0.00      0.00
06:06:19 AM      0.00      4.80      0.00     24.20    823.20      0.00      0.00      0.00      0.00      0.00
06:06:24 AM      0.00      0.00      0.00      0.00      3.80      0.00      0.00      0.00      0.00      0.00
06:06:29 AM      0.00      0.00      0.00     20.80    819.60      0.00      0.00      0.00      0.00      0.00
06:06:34 AM      0.00      0.00      0.00      0.00      4.00      0.00      0.00      0.00      0.00      0.00
06:06:39 AM     17.60    108.80    285.40     16.00   3209.20      0.00      0.00     16.20      0.00      0.00
06:06:44 AM      0.00      0.00      0.00      0.00      4.00      0.00      0.00      0.00      0.00      0.00
06:06:49 AM      6.40    149.60   2006.60   2006.40    837.00      0.00      0.00      0.00      0.00      0.00
06:06:54 AM      0.00      0.00      0.00      0.00      4.00      0.00      0.00      0.00      0.00      0.00
06:06:59 AM      0.00      0.00      0.00      0.00    819.60      0.00      0.00      0.00      0.00      0.00
06:07:04 AM      0.00      0.00      0.00      0.00      4.00      0.00      0.00      0.00      0.00      0.00
06:07:09 AM      0.00      0.00      0.00      0.00   4121.40      0.00      0.00      0.00      0.00      0.00
06:07:14 AM      0.00      5.60      0.00      0.00      3.80      0.00      0.00      0.00      0.00      0.00
06:07:19 AM      0.00      0.00      0.00      0.00    823.20      0.00      0.00      0.00      0.00      0.00
06:07:24 AM      0.00      0.00      0.00      0.00      3.80      0.00      0.00      0.00      0.00      0.00
06:07:29 AM      0.00      0.00      0.00      0.00      0.60      0.00      0.00      0.00      0.00      0.00
06:07:34 AM     88.80      0.00      0.40      0.20    823.80      0.00      0.00      0.00      0.00      0.00
06:07:39 AM      0.00      0.00      0.00      0.00      4.20      0.00      0.00      0.00      0.00      0.00
06:07:44 AM      0.00    156.00      0.00      0.00   1681.20      0.00      0.00      0.00      0.00      0.00
06:07:49 AM      0.00      4.00      0.00      0.00      4.00      0.00      0.00      0.00      0.00      0.00
06:07:54 AM    164.80      0.00     36.60     16.60      4.40      0.00      0.00      0.00      0.00      0.00
Average:      7133.01   7122.33   2542.50   2494.12   2922.84   3238.00    307.33   2502.47      0.00      0.00
