Linux 7.0.9-arch2-1 (archlinux) 	05/25/2026 	_x86_64_	(4 CPU)

05:06:21 PM kbmemfree   kbavail kbmemused  %memused kbbuffers  kbcached  kbcommit   %commit  kbactive   kbinact   kbdirty   kbshmem
05:06:26 PM   1416444   1441580   6464240     81.77      2556    240240   6383828     23.23   6221488     61800      1168      5948
05:06:31 PM   1416192   1441344   6464476     81.77      2556    240288   6383828     23.23   6221504     61816       780      5948
05:06:36 PM   1416192   1441344   6464476     81.77      2556    240288   6383828     23.23   6221504     61816       788      5948
05:06:41 PM   1416192   1441376   6464444     81.77      2556    240288   6383828     23.23   6221504     61848       788      5948
05:06:46 PM   1416192   1441336   6464484     81.77      2556    240248   6383828     23.23   6221536     61808       788      5948
05:06:51 PM   1415224   1440660   6465160     81.78      2556    240572   6383828     23.23   6221568     62092       196      5948
05:06:56 PM   1415224   1440776   6465044     81.78      2556    240648   6383828     23.23   6221576     62208       240      5948
05:07:01 PM   1415224   1440776   6465044     81.78      2556    240648   6383828     23.23   6221576     62208       260      5948
05:07:06 PM   1415224   1440776   6465044     81.78      2556    240648   6383828     23.23   6221576     62208       264      5948
05:07:11 PM   1415224   1440776   6465044     81.78      2556    240648   6383828     23.23   6221596     62208       264      5948
05:07:16 PM   1415224   1440776   6465044     81.78      2556    240648   6383828     23.23   6221596     62208       264      5948
05:07:21 PM   1415224   1441024   6464796     81.77      2556    240904   6383828     23.23   6221600     62456       128      5948
05:07:26 PM   1415224   1441072   6464748     81.77      2556    240984   6383828     23.23   6221600     62504       208      5948
05:07:31 PM   1415224   1441160   6464660     81.77      2556    241032   6383828     23.23   6221608     62592       236      5948
05:07:36 PM   1415224   1441160   6464660     81.77      2556    241032   6383828     23.23   6221608     62592       256      5948
05:07:41 PM   1415224   1441160   6464660     81.77      2556    241032   6383828     23.23   6221608     62592       256      5948
05:07:46 PM   1415224   1441160   6464660     81.77      2556    241032   6383828     23.23   6221608     62592       256      5948
05:07:51 PM   1415224   1441160   6464660     81.77      2556    241116   6383828     23.23   6221608     62592       132      5948
05:07:56 PM   1415064   1441080   6464740     81.77      2556    241160   6383828     23.23   6221616     62672        68      5948
05:08:01 PM   1414984   1441048   6464772     81.77      2556    241160   6383828     23.23   6221668     62720        68      5948
05:08:06 PM   1414984   1441096   6464724     81.77      2556    241244   6383828     23.23   6221668     62768       244      5948
05:08:11 PM   1414984   1441128   6464692     81.77      2556    241244   6383828     23.23   6221672     62800       264      5948
05:08:16 PM   1414984   1441128   6464692     81.77      2556    241240   6383828     23.23   6221672     62800       260      5948
05:08:21 PM   1414984   1441128   6464692     81.77      2556    241240   6383828     23.23   6221672     62800       260      5948
05:08:26 PM   1414732   1441000   6464820     81.77      2556    241468   6383828     23.23   6221672     62924       184      5948
05:08:31 PM   1414732   1441048   6464772     81.77      2556    241496   6383828     23.23   6221672     62972       212      5948
05:08:36 PM   1414732   1441132   6464688     81.77      2556    241496   6383828     23.23   6221672     63056       212      5948
05:08:41 PM   1414732   1441180   6464640     81.77      2556    241544   6383828     23.23   6221672     63104       128      5948
05:08:46 PM   1414732   1441180   6464640     81.77      2556    241544   6383828     23.23   6221672     63104       148      5948
05:08:51 PM   1414732   1441180   6464640     81.77      2556    241544   6383828     23.23   6221672     63104       148      5948
05:08:56 PM   1483144   1509592   6396228     80.91      2556    241548   6383828     23.23   6143848     63104       152      5948
05:09:01 PM   1510536   1537100   6368720     80.56      2556    241660   6383828     23.23   6115176     63220        24      5948
05:09:06 PM   1523108   1549672   6356148     80.40      2556    241708   6383828     23.23   6098792     63220        72      5948
05:09:11 PM   1551172   1577736   6328084     80.04      2556    241708   6383828     23.23   6076264     63220        72      5948
05:09:16 PM   1550184   1576844   6328976     80.05      2556    241788   6383828     23.23   6070120     63316       128      5948
05:09:21 PM   1563292   1589952   6315868     79.89      2556    241788   6383828     23.23   6045544     63316       148      5948
05:09:26 PM   1507600   1534292   6371528     80.59      2556    241792   6383828     23.23   6098796     63348       152      5948
05:09:31 PM   1507600   1534292   6371528     80.59      2556    241792   6383828     23.23   6090604     63348       152      5948
05:09:36 PM   1539164   1565984   6339836     80.19      2556    241968   6383828     23.23   6078324     63476        24      5948
05:09:41 PM   1539164   1565984   6339836     80.19      2556    241968   6383828     23.23   6078324     63476        24      5948
05:09:46 PM   1539164   1566036   6339784     80.19      2556    241968   6383828     23.23   6078324     63528        24      5948
05:09:51 PM   1566620   1593540   6312280     79.84      2556    242064   6383828     23.23   6063988     63576        96      5948
05:09:56 PM   1592456   1619424   6286396     79.52      2556    242064   6383828     23.23   6023028     63624       116      5948
05:10:01 PM   1605040   1632008   6273812     79.36      2556    242072   6383828     23.23   6003032     63624       124      5948
05:10:06 PM   1617928   1644904   6260916     79.19      2556    242072   6383828     23.23   5990012     63632       124      5948
05:10:11 PM   1617928   1644904   6260916     79.19      2556    242072   6383828     23.23   5989992     63632       124      5948
05:10:16 PM   1617676   1644652   6261168     79.20      2556    242152   6383828     23.23   5989992     63632       320      5948
05:10:21 PM   1656968   1684472   6221348     78.69      2556    242760   6383828     23.23   5957224     64160       224      5948
05:10:26 PM   1665624   1693400   6212420     78.58      2556    242876   6383828     23.23   5942628     64432       312      5948
05:10:31 PM   1679804   1707580   6198240     78.40      2556    242872   6383828     23.23   5932388     64432       328      5948
05:10:36 PM   1692928   1720704   6185116     78.23      2556    242872   6383828     23.23   5907812     64432       328      5948
05:10:41 PM   1706696   1734472   6171348     78.06      2556    242872   6383828     23.23   5883236     64432       328      5948
05:10:46 PM   1721316   1749092   6156728     77.88      2556    242872   6383828     23.23   5880996     64432       212      5948
05:10:51 PM   1748808   1776980   6128840     77.52      2556    243400   6392024     23.26   5844140     64828        20      5948
05:10:56 PM   1748332   1776636   6129184     77.53      2556    243400   6392024     23.26   5842096     64960        20      5948
05:11:01 PM   1764760   1793156   6112664     77.32      2556    243496   6391088     23.25   5829472     65056        96      5948
05:11:06 PM   1777604   1806004   6099816     77.16      2556    243496   6391088     23.25   5827560     65056       116      5948
05:11:11 PM   1772656   1801188   6104632     77.22      2556    243632   6425336     23.38   5826404     65172       588      5952
05:11:16 PM   1842856   1871436   6034384     76.33      2556    243664   6425464     23.38   5763052     65216       636      5952
05:11:21 PM   1854756   1883332   6022488     76.18      2556    243656   6391088     23.25   5745640     65216       392      5948
05:11:26 PM   1724064   1752640   6153180     77.83      2556    243656   6391088     23.25   5874720     65216       168      5948
05:11:31 PM   1723308   1752388   6153432     77.83      2556    244236   6391088     23.25   5874720     65712       172      5948
05:11:36 PM   1718960   1748220   6157600     77.89      2556    244380   6391088     23.25   5874724     65892       292      5948
05:11:41 PM   1731180   1760440   6145380     77.73      2556    244380   6391088     23.25   5874724     65892       312      5948
05:11:46 PM   1730928   1760236   6145584     77.73      2556    244380   6391088     23.25   5874728     65940       312      5948
05:11:51 PM   1730928   1760236   6145584     77.73      2556    244380   6391088     23.25   5874728     65940       164      5948
05:11:56 PM   1730424   1759732   6146088     77.74      2556    244380   6391088     23.25   5874740     65940       164      5948
05:12:01 PM   1729920   1759228   6146592     77.75      2556    244380   6391088     23.25   5873320     65940        20      5948
05:12:06 PM   1742732   1772404   6133416     77.58      2556    244748   6391088     23.25   5863128     66308        20      5948
05:12:11 PM   1770288   1800008   6105812     77.23      2556    244844   6391088     23.25   5841888     66356        96      5948
05:12:16 PM   1769040   1798808   6107012     77.25      2556    244844   6391088     23.25   5832964     66404       116      5948
05:12:21 PM   1782368   1812136   6093684     77.08      2556    244892   6391088     23.25   5818628     66404       164      5948
05:12:26 PM   1677104   1706924   6198896     78.41      2556    244896   6391088     23.25   5942592     66456       168      5948
05:12:31 PM   1677104   1706924   6198896     78.41      2556    244896   6391088     23.25   5942592     66456       168      5948
05:12:36 PM   1668688   1698508   6207312     78.52      2556    244896   6391088     23.25   5942648     66456        24      5948
05:12:41 PM   1667932   1698000   6207820     78.52      2556    245232   6391088     23.25   5942648     66704        24      5948
05:12:46 PM   1665176   1695380   6210440     78.56      2556    245328   6391088     23.25   5942716     66840        96      5948
05:12:51 PM   1665176   1695428   6210392     78.55      2556    245332   6391088     23.25   5942716     66888       120      5948
05:12:56 PM   1663832   1694084   6211736     78.57      2556    245332   6391088     23.25   5942908     66888       120      5948
05:13:01 PM   1663908   1694164   6211656     78.57      2556    245332   6391088     23.25   5942844     66892       120      5948
05:13:06 PM   1663908   1694164   6211656     78.57      2556    245332   6391088     23.25   5942844     66892       120      5948
05:13:11 PM   1664628   1694884   6210936     78.56      2556    245332   6391088     23.25   5942872     66892        24      5948
05:13:16 PM   1664376   1694880   6210940     78.56      2556    245588   6391088     23.25   5942872     67140        24      5948
05:13:21 PM   1664376   1694888   6210932     78.56      2556    245700   6391088     23.25   5942872     67148       112      5948
05:13:26 PM   1664376   1694888   6210932     78.56      2556    245700   6391088     23.25   5942872     67148       132      5948
05:13:31 PM   1664376   1695000   6210820     78.56      2556    245700   6391088     23.25   5942872     67260       132      5948
05:13:36 PM   1664376   1695000   6210820     78.56      2556    245700   6391088     23.25   5942872     67260       132      5948
05:13:41 PM   1664376   1695000   6210820     78.56      2556    245700   6391088     23.25   5942872     67260       132      5948
05:13:46 PM   1664376   1695000   6210820     78.56      2556    245708   6391088     23.25   5942872     67260        28      5948
05:13:51 PM   1664124   1695004   6210816     78.56      2556    246060   6391088     23.25   5942872     67516        28      5948
05:13:56 PM   1676424   1707408   6198412     78.40      2556    246156   6391088     23.25   5940824     67620        96      5948
05:14:01 PM   1676444   1707524   6198296     78.40      2556    246156   6391088     23.25   5940832     67716       116      5948
05:14:06 PM   1676444   1707524   6198296     78.40      2556    246160   6391088     23.25   5940832     67716       120      5948
05:14:11 PM   1677084   1708168   6197652     78.39      2556    246160   6391088     23.25   5940836     67720       120      5948
05:14:16 PM   1677084   1708168   6197652     78.39      2556    246160   6391088     23.25   5940836     67720       120      5948
05:14:21 PM   1675764   1706848   6198972     78.41      2556    246160   6391088     23.25   5935004     67720        24      5948
05:14:26 PM   1702780   1734112   6171708     78.07      2556    246480   6391088     23.25   5895952     67968        24      5948
05:14:31 PM   1725656   1757156   6148664     77.77      2556    246628   6391088     23.25   5867136     68136       260      5948
05:14:36 PM   1742092   1773592   6132228     77.57      2556    246660   6391088     23.25   5839884     68136       316      5948
05:14:41 PM   1756228   1787804   6118016     77.39      2556    246656   6391088     23.25   5831136     68212       316      5948
05:14:46 PM   1771432   1803008   6102812     77.19      2556    246652   6391088     23.25   5819944     68212       312      5948
05:14:51 PM   1771100   1802676   6103144     77.20      2556    246656   6391088     23.25   5815120     68212       316      5948
05:14:56 PM   1771184   1802760   6103060     77.20      2556    246652   6391088     23.25   5813612     68212       136      5948
05:15:01 PM   1799260   1831204   6074616     76.84      2556    247068   6391088     23.25   5789124     68580        68      5948
05:15:06 PM   1824280   1856272   6049548     76.52      2556    247164   6391088     23.25   5758712     68628       144      5948
05:15:11 PM   1877556   1909644   5996176     75.85      2556    247164   6391088     23.25   5710588     68724       164      5948
05:15:16 PM   1908840   1940928   5964892     75.45      2556    247164   6391088     23.25   5671628     68724       164      5948
05:15:21 PM   1957284   1989372   5916448     74.84      2556    247164   6391088     23.25   5629708     68724       164      5948
05:15:26 PM   1844288   1876376   6029444     76.27      2556    247164   6391088     23.25   5759240     68724       164      5948
05:15:31 PM   1864644   1896908   6008912     76.01      2556    247340   6391088     23.25   5749156     68900        24      5948
05:15:36 PM   1864352   1896692   6009128     76.01      2556    247472   6391088     23.25   5749156     68976        24      5948
05:15:41 PM   1864100   1896592   6009228     76.01      2556    247568   6391088     23.25   5749156     69128        96      5948
05:15:46 PM   1864100   1896592   6009228     76.01      2556    247568   6391088     23.25   5749156     69128       116      5948
05:15:51 PM   1864100   1896592   6009228     76.01      2556    247568   6391088     23.25   5749160     69128       116      5948
05:15:56 PM   1863908   1896400   6009420     76.01      2556    247568   6391088     23.25   5749160     69128       116      5948
05:16:01 PM   1863136   1895640   6010180     76.02      2556    247568   6391088     23.25   5750100     69128       116      5948
05:16:06 PM   1863136   1895640   6010180     76.02      2556    247568   6391088     23.25   5750100     69128        20      5948
05:16:11 PM   1863136   1895888   6009932     76.02      2556    247872   6391088     23.25   5750100     69376        20      5948
05:16:16 PM   1863136   1895976   6009844     76.02      2556    248000   6391088     23.25   5750104     69464        96      5948
05:16:21 PM   1863136   1895976   6009844     76.02      2556    248000   6391088     23.25   5750104     69464       116      5948
05:16:26 PM   1412568   1445504   6460316     81.72      2556    248000   6391088     23.25   6219536     69560       116      5948
05:16:31 PM   1412568   1445504   6460316     81.72      2556    248000   6391088     23.25   6219536     69560       116      5948
05:16:36 PM   1412568   1445504   6460316     81.72      2556    248000   6391088     23.25   6219536     69560       116      5948
05:16:41 PM   1412568   1445504   6460316     81.72      2556    248004   6391088     23.25   6219536     69560        24      5948
05:16:46 PM   1416664   1449852   6455968     81.66      2556    248308   6391088     23.25   6219536     69812        24      5948
05:16:51 PM   1416664   1449908   6455912     81.66      2556    248404   6391088     23.25   6219536     69868        96      5948
05:16:56 PM   1416664   1450004   6455816     81.66      2556    248404   6391088     23.25   6219536     69964       116      5948
05:17:01 PM   1416664   1450004   6455816     81.66      2556    248404   6391088     23.25   6219536     69964       116      5948
05:17:06 PM   1416664   1450004   6455816     81.66      2556    248404   6391088     23.25   6219536     69964       116      5948
05:17:11 PM   1416664   1450004   6455816     81.66      2556    248404   6391088     23.25   6219536     69964       116      5948
05:17:16 PM   1412568   1445908   6459912     81.71      2556    248404   6391088     23.25   6219536     69964        20      5948
05:17:21 PM   1412316   1446028   6459792     81.71      2556    248804   6391088     23.25   6219536     70336        20      5948
05:17:26 PM   1404124   1437872   6467948     81.81      2556    248908   6391088     23.25   6219536     70372        96      5948
05:17:31 PM   1404124   1437872   6467948     81.81      2556    248908   6391088     23.25   6219536     70372       116      5948
05:17:36 PM   1404124   1437968   6467852     81.81      2556    248908   6391088     23.25   6219536     70468       116      5948
05:17:41 PM   1404124   1437968   6467852     81.81      2556    248908   6391088     23.25   6219536     70468       116      5948
05:17:46 PM   1404124   1437968   6467852     81.81      2556    248908   6391088     23.25   6219536     70468       116      5948
05:17:51 PM   1404124   1437968   6467852     81.81      2556    248908   6391088     23.25   6219536     70468        20      5948
05:17:56 PM   1403620   1437712   6468108     81.81      2556    249180   6391088     23.25   6219536     70716        20      5948
05:18:01 PM   1403620   1437712   6468108     81.81      2556    249276   6391088     23.25   6219536     70716        96      5948
05:18:06 PM   1403492   1437704   6468116     81.81      2556    249276   6391088     23.25   6219536     70836       116      5948
05:18:11 PM   1403492   1437704   6468116     81.81      2556    249276   6391088     23.25   6219536     70836       116      5948
05:18:16 PM   1404464   1438676   6467144     81.80      2556    249276   6391088     23.25   6219536     70836       116      5948
05:18:21 PM   1404464   1438676   6467144     81.80      2556    249276   6391088     23.25   6219536     70836       116      5948
05:18:26 PM   1400340   1434552   6471268     81.85      2556    249276   6391088     23.25   6219536     70836        20      5948
05:18:31 PM   1400100   1434568   6471252     81.85      2556    249584   6391088     23.25   6219536     71084        24      5948
05:18:36 PM   1400968   1435592   6470228     81.84      2556    249680   6391088     23.25   6219536     71240        96      5948
05:18:41 PM   1400968   1435592   6470228     81.84      2556    249680   6391088     23.25   6219536     71240       116      5948
05:18:46 PM   1400768   1435392   6470428     81.84      2556    249680   6391088     23.25   6219536     71240       116      5948
05:18:51 PM   1400768   1435392   6470428     81.84      2556    249680   6391088     23.25   6219536     71240       116      5948
05:18:56 PM   1402484   1437108   6468712     81.82      2556    249680   6391088     23.25   6219536     71240       116      5948
05:19:01 PM   1402484   1437108   6468712     81.82      2556    249680   6391088     23.25   6219536     71240        20      5948
05:19:06 PM   1402484   1437364   6468456     81.82      2556    249936   6391088     23.25   6219536     71496        20      5948
05:19:11 PM   1402484   1437364   6468456     81.82      2556    250032   6391088     23.25   6219536     71496        96      5948
05:19:16 PM   1400932   1435912   6469908     81.84      2556    250036   6391088     23.25   6219536     71596       120      5948
05:19:21 PM   1400932   1435912   6469908     81.84      2556    250036   6391088     23.25   6219536     71596       120      5948
05:19:26 PM   1400932   1435916   6469904     81.84      2556    250040   6391088     23.25   6219536     71600       124      5948
05:19:31 PM   1400932   1435916   6469904     81.84      2556    250124   6391088     23.25   6219536     71600       288      5948
05:19:36 PM   1400932   1436080   6469740     81.84      2556    250204   6391088     23.25   6219540     71764       192      5948
05:19:41 PM   1400932   1436324   6469496     81.83      2556    250524   6391088     23.25   6219540     72008       144      5948
05:19:46 PM   1400932   1436572   6469248     81.83      2556    250696   6391088     23.25   6219540     72256       288      5948
05:19:51 PM   1413504   1449144   6456676     81.67      2556    250696   6391088     23.25   6205204     72256       308      5948
05:19:56 PM   1427060   1462700   6443120     81.50      2556    250696   6391088     23.25   6193648     72256       308      5948
05:20:01 PM   1426808   1462448   6443372     81.50      2556    250696   6391088     23.25   6187636     72256       196      5948
05:20:06 PM   1436284   1471916   6433904     81.38      2556    250692   6391088     23.25   6172592     72252        20      5948
05:20:11 PM   1455728   1491356   6414464     81.14      2556    250688   6391088     23.25   6156280     72248        20      5948
05:20:16 PM   1470900   1506764   6399056     80.94      2556    251024   6391088     23.25   6136152     72484        20      5948
05:20:21 PM   1498160   1534124   6371696     80.60      2556    251120   6391088     23.25   6117652     72584        96      5948
05:20:26 PM   1541328   1577292   6328528     80.05      2556    251120   6391088     23.25   6078340     72584       116      5948
05:20:31 PM   1590340   1626396   6279424     79.43      2556    251116   6391088     23.25   6020668     72676       116      5948
05:20:36 PM   1618256   1654312   6251508     79.07      2556    251116   6391088     23.25   5995396     72676       116      5948
05:20:41 PM   1641912   1677968   6227852     78.78      2556    251116   6391088     23.25   5966332     72676       116      5948
05:20:46 PM   1696432   1731588   6174232     78.10      2556    250216   6391088     23.25   5922588     72480        20      5948
05:20:51 PM   1737244   1772648   6133172     77.58      2556    250520   6391088     23.25   5877036     72728        20      5948
05:20:56 PM   1741972   1777376   6128444     77.52      2556    250632   6391088     23.25   5860704     72728       112      5948
05:21:01 PM   1773504   1809944   6095876     77.11      2556    251528   6391508     23.26   5827892     72920       372      5948
05:21:06 PM   1803328   1839768   6066052     76.73      2556    251528   6391508     23.26   5797920     72920       372      5948
05:21:11 PM   1817868   1854336   6051484     76.54      2556    251508   6391508     23.26   5782812     72972       380      5948
05:21:16 PM   1853064   1889532   6016288     76.10      2556    251508   6391508     23.26   5750256     72972       380      5948
05:21:21 PM   1855556   1892024   6013796     76.07      2556    251508   6391508     23.26   5744000     72972       220      5948
05:21:26 PM   1730620   1767828   6137992     77.64      2556    252240   6391508     23.26   5895052     73708       220      5948
05:21:31 PM   1730708   1768028   6137792     77.64      2556    252352   6391508     23.26   5890352     73820       112      5948
05:21:36 PM   1586564   1623884   6281936     79.46      2556    252356   6391508     23.26   6038508     73820       136      5948
05:21:41 PM   1586564   1623888   6281932     79.46      2556    252356   6391508     23.26   6038508     73824       136      5948
05:21:46 PM   1586564   1623888   6281932     79.46      2556    252356   6391508     23.26   6038508     73824       136      5948
05:21:51 PM   1586564   1623892   6281928     79.46      2556    252360   6391508     23.26   6038508     73828       140      5948
05:21:56 PM   1586564   1623892   6281928     79.46      2556    252360   6391508     23.26   6038508     73828        28      5948
05:22:01 PM   1586564   1624140   6281680     79.46      2556    252728   6391508     23.26   6038508     74076        28      5948
05:22:06 PM   1586564   1624140   6281680     79.46      2556    252840   6391508     23.26   6038508     74076       112      5948
05:22:11 PM   1586564   1624372   6281448     79.45      2556    252840   6391508     23.26   6038508     74308       132      5948
05:22:16 PM   1586564   1624372   6281448     79.45      2556    252840   6391508     23.26   6038508     74308       132      5948
05:22:21 PM   1586564   1624372   6281448     79.45      2556    252840   6391508     23.26   6038508     74308       132      5948
05:22:26 PM   1586564   1624372   6281448     79.45      2556    252840   6391508     23.26   6038508     74308       132      5948
05:22:31 PM   1586564   1624372   6281448     79.45      2556    252840   6391508     23.26   6038508     74308        20      5948
05:22:36 PM   1586312   1624368   6281452     79.45      2556    253112   6391508     23.26   6038508     74556        20      5948
05:22:41 PM   1586312   1624504   6281316     79.45      2556    253224   6391508     23.26   6038508     74692       112      5948
05:22:46 PM   1586312   1624504   6281316     79.45      2556    253224   6391508     23.26   6038508     74692       132      5948
05:22:51 PM   1586312   1624504   6281316     79.45      2556    253224   6391508     23.26   6038508     74692       132      5948
05:22:56 PM   1585808   1624000   6281820     79.46      2556    253224   6391508     23.26   6038508     74692       132      5948
05:23:01 PM   1585808   1624000   6281820     79.46      2556    253224   6391508     23.26   6038508     74692       132      5948
05:23:06 PM   1585808   1624000   6281820     79.46      2556    253224   6391508     23.26   6038508     74692        20      5948
05:23:11 PM   1585556   1624068   6281752     79.46      2556    253544   6391508     23.26   6038508     75012        20      5948
05:23:16 PM   1585556   1624068   6281752     79.46      2556    253656   6391508     23.26   6038508     75012       112      5948
05:23:21 PM   1585556   1624180   6281640     79.46      2556    253656   6391508     23.26   6038508     75124       132      5948
05:23:26 PM   1585556   1624180   6281640     79.46      2556    253656   6391508     23.26   6038508     75124       132      5948
05:23:31 PM   1585556   1624180   6281640     79.46      2556    253656   6391508     23.26   6038508     75124       132      5948
05:23:36 PM   1585556   1624180   6281640     79.46      2556    253656   6391508     23.26   6038508     75124       132      5948
05:23:41 PM   1585556   1624180   6281640     79.46      2556    253656   6391508     23.26   6038508     75124        20      5948
05:23:46 PM   1584800   1623672   6282148     79.46      2556    253928   6391508     23.26   6038508     75372        20      5948
05:23:51 PM   1584800   1623672   6282148     79.46      2556    254040   6391508     23.26   6038508     75372       112      5948
05:23:56 PM   1584800   1623808   6282012     79.46      2556    254040   6391508     23.26   6038508     75508       132      5948
05:24:01 PM   1607788   1646792   6259028     79.17      2556    254036   6391508     23.26   5998812     75504       132      5948
05:24:06 PM   1619832   1658824   6246996     79.02      2556    254024   6391508     23.26   5972452     75504       132      5948
05:24:11 PM   1667436   1706424   6199396     78.42      2556    254020   6391508     23.26   5931132     75500       132      5948
05:24:16 PM   1709320   1748292   6157528     77.89      2556    254004   6391508     23.26   5876788     75496        20      5948
05:24:21 PM   1723504   1762540   6143280     77.71      2556    254140   6391508     23.26   5856688     75728        20      5948
05:24:26 PM   1729404   1768436   6137384     77.63      2556    254176   6391508     23.26   5828604     75796       112      5948
05:24:31 PM   1788636   1827708   6078112     76.88      2556    254284   6391508     23.26   5784112     75844       184      5948
05:24:36 PM   1722608   1761844   6143976     77.71      2556    254304   6391508     23.26   5837112     76040       328      5948
05:24:41 PM   1729988   1769224   6136596     77.62      2556    254304   6391508     23.26   5824516     76040       328      5948
05:24:46 PM   1729988   1769256   6136564     77.62      2556    254300   6391508     23.26   5824516     76072       324      5948
05:24:51 PM   1729988   1769260   6136560     77.62      2556    254388   6391508     23.26   5824528     76076       220      5948
05:24:56 PM   1729524   1769128   6136692     77.62      2556    254676   6391508     23.26   5824560     76408       140      5948
05:25:01 PM   1729524   1769224   6136596     77.62      2556    254788   6391508     23.26   5824596     76504       112      5948
05:25:06 PM   1729524   1769280   6136540     77.62      2556    254788   6391508     23.26   5824612     76560       132      5948
05:25:11 PM   1729524   1769280   6136540     77.62      2556    254788   6391508     23.26   5824612     76560       132      5948
05:25:16 PM   1729524   1769280   6136540     77.62      2556    254788   6391508     23.26   5824616     76560       132      5948
05:25:21 PM   1729524   1769280   6136540     77.62      2556    254788   6391508     23.26   5824616     76560        20      5948
05:25:26 PM   1729524   1769280   6136540     77.62      2556    254788   6391508     23.26   5824616     76560        20      5948
05:25:31 PM   1728768   1768772   6137048     77.63      2556    255140   6391508     23.26   5824616     76808        20      5948
05:25:36 PM   1728768   1768988   6136832     77.62      2556    255252   6391508     23.26   5824616     77024       112      5948
05:25:41 PM   1728768   1768988   6136832     77.62      2556    255252   6391508     23.26   5824616     77024       132      5948
05:25:46 PM   1728768   1768988   6136832     77.62      2556    255252   6391508     23.26   5824616     77024       132      5948
05:25:51 PM   1728768   1768988   6136832     77.62      2556    255252   6391508     23.26   5824616     77024       132      5948
05:25:56 PM   1728572   1768792   6137028     77.63      2556    255252   6391508     23.26   5824620     77024       132      5948
05:26:01 PM   1727960   1768344   6137476     77.63      2556    255420   6391088     23.25   5824644     77056        24      5948
05:26:06 PM   1727708   1768368   6137452     77.63      2556    255692   6391088     23.25   5824832     77328        24      5948
05:26:11 PM   1727708   1768368   6137452     77.63      2556    255804   6391088     23.25   5824832     77328       112      5948
05:26:16 PM   1740652   1781420   6124400     77.47      2556    255800   6391088     23.25   5810360     77436       132      5948
05:26:21 PM   1747808   1788528   6117292     77.38      2556    255752   6391088     23.25   5789176     77420       132      5948
05:26:26 PM   1474084   1514756   6391064     80.84      2556    255704   6391088     23.25   6069380     77416       132      5948
05:26:31 PM   1474084   1514756   6391064     80.84      2556    255704   6391088     23.25   6069380     77416       132      5948
05:26:36 PM   1384964   1425636   6480184     81.97      2556    255704   6391088     23.25   6203412     77416        20      5948
05:26:41 PM   1377984   1418904   6486916     82.05      2556    256024   6391088     23.25   6203412     77664        20      5948
05:26:46 PM   1384980   1425988   6479832     81.96      2556    256136   6391088     23.25   6203412     77752       112      5948
05:26:51 PM   1386788   1427892   6477928     81.94      2556    256136   6391088     23.25   6203412     77848       132      5948
05:26:56 PM   1385420   1426524   6479296     81.96      2556    256136   6391088     23.25   6203412     77848       132      5948
05:27:01 PM   1386780   1427884   6477936     81.94      2556    256140   6391088     23.25   6203412     77848       136      5948
05:27:06 PM   1386780   1427884   6477936     81.94      2556    256140   6391088     23.25   6203412     77848       136      5948
05:27:11 PM   1386780   1427888   6477932     81.94      2556    256140   6391088     23.25   6203416     77852        24      5948
05:27:16 PM   1381708   1423152   6482668     82.00      2556    256476   6391088     23.25   6203416     78188        24      5948
05:27:21 PM   1384428   1425872   6479948     81.96      2556    256588   6391088     23.25   6203416     78188       112      5948
05:27:26 PM   1384428   1425872   6479948     81.96      2556    256588   6391088     23.25   6203416     78188       132      5948
05:27:31 PM   1384428   1425984   6479836     81.96      2556    256588   6391088     23.25   6203416     78300       132      5948
05:27:36 PM   1368764   1410320   6495500     82.16      2556    256588   6391088     23.25   6218552     78300       132      5948
05:27:41 PM   1368804   1410364   6495456     82.16      2556    256592   6391088     23.25   6218656     78304       136      5948
05:27:46 PM   1368804   1410364   6495456     82.16      2556    256592   6391088     23.25   6218656     78304        24      5948
05:27:51 PM   1365744   1407552   6498268     82.20      2556    256928   6391088     23.25   6218656     78552        24      5948
05:27:56 PM   1368448   1410256   6495564     82.16      2556    257040   6391088     23.25   6218656     78552       112      5948
05:28:01 PM   1368448   1410456   6495364     82.16      2556    257040   6391088     23.25   6218656     78752       132      5948
05:28:06 PM   1368448   1410456   6495364     82.16      2556    257040   6391088     23.25   6218656     78752       132      5948
05:28:11 PM   1368448   1410456   6495364     82.16      2556    257040   6391088     23.25   6218656     78752       132      5948
05:28:16 PM   1368448   1410456   6495364     82.16      2556    257040   6391088     23.25   6218656     78752       132      5948
05:28:21 PM   1368448   1410456   6495364     82.16      2556    257040   6391088     23.25   6218656     78752        20      5948
05:28:26 PM   1365444   1407700   6498120     82.19      2556    257312   6391088     23.25   6218656     79000        20      5948
05:28:31 PM   1368148   1410540   6495280     82.16      2556    257424   6391088     23.25   6218656     79136       112      5948
05:28:36 PM   1368148   1410540   6495280     82.16      2556    257432   6391088     23.25   6218656     79136       140      5948
05:28:41 PM   1368148   1410548   6495272     82.16      2556    257432   6391088     23.25   6218656     79144       140      5948
05:28:46 PM   1368148   1410548   6495272     82.16      2556    257432   6391088     23.25   6218656     79144       140      5948
05:28:51 PM   1370116   1412516   6493304     82.13      2556    257432   6391088     23.25   6211260     79144       140      5948
05:28:56 PM   1387904   1430304   6475516     81.91      2556    257432   6391088     23.25   6200600     79144        28      5948
05:29:01 PM   1395312   1437960   6467860     81.81      2556    257752   6391088     23.25   6193664     79392        28      5948
05:29:06 PM   1404068   1446716   6459104     81.70      2556    257864   6391088     23.25   6183044     79392       112      5948
05:29:11 PM   1409228   1452060   6453760     81.63      2556    257864   6391088     23.25   6177520     79576       132      5948
05:29:16 PM   1414776   1457608   6448212     81.56      2556    257864   6391088     23.25   6170500     79576       132      5948
05:29:21 PM   1438148   1480980   6424840     81.27      2556    257864   6391088     23.25   6154012     79576       132      5948
05:29:26 PM   1442912   1485744   6420076     81.21      2556    257864   6391088     23.25   6150948     79576       132      5948
05:29:31 PM   1449288   1492120   6413700     81.13      2556    257916   6391088     23.25   6142500     79576       184      5948
05:29:36 PM   1457892   1501152   6404668     81.01      2556    258344   6391088     23.25   6132908     80008        76      5948
05:29:41 PM   1461836   1505288   6400532     80.96      2556    258520   6391088     23.25   6127996     80200       304      5948
05:29:46 PM   1462932   1506380   6399440     80.95      2556    258512   6391088     23.25   6126408     80196       320      5948
05:29:51 PM   1470572   1514052   6391768     80.85      2556    258512   6391088     23.25   6117476     80228       324      5948
05:29:56 PM   1479308   1522788   6383032     80.74      2556    258512   6391088     23.25   6108148     80228       324      5948
05:30:01 PM   1488532   1531056   6374764     80.63      2556    257556   6391088     23.25   6098480     80228        20      5948
05:30:06 PM   1490872   1533728   6372092     80.60      2556    257900   6391088     23.25   6096644     80576        20      5948
05:30:11 PM   1492512   1535292   6370528     80.58      2556    257812   6391088     23.25   6094716     80556        20      5948
05:30:16 PM   1493004   1535588   6370232     80.58      2556    257728   6391088     23.25   6094072     80556       112      5948
05:30:21 PM   1494236   1536848   6368972     80.56      2556    257644   6391088     23.25   6092652     80668       132      5948
05:30:26 PM   1495644   1538164   6367656     80.54      2556    257552   6391088     23.25   6090976     80668       132      5948
05:30:31 PM   1536600   1579036   6326784     80.03      2556    257468   6391088     23.25   6056192     80668       132      5948
05:30:36 PM   1547452   1589884   6315936     79.89      2556    257464   6391088     23.25   6041372     80664        20      5948
05:30:41 PM   1506140   1548572   6357248     80.41      2556    257464   6391088     23.25   6087144     80664        20      5948
05:30:46 PM   1505888   1548552   6357268     80.41      2556    257724   6391088     23.25   6081000     80904        24      5948
05:30:51 PM   1512240   1554924   6350896     80.33      2556    257836   6391088     23.25   6064384     80924       112      5948
05:30:56 PM   1520516   1563316   6342504     80.23      2556    257836   6391088     23.25   6053100     81044       132      5948
05:31:01 PM   1527492   1570288   6335532     80.14      2556    257832   6391088     23.25   6045932     81040       132      5948
05:31:06 PM   1534364   1577236   6328584     80.05      2556    257916   6391088     23.25   6040308     81060       132      5948
05:31:11 PM   1539908   1582780   6323040     79.98      2556    257916   6391088     23.25   6033520     81060       132      5948
05:31:16 PM   1540916   1583800   6322020     79.97      2556    257916   6391088     23.25   6030920     81060        20      5948
05:31:21 PM   1541984   1585116   6320704     79.95      2556    258236   6391088     23.25   6029920     81308        20      5948
05:31:26 PM   1542236   1585552   6320268     79.94      2556    258348   6391088     23.25   6029504     81492       112      5948
05:31:31 PM   1551472   1594788   6311032     79.83      2556    258348   6391088     23.25   6027084     81492       132      5948
05:31:36 PM   1460276   1503588   6402232     80.98      2556    258344   6391088     23.25   6120772     81492       132      5948
05:31:41 PM   1460276   1503588   6402232     80.98      2556    258344   6391088     23.25   6120772     81492       132      5948
05:31:46 PM   1460276   1503588   6402232     80.98      2556    258344   6391088     23.25   6120772     81492       132      5948
05:31:51 PM   1460276   1503588   6402232     80.98      2556    258344   6391088     23.25   6120772     81492        20      5948
05:31:56 PM   1459644   1503204   6402616     80.99      2556    258616   6391088     23.25   6120820     81740        20      5948
05:32:01 PM   1459644   1503204   6402616     80.99      2556    258764   6391088     23.25   6120820     81740       112      5948
05:32:06 PM   1461448   1505180   6400640     80.96      2556    258764   6391088     23.25   6121076     81876       132      5948
05:32:11 PM   1461448   1505180   6400640     80.96      2556    258768   6391088     23.25   6121076     81876       136      5948
05:32:16 PM   1461448   1505192   6400628     80.96      2556    258776   6391088     23.25   6121076     81888       144      5948
05:32:21 PM   1461448   1505192   6400628     80.96      2556    258776   6391088     23.25   6121076     81888       144      5948
05:32:26 PM   1461448   1505192   6400628     80.96      2556    258776   6391088     23.25   6121076     81888        32      5948
05:32:31 PM   1460944   1504936   6400884     80.96      2556    259100   6391088     23.25   6121076     82136        36      5948
05:32:36 PM   1460944   1505124   6400696     80.96      2556    259212   6391088     23.25   6121076     82324       112      5948
05:32:41 PM   1460944   1505124   6400696     80.96      2556    259212   6391088     23.25   6121076     82324       132      5948
05:32:46 PM   1460692   1504872   6400948     80.97      2556    259212   6391088     23.25   6121076     82324       132      5948
05:32:51 PM   1460692   1504872   6400948     80.97      2556    259212   6391088     23.25   6121076     82324       132      5948
05:32:56 PM   1460692   1504872   6400948     80.97      2556    259212   6391088     23.25   6121076     82324       132      5948
05:33:01 PM   1471468   1515648   6390172     80.83      2556    259212   6391088     23.25   6110084     82324        20      5948
05:33:06 PM   1481928   1526380   6379440     80.69      2556    259484   6391088     23.25   6097532     82596        20      5948
05:33:11 PM   1514424   1558876   6346944     80.28      2556    259596   6391088     23.25   6066292     82596       112      5948
05:33:16 PM   1540288   1584852   6320968     79.95      2556    259596   6391088     23.25   6036368     82708       132      5948
05:33:21 PM   1552952   1597412   6308408     79.79      2556    259492   6391088     23.25   6023088     82708       132      5948
05:33:26 PM   1581408   1625864   6279956     79.43      2556    259488   6391088     23.25   5990336     82704       132      5948
05:33:31 PM   1614200   1658656   6247164     79.02      2556    259488   6391088     23.25   5954944     82704       132      5948
05:33:36 PM   1628440   1672860   6232960     78.84      2556    259452   6391088     23.25   5933816     82696        20      5948
05:33:41 PM   1579508   1624164   6281656     79.46      2556    259764   6391088     23.25   6013912     82940        20      5948
05:33:46 PM   1579256   1624100   6281720     79.46      2556    259880   6391088     23.25   6013912     83128       112      5948
05:33:51 PM   1579256   1624100   6281720     79.46      2556    259880   6391088     23.25   6013912     83128       132      5948
05:33:56 PM   1579256   1624100   6281720     79.46      2556    259880   6391088     23.25   6013912     83128       132      5948
05:34:01 PM   1579256   1624100   6281720     79.46      2556    259880   6391088     23.25   6013912     83128       132      5948
05:34:06 PM   1579256   1624100   6281720     79.46      2556    259880   6391088     23.25   6013912     83128       132      5948
05:34:11 PM   1579256   1624100   6281720     79.46      2556    259880   6391088     23.25   6013916     83128        20      5948
05:34:16 PM   1579004   1624096   6281724     79.46      2556    260152   6391088     23.25   6013916     83376        20      5948
05:34:21 PM   1579004   1624120   6281700     79.46      2556    260264   6391088     23.25   6013916     83400       112      5948
05:34:26 PM   1579004   1624120   6281700     79.46      2556    260264   6391088     23.25   6013916     83400       132      5948
05:34:31 PM   1578752   1623980   6281840     79.46      2556    260316   6391088     23.25   6013916     83512       296      5948
05:34:36 PM   1578752   1623980   6281840     79.46      2556    260348   6391088     23.25   6013916     83512       328      5948
05:34:41 PM   1575284   1620592   6285228     79.50      2556    260344   6391088     23.25   6013920     83592       248      5948
05:34:46 PM   1575284   1620592   6285228     79.50      2556    260380   6391088     23.25   6013920     83592       132      5948
05:34:51 PM   1571200   1616916   6288904     79.55      2556    260816   6391088     23.25   6013920     84000       184      5948
05:34:56 PM   1582028   1627808   6278012     79.41      2556    260952   6391088     23.25   6002972     84060       300      5948
05:35:01 PM   1601196   1647116   6258704     79.17      2556    260952   6391088     23.25   5978884     84200       212      5948
05:35:06 PM   1612672   1658592   6247228     79.02      2556    260952   6391088     23.25   5964396     84200       212      5948
05:35:11 PM   1617864   1663772   6242048     78.96      2556    260936   6391088     23.25   5960780     84200       212      5948
05:35:16 PM   1623180   1669076   6236744     78.89      2556    260932   6391088     23.25   5955988     84196       212      5948
05:35:21 PM   1664432   1710456   6195364     78.36      2556    261088   6391088     23.25   5921492     84316        20      5948
05:35:26 PM   1705552   1751576   6154244     77.84      2556    261088   6391088     23.25   5884684     84316        20      5948
05:35:31 PM   1729488   1775548   6130272     77.54      2556    261092   6391088     23.25   5850616     84448       112      5948
05:35:36 PM   1740312   1786372   6119448     77.40      2556    261092   6391088     23.25   5839096     84448       132      5948
05:35:41 PM   1794612   1840672   6065148     76.72      2556    261092   6391088     23.25   5790296     84448       132      5948
05:35:46 PM   1812880   1858940   6046880     76.49      2556    261092   6391088     23.25   5765152     84448       132      5948
05:35:51 PM   1831572   1877628   6028192     76.25      2556    261088   6391088     23.25   5744060     84444       132      5948
05:35:56 PM   1898660   1944700   5961120     75.40      2556    261072   6391088     23.25   5701320     84444       132      5948
05:36:01 PM   1902648   1948936   5956884     75.35      2556    261392   6391088     23.25   5695484     84700        28      5948
05:36:06 PM   1902888   1949676   5956144     75.34      2556    261816   6391088     23.25   5685992     84900       112      5948
05:36:11 PM   1908292   1954924   5950896     75.27      2556    261656   6391088     23.25   5677804     84900       132      5948
05:36:16 PM   1919564   1966192   5939628     75.13      2556    261652   6391088     23.25   5671452     84896       132      5948
05:36:21 PM   1943332   1989960   5915860     74.83      2556    261652   6391088     23.25   5645460     84896       132      5948
05:36:26 PM   1785096   1831696   6074124     76.83      2556    261628   6391088     23.25   5811432     84888       132      5948
05:36:31 PM   1759540   1806144   6099676     77.15      2556    261628   6391088     23.25   5848092     84888        20      5948
05:36:36 PM   1522436   1569288   6336532     80.15      2556    261900   6391088     23.25   6085992     85136        20      5948
05:36:41 PM   1518088   1565076   6340744     80.20      2556    262012   6391088     23.25   6086120     85272       116      5948
05:36:46 PM   1391368   1438356   6467464     81.81      2556    262016   6391088     23.25   6214932     85272       136      5948
05:36:51 PM   1391368   1438360   6467460     81.81      2556    262016   6391088     23.25   6214932     85276       136      5948
05:36:56 PM   1391368   1438360   6467460     81.81      2556    262016   6391088     23.25   6214932     85276       136      5948
05:37:01 PM   1391316   1438308   6467512     81.81      2556    262016   6391088     23.25   6214936     85276       136      5948
05:37:06 PM   1391316   1438308   6467512     81.81      2556    262016   6391088     23.25   6214936     85276        24      5948
05:37:11 PM   1391316   1438628   6467192     81.80      2556    262336   6391088     23.25   6214936     85596        24      5948
05:37:16 PM   1391316   1438628   6467192     81.80      2556    262448   6391088     23.25   6214936     85596       112      5948
05:37:21 PM   1391316   1438744   6467076     81.80      2556    262452   6391088     23.25   6214936     85712       136      5948
05:37:26 PM   1391316   1438744   6467076     81.80      2556    262452   6391088     23.25   6214936     85712       136      5948
05:37:31 PM   1391316   1438744   6467076     81.80      2556    262452   6391088     23.25   6214936     85712       136      5948
05:37:36 PM   1391316   1438744   6467076     81.80      2556    262452   6391088     23.25   6214936     85712       136      5948
05:37:41 PM   1383124   1430552   6475268     81.91      2556    262452   6391088     23.25   6214936     85712        24      5948
05:37:46 PM   1383124   1430800   6475020     81.90      2556    262724   6391088     23.25   6214936     85960        24      5948
05:37:51 PM   1381984   1429660   6476160     81.92      2556    262836   6391088     23.25   6215000     85960       112      5948
05:37:56 PM   1382072   1429884   6475936     81.91      2556    262836   6391088     23.25   6214936     86096       132      5948
05:38:01 PM   1382072   1429884   6475936     81.91      2556    262836   6391088     23.25   6214952     86096       132      5948
05:38:06 PM   1378980   1426792   6479028     81.95      2556    262836   6391088     23.25   6214956     86096       132      5948
05:38:11 PM   1378980   1426792   6479028     81.95      2556    262836   6391088     23.25   6214956     86096       132      5948
05:38:16 PM   1378980   1426792   6479028     81.95      2556    262836   6391088     23.25   6214956     86096        20      5948
05:38:21 PM   1378728   1426788   6479032     81.95      2556    263156   6391088     23.25   6214956     86344        20      5948
05:38:26 PM   1378476   1426608   6479212     81.95      2556    263268   6391088     23.25   6214956     86416       112      5948
05:38:31 PM   1378476   1426608   6479212     81.95      2556    263268   6391088     23.25   6214956     86416       132      5948
05:38:36 PM   1378476   1426720   6479100     81.95      2556    263268   6391088     23.25   6214956     86528       132      5948
05:38:41 PM   1378476   1426720   6479100     81.95      2556    263268   6391088     23.25   6214956     86528       132      5948
05:38:46 PM   1376008   1424252   6481568     81.98      2556    263268   6391088     23.25   6214956     86528       132      5948
05:38:51 PM   1376008   1424252   6481568     81.98      2556    263268   6391088     23.25   6214956     86528        20      5948
05:38:56 PM   1378168   1426660   6479160     81.95      2556    263540   6391088     23.25   6214956     86776        20      5948
05:39:01 PM   1378168   1426660   6479160     81.95      2556    263652   6391088     23.25   6214956     86776       112      5948
05:39:06 PM   1377340   1425972   6479848     81.96      2556    263656   6391088     23.25   6214956     86916       136      5948
05:39:11 PM   1401052   1449676   6456144     81.66      2556    263656   6391088     23.25   6179536     86916       136      5948
05:39:16 PM   1426368   1474988   6430832     81.34      2556    263652   6391088     23.25   6151544     86916       136      5948
05:39:21 PM   1459056   1507668   6398152     80.93      2556    263644   6391088     23.25   6113428     86916       136      5948
05:39:26 PM   1482276   1530888   6374932     80.64      2556    263644   6391088     23.25   6083224     86916        24      5948
05:39:31 PM   1491008   1539864   6365956     80.52      2556    264016   6391088     23.25   6076856     87164       188      5948
05:39:36 PM   1508544   1557668   6348152     80.30      2556    264160   6391088     23.25   6062996     87432       308      5948
05:39:41 PM   1512620   1561772   6344048     80.25      2556    264220   6391088     23.25   6058292     87460       216      5948
05:39:46 PM   1495832   1545020   6360800     80.46      2556    264228   6391088     23.25   6085740     87500       220      5948
05:39:51 PM   1522728   1571924   6333896     80.12      2556    264268   6391088     23.25   6058224     87504       336      5948
05:39:56 PM   1519408   1568640   6337180     80.16      2556    264268   6391088     23.25   6058224     87540       336      5948
05:40:01 PM   1518824   1568428   6337392     80.16      2556    264652   6391088     23.25   6058224     87912       164      5948
05:40:06 PM   1518824   1568440   6337380     80.16      2556    264652   6391088     23.25   6058224     87924        36      5948
05:40:11 PM   1522368   1571992   6333828     80.12      2556    264780   6391088     23.25   6058224     87924       128      5948
05:40:16 PM   1518584   1568336   6337484     80.16      2556    264780   6391088     23.25   6058224     88052       148      5948
05:40:21 PM   1518584   1568336   6337484     80.16      2556    264780   6391088     23.25   6058224     88052       148      5948
05:40:26 PM   1524368   1574120   6331700     80.09      2556    264780   6391088     23.25   6049680     88052       148      5948
05:40:31 PM   1523360   1573112   6332708     80.10      2556    264780   6391088     23.25   6042284     88052       148      5948
05:40:36 PM   1524700   1574448   6331372     80.08      2556    264776   6391088     23.25   6035468     88048        20      5948
05:40:41 PM   1538544   1588664   6317156     79.91      2556    265160   6391088     23.25   6015088     88420        20      5948
05:40:46 PM   1556124   1606368   6299452     79.68      2556    265272   6391088     23.25   5986664     88544       112      5948
05:40:51 PM   1563036   1613280   6292540     79.59      2556    265272   6391088     23.25   5973820     88544       132      5948
05:40:56 PM   1568168   1618412   6287408     79.53      2556    265272   6391088     23.25   5965552     88540       132      5948
05:41:01 PM   1573848   1624092   6281728     79.46      2556    265272   6391088     23.25   5957888     88540       132      5948
05:41:06 PM   1597136   1647596   6258224     79.16      2556    265476   6391088     23.25   5937272     88548       132      5948
05:41:11 PM   1616864   1667324   6238496     78.91      2556    265476   6391088     23.25   5903564     88548        20      5948
05:41:16 PM   1643432   1694136   6211684     78.57      2556    265744   6391088     23.25   5869792     88792        20      5948
05:41:21 PM   1665216   1715944   6189876     78.30      2556    265856   6391088     23.25   5842380     88816       112      5948
05:41:26 PM   1686996   1737732   6168088     78.02      2556    265848   6391088     23.25   5813188     88828       132      5948
05:41:31 PM   1717868   1768700   6137120     77.63      2556    265848   6391088     23.25   5769148     88924       132      5948
05:41:36 PM   1562472   1613304   6292516     79.59      2556    265848   6391088     23.25   5920532     88924       132      5948
05:41:41 PM   1581632   1632464   6273356     79.35      2556    265848   6391088     23.25   5895480     88924       132      5948
05:41:46 PM   1599516   1650348   6255472     79.12      2556    265848   6391088     23.25   5887472     88924        20      5948
05:41:51 PM   1599012   1650092   6255728     79.13      2556    266168   6391088     23.25   5885284     89172        20      5948
05:41:56 PM   1604656   1655736   6250084     79.06      2556    266280   6391088     23.25   5877460     89172       112      5948
05:42:01 PM   1618480   1669744   6236076     78.88      2556    266280   6391088     23.25   5871908     89356       132      5948
05:42:06 PM   1630916   1682180   6223640     78.72      2556    266280   6391088     23.25   5864716     89356       132      5948
05:42:11 PM   1630916   1682180   6223640     78.72      2556    266280   6391088     23.25   5855704     89356       132      5948
05:42:16 PM   1632252   1683500   6222320     78.71      2556    266264   6391088     23.25   5852508     89356       132      5948
05:42:21 PM   1634112   1685360   6220460     78.68      2556    266264   6391088     23.25   5843980     89356        20      5948
05:42:26 PM   1633860   1685356   6220464     78.68      2556    266536   6391088     23.25   5840604     89604        20      5948
05:42:31 PM   1635732   1687368   6218452     78.66      2556    266652   6391088     23.25   5838572     89744       112      5948
05:42:36 PM   1636740   1688376   6217444     78.64      2556    266652   6391088     23.25   5837412     89744       132      5948
05:42:41 PM   1637496   1689132   6216688     78.63      2556    266652   6391088     23.25   5834528     89744       132      5948
05:42:46 PM   1532176   1583812   6322008     79.97      2556    266652   6391088     23.25   5983884     89744       132      5948
05:42:51 PM   1532168   1583804   6322016     79.97      2556    266652   6391088     23.25   5984064     89744       132      5948
05:42:56 PM   1532168   1583804   6322016     79.97      2556    266656   6391088     23.25   5984064     89744        24      5948
05:43:01 PM   1531916   1583876   6321944     79.97      2556    266976   6391088     23.25   5984064     90068        24      5948
05:43:06 PM   1531916   1583876   6321944     79.97      2556    267088   6391088     23.25   5984068     90068       112      5948
05:43:11 PM   1531412   1583484   6322336     79.97      2556    267088   6391088     23.25   5984068     90180       132      5948
05:43:16 PM   1531412   1583484   6322336     79.97      2556    267088   6391088     23.25   5984068     90180       132      5948
05:43:21 PM   1531412   1583484   6322336     79.97      2556    267088   6391088     23.25   5984068     90180       132      5948
05:43:26 PM   1531412   1583484   6322336     79.97      2556    267096   6391088     23.25   5984068     90180       140      5948
05:43:31 PM   1531412   1583492   6322328     79.97      2556    267096   6391088     23.25   5984068     90188        28      5948
05:43:36 PM   1531412   1583740   6322080     79.97      2556    267384   6391088     23.25   5984068     90436        28      5948
05:43:41 PM   1531412   1583892   6321928     79.97      2556    267496   6391088     23.25   5984068     90588       112      5948
05:43:46 PM   1531412   1583892   6321928     79.97      2556    267496   6391088     23.25   5984068     90588       132      5948
05:43:51 PM   1531412   1583892   6321928     79.97      2556    267496   6391088     23.25   5984068     90588       132      5948
05:43:56 PM   1531412   1583892   6321928     79.97      2556    267496   6391088     23.25   5984068     90588       132      5948
05:44:01 PM   1531412   1583892   6321928     79.97      2556    267496   6391088     23.25   5984068     90588       132      5948
05:44:06 PM   1531412   1583892   6321928     79.97      2556    267496   6391088     23.25   5984068     90588        20      5948
05:44:11 PM   1530404   1583204   6322616     79.97      2556    267816   6391088     23.25   5984068     90908        20      5948
05:44:16 PM   1530404   1583204   6322616     79.97      2556    267928   6391088     23.25   5984068     90908       112      5948
05:44:21 PM   1530164   1583076   6322744     79.98      2556    267928   6391088     23.25   5984068     91020       132      5948
05:44:26 PM   1530164   1583076   6322744     79.98      2556    267928   6391088     23.25   5984068     91020       132      5948
05:44:31 PM   1530164   1583128   6322692     79.98      2556    267980   6391088     23.25   5984068     91072       296      5948
05:44:36 PM   1530164   1583124   6322696     79.98      2556    268012   6391088     23.25   5984068     91068       328      5948
05:44:41 PM   1530164   1583160   6322660     79.97      2556    268012   6391088     23.25   5984068     91104       136      5948
05:44:46 PM   1530164   1583404   6322416     79.97      2556    268360   6391088     23.25   5984068     91348       132      5948
05:44:51 PM   1529912   1583256   6322564     79.97      2556    268584   6391088     23.25   5984076     91452       300      5948
05:44:56 PM   1529912   1583480   6322340     79.97      2556    268584   6391088     23.25   5984076     91676       320      5948
05:45:01 PM   1529912   1583480   6322340     79.97      2556    268584   6391088     23.25   5984076     91676       212      5948
05:45:06 PM   1529912   1583480   6322340     79.97      2556    268588   6391088     23.25   5984076     91676       216      5948
05:45:11 PM   1529912   1583480   6322340     79.97      2556    268588   6391088     23.25   5984076     91676       216      5948
05:45:16 PM   1529912   1583484   6322336     79.97      2556    268588   6391088     23.25   5984076     91680        24      5948
05:45:21 PM   1529156   1583100   6322720     79.98      2556    268972   6391088     23.25   5984076     92052        24      5948
05:45:26 PM   1529156   1583112   6322708     79.98      2556    269084   6391088     23.25   5984076     92064       112      5948
05:45:31 PM   1536664   1590616   6315204     79.88      2556    269080   6391088     23.25   5974860     92064       132      5948
05:45:36 PM   1575012   1629076   6276744     79.39      2556    269080   6391088     23.25   5934552     92176       132      5948
05:45:41 PM   1598476   1652540   6253280     79.10      2556    269084   6391088     23.25   5899188     92176       136      5948
05:45:46 PM   1618552   1672604   6233216     78.84      2556    269068   6391088     23.25   5871500     92164       136      5948
05:45:51 PM   1626864   1680908   6224912     78.74      2556    269060   6391088     23.25   5854184     92160        24      5948
05:45:56 PM   1633464   1687756   6218064     78.65      2556    269332   6391088     23.25   5846536     92408        28      5948
05:46:01 PM   1643148   1697440   6208380     78.53      2556    269452   6391088     23.25   5836324     92408       112      5948
05:46:06 PM   1603592   1658048   6247772     79.03      2556    269476   6391088     23.25   5886648     92564       132      5948
05:46:11 PM   1610812   1665252   6240568     78.94      2556    269472   6391088     23.25   5877552     92560       132      5948
05:46:16 PM   1610980   1665436   6240384     78.93      2556    269472   6391088     23.25   5877816     92560       132      5948
05:46:21 PM   1610960   1665416   6240404     78.93      2556    269472   6391088     23.25   5877816     92560       132      5948
05:46:26 PM   1610960   1665416   6240404     78.93      2556    269472   6391088     23.25   5877816     92560        20      5948
05:46:31 PM   1610960   1665664   6240156     78.93      2556    269808   6391088     23.25   5877816     92808        20      5948
05:46:36 PM   1461688   1516592   6389228     80.82      2556    269920   6391088     23.25   6121884     93008       112      5948
05:46:41 PM   1381804   1436708   6469112     81.83      2556    269920   6391088     23.25   6215880     93008       132      5948
05:46:46 PM   1381804   1436708   6469112     81.83      2556    269920   6391088     23.25   6215880     93008       132      5948
05:46:51 PM   1381804   1436708   6469112     81.83      2556    269920   6391088     23.25   6215880     93008       132      5948
05:46:56 PM   1381804   1436708   6469112     81.83      2556    269920   6391088     23.25   6215880     93008       132      5948
05:47:01 PM   1381804   1436708   6469112     81.83      2556    269920   6391088     23.25   6215880     93008        20      5948
05:47:06 PM   1381552   1436728   6469092     81.83      2556    270192   6391088     23.25   6215880     93280        20      5948
05:47:11 PM   1381552   1436732   6469088     81.83      2556    270312   6391088     23.25   6215880     93284       112      5948
05:47:16 PM   1381552   1436848   6468972     81.83      2556    270312   6391088     23.25   6215880     93400       132      5948
05:47:21 PM   1381552   1436848   6468972     81.83      2556    270312   6391088     23.25   6215880     93400       132      5948
05:47:26 PM   1381512   1436808   6469012     81.83      2556    270312   6391088     23.25   6215880     93400       132      5948
05:47:31 PM   1381512   1436808   6469012     81.83      2556    270312   6391088     23.25   6215880     93400       132      5948
05:47:36 PM   1381512   1436808   6469012     81.83      2556    270312   6391088     23.25   6215880     93400        20      5948
05:47:41 PM   1381184   1436728   6469092     81.83      2556    270632   6391088     23.25   6215880     93648        20      5948
05:47:46 PM   1380944   1436684   6469136     81.83      2556    270748   6391088     23.25   6215880     93836       112      5948
05:47:51 PM   1380944   1436684   6469136     81.83      2556    270748   6391088     23.25   6215880     93836       132      5948
05:47:56 PM   1380944   1436684   6469136     81.83      2556    270748   6391088     23.25   6215880     93836       132      5948
05:48:01 PM   1380904   1436644   6469176     81.83      2556    270748   6391088     23.25   6215880     93836       132      5948
05:48:06 PM   1380904   1436644   6469176     81.83      2556    270748   6391088     23.25   6215880     93836       132      5948
05:48:11 PM   1380904   1436644   6469176     81.83      2556    270748   6391088     23.25   6215880     93836        20      5948
05:48:16 PM   1380652   1436664   6469156     81.83      2556    271020   6391088     23.25   6215880     94108        20      5948
05:48:21 PM   1380520   1436532   6469288     81.83      2556    271132   6391088     23.25   6215880     94108       112      5948
05:48:26 PM   1380520   1436532   6469288     81.83      2556    271132   6391088     23.25   6215880     94108       132      5948
05:48:31 PM   1380520   1436644   6469176     81.83      2556    271132   6391088     23.25   6215880     94220       132      5948
05:48:36 PM   1380520   1436644   6469176     81.83      2556    271132   6391088     23.25   6215880     94220       132      5948
05:48:41 PM   1380520   1436644   6469176     81.83      2556    271132   6391088     23.25   6215880     94220       132      5948
05:48:46 PM   1380464   1436588   6469232     81.83      2556    271132   6391088     23.25   6215880     94220        20      5948
05:48:51 PM   1379708   1436080   6469740     81.84      2556    271500   6391088     23.25   6210376     94468        20      5948
05:48:56 PM   1382352   1438768   6467052     81.80      2556    271608   6391088     23.25   6198288     94512       112      5948
05:49:01 PM   1397564   1454156   6451664     81.61      2556    271604   6391088     23.25   6176504     94696       136      5948
05:49:06 PM   1413596   1470184   6435636     81.40      2556    271600   6391088     23.25   6151932     94692       136      5948
05:49:11 PM   1428304   1484892   6420928     81.22      2556    271600   6391088     23.25   6130300     94692       136      5948
05:49:16 PM   1446676   1503264   6402556     80.99      2556    271600   6391088     23.25   6134384     94692       136      5948
05:49:21 PM   1444920   1501508   6404312     81.01      2556    271600   6391088     23.25   6130064     94692        24      5948
05:49:26 PM   1444556   1501392   6404428     81.01      2556    271920   6391088     23.25   6130068     94940        24      5948
05:49:31 PM   1446604   1503512   6402308     80.98      2556    272084   6391088     23.25   6130176     95012       276      5948
05:49:36 PM   1446604   1503592   6402228     80.98      2556    272116   6391088     23.25   6130176     95092       328      5948
05:49:41 PM   1446604   1503704   6402116     80.98      2556    272116   6391088     23.25   6130176     95204       328      5948
05:49:46 PM   1446604   1503704   6402116     80.98      2556    272112   6391088     23.25   6130176     95204       324      5948
05:49:51 PM   1446552   1503652   6402168     80.98      2556    272148   6391088     23.25   6130176     95204       324      5948
05:49:56 PM   1446552   1503652   6402168     80.98      2556    272144   6391088     23.25   6130176     95204       128      5948
05:50:01 PM   1442024   1499572   6406248     81.03      2556    272560   6391088     23.25   6130180     95652        20      5948
05:50:06 PM   1441944   1499492   6406328     81.03      2556    272672   6391088     23.25   6130180     95652       112      5948
05:50:11 PM   1440872   1498532   6407288     81.05      2556    272672   6391088     23.25   6130248     95764       132      5948
05:50:16 PM   1440872   1498532   6407288     81.05      2556    272672   6391088     23.25   6130248     95764       132      5948
05:50:21 PM   1440872   1498536   6407284     81.05      2556    272676   6391088     23.25   6130248     95768       136      5948
05:50:26 PM   1440872   1498536   6407284     81.05      2556    272676   6391088     23.25   6130248     95768       136      5948
05:50:31 PM   1440872   1498536   6407284     81.05      2556    272676   6391088     23.25   6130248     95768        24      5948
05:50:36 PM   1440524   1498436   6407384     81.05      2556    272996   6391088     23.25   6130248     96016        24      5948
05:50:41 PM   1440524   1498620   6407200     81.04      2556    273108   6391088     23.25   6130248     96200       112      5948
05:50:46 PM   1450492   1508588   6397232     80.92      2556    273108   6391088     23.25   6121388     96200       132      5948
05:50:51 PM   1467520   1525620   6380200     80.70      2556    273112   6391088     23.25   6105688     96208       140      5948
05:50:56 PM   1482276   1540376   6365444     80.52      2556    273112   6391088     23.25   6089888     96208       140      5948
05:51:01 PM   1486588   1544676   6361144     80.46      2556    273104   6391088     23.25   6083320     96200       140      5948
05:51:06 PM   1489160   1547244   6358576     80.43      2556    273104   6391088     23.25   6082500     96196        28      5948
05:51:11 PM   1494880   1553300   6352520     80.35      2556    273428   6391088     23.25   6072592     96520        28      5948
05:51:16 PM   1524060   1582480   6323340     79.98      2556    273556   6391088     23.25   6045464     96520       128      5948
05:51:21 PM   1532252   1590784   6315036     79.88      2556    273544   6391088     23.25   6035620     96640       148      5948
05:51:26 PM   1533484   1592016   6313804     79.86      2556    273544   6391088     23.25   6033216     96640       148      5948
05:51:31 PM   1534240   1592772   6313048     79.85      2556    273544   6391088     23.25   6031960     96640       148      5948
05:51:36 PM   1559880   1618412   6287408     79.53      2556    273544   6391088     23.25   6019296     96640       148      5948
05:51:41 PM   1528232   1586764   6319056     79.93      2556    273544   6391088     23.25   6077144     96640        20      5948
05:51:46 PM   1527980   1586760   6319060     79.93      2556    273848   6391088     23.25   6073504     96888        20      5948
05:51:51 PM   1528152   1587100   6318720     79.92      2556    273960   6391088     23.25   6073536     97056       112      5948
05:51:56 PM   1528152   1587100   6318720     79.92      2556    273960   6391088     23.25   6073536     97056       132      5948
05:52:01 PM   1528152   1587100   6318720     79.92      2556    273960   6391088     23.25   6073536     97056       132      5948
05:52:06 PM   1528152   1587100   6318720     79.92      2556    273964   6391088     23.25   6073536     97056       136      5948
05:52:11 PM   1528152   1587100   6318720     79.92      2556    273964   6391088     23.25   6073536     97056       136      5948
05:52:16 PM   1528152   1587104   6318716     79.92      2556    273968   6391088     23.25   6073536     97060        28      5948
05:52:21 PM   1527900   1587100   6318720     79.92      2556    274288   6391088     23.25   6073536     97308        28      5948
05:52:26 PM   1527220   1586496   6319324     79.93      2556    274400   6391088     23.25   6073536     97384       112      5948
05:52:31 PM   1484128   1543484   6362336     80.48      2556    274400   6391088     23.25   6123420     97464       132      5948
05:52:36 PM   1483604   1542992   6362828     80.48      2556    274400   6391088     23.25   6123420     97496       132      5948
05:52:41 PM   1483604   1542992   6362828     80.48      2556    274400   6391088     23.25   6123420     97496       132      5948
05:52:46 PM   1483604   1542992   6362828     80.48      2556    274400   6391088     23.25   6123420     97496       132      5948
05:52:51 PM   1483604   1542992   6362828     80.48      2556    274400   6391088     23.25   6123420     97496        20      5948
05:52:56 PM   1483604   1543244   6362576     80.48      2556    274692   6391088     23.25   6123420     97748        24      5948
05:53:01 PM   1483352   1543048   6362772     80.48      2556    274836   6391088     23.25   6123432     97804       144      5948
05:53:06 PM   1483352   1543176   6362644     80.48      2556    274836   6391088     23.25   6123436     97932       164      5948
05:53:11 PM   1483352   1543176   6362644     80.48      2556    274836   6391088     23.25   6123436     97932       164      5948
05:53:16 PM   1479256   1539080   6366740     80.53      2556    274836   6391088     23.25   6123456     97932       164      5948
05:53:21 PM   1479256   1539080   6366740     80.53      2556    274836   6391088     23.25   6123456     97932       164      5948
05:53:26 PM   1479256   1539080   6366740     80.53      2556    274836   6391088     23.25   6123456     97932        20      5948
05:53:31 PM   1479004   1539076   6366744     80.53      2556    275172   6391088     23.25   6123456     98180        20      5948
05:53:36 PM   1479004   1539276   6366544     80.53      2556    275284   6391088     23.25   6123456     98380       112      5948
05:53:41 PM   1479004   1539276   6366544     80.53      2556    275284   6391088     23.25   6123456     98380       132      5948
05:53:46 PM   1478752   1539024   6366796     80.53      2556    275284   6391088     23.25   6123524     98380       132      5948
05:53:51 PM   1478752   1539024   6366796     80.53      2556    275284   6391088     23.25   6123524     98380       132      5948
05:53:56 PM   1475032   1535304   6370516     80.58      2556    275284   6391088     23.25   6123672     98380       132      5948
05:54:01 PM   1478128   1538400   6367420     80.54      2556    275284   6391088     23.25   6111924     98380        20      5948
05:54:06 PM   1481824   1542368   6363452     80.49      2556    275556   6391088     23.25   6107812     98652        20      5948
05:54:11 PM   1489576   1550100   6355720     80.39      2556    275652   6391088     23.25   6093840     98640       112      5948
05:54:16 PM   1491372   1552008   6353812     80.37      2556    275652   6391088     23.25   6089728     98752       132      5948
05:54:21 PM   1500540   1561176   6344644     80.25      2556    275652   6391088     23.25   6081932     98752       132      5948
05:54:26 PM   1525676   1586312   6319508     79.93      2556    275652   6391088     23.25   6064200     98752       132      5948
05:54:31 PM   1558412   1619036   6286784     79.52      2556    275692   6391088     23.25   6035072     98744       296      5948
05:54:36 PM   1579188   1639904   6265916     79.26      2556    275780   6391088     23.25   6000280     98836       192      5948
05:54:41 PM   1603068   1664076   6241744     78.95      2556    276164   6391088     23.25   5971856     99128       196      5948
05:54:46 PM   1623724   1685012   6220808     78.69      2556    276304   6391088     23.25   5953516     99408       308      5948
05:54:51 PM   1637608   1698896   6206924     78.51      2556    276340   6391088     23.25   5942680     99408       328      5948
05:54:56 PM   1642324   1703644   6202176     78.45      2556    276336   6391088     23.25   5935300     99440       324      5948
05:55:01 PM   1642792   1704108   6201712     78.44      2556    276368   6391088     23.25   5933912     99440       212      5948
05:55:06 PM   1649380   1710736   6195084     78.36      2556    276372   6391088     23.25   5925756     99444        24      5948
05:55:11 PM   1666700   1728224   6177596     78.14      2556    276712   6391088     23.25   5909340     99612        24      5948
05:55:16 PM   1679288   1740992   6164828     77.98      2556    276720   6391088     23.25   5895056     99792        24      5948
05:55:21 PM   1689752   1751444   6154376     77.85      2556    276824   6391088     23.25   5888096     99784       112      5948
05:55:26 PM   1685656   1747348   6158472     77.90      2556    276824   6391088     23.25   5888308     99784       132      5948
05:55:31 PM   1646988   1708792   6197028     78.39      2556    276828   6391088     23.25   5943292     99896       136      5948
05:55:36 PM   1638796   1700600   6205220     78.49      2556    276828   6391088     23.25   5943508     99896       136      5948
05:55:41 PM   1641364   1703172   6202648     78.46      2556    276828   6391088     23.25   5943508     99900       136      5948
05:55:46 PM   1640672   1702480   6203340     78.47      2556    276828   6391088     23.25   5943980     99900        24      5948
05:55:51 PM   1641468   1703612   6202208     78.45      2556    277164   6391088     23.25   5943920    100236        24      5948
05:55:56 PM   1640804   1702948   6202872     78.46      2556    277276   6391088     23.25   5943920    100236       112      5948
05:56:01 PM   1640360   1702616   6203204     78.46      2556    277276   6391088     23.25   5944240    100348       132      5948
05:56:06 PM   1640360   1702616   6203204     78.46      2556    277276   6391088     23.25   5944240    100348       132      5948
05:56:11 PM   1639460   1701728   6204092     78.47      2556    277292   6391088     23.25   5946616    100348       132      5948
05:56:16 PM   1639460   1701728   6204092     78.47      2556    277292   6391088     23.25   5946616    100348       132      5948
05:56:21 PM   1639460   1701744   6204076     78.47      2556    277292   6391088     23.25   5946788    100360        20      5948
05:56:26 PM   1639460   1701992   6203828     78.47      2556    277564   6391088     23.25   5946788    100608        20      5948
05:56:31 PM   1639208   1701764   6204056     78.47      2556    277676   6391088     23.25   5946788    100632       112      5948
05:56:36 PM   1463060   1525712   6380108     80.70      2556    277676   6391088     23.25   6132708    100728       132      5948
05:56:41 PM   1451716   1514384   6391436     80.84      2556    277676   6391088     23.25   6132708    100744       132      5948
05:56:46 PM   1368556   1431224   6474596     81.90      2556    277676   6391088     23.25   6215912    100744       132      5948
05:56:51 PM   1367472   1430140   6475680     81.91      2556    277676   6391088     23.25   6215912    100744       132      5948
05:56:56 PM   1367472   1430140   6475680     81.91      2556    277676   6391088     23.25   6215912    100744        20      5948
05:57:01 PM   1367472   1430460   6475360     81.91      2556    277996   6391088     23.25   6215912    101064        20      5948
05:57:06 PM   1367472   1430460   6475360     81.91      2556    278108   6391088     23.25   6215912    101064       112      5948
05:57:11 PM   1367472   1430572   6475248     81.90      2556    278108   6391088     23.25   6215912    101176       132      5948
05:57:16 PM   1367472   1430572   6475248     81.90      2556    278108   6391088     23.25   6215912    101176       132      5948
05:57:21 PM   1367472   1430572   6475248     81.90      2556    278108   6391088     23.25   6215912    101176       132      5948
05:57:26 PM   1367472   1430572   6475248     81.90      2556    278108   6391088     23.25   6215912    101176       132      5948
05:57:31 PM   1370176   1433276   6472544     81.87      2556    278108   6391088     23.25   6215912    101176        20      5948
05:57:36 PM   1370176   1433524   6472296     81.87      2556    278380   6391088     23.25   6215912    101424        20      5948
05:57:41 PM   1366736   1430220   6475600     81.91      2556    278492   6391088     23.25   6215912    101560       112      5948
05:57:46 PM   1366736   1430220   6475600     81.91      2556    278492   6391088     23.25   6215912    101560       132      5948
05:57:51 PM   1366904   1430388   6475432     81.91      2556    278492   6391088     23.25   6215912    101560       132      5948
05:57:56 PM   1366904   1430388   6475432     81.91      2556    278492   6391088     23.25   6215912    101560       132      5948
05:58:01 PM   1367916   1431400   6474420     81.89      2556    278492   6391088     23.25   6215912    101560       132      5948
05:58:06 PM   1367916   1431400   6474420     81.89      2556    278496   6391088     23.25   6215912    101560        24      5948
05:58:11 PM   1370908   1434720   6471100     81.85      2556    278820   6391088     23.25   6215912    101888        28      5948
05:58:16 PM   1370668   1434484   6471336     81.86      2556    278940   6391088     23.25   6215912    101892       112      5948
05:58:21 PM   1370668   1434600   6471220     81.85      2556    278940   6391088     23.25   6215912    102008       132      5948
05:58:26 PM   1370668   1434600   6471220     81.85      2556    278940   6391088     23.25   6215912    102008       132      5948
05:58:31 PM   1370668   1434600   6471220     81.85      2556    278940   6391088     23.25   6215912    102008       132      5948
05:58:36 PM   1370668   1434600   6471220     81.85      2556    278940   6391088     23.25   6215912    102008       132      5948
05:58:41 PM   1369380   1433312   6472508     81.87      2556    278940   6391088     23.25   6215912    102008        20      5948
05:58:46 PM   1369128   1433308   6472512     81.87      2556    279232   6391088     23.25   6215912    102256        24      5948
05:58:51 PM   1370736   1435072   6470748     81.85      2556    279344   6391088     23.25   6215912    102412       112      5948
05:58:56 PM   1370736   1435072   6470748     81.85      2556    279344   6391088     23.25   6215912    102412       132      5948
05:59:01 PM   1368688   1433024   6472796     81.87      2556    279344   6391088     23.25   6215976    102412       132      5948
05:59:06 PM   1368688   1433024   6472796     81.87      2556    279344   6391088     23.25   6215912    102412       132      5948
05:59:11 PM   1370956   1435292   6470528     81.85      2556    279344   6391088     23.25   6215976    102412       132      5948
05:59:16 PM   1370760   1435096   6470724     81.85      2556    279344   6391088     23.25   6215912    102412        20      5948
05:59:21 PM   1370228   1434812   6471008     81.85      2556    279664   6391088     23.25   6215976    102660        20      5948
05:59:26 PM   1370380   1435036   6470784     81.85      2556    279776   6391088     23.25   6215912    102732       112      5948
05:59:31 PM   1370380   1435036   6470784     81.85      2556    279828   6391088     23.25   6215912    102732       296      5948
05:59:36 PM   1370180   1435028   6470792     81.85      2556    279860   6391088     23.25   6215912    102924       328      5948
05:59:41 PM   1370180   1435028   6470792     81.85      2556    279860   6391088     23.25   6215912    102924       328      5948
05:59:46 PM   1366460   1431308   6474512     81.90      2556    279856   6391088     23.25   6215912    102924       324      5948
05:59:51 PM   1366208   1431120   6474700     81.90      2556    280032   6391088     23.25   6215912    102988       208      5948
05:59:56 PM   1369452   1434724   6471096     81.85      2556    280304   6391088     23.25   6215912    103348       128      5948
06:00:01 PM   1369212   1434524   6471296     81.85      2556    280416   6391088     23.25   6215912    103380       116      5948
06:00:06 PM   1367184   1432600   6473220     81.88      2556    280416   6391088     23.25   6215912    103484       132      5948
06:00:11 PM   1367184   1432600   6473220     81.88      2556    280416   6391088     23.25   6215912    103484       132      5948
06:00:16 PM   1366588   1432004   6473816     81.89      2556    280416   6391088     23.25   6215912    103484       132      5948
06:00:21 PM   1366588   1432004   6473816     81.89      2556    280416   6391088     23.25   6215912    103484        20      5948
06:00:26 PM   1367804   1433220   6472600     81.87      2556    280416   6391088     23.25   6215912    103484        20      5948
06:00:31 PM   1367048   1432712   6473108     81.88      2556    280768   6391088     23.25   6215912    103732        20      5948
06:00:36 PM   1367048   1432928   6472892     81.88      2556    280880   6391088     23.25   6215912    103948       112      5948
06:00:41 PM   1367048   1432928   6472892     81.88      2556    280884   6391088     23.25   6215912    103948       136      5948
06:00:46 PM   1367048   1432932   6472888     81.87      2556    280884   6391088     23.25   6215912    103952       136      5948
06:00:51 PM   1367048   1432932   6472888     81.87      2556    280884   6391088     23.25   6215912    103952       136      5948
06:00:56 PM   1380624   1446508   6459312     81.70      2556    280884   6391088     23.25   6201584    103952       136      5948
06:01:01 PM   1408780   1474652   6431168     81.35      2556    280872   6391088     23.25   6172064    103940        24      5948
06:01:06 PM   1446208   1512348   6393472     80.87      2556    281140   6391088     23.25   6134168    104208        24      5948
06:01:11 PM   1470200   1535384   6370436     80.58      2556    280188   6391088     23.25   6102432    103288       112      5948
06:01:16 PM   1516320   1581508   6324312     80.00      2556    280188   6391088     23.25   6058748    103288       132      5948
06:01:21 PM   1540456   1605636   6300184     79.69      2556    280180   6391088     23.25   6033132    103288       132      5948
06:01:26 PM   1578792   1643964   6261856     79.21      2556    280172   6391088     23.25   6004568    103280       132      5948
06:01:31 PM   1588580   1653752   6252068     79.08      2556    280172   6391088     23.25   5990196    103280       132      5948
06:01:36 PM   1530008   1595180   6310640     79.82      2556    280172   6391088     23.25   6040016    103280        20      5948
06:01:41 PM   1529504   1594924   6310896     79.83      2556    280520   6391088     23.25   6040016    103528        20      5948
06:01:46 PM   1477796   1543428   6362392     80.48      2556    280632   6391088     23.25   6101836    103740       112      5948
06:01:51 PM   1480220   1545852   6359968     80.45      2556    280632   6391088     23.25   6101836    103740       132      5948
06:01:56 PM   1476208   1541840   6363980     80.50      2556    280632   6391088     23.25   6101904    103740       132      5948
06:02:01 PM   1476208   1541840   6363980     80.50      2556    280640   6391088     23.25   6101904    103740       140      5948
06:02:06 PM   1469552   1535192   6370628     80.58      2556    280640   6391088     23.25   6102028    103748       140      5948
06:02:11 PM   1469552   1535192   6370628     80.58      2556    280640   6391088     23.25   6102028    103748        28      5948
06:02:16 PM   1469240   1535152   6370668     80.58      2556    280912   6391088     23.25   6102064    104020        28      5948
06:02:21 PM   1469240   1535152   6370668     80.58      2556    281024   6391088     23.25   6102064    104020       112      5948
06:02:26 PM   1471216   1537240   6368580     80.56      2556    281024   6391088     23.25   6102428    104132       132      5948
06:02:31 PM   1471216   1537240   6368580     80.56      2556    281024   6391088     23.25   6102428    104132       132      5948
06:02:36 PM   1469356   1535380   6370440     80.58      2556    281024   6391088     23.25   6102748    104132       132      5948
06:02:41 PM   1469456   1535480   6370340     80.58      2556    281024   6391088     23.25   6102684    104132       132      5948
06:02:46 PM   1469456   1535480   6370340     80.58      2556    281024   6391088     23.25   6102684    104132        20      5948
06:02:51 PM   1468952   1535224   6370596     80.58      2556    281344   6391088     23.25   6102684    104380        20      5948
06:02:56 PM   1468952   1535224   6370596     80.58      2556    281456   6391088     23.25   6102684    104380       112      5948
06:03:01 PM   1468952   1535408   6370412     80.58      2556    281456   6391088     23.25   6102684    104564       132      5948
06:03:06 PM   1468952   1535408   6370412     80.58      2556    281456   6391088     23.25   6102684    104564       132      5948
06:03:11 PM   1468552   1535008   6370812     80.58      2556    281456   6391088     23.25   6102876    104564       132      5948
06:03:16 PM   1468552   1535008   6370812     80.58      2556    281460   6391088     23.25   6102876    104564       136      5948
06:03:21 PM   1468552   1535012   6370808     80.58      2556    281460   6391088     23.25   6102960    104568        24      5948
06:03:26 PM   1468300   1535008   6370812     80.58      2556    281732   6391088     23.25   6102960    104816        24      5948
06:03:31 PM   1467640   1534372   6371448     80.59      2556    281844   6391088     23.25   6103308    104840       112      5948
06:03:36 PM   1467640   1534372   6371448     80.59      2556    281844   6391088     23.25   6103308    104840       132      5948
06:03:41 PM   1467640   1534484   6371336     80.59      2556    281844   6391088     23.25   6103308    104952       132      5948
06:03:46 PM   1467640   1534484   6371336     80.59      2556    281844   6391088     23.25   6103308    104952       132      5948
06:03:51 PM   1467640   1534484   6371336     80.59      2556    281844   6391088     23.25   6103352    104952       132      5948
06:03:56 PM   1467640   1534484   6371336     80.59      2556    281844   6391088     23.25   6103352    104952        20      5948
06:04:01 PM   1468176   1535268   6370552     80.58      2556    282164   6391088     23.25   6103360    105200        20      5948
06:04:06 PM   1473564   1540656   6365164     80.51      2556    282276   6391088     23.25   6096832    105200       112      5948
06:04:11 PM   1538044   1605312   6300508     79.69      2556    282268   6391088     23.25   6042396    105376       132      5948
06:04:16 PM   1548888   1615144   6290676     79.57      2556    281260   6391088     23.25   6019112    104364       136      5948
06:04:21 PM   1579892   1645564   6260256     79.19      2556    280672   6391088     23.25   5998456    103744       136      5948
06:04:26 PM   1599200   1664872   6240948     78.94      2556    280672   6391088     23.25   5965764    103744       136      5948
06:04:31 PM   1614944   1680616   6225204     78.74      2556    280724   6391088     23.25   5947496    103744       188      5948
06:04:36 PM   1602228   1668140   6237680     78.90      2556    281156   6391088     23.25   5974164    103988       188      5948
06:04:41 PM   1601240   1667536   6238284     78.91      2556    281300   6391088     23.25   5974060    104372       308      5948
06:04:46 PM   1601240   1667536   6238284     78.91      2556    281296   6391088     23.25   5974060    104372       324      5948
06:04:51 PM   1601240   1667572   6238248     78.91      2556    281332   6391088     23.25   5974060    104408       324      5948
06:04:56 PM   1601240   1667568   6238252     78.91      2556    281328   6391088     23.25   5974060    104404       320      5948
06:05:01 PM   1601240   1667568   6238252     78.91      2556    281328   6391088     23.25   5974060    104404        20      5948
06:05:06 PM   1601240   1667568   6238252     78.91      2556    281328   6391088     23.25   5974060    104404        20      5948
06:05:11 PM   1600140   1666884   6238936     78.92      2556    281744   6391088     23.25   5974064    104820        20      5948
06:05:16 PM   1600140   1666884   6238936     78.92      2556    281856   6391088     23.25   5974064    104820       112      5948
06:05:21 PM   1600140   1667000   6238820     78.91      2556    281860   6391088     23.25   5974064    104936       136      5948
06:05:26 PM   1600140   1667000   6238820     78.91      2556    281860   6391088     23.25   5974064    104936       136      5948
06:05:31 PM   1600140   1667000   6238820     78.91      2556    281860   6391088     23.25   5974064    104936       136      5948
06:05:36 PM   1600140   1667000   6238820     78.91      2556    281860   6391088     23.25   5974064    104936       136      5948
06:05:41 PM   1599776   1666644   6239176     78.92      2556    281868   6391088     23.25   5974088    104944        32      5948
06:05:46 PM   1599536   1666660   6239160     78.92      2556    282140   6391088     23.25   5974088    105192        32      5948
06:05:51 PM   1599516   1666780   6239040     78.92      2556    282256   6391088     23.25   5974100    105332       112      5948
06:05:56 PM   1601700   1668964   6236856     78.89      2556    282256   6391088     23.25   5974100    105332       132      5948
06:06:01 PM   1601700   1668964   6236856     78.89      2556    282256   6391088     23.25   5974100    105332       132      5948
06:06:06 PM   1601700   1668964   6236856     78.89      2556    282256   6391088     23.25   5974100    105332       132      5948
06:06:11 PM   1599952   1667212   6238608     78.91      2556    282264   6391112     23.26   5974604    105340       132      5948
06:06:16 PM   1599952   1667224   6238596     78.91      2556    282264   6391112     23.26   5974752    105340        20      5948
06:06:21 PM    294276    361784   7544036     95.42      2556    282756   8397324     30.56   7293232    105576        20      6120
06:06:26 PM    141484     77656   7828164     99.02        20    133836   8397324     30.56   4608620   2913704       304      5996
06:06:31 PM    125368     62284   7843536     99.21        20    135480   8397324     30.56   4610128   2913704       324      5996
06:06:36 PM    112296     48792   7857028     99.38        20    134420   8397324     30.56   4875644   2646472       324      5996
06:06:41 PM    125524     61268   7844552     99.23        20    132984   8397324     30.56   5018296   2480988       324      5996
06:06:46 PM    220804    155792   7750028     98.03        20    131432   8397324     30.56   5019336   2364784       324      5996
06:06:51 PM    160768     95020   7810800     98.80        20    129960   8397324     30.56   5630640   1927024       164      5996
06:06:56 PM    140584     75612   7830208     99.04        32    131512   8397324     30.56   5630704   1928576        20      5996
06:07:01 PM    140480     75508   7830312     99.04        32    131628   8397324     30.56   5630704   1928576       112      5996
06:07:06 PM    136256     71348   7834472     99.10        32    131628   8397324     30.56   5630708   1928704       132      5996
06:07:11 PM    136256     71348   7834472     99.10        32    131628   8397324     30.56   5630708   1928704       132      5996
06:07:16 PM    132160     67252   7838568     99.15        32    131632   8397324     30.56   5630708   1928708       136      5996
06:07:21 PM    132160     67252   7838568     99.15        32    131632   8397324     30.56   5630708   1928708       136      5996
06:07:26 PM    126016     61108   7844712     99.23        32    131632   8397324     30.56   5630708   1928708        24      5996
06:07:31 PM    126016     61232   7844588     99.23        32    131952   8397324     30.56   5630708   1928956        24      5996
06:07:36 PM    126016     61324   7844496     99.22        32    132064   8397324     30.56   5630708   1929140       112      5996
06:07:41 PM    134492     32604   7873216     99.59        20     56980   8397324     30.56   3665500   3901000       132      5224
06:07:46 PM    126504     27444   7878376     99.65        20     62908   8397324     30.56   3671224   3900876       132      5224
06:07:51 PM    122248     25268   7880552     99.68        20     66996   8397324     30.56   3675372   3900896       132      5224
06:07:56 PM    122248     25388   7880432     99.68        20     66996   8397324     30.56   3675660   3900896       132      5224
06:08:01 PM    107692     17048   7888772     99.78        20     79468   8397324     30.56   3688600   3900896        20      5224
06:08:06 PM    106624     16268   7889552     99.79        32     79996   8397324     30.56   3688780   3901308        20      5224
06:08:11 PM    106624     16268   7889552     99.79        32     80108   8397324     30.56   3688780   3901308       112      5224
06:08:16 PM    106624     16380   7889440     99.79        32     80220   8397324     30.56   3688892   3901420       132      5224
06:08:21 PM    106624     16380   7889440     99.79        32     80220   8397324     30.56   3688892   3901420       132      5224
06:08:26 PM    106624     16384   7889436     99.79        32     80224   8397324     30.56   3688892   3901424       136      5224
06:08:31 PM    106624     16384   7889436     99.79        32     80224   8397324     30.56   3688892   3901424       136      5224
06:08:36 PM    106624     16384   7889436     99.79        32     80224   8397324     30.56   3688892   3901424        24      5224
06:08:41 PM    106624     16508   7889312     99.79        32     80576   8397324     30.56   3688892   3901672        24      5224
06:08:46 PM    106624     16616   7889204     99.79        32     80688   8397324     30.56   3688892   3901888       112      5224
06:08:51 PM    106624     16616   7889204     99.79        32     80688   8397324     30.56   3688892   3901888       132      5224
06:08:56 PM    106624     16616   7889204     99.79        32     80688   8397324     30.56   3688892   3901888       132      5224
06:09:01 PM    106624     16616   7889204     99.79        32     80688   8397324     30.56   3688892   3901888       132      5224
06:09:06 PM    106624     16616   7889204     99.79        32     80688   8397324     30.56   3688892   3901888       132      5224
06:09:11 PM    106624     16616   7889204     99.79        32     80688   8397324     30.56   3688892   3901888        20      5224
06:09:16 PM    106624     16752   7889068     99.79        32     80960   8397324     30.56   3688892   3902160        20      5224
06:09:21 PM    149312     62844   7842976     99.21        32     87808   8397324     30.56   3759536   3786588       112      5224
06:09:26 PM    145532     60252   7845568     99.24        32     90192   8397324     30.56   3761920   3786592       140      5224
06:09:31 PM    143528     59056   7846764     99.25        32     91912   8397324     30.56   3763472   3786684       336      5224
06:09:36 PM    143528     59108   7846712     99.25        32     91916   8397324     30.56   3763592   3786688       340      5224
06:09:41 PM    143528     59132   7846688     99.25        32     91916   8397324     30.56   3763604   3786732       340      5224
06:09:46 PM    143528     59132   7846688     99.25        32     91912   8397324     30.56   3763604   3786732       144      5224
06:09:51 PM    134960     53324   7852496     99.33        32     97536   8397324     30.56   3768688   3787168        80      5224
06:09:56 PM    176544     89952   7815868     98.86        32     87524   8644368     31.45   4954268   2570352       192      5224
06:10:01 PM    175140     88724   7817096     98.88        32     87888   8644368     31.45   4954664   2570356       212      5224
06:10:06 PM    414700    328296   7577524     95.85        32     88000   8397324     30.56   4863512   2414588       212      5224
06:10:11 PM    414960    328608   7577212     95.84        32     88000   8397324     30.56   4863608   2414500       212      5224
06:10:16 PM    414960    328608   7577212     95.84        32     88000   8397324     30.56   4863608   2414500       212      5224
06:10:21 PM    414960    328732   7577088     95.84        32     88356   8397324     30.56   4863608   2414752        24      5224
06:10:26 PM    414960    328732   7577088     95.84        32     88356   8397324     30.56   4863608   2414752        24      5224
06:10:31 PM    414960    328784   7577036     95.84        32     88468   8397324     30.56   4863608   2414856       112      5224
06:10:36 PM    414960    328784   7577036     95.84        32     88468   8397324     30.56   4863608   2414856       132      5224
06:10:41 PM    414960    329012   7576808     95.84        32     88812   8397324     30.56   4863952   2414968       132      5224
06:10:46 PM    336084    250196   7655624     96.84        32     88928   8397324     30.56   4944708   2414972       132      5224
06:10:51 PM    331988    246100   7659720     96.89        32     88928   8397324     30.56   4946736   2412944        20      5224
06:10:56 PM    331764    245876   7659944     96.89        32     88928   8397324     30.56   4946744   2412944        20      5224
06:11:01 PM    323320    237556   7668264     97.00        32     89316   8397324     30.56   4952124   2407816        24      5224
06:11:06 PM    322816    237072   7668748     97.00        32     89428   8397324     30.56   4952124   2407852       116      5224
06:11:11 PM    314440    233560   7672260     97.05        32     99056   8397324     30.56   4972400   2399976       132      5224
06:11:16 PM    313432    232776   7673044     97.06        32     99516   8397324     30.56   4973012   2400008       132      5224
06:11:21 PM    309104    228508   7677312     97.11        32     99516   8397324     30.56   4978748   2394468       132      5224
06:11:26 PM    309104    228508   7677312     97.11        32     99564   8397324     30.56   4978748   2394468       132      5224
06:11:31 PM    310168    229596   7676224     97.10        32     99564   8397324     30.56   4984336   2388928        20      5224
06:11:36 PM    309692    229244   7676576     97.10        32     99900   8397324     30.56   4984336   2389176        20      5224
06:11:41 PM    306980    226632   7679188     97.13        32    100012   8397324     30.56   4990984   2382728       112      5224
06:11:46 PM    307228    226880   7678940     97.13        32    100012   8397324     30.56   4990984   2382728       132      5224
06:11:51 PM    306324    226276   7679544     97.14        32    100612   8397324     30.56   4991584   2382728       132      5224
06:11:56 PM    306468    226420   7679400     97.14        32    100616   8397324     30.56   4991584   2382728       136      5224
06:12:01 PM    306464    226420   7679400     97.14        32    100616   8397324     30.56   4991632   2382732       136      5224
06:12:06 PM    306464    226420   7679400     97.14        32    100616   8397324     30.56   4991632   2382732        24      5224
06:12:11 PM    123664     42248   7863572     99.47        32     97868   8397324     30.56   3266832   4300456        24      5220
06:12:16 PM    120008     38608   7867212     99.51        32     97900   8397324     30.56   3266892   4300356       112      5220
06:12:21 PM    119252     38152   7867668     99.52        32     98508   8397324     30.56   3267500   4300360       132      5224
06:12:26 PM    119252     38152   7867668     99.52        32     98524   8397324     30.56   3267500   4300360       132      5224
06:12:31 PM    119252     38160   7867660     99.52        32     98524   8397324     30.56   3267516   4300360       132      5224
06:12:36 PM    119252     38160   7867660     99.52        32     98524   8397324     30.56   3267516   4300360       132      5224
06:12:41 PM    119252     38160   7867660     99.52        32     98524   8397324     30.56   3267516   4300360        20      5224
06:12:46 PM    119252     38284   7867536     99.52        32     98828   8397324     30.56   3267516   4300608        20      5224
06:12:51 PM    119252     38312   7867508     99.52        32     98940   8397324     30.56   3267516   4300664       112      5224
06:12:56 PM    119252     38368   7867452     99.51        32     98960   8397324     30.56   3267516   4300776       132      5224
06:13:01 PM    119252     38380   7867440     99.51        32     98960   8397324     30.56   3267536   4300776       132      5224
06:13:06 PM    119252     38380   7867440     99.51        32     98968   8397324     30.56   3267536   4300776       140      5224
06:13:11 PM    119252     38380   7867440     99.51        32     98968   8397324     30.56   3267536   4300776       140      5224
06:13:16 PM    119252     38384   7867436     99.51        32     98968   8397324     30.56   3267536   4300784        28      5224
06:13:21 PM    119000     38300   7867520     99.52        32     99304   8397324     30.56   3267536   4301120        28      5224
06:13:26 PM    118508     37808   7868012     99.52        32     99420   8397324     30.56   3267536   4301124       112      5224
06:13:31 PM    118508     37824   7867996     99.52        32     99420   8397324     30.56   3267536   4301156       132      5224
06:13:36 PM    118508     37864   7867956     99.52        32     99424   8397324     30.56   3267536   4301236       136      5224
06:13:41 PM    118508     37928   7867892     99.52        32     99588   8397324     30.56   3267660   4301236       136      5224
06:13:46 PM    151272     70320   7835500     99.11        32     98800   8397324     30.56   3528424   4034920       136      5224
06:13:51 PM    151272     70320   7835500     99.11        32     98800   8397324     30.56   3528424   4034920        24      5224
06:13:56 PM    151020     70252   7835568     99.11        32     99216   8397324     30.56   3528424   4035292        24      5224
06:14:01 PM    150516     69772   7836048     99.12        32     99328   8397324     30.56   3528524   4035336       112      5224
06:14:06 PM    150516     69828   7835992     99.12        32     99328   8397324     30.56   3528528   4035448       132      5224
06:14:11 PM    150516     69828   7835992     99.12        32     99328   8397324     30.56   3528528   4035448       132      5224
06:14:16 PM    150516     69828   7835992     99.12        32     99328   8397324     30.56   3528528   4035448       132      5224
06:14:21 PM    150516     69828   7835992     99.12        32     99328   8397324     30.56   3528528   4035448       132      5224
06:14:26 PM    150516     69828   7835992     99.12        32     99328   8397324     30.56   3528540   4035448        20      5224
06:14:31 PM    150264     69700   7836120     99.12        32     99700   8397324     30.56   3528540   4035696       184      5224
06:14:36 PM    150012     69580   7836240     99.12        32     99844   8397324     30.56   3528592   4035960       308      5224
06:14:41 PM    150012     69580   7836240     99.12        32     99844   8397324     30.56   3528592   4035960       328      5224
06:14:46 PM    150012     69580   7836240     99.12        32     99840   8397324     30.56   3528592   4035960       324      5224
06:14:51 PM    150012     69580   7836240     99.12        32     99872   8397324     30.56   3528592   4035960       320      5224
06:14:56 PM    150012     69596   7836224     99.12        32     99872   8397324     30.56   3528600   4035992       320      5224
06:15:01 PM    150012     69656   7836164     99.12        32    100032   8397324     30.56   3528600   4036116        20      5224
06:15:06 PM    150012     69676   7836144     99.12        32    100032   8397324     30.56   3528600   4036152        20      5224
06:15:11 PM    148248     68656   7837164     99.13        32    101724   8397324     30.56   3530088   4036152       112      5224
06:15:16 PM    151340     67096   7838724     99.15        32     92208   8644368     31.45   4814760   2749312       132      5216
06:15:21 PM    150532     66288   7839532     99.16        32     92252   8644368     31.45   4814760   2749312       132      5216
06:15:26 PM    382928    299064   7606756     96.22        32     92968   8397324     30.56   4617044   2700744       132      5216
06:15:31 PM    382756    298976   7606844     96.22        32     93140   8397324     30.56   4617044   2700916       132      5216
06:15:36 PM    382172    298460   7607360     96.22        32     93272   8397324     30.56   4617044   2701048        20      5216
06:15:41 PM    382172    298460   7607360     96.22        32     93272   8397324     30.56   4617044   2701048        20      5216
06:15:46 PM    382172    298516   7607304     96.22        32     93384   8397324     30.56   4617044   2701160       112      5216
06:15:51 PM    382172    298516   7607304     96.22        32     93384   8397324     30.56   4617044   2701160       132      5216
06:15:56 PM    381980    298324   7607496     96.23        32     93384   8397324     30.56   4617048   2701160       132      5216
06:16:01 PM    381948    298292   7607528     96.23        32     93384   8397324     30.56   4617048   2701160       132      5216
06:16:06 PM    381948    298292   7607528     96.23        32     93384   8397324     30.56   4617052   2701160       132      5216
06:16:11 PM    381600    297944   7607876     96.23        32     93388   8397324     30.56   4616536   2701160       136      5216
06:16:16 PM    381224    297748   7608072     96.23        32     93748   8397324     30.56   4617088   2701520        24      5216
06:16:21 PM    381224    297748   7608072     96.23        32     93860   8397324     30.56   4617088   2701520       112      5216
06:16:26 PM    381224    297808   7608012     96.23        32     93864   8397324     30.56   4617088   2701636       136      5216
06:16:31 PM    381224    297808   7608012     96.23        32     93864   8397324     30.56   4617088   2701636       136      5216
06:16:36 PM    379460    296476   7609344     96.25        32     94732   8397324     30.56   4617956   2701636       136      5216
06:16:41 PM    141924     41712   7864108     99.47        20     61812   8397324     30.56   1088856   5984980        96      5000
06:16:46 PM    230284    140576   7765244     98.22        20     82196   8397324     30.56   2153996   3597528        96      4704
06:16:51 PM    133816     40820   7865000     99.48        32     75368   8397324     30.56   3697348   2193988        28      4716
06:16:56 PM    133816     40840   7864980     99.48        32     75368   8397324     30.56   3697400   2193988        28      4716
06:17:01 PM    133060     40456   7865364     99.49        32     76124   8397324     30.56   3698144   2193988        28      4716
06:17:06 PM    132052     39452   7866368     99.50        32     76124   8397324     30.56   3698220   2193988        28      4716
06:17:11 PM    132052     39452   7866368     99.50        32     76124   8397324     30.56   3698220   2193988        28      4716
06:17:16 PM    132052     39452   7866368     99.50        32     76168   8397324     30.56   3698372   2193988        28      4716
06:17:21 PM    135432     45432   7860388     99.43        32     81324   8397324     30.56   4928536   1907308       112      4720
06:17:26 PM    143180     53180   7852640     99.33        32     81324   8397324     30.56   5583624   1907308       132      4720
06:17:31 PM    142928     52928   7852892     99.33        32     81324   8397324     30.56   5583648   1907308       132      4720
06:17:36 PM    142676     52676   7853144     99.33        32     81328   8397324     30.56   5583656   1907308       132      4724
06:17:41 PM    142676     52676   7853144     99.33        32     81328   8397324     30.56   5583720   1907308       132      4724
06:17:46 PM    142676     52676   7853144     99.33        32     81328   8397324     30.56   5583756   1907308       132      4724
06:17:51 PM    142676     52800   7853020     99.33        32     81664   8397324     30.56   5583776   1907556        20      4724
06:17:56 PM    142424     52548   7853272     99.34        32     81760   8397324     30.56   5583776   1907556        96      4724
06:18:01 PM    137636     49068   7856752     99.38        32     84196   8397324     30.56   5589400   1907740       116      4724
06:18:06 PM    137636     49068   7856752     99.38        32     84196   8397324     30.56   5589400   1907740       116      4724
06:18:11 PM    137636     49068   7856752     99.38        32     84196   8397324     30.56   5589404   1907740       116      4724
06:18:16 PM    137636     49068   7856752     99.38        32     84196   8397324     30.56   5589404   1907740       116      4724
06:18:21 PM    137636     49068   7856752     99.38        32     84196   8397324     30.56   5589408   1907740        20      4724
06:18:26 PM    137636     49192   7856628     99.38        32     84468   8397324     30.56   5589412   1907988        20      4724
06:18:31 PM    137636     49264   7856556     99.38        32     84584   8397324     30.56   5589412   1908128       112      4724
06:18:36 PM    137636     49264   7856556     99.38        32     84584   8397324     30.56   5589416   1908128       132      4724
06:18:41 PM    137636     49264   7856556     99.38        32     84584   8397324     30.56   5589416   1908128       132      4724
06:18:46 PM    137636     49264   7856556     99.38        32     84588   8397324     30.56   5589416   1908128       136      4724
06:18:51 PM    137636     49264   7856556     99.38        32     84588   8397324     30.56   5589452   1908132       136      4724
06:18:56 PM    137636     49264   7856556     99.38        32     84588   8397324     30.56   5589452   1908132        24      4724
06:19:01 PM    137636     49416   7856404     99.37        32     84892   8397324     30.56   5589456   1908436        24      4724
06:19:06 PM    137636     49424   7856396     99.37        32     84988   8397324     30.56   5589460   1908452        96      4724
06:19:11 PM    137636     49464   7856356     99.37        32     84988   8397324     30.56   5589460   1908532       116      4724
06:19:16 PM    137636     49464   7856356     99.37        32     84988   8397324     30.56   5589460   1908532       116      4724
06:19:21 PM    130076     44724   7861096     99.43        32     90648   8397324     30.56   5595512   1908532       116      4724
06:19:26 PM    126548     42360   7863460     99.46        32     92956   8397324     30.56   5597920   1908532       116      4724
06:19:31 PM    125392     41540   7864280     99.47        32     93800   8397324     30.56   5598908   1908620       188      4724
06:19:36 PM    125288     41644   7864176     99.47        32     94128   8397324     30.56   5599096   1908900       188      4724
06:19:41 PM    125036     41504   7864316     99.48        32     94272   8397324     30.56   5599136   1909128       308      4724
06:19:46 PM    125036     41504   7864316     99.48        32     94268   8397324     30.56   5599172   1909128       324      4724
06:19:51 PM    183036     87960   7817860     98.89        32     70996   8397324     30.56    256696   7220412       216      4404
06:19:56 PM    175224     82744   7823076     98.95        32     76156   8397324     30.56    262072   7220408       212      4404
06:20:01 PM    174468     82008   7823812     98.96        32     76156   8397324     30.56    264464   7220408        20      4404
06:20:06 PM    174216     81756   7824064     98.97        32     76232   8397324     30.56    264464   7220408        20      4404
06:20:11 PM    174216     82004   7823816     98.96        32     76772   8397324     30.56    264560   7220816        20      4404
06:20:16 PM    173208     81056   7824764     98.97        32     76868   8397324     30.56    264668   7220828        96      4404
06:20:21 PM    173208     81096   7824724     98.97        32     76868   8397324     30.56    264696   7220908       116      4404
06:20:26 PM    173208     81104   7824716     98.97        32     76868   8397324     30.56    264696   7220924       116      4404
06:20:31 PM    171192     79956   7825864     98.99        32     78768   8397324     30.56    266428   7220928       124      4404
06:20:36 PM    152196     60636   7845184     99.23        32     77956   8644368     31.45    544812   6945680       124      4404
06:20:41 PM    151972     60412   7845408     99.24        32     77956   8644368     31.45    544824   6945680        28      4404
06:20:46 PM    391208    299772   7606048     96.21        32     78228   8397324     30.56    297856   6945928        28      4404
06:20:51 PM    391208    299772   7606048     96.21        32     78340   8397324     30.56    297856   6945928       112      4404
06:20:56 PM    386980    296952   7608868     96.24        32     81020   8397324     30.56    300548   6946064       132      4404
06:21:01 PM    386980    296952   7608868     96.24        32     81020   8397324     30.56    300548   6946064       132      4404
06:21:06 PM    386980    296952   7608868     96.24        32     81020   8397324     30.56    300552   6946064       132      4404
06:21:11 PM    386980    296952   7608868     96.24        32     81020   8397324     30.56    300552   6946064       132      4404
06:21:16 PM    380456    294204   7611616     96.28        32     88632   8397324     30.56    311424   6943000        20      4404
06:21:21 PM    380456    294328   7611492     96.28        32     88940   8397324     30.56    311424   6943248        24      4404
06:21:26 PM    380456    294388   7611432     96.28        32     89036   8397324     30.56    311492   6943308        96      4404
06:21:31 PM    380456    294388   7611432     96.28        32     89036   8397324     30.56    311492   6943308       116      4404
06:21:36 PM    380456    294436   7611384     96.28        32     89036   8397324     30.56    311496   6943404       116      4404
06:21:41 PM    380456    294436   7611384     96.28        32     89036   8397324     30.56    311496   6943404       116      4404
06:21:46 PM    380456    294436   7611384     96.28        32     89036   8397324     30.56    311496   6943404       116      4404
06:21:51 PM    380456    294436   7611384     96.28        32     89036   8397324     30.56    311496   6943404        20      4404
06:21:56 PM    380456    294560   7611260     96.27        32     89308   8397324     30.56    311500   6943652        20      4404
06:22:01 PM    380456    294560   7611260     96.27        32     89420   8397324     30.56    311560   6943652       112      4404
06:22:06 PM    380456    294628   7611192     96.27        32     89420   8397324     30.56    311584   6943788       132      4404
06:22:11 PM    380456    294628   7611192     96.27        32     89420   8397324     30.56    311584   6943788       132      4404
06:22:16 PM    380456    294628   7611192     96.27        32     89420   8397324     30.56    311584   6943788       132      4404
06:22:21 PM    380456    294628   7611192     96.27        32     89420   8397324     30.56    311584   6943788       132      4404
06:22:26 PM    380456    294628   7611192     96.27        32     89420   8397324     30.56    311584   6943788        20      4404
06:22:31 PM    380456    294752   7611068     96.27        32     89728   8397324     30.56    311584   6944036        24      4404
06:22:36 PM    380456    294828   7610992     96.27        32     89824   8397324     30.56    311600   6944192        96      4404
06:22:41 PM    380456    294828   7610992     96.27        32     89824   8397324     30.56    311600   6944192       116      4404
06:22:46 PM    380456    294828   7610992     96.27        32     89824   8397324     30.56    311608   6944192       116      4404
06:22:51 PM    380456    294828   7610992     96.27        32     89824   8397324     30.56    311608   6944192       116      4404
06:22:56 PM    380456    294840   7610980     96.27        32     89848   8397324     30.56    311632   6944192       116      4404
06:23:01 PM    380456    294840   7610980     96.27        32     89848   8397324     30.56    311632   6944192        20      4404
06:23:06 PM    380204    294732   7611088     96.27        32     90136   8397324     30.56    311636   6944480        20      4404
06:23:11 PM    379952    294480   7611340     96.28        32     90248   8397324     30.56    311636   6944480       112      4404
06:23:16 PM    379952    294536   7611284     96.27        32     90248   8397324     30.56    311636   6944592       132      4404
06:23:21 PM    379952    294536   7611284     96.27        32     90248   8397324     30.56    311636   6944592       132      4404
06:23:26 PM    379952    294536   7611284     96.27        32     90248   8397324     30.56    311636   6944592       132      4404
06:23:31 PM    379952    294536   7611284     96.27        32     90248   8397324     30.56    311636   6944592       132      4404
06:23:36 PM    379952    294536   7611284     96.27        32     90248   8397324     30.56    311636   6944592        20      4404
06:23:41 PM    379700    294408   7611412     96.28        32     90552   8397324     30.56    311636   6944840        20      4404
06:23:46 PM    379700    294484   7611336     96.28        32     90648   8397324     30.56    311636   6944992        96      4404
06:23:51 PM    379700    294484   7611336     96.28        32     90648   8397324     30.56    311636   6944992       116      4404
06:23:56 PM    379700    294484   7611336     96.28        32     90652   8397324     30.56    311636   6944992       120      4404
06:24:01 PM    379700    294488   7611332     96.28        32     90652   8397324     30.56    311672   6944996       120      4404
06:24:06 PM    379700    294488   7611332     96.28        32     90652   8397324     30.56    311676   6944996       120      4404
06:24:11 PM    379700    294488   7611332     96.28        32     90656   8397324     30.56    311676   6944996        28      4404
06:24:16 PM    370760    285688   7620132     96.39        32     90932   8397324     30.56    323964   6932988        32      4404
06:24:21 PM    370760    285736   7620084     96.39        32     91048   8397324     30.56    324016   6933084       112      4404
06:24:26 PM    370760    285744   7620076     96.39        32     91048   8397324     30.56    324044   6933100       132      4404
06:24:31 PM    369240    284236   7621584     96.40        32     91128   8397324     30.56    352480   6904992       324      4404
06:24:36 PM    369240    284236   7621584     96.40        32     91132   8397324     30.56    352480   6904992       328      4404
06:24:41 PM    367060    282084   7623736     96.43        32     91132   8397324     30.56    358628   6898904       328      4404
06:24:46 PM    367060    282084   7623736     96.43        32     91128   8397324     30.56    358628   6898904       132      4404
06:24:51 PM    366188    281340   7624480     96.44        32     91580   8397324     30.56    377876   6879908       160      4404
06:24:56 PM    366188    281392   7624428     96.44        32     91704   8397324     30.56    377876   6880016       264      4404
06:25:01 PM    369264    284576   7621244     96.40        32     91704   8397324     30.56    411580   6846528       196      4404
06:25:06 PM    369264    284576   7621244     96.40        32     91708   8397324     30.56    411580   6846528       200      4404
06:25:11 PM    365460    280776   7625044     96.45        32     91708   8397324     30.56    423076   6835036       200      4404
06:25:16 PM    365460    280776   7625044     96.45        32     91708   8397324     30.56    423076   6835036       200      4404
06:25:21 PM    367436    282876   7622944     96.42        32     92060   8397324     30.56    446620   6811768        24      4404
06:25:26 PM    367436    282876   7622944     96.42        32     92060   8397324     30.56    446620   6811768        24      4404
06:25:31 PM    367380    282928   7622892     96.42        32     92172   8397324     30.56    467284   6791352       112      4404
06:25:36 PM    379092    294640   7611180     96.27        32     92176   8397324     30.56    524204   6734344       136      4404
06:25:41 PM    370596    286144   7619676     96.38        32     92176   8397324     30.56    537088   6721552       136      4404
06:25:46 PM    370596    286144   7619676     96.38        32     92176   8397324     30.56    537088   6721552       136      4404
06:25:51 PM    123968     39516   7866304     99.50        32     92176   8644368     31.45    807936   6697676        24      4404
06:25:56 PM    161088     74468   7831352     99.06        32     87840   8891412     32.35   1725752   5754388        24      4404
06:26:01 PM    405380    318908   7586912     95.97        32     88136   8644368     31.45   1479952   5753548        24      4404
06:26:06 PM    645316    558844   7346976     92.93        32     88232   8397324     30.56   1232880   5753500        96      4404
06:26:11 PM    645316    558844   7346976     92.93        32     88232   8397324     30.56   1232880   5753500       116      4404
06:26:16 PM    643824    557392   7348428     92.95        32     88232   8397324     30.56   1232756   5753580       116      4404
06:26:21 PM    643824    557392   7348428     92.95        32     88232   8397324     30.56   1232756   5753580       116      4404
06:26:26 PM    643824    557392   7348428     92.95        32     88232   8397324     30.56   1232756   5753580       116      4404
06:26:31 PM    643824    557392   7348428     92.95        32     88236   8397324     30.56   1232756   5753580        24      4404
06:26:36 PM    643572    557236   7348584     92.95        32     88524   8397324     30.56   1232812   5753772        24      4404
06:26:41 PM    643572    557240   7348580     92.95        32     88636   8397324     30.56   1232840   5753776       112      4404
06:26:46 PM    643572    557240   7348580     92.95        32     88636   8397324     30.56   1232840   5753776       132      4404
06:26:51 PM    213412    117024   7788796     98.52        28     66584   8397324     30.56   1630072   5869740       132      2332
06:26:56 PM    212432    116060   7789760     98.53        28     66584   8397324     30.56   1630524   5869772       132      2332
06:27:01 PM    209652    115448   7790372     98.54        28     70868   8397324     30.56   1635328   5867704       132      2332
06:27:06 PM    201364    110924   7794896     98.60        28     78440   8397324     30.56   1642892   5867704        20      2332
06:27:11 PM    207128    116872   7788948     98.52        28     78744   8397324     30.56   1643096   5865940        20      2332
06:27:16 PM    206652    116396   7789424     98.53        28     78840   8397324     30.56   1643096   5865940        96      2332
06:27:21 PM    206412    116156   7789664     98.53        28     78840   8397324     30.56   1643096   5865940       116      2332
06:27:26 PM    206412    116156   7789664     98.53        28     78840   8397324     30.56   1643096   5865940       116      2332
06:27:31 PM    205896    115640   7790180     98.54        28     78840   8397324     30.56   1643096   5865940       116      2332
06:27:36 PM    197304    107908   7797912     98.64        28     80476   8397324     30.56   5312940   2181108       116      2316
06:27:41 PM    196576    107180   7798640     98.64        28     80480   8397324     30.56   5313060   2181108        20      2320
06:27:46 PM    196100    106828   7798992     98.65        28     80752   8397324     30.56   5313060   2181356        20      2320
06:27:51 PM    194840    105568   7800252     98.66        28     80864   8397324     30.56   5313068   2181356       112      2320
06:27:56 PM    194588    105332   7800488     98.67        28     80872   8397324     30.56   5313108   2181360       140      2320
06:28:01 PM    194084    104976   7800844     98.67        28     81108   8397324     30.56   5313480   2181484       140      2320
06:28:06 PM    194084    104976   7800844     98.67        28     81108   8397324     30.56   5313480   2181484       140      2320
06:28:11 PM    194084    104976   7800844     98.67        28     81108   8397324     30.56   5313480   2181484       140      2320
06:28:16 PM    200868    111792   7794028     98.59        28     81108   8397324     30.56   5314788   2179528        28      2320
06:28:21 PM    198376    109420   7796400     98.62        28     81412   8397324     30.56   5314828   2179772        28      2320
06:28:26 PM    200872    112004   7793816     98.58        28     81508   8397324     30.56   5316564   2177664        96      2320
06:28:31 PM    200368    111500   7794320     98.59        28     81508   8397324     30.56   5316564   2177664       116      2320
06:28:36 PM    195328    106460   7799360     98.65        28     81512   8397324     30.56   5316564   2177664       120      2320
06:28:41 PM    195328    106460   7799360     98.65        28     81512   8397324     30.56   5316564   2177664       120      2320
06:28:46 PM    195328    106460   7799360     98.65        28     81512   8397324     30.56   5316564   2177664       120      2320
06:28:51 PM    195076    106208   7799612     98.66        28     81512   8397324     30.56   5316568   2177668        24      2320
06:28:56 PM    195076    106332   7799488     98.66        28     81784   8397324     30.56   5316568   2177916        24      2320
06:29:01 PM    194824    106080   7799740     98.66        28     81896   8397324     30.56   5316616   2177868       112      2320
06:29:06 PM    176716     71984   7833836     99.09        28     48660   8397324     30.56   3386028   4066564       136       256
06:29:11 PM    175988     71316   7834504     99.10        28     48800   8397324     30.56   3386096   4066620       136       256
06:29:16 PM    175764     71092   7834728     99.10        28     48800   8397324     30.56   3386096   4066620       136       256
06:29:21 PM    239080    140804   7765016     98.22        28     61500   8397324     30.56   3442376   3952180       136       256
06:29:26 PM    217924    124036   7781784     98.43        28     70348   8397324     30.56   3451324   3952200        24       256
06:29:31 PM    227604    136532   7769288     98.27        28     76080   8397324     30.56   3480600   3925108       188       256
06:29:36 PM    226876    135932   7769888     98.28        28     76336   8397324     30.56   3480816   3925204       292       256
06:29:41 PM    238692    147832   7757988     98.13        28     76332   8397324     30.56   3496852   3908080       312       256
06:29:46 PM    238468    147608   7758212     98.13        28     76328   8397324     30.56   3496852   3908080       308       256
06:29:51 PM    237460    146868   7758952     98.14        28     77000   8397324     30.56   3497352   3908124       296       256
06:29:56 PM    237460    146868   7758952     98.14        28     77000   8397324     30.56   3497352   3908124       296       256
06:30:01 PM    231864    141396   7764424     98.21        28     77192   8397324     30.56   3510948   3894840        20       256
06:30:06 PM    232056    141588   7764232     98.21        28     77240   8397324     30.56   3511100   3894692        20       256
06:30:11 PM    231804    141400   7764420     98.21        28     77352   8397324     30.56   3511148   3894768       112       256
06:30:16 PM    231804    141400   7764420     98.21        28     77352   8397324     30.56   3511148   3894768       132       256
06:30:21 PM    231804    141400   7764420     98.21        28     77352   8397324     30.56   3511148   3894768       132       256
06:30:26 PM    231804    141400   7764420     98.21        28     77352   8397324     30.56   3511148   3894768       132       256
06:30:31 PM    231632    141312   7764508     98.21        28     77524   8397324     30.56   3511148   3894940       132       256
06:30:36 PM    231552    141272   7764548     98.21        28     77608   8397324     30.56   3511148   3895016        20       256
06:30:41 PM    227456    137176   7768644     98.26        28     77608   8397324     30.56   3513276   3893124        20       256
06:30:46 PM    227128    136884   7768936     98.27        28     77704   8397324     30.56   3521120   3885116        96       256
06:30:51 PM    227128    136892   7768928     98.27        28     77704   8397324     30.56   3521124   3885132       116       256
06:30:56 PM    233712    143540   7762280     98.18        28     77704   8397324     30.56   3537824   3867332       116       256
06:31:01 PM    233680    143508   7762312     98.18        28     77704   8397324     30.56   3537824   3867332       116       256
06:31:06 PM    237088    147348   7758472     98.14        28     78672   8397324     30.56   3554400   3851536       116       256
06:31:11 PM    132156     42464   7863356     99.46        28     78668   8644368     31.45   3875904   3624500       116       256
06:31:16 PM    128404     38860   7866960     99.51        28     78960   8644368     31.45   3878732   3624776        20       256
06:31:21 PM    376332    286788   7619032     96.37        28     79076   8397324     30.56   3631720   3624776       112       256
06:31:26 PM    368140    278652   7627168     96.48        28     79076   8397324     30.56   3637872   3618744       132       256
06:31:31 PM    368140    278652   7627168     96.48        28     79076   8397324     30.56   3637872   3618744       132       256
06:31:36 PM    380424    290940   7614880     96.32        28     79080   8397324     30.56   3649624   3605448       136       256
06:31:41 PM    379428    289944   7615876     96.33        28     79096   8397324     30.56   3649624   3605448       152       256
06:31:46 PM    388624    299148   7606672     96.22        28     79096   8397324     30.56   3651504   3603584        40       256
06:31:51 PM    388120    298768   7607052     96.22        28     79416   8397324     30.56   3651504   3603832        40       256
06:31:56 PM    387616    298324   7607496     96.23        28     79512   8397324     30.56   3651556   3603904        96       256
06:32:01 PM    387364    298072   7607748     96.23        28     79512   8397324     30.56   3651596   3603904       116       256
06:32:06 PM    387364    298072   7607748     96.23        28     79512   8397324     30.56   3651596   3603904       116       256
06:32:11 PM    387364    298072   7607748     96.23        28     79512   8397324     30.56   3651596   3603904       116       256
06:32:16 PM    387364    298072   7607748     96.23        28     79512   8397324     30.56   3651596   3603904       116       256
06:32:21 PM    387364    298072   7607748     96.23        28     79512   8397324     30.56   3651596   3603904        20       256
06:32:26 PM    387364    298196   7607624     96.23        28     79800   8397324     30.56   3651596   3604152        20       256
06:32:31 PM    386860    297708   7608112     96.23        28     79912   8397324     30.56   3651596   3604180       112       256
06:32:36 PM    386356    297204   7608616     96.24        28     79920   8397324     30.56   3651596   3604180       132       256
06:32:41 PM    195652    106500   7799320     98.65        28     79840   8397324     30.56   4644576   2709364       132       256
06:32:46 PM    198676    109524   7796296     98.61        28     79840   8397324     30.56   4644580   2707572       132       256
06:32:51 PM    197696    108544   7797276     98.63        28     79840   8397324     30.56   4644580   2707572       132       256
06:32:56 PM    199508    110404   7795416     98.60        28     79840   8397324     30.56   4644656   2705800        20       256
06:33:01 PM    198752    109772   7796048     98.61        28     80160   8397324     30.56   4644656   2706048        20       256
06:33:06 PM    198024    109080   7796740     98.62        28     80256   8397324     30.56   4644656   2706120        96       256
06:33:11 PM    198024    109080   7796740     98.62        28     80256   8397324     30.56   4644656   2706120       116       256
06:33:16 PM    198024    109080   7796740     98.62        28     80256   8397324     30.56   4644656   2706120       116       256
06:33:21 PM    198024    109080   7796740     98.62        28     80256   8397324     30.56   4644656   2706120       116       256
06:33:26 PM    198024    109080   7796740     98.62        28     80256   8397324     30.56   4644656   2706120       116       256
06:33:31 PM    198024    109080   7796740     98.62        28     80256   8397324     30.56   4644656   2706120        20       256
06:33:36 PM    198024    109204   7796616     98.62        28     80544   8397324     30.56   4644656   2706368        20       256
06:33:41 PM    197520    108776   7797044     98.62        28     80656   8397324     30.56   4644660   2706524       112       256
06:33:46 PM    197520    108776   7797044     98.62        28     80656   8397324     30.56   4644660   2706524       132       256
06:33:51 PM    197520    108776   7797044     98.62        28     80656   8397324     30.56   4644660   2706524       132       256
06:33:56 PM    197520    108776   7797044     98.62        28     80656   8397324     30.56   4644660   2706524       132       256
06:34:01 PM    200504    111760   7794060     98.59        28     80656   8397324     30.56   4644660   2704732       132       256
06:34:06 PM    200028    111284   7794536     98.59        28     80656   8397324     30.56   4644660   2704732        20       256
06:34:11 PM    200988    112452   7793368     98.58        28     80976   8397324     30.56   4644660   2703352        20       256
06:34:16 PM    200008    111472   7794348     98.59        28     81076   8397324     30.56   4644660   2703356        96       256
06:34:21 PM    200008    111472   7794348     98.59        28     81076   8397324     30.56   4644660   2703356       116       256
06:34:26 PM    199504    111008   7794812     98.60        28     81076   8397324     30.56   4644668   2703436       116       256
06:34:31 PM    195724    108692   7797128     98.63        28     84056   8397324     30.56   4647600   2703436       284       256
06:34:36 PM    195500    108468   7797352     98.63        28     84088   8397324     30.56   4647600   2703436       316       256
06:34:41 PM    195500    108476   7797344     98.63        28     84088   8397324     30.56   4647600   2703452       140       256
06:34:46 PM    194996    108168   7797652     98.63        28     84456   8397324     30.56   4647632   2703840       140       256
06:34:51 PM    194996    108280   7797540     98.63        28     84652   8397324     30.56   4647636   2704064       252       256
06:34:56 PM    194996    108280   7797540     98.63        28     84680   8397324     30.56   4647636   2704064       300       256
06:35:01 PM    194996    108296   7797524     98.63        28     84680   8397324     30.56   4647636   2704096       212       256
06:35:06 PM    194996    108296   7797524     98.63        28     84680   8397324     30.56   4647636   2704096       212       256
06:35:11 PM    194996    108296   7797524     98.63        28     84680   8397324     30.56   4647636   2704096       212       256
06:35:16 PM    197768    111068   7794752     98.60        28     84680   8397324     30.56   4647716   2702304        20       256
06:35:21 PM    194996    108480   7797340     98.63        28     85072   8397324     30.56   4647716   2702676        28       256
06:35:26 PM    198748    112260   7793560     98.58        28     85168   8397324     30.56   4647716   2700936        96       256
06:35:31 PM    198716    112228   7793592     98.58        28     85168   8397324     30.56   4647716   2700936       116       256
06:35:36 PM    196700    110212   7795608     98.61        28     85168   8397324     30.56   4647716   2700936       116       256
06:35:41 PM    196700    110212   7795608     98.61        28     85168   8397324     30.56   4647716   2700936       116       256
06:35:46 PM    196700    110212   7795608     98.61        28     85168   8397324     30.56   4647716   2700936       116       256
06:35:51 PM    192668    106180   7799640     98.66        28     85168   8397324     30.56   4647716   2700936        20       256
06:35:56 PM    192444    106140   7799680     98.66        28     85456   8397324     30.56   4647720   2701304        20       256
06:36:01 PM    191940    105652   7800168     98.66        28     85568   8397324     30.56   4647776   2701336       112       256
06:36:06 PM    191940    105652   7800168     98.66        28     85568   8397324     30.56   4647776   2701336       132       256
06:36:11 PM    191940    105652   7800168     98.66        28     85568   8397324     30.56   4647776   2701336       132       256
06:36:16 PM    190980    104728   7801092     98.68        28     85568   8397324     30.56   4647572   2701416       132       256
06:36:21 PM    190980    104728   7801092     98.68        28     85568   8397324     30.56   4647692   2701416       132       256
06:36:26 PM    200456    114204   7791616     98.56        28     85568   8397324     30.56   4647692   2699624        20       256
06:36:31 PM    169132     83020   7822800     98.95        28     85888   8644368     31.45   5106608   2192960        20       256
06:36:36 PM    171464     85384   7820436     98.92        28     85984   8644368     31.45   5107164   2191132        96       256
06:36:41 PM    412844    326812   7579008     95.87        28     85984   8397324     30.56   4860256   2191080       116       256
06:36:46 PM    412844    326812   7579008     95.87        28     85984   8397324     30.56   4860256   2191080       116       256
06:36:51 PM     92932      6900   7898920     99.91        28     85988   8397324     30.56   5968804   1508296       120       256
06:36:56 PM    146960     41628   7864192     99.47        28     47808   8397324     30.56   2157820   5403020       116       212
06:37:01 PM    139620     34372   7871448     99.57        28     47936   8397324     30.56   2160152   5403020       116       212
06:37:06 PM    139368     34312   7871508     99.57        28     48224   8397324     30.56   2160212   5403380        20       212
06:37:11 PM    139368     34312   7871508     99.57        28     48224   8397324     30.56   2160212   5403380        20       212
06:37:16 PM    139368     34744   7871076     99.56        28     49192   8397324     30.56   2161080   5403380        20       212
06:37:21 PM    139144     34520   7871300     99.56        28     49192   8397324     30.56   2161080   5403380        20       212
06:37:26 PM    138892     34288   7871532     99.57        28     49304   8397324     30.56   2161124   5403420       112       212
06:37:31 PM    138892     34288   7871532     99.57        28     49304   8397324     30.56   2161124   5403420       132       212
06:37:36 PM    138892     34288   7871532     99.57        28     49304   8397324     30.56   2161124   5403420       132       212
06:37:41 PM    142644     38072   7867748     99.52        28     49256   8397324     30.56   3306528   4247396       132       212
06:37:46 PM    137952     33384   7872436     99.58        28     49260   8397324     30.56   3311104   4242800       136       212
06:37:51 PM    156020     51380   7854440     99.35        28     49020   8397324     30.56   3311280   4242488       136       212
06:37:56 PM    147352     42836   7862984     99.46        28     49276   8397324     30.56   3311280   4242736        24       212
06:38:01 PM    148784     45704   7860116     99.42        28     52140   8397324     30.56   3314364   4242604        96       212
06:38:06 PM    148308     45228   7860592     99.43        28     52140   8397324     30.56   3314376   4242604       116       212
06:38:11 PM    147552     44472   7861348     99.44        28     52144   8397324     30.56   3314376   4242604       120       212
06:38:16 PM    206380     99976   7805844     98.74        28     45464   8397324     30.56   5403120   2085104       120       204
06:38:21 PM    137272     25712   7880108     99.67        16     35224   8397324     30.56   5895264   1667236       120       208
06:38:26 PM    137032     25472   7880348     99.68        16     35224   8397324     30.56   5895264   1667236       120       208
06:38:31 PM    137032     27208   7878612     99.66        28     38784   8397324     30.56   5898536   1667436        24       208
06:38:36 PM    117628     15412   7890408     99.81        28     54072   8397324     30.56   5913540   1667668       112       208
06:38:41 PM    117628     15412   7890408     99.81        28     54072   8397324     30.56   5913540   1667668       132       208
06:38:46 PM    118268     16052   7889768     99.80        28     54072   8397324     30.56   5916980   1664228       132       208
06:38:51 PM    117808     15588   7890232     99.80        28     54072   8397324     30.56   5917048   1664156       132       208
06:38:56 PM    117808     15588   7890232     99.80        28     54072   8397324     30.56   5917048   1664156       132       208
06:39:01 PM    230436    128308   7777512     98.38        28     54220   8397324     30.56   5920328   1559948        20       208
06:39:06 PM    230664    128572   7777248     98.37        28     54184   8397324     30.56   5920392   1559792        28       208
06:39:11 PM    250320    148228   7757592     98.13        28     54280   8397324     30.56   5920456   1553772        96       208
06:39:16 PM    249688    147680   7758140     98.13        28     54280   8397324     30.56   5920392   1553820       116       208
06:39:21 PM    239356    141504   7764316     98.21        28     62628   8397324     30.56   5928904   1553820       116       208
06:39:26 PM    231040    134352   7771468     98.30        28     64996   8397324     30.56   5931412   1553820       120       208
06:39:31 PM    230352    134948   7770872     98.29        28     67752   8397324     30.56   5934348   1553852       284       208
06:39:36 PM    230284    135016   7770804     98.29        28     67844   8397324     30.56   5934700   1553920       188       208
06:39:41 PM    229608    134516   7771304     98.30        28     68164   8397324     30.56   5934748   1554268       140       208
06:39:46 PM    229528    134500   7771320     98.30        28     68352   8397324     30.56   5934780   1554400       304       208
06:39:51 PM    229528    134556   7771264     98.30        28     68480   8397324     30.56   5934780   1554512       212       208
06:39:56 PM    229528    134556   7771264     98.30        28     68480   8397324     30.56   5934780   1554512       212       208
06:40:01 PM    229528    134604   7771216     98.30        28     68480   8397324     30.56   5934872   1554608       212       208
06:40:06 PM    221716    127908   7777912     98.38        28     70784   8397324     30.56   5937104   1554608        40       208
06:40:11 PM    221716    127908   7777912     98.38        28     70784   8397324     30.56   5937104   1554608        20       208
06:40:16 PM    234200    140620   7765200     98.22        28     71168   8397324     30.56   5937176   1552944        20       208
06:40:21 PM    233472    139908   7765912     98.23        28     71264   8397324     30.56   5937176   1552976       100       208
06:40:26 PM    235924    142408   7763412     98.20        28     71264   8397324     30.56   5937176   1551024       116       208
06:40:31 PM    235924    142408   7763412     98.20        28     71264   8397324     30.56   5937176   1551024       116       208
06:40:36 PM    234916    141400   7764420     98.21        28     71264   8397324     30.56   5937176   1551024       116       208
06:40:41 PM    234916    141400   7764420     98.21        28     71264   8397324     30.56   5937176   1551024       116       208
06:40:46 PM    234664    141148   7764672     98.21        28     71264   8397324     30.56   5937176   1551024        20       208
06:40:51 PM    231640    138620   7767200     98.25        28     72348   8397324     30.56   5937880   1551316        24       208
06:40:56 PM    230972    137964   7767856     98.25        28     72460   8397324     30.56   5937912   1551316       112       208
06:41:01 PM    230940    137932   7767888     98.26        28     72460   8397324     30.56   5937912   1551316       132       208
06:41:06 PM    230940    137932   7767888     98.26        28     72460   8397324     30.56   5937912   1551316       132       208
06:41:11 PM    230940    137932   7767888     98.26        28     72460   8397324     30.56   5937912   1551316       132       208
06:41:16 PM    225076    133492   7772328     98.31        28     75384   8397324     30.56   5942904   1551412       132       208
06:41:21 PM    224908    133608   7772212     98.31        28     75820   8397324     30.56   5943484   1551768        24       208
06:41:26 PM    224908    133608   7772212     98.31        28     75820   8397324     30.56   5943484   1551768        20       208
06:41:31 PM    230928    139712   7766108     98.23        28     75916   8397324     30.56   5943484   1549888        96       208
06:41:36 PM    230452    139236   7766584     98.24        28     75916   8397324     30.56   5943488   1549888       116       208
06:41:41 PM    227604    139048   7766772     98.24        28     81200   8397324     30.56   5948872   1547952       280       208
06:41:46 PM    227036    138480   7767340     98.25        28     81200   8397324     30.56   5948872   1547952       280       208
06:41:51 PM    148492     59936   7845884     99.24        28     81200   8644368     31.45   6369660   1194580       280       208
06:41:56 PM    394640    306084   7599736     96.13        28     81200   8397324     30.56   6122656   1194580       136       208
06:42:01 PM    394388    305956   7599864     96.13        28     81540   8397324     30.56   6122716   1194828       140       208
06:42:06 PM    394388    305956   7599864     96.13        28     81652   8397324     30.56   6122716   1194828       228       208
06:42:11 PM    394388    306012   7599808     96.13        28     81652   8397324     30.56   6122716   1194936       132       208
06:42:16 PM    394388    306012   7599808     96.13        28     81652   8397324     30.56   6122716   1194936       132       208
06:42:21 PM    394388    306012   7599808     96.13        28     81652   8397324     30.56   6122716   1194936       132       208
06:42:26 PM    394388    306012   7599808     96.13        28     81652   8397324     30.56   6122716   1194936       132       208
06:42:31 PM    394216    305924   7599896     96.13        28     81996   8397324     30.56   6122716   1195108       192       208
06:42:36 PM    394136    305884   7599936     96.13        28     82004   8397324     30.56   6122716   1195184        20       208
06:42:41 PM    393964    305720   7600100     96.13        28     82100   8397324     30.56   6122716   1195200        96       208
06:42:46 PM    339728    251588   7654232     96.82        28     82108   8397324     30.56   6182836   1193480       124       208
06:42:51 PM    339728    251588   7654232     96.82        28     82108   8397324     30.56   6182836   1193480       124       208
06:42:56 PM    346904    258804   7647016     96.73        28     82108   8397324     30.56   6184720   1191676       124       208
06:43:01 PM    346196    258096   7647724     96.74        28     82108   8397324     30.56   6184720   1191676       124       208
06:43:06 PM    346116    258016   7647804     96.74        28     82108   8397324     30.56   6184720   1191676        28       208
06:43:11 PM    345360    257384   7648436     96.74        28     82396   8397324     30.56   6184720   1191924        28       208
06:43:16 PM    345360    257404   7648416     96.74        28     82508   8397324     30.56   6184732   1191952       112       208
06:43:21 PM    344856    256900   7648920     96.75        28     82508   8397324     30.56   6184736   1191952       132       208
06:43:26 PM    344856    256900   7648920     96.75        28     82508   8397324     30.56   6184736   1191952       132       208
06:43:31 PM    344856    256900   7648920     96.75        28     82508   8397324     30.56   6184736   1191952       132       208
06:43:36 PM    344856    256900   7648920     96.75        28     82508   8397324     30.56   6184736   1191952       132       208
06:43:41 PM    344856    256900   7648920     96.75        28     82508   8397324     30.56   6184736   1191952        20       208
06:43:46 PM    343608    255776   7650044     96.76        28     82828   8397324     30.56   6184736   1192200        20       208
06:43:51 PM    343356    255560   7650260     96.77        28     82928   8397324     30.56   6184736   1192276        96       208
06:43:56 PM    345600    257804   7648016     96.74        28     82928   8397324     30.56   6186628   1190384       116       208
06:44:01 PM    343512    255780   7650040     96.76        28     82928   8397324     30.56   6186672   1190432       116       208
06:44:06 PM    346572    258840   7646980     96.73        28     82928   8397324     30.56   6188736   1188196       116       208
06:44:11 PM    342412    254720   7651100     96.78        28     82928   8397324     30.56   6188832   1188216       116       208
06:44:16 PM    340396    252704   7653116     96.80        28     82928   8397324     30.56   6188832   1188216        20       208
06:44:21 PM    335860    248312   7657508     96.86        28     83216   8397324     30.56   6188856   1188496        20       208
06:44:26 PM    335356    247808   7658012     96.87        28     83328   8397324     30.56   6188856   1188496       112       208
06:44:31 PM    335356    247808   7658012     96.87        28     83380   8397324     30.56   6188856   1188496       300       208
06:44:36 PM    327292    239816   7666004     96.97        28     83416   8397324     30.56   6188868   1188640       336       208
06:44:41 PM    327292    239844   7665976     96.97        28     83416   8397324     30.56   6196184   1188692       340       208
06:44:46 PM    327292    239844   7665976     96.97        28     83416   8397324     30.56   6196208   1188692       340       208
06:44:51 PM    327120    239756   7666064     96.97        28     83640   8397324     30.56   6196208   1188864       200       208
06:44:56 PM    327040    239736   7666084     96.97        28     83800   8397324     30.56   6196208   1188984       148       208
06:45:01 PM    327040    239792   7666028     96.97        28     83944   8397324     30.56   6196240   1189092       144       208
06:45:06 PM    327040    239792   7666028     96.97        28     83944   8397324     30.56   6196240   1189092       164       208
06:45:11 PM    340348    253124   7652696     96.80        28     83944   8397324     30.56   6196400   1187332       164       208
06:45:16 PM    339872    252648   7653172     96.80        28     83944   8397324     30.56   6196400   1187332       164       208
06:45:21 PM    342112    254928   7650892     96.78        28     83944   8397324     30.56   6196464   1185596        20       208
06:45:26 PM    341668    254484   7651336     96.78        28     83944   8397324     30.56   6196464   1185596        20       208
06:45:31 PM    341384    254324   7651496     96.78        28     84280   8397324     30.56   6196464   1185844        20       208
06:45:36 PM    340628    253568   7652252     96.79        28     84392   8397324     30.56   6196464   1185844       112       208
06:45:41 PM    340628    253568   7652252     96.79        28     84392   8397324     30.56   6196464   1185844       132       208
06:45:46 PM    340628    253568   7652252     96.79        28     84392   8397324     30.56   6196464   1185844       132       208
06:45:51 PM    340628    253568   7652252     96.79        28     84392   8397324     30.56   6196464   1185844       132       208
06:45:56 PM    340404    253344   7652476     96.80        28     84392   8397324     30.56   6196464   1185844       132       208
06:46:01 PM    339980    253092   7652728     96.80        28     84564   8397324     30.56   6196464   1186188        20       208
06:46:06 PM    339900    253028   7652792     96.80        28     84712   8397324     30.56   6196464   1186216        20       208
06:46:11 PM    339900    253076   7652744     96.80        28     84808   8397324     30.56   6196464   1186312        96       208
06:46:16 PM    338892    252068   7653752     96.81        28     84808   8397324     30.56   6196464   1186312       116       208
06:46:21 PM    338404    251648   7654172     96.82        28     84808   8397324     30.56   6196200   1186460       116       208
06:46:26 PM    342496    255740   7650080     96.77        28     84808   8397324     30.56   6196308   1184656       116       208
06:46:31 PM    341740    254984   7650836     96.77        28     84816   8397324     30.56   6196308   1184656       124       208
06:46:36 PM    344252    257504   7648316     96.74        28     84816   8397324     30.56   6196512   1182872        28       208
06:46:41 PM    342024    255400   7650420     96.77        28     85184   8397324     30.56   6196516   1183120        28       208
06:46:46 PM    341772    255208   7650612     96.77        28     85296   8397324     30.56   6196524   1183240       112       208
06:46:51 PM    341772    255208   7650612     96.77        28     85296   8397324     30.56   6196524   1183240       132       208
06:46:56 PM    126044     36704   7869116     99.54        28     79856   8397324     30.56   3142304   4451952       136       200
06:47:01 PM    134580     43072   7862748     99.46        28     75396   8397324     30.56   3907360   3671868       136       208
06:47:06 PM    128184     36768   7869052     99.53        28     75476   8644368     31.45   3910420   3671868       136       208
06:47:11 PM    196344    102024   7803796     98.71        28     69692   8644368     31.45   5665576   1831064        28       208
06:47:16 PM    440900    346704   7559116     95.61        28     70012   8397324     30.56   5418612   1831312        28       208
06:47:21 PM    440676    346548   7559272     95.62        28     70108   8397324     30.56   5418612   1831444        96       208
06:47:26 PM    440676    346548   7559272     95.62        28     70108   8397324     30.56   5418612   1831444       116       208
06:47:31 PM    440676    346548   7559272     95.62        28     70108   8397324     30.56   5418612   1831444       116       208
06:47:36 PM    440676    346548   7559272     95.62        28     70108   8397324     30.56   5418612   1831444       116       208
06:47:41 PM    165092     71544   7834276     99.10        28     71408   8397324     30.56   5693756   1817168       116       208
06:47:46 PM    165092     71544   7834276     99.10        28     71408   8397324     30.56   5693756   1817168        20       208
06:47:51 PM    161696     57644   7848176     99.27        28     50312   8397324     30.56   1194444   6363140        20       196
06:47:56 PM    159456     55908   7849912     99.29        28     51488   8397324     30.56   1195468   6363156       112       196
06:48:01 PM    135516     41224   7864596     99.48        28     69848   8397324     30.56   1217228   6363220       132       196
06:48:06 PM    135516     41244   7864576     99.48        28     69848   8397324     30.56   1217244   6363252       132       196
06:48:11 PM    133752     39480   7866340     99.50        28     69848   8397324     30.56   1219576   6363252       132       196
06:48:16 PM    133500     39228   7866592     99.50        28     69896   8397324     30.56   1219596   6363252       132       196
06:48:21 PM    131484     37336   7868484     99.53        28     70248   8397324     30.56   1219596   6363500        20       196
06:48:26 PM    131484     37336   7868484     99.53        28     70248   8397324     30.56   1219596   6363500        20       196
06:48:31 PM    131484     37336   7868484     99.53        28     70344   8397324     30.56   1219616   6363500        96       196
06:48:36 PM    131484     37408   7868412     99.53        28     70380   8397324     30.56   1219756   6363604       116       196
06:48:41 PM    131484     37408   7868412     99.53        28     70380   8397324     30.56   1219756   6363604       116       196
06:48:46 PM    131484     37408   7868412     99.53        28     70380   8397324     30.56   1219756   6363604       116       196
06:48:51 PM    123292     29244   7876576     99.63        28     70380   8397324     30.56   1226036   6357600       116       196
06:48:56 PM    123292     29284   7876536     99.63        28     70380   8397324     30.56   1225980   6357556        20       196
06:49:01 PM    123292     29416   7876404     99.63        28     70668   8397324     30.56   1226004   6357804        20       196
06:49:06 PM    123292     29436   7876384     99.63        28     70780   8397324     30.56   1226004   6357844       112       196
06:49:11 PM    125076     31220   7874600     99.61        28     70828   8397324     30.56   1230032   6353888       132       196
06:49:16 PM    125076     31300   7874520     99.60        28     70828   8397324     30.56   1229968   6354044       132       196
06:49:21 PM    124584     30900   7874920     99.61        28     71016   8397324     30.56   1230428   6354044       132       196
06:49:26 PM    121056     28556   7877264     99.64        28     73380   8397324     30.56   1233016   6354044       132       196
06:49:31 PM    117024     25980   7879840     99.67        28     76412   8397324     30.56   1236052   6354412       180       196
06:49:36 PM    117024     26040   7879780     99.67        28     76448   8397324     30.56   1236196   6354492       216       196
06:49:41 PM    117024     26056   7879764     99.67        28     76544   8397324     30.56   1236196   6354524       292       196
06:49:46 PM    117024     26108   7879712     99.67        28     76544   8397324     30.56   1236228   6354624       312       196
06:49:51 PM    117024     26108   7879712     99.67        28     76548   8397324     30.56   1236236   6354624       316       196
06:49:56 PM    117024     26108   7879712     99.67        28     76548   8397324     30.56   1236240   6354628       316       196
06:50:01 PM    117024     26296   7879524     99.67        28     77012   8397324     30.56   1236316   6355000        28       196
06:50:06 PM    117024     26340   7879480     99.67        28     77012   8397324     30.56   1236316   6355092        28       196
06:50:11 PM    116800     26116   7879704     99.67        28     77020   8397324     30.56   1236316   6355092        36       196
06:50:16 PM    116800     26176   7879644     99.67        28     77132   8397324     30.56   1236320   6355212       112       196
06:50:21 PM    116800     26176   7879644     99.67        28     77132   8397324     30.56   1236320   6355212       132       196
06:50:26 PM    116800     26176   7879644     99.67        28     77132   8397324     30.56   1236320   6355212       132       196
06:50:31 PM    116560     25936   7879884     99.67        28     77132   8397324     30.56   1236320   6355212       132       196
06:50:36 PM    116336     25712   7880108     99.67        28     77132   8397324     30.56   1236320   6355212        20       196
06:50:41 PM    131968     40988   7864832     99.48        28     76420   8397324     30.56   1625252   5949684        20       196
06:50:46 PM    129848     39036   7866784     99.51        28     76756   8397324     30.56   1628232   5947040        20       196
06:50:51 PM    129848     39036   7866784     99.51        28     76852   8397324     30.56   1628232   5947040        96       196
06:50:56 PM    129432     38668   7867152     99.51        28     76852   8397324     30.56   1628240   5947136       116       196
06:51:01 PM    129400     38636   7867184     99.51        28     76852   8397324     30.56   1628240   5947136       116       196
06:51:06 PM    129400     38636   7867184     99.51        28     76852   8397324     30.56   1628240   5947136       116       196
06:51:11 PM    129400     38636   7867184     99.51        28     76852   8397324     30.56   1628240   5947136       116       196
06:51:16 PM    129400     38636   7867184     99.51        28     76852   8397324     30.56   1628248   5947136        20       196
06:51:21 PM    127220     37544   7868276     99.53        28     79044   8397324     30.56   1631904   5945660        24       196
06:51:26 PM    126716     37104   7868716     99.53        28     79156   8397324     30.56   1631948   5945792       112       196
06:51:31 PM    126716     37104   7868716     99.53        28     79156   8397324     30.56   1631948   5945792       132       196
06:51:36 PM    125620     36008   7869812     99.54        28     79156   8397324     30.56   1641384   5936364       132       196
06:51:41 PM    125620     36008   7869812     99.54        28     79156   8397324     30.56   1641384   5936364       132       196
06:51:46 PM    125032     35420   7870400     99.55        28     79156   8397324     30.56   1648036   5929672       132       196
06:51:51 PM    124860     35336   7870484     99.55        28     79328   8397324     30.56   1648036   5929844        20       196
06:51:56 PM    124780     35328   7870492     99.55        28     79476   8397324     30.56   1648068   5929992        20       196
06:52:01 PM    124780     35336   7870484     99.55        28     79572   8397324     30.56   1648136   5930008        96       196
06:52:06 PM    124528     35124   7870696     99.56        28     79572   8397324     30.56   1648140   5930088       116       196
06:52:11 PM    124528     35124   7870696     99.56        28     79572   8397324     30.56   1648140   5930088       116       196
06:52:16 PM    124528     35124   7870696     99.56        28     79572   8397324     30.56   1648140   5930088       116       196
06:52:21 PM    124528     35124   7870696     99.56        28     79576   8397324     30.56   1648140   5930088       120       196
06:52:26 PM    216344    125060   7780760     98.42        28     75816   8644368     31.45   4073492   3412704        24       196
06:52:31 PM    215840    124684   7781136     98.42        28     76104   8644368     31.45   4073492   3412956        24       196
06:52:36 PM    451064    359908   7545912     95.45        28     76216   8397324     30.56   3828512   3412956       112       196
06:52:41 PM    450840    359760   7546060     95.45        28     76216   8397324     30.56   3828496   3413092       132       196
06:52:46 PM    450840    359760   7546060     95.45        28     76216   8397324     30.56   3828496   3413092       132       196
06:52:51 PM    418332    327252   7578568     95.86        28     76216   8397324     30.56   3865388   3413092       132       196
06:52:56 PM    418332    327252   7578568     95.86        28     76216   8397324     30.56   3865388   3413092       132       196
06:53:01 PM    418332    327252   7578568     95.86        28     76220   8397324     30.56   3865388   3413096        24       196
06:53:06 PM    418080    327124   7578696     95.86        28     76540   8397324     30.56   3865388   3413344        24       196
06:53:11 PM    418080    327160   7578660     95.86        28     76636   8397324     30.56   3865388   3413416        96       196
06:53:16 PM    418080    327160   7578660     95.86        28     76636   8397324     30.56   3865388   3413416       116       196
06:53:21 PM    418080    327208   7578612     95.86        28     76636   8397324     30.56   3865388   3413512       116       196
06:53:26 PM    418080    327208   7578612     95.86        28     76636   8397324     30.56   3865388   3413512       116       196
06:53:31 PM    418080    327208   7578612     95.86        28     76636   8397324     30.56   3865388   3413512       116       196
06:53:36 PM    417828    326956   7578864     95.86        28     76636   8397324     30.56   3865392   3413512        20       196
06:53:41 PM    417576    326828   7578992     95.87        28     76924   8397324     30.56   3865392   3413760        20       196
06:53:46 PM    417576    326828   7578992     95.87        28     77036   8397324     30.56   3865392   3413760       112       196
06:53:51 PM    417576    326904   7578916     95.87        28     77036   8397324     30.56   3865392   3413912       132       196
06:53:56 PM    417576    326904   7578916     95.87        28     77044   8397324     30.56   3865392   3413912       140       196
06:54:01 PM    417576    326908   7578912     95.86        28     77044   8397324     30.56   3865420   3413920       140       196
06:54:06 PM    417576    326908   7578912     95.86        28     77044   8397324     30.56   3865424   3413920       140       196
06:54:11 PM    417404    326824   7578996     95.87        28     77216   8397324     30.56   3865424   3414092        24       196
06:54:16 PM    417324    326780   7579040     95.87        28     77364   8397324     30.56   3865424   3414168        28       196
06:54:21 PM    417084    326624   7579196     95.87        28     77460   8397324     30.56   3865468   3414336        96       196
06:54:26 PM    417084    326624   7579196     95.87        28     77460   8397324     30.56   3865476   3414336       116       196
06:54:31 PM    408640    318196   7587624     95.98        28     77576   8397324     30.56   3866372   3413472       168       196
06:54:36 PM    408640    318252   7587568     95.97        28     77640   8397324     30.56   3866376   3413584       312       196
06:54:41 PM    421064    330692   7575128     95.82        28     77640   8397324     30.56   3873128   3406864       312       196
06:54:46 PM    421064    330692   7575128     95.82        28     77684   8397324     30.56   3873128   3406864       180       196
06:54:51 PM    414796    324636   7581184     95.89        28     78056   8397324     30.56   3878952   3401464       184       196
06:54:56 PM    414544    324396   7581424     95.90        28     78200   8397324     30.56   3878952   3401492       304       196
06:55:01 PM    413896    323808   7582012     95.90        28     78200   8397324     30.56   3887888   3392692       212       196
06:55:06 PM    413896    323808   7582012     95.90        28     78200   8397324     30.56   3887892   3392692       212       196
06:55:11 PM    406900    316812   7589008     95.99        28     78200   8397324     30.56   3897708   3382876       212       196
06:55:16 PM    406900    316812   7589008     95.99        28     78200   8397324     30.56   3897708   3382876        20       196
06:55:21 PM    411628    321720   7584100     95.93        28     78584   8397324     30.56   3915416   3365528        20       196
06:55:26 PM    411628    321720   7584100     95.93        28     78584   8397324     30.56   3915416   3365528        20       196
06:55:31 PM    410732    320872   7584948     95.94        28     78680   8397324     30.56   3933328   3347712        96       196
06:55:36 PM    410732    320872   7584948     95.94        28     78680   8397324     30.56   3933328   3347712       116       196
06:55:41 PM    399536    309676   7596144     96.08        28     78680   8397324     30.56   3941328   3339800       116       196
06:55:46 PM    399536    309688   7596132     96.08        28     78680   8397324     30.56   3941264   3339800       116       196
06:55:51 PM    405740    315892   7589928     96.00        28     78680   8397324     30.56   3952032   3329136        20       196
06:55:56 PM    405552    315704   7590116     96.01        28     78680   8397324     30.56   3951968   3329096        20       196
06:56:01 PM    408164    318440   7587380     95.97        28     78968   8397324     30.56   3968688   3312832        20       196
06:56:06 PM    410136    320440   7585380     95.95        28     79084   8397324     30.56   3988952   3292420       112       196
06:56:11 PM    401104    311408   7594412     96.06        28     79084   8397324     30.56   3993440   3288120       132       196
06:56:16 PM    409212    319564   7586256     95.96        28     79084   8397324     30.56   4001820   3279656       132       196
06:56:21 PM    409408    320572   7585248     95.95        28     80776   8397324     30.56   4003300   3279656       132       196
06:56:26 PM    396368    307568   7598252     96.11        28     80776   8397324     30.56   4016164   3267000       132       196
06:56:31 PM    396368    307568   7598252     96.11        28     80776   8397324     30.56   4016164   3267000        20       196
06:56:36 PM    394000    305384   7600436     96.14        28     81144   8397324     30.56   4028888   3254644        20       196
06:56:41 PM    394000    305384   7600436     96.14        28     81240   8397324     30.56   4028888   3254644        96       196
06:56:46 PM    390900    302332   7603488     96.18        28     81240   8397324     30.56   4033932   3249696       116       196
06:56:51 PM    390900    302332   7603488     96.18        28     81240   8397324     30.56   4033932   3249696       116       196
06:56:56 PM    385868    297300   7608520     96.24        28     81240   8397324     30.56   4038176   3245452       116       196
06:57:01 PM    170488     65848   7839972     99.17        28     49152   8397324     30.56   1521080   5972400       116       184
06:57:06 PM    241720    137944   7767876     98.26        28     50924   8397324     30.56   1926084   5436472        20       192
06:57:11 PM    243452    147180   7758640     98.14        28     66144   8397324     30.56   1940836   5436724        20       192
06:57:16 PM    236504    140444   7765376     98.22        28     66256   8397324     30.56   1944380   5433616       112       192
06:57:21 PM    226188    134392   7771428     98.30        28     74780   8397324     30.56   1953244   5433664       180       192
06:57:26 PM    222776    130980   7774840     98.34        28     74780   8397324     30.56   1955732   5431184       180       192
06:57:31 PM    222776    130980   7774840     98.34        28     74784   8397324     30.56   1955744   5431184       184       192
06:57:36 PM    226620    134828   7770992     98.29        28     74792   8397324     30.56   1959276   5427664       192       192
06:57:41 PM    226276    135004   7770816     98.29        28     76036   8397324     30.56   1960144   5427836       204       192
06:57:46 PM    160268     69100   7836720     99.13        28     76040   8644368     31.45   2533236   4913692        32       188
06:57:51 PM    115704     24588   7881232     99.69        28     76140   8644368     31.45   2582248   4913796       100       188
06:57:56 PM    130624     39508   7866312     99.50        28     76136   8397324     30.56   3407084   4138376       116       184
06:58:01 PM    130592     39476   7866344     99.50        28     76136   8397324     30.56   3407460   4138376       116       184
06:58:06 PM    131116     40320   7865500     99.49        28     76768   8397324     30.56   3418060   4129432       364       184
06:58:11 PM    131116     40316   7865504     99.49        28     76764   8397324     30.56   3418092   4129428       360       184
06:58:16 PM    127356     36556   7869264     99.54        28     76764   8397324     30.56   3426896   4120660       152       184
06:58:21 PM    126932     36380   7869440     99.54        28     77292   8397324     30.56   3426904   4121156       152       184
06:58:26 PM    133112     42632   7863188     99.46        28     77404   8397324     30.56   3457404   4090112       244       184
06:58:31 PM    133080     42600   7863220     99.46        28     77404   8397324     30.56   3457404   4090112       264       184
06:58:36 PM    139920     49440   7856380     99.37        28     77404   8397324     30.56   3460896   4086472       132       184
06:58:41 PM    139524     49044   7856776     99.38        28     77404   8397324     30.56   3460896   4086472       132       184
06:58:46 PM    139192     48712   7857108     99.38        28     77404   8397324     30.56   3460896   4086472       132       184
06:58:51 PM    138768     48460   7857360     99.39        28     77748   8397324     30.56   3460900   4086816        20       184
06:58:56 PM    138688     48396   7857424     99.39        28     77836   8397324     30.56   3460900   4086844        20       184
06:59:01 PM    138436     48204   7857616     99.39        28     77932   8397324     30.56   3460900   4086968        96       184
06:59:06 PM    138436     48204   7857616     99.39        28     77936   8397324     30.56   3460904   4086968       120       184
06:59:11 PM    138436     48204   7857616     99.39        28     77936   8397324     30.56   3460904   4086968       120       184
06:59:16 PM    138436     48204   7857616     99.39        28     77936   8397324     30.56   3460904   4086968       120       184
06:59:21 PM    137256     47044   7858776     99.40        28     77936   8397324     30.56   3460956   4087004       120       184
06:59:26 PM    137004     46792   7859028     99.41        28     77936   8397324     30.56   3460976   4087004        24       184
06:59:31 PM    132640     43792   7862028     99.45        28     80736   8397324     30.56   3463436   4087272       188       184
06:59:36 PM    132640     43900   7861920     99.44        28     80940   8397324     30.56   3463480   4087492       200       184
06:59:41 PM    136068     47352   7858468     99.40        28     80976   8397324     30.56   3470856   4079976       324       184
06:59:46 PM    161812     60896   7844924     99.23        28     56600   8397324     30.56   2375004   5008928       320       192
06:59:51 PM    149220     48376   7857444     99.39        28     56684   8397324     30.56   2378392   5006876       320       192
06:59:56 PM    148968     48124   7857696     99.39        28     56684   8397324     30.56   2378392   5006876       320       192
07:00:01 PM    138376     39144   7866676     99.50        28     59996   8397324     30.56   2389560   4999056       148       192
07:00:06 PM    138376     40708   7865112     99.49        28     63128   8397324     30.56   2392708   4999056        24       192
07:00:11 PM    134280     36708   7869112     99.54        28     63224   8397324     30.56   2396896   4995096        96       192
07:00:16 PM    134280     36708   7869112     99.54        28     63224   8397324     30.56   2396896   4995096       116       192
07:00:21 PM    131768     34196   7871624     99.57        28     63224   8397324     30.56   2411228   4980764       116       192
07:00:26 PM    131768     34196   7871624     99.57        28     63224   8397324     30.56   2411228   4980764       116       192
07:00:31 PM    133416     35836   7869984     99.55        28     63224   8397324     30.56   2428380   4961812       116       192
07:00:36 PM    132764     35184   7870636     99.55        28     63224   8397324     30.56   2428380   4961812        20       192
07:00:41 PM    133728     36356   7869464     99.54        28     63624   8397324     30.56   2440028   4950596        20       192
07:00:46 PM    133252     35880   7869940     99.55        28     63736   8397324     30.56   2440028   4950596       112       192
07:00:51 PM    133496     36180   7869640     99.54        28     63736   8397324     30.56   2450300   4940476       132       192
07:00:56 PM    132848     37204   7868616     99.53        28     67140   8397324     30.56   2453656   4940476       132       192
07:01:01 PM    132492     36876   7868944     99.53        28     67140   8397324     30.56   2473424   4920764       132       192
07:01:06 PM    127224     31588   7874232     99.60        28     67140   8397324     30.56   2474656   4919492       132       192
07:01:11 PM    124608     29080   7876740     99.63        28     67312   8397324     30.56   2482672   4911688        20       192
07:01:16 PM    124448     29000   7876820     99.63        28     67476   8397324     30.56   2482720   4911852        20       192
07:01:21 PM    128320     32876   7872944     99.58        28     67580   8397324     30.56   2499608   4894832        96       192
07:01:26 PM    128164     32852   7872968     99.58        28     67752   8397324     30.56   2499924   4894856       116       192
07:01:31 PM    125504     30192   7875628     99.62        28     67752   8397324     30.56   2508684   4886096       116       192
07:01:36 PM    125504     30196   7875624     99.62        28     67752   8397324     30.56   2508788   4886096       116       192
07:01:41 PM    125388     30080   7875740     99.62        28     67752   8397324     30.56   2512100   4883000       116       192
07:01:46 PM    125612     30304   7875516     99.62        28     67752   8397324     30.56   2512036   4882856        20       192
07:01:51 PM    126088     30904   7874916     99.61        28     68056   8397324     30.56   2516924   4878288        20       192
07:01:56 PM    125836     30680   7875140     99.61        28     68168   8397324     30.56   2516860   4878340       112       192
07:02:01 PM    127012     31864   7873956     99.60        28     68168   8397324     30.56   2528836   4864940       132       192
07:02:06 PM    161288     66188   7839632     99.16        28     68168   8397324     30.56   2530816   4862892       132       192
07:02:11 PM    161036     65936   7839884     99.17        28     68172   8397324     30.56   2530816   4862892       136       192
07:02:16 PM    161760     66660   7839160     99.16        28     68172   8397324     30.56   2538096   4855644       136       192
07:02:21 PM    161416     66404   7839416     99.16        28     68344   8397324     30.56   2538096   4855816        24       192
07:02:26 PM    161468     66536   7839284     99.16        28     68620   8397324     30.56   2541860   4852248        24       192
07:02:31 PM    161468     66536   7839284     99.16        28     68716   8397324     30.56   2541860   4852248        96       192
07:02:36 PM    161636     66808   7839012     99.15        28     68716   8397324     30.56   2542576   4851740       116       192
07:02:41 PM    161384     66556   7839264     99.16        28     68720   8397324     30.56   2542576   4851740       120       192
07:02:46 PM    161384     66560   7839260     99.16        28     68720   8397324     30.56   2542576   4851744       120       192
07:02:51 PM    161384     66560   7839260     99.16        28     68720   8397324     30.56   2542576   4851744       120       192
07:02:56 PM    195216     98416   7807404     98.76        28     64868   8397324     30.56   4448996   2892692        24       188
07:03:01 PM    103684      7040   7898780     99.91        28     65172   8644368     31.45   4715508   2642660        24       188
07:03:06 PM    172656     76116   7829704     99.04        28     65284   8644368     31.45   4747980   2507284       112       188
07:03:11 PM    401564    305024   7600796     96.14        28     65284   8397324     30.56   4500936   2507284       132       188
07:03:16 PM    397116    300576   7605244     96.20        28     65284   8397324     30.56   4510976   2497244       132       188
07:03:21 PM    396108    299568   7606252     96.21        28     65284   8397324     30.56   4510976   2497244       132       188
07:03:26 PM    387328    290788   7615032     96.32        28     65284   8397324     30.56   4518300   2489920       132       188
07:03:31 PM    387328    290788   7615032     96.32        28     65284   8397324     30.56   4518300   2489920        20       188
07:03:36 PM    396652    300280   7605540     96.20        28     65620   8397324     30.56   4525244   2483312        20       188
07:03:41 PM    399256    302852   7602968     96.17        28     65716   8397324     30.56   4571600   2436896        96       188
07:03:46 PM    393188    296832   7608988     96.25        28     65716   8397324     30.56   4591476   2417116       116       188
07:03:51 PM    393188    296832   7608988     96.25        28     65716   8397324     30.56   4591476   2417116       116       188
07:03:56 PM    395896    299572   7606248     96.21        28     65716   8397324     30.56   4604532   2404120       116       188
07:04:01 PM    395896    299572   7606248     96.21        28     65716   8397324     30.56   4604552   2404120       116       188
07:04:06 PM    397244    300920   7604900     96.19        28     65716   8397324     30.56   4614676   2394000        20       188
07:04:11 PM    397244    301044   7604776     96.19        28     66020   8397324     30.56   4614676   2394248        20       188
07:04:16 PM    392008    295892   7609928     96.26        28     66132   8397324     30.56   4622812   2386280       112       188
07:04:21 PM    389072    295356   7610464     96.26        28     71028   8397324     30.56   4652960   2360996       132       188
07:04:26 PM    385072    291424   7614396     96.31        28     71068   8397324     30.56   4657580   2356516       136       188
07:04:31 PM    385072    291424   7614396     96.31        28     71152   8397324     30.56   4657580   2356516       300       188
07:04:36 PM    389584    296000   7609820     96.26        28     71196   8397324     30.56   4659712   2354572       328       188
07:04:41 PM    388828    295428   7610392     96.26        28     71632   8397324     30.56   4659716   2354944       136       188
07:04:46 PM    387516    294140   7611680     96.28        28     71676   8397324     30.56   4663880   2351036       180       188
07:04:51 PM    390448    297112   7608708     96.24        28     71808   8397324     30.56   4677536   2337268       288       188
07:04:56 PM    391680    298400   7607420     96.23        28     71804   8397324     30.56   4681792   2333124       304       188
07:05:01 PM    391680    298400   7607420     96.23        28     71804   8397324     30.56   4681792   2333124       196       188
07:05:06 PM    389916    296636   7609184     96.25        28     71812   8397324     30.56   4686332   2328652       204       188
07:05:11 PM    390044    296768   7609052     96.25        28     71816   8397324     30.56   4686268   2328656        36       188
07:05:16 PM    393544    300452   7605368     96.20        28     72204   8397324     30.56   4697192   2318192        36       188
07:05:21 PM    393240    300160   7605660     96.20        28     72204   8397324     30.56   4697128   2318188        36       188
07:05:26 PM    391956    298860   7606960     96.22        28     72316   8397324     30.56   4742236   2273224       112       188
07:05:31 PM    391404    298380   7607440     96.23        28     72316   8397324     30.56   4747028   2268400       132       188
07:05:36 PM    391324    298300   7607520     96.23        28     72316   8397324     30.56   4747028   2268400       132       188
07:05:41 PM    391020    297996   7607824     96.23        28     72316   8397324     30.56   4753924   2261504       132       188
07:05:46 PM    390848    297824   7607996     96.23        28     72316   8397324     30.56   4754268   2261504        20       188
07:05:51 PM    390852    297828   7607992     96.23        28     72316   8397324     30.56   4770000   2248268        20       188
07:05:56 PM    390124    297224   7608596     96.24        28     72652   8397324     30.56   4770004   2248516        20       188
07:06:01 PM    381272    288416   7617404     96.35        28     72748   8397324     30.56   4781660   2236948        96       188
07:06:06 PM    381272    288416   7617404     96.35        28     72748   8397324     30.56   4781660   2236948       116       188
07:06:11 PM    388072    295324   7610496     96.26        28     72896   8397196     30.55   4792696   2224332       116       188
07:06:16 PM    388072    295324   7610496     96.26        28     72896   8397324     30.56   4792704   2224332       116       188
07:06:21 PM    387964    295200   7610620     96.27        28     72896   8397324     30.56   4802696   2214324       116       188
Average:       890138    869009   7036811     89.01      1293    171301   7399344     26.92   4877168   1883141       123      3919
