Linux 7.0.10-arch1-1 (archlinux) 	06/02/2026 	_x86_64_	(4 CPU)

01:57:11 AM  pgpgin/s pgpgout/s   fault/s  majflt/s  pgfree/s pgscank/s pgscand/s pgsteal/s  pgprom/s   pgdem/s
01:57:16 AM   2434.40      0.00   1352.00      2.80    471.20      0.00      0.00      0.00      0.00      0.00
01:57:21 AM      0.00      0.00      4.20      0.00      4.20      0.00      0.00      0.00      0.00      0.00
01:57:26 AM      0.00      0.80      0.00      0.00      4.40      0.00      0.00      0.00      0.00      0.00
01:57:31 AM      0.00  10772.00      0.00      0.00   2663.80      0.00      0.00      0.00      0.00      0.00
01:57:36 AM      0.00   2868.00      1.40      0.00    925.40      0.00      0.00      0.00      0.00      0.00
01:57:41 AM      6.40   3688.80      1.60      0.00    823.40      0.00      0.00      0.00      0.00      0.00
01:57:46 AM      0.00     84.00      0.00      0.00     46.60      0.00      0.00      0.00      0.00      0.00
01:57:51 AM      0.00      4.00      0.60      0.00     74.00      0.00      0.00      0.00      0.00      0.00
01:57:56 AM      0.00   2048.00      0.00      0.00    570.60      0.00      0.00      0.00      0.00      0.00
01:58:01 AM      0.00    819.20      0.00      0.00    205.40      0.00      0.00      0.00      0.00      0.00
01:58:06 AM      0.00    409.60      0.00      0.00    106.20      0.00      0.00      0.00      0.00      0.00
01:58:11 AM      0.00   6248.80      0.40      0.00   1563.80      0.00      0.00      0.00      0.00      0.00
01:58:16 AM      0.00    527.20      1.20      0.00    183.00      0.00      0.00      0.00      0.00      0.00
01:58:21 AM      0.00      1.60      6.40      0.00     20.80      0.00      0.00      0.00      0.00      0.00
01:58:26 AM      0.00     12.00      0.20      0.00     55.20      0.00      0.00      0.00      0.00      0.00
01:58:31 AM      0.00      0.00      0.20      0.00     72.80      0.00      0.00      0.00      0.00      0.00
01:58:36 AM      0.00   6553.60      0.00      0.00   1701.80      0.00      0.00      0.00      0.00      0.00
01:58:41 AM      0.00   6963.20      0.00      0.00   1437.60      0.00      0.00      0.00      0.00      0.00
01:58:46 AM      0.00   8328.80      0.20      0.00   2359.80      0.00      0.00      0.00      0.00      0.00
01:58:51 AM      0.00   3301.60      0.00      0.00    823.20      0.00      0.00      0.00      0.00      0.00
01:58:56 AM      3.20    409.60      3.20      0.80    106.40      0.00      0.00      0.00      0.00      0.00
01:59:01 AM      0.00   3276.80      0.60      0.00    819.80      0.00      0.00      0.00      0.00      0.00
01:59:06 AM      0.00      0.00      0.00      0.00      4.00      0.00      0.00      0.00      0.00      0.00
01:59:11 AM      0.00      0.00      0.00      0.00      3.80      0.00      0.00      0.00      0.00      0.00
01:59:16 AM  18935.20  10358.40   4609.80   4609.20   2722.60      0.00      0.00      0.00      0.00      0.00
01:59:21 AM      0.00   6963.20      0.00      0.00   1744.80      0.00      0.00      0.00      0.00      0.00
01:59:26 AM      0.00    819.20      0.00      0.00    208.60      0.00      0.00      0.00      0.00      0.00
01:59:31 AM      0.00   3276.80      0.00      0.00    820.00      0.00      0.00      0.00      0.00      0.00
01:59:36 AM      0.00  11059.20      0.00      0.00   2768.60      0.00      0.00      0.00      0.00      0.00
01:59:41 AM      0.00   4096.00      0.00      0.00   1028.00      0.00      0.00      0.00      0.00      0.00
01:59:46 AM      0.00   1228.80      0.00      0.00    311.00      0.00      0.00      0.00      0.00      0.00
01:59:51 AM      0.00    806.40      0.00      0.00    179.60      0.00      0.00      0.00      0.00      0.00
01:59:56 AM      0.00    287.43      0.00      0.00     75.65      0.00      0.00      0.00      0.00      0.00
02:00:01 AM      0.00    944.80      0.00      0.00    236.40      0.00      0.00      0.00      0.00      0.00
02:00:06 AM      0.00    285.60      0.00      0.00     75.20      0.00      0.00      0.00      0.00      0.00
02:00:11 AM      0.00   4455.20      0.00      0.00   1154.60      0.00      0.00      0.00      0.00      0.00
02:00:16 AM      0.00   3276.80      0.00      0.00    823.20      0.00      0.00      0.00      0.00      0.00
02:00:21 AM      0.00   5558.40      0.00      0.00   1394.00      0.00      0.00      0.00      0.00      0.00
02:00:26 AM      0.80      0.00      0.20      0.20      4.80      0.00      0.00      0.00      0.00      0.00
02:00:31 AM      9.60   2244.00      5.80      0.00    491.80      0.00      0.00      0.00      0.00      0.00
02:00:36 AM      0.00      8.00      0.00      0.00     25.20      0.00      0.00      0.00      0.00      0.00
02:00:41 AM      0.00      4.00      0.00      0.00     36.80      0.00      0.00      0.00      0.00      0.00
02:00:46 AM      0.00   2048.00      0.00      0.00     24.20      0.00      0.00      0.00      0.00      0.00
02:00:51 AM      0.00   1638.40      0.00      0.00    936.60      0.00      0.00      0.00      0.00      0.00
02:00:56 AM      6.40   2872.00      1.80      1.60    841.60      0.00      0.00      0.00      0.00      0.00
02:01:01 AM     27.20    825.60      2.20      1.20    222.00      0.00      0.00      0.00      0.00      0.00
02:01:06 AM     16.00   1633.60      1.60      1.00    397.80      0.00      0.00      0.00      0.00      0.00
02:01:11 AM      8.00   3801.60      4.00      1.60    971.80      0.00      0.00      0.00      0.00      0.00
02:01:16 AM  63835.20   6291.20  15887.00  15886.20   2060.00      0.00      0.00      0.00      0.00      0.00
02:01:21 AM      0.00  10023.20      0.00      0.00   2612.20      0.00      0.00      0.00      0.00      0.00
02:01:26 AM      0.00    776.80    280.60      0.00    417.60      0.00      0.00      0.00      0.00      0.00
02:01:31 AM      0.00   1222.40      0.00      0.00    620.60      0.00      0.00      0.00      0.00      0.00
02:01:36 AM      0.00   3464.80      0.00      0.00    832.00      0.00      0.00      0.00      0.00      0.00
02:01:41 AM      0.00   7981.60      0.00      0.00   2203.20      0.00      0.00      0.00      0.00      0.00
02:01:46 AM      0.00   9739.20      0.00      0.00   2438.80      0.00      0.00      0.00      0.00      0.00
02:01:51 AM      0.00   9011.20      0.00      0.00   2256.60      0.00      0.00      0.00      0.00      0.00
02:01:56 AM      0.00   3406.40      0.00      0.00   1162.80      0.00      0.00      0.00      0.00      0.00
02:02:01 AM      0.00   4539.20      0.00      0.00   1133.40      0.00      0.00      0.00      0.00      0.00
02:02:06 AM      2.40   3209.60      0.00      0.60   1115.40      0.00      0.00      0.00      0.00      0.00
02:02:11 AM      0.00   2428.00      0.00      0.00    789.40      0.00      0.00      0.00      0.00      0.00
02:02:16 AM     27.20   1208.00      1.40      3.80   1121.40      0.00      0.00      0.00      0.00      0.00
02:02:21 AM     12.00   4221.60      0.80      0.20   1123.80      0.00      0.00      0.00      0.00      0.00
02:02:26 AM      0.00   4241.60      0.00      0.00   1064.20      0.00      0.00      0.00      0.00      0.00
02:02:31 AM    967.20   1083.20      7.20      2.00    331.60      0.00      0.00      0.00      0.00      0.00
02:02:36 AM      7.20    819.20      0.00      1.80    335.60      0.00      0.00      0.00      0.00      0.00
02:02:41 AM    436.00    539.20      2.80      0.60    154.40      0.00      0.00      0.00      0.00      0.00
02:02:46 AM      0.00   6255.20      0.00      0.00   1539.80      0.00      0.00      0.00      0.00      0.00
02:02:51 AM      0.00     84.00      0.00      0.00     44.20      0.00      0.00      0.00      0.00      0.00
02:02:56 AM      7.20    124.00      1.80      1.80     34.80      0.00      0.00      0.00      0.00      0.00
02:03:01 AM      0.00  11074.40      0.00      0.00   2802.80      0.00      0.00      0.00      0.00      0.00
02:03:06 AM      8.00    409.60      0.40      2.00    516.00      0.00      0.00      0.00      0.00      0.00
02:03:11 AM      0.00      3.20      0.00      0.00      4.60      0.00      0.00      0.00      0.00      0.00
02:03:16 AM  36142.40   1948.80   8949.00   8947.20    644.60      0.00      0.00      0.00      0.00      0.00
02:03:21 AM    820.80   6656.00    205.20    205.20   1723.60      0.00      0.00      0.00      0.00      0.00
02:03:26 AM      0.00      4.00      0.00      0.00      4.00      0.00      0.00      0.00      0.00      0.00
02:03:31 AM    273.60      0.00      1.40      0.60      0.40      0.00      0.00      0.00      0.00      0.00
02:03:36 AM      0.00      0.00      0.00      0.00      4.20      0.00      0.00      0.00      0.00      0.00
02:03:41 AM      0.00      1.60      0.00      0.00      3.80      0.00      0.00      0.00      0.00      0.00
02:03:46 AM      0.00      0.00      0.00      0.00      3.80      0.00      0.00      0.00      0.00      0.00
02:03:51 AM      0.00     31.94      0.00      0.00      3.99      0.00      0.00      0.00      0.00      0.00
02:03:56 AM      0.00    111.20      0.00      0.00      3.80      0.00      0.00      0.00      0.00      0.00
02:04:01 AM      0.00   1206.40      0.00      0.00    303.20      0.00      0.00      0.00      0.00      0.00
02:04:06 AM     38.40   4029.60      0.60      1.20   1052.80      0.00      0.00      0.00      0.00      0.00
02:04:11 AM      6.40   8025.60      4.60      1.60   2011.20      0.00      0.00      0.00      0.00      0.00
02:04:16 AM      4.00   1309.60      1.00      1.00    332.40      0.00      0.00      0.00      0.00      0.00
02:04:21 AM     15.20   3212.80      1.00      0.80    807.20      0.00      0.00      0.00      0.00      0.00
02:04:26 AM      0.00   1097.60      1.20      0.00    274.40      0.00      0.00      0.00      0.00      0.00
02:04:31 AM      0.80    865.60      1.60      0.20    217.80      0.00      0.00      0.00      0.00      0.00
02:04:36 AM     36.80   2341.60      1.20      0.20    235.00      0.00      0.00      0.00      0.00      0.00
02:04:41 AM    487.20   4296.00      1.80      1.00   1581.60      0.00      0.00      0.00      0.00      0.00
02:04:46 AM      0.00   3274.40      0.00      0.00    843.40      0.00      0.00      0.00      0.00      0.00
02:04:51 AM    313.60   1088.00      9.80      1.60    279.40      0.00      0.00      0.00      0.00      0.00
02:04:56 AM    133.60   5077.60      2.80      2.40   1297.00      0.00      0.00      0.00      0.00      0.00
02:05:01 AM      0.80  12757.60      1.60      0.20   3190.00      0.00      0.00      0.00      0.00      0.00
02:05:06 AM      0.00     64.00      0.00      0.00      4.00      0.00      0.00      0.00      0.00      0.00
02:05:11 AM    208.80   3940.00      2.00      0.20    954.20      0.00      0.00      0.00      0.00      0.00
02:05:16 AM 140416.00  12432.00  35029.60  35029.00   4368.80      0.00      0.00      0.00      0.00      0.00
02:05:21 AM      0.00     24.00      0.00      0.00      4.00      0.00      0.00      0.00      0.00      0.00
02:05:26 AM  26966.40      0.00   6741.80   6741.60   2695.80      0.00      0.00      0.00      0.00      0.00
02:05:31 AM      1.60      0.00      1.20      0.40    615.60      0.00      0.00      0.00      0.00      0.00
02:05:36 AM      0.00      0.00      0.00      0.00      3.80      0.00      0.00      0.00      0.00      0.00
02:05:41 AM      0.00    181.60      0.00      0.00    618.60      0.00      0.00      0.00      0.00      0.00
02:05:46 AM      0.00      0.00      0.00      0.00      3.80      0.00      0.00      0.00      0.00      0.00
02:05:51 AM      0.00      3.20      0.00      0.00    106.60      0.00      0.00      0.00      0.00      0.00
02:05:56 AM      0.00      0.80      0.00      0.00      4.00      0.00      0.00      0.00      0.00      0.00
02:06:01 AM      0.00      0.00      0.00      0.00      0.40      0.00      0.00      0.00      0.00      0.00
02:06:06 AM      0.00      0.00      0.00      0.00      4.00      0.00      0.00      0.00      0.00      0.00
02:06:11 AM      0.80     51.20      0.40      0.20      7.20      0.00      0.00      0.00      0.00      0.00
02:06:16 AM      0.00      0.00      0.00      0.00      4.20      0.00      0.00      0.00      0.00      0.00
02:06:21 AM      0.00    124.00      0.00      0.00      3.80      0.00      0.00      0.00      0.00      0.00
02:06:26 AM    537.60      4.00    291.80      2.40    219.40      0.00      0.00      0.00      0.00      0.00
02:06:31 AM      0.80      0.80      2.00      0.20    410.00      0.00      0.00      0.00      0.00      0.00
02:06:36 AM      0.00      0.00      0.00      0.00      3.80      0.00      0.00      0.00      0.00      0.00
02:06:41 AM      0.00      0.00      0.00      0.00    106.60      0.00      0.00      0.00      0.00      0.00
02:06:46 AM      0.00  11839.20      0.00      0.00   2964.00      0.00      0.00      0.00      0.00      0.00
02:06:51 AM     10.40   8849.60      0.00      2.60   2515.80      0.00      0.00      0.00      0.00      0.00
02:06:56 AM      0.00   2694.40      0.00      0.00    658.60      0.00      0.00      0.00      0.00      0.00
02:07:01 AM      0.00    364.80      0.00      0.00    297.60      0.00      0.00      0.00      0.00      0.00
02:07:06 AM      0.00   3416.80      0.00      0.00    898.60      0.00      0.00      0.00      0.00      0.00
02:07:11 AM      9.60   9937.60      0.00      2.40   2795.40      0.00      0.00      0.00      0.00      0.00
02:07:16 AM      1.60   8892.00      0.40      0.40   2229.60      0.00      0.00      0.00      0.00      0.00
02:07:21 AM     12.00    832.80      0.00      3.00    826.40      0.00      0.00      0.00      0.00      0.00
02:07:26 AM  15865.60   3126.40   3960.40   3959.80    905.60      0.00      0.00      0.00      0.00      0.00
02:07:31 AM      0.00    687.20      0.00      0.00    280.20      0.00      0.00      0.00      0.00      0.00
02:07:36 AM      0.00     36.00      0.00      0.00     14.40      0.00      0.00      0.00      0.00      0.00
02:07:41 AM      1.60      4.00      0.40      0.40      5.20      0.00      0.00      0.00      0.00      0.00
02:07:46 AM      0.00      0.00      0.00      0.00      3.99      0.00      0.00      0.00      0.00      0.00
02:07:51 AM      0.00      0.00      0.00      0.00      3.80      0.00      0.00      0.00      0.00      0.00
02:07:56 AM      0.00      0.00      0.00      0.00      3.80      0.00      0.00      0.00      0.00      0.00
02:08:01 AM      0.00     32.00      0.00      0.00      0.60      0.00      0.00      0.00      0.00      0.00
02:08:06 AM      0.00   3392.80      0.00      0.00   1019.80      0.00      0.00      0.00      0.00      0.00
02:08:11 AM      0.00   1334.40      0.00      0.00    459.80      0.00      0.00      0.00      0.00      0.00
02:08:16 AM      0.00   2335.20      0.00      0.00    887.80      0.00      0.00      0.00      0.00      0.00
02:08:21 AM      8.00   4304.80      0.00      2.00   1446.40      0.00      0.00      0.00      0.00      0.00
02:08:26 AM      0.80   1134.40      0.20      0.20    432.80      0.00      0.00      0.00      0.00      0.00
02:08:31 AM    278.40   4176.00      5.60      1.80   1156.80      0.00      0.00      0.00      0.00      0.00
02:08:36 AM      0.00    735.20      0.00      0.00    265.40      0.00      0.00      0.00      0.00      0.00
02:08:41 AM      2.40     73.60      0.00      0.60    327.80      0.00      0.00      0.00      0.00      0.00
02:08:46 AM      0.00   2690.40      0.00      0.00    788.80      0.00      0.00      0.00      0.00      0.00
02:08:51 AM     17.60    669.60      0.00      4.20    346.40      0.00      0.00      0.00      0.00      0.00
02:08:56 AM      3.20   9425.60      0.80      0.80   2525.80      0.00      0.00      0.00      0.00      0.00
02:09:01 AM      0.00    916.80      0.00      0.00    305.00      0.00      0.00      0.00      0.00      0.00
02:09:06 AM      5.60   1077.60      0.20      1.40    529.60      0.00      0.00      0.00      0.00      0.00
02:09:11 AM      0.80    262.40      0.20      0.20    104.20      0.00      0.00      0.00      0.00      0.00
02:09:16 AM  29848.00     32.00   7371.80   7370.20    126.00      0.00      0.00      0.00      0.00      0.00
02:09:21 AM   1638.40   5680.00    409.60    409.60   1560.00      0.00      0.00      0.00      0.00      0.00
02:09:26 AM  15872.00      4.80   5751.40   5750.80     52.20      0.00      0.00      0.00      0.00      0.00
02:09:31 AM      0.00      0.00      0.00      0.00      0.60      0.00      0.00      0.00      0.00      0.00
02:09:36 AM      0.00      0.00      0.00      0.00      4.20      0.00      0.00      0.00      0.00      0.00
02:09:41 AM      0.80      0.00      0.60      0.20      4.80      0.00      0.00      0.00      0.00      0.00
02:09:46 AM      0.00      0.00      0.00      0.00      4.40      0.00      0.00      0.00      0.00      0.00
02:09:51 AM    128.00    116.00      8.20      1.20      5.20      0.00      0.00      0.00      0.00      0.00
02:09:56 AM      0.00    164.00      6.00      0.00      4.40      0.00      0.00      0.00      0.00      0.00
02:10:01 AM      0.00      4.00      0.00      0.00      1.60      0.00      0.00      0.00      0.00      0.00
02:10:06 AM      0.00      0.00      0.00      0.00    208.80      0.00      0.00      0.00      0.00      0.00
02:10:11 AM      0.00      0.00      0.00      0.00      4.20      0.00      0.00      0.00      0.00      0.00
02:10:16 AM      0.00      0.00      0.00      0.00    413.60      0.00      0.00      0.00      0.00      0.00
02:10:21 AM      0.00     23.20      0.00      0.00      3.80      0.00      0.00      0.00      0.00      0.00
02:10:26 AM      0.00    181.60      0.00      0.00      4.00      0.00      0.00      0.00      0.00      0.00
02:10:31 AM      0.00      0.00      0.00      0.00      0.80      0.00      0.00      0.00      0.00      0.00
02:10:36 AM      0.00      5.60      0.00      0.00    516.00      0.00      0.00      0.00      0.00      0.00
02:10:41 AM      0.00      0.00      0.00      0.00      3.80      0.00      0.00      0.00      0.00      0.00
02:10:46 AM      0.00      0.00      0.00      0.00    720.80      0.00      0.00      0.00      0.00      0.00
02:10:51 AM      0.00   9852.00      0.00      0.00   2469.20      0.00      0.00      0.00      0.00      0.00
02:10:56 AM      7.20   8040.00      1.60      1.80   2110.60      0.00      0.00      0.00      0.00      0.00
02:11:01 AM     25.60   3345.60      0.00      0.20    837.40      0.00      0.00      0.00      0.00      0.00
02:11:06 AM      0.00   2024.80      1.20      0.00    502.80      0.00      0.00      0.00      0.00      0.00
02:11:11 AM      0.00    999.60      0.60      0.00    267.66      0.00      0.00      0.00      0.00      0.00
02:11:16 AM      0.00    953.60      0.00      0.00    243.80      0.00      0.00      0.00      0.00      0.00
02:11:21 AM      0.00    396.80      0.00      0.00    103.20      0.00      0.00      0.00      0.00      0.00
02:11:26 AM  11114.40     48.80   3103.80   2522.20    541.00      0.00      0.00      0.00      0.00      0.00
02:11:31 AM    411.20  16356.80    102.80    102.80   4096.80      0.00      0.00      0.00      0.00      0.00
02:11:36 AM      0.00   3546.40      0.00      0.00    877.80      0.00      0.00      0.00      0.00      0.00
02:11:41 AM      0.00   2929.60      0.00      0.00    781.40      0.00      0.00      0.00      0.00      0.00
02:11:46 AM      0.00   6162.40      0.00      0.00   1608.40      0.00      0.00      0.00      0.00      0.00
02:11:51 AM      0.00   2225.60      0.00      0.00    561.00      0.00      0.00      0.00      0.00      0.00
02:11:56 AM      0.00    914.40      0.00      0.00    222.20      0.00      0.00      0.00      0.00      0.00
02:12:01 AM    353.60   4135.20      2.80      0.80   1058.20      0.00      0.00      0.00      0.00      0.00
02:12:06 AM      0.00   3588.80      0.00      0.00    901.60      0.00      0.00      0.00      0.00      0.00
02:12:11 AM      0.00   2395.20      0.00      0.00    606.80      0.00      0.00      0.00      0.00      0.00
02:12:16 AM      6.40   1894.40      1.60      1.60    468.00      0.00      0.00      0.00      0.00      0.00
02:12:21 AM      0.00   3868.00      0.00      0.00    970.00      0.00      0.00      0.00      0.00      0.00
02:12:26 AM      0.00   3802.40      0.00      0.00    954.40      0.00      0.00      0.00      0.00      0.00
02:12:31 AM    384.00    324.80      4.40      4.20    217.20      0.00      0.00      0.00      0.00      0.00
02:12:36 AM      0.00    150.40      0.00      0.00     41.40      0.00      0.00      0.00      0.00      0.00
02:12:41 AM     15.20   1203.20      3.80      3.80    310.00      0.00      0.00      0.00      0.00      0.00
02:12:46 AM      0.00   5216.00      0.00      0.00   1307.60      0.00      0.00      0.00      0.00      0.00
02:12:51 AM      3.20   1587.20      0.00      0.00    385.40      0.00      0.00      0.00      0.00      0.00
02:12:56 AM      3.20    902.40      0.80      0.80    228.00      0.00      0.00      0.00      0.00      0.00
02:13:01 AM      0.00      0.00      0.00      0.00      1.20      0.00      0.00      0.00      0.00      0.00
02:13:06 AM      1.60      0.00      0.40      0.40      4.00      0.00      0.00      0.00      0.00      0.00
02:13:11 AM    271.20      0.00      1.20      0.20     20.20      0.00      0.00      0.00      0.00      0.00
02:13:16 AM  42354.40     11.20  10588.60  10588.60    286.40      0.00      0.00      0.00      0.00      0.00
02:13:21 AM      0.00   2344.80      0.20      0.00    582.00      0.00      0.00      0.00      0.00      0.00
02:13:26 AM  35492.80    117.60   8873.20   8873.20   3508.00      0.00      0.00      0.00      0.00      0.00
02:13:31 AM  23667.20      4.00   5917.60   5916.80    548.20      0.00      0.00      0.00      0.00      0.00
02:13:36 AM      0.00      0.00      0.00      0.00      3.80      0.00      0.00      0.00      0.00      0.00
02:13:41 AM      0.00      0.00      0.00      0.00      4.00      0.00      0.00      0.00      0.00      0.00
02:13:46 AM      0.00      0.00      0.00      0.00      3.80      0.00      0.00      0.00      0.00      0.00
02:13:51 AM      0.00      0.00      0.00      0.00      4.20      0.00      0.00      0.00      0.00      0.00
02:13:56 AM      0.00     32.00      0.60      0.00      3.80      0.00      0.00      0.00      0.00      0.00
02:14:01 AM      0.00     92.00      0.00      0.00      0.60      0.00      0.00      0.00      0.00      0.00
02:14:06 AM      0.00      4.00      0.00      0.00      3.80      0.00      0.00      0.00      0.00      0.00
02:14:11 AM      0.00      0.00      0.00      0.00      4.00      0.00      0.00      0.00      0.00      0.00
02:14:16 AM      0.00      0.00      0.00      0.00      3.80      0.00      0.00      0.00      0.00      0.00
02:14:21 AM      0.00      0.00      0.00      0.00      3.80      0.00      0.00      0.00      0.00      0.00
02:14:26 AM      0.00      0.00      0.00      0.00      4.00      0.00      0.00      0.00      0.00      0.00
02:14:31 AM      0.00     32.00      0.20      0.00      0.40      0.00      0.00      0.00      0.00      0.00
02:14:36 AM     25.60    111.20      0.40      0.40      4.40      0.00      0.00      0.00      0.00      0.00
02:14:41 AM      0.00      4.00      0.00      0.00      4.40      0.00      0.00      0.00      0.00      0.00
02:14:46 AM      0.00   2085.60      0.00      0.00    533.80      0.00      0.00      0.00      0.00      0.00
02:14:51 AM      0.00   7412.38      5.99      0.00   1871.26      0.00      0.00      0.00      0.00      0.00
02:14:56 AM      0.00  10653.60      5.80      0.00   2661.20      0.00      0.00      0.00      0.00      0.00
02:15:01 AM      0.00   4441.60      0.00      0.00   1112.40      0.00      0.00      0.00      0.00      0.00
02:15:06 AM      0.00   6296.80      0.00      0.00   1562.00      0.00      0.00      0.00      0.00      0.00
02:15:11 AM      0.00    496.80      0.00      0.00     94.40      0.00      0.00      0.00      0.00      0.00
02:15:16 AM      0.00   5716.00      0.00      0.00   1431.60      0.00      0.00      0.00      0.00      0.00
02:15:21 AM      0.00   3968.80      0.00      0.00    990.60      0.00      0.00      0.00      0.00      0.00
02:15:26 AM      0.00   1753.60      0.00      0.00    442.80      0.00      0.00      0.00      0.00      0.00
02:15:31 AM  11974.40   1244.00   2852.00   2852.00   1146.20      0.00      0.00      0.00      0.00      0.00
02:15:36 AM      8.80      0.00      2.20      2.20      3.80      0.00      0.00      0.00      0.00      0.00
02:15:41 AM      1.60   1641.60      0.40      0.40    437.40      0.00      0.00      0.00      0.00      0.00
02:15:46 AM      0.00    124.00      0.00      0.00      3.80      0.00      0.00      0.00      0.00      0.00
02:15:51 AM      0.00   1469.60      0.00      0.00    393.60      0.00      0.00      0.00      0.00      0.00
02:15:56 AM     13.60    132.80      0.20      0.20    216.60      0.00      0.00      0.00      0.00      0.00
02:16:01 AM     42.40      0.00      0.60      0.20      0.40      0.00      0.00      0.00      0.00      0.00
02:16:06 AM      0.00    869.60      0.00      0.00    348.20      0.00      0.00      0.00      0.00      0.00
02:16:11 AM     39.20      8.80      0.60      0.60     39.20      0.00      0.00      0.00      0.00      0.00
02:16:16 AM      0.00   1709.60      0.00      0.00    473.20      0.00      0.00      0.00      0.00      0.00
02:16:21 AM    125.60   3696.00      0.40      0.20   1081.60      0.00      0.00      0.00      0.00      0.00
02:16:26 AM    946.40   1836.80    300.20     13.80    908.20      0.00      0.00      0.00      0.00      0.00
02:16:31 AM      0.00   1830.40      0.20      0.00    792.00      0.00      0.00      0.00      0.00      0.00
02:16:36 AM      0.00   2167.20      0.00      0.00    651.20      0.00      0.00      0.00      0.00      0.00
02:16:41 AM      0.00   5458.40      0.20      0.00   2141.40      0.00      0.00      0.00      0.00      0.00
02:16:46 AM      0.00   6900.80      0.00      0.00   2159.60      0.00      0.00      0.00      0.00      0.00
02:16:51 AM      0.00    281.60      0.00      0.00    914.20      0.00      0.00      0.00      0.00      0.00
02:16:56 AM      1.60    176.00      0.40      0.40    536.40      0.00      0.00      0.00      0.00      0.00
02:17:01 AM      0.00      4.80      0.00      0.00      2.40      0.00      0.00      0.00      0.00      0.00
02:17:06 AM      0.00   5579.20      0.00      0.00   1653.20      0.00      0.00      0.00      0.00      0.00
02:17:11 AM      0.00   2610.40      0.00      0.00   1249.60      0.00      0.00      0.00      0.00      0.00
02:17:16 AM      0.00    588.00      0.00      0.00    188.00      0.00      0.00      0.00      0.00      0.00
02:17:21 AM      0.00   1776.00      0.00      0.00    677.60      0.00      0.00      0.00      0.00      0.00
02:17:26 AM  32685.60    554.40   8108.40   8108.00    691.60      0.00      0.00      0.00      0.00      0.00
02:17:31 AM    408.80     92.00      0.60      0.40     42.40      0.00      0.00      0.00      0.00      0.00
02:17:36 AM      3.20      4.00   5252.00   5251.40      8.80      0.00      0.00      0.00      0.00      0.00
02:17:41 AM      0.80      0.00      0.20      0.20      3.80      0.00      0.00      0.00      0.00      0.00
02:17:46 AM      0.00      0.00      0.00      0.00      4.00      0.00      0.00      0.00      0.00      0.00
02:17:51 AM      0.00      0.00      0.20      0.00      3.80      0.00      0.00      0.00      0.00      0.00
02:17:56 AM      0.00      0.00      0.00      0.00      4.80      0.00      0.00      0.00      0.00      0.00
02:18:01 AM      0.00     32.00      0.00      0.00      0.60      0.00      0.00      0.00      0.00      0.00
02:18:06 AM      0.00    111.20      0.00      0.00      3.80      0.00      0.00      0.00      0.00      0.00
02:18:11 AM      0.00      4.80      0.00      0.00      4.00      0.00      0.00      0.00      0.00      0.00
02:18:16 AM      0.00      0.00      0.00      0.00      3.80      0.00      0.00      0.00      0.00      0.00
02:18:21 AM      0.00      0.00      0.00      0.00      4.00      0.00      0.00      0.00      0.00      0.00
02:18:26 AM      0.00      0.00      0.00      0.00      3.79      0.00      0.00      0.00      0.00      0.00
02:18:31 AM      0.80      0.00      0.60      0.20      0.60      0.00      0.00      0.00      0.00      0.00
02:18:36 AM      0.00     32.00      0.00      0.00      3.80      0.00      0.00      0.00      0.00      0.00
02:18:41 AM      0.00     92.00      0.00      0.00      3.80      0.00      0.00      0.00      0.00      0.00
02:18:46 AM      0.00      4.80      0.00      0.00      4.00      0.00      0.00      0.00      0.00      0.00
02:18:51 AM      0.00      0.00      0.00      0.00      3.80      0.00      0.00      0.00      0.00      0.00
02:18:56 AM      0.80   2750.40      0.20      0.20    927.60      0.00      0.00      0.00      0.00      0.00
02:19:01 AM    403.20   6565.60      1.20      1.00   1990.40      0.00      0.00      0.00      0.00      0.00
02:19:06 AM      0.00   5168.80      0.00      0.00   1575.60      0.00      0.00      0.00      0.00      0.00
02:19:11 AM      0.00   3846.40      0.00      0.00   1144.60      0.00      0.00      0.00      0.00      0.00
02:19:16 AM      0.00    942.40      0.00      0.00    259.40      0.00      0.00      0.00      0.00      0.00
02:19:21 AM     53.60   1038.40      4.00      3.60    314.00      0.00      0.00      0.00      0.00      0.00
02:19:26 AM      0.00    228.00      0.00      0.00     79.20      0.00      0.00      0.00      0.00      0.00
02:19:31 AM     80.00   7508.00      1.60      1.00   2056.80      0.00      0.00      0.00      0.00      0.00
02:19:36 AM  15868.80   2488.80   3963.80   3963.60    790.00      0.00      0.00      0.00      0.00      0.00
02:19:41 AM     35.20      0.00      0.00      8.80    107.00      0.00      0.00      0.00      0.00      0.00
02:19:46 AM     53.60    204.00      0.80      0.60     72.40      0.00      0.00      0.00      0.00      0.00
02:19:51 AM    393.60   1768.80      9.00      1.40    471.80      0.00      0.00      0.00      0.00      0.00
02:19:56 AM    272.00   4520.80      0.60      0.40   1446.60      0.00      0.00      0.00      0.00      0.00
02:20:01 AM      0.00   1070.40      5.80      0.00    382.40      0.00      0.00      0.00      0.00      0.00
02:20:06 AM      0.00   5536.00      0.00      0.00   1547.80      0.00      0.00      0.00      0.00      0.00
02:20:11 AM    285.60   1872.80      7.40      4.80    595.40      0.00      0.00      0.00      0.00      0.00
02:20:16 AM      0.00   2340.80      0.00      0.00    615.40      0.00      0.00      0.00      0.00      0.00
02:20:21 AM      0.00   1445.60      0.00      0.00    318.80      0.00      0.00      0.00      0.00      0.00
02:20:26 AM      0.00    101.60      0.00      0.00     34.60      0.00      0.00      0.00      0.00      0.00
02:20:31 AM      4.00     30.40      2.20      1.00      7.20      0.00      0.00      0.00      0.00      0.00
02:20:36 AM      0.80   2788.80      0.20      0.20    829.60      0.00      0.00      0.00      0.00      0.00
02:20:41 AM     20.00    129.60      0.80      5.00    139.40      0.00      0.00      0.00      0.00      0.00
02:20:46 AM      0.00   5418.40      0.00      0.00   1360.40      0.00      0.00      0.00      0.00      0.00
02:20:51 AM      0.00   2530.40      0.00      0.00    686.00      0.00      0.00      0.00      0.00      0.00
02:20:56 AM      4.00   1737.60      1.00      1.00    568.20      0.00      0.00      0.00      0.00      0.00
02:21:01 AM      0.00     44.00      0.00      0.00     11.80      0.00      0.00      0.00      0.00      0.00
02:21:06 AM      0.80     64.80      0.20      0.20     19.20      0.00      0.00      0.00      0.00      0.00
02:21:11 AM      0.80    232.00      0.00      0.00     84.20      0.00      0.00      0.00      0.00      0.00
02:21:16 AM  48067.20    965.60  11957.60  11955.80    510.60      0.00      0.00      0.00      0.00      0.00
02:21:21 AM     95.20     48.00      4.60      4.40    327.40      0.00      0.00      0.00      0.00      0.00
02:21:26 AM  21239.20      0.00   7754.80   7754.00     76.20      0.00      0.00      0.00      0.00      0.00
02:21:31 AM   1118.40      0.00    310.00     21.00    501.60      0.00      0.00      0.00      0.00      0.00
02:21:36 AM  18550.40    136.80   4638.40   4637.60   1320.20      0.00      0.00      0.00      0.00      0.00
02:21:41 AM      0.00      4.80      0.00      0.00    208.60      0.00      0.00      0.00      0.00      0.00
02:21:46 AM      0.00      0.00      0.00      0.00      4.00      0.00      0.00      0.00      0.00      0.00
02:21:51 AM      0.00      0.00      0.00      0.00    208.60      0.00      0.00      0.00      0.00      0.00
02:21:56 AM      0.00      0.00      0.00      0.00      4.00      0.00      0.00      0.00      0.00      0.00
02:22:01 AM      0.00      0.00      0.00      0.00    103.00      0.00      0.00      0.00      0.00      0.00
02:22:06 AM      0.00     32.00      0.00      0.00      4.00      0.00      0.00      0.00      0.00      0.00
02:22:11 AM      0.00     92.00      0.00      0.00    720.60      0.00      0.00      0.00      0.00      0.00
02:22:16 AM      0.00      4.00      0.00      0.00      3.80      0.00      0.00      0.00      0.00      0.00
02:22:21 AM      0.00      0.00      0.00      0.00    618.40      0.00      0.00      0.00      0.00      0.00
02:22:26 AM      0.00      0.00      0.00      0.00      3.80      0.00      0.00      0.00      0.00      0.00
02:22:31 AM      0.00      0.00      0.00      0.00    818.16      0.00      0.00      0.00      0.00      0.00
02:22:36 AM      0.00      0.00      0.00      0.00      3.80      0.00      0.00      0.00      0.00      0.00
02:22:41 AM      0.00     32.00      0.00      0.00    823.20      0.00      0.00      0.00      0.00      0.00
02:22:46 AM      0.00    111.20      0.00      0.00      3.80      0.00      0.00      0.00      0.00      0.00
02:22:51 AM      0.00      4.00      0.00      0.00    515.80      0.00      0.00      0.00      0.00      0.00
02:22:56 AM      0.00      0.00      0.00      0.00      4.00      0.00      0.00      0.00      0.00      0.00
02:23:01 AM      0.00      0.00      0.00      0.00    410.20      0.00      0.00      0.00      0.00      0.00
02:23:06 AM      0.00      0.00      0.00      0.00      4.00      0.00      0.00      0.00      0.00      0.00
02:23:11 AM      0.00      0.00      0.00      0.00      3.80      0.00      0.00      0.00      0.00      0.00
02:23:16 AM      0.00     32.00      0.00      0.00      4.00      0.00      0.00      0.00      0.00      0.00
02:23:21 AM      0.00     92.00      0.00      0.00      3.80      0.00      0.00      0.00      0.00      0.00
02:23:26 AM      0.00      7.20      0.00      0.00    312.00      0.00      0.00      0.00      0.00      0.00
02:23:31 AM      0.00   2088.00      0.00      0.00    537.80      0.00      0.00      0.00      0.00      0.00
02:23:36 AM      0.80  10452.80      0.00      0.20   3447.40      0.00      0.00      0.00      0.00      0.00
02:23:41 AM      0.00   4024.00      0.00      0.00   1012.00      0.00      0.00      0.00      0.00      0.00
02:23:46 AM     15.20   1869.60      0.40      3.60   1038.20      0.00      0.00      0.00      0.00      0.00
02:23:51 AM      1.60     32.80      0.60      0.60      4.20      0.00      0.00      0.00      0.00      0.00
02:23:56 AM   1207.20    652.00    270.20    280.80    652.80      0.00      0.00      0.00      0.00      0.00
02:24:01 AM   1564.00   3281.60    391.00    391.00    834.40      0.00      0.00      0.00      0.00      0.00
02:24:06 AM      7.20      0.00      0.00      1.80    618.40      0.00      0.00      0.00      0.00      0.00
02:24:11 AM      0.00      0.00      0.00      0.00      4.00      0.00      0.00      0.00      0.00      0.00
02:24:16 AM      0.00      0.00      0.00      0.00    823.00      0.00      0.00      0.00      0.00      0.00
02:24:21 AM      0.00      0.00      0.00      0.00      3.80      0.00      0.00      0.00      0.00      0.00
02:24:26 AM      0.00     32.00      0.00      0.00    823.20      0.00      0.00      0.00      0.00      0.00
02:24:31 AM      0.00     92.00      0.00      0.00      0.40      0.00      0.00      0.00      0.00      0.00
02:24:36 AM      2.40      4.80      0.00      0.60    209.20      0.00      0.00      0.00      0.00      0.00
02:24:41 AM      0.00      0.00      0.00      0.00      4.40      0.00      0.00      0.00      0.00      0.00
02:24:46 AM      0.00      0.00      0.00      0.00      4.40      0.00      0.00      0.00      0.00      0.00
02:24:51 AM      0.00      0.00      6.20      0.00      4.80      0.00      0.00      0.00      0.00      0.00
02:24:56 AM      3.20      0.00      0.80      0.80      4.60      0.00      0.00      0.00      0.00      0.00
02:25:01 AM      0.00    101.60      5.60      0.00      1.40      0.00      0.00      0.00      0.00      0.00
02:25:06 AM      0.00    136.80      0.00      0.00      4.20      0.00      0.00      0.00      0.00      0.00
02:25:11 AM      0.00      4.00      0.00      0.00      4.40      0.00      0.00      0.00      0.00      0.00
02:25:16 AM      0.00      0.00      0.00      0.00      3.80      0.00      0.00      0.00      0.00      0.00
02:25:21 AM      0.00   3708.80      0.00      0.00    925.60      0.00      0.00      0.00      0.00      0.00
02:25:26 AM   9228.00  10944.80   2302.20   2307.00   2997.80      0.00      0.00      0.00      0.00      0.00
02:25:31 AM    675.20   1908.00    168.80    168.80    473.40      0.00      0.00      0.00      0.00      0.00
02:25:36 AM      0.00   2450.40      0.00      0.00    629.40      0.00      0.00      0.00      0.00      0.00
02:25:41 AM      1.60    117.60      0.40      0.40      4.00      0.00      0.00      0.00      0.00      0.00
02:25:46 AM      0.00      4.80      0.00      0.00      3.80      0.00      0.00      0.00      0.00      0.00
02:25:51 AM      0.00      0.00      0.00      0.00      3.80      0.00      0.00      0.00      0.00      0.00
02:25:56 AM      0.00      0.00      0.00      0.00      4.00      0.00      0.00      0.00      0.00      0.00
02:26:01 AM     80.80   4069.60      0.20      0.20   1023.00      0.00      0.00      0.00      0.00      0.00
02:26:06 AM   5088.00      0.00   1260.00   1272.00   1675.60      0.00      0.00      0.00      0.00      0.00
02:26:11 AM    927.20     32.00    231.80    231.80    243.20      0.00      0.00      0.00      0.00      0.00
02:26:16 AM     34.40    111.20      0.00      8.60    722.40      0.00      0.00      0.00      0.00      0.00
02:26:21 AM      0.00      4.00      0.00      0.00      3.80      0.00      0.00      0.00      0.00      0.00
02:26:26 AM      0.00      0.00      0.00      0.00      3.80      0.00      0.00      0.00      0.00      0.00
02:26:31 AM   1180.84      0.00    296.81      7.78    292.81      0.00      0.00      0.00      0.00      0.00
02:26:36 AM      0.00      0.00      0.00      0.00      3.80      0.00      0.00      0.00      0.00      0.00
02:26:41 AM      0.00      0.00      0.00      0.00      4.00      0.00      0.00      0.00      0.00      0.00
02:26:46 AM      0.00     32.00      0.00      0.00      3.80      0.00      0.00      0.00      0.00      0.00
02:26:51 AM      0.00     92.00      0.00      0.00      4.00      0.00      0.00      0.00      0.00      0.00
02:26:56 AM      0.00      5.60      0.00      0.00      3.80      0.00      0.00      0.00      0.00      0.00
02:27:01 AM     37.60      0.00      0.00      9.40    309.00      0.00      0.00      0.00      0.00      0.00
02:27:06 AM      0.00      0.00      0.00      0.00      3.80      0.00      0.00      0.00      0.00      0.00
02:27:11 AM      0.80      0.00      0.20      0.20      4.80      0.00      0.00      0.00      0.00      0.00
02:27:16 AM      0.00      0.00      0.00      0.00      4.00      0.00      0.00      0.00      0.00      0.00
02:27:21 AM      0.00    630.40      0.00      0.00    193.00      0.00      0.00      0.00      0.00      0.00
02:27:26 AM     12.80   3914.40      0.00      0.00   1746.60      0.00      0.00      0.00      0.00      0.00
02:27:31 AM    205.60   3759.20      1.00      0.60   1692.00      0.00      0.00      0.00      0.00      0.00
02:27:36 AM      0.00   5184.80      0.00      0.00   2047.40      0.00      0.00      0.00      0.00      0.00
02:27:41 AM      0.00    531.20      0.00      0.00    276.00      0.00      0.00      0.00      0.00      0.00
02:27:46 AM      5.60   1460.00      1.40      1.40    532.00      0.00      0.00      0.00      0.00      0.00
02:27:51 AM     86.40    553.60      0.20     21.60    593.80      0.00      0.00      0.00      0.00      0.00
02:27:56 AM      2.40    790.40      0.40      0.40    247.00      0.00      0.00      0.00      0.00      0.00
02:28:01 AM     48.00    105.60      0.60     12.20    519.20      0.00      0.00      0.00      0.00      0.00
02:28:06 AM      2.40     48.80      0.40      0.40     16.20      0.00      0.00      0.00      0.00      0.00
02:28:11 AM      4.00    532.00      1.00      1.20    425.40      0.00      0.00      0.00      0.00      0.00
02:28:16 AM      0.00   7144.00      0.20      0.00   2468.80      0.00      0.00      0.00      0.00      0.00
02:28:21 AM    206.40   4307.20   3602.20   3601.60   1707.80      0.00      0.00      0.00      0.00      0.00
02:28:26 AM      0.00   1016.80      0.00      0.00    289.80      0.00      0.00      0.00      0.00      0.00
02:28:31 AM     14.40   2008.00      1.20      0.40    938.60      0.00      0.00      0.00      0.00      0.00
02:28:36 AM      1.60   3561.60      0.40      0.40    903.20      0.00      0.00      0.00      0.00      0.00
02:28:41 AM      3.20    635.20      0.00      0.80    303.00      0.00      0.00      0.00      0.00      0.00
02:28:46 AM      0.00    861.60      0.00      0.00    502.40      0.00      0.00      0.00      0.00      0.00
02:28:51 AM      0.00    274.40      0.00      0.00    290.00      0.00      0.00      0.00      0.00      0.00
02:28:56 AM      1.60      0.00      0.40      0.40      4.00      0.00      0.00      0.00      0.00      0.00
02:29:01 AM      0.00    584.00      0.00      0.00    313.00      0.00      0.00      0.00      0.00      0.00
02:29:06 AM      0.00    891.20      0.00      0.00    432.00      0.00      0.00      0.00      0.00      0.00
02:29:11 AM      0.00     92.80      0.00      0.00    396.20      0.00      0.00      0.00      0.00      0.00
02:29:16 AM      0.00   2060.00      0.00      0.00    719.80      0.00      0.00      0.00      0.00      0.00
02:29:21 AM      6.40      0.00      0.00      1.60    268.40      0.00      0.00      0.00      0.00      0.00
02:29:26 AM  45267.20   1034.40  11316.80  11316.80   4886.20      0.00      0.00      0.00      0.00      0.00
02:29:31 AM  23360.00   2790.40   5801.20   5800.40   2283.80      0.00      0.00      0.00      0.00      0.00
02:29:36 AM     15.20      0.00      0.20      0.20      5.00      0.00      0.00      0.00      0.00      0.00
02:29:41 AM      0.00     32.00      0.00      0.00    516.60      0.00      0.00      0.00      0.00      0.00
02:29:46 AM      0.00    111.20      0.00      0.00      4.20      0.00      0.00      0.00      0.00      0.00
02:29:51 AM    480.80      4.00      8.40      1.00     35.60      0.00      0.00      0.00      0.00      0.00
02:29:56 AM      0.80      0.00      0.20      0.20      4.00      0.00      0.00      0.00      0.00      0.00
02:30:01 AM     55.89     67.07      6.79      0.60      1.80      0.00      0.00      0.00      0.00      0.00
02:30:06 AM      0.00      0.00      0.00      0.00      4.00      0.00      0.00      0.00      0.00      0.00
02:30:11 AM      0.00      0.00      0.00      0.00    209.20      0.00      0.00      0.00      0.00      0.00
02:30:16 AM      0.00     64.00      1.80      0.00      4.00      0.00      0.00      0.00      0.00      0.00
02:30:21 AM      0.00    153.60   3001.20   3001.00     12.40      0.00      0.00      0.00      0.00      0.00
02:30:26 AM      0.00      4.80      0.00      0.00      4.00      0.00      0.00      0.00      0.00      0.00
02:30:31 AM      0.80      0.00      0.20      0.20      1.80      0.00      0.00      0.00      0.00      0.00
02:30:36 AM      0.00      0.00      0.00      0.00      4.00      0.00      0.00      0.00      0.00      0.00
02:30:41 AM      0.00      0.00      0.00      0.00      3.80      0.00      0.00      0.00      0.00      0.00
02:30:46 AM      0.00      0.00      0.00      0.00    413.40      0.00      0.00      0.00      0.00      0.00
02:30:51 AM      0.00     32.00      0.00      0.00      4.00      0.00      0.00      0.00      0.00      0.00
02:30:56 AM      0.80    111.20      0.20      0.20    311.20      0.00      0.00      0.00      0.00      0.00
02:31:01 AM      0.00      7.20      0.00      0.00      0.60      0.00      0.00      0.00      0.00      0.00
02:31:06 AM      0.00      0.00      0.00      0.00    106.20      0.00      0.00      0.00      0.00      0.00
02:31:11 AM     13.60      0.00      0.20      0.20      7.20      0.00      0.00      0.00      0.00      0.00
02:31:16 AM      0.00      0.00      0.00      0.00    823.20      0.00      0.00      0.00      0.00      0.00
02:31:21 AM      0.00      0.00      0.00      0.00      4.00      0.00      0.00      0.00      0.00      0.00
02:31:26 AM      0.00     32.00      0.00      0.00    515.80      0.00      0.00      0.00      0.00      0.00
02:31:31 AM    336.00     92.00    299.40      9.80    143.60      0.00      0.00      0.00      0.00      0.00
02:31:36 AM      0.00      4.00      0.00      0.00      4.00      0.00      0.00      0.00      0.00      0.00
02:31:41 AM      0.00      0.00      0.00      0.00      3.80      0.00      0.00      0.00      0.00      0.00
02:31:46 AM      0.00      0.00      0.00      0.00      4.00      0.00      0.00      0.00      0.00      0.00
02:31:51 AM      0.00      0.00      0.00      0.00      3.80      0.00      0.00      0.00      0.00      0.00
02:31:56 AM      0.00   2109.60      0.00      0.00    778.40      0.00      0.00      0.00      0.00      0.00
02:32:01 AM      0.00   6760.80      0.00      0.00   2169.40      0.00      0.00      0.00      0.00      0.00
02:32:06 AM      0.00   4095.20      0.00      0.00   1196.40      0.00      0.00      0.00      0.00      0.00
02:32:11 AM      2.40   3813.60      0.40      0.60   1108.20      0.00      0.00      0.00      0.00      0.00
02:32:16 AM     10.40   1601.60      0.60      2.60    749.20      0.00      0.00      0.00      0.00      0.00
02:32:21 AM      0.00   4138.40   1273.20   1273.20   1344.80      0.00      0.00      0.00      0.00      0.00
02:32:26 AM     20.00      0.00      0.00      5.00    413.40      0.00      0.00      0.00      0.00      0.00
02:32:31 AM      0.00      0.00      0.00      0.00      0.60      0.00      0.00      0.00      0.00      0.00
02:32:36 AM     35.20     32.00      0.00      8.80    311.00      0.00      0.00      0.00      0.00      0.00
02:32:41 AM      0.00     92.00      0.00      0.00      4.00      0.00      0.00      0.00      0.00      0.00
02:32:46 AM     72.00      4.00      0.00     18.00    823.00      0.00      0.00      0.00      0.00      0.00
02:32:51 AM      0.00      0.00      0.00      0.00      3.80      0.00      0.00      0.00      0.00      0.00
02:32:56 AM     56.80      0.00      0.20     14.20    516.00      0.00      0.00      0.00      0.00      0.00
02:33:01 AM      0.00      0.00      0.00      0.00      0.40      0.00      0.00      0.00      0.00      0.00
02:33:06 AM     16.00      0.00      0.00      4.00    618.40      0.00      0.00      0.00      0.00      0.00
02:33:11 AM      0.00     32.00      0.00      0.00      3.80      0.00      0.00      0.00      0.00      0.00
02:33:16 AM      0.00    111.20      0.00      0.00      4.20      0.00      0.00      0.00      0.00      0.00
02:33:21 AM      0.00      4.80      0.00      0.00      3.80      0.00      0.00      0.00      0.00      0.00
02:33:26 AM     10.40      0.00      0.00      2.60    106.40      0.00      0.00      0.00      0.00      0.00
02:33:31 AM   7026.40   2064.00   1756.60   1756.60    973.80      0.00      0.00      0.00      0.00      0.00
02:33:36 AM      0.00      0.00      0.00      0.00      3.80      0.00      0.00      0.00      0.00      0.00
02:33:41 AM      0.00      0.00      0.00      0.00      4.00      0.00      0.00      0.00      0.00      0.00
02:33:46 AM      0.00     32.00      0.00      0.00      3.80      0.00      0.00      0.00      0.00      0.00
02:33:51 AM      0.00     92.00      0.00      0.00      4.00      0.00      0.00      0.00      0.00      0.00
02:33:56 AM      0.00      4.79      0.00      0.00      3.79      0.00      0.00      0.00      0.00      0.00
02:34:01 AM     70.40      0.00      0.00     17.60    410.20      0.00      0.00      0.00      0.00      0.00
02:34:06 AM      0.00      0.00      0.00      0.00      3.80      0.00      0.00      0.00      0.00      0.00
02:34:11 AM      0.00      0.00      0.00      0.00      4.00      0.00      0.00      0.00      0.00      0.00
02:34:16 AM      0.00      0.00      0.00      0.00      3.80      0.00      0.00      0.00      0.00      0.00
02:34:21 AM      0.00     32.00      0.00      0.00      4.00      0.00      0.00      0.00      0.00      0.00
02:34:26 AM    425.60    111.20    106.60    106.40      4.80      0.00      0.00      0.00      0.00      0.00
02:34:31 AM      0.00      5.60      0.00      0.00      0.40      0.00      0.00      0.00      0.00      0.00
02:34:36 AM      0.00      0.00      0.00      0.00      4.40      0.00      0.00      0.00      0.00      0.00
02:34:41 AM      0.00      0.00      0.00      0.00      4.40      0.00      0.00      0.00      0.00      0.00
02:34:46 AM      0.00      0.00      0.00      0.00      4.40      0.00      0.00      0.00      0.00      0.00
02:34:51 AM      0.00      0.00      5.80      0.00      4.20      0.00      0.00      0.00      0.00      0.00
02:34:56 AM      0.00     64.00      0.00      0.00      4.40      0.00      0.00      0.00      0.00      0.00
02:35:01 AM    124.80    181.60      0.40      0.20      2.20      0.00      0.00      0.00      0.00      0.00
02:35:06 AM      0.00     18.40      5.80      0.00      5.00      0.00      0.00      0.00      0.00      0.00
02:35:11 AM      0.00      0.00      0.00      0.00      4.20      0.00      0.00      0.00      0.00      0.00
02:35:16 AM      0.00      0.00      0.00      0.00      3.80      0.00      0.00      0.00      0.00      0.00
02:35:21 AM      0.00     22.40      0.00      0.00      4.20      0.00      0.00      0.00      0.00      0.00
02:35:26 AM      0.00      0.00      0.00      0.00      3.80      0.00      0.00      0.00      0.00      0.00
02:35:31 AM      0.00    194.40      0.00      0.00      1.00      0.00      0.00      0.00      0.00      0.00
02:35:36 AM      0.00      0.00      0.00      0.00      3.80      0.00      0.00      0.00      0.00      0.00
02:35:41 AM      0.00      4.00      0.00      0.00      3.80      0.00      0.00      0.00      0.00      0.00
02:35:46 AM      0.00      0.00      0.00      0.00      4.00      0.00      0.00      0.00      0.00      0.00
02:35:51 AM      0.00      0.00      0.00      0.00      3.80      0.00      0.00      0.00      0.00      0.00
02:35:56 AM      0.00      0.00      0.00      0.00      4.00      0.00      0.00      0.00      0.00      0.00
02:36:01 AM      0.00      0.00      0.00      0.00    202.80      0.00      0.00      0.00      0.00      0.00
02:36:06 AM      0.00   3538.40      0.00      0.00   2786.80      0.00      0.00      0.00      0.00      0.00
02:36:11 AM      0.00   1433.60      0.00      0.00    987.80      0.00      0.00      0.00      0.00      0.00
02:36:16 AM      0.00    624.80      0.00      0.00    300.40      0.00      0.00      0.00      0.00      0.00
02:36:21 AM      0.00   2330.40      0.00      0.00   1964.40      0.00      0.00      0.00      0.00      0.00
02:36:26 AM      0.00   1328.00   2560.00   2560.00   1067.00      0.00      0.00      0.00      0.00      0.00
02:36:31 AM   1092.00   1153.60    292.20      4.80    760.80      0.00      0.00      0.00      0.00      0.00
02:36:36 AM      0.00      0.00      0.00      0.00      3.80      0.00      0.00      0.00      0.00      0.00
02:36:41 AM      0.00     32.00      0.00      0.00      4.00      0.00      0.00      0.00      0.00      0.00
02:36:46 AM      0.00    111.20      0.00      0.00      3.80      0.00      0.00      0.00      0.00      0.00
02:36:51 AM      0.00      5.60      0.00      0.00      4.00      0.00      0.00      0.00      0.00      0.00
02:36:56 AM      0.00      0.00      0.00      0.00      3.80      0.00      0.00      0.00      0.00      0.00
02:37:01 AM      0.00      0.00      0.00      0.00      0.60      0.00      0.00      0.00      0.00      0.00
02:37:06 AM      0.00      0.00      0.00      0.00      3.80      0.00      0.00      0.00      0.00      0.00
02:37:11 AM      0.00      0.00      0.00      0.00      3.80      0.00      0.00      0.00      0.00      0.00
02:37:16 AM      0.00     32.00      0.00      0.00      4.00      0.00      0.00      0.00      0.00      0.00
02:37:21 AM      0.00     92.00      0.60      0.00      4.00      0.00      0.00      0.00      0.00      0.00
02:37:26 AM  28803.19      3.99   7132.34   7131.74     21.56      0.00      0.00      0.00      0.00      0.00
02:37:31 AM      0.00      0.00      0.80      0.00      0.40      0.00      0.00      0.00      0.00      0.00
02:37:36 AM      0.80      0.00   2593.00   2592.20     14.80      0.00      0.00      0.00      0.00      0.00
02:37:41 AM      0.00      0.00      0.00      0.00      4.00      0.00      0.00      0.00      0.00      0.00
02:37:46 AM      0.00      0.00      0.00      0.00      4.00      0.00      0.00      0.00      0.00      0.00
02:37:51 AM      0.00     32.00      0.00      0.00      3.80      0.00      0.00      0.00      0.00      0.00
02:37:56 AM      0.00    111.20      0.00      0.00      3.80      0.00      0.00      0.00      0.00      0.00
02:38:01 AM      0.00      5.60      0.00      0.00      0.60      0.00      0.00      0.00      0.00      0.00
02:38:06 AM      0.00      0.00      0.00      0.00      3.80      0.00      0.00      0.00      0.00      0.00
02:38:11 AM      0.00      0.00      0.00      0.00      4.00      0.00      0.00      0.00      0.00      0.00
02:38:16 AM      0.00      0.00      0.00      0.00      3.80      0.00      0.00      0.00      0.00      0.00
02:38:21 AM      0.00      0.00      0.00      0.00      4.00      0.00      0.00      0.00      0.00      0.00
02:38:26 AM      0.00     32.00      0.00      0.00      4.00      0.00      0.00      0.00      0.00      0.00
02:38:31 AM      0.00     92.00      0.40      0.00      0.60      0.00      0.00      0.00      0.00      0.00
02:38:36 AM      0.00      4.80      0.00      0.00      3.80      0.00      0.00      0.00      0.00      0.00
02:38:41 AM      0.00      0.00      0.00      0.00      3.80      0.00      0.00      0.00      0.00      0.00
02:38:46 AM      0.00      0.00      0.00      0.00      4.00      0.00      0.00      0.00      0.00      0.00
02:38:51 AM      0.00      0.00      0.00      0.00      3.80      0.00      0.00      0.00      0.00      0.00
02:38:56 AM      0.00      0.00      0.00      0.00      4.00      0.00      0.00      0.00      0.00      0.00
02:39:01 AM      0.00     32.00      0.00      0.00      0.40      0.00      0.00      0.00      0.00      0.00
02:39:06 AM      0.00    111.20      0.00      0.00      4.00      0.00      0.00      0.00      0.00      0.00
02:39:11 AM      0.00   2389.60      0.00      0.00    751.40      0.00      0.00      0.00      0.00      0.00
02:39:16 AM      0.00      0.00      0.00      0.00      3.80      0.00      0.00      0.00      0.00      0.00
02:39:21 AM      0.00    649.60      0.00      0.00    350.40      0.00      0.00      0.00      0.00      0.00
02:39:26 AM      0.00   1803.20      0.00      0.00    689.20      0.00      0.00      0.00      0.00      0.00
02:39:31 AM    160.80   3296.80      1.20      0.60   1042.40      0.00      0.00      0.00      0.00      0.00
02:39:36 AM      0.00    591.20      0.00      0.00    325.40      0.00      0.00      0.00      0.00      0.00
02:39:41 AM      0.00   1084.00      0.00      0.00    398.40      0.00      0.00      0.00      0.00      0.00
02:39:46 AM      0.00   4913.60      0.60      0.00   2052.40      0.00      0.00      0.00      0.00      0.00
02:39:51 AM     94.40   4955.20     10.40      3.40   2059.00      0.00      0.00      0.00      0.00      0.00
02:39:56 AM      0.00   5667.20      0.00      0.00   1867.80      0.00      0.00      0.00      0.00      0.00
02:40:01 AM      0.00   2738.40      0.60      0.00    897.80      0.00      0.00      0.00      0.00      0.00
02:40:06 AM    354.40   1201.60      6.20      0.40    526.20      0.00      0.00      0.00      0.00      0.00
02:40:11 AM      0.80   1421.60      0.00      0.20    579.80      0.00      0.00      0.00      0.00      0.00
02:40:16 AM     11.20    174.40      2.20      2.00     12.00      0.00      0.00      0.00      0.00      0.00
02:40:21 AM      0.00     64.80      0.00      0.00     17.40      0.00      0.00      0.00      0.00      0.00
02:40:26 AM      4.00   1831.20      1.00      1.00   1034.40      0.00      0.00      0.00      0.00      0.00
02:40:31 AM    427.20   1471.20   3124.80   3123.00    805.00      0.00      0.00      0.00      0.00      0.00
02:40:36 AM     13.60   6824.00      0.60      0.60   2115.80      0.00      0.00      0.00      0.00      0.00
02:40:41 AM      4.80   3758.40      1.20      1.20    991.00      0.00      0.00      0.00      0.00      0.00
02:40:46 AM      0.00   1555.20      0.00      0.00    698.00      0.00      0.00      0.00      0.00      0.00
02:40:51 AM      0.00   3847.20      0.00      0.00   1120.40      0.00      0.00      0.00      0.00      0.00
02:40:56 AM      1.60   8585.60      0.40      0.40   2266.80      0.00      0.00      0.00      0.00      0.00
02:41:01 AM      0.00   2549.60      0.00      0.00    640.60      0.00      0.00      0.00      0.00      0.00
02:41:06 AM      0.80    156.80      0.20      0.20     43.00      0.00      0.00      0.00      0.00      0.00
02:41:11 AM    363.20    698.40      2.60      4.80    300.60      0.00      0.00      0.00      0.00      0.00
02:41:16 AM      0.00   1302.40      0.00      0.00    330.00      0.00      0.00      0.00      0.00      0.00
02:41:21 AM     28.74   1481.84      0.00      7.19    879.44      0.00      0.00      0.00      0.00      0.00
02:41:26 AM      0.00    742.40      0.00      0.00    178.80      0.00      0.00      0.00      0.00      0.00
02:41:31 AM    988.80    712.00    298.60      8.20    582.60      0.00      0.00      0.00      0.00      0.00
02:41:36 AM  33315.20   4514.40   8329.00   8328.80   1199.20      0.00      0.00      0.00      0.00      0.00
02:41:41 AM     27.20   1741.60      0.00      6.80   1277.00      0.00      0.00      0.00      0.00      0.00
02:41:46 AM      0.00      0.00      0.00      0.00      4.00      0.00      0.00      0.00      0.00      0.00
02:41:51 AM      0.00      0.00      0.00      0.00    208.60      0.00      0.00      0.00      0.00      0.00
02:41:56 AM      0.00     32.00      0.00      0.00      4.00      0.00      0.00      0.00      0.00      0.00
02:42:01 AM      7.20     92.00      0.00      1.80    102.80      0.00      0.00      0.00      0.00      0.00
02:42:06 AM      0.00      5.60      0.00      0.00      3.80      0.00      0.00      0.00      0.00      0.00
02:42:11 AM      8.00      0.00      0.00      2.00    208.80      0.00      0.00      0.00      0.00      0.00
02:42:16 AM      0.00   1837.60      0.00      0.00    628.00      0.00      0.00      0.00      0.00      0.00
02:42:21 AM      0.00   4142.40      0.20      0.00   1205.20      0.00      0.00      0.00      0.00      0.00
02:42:26 AM      0.00   3956.00      0.00      0.00   1067.60      0.00      0.00      0.00      0.00      0.00
02:42:31 AM     10.40   2940.80      0.40      2.60    933.00      0.00      0.00      0.00      0.00      0.00
02:42:36 AM  18248.00   7074.40   4539.80   4539.80   2367.40      0.00      0.00      0.00      0.00      0.00
02:42:41 AM      0.00      4.00      0.00      0.00    413.60      0.00      0.00      0.00      0.00      0.00
02:42:46 AM     12.00   2691.20      3.00      3.00    683.40      0.00      0.00      0.00      0.00      0.00
02:42:51 AM      0.00   2057.60      0.00      0.00   1337.40      0.00      0.00      0.00      0.00      0.00
02:42:56 AM      1.60    600.80      0.40      0.40    160.60      0.00      0.00      0.00      0.00      0.00
02:43:01 AM      0.00   1212.80      0.00      0.00   1026.80      0.00      0.00      0.00      0.00      0.00
02:43:06 AM      0.00   1743.20      0.00      0.00    489.00      0.00      0.00      0.00      0.00      0.00
02:43:11 AM     64.00   2465.60      4.20     16.00   1427.20      0.00      0.00      0.00      0.00      0.00
02:43:16 AM      0.00   4103.20      0.00      0.00   1037.20      0.00      0.00      0.00      0.00      0.00
02:43:21 AM    355.20   2392.80      1.60      7.40   1432.80      0.00      0.00      0.00      0.00      0.00
02:43:26 AM      0.00   2241.60      0.00      0.00    564.60      0.00      0.00      0.00      0.00      0.00
02:43:31 AM      5.60    118.40      2.00      1.40    337.40      0.00      0.00      0.00      0.00      0.00
02:43:36 AM      4.00   1728.80      1.00      1.00    441.40      0.00      0.00      0.00      0.00      0.00
02:43:41 AM      0.80    144.00      0.00      0.20    339.20      0.00      0.00      0.00      0.00      0.00
02:43:46 AM      3.20   2042.40      0.00      0.00    478.20      0.00      0.00      0.00      0.00      0.00
02:43:51 AM      0.00   1191.20      0.00      0.00    300.80      0.00      0.00      0.00      0.00      0.00
02:43:56 AM      0.00     90.40      0.00      0.00     26.40      0.00      0.00      0.00      0.00      0.00
02:44:01 AM     24.80     14.40      1.60      6.20    414.80      0.00      0.00      0.00      0.00      0.00
02:44:06 AM      2.40    848.80      0.60      0.60    216.80      0.00      0.00      0.00      0.00      0.00
02:44:11 AM    112.00     16.00      0.00     28.00    725.60      0.00      0.00      0.00      0.00      0.00
02:44:16 AM      1.60    812.80      0.40      0.40    204.00      0.00      0.00      0.00      0.00      0.00
02:44:21 AM      7.20   3800.80      0.00      1.80   1797.00      0.00      0.00      0.00      0.00      0.00
02:44:26 AM      4.80   7261.60      1.20      1.20   1839.40      0.00      0.00      0.00      0.00      0.00
02:44:31 AM     24.80   7671.20      0.60      0.40   1943.20      0.00      0.00      0.00      0.00      0.00
02:44:36 AM  23739.20   7008.00   5931.20   5931.20   3512.60      0.00      0.00      0.00      0.00      0.00
02:44:41 AM      0.00    832.80      0.00      0.00    236.60      0.00      0.00      0.00      0.00      0.00
02:44:46 AM      0.80   3767.20      0.20      0.20   1697.60      0.00      0.00      0.00      0.00      0.00
02:44:51 AM    107.20   2196.00      8.40      0.80    537.00      0.00      0.00      0.00      0.00      0.00
02:44:56 AM     72.00    566.40      0.20     18.00    926.40      0.00      0.00      0.00      0.00      0.00
02:45:01 AM      0.00    371.26      0.00      0.00     96.01      0.00      0.00      0.00      0.00      0.00
02:45:06 AM    224.00   1228.00      0.60      4.20   1131.20      0.00      0.00      0.00      0.00      0.00
02:45:11 AM      0.00   2836.00      0.00      0.00    753.00      0.00      0.00      0.00      0.00      0.00
02:45:16 AM      0.80   3661.60      0.00      0.20   1260.20      0.00      0.00      0.00      0.00      0.00
02:45:21 AM      2.40   1407.20      0.60      0.60    351.80      0.00      0.00      0.00      0.00      0.00
02:45:26 AM  43172.00   6515.20  13771.40  13773.60   2118.80      0.00      0.00      0.00      0.00      0.00
02:45:31 AM    289.60    160.80      1.60      1.00     41.40      0.00      0.00      0.00      0.00      0.00
02:45:36 AM     36.00      5.60      0.00      9.00    208.80      0.00      0.00      0.00      0.00      0.00
02:45:41 AM  28994.40      0.00   7248.80   7248.60   2029.20      0.00      0.00      0.00      0.00      0.00
02:45:46 AM     28.80      0.00      0.00      7.20    208.80      0.00      0.00      0.00      0.00      0.00
02:45:51 AM      0.00      0.00      0.60      0.00      3.80      0.00      0.00      0.00      0.00      0.00
02:45:56 AM     13.60     32.00      0.00      3.40    208.80      0.00      0.00      0.00      0.00      0.00
02:46:01 AM      0.00      0.00      0.00      0.00      0.40      0.00      0.00      0.00      0.00      0.00
02:46:06 AM     16.00    117.60      0.00      4.00    311.20      0.00      0.00      0.00      0.00      0.00
02:46:11 AM     13.60      4.80      0.20      0.20      7.00      0.00      0.00      0.00      0.00      0.00
02:46:16 AM     74.40      0.00      0.00     18.60    311.20      0.00      0.00      0.00      0.00      0.00
02:46:21 AM      0.00      0.00      0.40      0.00      3.80      0.00      0.00      0.00      0.00      0.00
02:46:26 AM     76.80      0.00      0.00     19.20    311.80      0.00      0.00      0.00      0.00      0.00
02:46:31 AM      0.00      0.00      0.40      0.00      0.60      0.00      0.00      0.00      0.00      0.00
02:46:36 AM  19020.80     32.00   4787.00   4500.20   2077.20      0.00      0.00      0.00      0.00      0.00
02:46:41 AM      0.00     92.00      0.00      0.00      4.00      0.00      0.00      0.00      0.00      0.00
02:46:46 AM      0.00      4.80      0.00      0.00    823.00      0.00      0.00      0.00      0.00      0.00
02:46:51 AM      0.00      0.00      0.00      0.00      4.00      0.00      0.00      0.00      0.00      0.00
02:46:56 AM      0.00      0.00      0.00      0.00    311.00      0.00      0.00      0.00      0.00      0.00
02:47:01 AM      0.00      0.00      0.00      0.00      0.60      0.00      0.00      0.00      0.00      0.00
02:47:06 AM      0.00      0.00      0.00      0.00      3.80      0.00      0.00      0.00      0.00      0.00
02:47:11 AM      0.00     32.00      0.00      0.00      3.80      0.00      0.00      0.00      0.00      0.00
02:47:16 AM      0.00    111.20      0.00      0.00      4.00      0.00      0.00      0.00      0.00      0.00
02:47:21 AM      0.00      4.00      0.00      0.00      3.80      0.00      0.00      0.00      0.00      0.00
02:47:26 AM      0.00      0.00      0.00      0.00      4.80      0.00      0.00      0.00      0.00      0.00
02:47:31 AM      0.00      0.00      0.00      0.00      0.40      0.00      0.00      0.00      0.00      0.00
02:47:36 AM      0.00      0.00      0.00      0.00    209.00      0.00      0.00      0.00      0.00      0.00
02:47:41 AM      0.00      0.00      0.00      0.00      3.80      0.00      0.00      0.00      0.00      0.00
02:47:46 AM      0.00     32.00      0.00      0.00      4.00      0.00      0.00      0.00      0.00      0.00
02:47:51 AM      0.00   1339.20      0.00      0.00    327.20      0.00      0.00      0.00      0.00      0.00
02:47:56 AM     23.20   6644.80      0.00      5.80   2096.20      0.00      0.00      0.00      0.00      0.00
02:48:01 AM      0.00   2253.60      0.00      0.00    565.20      0.00      0.00      0.00      0.00      0.00
02:48:06 AM      0.00   3013.60      0.00      0.00    757.60      0.00      0.00      0.00      0.00      0.00
02:48:11 AM    124.80   2712.00      0.80      0.40    682.00      0.00      0.00      0.00      0.00      0.00
02:48:16 AM      2.40    393.60      0.60      0.60    102.20      0.00      0.00      0.00      0.00      0.00
02:48:21 AM    171.20    858.40      0.00     42.80    826.40      0.00      0.00      0.00      0.00      0.00
02:48:26 AM      0.00    118.40      0.00      0.00      6.60      0.00      0.00      0.00      0.00      0.00
02:48:31 AM    183.63   1475.45      1.40     29.14   1083.63      0.00      0.00      0.00      0.00      0.00
02:48:36 AM   9595.20   3173.60   2397.40   2397.20   1128.00      0.00      0.00      0.00      0.00      0.00
02:48:41 AM      2.40   4412.80      0.60      0.60   1492.00      0.00      0.00      0.00      0.00      0.00
02:48:46 AM      0.00      0.00      0.00      0.00      4.00      0.00      0.00      0.00      0.00      0.00
02:48:51 AM      0.00   1304.80      0.00      0.00    330.20      0.00      0.00      0.00      0.00      0.00
02:48:56 AM      0.80     32.00      0.20      0.20      4.00      0.00      0.00      0.00      0.00      0.00
02:49:01 AM      0.00   3189.60      0.00      0.00    781.40      0.00      0.00      0.00      0.00      0.00
02:49:06 AM      2.40      7.20      0.60      0.60      4.00      0.00      0.00      0.00      0.00      0.00
02:49:11 AM      0.00   2459.20      0.00      0.00    618.80      0.00      0.00      0.00      0.00      0.00
02:49:16 AM      0.00   2624.00      0.00      0.00    660.00      0.00      0.00      0.00      0.00      0.00
02:49:21 AM    726.40   4255.20      2.40     17.00   1436.40      0.00      0.00      0.00      0.00      0.00
02:49:26 AM      0.00   4069.60      0.00      0.00   1021.80      0.00      0.00      0.00      0.00      0.00
02:49:31 AM     33.60   3643.20      1.40      8.40   1012.40      0.00      0.00      0.00      0.00      0.00
02:49:36 AM     13.60   2112.80      0.20      0.20    512.60      0.00      0.00      0.00      0.00      0.00
02:49:41 AM     14.40   1436.00      0.00      3.60    471.60      0.00      0.00      0.00      0.00      0.00
02:49:46 AM      0.00    464.00      0.00      0.00    121.00      0.00      0.00      0.00      0.00      0.00
02:49:51 AM    260.00    479.20      7.80     10.00    329.00      0.00      0.00      0.00      0.00      0.00
02:49:56 AM      3.20     50.40      0.80      0.80     16.60      0.00      0.00      0.00      0.00      0.00
02:50:01 AM  12021.60   5742.40   2943.20   2964.20   2529.40      0.00      0.00      0.00      0.00      0.00
02:50:06 AM    260.00    100.80      7.00      1.00      5.80      0.00      0.00      0.00      0.00      0.00
02:50:11 AM     21.60    162.40      0.00      4.60    823.20      0.00      0.00      0.00      0.00      0.00
02:50:16 AM      0.00      4.00      0.00      0.00      4.00      0.00      0.00      0.00      0.00      0.00
02:50:21 AM     12.80     22.40      0.00      3.20    311.40      0.00      0.00      0.00      0.00      0.00
02:50:26 AM      0.00      0.00      0.00      0.00      4.00      0.00      0.00      0.00      0.00      0.00
02:50:31 AM      0.80      0.00      1.80      0.20      0.40      0.00      0.00      0.00      0.00      0.00
02:50:36 AM      0.00      0.00      0.00      0.00      4.00      0.00      0.00      0.00      0.00      0.00
02:50:41 AM  15609.60     32.00   3979.20   3889.60    418.20      0.00      0.00      0.00      0.00      0.00
02:50:46 AM      0.00    130.40      0.00      0.00      4.60      0.00      0.00      0.00      0.00      0.00
02:50:51 AM      0.00      4.00      0.00      0.00  12996.00      0.00      0.00      0.00      0.00      0.00
02:50:56 AM      0.80      0.00      0.20      0.20      3.80      0.00      0.00      0.00      0.00      0.00
02:51:01 AM      0.00      0.00      0.00      0.00    103.00      0.00      0.00      0.00      0.00      0.00
02:51:06 AM      0.00      0.00      0.00      0.00      3.80      0.00      0.00      0.00      0.00      0.00
02:51:11 AM     13.60      0.00      0.20      0.20    212.20      0.00      0.00      0.00      0.00      0.00
02:51:16 AM      0.00     32.00      0.00      0.00      3.80      0.00      0.00      0.00      0.00      0.00
02:51:21 AM      0.00    104.80      0.00      0.00    208.60      0.00      0.00      0.00      0.00      0.00
02:51:26 AM      0.00      4.00      0.00      0.00      4.80      0.00      0.00      0.00      0.00      0.00
02:51:31 AM      0.00      0.00      0.60      0.00    717.20      0.00      0.00      0.00      0.00      0.00
02:51:36 AM    488.80      0.00    291.40      6.20    194.20      0.00      0.00      0.00      0.00      0.00
02:51:41 AM      0.00      0.00      0.00      0.00      3.80      0.00      0.00      0.00      0.00      0.00
02:51:46 AM      0.00      0.00      0.00      0.00    823.40      0.00      0.00      0.00      0.00      0.00
02:51:51 AM      0.00     32.00      0.00      0.00      3.80      0.00      0.00      0.00      0.00      0.00
02:51:56 AM      3.20    130.40      0.00      0.00    823.20      0.00      0.00      0.00      0.00      0.00
02:52:01 AM      0.00      5.60      0.00      0.00      0.40      0.00      0.00      0.00      0.00      0.00
02:52:06 AM      0.00      0.00      0.00      0.00    311.00      0.00      0.00      0.00      0.00      0.00
02:52:11 AM      0.00      0.00      0.00      0.00      4.00      0.00      0.00      0.00      0.00      0.00
02:52:16 AM      0.00      0.00      0.00      0.00    310.38      0.00      0.00      0.00      0.00      0.00
02:52:21 AM      0.00      0.00      0.00      0.00      4.80      0.00      0.00      0.00      0.00      0.00
02:52:26 AM      0.00     32.00      0.00      0.00    208.60      0.00      0.00      0.00      0.00      0.00
02:52:31 AM      0.00   8794.40      0.00      0.00   2177.20      0.00      0.00      0.00      0.00      0.00
02:52:36 AM     40.00   4126.40      0.00     10.00   1342.00      0.00      0.00      0.00      0.00      0.00
02:52:41 AM      0.00   1361.60      0.00      0.00    345.20      0.00      0.00      0.00      0.00      0.00
02:52:46 AM      0.00    656.00      0.00      0.00    168.00      0.00      0.00      0.00      0.00      0.00
02:52:51 AM   6102.40   1536.00   1604.80   1604.40    545.00      0.00      0.00      0.00      0.00      0.00
02:52:56 AM      0.00      0.00      0.00      0.00    413.60      0.00      0.00      0.00      0.00      0.00
02:53:01 AM      0.00     32.00      0.00      0.00      0.40      0.00      0.00      0.00      0.00      0.00
02:53:06 AM      0.00    117.60      0.00      0.00    823.20      0.00      0.00      0.00      0.00      0.00
02:53:11 AM      0.00      5.60      0.00      0.00      3.80      0.00      0.00      0.00      0.00      0.00
02:53:16 AM      0.00      0.00      0.00      0.00    720.80      0.00      0.00      0.00      0.00      0.00
02:53:21 AM      0.00      0.00      0.00      0.00      3.80      0.00      0.00      0.00      0.00      0.00
02:53:26 AM   2119.20      0.00    530.00    529.80    823.60      0.00      0.00      0.00      0.00      0.00
02:53:31 AM  22246.40      0.00   5562.40   5561.60     50.20      0.00      0.00      0.00      0.00      0.00
02:53:36 AM      0.00     32.00      0.00      0.00    823.00      0.00      0.00      0.00      0.00      0.00
02:53:41 AM      0.00     92.00      0.00      0.00      4.00      0.00      0.00      0.00      0.00      0.00
02:53:46 AM      0.00      4.00      0.00      0.00    516.00      0.00      0.00      0.00      0.00      0.00
02:53:51 AM      0.00      0.00      0.00      0.00      4.00      0.00      0.00      0.00      0.00      0.00
02:53:56 AM      0.00      0.00      0.00      0.00    106.20      0.00      0.00      0.00      0.00      0.00
02:54:01 AM      0.00      0.00      0.00      0.00      1.40      0.00      0.00      0.00      0.00      0.00
02:54:06 AM   3688.00      0.00    922.20    922.00   1441.40      0.00      0.00      0.00      0.00      0.00
02:54:11 AM   2379.20     32.00    594.80    594.80    604.80      0.00      0.00      0.00      0.00      0.00
02:54:16 AM      0.00    111.20      0.00      0.00    311.00      0.00      0.00      0.00      0.00      0.00
02:54:21 AM      0.00      4.80      0.00      0.00      3.80      0.00      0.00      0.00      0.00      0.00
02:54:26 AM      0.00      0.00      0.00      0.00    516.00      0.00      0.00      0.00      0.00      0.00
02:54:31 AM      0.00      0.00      0.20      0.00      0.40      0.00      0.00      0.00      0.00      0.00
02:54:36 AM      0.00      0.00      0.00      0.00    414.00      0.00      0.00      0.00      0.00      0.00
02:54:41 AM      0.00      0.00      0.00      0.00      4.40      0.00      0.00      0.00      0.00      0.00
02:54:46 AM      0.00     32.00      0.00      0.00      4.60      0.00      0.00      0.00      0.00      0.00
02:54:51 AM      6.40    156.00      5.80      0.00      4.20      0.00      0.00      0.00      0.00      0.00
02:54:56 AM      0.00      4.00      0.20      0.00      4.20      0.00      0.00      0.00      0.00      0.00
02:55:01 AM      0.00      0.00      0.00      0.00      0.80      0.00      0.00      0.00      0.00      0.00
02:55:06 AM      0.00     36.80      5.60      0.00      5.80      0.00      0.00      0.00      0.00      0.00
02:55:11 AM      0.00      0.00      0.00      0.00      4.20      0.00      0.00      0.00      0.00      0.00
02:55:16 AM      0.00      0.00      0.00      0.00      3.80      0.00      0.00      0.00      0.00      0.00
02:55:21 AM      0.00    236.00      0.00      0.00      4.40      0.00      0.00      0.00      0.00      0.00
02:55:26 AM      0.00      0.00      0.00      0.00      3.80      0.00      0.00      0.00      0.00      0.00
02:55:31 AM      0.00   2937.60      0.00      0.00    777.80      0.00      0.00      0.00      0.00      0.00
02:55:36 AM      0.00   1215.20      0.00      0.00    496.60      0.00      0.00      0.00      0.00      0.00
02:55:41 AM      0.00      0.00      0.00      0.00      3.80      0.00      0.00      0.00      0.00      0.00
02:55:46 AM      0.00   3008.00      0.00      0.00    986.40      0.00      0.00      0.00      0.00      0.00
02:55:51 AM      0.00   8344.00      0.00      0.00   2522.80      0.00      0.00      0.00      0.00      0.00
02:55:56 AM      0.00   3980.00      0.00      0.00   1714.80      0.00      0.00      0.00      0.00      0.00
02:56:01 AM      0.00   3955.20      0.00      0.00   1109.20      0.00      0.00      0.00      0.00      0.00
02:56:06 AM      0.00   2832.73      0.00      0.00    899.80      0.00      0.00      0.00      0.00      0.00
02:56:11 AM      0.00   1940.80      0.00      0.00    997.20      0.00      0.00      0.00      0.00      0.00
02:56:16 AM      0.00   3164.80      0.00      0.00    996.00      0.00      0.00      0.00      0.00      0.00
02:56:21 AM     83.20   1140.00      0.40      0.20    296.20      0.00      0.00      0.00      0.00      0.00
02:56:26 AM      0.00    550.40      0.00      0.00    189.20      0.00      0.00      0.00      0.00      0.00
02:56:31 AM     83.20    420.00      0.40      0.20    140.80      0.00      0.00      0.00      0.00      0.00
02:56:36 AM    824.80    228.00    292.60      5.00    279.80      0.00      0.00      0.00      0.00      0.00
02:56:41 AM      0.00   4132.80      0.00      0.00   1494.20      0.00      0.00      0.00      0.00      0.00
02:56:46 AM      0.00   2902.40      0.00      0.00   1308.60      0.00      0.00      0.00      0.00      0.00
02:56:51 AM     28.00   4992.00      1.00      0.40   1649.60      0.00      0.00      0.00      0.00      0.00
02:56:56 AM  22826.40   1949.60   5708.00   5706.60    871.80      0.00      0.00      0.00      0.00      0.00
02:57:01 AM     10.40      0.00      2.60      2.60      0.60      0.00      0.00      0.00      0.00      0.00
02:57:06 AM     29.60     32.00      1.20      1.00      4.80      0.00      0.00      0.00      0.00      0.00
02:57:11 AM   1595.20    117.60    473.20      7.20     43.20      0.00      0.00      0.00      0.00      0.00
02:57:16 AM  49952.00 106793.60  41791.60  12478.20  38824.00 201999.20  30790.40  38287.20      0.00      0.00
02:57:21 AM      0.00      0.00      0.40      0.00      3.80      0.00      0.00      0.00      0.00      0.00
02:57:26 AM      0.00      0.00      0.00      0.00      4.00      0.00      0.00      0.00      0.00      0.00
02:57:31 AM     20.00      0.00      1.60      0.40      0.40      0.00      0.00      0.00      0.00      0.00
02:57:36 AM      0.00      0.00      0.00      0.00      4.00      0.00      0.00      0.00      0.00      0.00
02:57:41 AM      0.00     51.20      0.00      0.00      3.80      0.00      0.00      0.00      0.00      0.00
02:57:46 AM     40.00    161.60      0.60      0.40      4.00      0.00      0.00      0.00      0.00      0.00
02:57:51 AM      0.00      4.00      0.00      0.00      4.20      0.00      0.00      0.00      0.00      0.00
02:57:56 AM      0.00      0.00      0.00      0.00      3.80      0.00      0.00      0.00      0.00      0.00
02:58:01 AM      0.00      0.00      0.00      0.00      0.60      0.00      0.00      0.00      0.00      0.00
02:58:06 AM      0.00      0.00      0.00      0.00      3.80      0.00      0.00      0.00      0.00      0.00
02:58:11 AM      0.00      0.00      0.00      0.00      4.00      0.00      0.00      0.00      0.00      0.00
02:58:16 AM      0.00     32.00      0.20      0.00      3.80      0.00      0.00      0.00      0.00      0.00
02:58:21 AM      0.80  42690.40  12576.40  12576.40  14942.60  16128.00    103.00  14922.00      0.00      0.00
02:58:26 AM      0.00      4.80      0.00      0.00      3.80      0.00      0.00      0.00      0.00      0.00
02:58:31 AM      0.00      0.00      0.40      0.00      0.40      0.00      0.00      0.00      0.00      0.00
02:58:36 AM      0.00      0.00      0.00      0.00      4.00      0.00      0.00      0.00      0.00      0.00
02:58:41 AM      0.00      0.00      0.00      0.00      3.80      0.00      0.00      0.00      0.00      0.00
02:58:46 AM      8.80      0.00      1.80      0.60      4.00      0.00      0.00      0.00      0.00      0.00
02:58:51 AM   1856.00    179.20    463.00     18.20    322.20      0.00      0.00      0.00      0.00      0.00
02:58:56 AM  12017.60  15362.40   2998.00   2998.00   3918.80   5839.60      0.00   3866.00      0.00      0.00
02:59:01 AM  99324.55  91571.26  24831.14  24831.14  23726.15  34891.42      0.00  23342.32      0.00      0.00
02:59:06 AM      0.00      0.00      0.00      0.00    823.20      0.00      0.00      0.00      0.00      0.00
02:59:11 AM      0.00      0.00      0.00      0.00      3.80      0.00      0.00      0.00      0.00      0.00
02:59:16 AM      0.00      0.00      0.40      0.00    515.80      0.00      0.00      0.00      0.00      0.00
02:59:21 AM      0.00     27.20      0.00      0.00      4.80      0.00      0.00      0.00      0.00      0.00
02:59:26 AM      0.00     32.00      0.00      0.00      3.80      0.00      0.00      0.00      0.00      0.00
02:59:31 AM      0.00    104.80      1.60      0.00      0.60      0.00      0.00      0.00      0.00      0.00
02:59:36 AM      0.00      4.80      0.00      0.00      4.20      0.00      0.00      0.00      0.00      0.00
02:59:41 AM      0.00      0.00      0.00      0.00      4.60      0.00      0.00      0.00      0.00      0.00
02:59:46 AM      0.00      0.00      0.00      0.00      4.20      0.00      0.00      0.00      0.00      0.00
02:59:51 AM      4.80      0.00      6.80      0.40      4.40      0.00      0.00      0.00      0.00      0.00
02:59:56 AM      1.60      0.00      0.60      0.40      4.60      0.00      0.00      0.00      0.00      0.00
03:00:01 AM      0.00     64.00      0.00      0.00      0.60      0.00      0.00      0.00      0.00      0.00
03:00:06 AM      0.00    143.20      0.00      0.00      4.40      0.00      0.00      0.00      0.00      0.00
03:00:11 AM      0.00      4.00      0.00      0.00      4.00      0.00      0.00      0.00      0.00      0.00
03:00:16 AM      0.00      0.00      0.00      0.00      4.00      0.00      0.00      0.00      0.00      0.00
03:00:21 AM     36.80     24.00      0.80      0.60      4.20      0.00      0.00      0.00      0.00      0.00
03:00:26 AM      0.00      0.00      0.00      0.00      4.00      0.00      0.00      0.00      0.00      0.00
03:00:31 AM      0.00      0.00      0.60      0.00      1.20      0.00      0.00      0.00      0.00      0.00
03:00:36 AM      0.00     64.00      0.00      0.00      4.00      0.00      0.00      0.00      0.00      0.00
03:00:41 AM     12.80    143.20      0.00      0.00      3.80      0.00      0.00      0.00      0.00      0.00
03:00:46 AM      0.00      5.60      0.00      0.00      3.80      0.00      0.00      0.00      0.00      0.00
03:00:51 AM      0.00      0.00      0.00      0.00      4.00      0.00      0.00      0.00      0.00      0.00
03:00:56 AM      0.00      0.00      0.20      0.00      4.00      0.00      0.00      0.00      0.00      0.00
03:01:01 AM      0.00      0.00      0.00      0.00      0.60      0.00      0.00      0.00      0.00      0.00
03:01:06 AM      0.00      0.00      0.00      0.00      3.80      0.00      0.00      0.00      0.00      0.00
03:01:11 AM      0.00     32.00      0.00      0.00      7.80      0.00      0.00      0.00      0.00      0.00
03:01:16 AM      0.00   7906.40      0.00      0.00   2795.00   5811.20      0.00   2023.20      0.00      0.00
03:01:21 AM      0.00      4.80      0.00      0.00      3.80      0.00      0.00      0.00      0.00      0.00
03:01:26 AM      0.00      0.00      0.00      0.00    516.00      0.00      0.00      0.00      0.00      0.00
03:01:31 AM 152484.00 111105.60  38005.80  37947.20  42180.60 186944.80  17288.40  39613.80      0.00      0.00
03:01:36 AM   2466.40      0.00    413.80     73.80    218.20      0.00      0.00      0.00      0.00      0.00
03:01:41 AM    178.40      0.00      0.40      0.20      3.80      0.00      0.00      0.00      0.00      0.00
03:01:46 AM      0.00     32.00      0.00      0.00      4.00      0.00      0.00      0.00      0.00      0.00
03:01:51 AM    658.40     98.40      0.20      0.20      3.80      0.00      0.00      0.00      0.00      0.00
03:01:56 AM     32.00      4.80      0.20      8.00    106.60      0.00      0.00      0.00      0.00      0.00
03:02:01 AM  44763.20  74829.60  11215.20  11191.60  21612.00  28553.40   9343.00  18857.20      0.00      0.00
03:02:06 AM    735.20      0.00      0.20      0.20    208.60      0.00      0.00      0.00      0.00      0.00
03:02:11 AM    276.00      0.00      0.20      0.20      4.00      0.00      0.00      0.00      0.00      0.00
03:02:16 AM      0.00      0.00      0.00      0.00    515.80      0.00      0.00      0.00      0.00      0.00
03:02:21 AM      0.80  11918.40   8012.00   7913.00   2990.20   2766.20    307.20   2970.60      0.00      0.00
03:02:26 AM     13.60    143.20      0.20      0.20      3.80      0.00      0.00      0.00      0.00      0.00
03:02:31 AM   1312.80      0.00      8.20      6.60    512.60      0.00      0.00      0.00      0.00      0.00
03:02:36 AM      4.80      0.00      0.60      0.40      3.80      0.00      0.00      0.00      0.00      0.00
03:02:41 AM      0.00      0.00      0.00      0.00    413.60      0.00      0.00      0.00      0.00      0.00
03:02:46 AM      0.00      0.00      0.00      0.00      3.79      0.00      0.00      0.00      0.00      0.00
03:02:51 AM      0.00      0.00      0.00      0.00      3.80      0.00      0.00      0.00      0.00      0.00
03:02:56 AM   1353.60      4.80     22.60      3.60      4.00      0.00      0.00      0.00      0.00      0.00
03:03:01 AM      0.00      0.00      0.00      0.00      0.60      0.00      0.00      0.00      0.00      0.00
03:03:06 AM     24.80      0.00      0.60      0.20      4.00      0.00      0.00      0.00      0.00      0.00
03:03:11 AM      0.00      0.00      0.00      0.00      3.80      0.00      0.00      0.00      0.00      0.00
03:03:16 AM      0.00      0.00      0.00      0.00      4.00      0.00      0.00      0.00      0.00      0.00
03:03:21 AM      0.00      0.00      0.00      0.00      3.80      0.00      0.00      0.00      0.00      0.00
03:03:26 AM 288165.60 342172.80  72061.20  72035.00  89637.60 146957.00  86910.40  86376.40      0.00      0.00
03:03:31 AM     16.00      4.00      4.00      0.20      0.40      0.00      0.00      0.00      0.00      0.00
03:03:36 AM  34136.80  21708.80   8534.80   8249.60   7736.40   5632.00      0.00   5427.20      0.00      0.00
03:03:41 AM      0.00      0.00      0.00      0.00      4.00      0.00      0.00      0.00      0.00      0.00
03:03:46 AM    389.60      0.00      0.20      0.20      3.80      0.00      0.00      0.00      0.00      0.00
03:03:51 AM     31.20     14.40      2.80      2.60      4.80      0.00      0.00      0.00      0.00      0.00
03:03:56 AM      0.00     32.00      0.00      0.00      3.80      0.00      0.00      0.00      0.00      0.00
03:04:01 AM      0.00    117.60      0.00      0.00      0.80      0.00      0.00      0.00      0.00      0.00
03:04:06 AM      0.00      5.60      0.00      0.00      3.80      0.00      0.00      0.00      0.00      0.00
03:04:11 AM      0.00      0.00      0.00      0.00      3.80      0.00      0.00      0.00      0.00      0.00
03:04:16 AM      0.00      0.00      0.00      0.00      4.00      0.00      0.00      0.00      0.00      0.00
03:04:21 AM      0.00      0.00      0.00      0.00      3.80      0.00      0.00      0.00      0.00      0.00
03:04:26 AM    100.00      0.00      2.80      1.00      4.00      0.00      0.00      0.00      0.00      0.00
03:04:31 AM      0.00     32.00      0.00      0.00      0.40      0.00      0.00      0.00      0.00      0.00
03:04:36 AM    956.00    117.60     23.80     14.80      6.20      0.00      0.00      0.00      0.00      0.00
03:04:41 AM      0.00      5.60      0.00      0.00      4.40      0.00      0.00      0.00      0.00      0.00
03:04:46 AM    467.20      0.00      2.00      1.60      6.80      0.00      0.00      0.00      0.00      0.00
03:04:51 AM   1262.40     14.40     31.80     18.80      9.40      0.00      0.00      0.00      0.00      0.00
03:04:56 AM      5.60      0.00      4.20      3.60      4.80      0.00      0.00      0.00      0.00      0.00
03:05:01 AM      0.00      0.00      0.00      0.00      2.20      0.00      0.00      0.00      0.00      0.00
03:05:06 AM     84.80     64.00      0.40      0.40      4.00      0.00      0.00      0.00      0.00      0.00
03:05:11 AM     16.00    168.80      0.00      0.00      4.20      0.00      0.00      0.00      0.00      0.00
03:05:16 AM      0.00      4.00      0.00      0.00      3.80      0.00      0.00      0.00      0.00      0.00
03:05:21 AM    328.80     23.20      3.80      1.00      4.40      0.00      0.00      0.00      0.00      0.00
03:05:26 AM    805.60      0.00     66.40     28.40      4.40      0.00      0.00      0.00      0.00      0.00
03:05:31 AM      0.00      0.00      0.00      0.00      0.60      0.00      0.00      0.00      0.00      0.00
03:05:36 AM      0.00      0.00      0.00      0.00      3.80      0.00      0.00      0.00      0.00      0.00
03:05:41 AM      0.00     32.00      0.00      0.00      3.80      0.00      0.00      0.00      0.00      0.00
03:05:46 AM      0.00    136.80      0.00      0.00      4.00      0.00      0.00      0.00      0.00      0.00
03:05:51 AM      0.00      4.00      0.20      0.00      3.80      0.00      0.00      0.00      0.00      0.00
03:05:56 AM      0.00      0.00      0.00      0.00      4.00      0.00      0.00      0.00      0.00      0.00
03:06:01 AM      0.00      0.00      0.00      0.00      1.20      0.00      0.00      0.00      0.00      0.00
03:06:06 AM      0.00      0.00      0.00      0.00      4.20      0.00      0.00      0.00      0.00      0.00
03:06:11 AM     62.40      0.00      2.40      1.20      7.60      0.00      0.00      0.00      0.00      0.00
03:06:16 AM      0.00     32.00      0.00      0.00      4.00      0.00      0.00      0.00      0.00      0.00
03:06:21 AM      0.00     98.40      0.20      0.00      3.80      0.00      0.00      0.00      0.00      0.00
03:06:26 AM      0.80      3.99    159.28     51.30      3.79      0.00      0.00      0.00      0.00      0.00
03:06:31 AM      0.00      0.00      0.00      0.00      0.60      0.00      0.00      0.00      0.00      0.00
03:06:36 AM    665.60      0.00    286.00      4.20    257.80      0.00      0.00      0.00      0.00      0.00
03:06:41 AM      0.00      0.00      0.00      0.00      4.00      0.00      0.00      0.00      0.00      0.00
03:06:46 AM      0.00      0.00      0.00      0.00      3.80      0.00      0.00      0.00      0.00      0.00
03:06:51 AM      0.00     32.00      0.00      0.00      4.00      0.00      0.00      0.00      0.00      0.00
03:06:56 AM      0.00    117.60      2.40      2.20      3.80      0.00      0.00      0.00      0.00      0.00
03:07:01 AM      0.00      4.80      0.00      0.00      0.60      0.00      0.00      0.00      0.00      0.00
03:07:06 AM      0.00      0.00      0.00      0.00      4.00      0.00      0.00      0.00      0.00      0.00
03:07:11 AM      0.00      0.00      0.00      0.00      3.80      0.00      0.00      0.00      0.00      0.00
03:07:16 AM      0.00      0.00      0.00      0.00      4.00      0.00      0.00      0.00      0.00      0.00
03:07:21 AM      0.00      0.00      0.00      0.00      3.80      0.00      0.00      0.00      0.00      0.00
03:07:26 AM      3.20     32.00      0.60      0.20      4.00      0.00      0.00      0.00      0.00      0.00
03:07:31 AM      0.00     98.40      0.00      0.00      0.40      0.00      0.00      0.00      0.00      0.00
03:07:36 AM      0.00      4.80      0.00      0.00      4.00      0.00      0.00      0.00      0.00      0.00
03:07:41 AM      0.00      0.00      0.00      0.00      3.80      0.00      0.00      0.00      0.00      0.00
03:07:46 AM      0.00      0.00      0.00      0.00      3.80      0.00      0.00      0.00      0.00      0.00
03:07:51 AM      0.00      0.00      0.00      0.00      4.00      0.00      0.00      0.00      0.00      0.00
03:07:56 AM      0.00      0.00      0.00      0.00      4.60      0.00      0.00      0.00      0.00      0.00
03:08:01 AM      0.00     32.00      0.00      0.00      0.60      0.00      0.00      0.00      0.00      0.00
03:08:06 AM      0.00    117.60      0.00      0.00      4.00      0.00      0.00      0.00      0.00      0.00
03:08:11 AM      0.00      5.60      0.00      0.00      4.00      0.00      0.00      0.00      0.00      0.00
03:08:16 AM      0.00      0.00      0.00      0.00      3.80      0.00      0.00      0.00      0.00      0.00
03:08:21 AM      0.00      0.00      0.00      0.00      4.00      0.00      0.00      0.00      0.00      0.00
03:08:26 AM      0.00      0.00      0.00      0.00      3.80      0.00      0.00      0.00      0.00      0.00
03:08:31 AM      0.00      0.00      0.60      0.00      0.40      0.00      0.00      0.00      0.00      0.00
03:08:36 AM      0.00     32.00      0.00      0.00      4.00      0.00      0.00      0.00      0.00      0.00
03:08:41 AM      0.00     98.40      0.00      0.00      3.80      0.00      0.00      0.00      0.00      0.00
03:08:46 AM      0.00      4.00      0.00      0.00      4.00      0.00      0.00      0.00      0.00      0.00
03:08:51 AM      0.00      0.00      0.00      0.00      3.80      0.00      0.00      0.00      0.00      0.00
03:08:56 AM      0.00      0.00      1.60      1.60      4.00      0.00      0.00      0.00      0.00      0.00
03:09:01 AM      0.00      0.00      0.00      0.00      0.40      0.00      0.00      0.00      0.00      0.00
03:09:06 AM      0.00      0.00      0.00      0.00      4.20      0.00      0.00      0.00      0.00      0.00
03:09:11 AM      0.00     32.00      0.00      0.00      3.80      0.00      0.00      0.00      0.00      0.00
03:09:16 AM      0.00    117.60      0.00      0.00      3.80      0.00      0.00      0.00      0.00      0.00
03:09:21 AM      0.00      4.80      0.00      0.00      4.00      0.00      0.00      0.00      0.00      0.00
03:09:26 AM      0.00      0.00      0.00      0.00      3.80      0.00      0.00      0.00      0.00      0.00
03:09:31 AM      0.00      0.00      0.20      0.00      0.60      0.00      0.00      0.00      0.00      0.00
03:09:36 AM 351413.60 265061.60  91920.40  91877.40  94361.40 224889.60  29761.80  83670.60      0.00      0.00
03:09:41 AM      8.80      0.00      2.80      2.40      5.80      0.00      0.00      0.00      0.00      0.00
03:09:46 AM      0.00     32.00      0.00      0.00      4.20      0.00      0.00      0.00      0.00      0.00
03:09:51 AM     28.80    181.60      6.60      0.00      6.80      0.00      0.00      0.00      0.00      0.00
03:09:56 AM      0.80     19.20      6.00      0.20      4.80      0.00      0.00      0.00      0.00      0.00
03:10:01 AM      0.00      0.00      0.40      0.00      1.60      0.00      0.00      0.00      0.00      0.00
03:10:06 AM  15172.80      0.00   3793.40   3793.20   2260.00   4313.60      0.00   1066.40      0.00      0.00
03:10:11 AM      0.00      0.00      0.00      0.00      4.40      0.00      0.00      0.00      0.00      0.00
03:10:16 AM      0.00      0.00      0.00      0.00      3.99      0.00      0.00      0.00      0.00      0.00
03:10:21 AM      6.40    243.20      0.00      0.00      4.20      0.00      0.00      0.00      0.00      0.00
03:10:26 AM 157185.60  92024.00  39297.00  39296.40  37912.00  73368.60      0.00  37543.20      0.00      0.00
03:10:31 AM    188.80      4.80      0.40      0.40      0.40      0.00      0.00      0.00      0.00      0.00
03:10:36 AM      4.80      0.00      0.60      0.40      3.80      0.00      0.00      0.00      0.00      0.00
03:10:41 AM      0.00      0.00      0.00      0.00      4.00      0.00      0.00      0.00      0.00      0.00
03:10:46 AM      0.00      0.00      0.00      0.00      3.80      0.00      0.00      0.00      0.00      0.00
03:10:51 AM    408.00     32.00      0.20      0.20      4.00      0.00      0.00      0.00      0.00      0.00
03:10:56 AM    169.60      0.00      0.40      0.20      4.60      0.00      0.00      0.00      0.00      0.00
03:11:01 AM      3.20     98.40      0.00      0.00      0.60      0.00      0.00      0.00      0.00      0.00
03:11:06 AM    739.20      4.00      0.80      0.80      3.80      0.00      0.00      0.00      0.00      0.00
03:11:11 AM      0.80      0.00      0.20      0.20      7.60      0.00      0.00      0.00      0.00      0.00
03:11:16 AM      0.00      0.00      0.00      0.00      3.80      0.00      0.00      0.00      0.00      0.00
03:11:21 AM      0.00      0.00      0.00      0.00      3.80      0.00      0.00      0.00      0.00      0.00
03:11:26 AM      0.00    126.40      0.00      0.00    438.00      0.00      0.00      0.00      0.00      0.00
03:11:31 AM     52.00   2566.40  30118.40  29955.00  27083.40  57093.60   3392.60  27006.40      0.00      0.00
03:11:36 AM   2422.40    914.40  10892.00    583.00  19029.80  67685.20   4317.40  16250.60      0.00      0.00
03:11:41 AM   1623.20      5.60    293.00      6.20    378.20      0.00      0.00      0.00      0.00      0.00
03:11:46 AM    720.80      0.00      0.20      0.20  12386.00      0.00      0.00      0.00      0.00      0.00
03:11:51 AM      2.40      0.00      0.80      0.60      3.80      0.00      0.00      0.00      0.00      0.00
03:11:56 AM      0.00      0.00      0.00      0.00      4.00      0.00      0.00      0.00      0.00      0.00
03:12:01 AM      0.00      0.00      0.00      0.00      0.40      0.00      0.00      0.00      0.00      0.00
03:12:06 AM      0.00     32.00      0.00      0.00      3.80      0.00      0.00      0.00      0.00      0.00
03:12:11 AM      0.00     98.40      0.00      0.00      7.40      0.00      0.00      0.00      0.00      0.00
03:12:16 AM      5.60      4.80      1.60      1.40      3.80      0.00      0.00      0.00      0.00      0.00
03:12:21 AM      0.00      0.00      0.00      0.00      4.00      0.00      0.00      0.00      0.00      0.00
03:12:26 AM      4.00      0.00      1.00      1.00      5.40      0.00      0.00      0.00      0.00      0.00
03:12:31 AM      0.00      0.00      0.00      0.00      0.60      0.00      0.00      0.00      0.00      0.00
03:12:36 AM      0.00      0.00      0.00      0.00      3.80      0.00      0.00      0.00      0.00      0.00
03:12:41 AM      0.00     32.00      0.00      0.00      4.00      0.00      0.00      0.00      0.00      0.00
03:12:46 AM      0.00    117.60      0.00      0.00      5.40      0.00      0.00      0.00      0.00      0.00
03:12:51 AM      0.00      4.00      0.00      0.00      3.80      0.00      0.00      0.00      0.00      0.00
03:12:56 AM    244.00      0.00     40.00     31.40      4.40      0.00      0.00      0.00      0.00      0.00
03:13:01 AM      0.00      0.00      0.00      0.00      0.40      0.00      0.00      0.00      0.00      0.00
03:13:06 AM      0.00      0.00      0.00      0.00      4.00      0.00      0.00      0.00      0.00      0.00
03:13:11 AM      0.80      0.00      0.20      0.20      3.80      0.00      0.00      0.00      0.00      0.00
03:13:16 AM      0.00     32.00      0.00      0.00      4.20      0.00      0.00      0.00      0.00      0.00
03:13:21 AM      0.00     98.40      0.00      0.00      3.80      0.00      0.00      0.00      0.00      0.00
03:13:26 AM      3.20      4.80      0.80      0.80      3.80      0.00      0.00      0.00      0.00      0.00
03:13:31 AM     43.20      0.00     26.60     10.80      0.60      0.00      0.00      0.00      0.00      0.00
03:13:36 AM      0.00      0.00      0.00      0.00      4.60      0.00      0.00      0.00      0.00      0.00
03:13:41 AM      0.80      0.00      0.20      0.20      4.00      0.00      0.00      0.00      0.00      0.00
03:13:46 AM      0.00      0.00      0.00      0.00      3.80      0.00      0.00      0.00      0.00      0.00
03:13:51 AM      0.00     32.00      0.00      0.00      4.00      0.00      0.00      0.00      0.00      0.00
03:13:56 AM      0.80    117.60      0.80      0.20      4.00      0.00      0.00      0.00      0.00      0.00
03:14:01 AM      0.00      4.00      0.00      0.00      0.60      0.00      0.00      0.00      0.00      0.00
03:14:06 AM      0.00      0.00      0.00      0.00      3.80      0.00      0.00      0.00      0.00      0.00
03:14:11 AM      0.00      0.00      0.00      0.00      3.80      0.00      0.00      0.00      0.00      0.00
03:14:16 AM      0.00      0.00      0.00      0.00      4.20      0.00      0.00      0.00      0.00      0.00
03:14:21 AM      0.00      0.00      0.00      0.00      3.80      0.00      0.00      0.00      0.00      0.00
03:14:26 AM      0.80     32.00      0.20      0.20      4.00      0.00      0.00      0.00      0.00      0.00
03:14:31 AM     77.60     98.40    106.80    101.80      0.40      0.00      0.00      0.00      0.00      0.00
03:14:36 AM    160.00      4.00     10.00      9.60      6.20      0.00      0.00      0.00      0.00      0.00
03:14:41 AM    200.40      0.00      0.20      0.20      4.39      0.00      0.00      0.00      0.00      0.00
03:14:46 AM    461.60      0.00      1.80      1.80      5.80      0.00      0.00      0.00      0.00      0.00
03:14:51 AM     24.00      0.00      9.80      2.80      8.20      0.00      0.00      0.00      0.00      0.00
03:14:56 AM     12.80     44.80      8.20      2.40    522.00      0.00      0.00      0.00      0.00      0.00
03:15:01 AM      0.00     64.00      1.80      0.00      0.80      0.00      0.00      0.00      0.00      0.00
03:15:06 AM      0.00    136.80      0.00      0.00    823.40      0.00      0.00      0.00      0.00      0.00
03:15:11 AM      3.20      6.40      0.00      0.00      4.20      0.00      0.00      0.00      0.00      0.00
03:15:16 AM      0.00      0.00      0.00      0.00    823.20      0.00      0.00      0.00      0.00      0.00
03:15:21 AM      0.00     22.40      0.00      0.00      4.40      0.00      0.00      0.00      0.00      0.00
03:15:26 AM      0.00      0.00      0.20      0.00   2307.80      0.00      0.00      0.00      0.00      0.00
03:15:31 AM      0.00     76.80      0.00      0.00      0.60      0.00      0.00      0.00      0.00      0.00
03:15:36 AM      0.00      0.00      0.00      0.00    990.00      0.00      0.00     90.20      0.00      0.00
03:15:41 AM      3.20    143.20      0.00      0.00      8.60      0.00      0.00      0.00      0.00      0.00
03:15:46 AM      0.00      4.00      0.00      0.00    823.20      0.00      0.00      0.00      0.00      0.00
03:15:51 AM      0.00      0.00      0.00      0.00      4.60      0.00      0.00      0.00      0.00      0.00
03:15:56 AM    616.80      0.00      5.80      5.00    915.60      0.00      0.00     90.20      0.00      0.00
03:16:01 AM      0.00      0.00      0.00      0.00    926.40      0.00      0.00      0.00      0.00      0.00
03:16:06 AM      0.00      0.00      0.00      0.00   1635.40      0.00      0.00      0.00      0.00      0.00
03:16:11 AM     13.60     38.40      0.60      0.20      7.80      0.00      0.00      0.00      0.00      0.00
03:16:16 AM      0.00    124.00      0.00      0.00   1322.40      0.00      0.00      0.00      0.00      0.00
03:16:21 AM      0.00      4.80      0.00      0.00    116.60      0.00      0.00      0.00      0.00      0.00
03:16:26 AM      3.20      0.00      0.20      0.20    914.00      0.00      0.00     90.20      0.00      0.00
03:16:31 AM      0.00      0.00      0.00      0.00      0.60      0.00      0.00      0.00      0.00      0.00
03:16:36 AM      0.00      0.00      0.00      0.00      3.80      0.00      0.00      0.00      0.00      0.00
03:16:41 AM      0.00      0.00    284.20      0.00   1633.40      0.00      0.00    257.80      0.00      0.00
03:16:46 AM      0.00   1143.20      0.00      0.00    666.40      0.00      0.00      0.00      0.00      0.00
03:16:51 AM      3.20    637.60      0.00      0.00    925.60      0.00      0.00      0.00      0.00      0.00
03:16:56 AM      0.00   1447.20    365.40    365.20    632.40      0.00      0.00      0.00      0.00      0.00
03:17:01 AM      0.00   4411.20      0.00      0.80   2628.60      0.00      0.00    435.60      0.00      0.00
03:17:06 AM      0.00   4813.60      0.00      0.00   1989.80      0.00      0.00      0.00      0.00      0.00
03:17:11 AM     86.40   7740.00      0.20      0.20   3306.80      0.00      0.00      0.00      0.00      0.00
03:17:16 AM      0.00   2028.00      0.00      0.00    740.40      0.00      0.00      0.00      0.00      0.00
03:17:21 AM      0.00   4968.00      0.00     19.40   2563.60      0.00      0.00      0.00      0.00      0.00
03:17:26 AM      0.00   3914.40    849.40    849.40   1442.20      0.00      0.00      0.00      0.00      0.00
03:17:31 AM  13743.20      4.80   3436.00   3435.80    972.60      0.00      0.00      0.00      0.00      0.00
03:17:36 AM      0.00      0.00      0.20      0.00      4.00      0.00      0.00      0.00      0.00      0.00
03:17:41 AM   1216.00  84292.80  70742.80  70595.20  54130.20 177011.20  34972.80  51095.80      0.00      0.00
03:17:46 AM      5.60      0.00      1.60      1.60      4.00      0.00      0.00      0.00      0.00      0.00
03:17:51 AM    688.00   2135.20      0.40      5.60   1183.00      0.00      0.00      0.00      0.00      0.00
03:17:56 AM  31335.20  25268.80   7707.60   7684.80   6874.20  22428.80      0.00   6308.00      0.00      0.00
03:18:01 AM      0.00    104.80      0.00      0.00   1116.60      0.00      0.00      0.00      0.00      0.00
03:18:06 AM    685.60      4.00      1.00      0.40      3.80      0.00      0.00      0.00      0.00      0.00
03:18:11 AM      1.60    750.40      0.40      0.40   1366.20      0.00      0.00      0.00      0.00      0.00
03:18:16 AM      0.00   2804.79      0.00      0.00    706.99      0.00      0.00      0.00      0.00      0.00
03:18:21 AM     27.20      0.00      0.20      3.40   1556.40      0.00      0.00      0.00      0.00      0.00
03:18:26 AM   2048.00    389.60    512.80    512.00    104.20      0.00      0.00      0.00      0.00      0.00
03:18:31 AM  50993.60  50180.00  12846.00  12678.40  14334.40  25459.20      0.00  12535.40      0.00      0.00
03:18:36 AM      0.00    124.00      0.20      0.00      5.60      0.00      0.00      0.00      0.00      0.00
03:18:41 AM      0.00      4.00      0.00      0.00   1370.00      0.00      0.00      0.00      0.00      0.00
03:18:46 AM      0.00      0.00      0.00      0.00      4.00      0.00      0.00      0.00      0.00      0.00
03:18:51 AM      0.00      0.00      0.00      0.00   1630.60      0.00      0.00      0.00      0.00      0.00
03:18:56 AM    726.40      0.00     11.00      3.40      4.80      0.00      0.00      0.00      0.00      0.00
03:19:01 AM      0.00    155.20      0.00      0.00   1294.40      0.00      0.00     38.80      0.00      0.00
03:19:06 AM      6.40     38.40      0.60      0.40      4.00      0.00      0.00      0.00      0.00      0.00
03:19:11 AM      0.00    104.80      0.20      0.00   1609.40      0.00      0.00      0.00      0.00      0.00
03:19:16 AM      0.00      5.60      0.00      0.00      3.80      0.00      0.00      0.00      0.00      0.00
03:19:21 AM      0.80      0.00      0.20      0.20   1553.00      0.00      0.00      0.00      0.00      0.00
03:19:26 AM      0.00      0.00      0.20      0.00      3.80      0.00      0.00      0.00      0.00      0.00
03:19:31 AM  42785.60  25198.40  10763.40  10696.40   8457.40  31718.80   1090.00   6875.40      0.00      0.00
03:19:36 AM  92210.40  92392.00  22757.60  22282.00  27065.40  73292.20   7761.80  26613.40      0.00      0.00
03:19:41 AM      1.60     38.40      0.80      0.40    823.80      0.00      0.00      0.00      0.00      0.00
03:19:46 AM    476.80    124.00      1.60      1.20      4.20      0.00      0.00      0.00      0.00      0.00
03:19:51 AM   1356.00      4.80     19.60      6.80    722.20      0.00      0.00      0.00      0.00      0.00
03:19:56 AM      3.20     51.20      0.20      0.00      6.00      0.00      0.00      0.00      0.00      0.00
03:20:01 AM  10363.20  15671.20   2596.80   2589.60   4476.00   4044.80      0.00   4017.20      0.00      0.00
03:20:06 AM      0.00      0.00      0.00      0.00      4.20      0.00      0.00      0.00      0.00      0.00
03:20:11 AM      0.00      0.00      0.20      0.20      4.60      0.00      0.00      0.00      0.00      0.00
03:20:16 AM      0.00     70.40      0.00      0.00    516.20      0.00      0.00      0.00      0.00      0.00
03:20:21 AM      0.00    159.20      0.00      0.00      4.20      0.00      0.00      0.00      0.00      0.00
03:20:26 AM      0.00      4.80      0.00      0.00    413.80      0.00      0.00      0.00      0.00      0.00
03:20:31 AM      0.00      0.00      0.00      0.00      0.40      0.00      0.00      0.00      0.00      0.00
03:20:36 AM      0.00      0.00      0.20      0.00    413.40      0.00      0.00      0.00      0.00      0.00
03:20:41 AM      0.00      0.00      0.00      0.00      4.00      0.00      0.00      0.00      0.00      0.00
03:20:46 AM      0.00      0.00      0.00      0.00   1701.60      0.00      0.00      0.00      0.00      0.00
03:20:51 AM      0.00    136.80      0.00      0.00     10.40      0.00      0.00      0.00      0.00      0.00
03:20:56 AM      2.40      0.00      4.00      3.40    824.00      0.00      0.00      0.00      0.00      0.00
03:21:01 AM      0.00      4.00      0.00      0.00      0.60      0.00      0.00      0.00      0.00      0.00
03:21:06 AM      0.00      0.00      0.20      0.00   1610.20      0.00      0.00      0.00      0.00      0.00
03:21:11 AM     36.80      0.00      3.00      1.60      9.20      0.00      0.00      0.00      0.00      0.00
03:21:16 AM      0.00    409.60      0.00      0.00   2068.40      0.00      0.00    102.60      0.00      0.00
03:21:21 AM      0.00      0.00      0.00      0.00      3.80      0.00      0.00      0.00      0.00      0.00
03:21:26 AM      0.00   1228.00      0.00      0.00   1131.20      0.00      0.00    307.00      0.00      0.00
03:21:31 AM      0.00    136.80      0.00      0.00      5.20      0.00      0.00      0.00      0.00      0.00
03:21:36 AM      7.20    765.60      2.40      1.80    405.80      0.00      0.00    190.60      0.00      0.00
03:21:41 AM    172.00      0.00    305.00     17.60    133.40      0.00      0.00      0.00      0.00      0.00
03:21:46 AM      0.00      0.00      0.00      0.00      4.00      0.00      0.00      0.00      0.00      0.00
03:21:51 AM      0.00      0.00      0.00      0.00    440.00      0.00      0.00      0.00      0.00      0.00
03:21:56 AM      0.00      0.00      0.00      0.00      3.99      0.00      0.00      0.00      0.00      0.00
03:22:01 AM      0.00     38.40      0.00      0.00      0.40      0.00      0.00      0.00      0.00      0.00
03:22:06 AM      0.00    124.00      0.00      0.00     10.20      0.00      0.00      0.00      0.00      0.00
03:22:11 AM      0.00      4.00      0.20      0.00      4.00      0.00      0.00      0.00      0.00      0.00
03:22:16 AM      0.00      0.00      0.00      0.00      3.80      0.00      0.00      0.00      0.00      0.00
03:22:21 AM      0.00      0.00      0.00      0.00      4.00      0.00      0.00      0.00      0.00      0.00
03:22:26 AM      0.00      0.00      0.00      0.00      4.00      0.00      0.00      0.00      0.00      0.00
03:22:31 AM      0.00      0.00      0.00      0.00      0.60      0.00      0.00      0.00      0.00      0.00
03:22:36 AM      7.20     38.40   2555.40   2554.00      8.40      0.00      0.00      0.00      0.00      0.00
03:22:41 AM      0.00   1780.80      0.00      0.00   1779.80      0.00      0.00    419.20      0.00      0.00
03:22:46 AM      0.00      8.00      0.00      0.00      3.80      0.00      0.00      0.00      0.00      0.00
03:22:51 AM      0.00    964.80      0.00      0.00    710.80      0.00      0.00    230.60      0.00      0.00
03:22:56 AM      3.20      0.00      1.60      1.60      5.00      0.00      0.00      0.00      0.00      0.00
03:23:01 AM      0.00      0.00      0.00      0.00      0.40      0.00      0.00      0.00      0.00      0.00
03:23:06 AM      0.00      0.00      0.00      0.00      4.00      0.00      0.00      0.00      0.00      0.00
03:23:11 AM      0.00      0.00      0.00      0.00      3.80      0.00      0.00      0.00      0.00      0.00
03:23:16 AM      6.40    136.80      0.00      0.00      7.20      0.00      0.00      0.00      0.00      0.00
03:23:21 AM      0.00      0.00      0.00      0.00     13.40      0.00      0.00      0.00      0.00      0.00
03:23:26 AM      0.00      4.00      0.00      0.00      6.40      0.00      0.00      0.00      0.00      0.00
03:23:31 AM      0.00      0.00      0.00      0.00      0.60      0.00      0.00      0.00      0.00      0.00
03:23:36 AM      0.00      0.00      0.00      0.00      3.80      0.00      0.00      0.00      0.00      0.00
03:23:41 AM      0.00      0.00      0.00      0.00      4.00      0.00      0.00      0.00      0.00      0.00
03:23:46 AM      0.00      0.00      0.00      0.00      3.80      0.00      0.00      0.00      0.00      0.00
03:23:51 AM      0.00    708.00      0.00      0.00    375.20      0.00      0.00    166.40      0.00      0.00
03:23:56 AM      0.00     92.00      0.00      0.00     92.20      0.00      0.00      0.00      0.00      0.00
03:24:01 AM      0.00      0.00      0.00      0.00      0.60      0.00      0.00      0.00      0.00      0.00
03:24:06 AM      0.00      0.00      0.00      0.00      3.80      0.00      0.00      0.00      0.00      0.00
03:24:11 AM      0.00      0.00      0.00      0.00      3.80      0.00      0.00      0.00      0.00      0.00
03:24:16 AM      0.00      0.00      0.00      0.00      4.00      0.00      0.00      0.00      0.00      0.00
03:24:21 AM      0.00      0.00      0.00      0.00      3.80      0.00      0.00      0.00      0.00      0.00
03:24:26 AM      0.00      4.00      0.00      0.00     11.20      0.00      0.00      0.00      0.00      0.00
03:24:31 AM      0.00      0.00      0.00      0.00      0.60      0.00      0.00      0.00      0.00      0.00
03:24:36 AM      1.60      0.00      0.40      0.40      4.40      0.00      0.00      0.00      0.00      0.00
03:24:41 AM      0.00    124.00      0.00      0.00      8.40      0.00      0.00      0.00      0.00      0.00
03:24:46 AM      0.80      0.00      0.20      0.20      4.40      0.00      0.00      0.00      0.00      0.00
03:24:51 AM      0.00      0.00      6.80      0.00      7.20      0.00      0.00      0.00      0.00      0.00
03:24:56 AM      4.00    595.20      1.00      1.00    146.20      0.00      0.00    141.00      0.00      0.00
03:25:01 AM      0.00     46.40      6.40      0.00      7.40      0.00      0.00      0.00      0.00      0.00
03:25:06 AM      0.00      0.00      1.20      0.00      4.00      0.00      0.00      0.00      0.00      0.00
03:25:11 AM      0.00      0.00      0.00      0.00      4.20      0.00      0.00      0.00      0.00      0.00
03:25:16 AM      0.00      0.00      0.00      0.00      3.80      0.00      0.00      0.00      0.00      0.00
03:25:21 AM      0.00    172.00      0.00      0.00      4.40      0.00      0.00      0.00      0.00      0.00
03:25:26 AM      0.00      0.00      0.00      0.00      3.80      0.00      0.00      0.00      0.00      0.00
03:25:31 AM      0.00      0.00      0.00      0.00      0.80      0.00      0.00      0.00      0.00      0.00
03:25:36 AM      0.00      5.60      0.00      0.00      3.80      0.00      0.00      0.00      0.00      0.00
03:25:41 AM      0.00      0.00      0.00      0.00      3.80      0.00      0.00      0.00      0.00      0.00
03:25:46 AM 276050.40 278928.00  69955.80  69441.80  80426.80 160853.40  76548.40  72289.80      0.00      0.00
03:25:51 AM    686.40      0.00      0.60      0.40      3.80      0.00      0.00      0.00      0.00      0.00
03:25:56 AM   2211.58      0.00      9.18      8.38      4.19      0.00      0.00      0.00      0.00      0.00
03:26:01 AM      0.00      0.00      0.00      0.00      0.40      0.00      0.00      0.00      0.00      0.00
03:26:06 AM      0.00     98.40      0.00      0.00      4.00      0.00      0.00      0.00      0.00      0.00
03:26:11 AM   1122.40      0.00     35.80     25.40     15.00      0.00      0.00      0.00      0.00      0.00
03:26:16 AM    183.20      0.00      0.80      0.80      3.80      0.00      0.00      0.00      0.00      0.00
03:26:21 AM    409.60      5.60    103.20    102.40    106.80      0.00      0.00      0.00      0.00      0.00
03:26:26 AM      1.60      0.00      0.40      0.40      4.60      0.00      0.00      0.00      0.00      0.00
03:26:31 AM     14.40      0.00      4.20      3.60      2.20      0.00      0.00      0.00      0.00      0.00
03:26:36 AM 123276.80 106329.60  31284.00  30819.20  33064.60  84910.60  10533.80  30313.40      0.00      0.00
03:26:41 AM  13429.60  10430.40   3641.80   3357.60   4367.20   9125.80      0.00   3634.80      0.00      0.00
03:26:46 AM      0.00      0.00      0.00      0.00      3.80      0.00      0.00      0.00      0.00      0.00
03:26:51 AM      0.00    162.40      0.00      0.00      4.00      0.00      0.00      0.00      0.00      0.00
03:26:56 AM      4.00      4.00      1.00      1.00      4.40      0.00      0.00      0.00      0.00      0.00
03:27:01 AM    569.60      0.00    182.40    172.60     14.00      0.00      0.00      0.00      0.00      0.00
03:27:06 AM      0.00      0.00      0.00      0.00      4.00      0.00      0.00      0.00      0.00      0.00
03:27:11 AM   1916.00      0.00     14.80      3.80      5.60      0.00      0.00      0.00      0.00      0.00
03:27:16 AM      0.00      0.00      0.00      0.00      4.00      0.00      0.00      0.00      0.00      0.00
03:27:22 AM      0.80     57.60      0.20      0.20      3.80      0.00      0.00      0.00      0.00      0.00
03:27:27 AM      2.40    117.60      0.60      0.60      4.00      0.00      0.00      0.00      0.00      0.00
03:27:32 AM      0.00      4.00      0.20      0.00      0.40      0.00      0.00      0.00      0.00      0.00
03:27:37 AM      0.00  12340.80      0.00      0.00   5066.60   5248.00      0.00   4857.60      0.00      0.00
03:27:42 AM      0.80     27.20      0.20      0.20      3.80      0.00      0.00      0.00      0.00      0.00
03:27:47 AM  68298.40 133974.40  26379.00  25827.60  37319.40  56109.60  17269.00  37132.40      0.00      0.00
03:27:52 AM     12.80      0.00      2.00      0.40      4.00      0.00      0.00      0.00      0.00      0.00
03:27:57 AM   1489.60     38.40      2.40      1.80      4.00      0.00      0.00      0.00      0.00      0.00
03:28:02 AM      9.60    136.80      0.00      0.00      0.60      0.00      0.00      0.00      0.00      0.00
03:28:07 AM      0.00      4.80     82.40     68.40      3.80      0.00      0.00      0.00      0.00      0.00
03:28:12 AM      2.40      0.00      0.60      0.40      4.00      0.00      0.00      0.00      0.00      0.00
03:28:17 AM      0.00      0.00      0.00      0.00      3.80      0.00      0.00      0.00      0.00      0.00
03:28:22 AM    661.60      0.00      3.00      2.40      4.00      0.00      0.00      0.00      0.00      0.00
03:28:27 AM     76.00      0.00      2.20      1.60      4.20      0.00      0.00      0.00      0.00      0.00
03:28:32 AM      0.00     38.40      0.00      0.00      0.40      0.00      0.00      0.00      0.00      0.00
03:28:37 AM      0.00    104.80      0.20      0.00      4.20      0.00      0.00      0.00      0.00      0.00
03:28:42 AM      0.00      4.80      0.00      0.00      3.80      0.00      0.00      0.00      0.00      0.00
03:28:47 AM      0.00      0.00      0.00      0.00      4.00      0.00      0.00      0.00      0.00      0.00
03:28:52 AM      0.00    354.40      0.00      0.00     92.40      0.00      0.00     88.60      0.00      0.00
03:28:57 AM      0.00      0.00      0.00      0.00     55.20      0.00      0.00      0.00      0.00      0.00
03:29:02 AM   1072.00    344.00     18.40      6.60   2175.40      0.00      0.00     86.00      0.00      0.00
03:29:07 AM      0.00     38.40      0.00      0.00      4.00      0.00      0.00      0.00      0.00      0.00
03:29:12 AM      0.80    124.00      0.40      0.20   1332.80      0.00      0.00      0.00      0.00      0.00
03:29:17 AM      0.00      4.80      0.00      0.00      3.80      0.00      0.00      0.00      0.00      0.00
03:29:22 AM      0.00      0.00      0.00      0.00   1028.00      0.00      0.00      0.00      0.00      0.00
03:29:27 AM      0.00      0.00      0.00      0.00      3.80      0.00      0.00      0.00      0.00      0.00
03:29:32 AM      0.00      0.00      0.00      0.00   1152.60      0.00      0.00      0.00      0.00      0.00
03:29:37 AM    893.60      0.00     16.20      9.00      7.00      0.00      0.00      0.00      0.00      0.00
03:29:42 AM      2.40     38.32      1.60      0.60   1639.72      0.00      0.00      0.00      0.00      0.00
03:29:47 AM    539.20    104.80      3.40      2.60      5.60      0.00      0.00      0.00      0.00      0.00
03:29:52 AM     61.60      4.00     28.00     13.00   1652.00      0.00      0.00      0.00      0.00      0.00
03:29:57 AM      0.80      0.00      0.20      0.20      4.40      0.00      0.00      0.00      0.00      0.00
03:30:02 AM      0.00     52.00      0.20      0.00   1447.20      0.00      0.00      0.00      0.00      0.00
03:30:07 AM      3.20     14.40      6.00      0.20      4.20      0.00      0.00      0.00      0.00      0.00
03:30:12 AM      6.40      0.00      3.80      3.00      4.40      0.00      0.00      0.00      0.00      0.00
03:30:17 AM      0.00     70.40      0.00      0.00   1235.20      0.00      0.00      0.00      0.00      0.00
03:30:22 AM      0.00    166.40      0.00      0.00      4.20      0.00      0.00      0.00      0.00      0.00
03:30:27 AM      0.00      6.40      0.00      0.00   1616.20      0.00      0.00      0.00      0.00      0.00
03:30:32 AM      0.00      0.00      0.00      0.00      0.40      0.00      0.00      0.00      0.00      0.00
03:30:37 AM      0.00      0.00      0.00      0.00   1649.00      0.00      0.00      0.00      0.00      0.00
03:30:42 AM  24420.80      0.00   6128.80   6105.20   1541.40      0.00      0.00      0.00      0.00      0.00
03:30:47 AM      0.80    116.80      0.20      0.20    391.40      0.00      0.00     29.20      0.00      0.00
03:30:52 AM      0.00    130.40      0.00      0.00      6.40      0.00      0.00      0.00      0.00      0.00
03:30:57 AM      0.00      0.00      0.00      0.00      3.80      0.00      0.00      0.00      0.00      0.00
03:31:02 AM      0.00      4.00      2.40      2.40      1.40      0.00      0.00      0.00      0.00      0.00
03:31:07 AM      0.00      0.00      0.20      0.20      3.80      0.00      0.00      0.00      0.00      0.00
03:31:12 AM      3.20      0.00      0.00      0.00      7.40      0.00      0.00      0.00      0.00      0.00
03:31:17 AM      0.00      0.00      0.00      0.00      3.80      0.00      0.00      0.00      0.00      0.00
03:31:22 AM      0.00   1479.20      0.00      0.00    383.00      0.00      0.00      0.00      0.00      0.00
03:31:27 AM      0.80   4807.20      0.20      0.20   1259.60      0.00      0.00      0.00      0.00      0.00
03:31:32 AM     51.20   1032.80      1.00      1.00    219.40      0.00      0.00      0.00      0.00      0.00
03:31:37 AM      0.00   4192.80      0.00      0.00   1069.00      0.00      0.00      0.00      0.00      0.00
03:31:42 AM    137.60   7777.60    290.40      3.80   2201.20      0.00      0.00      0.00      0.00      0.00
03:31:47 AM   3598.40   4947.20    884.00    899.60   1971.60      0.00      0.00      0.00      0.00      0.00
03:31:52 AM   9060.80   2721.60   2265.20   2265.20    855.80      0.00      0.00      0.00      0.00      0.00
03:31:57 AM     54.40      0.00      0.00     13.60    413.60      0.00      0.00      0.00      0.00      0.00
03:32:02 AM      0.00     38.40      0.00      0.00      0.40      0.00      0.00      0.00      0.00      0.00
03:32:07 AM      0.00    104.80      0.00      0.00      3.80      0.00      0.00      0.00      0.00      0.00
03:32:12 AM      0.00      4.80      0.00      0.00      4.00      0.00      0.00      0.00      0.00      0.00
03:32:17 AM    208.80      0.00     52.40     52.20      8.00      0.00      0.00      0.00      0.00      0.00
03:32:22 AM     60.80      0.00      1.00      1.00      6.80      0.00      0.00      0.00      0.00      0.00
03:32:27 AM      0.00      0.00      0.00      0.00      3.80      0.00      0.00      0.00      0.00      0.00
03:32:32 AM    760.00      0.00      0.60      0.60      0.60      0.00      0.00      0.00      0.00      0.00
03:32:37 AM      0.00     38.40      0.00      0.00      3.80      0.00      0.00      0.00      0.00      0.00
03:32:42 AM      0.00    124.00      0.00      0.00      4.00      0.00      0.00      0.00      0.00      0.00
03:32:47 AM      0.00      4.00      0.00      0.00      4.00      0.00      0.00      0.00      0.00      0.00
03:32:52 AM      0.80  51128.00  10717.20      0.20  12851.60  18022.40   8663.60  12847.80      0.00      0.00
03:32:57 AM      0.00      0.00      0.00      0.00      4.00      0.00      0.00      0.00      0.00      0.00
03:33:02 AM    209.60      0.00      5.20     13.60  12684.60      0.00      0.00      0.00      0.00      0.00
03:33:07 AM      0.00      0.00      0.00      0.00      4.00      0.00      0.00      0.00      0.00      0.00
03:33:12 AM    119.20     38.40      0.00     29.80    826.40      0.00      0.00      0.00      0.00      0.00
03:33:17 AM      0.00   5253.60      0.00      0.00   1344.40      0.00      0.00      0.00      0.00      0.00
03:33:22 AM     88.00  10494.40      0.00     22.00   3471.80      0.00      0.00      0.00      0.00      0.00
03:33:27 AM    100.00   8484.00      0.20      0.20   2151.40      0.00      0.00      0.00      0.00      0.00
03:33:32 AM   2202.00   3522.55    547.31    548.50   1724.55      0.00      0.00      0.00      0.00      0.00
03:33:37 AM    136.80      0.00      0.40      0.40      3.80      0.00      0.00      0.00      0.00      0.00
03:33:42 AM     82.40   4031.20      0.20     20.60   1878.40      0.00      0.00      0.00      0.00      0.00
03:33:47 AM  99331.20   4047.20  25141.40  24830.40   7514.00   2817.20      0.00     29.40      0.00      0.00
03:33:52 AM 271748.00 248722.40  68596.20  67624.80  78649.40 175614.60  64961.20  64621.60      0.00      0.00
03:33:57 AM   2087.20      5.60     21.40     15.40     13.00      0.00      0.00      0.00      0.00      0.00
03:34:02 AM      1.60  17812.00    691.80    670.60   4466.80   5306.20      0.00   4465.60      0.00      0.00
03:34:07 AM  27166.40  35606.40   6792.40   6791.60   9070.60  15270.80      0.00   8942.60      0.00      0.00
03:34:12 AM     30.40      0.00      5.20      4.20      4.20      0.00      0.00      0.00      0.00      0.00
03:34:17 AM      0.00      0.00      0.20      0.00      4.00      0.00      0.00      0.00      0.00      0.00
03:34:22 AM    439.20     38.40      1.00      0.60      3.80      0.00      0.00      0.00      0.00      0.00
03:34:27 AM      4.80    104.80      1.20      1.20      4.00      0.00      0.00      0.00      0.00      0.00
03:34:32 AM      0.00      4.00      0.00      0.00      0.40      0.00      0.00      0.00      0.00      0.00
03:34:37 AM   1720.80      0.00     39.60     26.00     24.00      0.00      0.00      0.00      0.00      0.00
03:34:42 AM 185324.00 155952.80  46188.00  46173.20  42869.00  64518.20  16639.80  39308.80      0.00      0.00
03:34:47 AM 115662.40  52584.80  28633.20  28582.00  31456.60  70538.60  38010.00  24548.40      0.00      0.00
03:34:52 AM   3594.40   4285.60     49.20     24.40   1483.60   4563.20      0.00   1474.40      0.00      0.00
03:34:57 AM      2.40     70.40      1.00      0.60      4.20      0.00      0.00      0.00      0.00      0.00
03:35:02 AM    486.40    149.60    130.00    117.80     20.20      0.00      0.00      0.00      0.00      0.00
03:35:07 AM    484.80     43.20     71.00     51.20      7.80      0.00      0.00      0.00      0.00      0.00
03:35:12 AM   1012.80      0.00    277.20    253.20      9.20      0.00      0.00      0.00      0.00      0.00
03:35:17 AM      0.00      0.00      0.00      0.00      3.80      0.00      0.00      0.00      0.00      0.00
03:35:22 AM    804.00  10504.80      1.40      1.00   2819.00   3538.40      0.00   2749.40      0.00      0.00
03:35:27 AM      0.80    666.40      0.20      0.20    937.80    304.20      0.00    212.20      0.00      0.00
03:35:32 AM      0.00    264.80      0.00      0.00      6.00      0.00      0.00      0.00      0.00      0.00
03:35:37 AM      0.00      0.00      0.00      0.00      4.00      0.00      0.00      0.00      0.00      0.00
03:35:42 AM    276.80      5.60      0.80      0.60      3.80      0.00      0.00      0.00      0.00      0.00
03:35:47 AM      0.00      0.00      0.00      0.00   1089.20      0.00      0.00      0.00      0.00      0.00
03:35:52 AM      0.00      0.00      0.00      0.00      3.80      0.00      0.00      0.00      0.00      0.00
03:35:57 AM   1499.20  29351.20  10820.20  10588.20   8321.20  10870.00   3184.20   8294.20      0.00      0.00
03:36:02 AM      0.00      0.00      0.00      0.00      0.40      0.00      0.00      0.00      0.00      0.00
03:36:07 AM      0.80      0.00      0.20      0.20      4.00      0.00      0.00      0.00      0.00      0.00
03:36:12 AM   2600.00  17640.00     17.40      9.60   4422.20   5453.20      0.00   4406.60      0.00      0.00
03:36:17 AM      0.00      4.00      0.00      0.00      3.80      0.00      0.00      0.00      0.00      0.00
03:36:22 AM      0.80      0.00      0.20      0.20      4.00      0.00      0.00      0.00      0.00      0.00
03:36:27 AM      0.00      0.00      0.00      0.00      3.80      0.00      0.00      0.00      0.00      0.00
03:36:32 AM      0.00      0.00      0.00      0.00      0.60      0.00      0.00      0.00      0.00      0.00
03:36:37 AM      0.00      0.00      0.20      0.00      3.80      0.00      0.00      0.00      0.00      0.00
03:36:42 AM      0.00     38.40      0.00      0.00      4.00      0.00      0.00      0.00      0.00      0.00
03:36:47 AM   2657.60    104.80    285.20      6.80    547.60      0.00      0.00      0.00      0.00      0.00
03:36:52 AM      0.00      4.00      0.00      0.00      4.00      0.00      0.00      0.00      0.00      0.00
03:36:57 AM      0.00      0.00      0.00      0.00      3.80      0.00      0.00      0.00      0.00      0.00
03:37:02 AM      1.60      0.00      4.60      2.60   1393.40      0.00      0.00      0.00      0.00      0.00
03:37:07 AM     23.95      0.00      0.20      0.20      3.99      0.00      0.00      0.00      0.00      0.00
03:37:12 AM      0.80      0.00      0.20      0.20   1636.00      0.00      0.00      0.00      0.00      0.00
03:37:17 AM      0.00     38.40      0.00      0.00      4.00      0.00      0.00      0.00      0.00      0.00
03:37:22 AM      0.00   1728.00      0.00      0.00   1804.00      0.00      0.00      0.00      0.00      0.00
03:37:27 AM      0.00   3222.40      0.00      0.00    832.00      0.00      0.00      0.00      0.00      0.00
03:37:32 AM      0.00   6108.80      0.00      0.00   2549.60      0.00      0.00      0.00      0.00      0.00
03:37:37 AM   2454.40   2252.00    607.00    607.00    574.20      0.00      0.00      0.00      0.00      0.00
03:37:42 AM      9.60   1744.00      1.40      1.20    754.80      0.00      0.00      0.00      0.00      0.00
03:37:47 AM      0.80   3328.00      0.20      0.20    848.60      0.00      0.00      0.00      0.00      0.00
03:37:52 AM      0.80   4770.40      0.20      0.20   1617.40      0.00      0.00      0.00      0.00      0.00
03:37:57 AM      0.80   4456.80      0.20      0.20   1107.40      0.00      0.00      0.00      0.00      0.00
03:38:02 AM   8174.40   1997.60   2044.00   2043.60    728.80      0.00      0.00      0.00      0.00      0.00
03:38:07 AM   2383.20    167.20    590.20    590.00     49.20      0.00      0.00      0.00      0.00      0.00
03:38:12 AM    190.40      0.00      0.40      0.40      4.00      0.00      0.00      0.00      0.00      0.00
03:38:17 AM      0.00    935.20      0.00      0.00    248.00      0.00      0.00      0.00      0.00      0.00
03:38:22 AM      0.00    524.00      0.00      0.00    137.80      0.00      0.00      0.00      0.00      0.00
03:38:27 AM      0.00   1576.80      0.00      0.00    405.60      0.00      0.00      0.00      0.00      0.00
03:38:32 AM     12.80   4024.80      3.00      0.80   1094.60      0.00      0.00      0.00      0.00      0.00
03:38:37 AM   1256.00   3111.20    289.80    290.00    803.40      0.00      0.00      0.00      0.00      0.00
03:38:42 AM      0.80   4809.60      1.40      0.20   1751.80      0.00      0.00      0.00      0.00      0.00
03:38:47 AM  20784.80   5533.60   5194.60   5180.00   2112.20      0.00      0.00      0.00      0.00      0.00
03:38:52 AM      0.00      0.00      0.00      0.00   1641.60      0.00      0.00      0.00      0.00      0.00
03:38:57 AM      1.60      0.00      0.40      0.40      4.40      0.00      0.00      0.00      0.00      0.00
03:39:02 AM    189.60     38.40     18.80     17.60   1668.80      0.00      0.00      0.00      0.00      0.00
03:39:07 AM    450.40    124.00     78.80     78.60     10.40      0.00      0.00      0.00      0.00      0.00
03:39:12 AM      0.00      4.00      0.00      0.00   1648.80      0.00      0.00      0.00      0.00      0.00
03:39:17 AM      0.00      0.00      0.00      0.00      4.60      0.00      0.00      0.00      0.00      0.00
03:39:22 AM      0.00      0.00      0.00      0.00   1484.40      0.00      0.00      0.00      0.00      0.00
03:39:27 AM      0.00      0.00      0.00      0.00      3.80      0.00      0.00      0.00      0.00      0.00
03:39:32 AM      0.00      0.00      0.00      0.00   1499.60      0.00      0.00      0.00      0.00      0.00
03:39:37 AM    345.60     38.40      4.80      3.00      5.40      0.00      0.00      0.00      0.00      0.00
03:39:42 AM      3.20    124.00      1.20      0.80   1231.40      0.00      0.00      0.00      0.00      0.00
03:39:47 AM    646.40      4.00      1.40      1.20      5.40      0.00      0.00      0.00      0.00      0.00
03:39:52 AM    140.80      0.00     13.20      1.80   1030.20      0.00      0.00      0.00      0.00      0.00
03:39:57 AM      0.00      0.00      0.00      0.00      4.40      0.00      0.00      0.00      0.00      0.00
03:40:02 AM   4032.00      0.00   1008.60   1008.00   1501.60      0.00      0.00      0.00      0.00      0.00
03:40:07 AM     14.40     38.40      6.40      0.40      8.40      0.00      0.00      0.00      0.00      0.00
03:40:12 AM      0.00     70.40      0.20      0.20      4.00      0.00      0.00      0.00      0.00      0.00
03:40:17 AM      0.00    143.20      0.00      0.00   1224.00      0.00      0.00      0.00      0.00      0.00
03:40:22 AM      0.00     24.80      0.00      0.00      3.80      0.00      0.00      0.00      0.00      0.00
03:40:27 AM      0.00      0.00      0.00      0.00   1532.80      0.00      0.00      0.00      0.00      0.00
03:40:32 AM      0.00      0.00      0.00      0.00      0.40      0.00      0.00      0.00      0.00      0.00
03:40:37 AM      0.00      0.00      0.00      0.00   1425.80      0.00      0.00      0.00      0.00      0.00
03:40:42 AM      0.00      0.00      0.20      0.00      4.00      0.00      0.00      0.00      0.00      0.00
03:40:47 AM      0.00     38.40      0.00      0.00   1687.20      0.00      0.00      0.00      0.00      0.00
03:40:52 AM      0.00    136.80      0.00      0.00      4.20      0.00      0.00      0.00      0.00      0.00
03:40:57 AM      0.00      5.60      0.00      0.00   1660.60      0.00      0.00      0.00      0.00      0.00
03:41:02 AM      3.20      0.00      2.20      2.00      0.80      0.00      0.00      0.00      0.00      0.00
03:41:07 AM      0.00      0.00      0.00      0.00   1616.37      0.00      0.00      0.00      0.00      0.00
03:41:12 AM      8.00      0.00      4.00      2.00      7.40      0.00      0.00      0.00      0.00      0.00
03:41:17 AM      0.00      0.00      0.00      0.00   1597.00      0.00      0.00      0.00      0.00      0.00
03:41:22 AM      0.00     38.40      0.00      0.00      3.80      0.00      0.00      0.00      0.00      0.00
03:41:27 AM      0.80    104.80      0.20      0.20   1640.40      0.00      0.00      0.00      0.00      0.00
03:41:32 AM      0.00      5.60      0.00      0.00      0.40      0.00      0.00      0.00      0.00      0.00
03:41:37 AM      0.00      0.00      0.00      0.00   1510.80      0.00      0.00      0.00      0.00      0.00
03:41:42 AM      0.00      0.00      0.00      0.00      3.80      0.00      0.00      0.00      0.00      0.00
03:41:47 AM   1387.20      0.00    291.40      6.60   1833.80      0.00      0.00      0.00      0.00      0.00
03:41:52 AM      0.00      0.00      0.00      0.00      3.80      0.00      0.00      0.00      0.00      0.00
03:41:57 AM      0.00     38.40      0.00      0.00   1605.40      0.00      0.00      0.00      0.00      0.00
03:42:02 AM      0.00    124.00      0.00      0.00      0.60      0.00      0.00      0.00      0.00      0.00
03:42:07 AM      0.00      4.00      0.00      0.00   1627.40      0.00      0.00      0.00      0.00      0.00
03:42:12 AM 104349.60  77874.40  26197.80  26087.40  21085.00  97045.00      0.00  20840.20      0.00      0.00
03:42:17 AM 150635.20 157516.80  37666.80  37644.80  55401.80  88911.20   4189.80  41725.80      0.00      0.00
03:42:22 AM  51147.20  35412.00  11743.00  11740.80   9553.40  11792.00   1523.20   8844.20      0.00      0.00
03:42:27 AM     35.20      0.00      5.00      9.00    514.40      0.00      0.00      0.00      0.00      0.00
03:42:32 AM   1004.00      0.00      8.40      5.20      0.80      0.00      0.00      0.00      0.00      0.00
03:42:37 AM     78.40    104.80     12.00     14.80   1317.20      0.00      0.00      0.00      0.00      0.00
03:42:42 AM      7.20      0.00      1.80      1.80      3.80      0.00      0.00      0.00      0.00      0.00
03:42:47 AM     38.40  38581.60   8610.00      9.60  10944.20  83590.00   1576.40   9704.00      0.00      0.00
03:42:52 AM 134437.68 496351.45  34232.07  32834.96 125733.51 161358.70  72288.41 125657.07      0.00      0.00
03:42:57 AM 170374.25 468360.56  42103.62  42081.69 118001.81 115214.49  40776.26 117234.21      0.00      0.00
03:43:02 AM 176445.60 185761.60  43909.00  43773.40  50451.00  77313.40   1260.60  46773.60      0.00      0.00
03:43:07 AM  40620.80  37032.80   9872.20   8597.60  13702.60  11717.60      0.00   9287.00      0.00      0.00
03:43:12 AM      1.60      0.00      0.40      0.40      4.40      0.00      0.00      0.00      0.00      0.00
03:43:17 AM   1129.60      0.00    100.20    100.00  13259.80      0.00      0.00      0.00      0.00      0.00
03:43:22 AM 116420.00 108768.00  29152.60  22961.40  28394.40  88770.20   4521.40  28242.60      0.00      0.00
03:43:27 AM    763.20      0.00     59.00     32.20      7.60      0.00      0.00      0.00      0.00      0.00
03:43:32 AM     69.60      0.00      2.40      2.20      4.40      0.00      0.00      0.00      0.00      0.00
03:43:37 AM    814.40      0.00      2.80      2.80      4.00      0.00      0.00      0.00      0.00      0.00
03:43:42 AM    818.40      0.00      0.80      0.40      3.80      0.00      0.00      0.00      0.00      0.00
03:43:47 AM      0.00      0.00      0.00      0.00      3.80      0.00      0.00      0.00      0.00      0.00
03:43:52 AM      7.20    162.40      0.40      0.40      4.00      0.00      0.00      0.00      0.00      0.00
03:43:57 AM   1368.00      4.80      7.00      5.60    107.00      0.00      0.00      0.00      0.00      0.00
03:44:02 AM      0.00      0.00      0.20      0.00      0.60      0.00      0.00      0.00      0.00      0.00
03:44:07 AM      8.00      0.00      2.20      2.00      3.80      0.00      0.00      0.00      0.00      0.00
03:44:12 AM      0.80      0.00      0.20      0.20      4.00      0.00      0.00      0.00      0.00      0.00
03:44:17 AM      0.00      0.00      0.00      0.00      3.80      0.00      0.00      0.00      0.00      0.00
03:44:22 AM      0.80      0.00      0.20      0.20      4.00      0.00      0.00      0.00      0.00      0.00
03:44:27 AM  93654.40  27215.20  23393.80  20774.60  29226.20   7558.60      0.00   7107.20      0.00      0.00
03:44:32 AM 227870.40  19706.40  56837.60  50705.80  57206.20   7342.20      0.00   4961.60      0.00      0.00
03:44:37 AM  74190.40   9807.20  18241.80  17511.40  20244.40   2840.00      0.00   2454.00      0.00      0.00
03:44:42 AM    496.61      0.00     12.77     11.18    108.18      0.00      0.00      0.00      0.00      0.00
03:44:47 AM   2241.60      0.00     26.00     10.80      5.00      0.00      0.00      0.00      0.00      0.00
03:44:52 AM     88.80      0.00     24.40     20.00    314.20      0.00      0.00      0.00      0.00      0.00
03:44:57 AM      0.00     70.40      0.00      0.00      4.20      0.00      0.00      0.00      0.00      0.00
03:45:02 AM   1084.80    136.80    149.20    138.60    132.60      0.00      0.00      0.00      0.00      0.00
03:45:07 AM     77.60     48.80      7.60      1.40      5.00      0.00      0.00      0.00      0.00      0.00
03:45:12 AM      0.00      0.00      0.00      0.00      4.20      0.00      0.00      0.00      0.00      0.00
03:45:17 AM      0.00      0.00      0.00      0.00      4.60      0.00      0.00      0.00      0.00      0.00
03:45:22 AM    627.20     17.60      7.00      3.20    111.20      0.00      0.00      0.00      0.00      0.00
03:45:27 AM      0.00      0.00      0.00      0.00      3.80      0.00      0.00      0.00      0.00      0.00
03:45:32 AM     24.80    220.00      0.40      0.20    103.00      0.00      0.00      0.00      0.00      0.00
03:45:37 AM      0.00      0.00      0.00      0.00      3.80      0.00      0.00      0.00      0.00      0.00
03:45:42 AM      0.00      4.00      0.00      0.00      4.00      0.00      0.00      0.00      0.00      0.00
03:45:47 AM      0.00      0.00      0.00      0.00      3.80      0.00      0.00      0.00      0.00      0.00
03:45:52 AM      0.00      0.00      0.00      0.00      3.80      0.00      0.00      0.00      0.00      0.00
03:45:57 AM      0.00   9942.40      0.00      0.00   2524.20   3689.40      0.00   2520.20      0.00      0.00
03:46:02 AM      0.00     38.40      0.20      0.00    307.80      0.00      0.00      0.00      0.00      0.00
03:46:07 AM      0.80      0.00      0.20      0.20      4.00      0.00      0.00      0.00      0.00      0.00
03:46:12 AM    245.60    104.80     13.80     10.00    109.60      0.00      0.00      0.00      0.00      0.00
03:46:17 AM      0.00      4.80      0.00      0.00      4.00      0.00      0.00      0.00      0.00      0.00
03:46:22 AM      0.00      0.00      0.00      0.00    106.20      0.00      0.00      0.00      0.00      0.00
03:46:27 AM      0.00      0.00      0.00      0.00      4.80      0.00      0.00      0.00      0.00      0.00
03:46:32 AM      0.00      0.00      0.00      0.00      1.20      0.00      0.00      0.00      0.00      0.00
03:46:37 AM      0.00      0.00      0.00      0.00      3.80      0.00      0.00      0.00      0.00      0.00
03:46:42 AM      2.40     38.40      0.80      0.60      4.00      0.00      0.00      0.00      0.00      0.00
03:46:47 AM   2060.80    124.00    310.20     32.20    269.20      0.00      0.00      0.00      0.00      0.00
03:46:52 AM      0.00      4.00      0.00      0.00    208.80      0.00      0.00      0.00      0.00      0.00
03:46:57 AM      0.00      0.00      0.00      0.00      3.80      0.00      0.00      0.00      0.00      0.00
03:47:02 AM      0.00      0.00      2.20      2.20      0.80      0.00      0.00      0.00      0.00      0.00
03:47:07 AM      0.00      0.00      0.00      0.00      3.80      0.00      0.00      0.00      0.00      0.00
03:47:12 AM      0.00      0.00      0.00      0.00    311.20      0.00      0.00      0.00      0.00      0.00
03:47:17 AM 172924.80  94945.60  43299.80  40887.60  43853.80  93355.20   2527.00  42897.00      0.00      0.00
03:47:22 AM     14.40    104.80      1.20      1.20   1130.40      0.00      0.00      0.00      0.00      0.00
03:47:27 AM      0.00      4.00      0.00      0.00      4.00      0.00      0.00      0.00      0.00      0.00
03:47:32 AM      4.00      0.00      1.20      1.00    921.40      0.00      0.00      0.00      0.00      0.00
03:47:37 AM  19398.40      0.00   4876.40   3512.00   8160.60   8524.80      0.00   3287.80      0.00      0.00
03:47:42 AM      0.00      0.00      0.00      0.00      3.80      0.00      0.00      0.00      0.00      0.00
03:47:47 AM      0.00      0.00      0.00      0.00   1388.60      0.00      0.00     34.40      0.00      0.00
03:47:52 AM      2.40     38.40      0.60      0.60      3.80      0.00      0.00      0.00      0.00      0.00
03:47:57 AM    552.80    124.00      3.20      2.60   1247.40      0.00      0.00      0.00      0.00      0.00
03:48:02 AM      0.00      4.00      0.00      0.00      0.80      0.00      0.00      0.00      0.00      0.00
03:48:07 AM     14.40      0.00      1.60      1.60    686.00      0.00      0.00     61.40      0.00      0.00
03:48:12 AM      0.00      0.00      0.00      0.00      4.00      0.00      0.00      0.00      0.00      0.00
03:48:17 AM      1.60      0.00      0.60      0.40      3.80      0.00      0.00      0.00      0.00      0.00
03:48:22 AM      0.80      0.00      0.20      0.20      4.00      0.00      0.00      0.00      0.00      0.00
03:48:27 AM      0.00     38.40      0.00      0.00    977.60      0.00      0.00      0.00      0.00      0.00
03:48:32 AM      0.00    104.80      0.00      0.00      8.60      0.00      0.00      0.00      0.00      0.00
03:48:37 AM      0.00      6.39      0.00      0.00      3.79      0.00      0.00      0.00      0.00      0.00
03:48:42 AM      0.00      0.00      0.00      0.00      3.80      0.00      0.00      0.00      0.00      0.00
03:48:47 AM  54540.80  77741.60  52133.60  45771.00  55464.80 117944.40  12590.00  55333.40      0.00      0.00
03:48:52 AM    852.00      0.00     14.80      8.00      4.40      0.00      0.00      0.00      0.00      0.00
03:48:57 AM    122.40      0.00      0.80      0.40      4.00      0.00      0.00      0.00      0.00      0.00
03:49:02 AM   1757.60     38.40    168.80    150.60     17.00      0.00      0.00      0.00      0.00      0.00
03:49:07 AM      9.60    124.00      0.20      0.00      4.20      0.00      0.00      0.00      0.00      0.00
03:49:12 AM      3.20      4.80      1.60      0.00      3.80      0.00      0.00      0.00      0.00      0.00
03:49:17 AM      0.00      0.00      0.00      0.00      4.00      0.00      0.00      0.00      0.00      0.00
03:49:22 AM    165.60      0.00      0.20      0.20      3.80      0.00      0.00      0.00      0.00      0.00
03:49:27 AM      0.00      0.00      0.00      0.00      3.80      0.00      0.00      0.00      0.00      0.00
03:49:32 AM      0.00      0.00      0.00      0.00      0.60      0.00      0.00      0.00      0.00      0.00
03:49:37 AM   1572.80     44.80     29.60     19.20     13.00      0.00      0.00      0.00      0.00      0.00
03:49:42 AM    488.80    130.40      9.40      8.40      6.40      0.00      0.00      0.00      0.00      0.00
03:49:47 AM   2604.80      4.00     14.40      4.40      6.40      0.00      0.00      0.00      0.00      0.00
03:49:52 AM    139.20      0.00     11.80      9.20     11.60      0.00      0.00      0.00      0.00      0.00
03:49:57 AM      0.00      0.00      0.00      0.00      3.80      0.00      0.00      0.00      0.00      0.00
03:50:02 AM      0.00      0.00      0.00      0.00      1.00      0.00      0.00      0.00      0.00      0.00
03:50:07 AM    164.80     51.20      0.80      0.20      5.60      0.00      0.00      0.00      0.00      0.00
03:50:12 AM      2.40     70.40      2.00      2.00      4.40      0.00      0.00      0.00      0.00      0.00
03:50:17 AM      0.00    156.00      0.00      0.00      4.00      0.00      0.00      0.00      0.00      0.00
03:50:22 AM 122894.40      4.80  30718.80  29928.80  30585.40      0.00      0.00      0.00      0.00      0.00
03:50:27 AM 202358.40  16668.00  50437.40  48326.60  54312.80   4727.80      0.00   4460.00      0.00      0.00
03:50:32 AM  70672.00      0.00  17668.00  17522.20  17950.60      0.00      0.00      0.00      0.00      0.00
03:50:37 AM      4.80      0.00      1.60      1.60      4.00      0.00      0.00      0.00      0.00      0.00
03:50:42 AM      0.00      0.00      0.00      0.00      3.80      0.00      0.00      0.00      0.00      0.00
03:50:47 AM      0.00     44.80      0.00      0.00      4.80      0.00      0.00      0.00      0.00      0.00
03:50:52 AM     12.80    130.40      0.20      0.00      3.80      0.00      0.00      0.00      0.00      0.00
03:50:57 AM   1044.00      4.80      1.00      0.80      3.80      0.00      0.00      0.00      0.00      0.00
03:51:02 AM      9.60      0.00      5.60      5.40      1.20      0.00      0.00      0.00      0.00      0.00
03:51:07 AM      0.00      0.00      0.00      0.00      4.00      0.00      0.00      0.00      0.00      0.00
03:51:12 AM    155.20      0.00      4.00      1.60      8.20      0.00      0.00      0.00      0.00      0.00
03:51:17 AM  25902.40  15716.80   6492.40   6079.80   5187.80   5333.40      0.00   5070.40      0.00      0.00
03:51:22 AM  38124.00  12572.00  46783.20  43962.00  44679.80 107804.80      0.00  44428.00      0.00      0.00
03:51:27 AM     70.40    143.20      3.20      2.40      3.80      0.00      0.00      0.00      0.00      0.00
03:51:32 AM   1872.80      4.00     10.80     10.20   1718.80      0.00      0.00     36.20      0.00      0.00
03:51:37 AM      3.20      0.00      0.80      0.80      4.00      0.00      0.00      0.00      0.00      0.00
03:51:42 AM      0.00      0.00      0.00      0.00    410.80      0.00      0.00     77.80      0.00      0.00
03:51:47 AM   3356.00      0.00    329.80     36.40    248.40      0.00      0.00      0.00      0.00      0.00
03:51:52 AM      7.20      0.00      1.80      1.80      3.80      0.00      0.00      0.00      0.00      0.00
03:51:57 AM     84.80     44.80      0.60      0.60      4.80      0.00      0.00      0.00      0.00      0.00
03:52:02 AM      0.80    124.00      0.40      0.20      6.40      0.00      0.00      0.00      0.00      0.00
03:52:07 AM      0.80      4.00      0.20      0.20      4.20      0.00      0.00      0.00      0.00      0.00
03:52:12 AM      0.80      0.00      0.40      0.20      3.80      0.00      0.00      0.00      0.00      0.00
03:52:17 AM     21.60      0.00      5.60      5.40      4.80      0.00      0.00      0.00      0.00      0.00
03:52:22 AM     14.40      0.00      3.80      3.80      4.00      0.00      0.00      0.00      0.00      0.00
03:52:27 AM      0.00      0.00      0.00      0.00      3.80      0.00      0.00      0.00      0.00      0.00
03:52:32 AM      1.60     44.80      0.80      0.40      0.60      0.00      0.00      0.00      0.00      0.00
03:52:37 AM      1.60    143.20      0.40      0.40      5.40      0.00      0.00      0.00      0.00      0.00
03:52:42 AM      3.20      5.60      0.00      0.00      4.00      0.00      0.00      0.00      0.00      0.00
03:52:47 AM      0.00      0.00      0.00      0.00    118.00      0.00      0.00     36.60      0.00      0.00
03:52:52 AM   5115.20      0.00   1302.00    548.20   2399.00   5875.20      0.00   2395.00      0.00      0.00
03:52:57 AM      0.00      0.00      0.00      0.00     52.20      0.00      0.00     48.40      0.00      0.00
03:53:02 AM    581.60      0.00    153.20    151.40     23.40      0.00      0.00      0.00      0.00      0.00
03:53:07 AM      1.60     51.20      0.40      0.40      4.00      0.00      0.00      0.00      0.00      0.00
03:53:12 AM     22.40    168.80      0.00      0.00      7.20      0.00      0.00      0.00      0.00      0.00
03:53:17 AM      3.99      4.79      0.20      0.20      3.99      0.00      0.00      0.00      0.00      0.00
03:53:22 AM      0.00      0.00      0.20      0.20      3.80      0.00      0.00      0.00      0.00      0.00
03:53:27 AM      0.80      0.00      0.20      0.20      4.00      0.00      0.00      0.00      0.00      0.00
03:53:32 AM      0.00      0.00      0.00      0.00      0.40      0.00      0.00      0.00      0.00      0.00
03:53:37 AM     72.80      0.00      0.40      0.20      6.40      0.00      0.00      0.00      0.00      0.00
03:53:42 AM      0.00     51.20      0.00      0.00      3.80      0.00      0.00      0.00      0.00      0.00
03:53:47 AM      3.20    168.80      0.00      0.00      3.80      0.00      0.00      0.00      0.00      0.00
03:53:52 AM      4.00      4.80      0.20      0.20      4.00      0.00      0.00      0.00      0.00      0.00
03:53:57 AM      0.00      0.00      0.00      0.00      3.80      0.00      0.00      0.00      0.00      0.00
03:54:02 AM      0.00      0.00      0.00      0.00   1443.40      0.00      0.00     44.40      0.00      0.00
03:54:07 AM      2.40  13580.80  12353.80      1.60  12987.20  29671.60      0.00  12983.40      0.00      0.00
03:54:12 AM      0.00      0.00      0.00      0.00   1530.60      0.00      0.00      0.00      0.00      0.00
03:54:17 AM      0.00     51.20      0.20      0.00  12384.20      0.00      0.00      0.00      0.00      0.00
03:54:22 AM      4.00    162.40      0.20      0.20   1490.40      0.00      0.00      0.00      0.00      0.00
03:54:27 AM      0.00      4.00      0.00      0.00      4.00      0.00      0.00      0.00      0.00      0.00
03:54:32 AM      0.00      0.00      0.00      0.00   1532.20      0.00      0.00      0.00      0.00      0.00
03:54:37 AM   1090.40      0.00     26.00     21.00     26.40      0.00      0.00      0.00      0.00      0.00
03:54:42 AM     13.60      0.00      8.00      7.60   1555.40      0.00      0.00      0.00      0.00      0.00
03:54:47 AM    483.20     14.40     19.00     10.80     11.40      0.00      0.00      0.00      0.00      0.00
03:54:52 AM     46.40     89.60     14.40     10.80   1596.80      0.00      0.00      0.00      0.00      0.00
03:54:57 AM      3.20    220.00      0.00      0.00      4.20      0.00      0.00      0.00      0.00      0.00
03:55:02 AM      4.00      4.00      3.20      3.20   1568.60      0.00      0.00      0.00      0.00      0.00
03:55:07 AM      1.60      0.00      0.40      0.40      4.00      0.00      0.00      0.00      0.00      0.00
03:55:12 AM      0.00      0.00      0.00      0.00   1600.60      0.00      0.00      0.00      0.00      0.00
03:55:17 AM      0.00      0.00      0.00      0.00      3.80      0.00      0.00      0.00      0.00      0.00
03:55:22 AM  13553.60     24.00   3396.20   3385.80   1579.00      0.00      0.00      0.00      0.00      0.00
03:55:27 AM     50.40    290.40      4.40      4.40      7.80      0.00      0.00      0.00      0.00      0.00
03:55:32 AM      0.00      0.00      0.00      0.00   1614.60      0.00      0.00      0.00      0.00      0.00
03:55:37 AM      1.60      4.80      0.40      0.40      3.80      0.00      0.00      0.00      0.00      0.00
03:55:42 AM      0.00      0.00      0.00      0.00   1556.00      0.00      0.00      0.00      0.00      0.00
03:55:47 AM      0.00      0.00      0.00      0.00      3.80      0.00      0.00      0.00      0.00      0.00
03:55:52 AM      0.00     16.80      0.20      0.00   2176.60      0.00      0.00      4.60      0.00      0.00
03:55:57 AM      0.00     57.60      0.00      0.00      4.00      0.00      0.00      0.00      0.00      0.00
03:56:02 AM      0.00      0.00      0.00      0.00   1593.00      0.00      0.00      0.00      0.00      0.00
03:56:07 AM      0.00    175.20      0.00      0.00     10.40      0.00      0.00      0.00      0.00      0.00
03:56:12 AM    188.80      7.20      5.40      5.20   1631.60      0.00      0.00      0.00      0.00      0.00
03:56:17 AM      0.00      0.00      0.00      0.00      5.00      0.00      0.00      0.00      0.00      0.00
03:56:22 AM      0.00      0.00      0.20      0.20   1631.20      0.00      0.00      0.00      0.00      0.00
03:56:27 AM      0.00      0.00      0.00      0.00      4.00      0.00      0.00      0.00      0.00      0.00
03:56:32 AM      0.00      0.00      0.00      0.00   1624.80      0.00      0.00      0.00      0.00      0.00
03:56:37 AM      0.00     57.60      0.00      0.00      3.80      0.00      0.00      0.00      0.00      0.00
03:56:42 AM      0.00    168.80      0.00      0.00   1615.40      0.00      0.00      0.00      0.00      0.00
03:56:47 AM      0.00      4.00    285.20      1.00    212.80      0.00      0.00      0.00      0.00      0.00
03:56:52 AM      0.00      0.00      0.00      0.00    807.00      0.00      0.00      0.00      0.00      0.00
03:56:57 AM      2.40      0.00      1.40      0.60      4.00      0.00      0.00      0.00      0.00      0.00
03:57:02 AM      1.60      0.00      3.20      2.80      0.60      0.00      0.00      0.00      0.00      0.00
03:57:07 AM    190.40      0.00      6.60      5.40      6.60      0.00      0.00      0.00      0.00      0.00
03:57:12 AM     73.45     57.49     34.33     13.77      4.79      0.00      0.00      0.00      0.00      0.00
Average:      4099.40   4035.39   1238.85   1154.22   1655.49   2247.27    423.82   1000.25      0.00      0.00
