Linux 7.0.10-arch1-1 (archlinux) 	06/02/2026 	_x86_64_	(4 CPU)

06:44:34 PM  pgpgin/s pgpgout/s   fault/s  majflt/s  pgfree/s pgscank/s pgscand/s pgsteal/s  pgprom/s   pgdem/s
06:44:39 PM      6.40    439.20   1302.40      0.00    443.40      0.00      0.00      0.00      0.00      0.00
06:44:44 PM      0.00    120.80      2.00      0.00      6.60      0.00      0.00      0.00      0.00      0.00
06:44:49 PM      0.00      0.00      0.40      0.00      4.60      0.00      0.00      0.00      0.00      0.00
06:44:54 PM      0.00  10649.60      6.60      0.00   2667.00      0.00      0.00      0.00      0.00      0.00
06:44:59 PM     20.00   2048.80      5.00      5.00    567.40      0.00      0.00      0.00      0.00      0.00
06:45:04 PM      9.60   1444.80    418.20      0.80    667.00      0.00      0.00      0.00      0.00      0.00
06:45:09 PM      0.80   2071.20      0.20      0.20    594.20      0.00      0.00      0.00      0.00      0.00
06:45:14 PM     34.40   3516.00      8.40      7.00    830.20      0.00      0.00      0.00      0.00      0.00
06:45:19 PM      1.60   2054.40      0.40      0.40    519.00      0.00      0.00      0.00      0.00      0.00
06:45:24 PM      8.00   6553.60      3.00      2.00   1643.80      0.00      0.00      0.00      0.00      0.00
06:45:29 PM      0.80   4954.40      7.00      0.20   1234.00      0.00      0.00      0.00      0.00      0.00
06:45:34 PM      0.00   4505.60      0.60      0.00   1127.20      0.00      0.00      0.00      0.00      0.00
06:45:39 PM      4.80    819.20      1.20      1.20    211.00      0.00      0.00      0.00      0.00      0.00
06:45:44 PM      0.80    124.00      0.40      0.20      3.80      0.00      0.00      0.00      0.00      0.00
06:45:49 PM     23.20   5324.80     10.00      5.80   1339.80      0.00      0.00      0.00      0.00      0.00
06:45:54 PM      0.00   1638.40      0.00      0.00    414.40      0.00      0.00      0.00      0.00      0.00
06:45:59 PM      0.00   4123.20      0.60      0.00   1028.40      0.00      0.00      0.00      0.00      0.00
06:46:04 PM      0.00   6553.60      5.80      0.00   1639.40      0.00      0.00      0.00      0.00      0.00
06:46:09 PM      1.60   6553.60      0.60      0.40   1643.20      0.00      0.00      0.00      0.00      0.00
06:46:14 PM      0.00   2861.48      0.00      0.00    719.56      0.00      0.00      0.00      0.00      0.00
06:46:19 PM      0.00    149.60      0.00      0.00      4.20      0.00      0.00      0.00      0.00      0.00
06:46:24 PM      0.80      0.00      0.20      0.20      4.00      0.00      0.00      0.00      0.00      0.00
06:46:29 PM      0.00   5324.80      0.00      0.00   1335.00      0.00      0.00      0.00      0.00      0.00
06:46:34 PM      0.00   1662.40      0.00      0.00    410.00      0.00      0.00      0.00      0.00      0.00
06:46:39 PM  24576.00   6963.20   6144.60   6144.00   1922.40      0.00      0.00      0.00      0.00      0.00
06:46:44 PM      0.00   2867.20      0.00      0.00    720.80      0.00      0.00      0.00      0.00      0.00
06:46:49 PM      0.00   6261.60      0.00      0.00   1540.00      0.00      0.00      0.00      0.00      0.00
06:46:54 PM      0.00   2048.00      0.00      0.00    515.80      0.00      0.00      0.00      0.00      0.00
06:46:59 PM      0.80   4096.00      0.20      0.20   1028.00      0.00      0.00      0.00      0.00      0.00
06:47:04 PM      0.00   5369.60      0.60      0.00   1332.00      0.00      0.00      0.00      0.00      0.00
06:47:09 PM      0.00   2048.00      0.00      0.00    516.00      0.00      0.00      0.00      0.00      0.00
06:47:14 PM      0.00    409.60      0.00      0.00    106.20      0.00      0.00      0.00      0.00      0.00
06:47:19 PM      0.00   6144.00      0.00      0.00   1539.80      0.00      0.00      0.00      0.00      0.00
06:47:24 PM      0.00   4623.20      0.00      0.00   1130.40      0.00      0.00      0.00      0.00      0.00
06:47:29 PM      0.80    415.20      0.20      0.20    107.20      0.00      0.00      0.00      0.00      0.00
06:47:34 PM      0.00     32.80      0.00      0.00      9.00      0.00      0.00      0.00      0.00      0.00
06:47:39 PM      0.00   5050.40      0.00      0.00   1266.40      0.00      0.00      0.00      0.00      0.00
06:47:44 PM      0.00   3686.40      0.00      0.00    925.60      0.00      0.00      0.00      0.00      0.00
06:47:49 PM      0.00      0.00      0.00      0.00      3.80      0.00      0.00      0.00      0.00      0.00
06:47:54 PM      0.00    602.40      0.60      0.00    357.00      0.00      0.00      0.00      0.00      0.00
06:47:59 PM      0.00    304.00      0.20      0.00     48.40      0.00      0.00      0.00      0.00      0.00
06:48:04 PM      0.00   2049.60      6.00      0.00    513.80      0.00      0.00      0.00      0.00      0.00
06:48:09 PM      0.80   2048.00      0.00      0.00    516.20      0.00      0.00      0.00      0.00      0.00
06:48:14 PM      0.00   2048.00      0.00      0.00    517.00      0.00      0.00      0.00      0.00      0.00
06:48:19 PM      0.00    819.20      0.00      0.00    209.20      0.00      0.00      0.00      0.00      0.00
06:48:24 PM      0.00   4096.00      0.00      0.00   1028.20      0.00      0.00      0.00      0.00      0.00
06:48:29 PM      0.80   1295.20      0.20      0.20    312.00      0.00      0.00      0.00      0.00      0.00
06:48:34 PM      0.00   2626.40      0.00      0.00    614.80      0.00      0.00      0.00      0.00      0.00
06:48:39 PM  69728.80   5761.60  17432.80  17432.20   2017.60      0.00      0.00      0.00      0.00      0.00
06:48:44 PM      6.40    366.40      1.60      1.60    174.60      0.00      0.00      0.00      0.00      0.00
06:48:49 PM     28.00      7.20    287.20      7.00    304.40      0.00      0.00      0.00      0.00      0.00
06:48:54 PM      0.00   1205.60      0.00      0.00    305.40      0.00      0.00      0.00      0.00      0.00
06:48:59 PM      0.00   3506.40      0.00      0.00    880.40      0.00      0.00      0.00      0.00      0.00
06:49:04 PM      1.60     32.00      0.40      0.40    163.60      0.00      0.00      0.00      0.00      0.00
06:49:09 PM      0.00    138.40      0.00      0.00     22.00      0.00      0.00      0.00      0.00      0.00
06:49:14 PM      4.80   3853.60      1.20      1.20   1273.80      0.00      0.00      0.00      0.00      0.00
06:49:19 PM      0.00   1242.40      0.00      0.00    314.40      0.00      0.00      0.00      0.00      0.00
06:49:24 PM      2.40     19.20      0.60      0.60    521.60      0.00      0.00      0.00      0.00      0.00
06:49:29 PM      0.00      0.00      0.00      0.00     17.80      0.00      0.00      0.00      0.00      0.00
06:49:34 PM      0.00      0.00      0.00      0.00     19.20      0.00      0.00      0.00      0.00      0.00
06:49:39 PM      4.00    706.40      1.00      1.00    387.40      0.00      0.00      0.00      0.00      0.00
06:49:44 PM      0.00   9054.69      0.00      0.00   2236.93      0.00      0.00      0.00      0.00      0.00
06:49:49 PM    105.60   4815.20      0.00     26.40   1718.80      0.00      0.00      0.00      0.00      0.00
06:49:54 PM      8.00   7832.00      2.00      2.00   1965.60      0.00      0.00      0.00      0.00      0.00
06:49:59 PM      4.00   4384.00      0.00      1.00   1304.80      0.00      0.00      0.00      0.00      0.00
06:50:04 PM      0.00   2881.60      0.20      0.00    718.00      0.00      0.00      0.00      0.00      0.00
06:50:09 PM      5.60   2036.00      0.00      1.40    717.80      0.00      0.00      0.00      0.00      0.00
06:50:14 PM      0.00     32.00      0.00      0.00      4.00      0.00      0.00      0.00      0.00      0.00
06:50:19 PM      0.00    130.40      0.00      0.00      3.80      0.00      0.00      0.00      0.00      0.00
06:50:24 PM      1.60   3155.20      0.40      0.40    793.20      0.00      0.00      0.00      0.00      0.00
06:50:29 PM     25.60    449.60      0.20      6.40    218.60      0.00      0.00      0.00      0.00      0.00
06:50:34 PM      0.00      0.00      0.00      0.00      0.60      0.00      0.00      0.00      0.00      0.00
06:50:39 PM  19076.00   3049.60   4770.00   4769.00    951.40      0.00      0.00      0.00      0.00      0.00
06:50:44 PM   2048.00   8601.60    614.40    512.00   2202.20      0.00      0.00      0.00      0.00      0.00
06:50:49 PM      6.40   2546.40      0.00      1.60   1042.00      0.00      0.00      0.00      0.00      0.00
06:50:54 PM      1.60   1276.00      0.40      0.40    292.80      0.00      0.00      0.00      0.00      0.00
06:50:59 PM      6.40    215.20      0.00      1.60    773.80      0.00      0.00      0.00      0.00      0.00
06:51:04 PM      0.80      0.00      0.00      0.00      0.40      0.00      0.00      0.00      0.00      0.00
06:51:09 PM      6.40    863.20      0.00      1.60    653.20      0.00      0.00      0.00      0.00      0.00
06:51:14 PM      0.00   2064.80      0.00      0.00    776.40      0.00      0.00      0.00      0.00      0.00
06:51:19 PM     12.00   1180.80      0.80      3.00   1700.00      0.00      0.00      0.00      0.00      0.00
06:51:24 PM      0.80     32.00      0.20      0.20      3.80      0.00      0.00      0.00      0.00      0.00
06:51:29 PM     24.00    104.80      0.40      0.40      4.20      0.00      0.00      0.00      0.00      0.00
06:51:34 PM      0.80    418.40      0.20      0.20    117.80      0.00      0.00      0.00      0.00      0.00
06:51:39 PM      0.00      0.00      0.00      0.00      3.80      0.00      0.00      0.00      0.00      0.00
06:51:44 PM     12.80      0.80      3.20      3.20      4.20      0.00      0.00      0.00      0.00      0.00
06:51:49 PM      0.00      0.00      0.00      0.00      3.80      0.00      0.00      0.00      0.00      0.00
06:51:54 PM    161.60      2.40     40.40     40.40      9.40      0.00      0.00      0.00      0.00      0.00
06:51:59 PM      4.00   4537.60      1.00      1.00   1232.60      0.00      0.00      0.00      0.00      0.00
06:52:04 PM     25.60   8824.80      0.00      0.00   2168.40      0.00      0.00      0.00      0.00      0.00
06:52:09 PM      1.60   3625.60      0.40      0.40    909.00      0.00      0.00      0.00      0.00      0.00
06:52:14 PM     13.60   3298.40      3.40      3.40    831.60      0.00      0.00      0.00      0.00      0.00
06:52:19 PM      4.00   1825.60      1.00      1.00    460.80      0.00      0.00      0.00      0.00      0.00
06:52:24 PM     68.00   8685.60     21.60     15.40   2174.00      0.00      0.00      0.00      0.00      0.00
06:52:29 PM      0.00    176.80      0.00      0.00    151.00      0.00      0.00      0.00      0.00      0.00
06:52:34 PM      2.40    937.60      0.60      0.60     16.40      0.00      0.00      0.00      0.00      0.00
06:52:39 PM 109817.60  11184.00  27455.20  27454.60   4016.20      0.00      0.00      0.00      0.00      0.00
06:52:44 PM      0.00    252.80      0.00      0.00     74.80      0.00      0.00      0.00      0.00      0.00
06:52:49 PM  22625.60   6399.20   5656.40   5656.40   4534.40      0.00      0.00      0.00      0.00      0.00
06:52:54 PM      0.00   3753.60      0.00      0.00    936.20      0.00      0.00      0.00      0.00      0.00
06:52:59 PM      0.00    630.40      0.00      0.00    161.40      0.00      0.00      0.00      0.00      0.00
06:53:04 PM      0.00    356.80      0.00      0.00     74.20      0.00      0.00      0.00      0.00      0.00
06:53:09 PM      0.00   2382.40      0.00      0.00    640.80      0.00      0.00      0.00      0.00      0.00
06:53:14 PM     44.80   3250.40      0.00      0.00   1007.40      0.00      0.00      0.00      0.00      0.00
06:53:19 PM      6.40   1657.60      0.00      0.00    417.60      0.00      0.00      0.00      0.00      0.00
06:53:24 PM      1.60   2672.80      0.40      0.40    672.20      0.00      0.00      0.00      0.00      0.00
06:53:29 PM      0.00   3187.20      0.00      0.00    801.00      0.00      0.00      0.00      0.00      0.00
06:53:34 PM      0.00    393.60      0.00      0.00    202.80      0.00      0.00      0.00      0.00      0.00
06:53:39 PM      0.00    427.15      0.00      0.00    110.58      0.00      0.00      0.00      0.00      0.00
06:53:44 PM      3.20   1133.60      0.80      0.80    386.00      0.00      0.00      0.00      0.00      0.00
06:53:49 PM    104.80    107.20    284.20      2.60    228.20      0.00      0.00      0.00      0.00      0.00
06:53:54 PM      8.00      6.40      0.60      0.60      5.20      0.00      0.00      0.00      0.00      0.00
06:53:59 PM      0.80   3082.40      0.00      0.00    775.60      0.00      0.00      0.00      0.00      0.00
06:54:04 PM      0.00   6488.00      0.00      0.00   1622.60      0.00      0.00      0.00      0.00      0.00
06:54:09 PM      0.00   2942.40      0.00      0.00    739.60      0.00      0.00      0.00      0.00      0.00
06:54:14 PM     17.60    172.80      0.20      4.40    559.20      0.00      0.00      0.00      0.00      0.00
06:54:19 PM      0.00   3636.00      0.00      0.00    904.80      0.00      0.00      0.00      0.00      0.00
06:54:24 PM     51.20   1347.20      0.00      6.40    822.60      0.00      0.00      0.00      0.00      0.00
06:54:29 PM      0.00   8196.00      0.00      0.00   2051.80      0.00      0.00      0.00      0.00      0.00
06:54:34 PM      0.00   4666.40      0.00      0.00   1372.80      0.00      0.00      0.00      0.00      0.00
06:54:39 PM      0.00      0.00      0.00      0.00      3.80      0.00      0.00      0.00      0.00      0.00
06:54:44 PM     22.40      0.00      0.20      5.60    516.00      0.00      0.00      0.00      0.00      0.00
06:54:49 PM  20703.20      7.20   5176.00   5175.80     27.40      0.00      0.00      0.00      0.00      0.00
06:54:54 PM      0.00   2924.00      0.00      0.00    958.60      0.00      0.00      0.00      0.00      0.00
06:54:59 PM     28.80    112.00      1.60      1.60     15.40      0.00      0.00      0.00      0.00      0.00
06:55:04 PM      0.00   2275.20      0.00      0.00    570.20      0.00      0.00      0.00      0.00      0.00
06:55:09 PM      0.00    947.20      0.00      0.00    383.00      0.00      0.00      0.00      0.00      0.00
06:55:14 PM      0.00    412.80      0.00      0.00    157.40      0.00      0.00      0.00      0.00      0.00
06:55:19 PM      0.00      0.00      0.00      0.00      4.00      0.00      0.00      0.00      0.00      0.00
06:55:24 PM      6.40     59.20      1.60      1.60     29.20      0.00      0.00      0.00      0.00      0.00
06:55:29 PM      8.80     32.00      2.20      2.20     56.60      0.00      0.00      0.00      0.00      0.00
06:55:34 PM     31.20    146.40      1.40      1.40    143.60      0.00      0.00      0.00      0.00      0.00
06:55:39 PM      9.60    416.00      0.00      0.00    121.00      0.00      0.00      0.00      0.00      0.00
06:55:44 PM     19.20      4.00      2.80      4.40    115.20      0.00      0.00      0.00      0.00      0.00
06:55:49 PM      0.00   6963.20      0.00      0.00   1745.40      0.00      0.00      0.00      0.00      0.00
06:55:54 PM    104.80     28.80     25.40     26.20    337.60      0.00      0.00      0.00      0.00      0.00
06:55:59 PM      0.80   2689.60      0.20      0.20    877.00      0.00      0.00      0.00      0.00      0.00
06:56:04 PM     18.40   3714.40      0.00      4.60   1501.60      0.00      0.00      0.00      0.00      0.00
06:56:09 PM     25.60   1478.40      0.00      0.00    539.00      0.00      0.00      0.00      0.00      0.00
06:56:14 PM      0.80    135.20      0.20      0.20    552.80      0.00      0.00      0.00      0.00      0.00
06:56:19 PM      0.00   5626.40      0.00      0.00   1451.20      0.00      0.00      0.00      0.00      0.00
06:56:24 PM      0.80   2688.00      0.40      0.20   1288.20      0.00      0.00      0.00      0.00      0.00
06:56:29 PM      1.60   6778.40      0.80      0.40   1789.60      0.00      0.00      0.00      0.00      0.00
06:56:34 PM      7.20      0.00      0.00      1.80    512.40      0.00      0.00      0.00      0.00      0.00
06:56:39 PM  24778.40   8916.00   6196.00   6194.60   2329.60      0.00      0.00      0.00      0.00      0.00
06:56:44 PM    832.00  10919.20    308.00    205.60   2917.80      0.00      0.00      0.00      0.00      0.00
06:56:49 PM  19607.20   3603.20   6475.00   6475.00   2325.00      0.00      0.00      0.00      0.00      0.00
06:56:54 PM      0.00   2901.60      0.00      0.00    746.20      0.00      0.00      0.00      0.00      0.00
06:56:59 PM      3.20      1.60      0.80      0.80     28.20      0.00      0.00      0.00      0.00      0.00
06:57:04 PM      1.60   1454.40      0.40      0.40    364.00      0.00      0.00      0.00      0.00      0.00
06:57:09 PM      8.80   1396.80      2.00      2.20    456.80      0.00      0.00      0.00      0.00      0.00
06:57:14 PM     13.57   2055.09      3.39      3.39    510.58      0.00      0.00      0.00      0.00      0.00
06:57:19 PM     34.40   9293.60      1.60      2.20   2506.40      0.00      0.00      0.00      0.00      0.00
06:57:24 PM     77.60   1252.00     23.80     17.40    321.00      0.00      0.00      0.00      0.00      0.00
06:57:29 PM      4.80   1978.40      1.20      1.20    806.00      0.00      0.00      0.00      0.00      0.00
06:57:34 PM     14.40   2439.20      3.60      3.60    610.60      0.00      0.00      0.00      0.00      0.00
06:57:39 PM     24.00    412.80      0.20      6.00    517.40      0.00      0.00      0.00      0.00      0.00
06:57:44 PM      2.40     10.40      0.60      0.60      6.80      0.00      0.00      0.00      0.00      0.00
06:57:49 PM      2.40     71.20      0.00      0.60    420.40      0.00      0.00      0.00      0.00      0.00
06:57:54 PM    127.20    194.40     23.20     23.20     30.80      0.00      0.00      0.00      0.00      0.00
06:57:59 PM     10.40      9.60      0.60      0.60    519.80      0.00      0.00      0.00      0.00      0.00
06:58:04 PM      0.00      0.80      0.00      0.00      1.00      0.00      0.00      0.00      0.00      0.00
06:58:09 PM      0.00   6268.80      0.00      0.00   1883.60      0.00      0.00      0.00      0.00      0.00
06:58:14 PM      2.40  16241.60      0.60      0.60   4064.20      0.00      0.00      0.00      0.00      0.00
06:58:19 PM      0.00   5696.80      0.00      0.00   1530.80      0.00      0.00      0.00      0.00      0.00
06:58:24 PM     35.20   7109.60      0.80      0.80   1750.60      0.00      0.00      0.00      0.00      0.00
06:58:29 PM      0.80   3991.20      0.20      0.20   1104.20      0.00      0.00      0.00      0.00      0.00
06:58:34 PM    399.20    263.20    317.80     63.60    167.00      0.00      0.00      0.00      0.00      0.00
06:58:39 PM     41.60  10928.80     23.80      9.60   2917.00      0.00      0.00      0.00      0.00      0.00
06:58:44 PM      5.60   4749.60      1.80      1.40   1195.00      0.00      0.00      0.00      0.00      0.00
06:58:49 PM  30703.20   3276.80   7676.00   7675.80    975.40      0.00      0.00      0.00      0.00      0.00
06:58:54 PM    410.40   2225.60    102.60    102.60    567.60      0.00      0.00      0.00      0.00      0.00
06:58:59 PM      0.80   5153.60      0.20      0.20   1293.60      0.00      0.00      0.00      0.00      0.00
06:59:04 PM     41.60  12112.80    291.60      8.80   3144.80      0.00      0.00      0.00      0.00      0.00
06:59:09 PM      0.00   6368.00      0.00      0.00   1583.20      0.00      0.00      0.00      0.00      0.00
06:59:14 PM      1.60   4572.00      1.20      0.40   1149.40      0.00      0.00      0.00      0.00      0.00
06:59:19 PM      0.00   3416.00      0.00      0.00    858.00      0.00      0.00      0.00      0.00      0.00
06:59:24 PM      0.80   7900.00      0.60      0.20   1984.80      0.00      0.00      0.00      0.00      0.00
06:59:29 PM      4.80  13448.00      0.60      1.20   3673.20      0.00      0.00      0.00      0.00      0.00
06:59:34 PM      2.40   5184.00      0.60      0.60   1297.40      0.00      0.00      0.00      0.00      0.00
06:59:39 PM     51.20   8353.60      0.20     12.80   2665.40      0.00      0.00      0.00      0.00      0.00
06:59:44 PM      0.00   1922.40      0.20      0.00    499.00      0.00      0.00      0.00      0.00      0.00
06:59:49 PM     17.60   4470.40      0.00      4.40   1438.40      0.00      0.00      0.00      0.00      0.00
06:59:54 PM     32.80   6028.00      8.20      8.20   1512.00      0.00      0.00      0.00      0.00      0.00
06:59:59 PM      9.60   1525.60      0.40      2.40    652.20      0.00      0.00      0.00      0.00      0.00
07:00:04 PM      0.00   2013.60      0.00      0.00    504.00      0.00      0.00      0.00      0.00      0.00
07:00:09 PM      7.20    550.40      0.00      1.80    339.20      0.00      0.00      0.00      0.00      0.00
07:00:14 PM      1.60  10883.20      0.40      0.40   2690.80      0.00      0.00      0.00      0.00      0.00
07:00:19 PM      0.80    675.20      0.00      0.00    171.40      0.00      0.00      0.00      0.00      0.00
07:00:24 PM      1.60    819.20      0.60      0.40    209.40      0.00      0.00      0.00      0.00      0.00
07:00:29 PM      0.00     26.40      0.00      0.00     10.40      0.00      0.00      0.00      0.00      0.00
07:00:34 PM      0.00    308.00      0.00      0.00     77.60      0.00      0.00      0.00      0.00      0.00
07:00:39 PM  86199.20   3724.00  21550.00  21550.00   1485.80      0.00      0.00      0.00      0.00      0.00
07:00:44 PM      0.80     32.00      0.20      0.20      4.80      0.00      0.00      0.00      0.00      0.00
07:00:49 PM  71018.40   3839.20  17754.60  17754.60   7969.00      0.00      0.00      0.00      0.00      0.00
07:00:54 PM  44727.35   1318.96  11181.84  11181.84   1183.43      0.00      0.00      0.00      0.00      0.00
07:00:59 PM      0.00      0.00      0.00      0.00      4.00      0.00      0.00      0.00      0.00      0.00
07:01:04 PM      0.00    901.60      0.00      0.00    226.00      0.00      0.00      0.00      0.00      0.00
07:01:09 PM      0.00   2286.40      0.00      0.00    630.20      0.00      0.00      0.00      0.00      0.00
07:01:14 PM      0.80      0.00      0.20      0.20      3.80      0.00      0.00      0.00      0.00      0.00
07:01:19 PM      0.00   3220.80      0.00      0.00    803.20      0.00      0.00      0.00      0.00      0.00
07:01:24 PM     33.60   1284.00      0.40      0.40    295.00      0.00      0.00      0.00      0.00      0.00
07:01:29 PM      0.00   6420.80      0.00      0.00   1608.00      0.00      0.00      0.00      0.00      0.00
07:01:34 PM      0.00   2755.20      0.00      0.00    689.40      0.00      0.00      0.00      0.00      0.00
07:01:39 PM      0.00    628.80      0.00      0.00    172.60      0.00      0.00      0.00      0.00      0.00
07:01:44 PM      0.80   1026.40      0.20      0.20    260.80      0.00      0.00      0.00      0.00      0.00
07:01:49 PM      0.00     24.00      0.00      0.00      9.80      0.00      0.00      0.00      0.00      0.00
07:01:54 PM     17.60     46.40      4.40      4.40      9.20      0.00      0.00      0.00      0.00      0.00
07:01:59 PM     28.80   7633.60      0.00      0.00   1887.60      0.00      0.00      0.00      0.00      0.00
07:02:04 PM      2.40   3848.00      0.60      0.60    961.60      0.00      0.00      0.00      0.00      0.00
07:02:09 PM      0.00   4564.00      0.00      0.00   1144.80      0.00      0.00      0.00      0.00      0.00
07:02:14 PM      8.00   7856.00      2.00      2.00   1969.20      0.00      0.00      0.00      0.00      0.00
07:02:19 PM      2.40   4072.80      0.60      0.60   1022.80      0.00      0.00      0.00      0.00      0.00
07:02:24 PM     62.40     67.20     22.80     16.20     11.80      0.00      0.00      0.00      0.00      0.00
07:02:29 PM      2.40    124.00      6.60      0.60     16.20      0.00      0.00      0.00      0.00      0.00
07:02:34 PM      7.20    173.60      1.00      1.00      7.60      0.00      0.00      0.00      0.00      0.00
07:02:39 PM      0.00    247.20      0.00      0.00     65.00      0.00      0.00      0.00      0.00      0.00
07:02:44 PM      0.00    208.80      0.00      0.00     56.40      0.00      0.00      0.00      0.00      0.00
07:02:49 PM      1.60     16.00      0.40      0.40      8.00      0.00      0.00      0.00      0.00      0.00
07:02:54 PM  16190.40  10491.20   4047.80   4047.60   3639.20      0.00      0.00      0.00      0.00      0.00
07:02:59 PM      0.80   1965.60      0.20      0.20    499.40      0.00      0.00      0.00      0.00      0.00
07:03:04 PM      0.00   1822.40      0.00      0.00   1025.40      0.00      0.00      0.00      0.00      0.00
07:03:09 PM      0.00      9.60      0.00      0.00    130.60      0.00      0.00      0.00      0.00      0.00
07:03:14 PM      8.80      6.40      2.20      2.20     98.80      0.00      0.00      0.00      0.00      0.00
07:03:19 PM      0.00      6.40      0.00      0.00    209.00      0.00      0.00      0.00      0.00      0.00
07:03:24 PM     10.40      0.00      2.60      2.60      9.40      0.00      0.00      0.00      0.00      0.00
07:03:29 PM      0.00      6.40      0.00      0.00      5.40      0.00      0.00      0.00      0.00      0.00
07:03:34 PM      0.00      0.00      0.00      0.00     89.20      0.00      0.00      0.00      0.00      0.00
07:03:39 PM      0.00      0.80      0.00      0.00    144.80      0.00      0.00      0.00      0.00      0.00
07:03:44 PM     30.40   7296.00      0.40      0.40   2661.20      0.00      0.00      0.00      0.00      0.00
07:03:49 PM      0.00   6224.80      0.00      0.00   2044.40      0.00      0.00      0.00      0.00      0.00
07:03:54 PM     16.80   4455.20      4.60      4.60   1468.20      0.00      0.00      0.00      0.00      0.00
07:03:59 PM      0.00      0.00      0.00      0.00    355.00      0.00      0.00      0.00      0.00      0.00
07:04:04 PM     31.20   6904.00    290.60      8.20   2515.40      0.00      0.00      0.00      0.00      0.00
07:04:09 PM      0.00      0.00      0.00      0.00    250.40      0.00      0.00      0.00      0.00      0.00
07:04:14 PM      0.00     34.40      0.00      0.00    142.40      0.00      0.00      0.00      0.00      0.00
07:04:19 PM      6.40    136.80      0.00      0.00      4.20      0.00      0.00      0.00      0.00      0.00
07:04:24 PM     10.40      4.80      2.60      2.60      4.00      0.00      0.00      0.00      0.00      0.00
07:04:29 PM      0.00    300.80      0.00      0.00    163.60      0.00      0.00      0.00      0.00      0.00
07:04:34 PM      0.00     89.60      0.00      0.00    130.80      0.00      0.00      0.00      0.00      0.00
07:04:39 PM      0.00      3.20      0.00      0.00     22.40      0.00      0.00      0.00      0.00      0.00
07:04:44 PM      0.00    482.40      0.00      0.00    225.60      0.00      0.00      0.00      0.00      0.00
07:04:49 PM  38366.40    425.60   9592.20   9592.00    176.60      0.00      0.00      0.00      0.00      0.00
07:04:54 PM     30.34   3499.40      0.40      0.40   1827.94      0.00      0.00      0.00      0.00      0.00
07:04:59 PM      3.20    701.60   5337.00   5336.80    261.00      0.00      0.00      0.00      0.00      0.00
07:05:04 PM      0.00      0.00      0.00      0.00      2.40      0.00      0.00      0.00      0.00      0.00
07:05:09 PM      0.00   1816.80      0.00      0.00    695.00      0.00      0.00      0.00      0.00      0.00
07:05:14 PM      0.80   2143.20      0.20      0.20    753.60      0.00      0.00      0.00      0.00      0.00
07:05:19 PM     13.60   3276.80      3.40      3.40    825.20      0.00      0.00      0.00      0.00      0.00
07:05:24 PM      1.60   3421.60      0.40      0.40    938.80      0.00      0.00      0.00      0.00      0.00
07:05:29 PM     38.40   1588.80      0.00      0.00    549.00      0.00      0.00      0.00      0.00      0.00
07:05:34 PM      0.00   4912.80      0.00      0.00   1399.00      0.00      0.00      0.00      0.00      0.00
07:05:39 PM      0.00    156.80      0.00      0.00     43.20      0.00      0.00      0.00      0.00      0.00
07:05:44 PM      1.60   2002.40      0.40      0.40    543.40      0.00      0.00      0.00      0.00      0.00
07:05:49 PM      0.00   5547.20      0.00      0.00   1556.40      0.00      0.00      0.00      0.00      0.00
07:05:54 PM     16.00   1727.20      4.00      4.00    561.80      0.00      0.00      0.00      0.00      0.00
07:05:59 PM      0.00    226.40      0.00      0.00     71.80      0.00      0.00      0.00      0.00      0.00
07:06:04 PM     22.40    134.40      0.00      0.00     18.20      0.00      0.00      0.00      0.00      0.00
07:06:09 PM      6.40     22.40      0.00      0.00     20.40      0.00      0.00      0.00      0.00      0.00
07:06:14 PM      2.40   3216.00      0.40      0.40    925.80      0.00      0.00      0.00      0.00      0.00
07:06:19 PM      0.80   8416.00      0.20      0.20   2695.40      0.00      0.00      0.00      0.00      0.00
07:06:24 PM     12.00    856.00      3.00      3.00    282.80      0.00      0.00      0.00      0.00      0.00
07:06:29 PM      2.40    446.40      0.60      0.60    115.60      0.00      0.00      0.00      0.00      0.00
07:06:34 PM      4.00    163.20      1.00      1.00     33.20      0.00      0.00      0.00      0.00      0.00
07:06:39 PM     25.60  10684.00      0.00      0.00   2810.60      0.00      0.00      0.00      0.00      0.00
07:06:44 PM     11.20     68.80      2.80      2.80     20.00      0.00      0.00      0.00      0.00      0.00
07:06:49 PM      0.00    161.60      0.00      0.00     44.40      0.00      0.00      0.00      0.00      0.00
07:06:54 PM      0.00    100.00      0.00      0.00     36.60      0.00      0.00      0.00      0.00      0.00
07:06:59 PM  20308.00     17.60   5077.20   5077.00     22.60      0.00      0.00      0.00      0.00      0.00
07:07:04 PM      0.00   4308.80      0.00      0.00   1306.60      0.00      0.00      0.00      0.00      0.00
07:07:09 PM     13.60   2196.80      0.00      3.40    647.60      0.00      0.00      0.00      0.00      0.00
07:07:14 PM     33.60   4485.60      2.00      2.00   1160.40      0.00      0.00      0.00      0.00      0.00
07:07:19 PM      7.20   4712.80      1.80      1.80   1234.80      0.00      0.00      0.00      0.00      0.00
07:07:24 PM     62.40    961.60     18.80     12.80    327.00      0.00      0.00      0.00      0.00      0.00
07:07:29 PM      4.80   1660.00      0.60      0.40    453.80      0.00      0.00      0.00      0.00      0.00
07:07:34 PM      0.00   1376.80      6.00      0.00    455.80      0.00      0.00      0.00      0.00      0.00
07:07:39 PM      0.80   3388.00      0.20      0.20    957.60      0.00      0.00      0.00      0.00      0.00
07:07:44 PM     16.80   4654.40      0.60      4.20   1299.80      0.00      0.00      0.00      0.00      0.00
07:07:49 PM      3.20   1567.20      0.00      0.00    468.20      0.00      0.00      0.00      0.00      0.00
07:07:54 PM      4.80   2533.60      1.20      1.20    852.20      0.00      0.00      0.00      0.00      0.00
07:07:59 PM      0.00      0.00      0.00      0.00      4.00      0.00      0.00      0.00      0.00      0.00
07:08:04 PM     51.20    582.40      0.00     12.80    251.80      0.00      0.00      0.00      0.00      0.00
07:08:09 PM      0.00   2872.80      0.00      0.00    916.00      0.00      0.00      0.00      0.00      0.00
07:08:14 PM      0.00   4451.20      0.00      0.00   1120.60      0.00      0.00      0.00      0.00      0.00
07:08:19 PM      0.00   2198.40      0.00      0.00    604.60      0.00      0.00      0.00      0.00      0.00
07:08:24 PM     47.90   2260.28      0.00      0.00    540.72      0.00      0.00      0.00      0.00      0.00
07:08:29 PM      0.00    717.60      0.00      0.00    198.40      0.00      0.00      0.00      0.00      0.00
07:08:34 PM      4.00   2888.00      0.00      1.00    847.80      0.00      0.00      0.00      0.00      0.00
07:08:39 PM  59787.20   5795.20  14948.00  14946.80   2014.20      0.00      0.00      0.00      0.00      0.00
07:08:44 PM   2466.40   7252.00    616.60    616.60   2491.20      0.00      0.00      0.00      0.00      0.00
07:08:49 PM  43067.20  10810.40  14570.80  14570.80   2966.80      0.00      0.00      0.00      0.00      0.00
07:08:54 PM      0.00     32.00      0.00      0.00     10.60      0.00      0.00      0.00      0.00      0.00
07:08:59 PM  17370.40    111.20   4338.20   4338.00    830.20      0.00      0.00      0.00      0.00      0.00
07:09:04 PM  16226.40      4.80   4341.00   4058.20   1921.00      0.00      0.00      0.00      0.00      0.00
07:09:09 PM      0.00      0.00      0.00      0.00      3.80      0.00      0.00      0.00      0.00      0.00
07:09:14 PM      0.00      0.00      0.00      0.00      4.00      0.00      0.00      0.00      0.00      0.00
07:09:19 PM      0.00      0.00      0.00      0.00      3.80      0.00      0.00      0.00      0.00      0.00
07:09:24 PM      0.80      0.00      0.20      0.20    106.40      0.00      0.00      0.00      0.00      0.00
07:09:29 PM      0.00     32.00      0.00      0.00      4.00      0.00      0.00      0.00      0.00      0.00
07:09:34 PM      0.00   4107.20      0.00      0.00   1199.60      0.00      0.00      0.00      0.00      0.00
07:09:39 PM      0.00   2279.20      0.00      0.00    994.60      0.00      0.00      0.00      0.00      0.00
07:09:44 PM      8.80   6544.80      0.20      2.20   2254.80      0.00      0.00      0.00      0.00      0.00
07:09:49 PM      0.00   1628.00      0.00      0.00    433.40      0.00      0.00      0.00      0.00      0.00
07:09:54 PM    145.60     28.00     20.40     20.20    864.60      0.00      0.00      0.00      0.00      0.00
07:09:59 PM      2.40   1296.00      0.60      0.60    328.00      0.00      0.00      0.00      0.00      0.00
07:10:04 PM     30.40   3548.80      0.00      7.60   1289.20      0.00      0.00      0.00      0.00      0.00
07:10:09 PM     22.40    124.00      0.00      0.00      8.40      0.00      0.00      0.00      0.00      0.00
07:10:14 PM     56.00     16.00      0.20     14.00    320.20      0.00      0.00      0.00      0.00      0.00
07:10:19 PM      0.00     16.00      0.00      0.00     13.40      0.00      0.00      0.00      0.00      0.00
07:10:24 PM     58.40     14.40      0.00     14.60    418.60      0.00      0.00      0.00      0.00      0.00
07:10:29 PM      0.00    833.60      0.00      0.00    212.20      0.00      0.00      0.00      0.00      0.00
07:10:34 PM     29.60     11.20      0.00      7.40    413.20      0.00      0.00      0.00      0.00      0.00
07:10:39 PM      0.00   7519.20      0.00      0.00   1875.60      0.00      0.00      0.00      0.00      0.00
07:10:44 PM     51.20   7789.60      0.00      8.00   2124.00      0.00      0.00      0.00      0.00      0.00
07:10:49 PM      0.80   1980.80      0.20      0.20    497.40      0.00      0.00      0.00      0.00      0.00
07:10:54 PM     35.20  10619.20      0.00      8.80   2865.00      0.00      0.00      0.00      0.00      0.00
07:10:59 PM      0.80   5416.00      0.20      0.20   1358.00      0.00      0.00      0.00      0.00      0.00
07:11:04 PM      0.00   2836.00      0.00      0.00    709.60      0.00      0.00      0.00      0.00      0.00
07:11:09 PM      0.00   1800.00      0.00      0.00    454.80      0.00      0.00      0.00      0.00      0.00
07:11:14 PM      0.80   9870.40      0.20      0.20   2462.00      0.00      0.00      0.00      0.00      0.00
07:11:19 PM   1303.20   7573.60    324.20    325.80   1972.20      0.00      0.00      0.00      0.00      0.00
07:11:24 PM  19512.00   3824.00   4878.00   4878.00   1592.00      0.00      0.00      0.00      0.00      0.00
07:11:29 PM      4.00      0.00      0.00      1.00    311.00      0.00      0.00      0.00      0.00      0.00
07:11:34 PM      0.00    440.80      0.00      0.00    111.00      0.00      0.00      0.00      0.00      0.00
07:11:39 PM    104.00   2166.40      0.00     26.00    955.20      0.00      0.00      0.00      0.00      0.00
07:11:44 PM      4.80   1160.00      1.20      1.20    294.00      0.00      0.00      0.00      0.00      0.00
07:11:49 PM     92.80    256.00      0.00     23.20    469.40      0.00      0.00      0.00      0.00      0.00
07:11:54 PM    141.60    144.80     19.80     19.80     12.60      0.00      0.00      0.00      0.00      0.00
07:11:59 PM      5.60   1468.80      0.00      1.40    574.60      0.00      0.00      0.00      0.00      0.00
07:12:04 PM      0.00   1728.80      0.00      0.00    432.80      0.00      0.00      0.00      0.00      0.00
07:12:09 PM      0.00   1394.01      0.00      0.00    377.45      0.00      0.00      0.00      0.00      0.00
07:12:14 PM    139.20     76.80      1.60      1.60     46.80      0.00      0.00      0.00      0.00      0.00
07:12:19 PM     69.60      0.80      0.40      0.40      4.80      0.00      0.00      0.00      0.00      0.00
07:12:24 PM     48.00   4352.00     15.60      9.60   1079.80      0.00      0.00      0.00      0.00      0.00
07:12:29 PM     37.60   3439.20      0.60      0.60    830.20      0.00      0.00      0.00      0.00      0.00
07:12:34 PM      0.00   3023.20      6.20      0.00    740.40      0.00      0.00      0.00      0.00      0.00
07:12:39 PM      1.60   5640.00      0.40      0.40   1414.60      0.00      0.00      0.00      0.00      0.00
07:12:44 PM      0.00   1991.20      0.00      0.00    501.80      0.00      0.00      0.00      0.00      0.00
07:12:49 PM   3942.40  10666.40    980.00    985.60   2875.60      0.00      0.00      0.00      0.00      0.00
07:12:54 PM  22919.20   3152.80   5729.80   5729.80    828.40      0.00      0.00      0.00      0.00      0.00
07:12:59 PM      6.40   6850.40      0.00      0.00   1663.20      0.00      0.00      0.00      0.00      0.00
07:13:04 PM      4.80   1408.80      1.20      1.20    353.20      0.00      0.00      0.00      0.00      0.00
07:13:09 PM      0.00    276.80      0.00      0.00     72.60      0.00      0.00      0.00      0.00      0.00
07:13:14 PM      0.00   1296.00      0.00      0.00    328.00      0.00      0.00      0.00      0.00      0.00
07:13:19 PM      0.00   2238.40      0.00      0.00    563.40      0.00      0.00      0.00      0.00      0.00
07:13:24 PM      0.80    125.60      0.20      0.20     35.40      0.00      0.00      0.00      0.00      0.00
07:13:29 PM  11760.80   1176.80   2940.40   2940.20   3252.00      0.00      0.00      0.00      0.00      0.00
07:13:34 PM   5943.20   1684.00   1485.80   1485.80   1838.00      0.00      0.00      0.00      0.00      0.00
07:13:39 PM     67.20    776.80     13.60     13.60    180.40      0.00      0.00      0.00      0.00      0.00
07:13:44 PM     80.80   1453.60     18.20     18.20    961.40      0.00      0.00      0.00      0.00      0.00
07:13:49 PM      2.40    380.80      0.60      0.60    122.60      0.00      0.00      0.00      0.00      0.00
07:13:54 PM     31.20    525.60      4.00      4.00    367.20      0.00      0.00      0.00      0.00      0.00
07:13:59 PM     18.40   7509.60      0.00      4.60   2814.00      0.00      0.00      0.00      0.00      0.00
07:14:04 PM      4.80   2585.60    282.80      1.20   1530.40      0.00      0.00      0.00      0.00      0.00
07:14:09 PM      2.40    381.60      0.60      0.60    137.40      0.00      0.00      0.00      0.00      0.00
07:14:14 PM     23.20    479.20      0.20      0.20    160.40      0.00      0.00      0.00      0.00      0.00
07:14:19 PM      9.60    730.40      0.00      0.00    306.40      0.00      0.00      0.00      0.00      0.00
07:14:24 PM      0.00    132.80      0.00      0.00     52.60      0.00      0.00      0.00      0.00      0.00
07:14:29 PM     42.40   1036.00      4.80     10.60    531.60      0.00      0.00      0.00      0.00      0.00
07:14:34 PM      0.00   5509.60      0.00      0.00   2402.40      0.00      0.00      0.00      0.00      0.00
07:14:39 PM      0.00   7123.20      0.00      0.00   2434.80      0.00      0.00      0.00      0.00      0.00
07:14:44 PM      0.00   5495.20      0.00      0.00   2102.80      0.00      0.00      0.00      0.00      0.00
07:14:49 PM     25.60    828.00      0.00      0.00    346.20      0.00      0.00      0.00      0.00      0.00
07:14:54 PM      8.80    116.00      2.20      2.20    157.60      0.00      0.00      0.00      0.00      0.00
07:14:59 PM      0.00      5.60      0.00      0.00      5.20      0.00      0.00      0.00      0.00      0.00
07:15:04 PM     16.00    156.80      0.00      4.00    259.00      0.00      0.00      0.00      0.00      0.00
07:15:09 PM      0.00      6.40      0.00      0.00      6.20      0.00      0.00      0.00      0.00      0.00
07:15:14 PM      9.60      4.80      0.60      2.40    107.60      0.00      0.00      0.00      0.00      0.00
07:15:19 PM      5.60     33.60      1.40      1.40     13.60      0.00      0.00      0.00      0.00      0.00
07:15:24 PM     88.80    132.80      1.20     19.00    541.00      0.00      0.00      0.00      0.00      0.00
07:15:29 PM      7.20     10.40      0.00      0.00      6.80      0.00      0.00      0.00      0.00      0.00
07:15:34 PM      0.00      4.00      0.00      0.00      3.60      0.00      0.00      0.00      0.00      0.00
07:15:39 PM      0.00      1.60      0.00      0.00      4.79      0.00      0.00      0.00      0.00      0.00
07:15:44 PM      4.80   6721.60   5386.80   5386.80   2104.40      0.00      0.00      0.00      0.00      0.00
07:15:49 PM      4.00   2512.00      1.00      1.00   1039.40      0.00      0.00      0.00      0.00      0.00
07:15:54 PM     40.00   2156.00      5.60      5.60    888.60      0.00      0.00      0.00      0.00      0.00
07:15:59 PM     25.60    124.80      0.00      0.00    369.40      0.00      0.00      0.00      0.00      0.00
07:16:04 PM      0.80    632.00      0.20      0.20    232.00      0.00      0.00      0.00      0.00      0.00
07:16:09 PM      0.80    660.00      0.20      0.20    884.60      0.00      0.00      0.00      0.00      0.00
07:16:14 PM     44.00    687.20      0.00     11.00    492.00      0.00      0.00      0.00      0.00      0.00
07:16:19 PM      0.00    225.60      0.00      0.00    452.60      0.00      0.00      0.00      0.00      0.00
07:16:24 PM     29.60     28.80      0.20      7.40    235.80      0.00      0.00      0.00      0.00      0.00
07:16:29 PM      0.80    446.40      0.20      0.20    175.80      0.00      0.00      0.00      0.00      0.00
07:16:34 PM     22.40    137.60      0.80      3.20    259.20      0.00      0.00      0.00      0.00      0.00
07:16:39 PM      0.00   8101.60      0.00      0.00   2956.60      0.00      0.00      0.00      0.00      0.00
07:16:44 PM     76.80   2100.80      0.00     19.20   2045.80      0.00      0.00      0.00      0.00      0.00
07:16:49 PM  89512.00   1185.60  22378.00  22378.00   9547.40      0.00      0.00      0.00      0.00      0.00
07:16:54 PM  39800.00   1531.20   9950.00   9950.00   2249.40      0.00      0.00      0.00      0.00      0.00
07:16:59 PM      2.40   4544.00      0.60      0.60   1256.20      0.00      0.00      0.00      0.00      0.00
07:17:04 PM     28.80    409.60      0.00      7.20    503.20      0.00      0.00      0.00      0.00      0.00
07:17:09 PM     17.60   2516.00      1.00      1.00    696.00      0.00      0.00      0.00      0.00      0.00
07:17:14 PM      7.20   1020.00      2.00      2.00   1333.40      0.00      0.00      0.00      0.00      0.00
07:17:19 PM     85.60   2167.20      0.40      0.40    628.40      0.00      0.00      0.00      0.00      0.00
07:17:24 PM    223.20   5266.40     13.20     35.20   2125.40      0.00      0.00      0.00      0.00      0.00
07:17:29 PM      0.00    976.00      0.00      0.00    268.00      0.00      0.00      0.00      0.00      0.00
07:17:34 PM     44.80    612.00      0.60      8.80    365.00      0.00      0.00      0.00      0.00      0.00
07:17:39 PM      2.40    384.00      6.80      0.60     82.40      0.00      0.00      0.00      0.00      0.00
07:17:44 PM    417.60   4255.20   6388.00   6388.80   1246.40      0.00      0.00      0.00      0.00      0.00
07:17:49 PM      2.40   1887.20      0.60      0.60   1044.00      0.00      0.00      0.00      0.00      0.00
07:17:54 PM     74.40   2255.20      4.40     14.40   1271.60      0.00      0.00      0.00      0.00      0.00
07:17:59 PM      0.00   6572.80      0.00      0.00   2100.80      0.00      0.00      0.00      0.00      0.00
07:18:04 PM      0.00   5773.60      0.00      0.00   2103.20      0.00      0.00      0.00      0.00      0.00
07:18:09 PM     39.20      0.00      0.00      9.80    413.60      0.00      0.00      0.00      0.00      0.00
07:18:14 PM      0.80     51.20      0.20      0.20      5.00      0.00      0.00      0.00      0.00      0.00
07:18:19 PM     69.60   1481.60      0.00      2.20    980.60      0.00      0.00      0.00      0.00      0.00
07:18:24 PM      1.60   4700.80      0.40      0.40   1905.40      0.00      0.00      0.00      0.00      0.00
07:18:29 PM     12.80    138.40      0.20      3.20    488.60      0.00      0.00      0.00      0.00      0.00
07:18:34 PM      0.80     13.60      0.20      0.20      4.60      0.00      0.00      0.00      0.00      0.00
07:18:39 PM     57.60      4.80      0.40     14.40    367.00      0.00      0.00      0.00      0.00      0.00
07:18:44 PM     10.40     17.60      2.60      2.60     12.60      0.00      0.00      0.00      0.00      0.00
07:18:49 PM     62.40     48.80      0.20     15.60    418.00      0.00      0.00      0.00      0.00      0.00
07:18:54 PM     32.80    152.80      0.20      0.20     11.80      0.00      0.00      0.00      0.00      0.00
07:18:59 PM     19.20      9.60      0.20      4.80    130.20      0.00      0.00      0.00      0.00      0.00
07:19:04 PM    228.80   6078.40    299.40     15.20   2256.20      0.00      0.00      0.00      0.00      0.00
07:19:09 PM     45.60   1061.60      0.00     11.40    855.00      0.00      0.00      0.00      0.00      0.00
07:19:14 PM      3.19    330.54      0.60      0.60     91.62      0.00      0.00      0.00      0.00      0.00
07:19:19 PM     20.80     22.40      0.80      5.40    217.60      0.00      0.00      0.00      0.00      0.00
07:19:24 PM      1.60   4713.60      0.40      0.40   1565.80      0.00      0.00      0.00      0.00      0.00
07:19:29 PM     58.40   1263.20      8.20      8.20    829.60      0.00      0.00      0.00      0.00      0.00
07:19:34 PM      0.80   8808.00      0.20      0.20   2635.00      0.00      0.00      0.00      0.00      0.00
07:19:39 PM      9.60   4258.40      0.40      2.40   1765.20      0.00      0.00      0.00      0.00      0.00
07:19:44 PM      4.80    171.20   5653.20   5653.00    233.00      0.00      0.00      0.00      0.00      0.00
07:19:49 PM     24.80   3382.40    971.20    976.80   1056.40      0.00      0.00      0.00      0.00      0.00
07:19:54 PM     49.60   2627.20     13.60     13.60    662.00      0.00      0.00      0.00      0.00      0.00
07:19:59 PM     16.00     67.20      0.00      4.00    331.20      0.00      0.00      0.00      0.00      0.00
07:20:04 PM     16.00   3263.20      0.00      0.00    806.40      0.00      0.00      0.00      0.00      0.00
07:20:09 PM     51.20      4.00      0.00     12.80    427.60      0.00      0.00      0.00      0.00      0.00
07:20:14 PM      0.00     38.40      0.00      0.00     13.60      0.00      0.00      0.00      0.00      0.00
07:20:19 PM      0.00      0.00      0.00      0.00      3.80      0.00      0.00      0.00      0.00      0.00
07:20:24 PM      0.00   4512.80      0.00      0.00   1132.40      0.00      0.00      0.00      0.00      0.00
07:20:29 PM     76.80    392.00      0.00     19.20    306.60      0.00      0.00      0.00      0.00      0.00
07:20:34 PM      0.00     46.40      0.00      0.00      4.20      0.00      0.00      0.00      0.00      0.00
07:20:39 PM     72.00    286.40      0.20     11.60    157.40      0.00      0.00      0.00      0.00      0.00
07:20:44 PM      0.00      9.60      0.00      0.00     17.80      0.00      0.00      0.00      0.00      0.00
07:20:49 PM      0.00     15.20      0.00      0.00      8.00      0.00      0.00      0.00      0.00      0.00
07:20:54 PM  17214.40      6.40   4303.80   4303.60   1118.00      0.00      0.00      0.00      0.00      0.00
07:20:59 PM     56.00   1221.60      2.40     14.60    621.60      0.00      0.00      0.00      0.00      0.00
07:21:04 PM      0.00   3308.00      0.00      0.00   1524.20      0.00      0.00      0.00      0.00      0.00
07:21:09 PM      0.80    198.40      0.00      0.20    149.00      0.00      0.00      0.00      0.00      0.00
07:21:14 PM     33.60    136.00      1.20      1.20     39.00      0.00      0.00      0.00      0.00      0.00
07:21:19 PM      1.60      4.80      0.00      0.40    116.60      0.00      0.00      0.00      0.00      0.00
07:21:24 PM      0.80   3514.40      0.00      0.00    940.20      0.00      0.00      0.00      0.00      0.00
07:21:29 PM      0.00   1288.00      0.00      0.00    576.60      0.00      0.00      0.00      0.00      0.00
07:21:34 PM      0.80     47.20      0.20      0.20     42.20      0.00      0.00      0.00      0.00      0.00
07:21:39 PM      0.00      0.00      0.00      0.00     14.00      0.00      0.00      0.00      0.00      0.00
07:21:44 PM      0.80     32.00      0.20      0.20      7.00      0.00      0.00      0.00      0.00      0.00
07:21:49 PM  11466.40   5000.00   2861.20   2861.20   1334.80      0.00      0.00      0.00      0.00      0.00
07:21:54 PM      4.80      5.60      1.20      1.20      5.00      0.00      0.00      0.00      0.00      0.00
07:21:59 PM      0.00      0.00      0.00      0.00      3.80      0.00      0.00      0.00      0.00      0.00
07:22:04 PM      0.00   2503.20      0.00      0.00   1357.40      0.00      0.00      0.00      0.00      0.00
07:22:09 PM      0.00    538.40      0.00      0.00    211.60      0.00      0.00      0.00      0.00      0.00
07:22:14 PM     72.80      0.00      0.80      0.80    231.00      0.00      0.00      0.00      0.00      0.00
07:22:19 PM      0.80     32.00      0.40      0.40     23.80      0.00      0.00      0.00      0.00      0.00
07:22:24 PM     88.80    156.00     15.00      8.80     42.60      0.00      0.00      0.00      0.00      0.00
07:22:29 PM     19.20    479.20      1.20      0.80    300.40      0.00      0.00      0.00      0.00      0.00
07:22:34 PM      0.00   1696.00      0.00      0.00   1764.60      0.00      0.00      0.00      0.00      0.00
07:22:39 PM      9.60   2708.00      5.80      0.00   1478.20      0.00      0.00      0.00      0.00      0.00
07:22:44 PM      0.00   1542.40      0.00      0.00    696.60      0.00      0.00      0.00      0.00      0.00
07:22:49 PM      0.00      3.19      0.00      0.00    443.31      0.00      0.00      0.00      0.00      0.00
07:22:54 PM     56.80    354.40      3.80      3.80      4.20      0.00      0.00      0.00      0.00      0.00
07:22:59 PM      0.00    824.00      0.00      0.00    648.60      0.00      0.00      0.00      0.00      0.00
07:23:04 PM      4.80    135.20      1.00      1.00    414.60      0.00      0.00      0.00      0.00      0.00
07:23:09 PM      0.80   1704.80      0.00      0.00   1095.00      0.00      0.00      0.00      0.00      0.00
07:23:14 PM      0.00   4390.40      0.00      0.00   2722.00      0.00      0.00      0.00      0.00      0.00
07:23:19 PM      0.80   2266.40      0.20      0.20   2330.20      0.00      0.00      0.00      0.00      0.00
07:23:24 PM      0.00   3196.00      0.00      0.00   1438.80      0.00      0.00      0.00      0.00      0.00
07:23:29 PM      0.00    507.20      0.00      0.00   1105.60      0.00      0.00      0.00      0.00      0.00
07:23:34 PM     32.00    546.40      0.00      0.00    176.00      0.00      0.00      0.00      0.00      0.00
07:23:39 PM      0.00    414.40      0.00      0.00    183.60      0.00      0.00      0.00      0.00      0.00
07:23:44 PM     16.00    969.60      4.20      4.20   1691.20      0.00      0.00      0.00      0.00      0.00
07:23:49 PM      0.00     44.80      0.00      0.00     78.00      0.00      0.00      0.00      0.00      0.00
07:23:54 PM    827.20   4091.20   8390.20   8390.20   2133.20      0.00      0.00      0.00      0.00      0.00
07:23:59 PM      0.80   1648.00      0.20      0.20    551.80      0.00      0.00      0.00      0.00      0.00
07:24:04 PM      0.00   1619.20      0.00      0.00   1066.40      0.00      0.00      0.00      0.00      0.00
07:24:09 PM    165.60   3236.00    300.00     15.60   1102.80      0.00      0.00      0.00      0.00      0.00
07:24:14 PM      2.40   1147.20      1.00      0.60    315.00      0.00      0.00      0.00      0.00      0.00
07:24:19 PM      1.60   2647.20      0.40      0.40    978.80      0.00      0.00      0.00      0.00      0.00
07:24:24 PM      0.00      0.00      0.00      0.00     10.20      0.00      0.00      0.00      0.00      0.00
07:24:29 PM      0.00    251.20      0.00      0.00     92.40      0.00      0.00      0.00      0.00      0.00
07:24:34 PM      0.00    283.20      0.00      0.00     72.60      0.00      0.00      0.00      0.00      0.00
07:24:39 PM      0.00    728.80      0.00      0.00    186.20      0.00      0.00      0.00      0.00      0.00
07:24:44 PM     34.40    274.40      0.60      0.60     41.60      0.00      0.00      0.00      0.00      0.00
07:24:49 PM 101748.00      5.60  25436.80  25436.60     88.00      0.00      0.00      0.00      0.00      0.00
07:24:54 PM      7.20   3100.00      2.60      2.60   1156.80      0.00      0.00      0.00      0.00      0.00
07:24:59 PM      4.00    209.60   7821.60   7821.40    121.80      0.00      0.00      0.00      0.00      0.00
07:25:04 PM      0.00    888.00      0.00      0.00    348.40      0.00      0.00      0.00      0.00      0.00
07:25:09 PM      1.60      0.00      0.40      0.40      4.00      0.00      0.00      0.00      0.00      0.00
07:25:14 PM      0.00     32.00      0.00      0.00      3.80      0.00      0.00      0.00      0.00      0.00
07:25:19 PM     25.60    111.20      0.00      0.00      6.80      0.00      0.00      0.00      0.00      0.00
07:25:24 PM      1.60      5.60      0.20      0.20     25.00      0.00      0.00      0.00      0.00      0.00
07:25:29 PM      0.00    319.20      0.00      0.00    132.40      0.00      0.00      0.00      0.00      0.00
07:25:34 PM      0.00   2518.40      0.00      0.00    892.40      0.00      0.00      0.00      0.00      0.00
07:25:39 PM      0.00   2870.40      0.00      0.00   1085.40      0.00      0.00      0.00      0.00      0.00
07:25:44 PM      0.80   5408.00      0.20      0.20   1361.40      0.00      0.00      0.00      0.00      0.00
07:25:49 PM      0.00   2805.60      0.00      0.00    958.80      0.00      0.00      0.00      0.00      0.00
07:25:54 PM  12219.20   2253.60   3047.00   3047.00    781.20      0.00      0.00      0.00      0.00      0.00
07:25:59 PM      0.80     40.80      0.00      0.00    556.80      0.00      0.00      0.00      0.00      0.00
07:26:04 PM      0.00    576.80      0.00      0.00    213.20      0.00      0.00      0.00      0.00      0.00
07:26:09 PM      0.00   1100.00      0.00      0.00   2300.80      0.00      0.00      0.00      0.00      0.00
07:26:14 PM      1.60     25.60      0.40      0.40    129.20      0.00      0.00      0.00      0.00      0.00
07:26:19 PM      0.00      0.00      0.00      0.00      3.80      0.00      0.00      0.00      0.00      0.00
07:26:24 PM      0.00     32.00      0.00      0.00      3.80      0.00      0.00      0.00      0.00      0.00
07:26:29 PM     28.74    110.98      0.00      0.00     15.97      0.00      0.00      0.00      0.00      0.00
07:26:34 PM      0.00   2957.60      0.00      0.00    955.80      0.00      0.00      0.00      0.00      0.00
07:26:39 PM      0.00    865.60      0.00      0.00    470.60      0.00      0.00      0.00      0.00      0.00
07:26:44 PM      0.00   3358.40      0.00      0.00   1553.40      0.00      0.00      0.00      0.00      0.00
07:26:49 PM      0.00   3508.80      0.00      0.00   1251.80      0.00      0.00      0.00      0.00      0.00
07:26:54 PM      2.40  10311.20      0.60      0.60   3632.60      0.00      0.00      0.00      0.00      0.00
07:26:59 PM      0.00   3049.60      0.00      0.00   1084.40      0.00      0.00      0.00      0.00      0.00
07:27:04 PM     40.80   5079.20      0.60      0.60   1865.00      0.00      0.00      0.00      0.00      0.00
07:27:09 PM      0.00   3711.20      0.00      0.00   1896.80      0.00      0.00      0.00      0.00      0.00
07:27:14 PM      8.80   9226.40      2.20      2.20   3301.00      0.00      0.00      0.00      0.00      0.00
07:27:19 PM     85.60   3472.80      0.60      0.60   1391.00      0.00      0.00      0.00      0.00      0.00
07:27:24 PM     45.60   1584.80     14.20      8.20    581.60      0.00      0.00      0.00      0.00      0.00
07:27:29 PM     30.40   1883.20      7.60      7.60   1078.40      0.00      0.00      0.00      0.00      0.00
07:27:34 PM      1.60    644.00      0.40      0.40    373.40      0.00      0.00      0.00      0.00      0.00
07:27:39 PM      6.40    866.40      6.00      0.00    281.40      0.00      0.00      0.00      0.00      0.00
07:27:44 PM      1.60   4732.80      0.40      0.40   2422.60      0.00      0.00      0.00      0.00      0.00
07:27:49 PM      0.80    129.60      0.20      0.20    154.20      0.00      0.00      0.00      0.00      0.00
07:27:54 PM    211.20     23.20   4378.60   4378.60      8.20      0.00      0.00      0.00      0.00      0.00
07:27:59 PM      2.40   1148.00   3440.80   3440.80    399.20      0.00      0.00      0.00      0.00      0.00
07:28:04 PM      1.60    393.60      0.40      0.40     83.80      0.00      0.00      0.00      0.00      0.00
07:28:09 PM      0.00   1102.40      0.00      0.00    586.80      0.00      0.00      0.00      0.00      0.00
07:28:14 PM      0.00    172.80      0.00      0.00      4.80      0.00      0.00      0.00      0.00      0.00
07:28:19 PM      0.00     13.60      0.00      0.00    825.60      0.00      0.00      0.00      0.00      0.00
07:28:24 PM      0.00    590.40      0.00      0.00    151.40      0.00      0.00      0.00      0.00      0.00
07:28:29 PM     36.80   1052.00      0.00      9.20    881.60      0.00      0.00      0.00      0.00      0.00
07:28:34 PM      0.00     88.80      0.00      0.00     22.60      0.00      0.00      0.00      0.00      0.00
07:28:39 PM      3.20   2156.80      0.00      0.80   1344.40      0.00      0.00      0.00      0.00      0.00
07:28:44 PM     80.00   3771.20      2.20      2.20   1046.40      0.00      0.00      0.00      0.00      0.00
07:28:49 PM     28.80   5402.40      0.00      0.00   1638.80      0.00      0.00      0.00      0.00      0.00
07:28:54 PM      3.20   3136.00      0.00      0.80   1416.40      0.00      0.00      0.00      0.00      0.00
07:28:59 PM      0.80   8391.20      0.20      0.20   2101.80      0.00      0.00      0.00      0.00      0.00
07:29:04 PM  38070.40   5890.40   9508.80   9517.60   2213.40      0.00      0.00      0.00      0.00      0.00
07:29:09 PM     83.20    419.20    300.80     16.00    271.20      0.00      0.00      0.00      0.00      0.00
07:29:14 PM     29.60   1436.00      0.20      7.40   1079.60      0.00      0.00      0.00      0.00      0.00
07:29:19 PM      0.00   6462.40      0.00      0.00   1831.40      0.00      0.00      0.00      0.00      0.00
07:29:24 PM     33.60   8320.80      0.20      4.40   2694.60      0.00      0.00      0.00      0.00      0.00
07:29:29 PM      2.40   1487.20      0.60      0.60    374.60      0.00      0.00      0.00      0.00      0.00
07:29:34 PM     34.40   9334.40      2.60      8.60   2470.00      0.00      0.00      0.00      0.00      0.00
07:29:39 PM      0.80    302.40      0.20      0.20     79.60      0.00      0.00      0.00      0.00      0.00
07:29:44 PM     44.80   2072.80      0.40     11.20    978.40      0.00      0.00      0.00      0.00      0.00
07:29:49 PM      0.00   6273.60      0.00      0.00   1835.20      0.00      0.00      0.00      0.00      0.00
07:29:54 PM     60.00   5182.40     16.60     16.60   1387.40      0.00      0.00      0.00      0.00      0.00
07:29:59 PM  30630.40   8655.20   7650.40   7650.40   3233.20      0.00      0.00      0.00      0.00      0.00
07:30:04 PM     12.00   2171.20      3.00      3.00    940.80      0.00      0.00      0.00      0.00      0.00
07:30:09 PM      0.00   3561.60      0.00      0.00   1204.80      0.00      0.00      0.00      0.00      0.00
07:30:14 PM      1.60   2429.54      0.20      0.40   1018.36      0.00      0.00      0.00      0.00      0.00
07:30:19 PM      0.00   4583.20      0.00      0.00   1435.00      0.00      0.00      0.00      0.00      0.00
07:30:24 PM     17.60   9152.00      0.20      4.40   2846.40      0.00      0.00      0.00      0.00      0.00
07:30:29 PM      3.20   5012.80      0.80      0.80   1554.80      0.00      0.00      0.00      0.00      0.00
07:30:34 PM     34.40   4784.80      0.00      0.60   1838.80      0.00      0.00      0.00      0.00      0.00
07:30:39 PM      0.00   1380.80      0.00      0.00    350.20      0.00      0.00      0.00      0.00      0.00
07:30:44 PM     30.40   2621.60      0.60      7.60   1376.20      0.00      0.00      0.00      0.00      0.00
07:30:49 PM      3.20   1012.00      0.80      0.80    257.00      0.00      0.00      0.00      0.00      0.00
07:30:54 PM     20.00    244.80      0.00      5.00    372.20      0.00      0.00      0.00      0.00      0.00
07:30:59 PM      2.40   7061.60      0.60      0.60   1815.20      0.00      0.00      0.00      0.00      0.00
07:31:04 PM      4.00   8309.60      0.00      1.00   2787.40      0.00      0.00      0.00      0.00      0.00
07:31:09 PM      0.00    112.80      0.00      0.00      4.40      0.00      0.00      0.00      0.00      0.00
07:31:14 PM     51.20      8.00      2.80     12.80    516.60      0.00      0.00      0.00      0.00      0.00
07:31:19 PM      0.00    431.20      0.00      0.00    111.80      0.00      0.00      0.00      0.00      0.00
07:31:24 PM     21.60   1588.80      0.20      5.40    810.60      0.00      0.00      0.00      0.00      0.00
07:31:29 PM      0.80   1463.20      0.20      0.20    369.60      0.00      0.00      0.00      0.00      0.00
07:31:34 PM     70.40     47.20      0.00     17.60    443.80      0.00      0.00      0.00      0.00      0.00
07:31:39 PM      0.00   1102.40      0.00      0.00    292.00      0.00      0.00      0.00      0.00      0.00
07:31:44 PM     81.60   3602.40      0.00     12.40   1184.40      0.00      0.00      0.00      0.00      0.00
07:31:49 PM      0.00    133.60      0.00      0.00     36.20      0.00      0.00      0.00      0.00      0.00
07:31:54 PM     32.00      6.40      1.80      8.00    438.20      0.00      0.00      0.00      0.00      0.00
07:31:59 PM  36136.00   2148.80   9034.20   9034.00   2725.20      0.00      0.00      0.00      0.00      0.00
07:32:04 PM      0.80   2310.40      0.20      0.20   1397.60      0.00      0.00      0.00      0.00      0.00
07:32:09 PM      0.00   4900.00      0.00      0.00   1229.00      0.00      0.00      0.00      0.00      0.00
07:32:14 PM     10.40   2669.60      1.60      2.60   1483.60      0.00      0.00      0.00      0.00      0.00
07:32:19 PM    138.40    240.80      0.40      0.40     58.00      0.00      0.00      0.00      0.00      0.00
07:32:24 PM     20.80    570.40      9.20      3.00    170.00      0.00      0.00      0.00      0.00      0.00
07:32:29 PM      1.60    100.00      0.40      0.40    748.80      0.00      0.00      0.00      0.00      0.00
07:32:34 PM      0.00    492.80      0.00      0.00    126.40      0.00      0.00      0.00      0.00      0.00
07:32:39 PM      9.60    195.20      6.20      0.00    856.20      0.00      0.00      0.00      0.00      0.00
07:32:44 PM      0.80   4908.80      0.20      0.20   1292.80      0.00      0.00      0.00      0.00      0.00
07:32:49 PM      4.00   1764.80      0.00      1.00   1043.60      0.00      0.00      0.00      0.00      0.00
07:32:54 PM  73994.40   5769.60  25291.80  25291.80   1601.80      0.00      0.00      0.00      0.00      0.00
07:32:59 PM    124.80   2120.80      0.00     31.20   1148.20      0.00      0.00      0.00      0.00      0.00
07:33:04 PM  45246.40   3524.00  11312.20  11311.60   4073.60      0.00      0.00      0.00      0.00      0.00
07:33:09 PM      5.60      0.00      0.00      1.40    208.80      0.00      0.00      0.00      0.00      0.00
07:33:14 PM      1.60      0.00      0.40      0.40      4.00      0.00      0.00      0.00      0.00      0.00
07:33:19 PM      5.60      0.00      0.80      1.40    208.60      0.00      0.00      0.00      0.00      0.00
07:33:24 PM      4.00     32.00      1.00      1.00      4.00      0.00      0.00      0.00      0.00      0.00
07:33:29 PM     68.00    111.20      0.20     15.40    619.80      0.00      0.00      0.00      0.00      0.00
07:33:34 PM      0.00   2007.20      0.00      0.00    523.60      0.00      0.00      0.00      0.00      0.00
07:33:39 PM     49.60      6.40      0.00     12.40    323.40      0.00      0.00      0.00      0.00      0.00
07:33:44 PM      8.00   8146.40      2.00      2.00   2044.40      0.00      0.00      0.00      0.00      0.00
07:33:49 PM     14.40   1008.00      0.00      3.60   1075.20      0.00      0.00      0.00      0.00      0.00
07:33:54 PM     19.16      7.98      4.79      4.79      6.99      0.00      0.00      0.00      0.00      0.00
07:33:59 PM  16522.65    855.31   4121.24   4130.66   1679.36      0.00      0.00      0.00      0.00      0.00
07:34:04 PM     36.73   6625.95      0.40      0.40   1626.55      0.00      0.00      0.00      0.00      0.00
07:34:09 PM     84.00   3648.80    298.20     11.80   1929.60      0.00      0.00      0.00      0.00      0.00
07:34:14 PM      0.00   1645.60      0.00      0.00    410.00      0.00      0.00      0.00      0.00      0.00
07:34:19 PM      0.00   2950.40      0.00      0.00   1581.20      0.00      0.00      0.00      0.00      0.00
07:34:24 PM      0.80  11582.40      0.20      0.20   2900.80      0.00      0.00      0.00      0.00      0.00
07:34:29 PM     44.80  11992.80      0.00     11.20   3821.40      0.00      0.00      0.00      0.00      0.00
07:34:34 PM      4.80   1584.80      1.20      1.20    388.80      0.00      0.00      0.00      0.00      0.00
07:34:39 PM     48.00   1620.00      0.00      5.60   1208.00      0.00      0.00      0.00      0.00      0.00
07:34:44 PM      6.40     29.60      0.00      0.00     34.20      0.00      0.00      0.00      0.00      0.00
07:34:49 PM      7.20   1656.80      0.00      1.60    622.80      0.00      0.00      0.00      0.00      0.00
07:34:54 PM      0.00    204.00      0.00      0.00     55.40      0.00      0.00      0.00      0.00      0.00
07:34:59 PM     72.00   3024.00      1.20     18.00    966.00      0.00      0.00      0.00      0.00      0.00
07:35:04 PM      0.00   2967.20      0.00      0.00    742.20      0.00      0.00      0.00      0.00      0.00
07:35:09 PM     94.40   4645.60      0.00     23.60   1567.60      0.00      0.00      0.00      0.00      0.00
07:35:14 PM     32.80   8809.60      0.20      0.20   2173.80      0.00      0.00      0.00      0.00      0.00
07:35:19 PM     87.20   8018.40      0.20     21.80   2519.60      0.00      0.00      0.00      0.00      0.00
07:35:24 PM      2.40   5304.00      0.60      0.60   1330.80      0.00      0.00      0.00      0.00      0.00
07:35:29 PM     70.40   1780.80      0.20     17.60   1065.00      0.00      0.00      0.00      0.00      0.00
07:35:34 PM      0.00   1737.60      0.00      0.00    434.80      0.00      0.00      0.00      0.00      0.00
07:35:39 PM    109.60    851.20      0.00     27.40    626.20      0.00      0.00      0.00      0.00      0.00
07:35:44 PM      0.00   7727.20      0.00      0.00   1928.00      0.00      0.00      0.00      0.00      0.00
07:35:49 PM    102.40   6687.20      0.40     24.00   2361.40      0.00      0.00      0.00      0.00      0.00
07:35:54 PM     72.00   2822.40     20.00     20.00    710.80      0.00      0.00      0.00      0.00      0.00
07:35:59 PM      1.60   6543.20      0.40      0.40   1639.60      0.00      0.00      0.00      0.00      0.00
07:36:04 PM  41088.00   5337.60  10218.60  10270.40   3456.80      0.00      0.00      0.00      0.00      0.00
07:36:09 PM      0.00   4525.60      0.00      0.00   1153.20      0.00      0.00      0.00      0.00      0.00
07:36:14 PM     20.80    419.20      4.40      5.20    724.20      0.00      0.00      0.00      0.00      0.00
07:36:19 PM      0.00    710.40      0.00      0.00    173.40      0.00      0.00      0.00      0.00      0.00
07:36:24 PM      0.00   1528.00      0.00      0.00    863.60      0.00      0.00      0.00      0.00      0.00
07:36:29 PM      0.00   3432.80      0.00      0.00    889.80      0.00      0.00      0.00      0.00      0.00
07:36:34 PM      5.60   3839.20      0.00      1.40   1574.60      0.00      0.00      0.00      0.00      0.00
07:36:39 PM      1.60   1628.00      0.40      0.40    411.00      0.00      0.00      0.00      0.00      0.00
07:36:44 PM     60.80    905.60      1.00     15.20    639.80      0.00      0.00      0.00      0.00      0.00
07:36:49 PM      0.00   1092.80      0.00      0.00    277.20      0.00      0.00      0.00      0.00      0.00
07:36:54 PM     28.80   4838.40      0.00      7.20   1922.20      0.00      0.00      0.00      0.00      0.00
07:36:59 PM      0.00   1492.00      0.00      0.00    349.20      0.00      0.00      0.00      0.00      0.00
07:37:04 PM      8.00    915.20      0.00      2.00    740.00      0.00      0.00      0.00      0.00      0.00
07:37:09 PM      0.00    429.60      0.00      0.00    111.40      0.00      0.00      0.00      0.00      0.00
07:37:14 PM    120.00     21.60      2.60      3.40    317.60      0.00      0.00      0.00      0.00      0.00
07:37:19 PM      3.20   4043.20      0.60      0.60   1015.00      0.00      0.00      0.00      0.00      0.00
07:37:24 PM  33275.20   1740.00   8285.00   8290.80   1151.40      0.00      0.00      0.00      0.00      0.00
07:37:29 PM    416.80   4020.80    104.20    104.20   1097.80      0.00      0.00      0.00      0.00      0.00
07:37:34 PM     74.40   2395.20      1.00     16.60   1282.20      0.00      0.00      0.00      0.00      0.00
07:37:39 PM      3.20   4193.60      0.80      0.80   1051.40      0.00      0.00      0.00      0.00      0.00
07:37:44 PM     50.40   3602.40      0.40     12.60   1304.00      0.00      0.00      0.00      0.00      0.00
07:37:49 PM      0.00   7964.00      0.00      0.00   1996.00      0.00      0.00      0.00      0.00      0.00
07:37:54 PM    150.90    127.74      5.79     37.72    445.91      0.00      0.00      0.00      0.00      0.00
07:37:59 PM      0.00    515.20      0.00      0.00    168.80      0.00      0.00      0.00      0.00      0.00
07:38:04 PM  33322.40   2983.20   8415.40   8324.60   1630.00      0.00      0.00      0.00      0.00      0.00
07:38:09 PM     33.60    136.80      0.40      0.40      5.60      0.00      0.00      0.00      0.00      0.00
07:38:14 PM      0.00      4.00      0.00      0.00  12995.20      0.00      0.00      0.00      0.00      0.00
07:38:19 PM      2.40      0.00      0.60      0.60      4.00      0.00      0.00      0.00      0.00      0.00
07:38:24 PM      0.00    635.20      0.00      0.00    367.40      0.00      0.00      0.00      0.00      0.00
07:38:29 PM      0.00   5236.00      0.00      0.00   1315.40      0.00      0.00      0.00      0.00      0.00
07:38:34 PM     37.60   5622.40      0.20      9.40   2259.60      0.00      0.00      0.00      0.00      0.00
07:38:39 PM      0.00   2456.80      0.00      0.00    611.60      0.00      0.00      0.00      0.00      0.00
07:38:44 PM     91.20    130.40      2.80     14.80    644.20      0.00      0.00      0.00      0.00      0.00
07:38:49 PM      9.60      4.00      0.00      0.00      9.20      0.00      0.00      0.00      0.00      0.00
07:38:54 PM     30.40   1745.60      0.00      7.60   1157.60      0.00      0.00      0.00      0.00      0.00
07:38:59 PM      0.00    584.80      0.00      0.00    150.80      0.00      0.00      0.00      0.00      0.00
07:39:04 PM     65.60     75.20      0.00     16.40    736.20      0.00      0.00      0.00      0.00      0.00
07:39:09 PM    135.20     88.00    299.00     14.20    181.40      0.00      0.00      0.00      0.00      0.00
07:39:14 PM      6.40    654.40      0.00      1.60    876.40      0.00      0.00      0.00      0.00      0.00
07:39:19 PM     44.80    554.40      0.00      0.00    137.80      0.00      0.00      0.00      0.00      0.00
07:39:24 PM     64.00    424.80      0.00     13.60    928.00      0.00      0.00      0.00      0.00      0.00
07:39:29 PM      0.00   1199.20      0.00      0.00    306.40      0.00      0.00      0.00      0.00      0.00
07:39:34 PM     17.60   5150.40      4.40      4.40   1288.00      0.00      0.00      0.00      0.00      0.00
07:39:39 PM     39.20   4368.80      0.00      9.80   1711.00      0.00      0.00      0.00      0.00      0.00
07:39:44 PM      0.80   1745.60      0.20      0.20    440.20      0.00      0.00      0.00      0.00      0.00
07:39:49 PM      4.00    854.40      0.60      1.00    516.80      0.00      0.00      0.00      0.00      0.00
07:39:54 PM     61.60   4004.00      6.80      6.80    972.60      0.00      0.00      0.00      0.00      0.00
07:39:59 PM     34.40  10604.00      0.00      8.60   3473.40      0.00      0.00      0.00      0.00      0.00
07:40:04 PM      0.00   1135.20      0.00      0.00    284.40      0.00      0.00      0.00      0.00      0.00
07:40:09 PM     38.40      0.00      0.00      9.60    311.00      0.00      0.00      0.00      0.00      0.00
07:40:14 PM  27404.80    477.60   6851.20   6851.20    400.80      0.00      0.00      0.00      0.00      0.00
07:40:19 PM      0.80   7504.00      0.20      0.20   2352.00      0.00      0.00      0.00      0.00      0.00
07:40:24 PM      0.00   3040.80      0.00      0.00    767.20      0.00      0.00      0.00      0.00      0.00
07:40:29 PM     28.80    203.20      0.00      0.80    436.40      0.00      0.00      0.00      0.00      0.00
07:40:34 PM      0.00    547.20      0.00      0.00    136.20      0.00      0.00      0.00      0.00      0.00
07:40:39 PM     18.40   1184.80      0.80      4.40    609.60      0.00      0.00      0.00      0.00      0.00
07:40:44 PM      0.00  11487.20      0.00      0.00   2884.80      0.00      0.00      0.00      0.00      0.00
07:40:49 PM     12.80   4784.80      0.40      3.20   2049.00      0.00      0.00      0.00      0.00      0.00
07:40:54 PM  87048.80  11919.20  21762.40  21762.20   3722.60      0.00      0.00      0.00      0.00      0.00
07:40:59 PM     30.40   7037.60      0.40      7.60   2807.80      0.00      0.00      0.00      0.00      0.00
07:41:04 PM     41.60   3846.40      0.00      0.00   1040.80      0.00      0.00      0.00      0.00      0.00
07:41:09 PM    124.00   5032.80      0.00     31.00   1779.00      0.00      0.00      0.00      0.00      0.00
07:41:14 PM      8.80   4982.40      2.20      2.20   1277.60      0.00      0.00      0.00      0.00      0.00
07:41:19 PM     76.00   8570.40      0.20     19.00   2667.60      0.00      0.00      0.00      0.00      0.00
07:41:24 PM      0.00    566.87      0.00      0.00    145.51      0.00      0.00      0.00      0.00      0.00
07:41:29 PM  14629.60   3860.00   3642.20   3657.40   5050.40      0.00      0.00      0.00      0.00      0.00
07:41:34 PM  22083.20   7525.60   5520.80   5520.80   7293.40      0.00      0.00      0.00      0.00      0.00
07:41:39 PM    127.20    399.20     17.80     25.40    296.20      0.00      0.00      0.00      0.00      0.00
07:41:44 PM     44.80      4.80    184.20    184.20    183.00      0.00      0.00      0.00      0.00      0.00
07:41:49 PM     24.80   2188.00      0.20      6.20    882.60      0.00      0.00      0.00      0.00      0.00
07:41:54 PM    146.40    512.80     35.20     35.00    170.00      0.00      0.00      0.00      0.00      0.00
07:41:59 PM     65.60     86.40      0.00     16.40    340.20      0.00      0.00      0.00      0.00      0.00
07:42:04 PM      0.00    418.40      0.00      0.00    105.20      0.00      0.00      0.00      0.00      0.00
07:42:09 PM      0.00     94.40      0.00      0.00     35.80      0.00      0.00      0.00      0.00      0.00
07:42:14 PM   5276.80    190.40   2390.80   2390.80    146.80      0.00      0.00      0.00      0.00      0.00
07:42:19 PM  20689.60   1751.20   5170.60   5170.60    576.80      0.00      0.00      0.00      0.00      0.00
07:42:24 PM     62.40   2014.40     19.20     12.40    627.20      0.00      0.00      0.00      0.00      0.00
07:42:29 PM      3.20    352.80      0.80      0.80     97.80      0.00      0.00      0.00      0.00      0.00
07:42:34 PM      4.00   3012.00      1.00      1.00   1085.20      0.00      0.00      0.00      0.00      0.00
07:42:39 PM      0.00   2953.60      0.00      0.00    743.20      0.00      0.00      0.00      0.00      0.00
07:42:44 PM      0.00    156.80      0.00      0.00     27.20      0.00      0.00      0.00      0.00      0.00
07:42:49 PM     32.00    515.20      0.00      0.00    106.80      0.00      0.00      0.00      0.00      0.00
07:42:54 PM     18.40     40.80      2.20      2.20     21.40      0.00      0.00      0.00      0.00      0.00
07:42:59 PM      1.60    472.00      0.40      0.40    187.20      0.00      0.00      0.00      0.00      0.00
07:43:04 PM      0.00   6334.40      0.00      0.00   1839.60      0.00      0.00      0.00      0.00      0.00
07:43:09 PM      0.00   7902.40      0.00      0.00   2376.80      0.00      0.00      0.00      0.00      0.00
07:43:14 PM      1.60    476.00      0.40      0.40    126.00      0.00      0.00      0.00      0.00      0.00
07:43:19 PM      0.00    250.40      0.00      0.00     62.80      0.00      0.00      0.00      0.00      0.00
07:43:24 PM     22.40   5063.20      0.00      0.00   1439.80      0.00      0.00      0.00      0.00      0.00
07:43:29 PM      0.80   4244.00      0.20      0.20   1470.80      0.00      0.00      0.00      0.00      0.00
07:43:34 PM      0.00   1742.40      0.00      0.00    479.00      0.00      0.00      0.00      0.00      0.00
07:43:39 PM      0.00    160.80      0.00      0.00     44.20      0.00      0.00      0.00      0.00      0.00
07:43:44 PM    365.60   2576.00      6.40      6.40    872.60      0.00      0.00      0.00      0.00      0.00
07:43:49 PM      0.00   7668.80      0.00      0.00   2541.80      0.00      0.00      0.00      0.00      0.00
07:43:54 PM    100.80   1967.20     22.00     22.00    528.40      0.00      0.00      0.00      0.00      0.00
07:43:59 PM     90.40    251.20      4.20      4.20     40.60      0.00      0.00      0.00      0.00      0.00
07:44:04 PM      0.00   9002.40      0.00      0.00   2903.80      0.00      0.00      0.00      0.00      0.00
07:44:09 PM     72.80     15.20    297.40     11.60    233.00      0.00      0.00      0.00      0.00      0.00
07:44:14 PM      0.00      0.00      0.00      0.00      5.80      0.00      0.00      0.00      0.00      0.00
07:44:19 PM  32194.40   1050.40   8048.60   8048.60    506.60      0.00      0.00      0.00      0.00      0.00
07:44:24 PM      0.80   6801.60      0.20      0.20   3039.40      0.00      0.00      0.00      0.00      0.00
07:44:29 PM      0.00   4498.40      0.00      0.00   2185.20      0.00      0.00      0.00      0.00      0.00
07:44:34 PM   1395.20   5401.60    507.60     21.80   1620.60      0.00      0.00      0.00      0.00      0.00
07:44:39 PM      6.40   2148.00  17255.60      0.00  15226.20  15275.40      0.00  15221.60      0.00      0.00
07:44:44 PM      0.00  10140.80      0.00      0.00   3086.80      0.00      0.00      0.00      0.00      0.00
07:44:49 PM      0.00   5450.40      0.00      0.00   1381.80      0.00      0.00      0.00      0.00      0.00
07:44:54 PM      0.80   7033.60      0.20      0.20   1967.60      0.00      0.00      0.00      0.00      0.00
07:44:59 PM     12.00   6736.80      3.00      3.00   1955.00      0.00      0.00      0.00      0.00      0.00
07:45:04 PM      0.00   1326.40      0.00      0.00    332.40      0.00      0.00      0.00      0.00      0.00
07:45:09 PM  11144.91   5524.15   2782.04   2781.44   1711.38      0.00      0.00      0.00      0.00      0.00
07:45:14 PM      1.60   3068.80      0.40      0.40    844.60      0.00      0.00      0.00      0.00      0.00
07:45:19 PM      0.00  10143.20      0.00      0.00   2952.60      0.00      0.00      0.00      0.00      0.00
07:45:24 PM      2.40    836.80      0.60      0.60    307.00      0.00      0.00      0.00      0.00      0.00
07:45:29 PM      0.80   5155.20      0.20      0.20   1305.60      0.00      0.00      0.00      0.00      0.00
07:45:34 PM      0.00    883.20      0.00      0.00    221.20      0.00      0.00      0.00      0.00      0.00
07:45:39 PM  15804.80   1036.80   3942.40   3942.40    370.20      0.00      0.00      0.00      0.00      0.00
07:45:44 PM  94687.20 138394.40  46870.20  46870.20  35838.00  35690.40      0.00  35503.80      0.00      0.00
07:45:49 PM      0.00    163.20      0.00      0.00     54.80      0.00      0.00      0.00      0.00      0.00
07:45:54 PM     15.20     97.60      5.80      5.60   1593.80      0.00      0.00      0.00      0.00      0.00
07:45:59 PM      0.80      1.60      0.20      0.20    209.60      0.00      0.00      0.00      0.00      0.00
07:46:04 PM      0.00   6198.40      0.00      0.00   2291.00      0.00      0.00      0.00      0.00      0.00
07:46:09 PM   4740.00   2847.20   1172.60   1171.40    792.80      0.00      0.00      0.00      0.00      0.00
07:46:14 PM    824.00   1650.40    206.00    206.00    493.80      0.00      0.00      0.00      0.00      0.00
07:46:19 PM     22.40    238.40      0.00      0.00     39.60      0.00      0.00      0.00      0.00      0.00
07:46:24 PM  82670.40  38313.60  20665.20  20665.20  15560.60  15270.60      0.00  15216.40      0.00      0.00
07:46:29 PM      0.00      0.00      0.00      0.00      4.00      0.00      0.00      0.00      0.00      0.00
07:46:34 PM      0.00      0.00      0.00      0.00      0.40      0.00      0.00      0.00      0.00      0.00
07:46:39 PM      0.00      0.00      0.00      0.00      4.00      0.00      0.00      0.00      0.00      0.00
07:46:44 PM      1.60      0.00      0.40      0.40      3.80      0.00      0.00      0.00      0.00      0.00
07:46:49 PM     88.80     32.00     22.20     22.20     10.40      0.00      0.00      0.00      0.00      0.00
07:46:54 PM     32.00    130.40      0.00      0.00      5.40      0.00      0.00      0.00      0.00      0.00
07:46:59 PM      0.00      4.80      0.00      0.00      4.80      0.00      0.00      0.00      0.00      0.00
07:47:04 PM      0.00      0.00      0.00      0.00      0.40      0.00      0.00      0.00      0.00      0.00
07:47:09 PM      0.00      0.00      0.00      0.00      4.00      0.00      0.00      0.00      0.00      0.00
07:47:14 PM      4.80      0.00      1.20      1.20      5.20      0.00      0.00      0.00      0.00      0.00
07:47:19 PM      5.60      0.00      1.60      1.40      4.20      0.00      0.00      0.00      0.00      0.00
07:47:24 PM     19.20     92.80      9.00      2.60      6.40      0.00      0.00      0.00      0.00      0.00
07:47:29 PM      2.40    149.60      0.60      0.60      4.80      0.00      0.00      0.00      0.00      0.00
07:47:34 PM      0.00      4.00      0.00      0.00      0.80      0.00      0.00      0.00      0.00      0.00
07:47:39 PM      0.00      0.00      0.00      0.00      4.20      0.00      0.00      0.00      0.00      0.00
07:47:44 PM      0.00      0.00      0.40      0.00      4.00      0.00      0.00      0.00      0.00      0.00
07:47:49 PM      0.00      0.00      0.00      0.00      4.00      0.00      0.00      0.00      0.00      0.00
07:47:54 PM     12.80     24.00      5.80      5.80      5.20      0.00      0.00      0.00      0.00      0.00
07:47:59 PM      0.00     64.00      0.00      0.00      4.00      0.00      0.00      0.00      0.00      0.00
07:48:04 PM      0.00    149.60      0.00      0.00      0.40      0.00      0.00      0.00      0.00      0.00
07:48:09 PM      0.00      5.60      0.00      0.00      4.00      0.00      0.00      0.00      0.00      0.00
07:48:14 PM      0.00      0.00      0.00      0.00      3.80      0.00      0.00      0.00      0.00      0.00
07:48:19 PM      0.00      0.00      0.20      0.00      4.00      0.00      0.00      0.00      0.00      0.00
07:48:24 PM      0.00      0.00      0.00      0.00      3.80      0.00      0.00      0.00      0.00      0.00
07:48:29 PM  11172.00    713.60   2793.20   2793.00   5166.00   5087.40      0.00   5073.60      0.00      0.00
07:48:34 PM   8962.40   2044.80   2240.60   2240.60    554.80      0.00      0.00      0.00      0.00      0.00
07:48:39 PM   6547.20    111.20   1632.80   1632.80      9.20      0.00      0.00      0.00      0.00      0.00
07:48:44 PM    974.40      4.80    184.60    184.60      7.60      0.00      0.00      0.00      0.00      0.00
07:48:49 PM      0.00      0.00      0.00      0.00      3.80      0.00      0.00      0.00      0.00      0.00
07:48:54 PM  78256.00      0.00  19564.00  19564.00  21633.40  20292.80      0.00  20278.00      0.00      0.00
07:48:59 PM   1776.00      0.00    444.00    444.00    247.80      0.00      0.00      0.00      0.00      0.00
07:49:04 PM      0.00      0.00      0.00      0.00      0.60      0.00      0.00      0.00      0.00      0.00
07:49:09 PM      0.00     32.00      0.40      0.00      3.80      0.00      0.00      0.00      0.00      0.00
07:49:14 PM     60.00    130.40    289.00      6.00    195.40      0.00      0.00      0.00      0.00      0.00
07:49:19 PM      0.00      4.80      0.00      0.00    517.80      0.00      0.00      0.00      0.00      0.00
07:49:24 PM      0.00      0.00      0.00      0.00      3.80      0.00      0.00      0.00      0.00      0.00
07:49:29 PM      0.00      0.00      0.00      0.00    311.40      0.00      0.00      0.00      0.00      0.00
07:49:34 PM      0.00      0.00      0.00      0.00      0.40      0.00      0.00      0.00      0.00      0.00
07:49:39 PM      0.00      0.00      0.00      0.00    208.80      0.00      0.00      0.00      0.00      0.00
07:49:44 PM      0.00  55293.60  18942.80  18942.80  16422.80  11637.40   4757.00  16351.40      0.00      0.00
07:49:49 PM 552313.60 632646.40 154512.00 154512.00 158927.00 153561.60   4828.80 158400.80      0.00      0.00
07:49:54 PM 552313.60 524896.00 142826.60 142826.40 141579.80 141107.20      0.00 141107.20      0.00      0.00
07:49:59 PM      0.00   8304.00  29772.40  29772.40  33564.80  35122.60    852.80  32873.00      0.00      0.00
07:50:04 PM     30.40   1861.60      0.40      0.40   1159.80      0.00      0.00      0.00      0.00      0.00
07:50:09 PM      0.80    280.00      0.20      0.20     91.60      0.00      0.00      0.00      0.00      0.00
07:50:14 PM      7.20   1182.40      1.80      1.80    617.00      0.00      0.00      0.00      0.00      0.00
07:50:19 PM     13.60    872.00      0.60      0.60    452.80      0.00      0.00      0.00      0.00      0.00
07:50:24 PM     44.80   4406.40      0.60      0.60   1441.80      0.00      0.00      0.00      0.00      0.00
07:50:29 PM   3437.60   3469.60    859.60    859.40   1275.40      0.00      0.00      0.00      0.00      0.00
07:50:34 PM      0.00   4157.60      0.00      0.00   1989.20      0.00      0.00      0.00      0.00      0.00
07:50:39 PM      2.40   4254.40      0.60      0.60   1237.80      0.00      0.00      0.00      0.00      0.00
07:50:44 PM      2.40   1052.00      0.60      0.60    377.60      0.00      0.00      0.00      0.00      0.00
07:50:49 PM 122736.80   2999.20  30786.60  30684.20  26495.80  35413.60      0.00  23428.00      0.00      0.00
07:50:54 PM      2.40      0.80      0.60      0.60    232.00      0.00      0.00      0.00      0.00      0.00
07:50:59 PM   6086.40    108.00   1399.20   1399.00   1931.60      0.00      0.00      0.00      0.00      0.00
07:51:04 PM     41.60    492.80      2.40      2.40   1699.60      0.00      0.00      0.00      0.00      0.00
07:51:09 PM      1.60      0.00      0.40      0.40      4.20      0.00      0.00      0.00      0.00      0.00
07:51:14 PM    409.60      0.00      0.40      0.40    823.00      0.00      0.00      0.00      0.00      0.00
07:51:19 PM      5.60      0.00      0.80      0.40      5.20      0.00      0.00      0.00      0.00      0.00
07:51:24 PM      0.00      5.60      0.00      0.00      5.00      0.00      0.00      0.00      0.00      0.00
07:51:29 PM     10.40   1624.00      1.20      1.20    719.60      0.00      0.00      0.00      0.00      0.00
07:51:34 PM      0.00      0.00      0.00      0.00    106.00      0.00      0.00      0.00      0.00      0.00
07:51:39 PM     16.00   1596.80      0.00      0.00    788.80      0.00      0.00      0.00      0.00      0.00
07:51:44 PM      2.40    324.00      0.60      0.60    850.40      0.00      0.00      0.00      0.00      0.00
07:51:49 PM   2952.00      4.80    736.40    736.40     20.60      0.00      0.00      0.00      0.00      0.00
07:51:54 PM   2528.80   5011.20    443.40    435.20   2727.20      0.00      0.00      0.00      0.00      0.00
07:51:59 PM     20.80   3276.80      0.80      0.40   1760.60      0.00      0.00      0.00      0.00      0.00
07:52:04 PM     21.60    747.20      0.00      5.40    398.00      0.00      0.00      0.00      0.00      0.00
07:52:09 PM      4.00    836.80      1.00      1.00   1739.80      0.00      0.00      0.00      0.00      0.00
07:52:14 PM    296.00    594.40     10.40      6.60    663.00      0.00      0.00      0.00      0.00      0.00
07:52:19 PM    411.20    112.00      1.00      0.60    165.80      0.00      0.00      0.00      0.00      0.00
07:52:24 PM    604.80   4900.00     87.20     76.60   2117.60      0.00      0.00      0.00      0.00      0.00
07:52:29 PM   3507.20   3887.20    872.00    872.00   2927.80      0.00      0.00      0.00      0.00      0.00
07:52:34 PM   4652.80   6218.40   1163.20   1163.20   4016.60      0.00      0.00      0.00      0.00      0.00
07:52:39 PM    472.80    372.00    211.80    211.80    149.60      0.00      0.00      0.00      0.00      0.00
07:52:44 PM      0.80   1666.40      0.20      0.20   1677.20      0.00      0.00      0.00      0.00      0.00
07:52:49 PM    380.00      0.00  15701.20  15700.60     34.20      0.00      0.00      0.00      0.00      0.00
07:52:54 PM    315.20     24.00     10.00     10.00      8.60      0.00      0.00      0.00      0.00      0.00
07:52:59 PM      2.40     64.00      0.60      0.60      3.80      0.00      0.00      0.00      0.00      0.00
07:53:04 PM    566.87    136.53     14.97     11.38      2.20      0.00      0.00      0.00      0.00      0.00
07:53:09 PM      3.20      4.00     58.80     58.80      4.20      0.00      0.00      0.00      0.00      0.00
07:53:14 PM      0.80      0.00      0.20      0.20      4.00      0.00      0.00      0.00      0.00      0.00
07:53:19 PM      0.00      0.00      0.00      0.00      3.80      0.00      0.00      0.00      0.00      0.00
07:53:24 PM      0.00      0.00      0.00      0.00      4.00      0.00      0.00      0.00      0.00      0.00
07:53:29 PM      0.00      0.00      0.00      0.00      3.80      0.00      0.00      0.00      0.00      0.00
07:53:34 PM      0.00     51.20      0.00      0.00      0.60      0.00      0.00      0.00      0.00      0.00
07:53:39 PM      0.00    143.20      0.20      0.00      4.00      0.00      0.00      0.00      0.00      0.00
07:53:44 PM    106.40      4.00     19.00     18.00      8.00      0.00      0.00      0.00      0.00      0.00
07:53:49 PM      0.00      0.00      0.00      0.00      4.00      0.00      0.00      0.00      0.00      0.00
07:53:54 PM     60.80      0.00     17.40     16.20      6.20      0.00      0.00      0.00      0.00      0.00
07:53:59 PM      0.00  97293.60  26513.20  26513.00  27004.00  51801.00    828.80  26961.00      0.00      0.00
07:54:04 PM      0.00   4287.20      0.00      0.00   1120.00      0.00      0.00      0.00      0.00      0.00
07:54:09 PM      0.00   2507.20      0.00      0.00   1207.60      0.00      0.00      0.00      0.00      0.00
07:54:14 PM    732.00   4008.00   1329.20   1046.00   1619.60      0.00      0.00      0.00      0.00      0.00
07:54:19 PM      9.60   1980.00      0.00      0.00    538.00      0.00      0.00      0.00      0.00      0.00
07:54:24 PM      0.80      0.00      0.20      0.20      4.00      0.00      0.00      0.00      0.00      0.00
07:54:29 PM      3.20   4474.40      0.80      0.80   1137.00      0.00      0.00      0.00      0.00      0.00
07:54:34 PM      0.00      2.40      0.00      0.00      6.60      0.00      0.00      0.00      0.00      0.00
07:54:39 PM      8.80   1694.40      2.20      2.20    442.80      0.00      0.00      0.00      0.00      0.00
07:54:44 PM      3.20   2122.40      0.80      0.80    557.40      0.00      0.00      0.00      0.00      0.00
07:54:49 PM 115225.60  88062.40  28742.00  28741.80  22894.20  46596.00   7871.80  22543.60      0.00      0.00
07:54:54 PM     25.60  11770.40      0.80      0.80   2949.00   2931.20      0.00   2944.00      0.00      0.00
07:54:59 PM     76.80      0.00      0.40      0.40   1133.00      0.00      0.00      0.00      0.00      0.00
07:55:04 PM     12.80      0.00      3.20      3.20      0.40      0.00      0.00      0.00      0.00      0.00
07:55:09 PM      0.00    939.20      0.00      0.00   1241.80      0.00      0.00      0.00      0.00      0.00
07:55:14 PM      5.60      8.80      0.40      0.40      6.00      0.00      0.00      0.00      0.00      0.00
07:55:19 PM      0.00     14.40    142.60     72.20      7.60      0.00      0.00      0.00      0.00      0.00
07:55:24 PM      0.00    148.80      0.00      0.00      3.80      0.00      0.00      0.00      0.00      0.00
07:55:29 PM      1.60      0.00      0.40      0.40    107.20      0.00      0.00      0.00      0.00      0.00
07:55:34 PM      0.00      0.00      0.00      0.00      0.40      0.00      0.00      0.00      0.00      0.00
07:55:39 PM      0.00      0.00      0.00      0.00      4.00      0.00      0.00      0.00      0.00      0.00
07:55:44 PM      0.00   2107.20      0.00      0.00   1217.00      0.00      0.00      0.00      0.00      0.00
07:55:49 PM      0.00    496.00      0.00      0.00    399.40      0.00      0.00      0.00      0.00      0.00
07:55:54 PM   1146.40    130.40    268.80    268.40    437.00      0.00      0.00      0.00      0.00      0.00
07:55:59 PM      1.60     45.60      0.40      0.40     38.20      0.00      0.00      0.00      0.00      0.00
07:56:04 PM      0.00   1467.20      0.00      0.00    816.20      0.00      0.00      0.00      0.00      0.00
07:56:09 PM      0.00   2848.00      0.00      0.00   1316.20      0.00      0.00      0.00      0.00      0.00
07:56:14 PM      0.00      0.00      0.00      0.00    286.80      0.00      0.00      0.00      0.00      0.00
07:56:19 PM      0.00      0.00      0.00      0.00      3.80      0.00      0.00      0.00      0.00      0.00
07:56:24 PM    122.40      0.00    696.80    696.80      4.60      0.00      0.00      0.00      0.00      0.00
07:56:29 PM     44.00    200.80      0.60      0.60      7.20      0.00      0.00      0.00      0.00      0.00
07:56:34 PM      0.00     15.20      0.00      0.00     18.40      0.00      0.00      0.00      0.00      0.00
07:56:39 PM      2.40      1.60      0.60      0.60      4.60      0.00      0.00      0.00      0.00      0.00
07:56:44 PM     12.80     44.80      0.20      0.40     90.20      0.00      0.00      0.00      0.00      0.00
07:56:49 PM      0.00    503.20   1470.00   1469.80    439.60      0.00      0.00      0.00      0.00      0.00
07:56:54 PM   3041.60   3167.20   3673.60   3673.60   1447.80      0.00      0.00      0.00      0.00      0.00
07:56:59 PM 113004.80  87088.00  28251.20  28251.20  25974.80  21128.00   1789.80  21738.00      0.00      0.00
07:57:04 PM     15.97   5132.93      0.00      0.00   1532.93      0.00      0.00      0.00      0.00      0.00
07:57:09 PM     27.20   3701.60      6.80      6.80   1970.20      0.00      0.00      0.00      0.00      0.00
07:57:14 PM     44.80   2103.20      6.40      5.60   3067.20      0.00      0.00      0.00      0.00      0.00
07:57:19 PM    187.20   1108.00      1.20      1.20   1643.60      0.00      0.00      0.00      0.00      0.00
07:57:24 PM   8256.80   2256.80   2069.80   2063.40   1385.60      0.00      0.00      0.00      0.00      0.00
07:57:29 PM     45.60   1369.60      6.40      0.40   1001.00      0.00      0.00      0.00      0.00      0.00
07:57:34 PM      8.00   4037.60      2.00      2.00   1334.80      0.00      0.00      0.00      0.00      0.00
07:57:39 PM     16.00    164.00      0.80      0.80    694.20      0.00      0.00      0.00      0.00      0.00
07:57:44 PM      0.00      4.80      0.00      0.00      4.60      0.00      0.00      0.00      0.00      0.00
07:57:49 PM      0.80      1.60      0.00      0.00      4.80      0.00      0.00      0.00      0.00      0.00
07:57:54 PM   1597.60   1331.20    294.20    294.00    509.20      0.00      0.00      0.00      0.00      0.00
07:57:59 PM 172668.80  50296.00  43167.20  43167.20  36356.60  35903.40      0.00  35493.40      0.00      0.00
07:58:04 PM      0.00    239.20      0.00      0.00     45.00      0.00      0.00      0.00      0.00      0.00
07:58:09 PM      0.00   1968.80      0.00      0.00   2611.20      0.00      0.00      0.00      0.00      0.00
07:58:14 PM     16.00    407.20      0.00      0.00    725.40      0.00      0.00      0.00      0.00      0.00
07:58:19 PM      0.00   2867.20      0.00      0.00   2488.20      0.00      0.00      0.00      0.00      0.00
07:58:24 PM      4.80    708.80      1.20      1.20   1942.00      0.00      0.00      0.00      0.00      0.00
07:58:29 PM   6080.80     16.80   1490.20   1490.00    424.80      0.00      0.00      0.00      0.00      0.00
07:58:34 PM      0.00   1918.40      0.00      0.00   1340.40      0.00      0.00      0.00      0.00      0.00
07:58:39 PM      2.40    145.60      0.60      0.60    768.20      0.00      0.00      0.00      0.00      0.00
07:58:44 PM    534.40     96.80     10.60      9.60    245.80      0.00      0.00      0.00      0.00      0.00
07:58:49 PM      6.40    132.00      0.80      0.80     30.80      0.00      0.00      0.00      0.00      0.00
07:58:54 PM  22333.60  22372.80  41650.00  41650.00  31280.00  30610.60    773.40  30782.40      0.00      0.00
07:58:59 PM   2160.80  31168.00   3797.60    540.20  15473.80  15206.60    157.60  15361.80      0.00      0.00
07:59:04 PM      0.80     29.60      0.20      0.20    264.40      0.00      0.00      0.00      0.00      0.00
07:59:09 PM      0.00      0.00      0.00      0.00  12384.40      0.00      0.00      0.00      0.00      0.00
07:59:14 PM   1060.00      0.00    302.20     23.60    175.00      0.00      0.00      0.00      0.00      0.00
07:59:19 PM      0.00    380.80      0.00      0.00    102.80      0.00      0.00      0.00      0.00      0.00
07:59:24 PM     22.40   2165.60      0.00      0.00    526.60      0.00      0.00      0.00      0.00      0.00
07:59:29 PM      4.80   4997.60      0.40      0.40   1257.40      0.00      0.00      0.00      0.00      0.00
07:59:34 PM      0.80      5.60      0.00      0.00      1.00      0.00      0.00      0.00      0.00      0.00
07:59:39 PM      6.40      0.00      1.40      1.40      4.40      0.00      0.00      0.00      0.00      0.00
07:59:44 PM      3.20      0.00      0.80      0.80      6.40      0.00      0.00      0.00      0.00      0.00
07:59:49 PM      0.00    848.80      0.00      0.00    445.80      0.00      0.00      0.00      0.00      0.00
07:59:54 PM     12.00   7143.20      5.60      5.40   2258.40      0.00      0.00      0.00      0.00      0.00
07:59:59 PM      0.00   1744.80      0.00      0.00    564.20      0.00      0.00      0.00      0.00      0.00
08:00:04 PM     26.40    136.80      2.60      2.60      3.00      0.00      0.00      0.00      0.00      0.00
08:00:09 PM      0.80     12.00     49.20     49.20     11.20      0.00      0.00      0.00      0.00      0.00
08:00:14 PM      0.80      2.40    206.00    206.00      8.80      0.00      0.00      0.00      0.00      0.00
08:00:19 PM      0.00      0.00      0.00      0.00      5.00      0.00      0.00      0.00      0.00      0.00
08:00:24 PM     11.20      0.00      0.20      0.20      6.60      0.00      0.00      0.00      0.00      0.00
08:00:29 PM      8.00      0.80      2.00      2.00      9.00      0.00      0.00      0.00      0.00      0.00
08:00:34 PM      0.00    164.00      0.00      0.00    690.00      0.00      0.00      0.00      0.00      0.00
08:00:39 PM     22.40   6091.20      0.00      0.00   3093.20      0.00      0.00      0.00      0.00      0.00
08:00:44 PM   5525.60   4178.40   1382.40   1382.40   2060.80      0.00      0.00      0.00      0.00      0.00
08:00:49 PM    109.60   4298.40      0.80      0.80   2697.00      0.00      0.00      0.00      0.00      0.00
08:00:54 PM  56182.40   2282.40  14045.60  14045.60   2990.20      0.00      0.00      0.00      0.00      0.00
08:00:59 PM     14.40   1988.80      0.20      0.20   1317.40      0.00      0.00      0.00      0.00      0.00
08:01:04 PM      8.80    485.60      2.20      2.20   1335.00      0.00      0.00      0.00      0.00      0.00
08:01:09 PM      0.00   1988.82      0.00      0.00    792.02      0.00      0.00      0.00      0.00      0.00
08:01:14 PM     10.40   4115.20      2.60      2.60   1607.80      0.00      0.00      0.00      0.00      0.00
08:01:19 PM   6232.00   4806.40   1558.00   1558.00   1282.60      0.00      0.00      0.00      0.00      0.00
08:01:24 PM      4.80   1734.40      1.20      1.20   1059.20      0.00      0.00      0.00      0.00      0.00
08:01:29 PM      0.80   8775.20      0.20      0.20   2586.00      0.00      0.00      0.00      0.00      0.00
08:01:34 PM      0.00   5672.80      0.00      0.00   1418.80      0.00      0.00      0.00      0.00      0.00
08:01:39 PM      0.00    751.20      0.00      0.00    196.80      0.00      0.00      0.00      0.00      0.00
08:01:44 PM      3.20   1396.80      0.80      0.80    347.80      0.00      0.00      0.00      0.00      0.00
08:01:49 PM   1873.60    132.80    411.80    411.80      9.80      0.00      0.00      0.00      0.00      0.00
08:01:54 PM   3941.60   3100.00    885.40    882.00   1186.00      0.00      0.00      0.00      0.00      0.00
08:01:59 PM      0.00    444.80      0.00      0.00    161.40      0.00      0.00      0.00      0.00      0.00
08:02:04 PM      0.00  41128.00  33613.20  33613.20  10332.60  10138.00      0.00  10138.00      0.00      0.00
08:02:09 PM    522.40     52.00    130.20    130.20     17.20      0.00      0.00      0.00      0.00      0.00
08:02:14 PM   1629.60   4676.00    408.60    406.40   1174.80      0.00      0.00      0.00      0.00      0.00
08:02:19 PM    173.60      0.00      0.60      0.60      4.40      0.00      0.00      0.00      0.00      0.00
08:02:24 PM     92.00   7584.00     14.00      5.40   1912.20      0.00      0.00      0.00      0.00      0.00
08:02:29 PM      1.60   6240.80      6.80      0.40   1672.40      0.00      0.00      0.00      0.00      0.00
08:02:34 PM      1.60   4923.20      0.40      0.40   1342.40      0.00      0.00      0.00      0.00      0.00
08:02:39 PM     52.80  10016.00      0.40      0.20   2595.00      0.00      0.00      0.00      0.00      0.00
08:02:44 PM   8513.60   5453.60   2128.40   2128.40   2255.20      0.00      0.00      0.00      0.00      0.00
08:02:49 PM      0.80   3496.00      0.20      0.20   1169.60      0.00      0.00      0.00      0.00      0.00
08:02:54 PM 106333.60  63268.00  26579.40  26579.40  18081.20  15257.20    439.80  15653.40      0.00      0.00
08:02:59 PM      0.00     78.40      0.00      0.00    652.40      0.00      0.00      0.00      0.00      0.00
08:03:04 PM      0.00   4289.60      0.00      0.00   1947.40      0.00      0.00      0.00      0.00      0.00
08:03:09 PM      0.00   2333.60      0.00      0.00    762.20      0.00      0.00      0.00      0.00      0.00
08:03:14 PM    378.40   7598.40   1769.80   1769.20   2142.40      0.00      0.00      0.00      0.00      0.00
08:03:19 PM      0.00   1732.00      0.00      0.00    659.80      0.00      0.00      0.00      0.00      0.00
08:03:24 PM      0.00   3459.20      0.00      0.00    881.40      0.00      0.00      0.00      0.00      0.00
08:03:29 PM      0.00   7848.00      0.00      0.00   1988.20      0.00      0.00      0.00      0.00      0.00
08:03:34 PM      0.00    572.80      0.00      0.00    143.80      0.00      0.00      0.00      0.00      0.00
08:03:39 PM      0.00    414.40      0.00      0.00    135.20      0.00      0.00      0.00      0.00      0.00
08:03:44 PM   3163.20    145.60    652.20    651.60     75.40      0.00      0.00      0.00      0.00      0.00
08:03:49 PM      7.20    337.60      0.20      0.20    259.00      0.00      0.00      0.00      0.00      0.00
08:03:54 PM    156.80   2097.60     18.00     14.80    674.20      0.00      0.00      0.00      0.00      0.00
08:03:59 PM      0.00   3100.00      0.00      0.00   1680.00      0.00      0.00      0.00      0.00      0.00
08:04:04 PM      0.00   1061.60      0.00      0.00    941.80      0.00      0.00      0.00      0.00      0.00
08:04:09 PM      0.00    168.00      0.00      0.00    139.40      0.00      0.00      0.00      0.00      0.00
08:04:14 PM    468.80   4505.60   1294.40   1011.00   2148.60      0.00      0.00      0.00      0.00      0.00
08:04:19 PM     13.60   2975.20      0.20      0.20   1723.20      0.00      0.00      0.00      0.00      0.00
08:04:24 PM      0.80      7.20      0.20      0.20     12.40      0.00      0.00      0.00      0.00      0.00
08:04:29 PM      3.20   3370.40      0.80      0.80    915.40      0.00      0.00      0.00      0.00      0.00
08:04:34 PM      0.00   5646.40      0.00      0.00   3121.80      0.00      0.00      0.00      0.00      0.00
08:04:39 PM      2.40   4795.20      0.60      0.60   1690.00      0.00      0.00      0.00      0.00      0.00
08:04:44 PM      6.40   5032.80   2060.80   2060.80   2049.00      0.00      0.00      0.00      0.00      0.00
08:04:49 PM      0.80    467.86    571.26    571.26    117.56      0.00      0.00      0.00      0.00      0.00
08:04:54 PM  36396.80   5726.40   9096.80   9096.80   2011.60      0.00      0.00      0.00      0.00      0.00
08:04:59 PM    156.00  40555.20  20156.80  20156.60  10219.40  10177.20      0.00  10146.00      0.00      0.00
08:05:04 PM      0.80      0.00      0.40      0.40      0.80      0.00      0.00      0.00      0.00      0.00
08:05:09 PM      0.00   2700.00      0.00      0.00    688.80      0.00      0.00      0.00      0.00      0.00
08:05:14 PM      0.00   5644.00      0.00      0.00   1414.80      0.00      0.00      0.00      0.00      0.00
08:05:19 PM   3146.40   5370.40    786.60    786.60   1413.40      0.00      0.00      0.00      0.00      0.00
08:05:24 PM      0.00   8544.80      0.00      0.00   2859.40      0.00      0.00      0.00      0.00      0.00
08:05:29 PM     22.40   7680.00      0.00      0.00   1896.20      0.00      0.00      0.00      0.00      0.00
08:05:34 PM     52.00   5113.60      0.60     13.00   2097.60      0.00      0.00      0.00      0.00      0.00
08:05:39 PM      1.60   7782.40      0.40      0.40   1949.60      0.00      0.00      0.00      0.00      0.00
08:05:44 PM     37.60   4056.80      0.00      9.40   2298.80      0.00      0.00      0.00      0.00      0.00
08:05:49 PM   7288.00   1468.80   1822.00   1822.00    371.40      0.00      0.00      0.00      0.00      0.00
08:05:54 PM    424.00   3361.60     38.00     35.40   2487.80      0.00      0.00      0.00      0.00      0.00
08:05:59 PM      0.00   6462.40      0.00      0.00   1639.60      0.00      0.00      0.00      0.00      0.00
08:06:04 PM     32.00   5889.60      0.00      0.00   2349.20      0.00      0.00      0.00      0.00      0.00
08:06:09 PM 177393.60 121656.80  44348.20  44348.00  30896.60  30439.00      0.00  30413.40      0.00      0.00
08:06:14 PM     82.40   5388.00      0.20     20.40   2898.60      0.00      0.00      0.00      0.00      0.00
08:06:19 PM   3256.00   6354.40    814.00    814.00   2161.00      0.00      0.00      0.00      0.00      0.00
08:06:24 PM      1.60   6364.80      0.40      0.40   2790.80      0.00      0.00      0.00      0.00      0.00
08:06:29 PM    504.00   1440.80     19.20     15.80    485.80      0.00      0.00      0.00      0.00      0.00
08:06:34 PM     32.80   2464.00      5.00      4.60   2124.60      0.00      0.00      0.00      0.00      0.00
08:06:39 PM     12.80    411.20      0.00      0.00     61.20      0.00      0.00      0.00      0.00      0.00
08:06:44 PM     76.80    810.40      0.60     19.20   2315.60      0.00      0.00      0.00      0.00      0.00
08:06:49 PM   5366.40   2552.80   1341.60   1341.60   1352.40      0.00      0.00      0.00      0.00      0.00
08:06:54 PM     22.40   5055.20      0.00      5.60   2490.80      0.00      0.00      0.00      0.00      0.00
08:06:59 PM 158355.20  53504.80  39588.80  39588.80  31529.00  30412.80      0.00  30412.80      0.00      0.00
08:07:04 PM     85.60   6042.40      0.00     21.40   2169.40      0.00      0.00      0.00      0.00      0.00
08:07:09 PM      1.60   5800.00      0.40      0.40   1554.20      0.00      0.00      0.00      0.00      0.00
08:07:14 PM    383.20   7419.20      6.00     17.80   2751.40      0.00      0.00      0.00      0.00      0.00
08:07:19 PM  11701.60   3525.60   2747.60   2747.60    990.60      0.00      0.00      0.00      0.00      0.00
08:07:24 PM   4960.80   8164.00   1239.40   1129.20   4257.40      0.00      0.00      0.00      0.00      0.00
08:07:29 PM      2.40   2837.60      1.20      0.60    939.40      0.00      0.00      0.00      0.00      0.00
08:07:34 PM     66.40   4500.80      7.60      2.00   2912.40      0.00      0.00      0.00      0.00      0.00
08:07:39 PM    179.20   1856.80      3.40      0.40    882.60      0.00      0.00      0.00      0.00      0.00
08:07:44 PM      0.00   1196.80      1.80      0.00    917.80      0.00      0.00      0.00      0.00      0.00
08:07:49 PM      0.00   5231.20      0.00      0.00   1829.60      0.00      0.00      0.00      0.00      0.00
08:07:54 PM    392.80   9518.40     18.20     31.40   3275.80      0.00      0.00      0.00      0.00      0.00
08:07:59 PM   6798.40   8024.80   1699.60   1699.60   2971.00      0.00      0.00      0.00      0.00      0.00
08:08:04 PM      0.00    628.80      0.00      0.00    165.60      0.00      0.00      0.00      0.00      0.00
08:08:09 PM      6.40   2060.00      0.00      0.00   1371.20      0.00      0.00      0.00      0.00      0.00
08:08:14 PM      0.80   6900.80      0.00      0.00   1819.20      0.00      0.00      0.00      0.00      0.00
08:08:19 PM      0.00   3596.80      0.00      0.00   1546.00      0.00      0.00      0.00      0.00      0.00
08:08:24 PM     16.80   4983.20      1.60      1.60   1389.20      0.00      0.00      0.00      0.00      0.00
08:08:29 PM  14660.00   4964.00   3664.20   3665.00   2785.80      0.00      0.00      0.00      0.00      0.00
08:08:34 PM     13.60   3782.40      0.40      0.20   1060.20      0.00      0.00      0.00      0.00      0.00
08:08:39 PM     30.40   3167.20      0.20      0.40   1668.80      0.00      0.00      0.00      0.00      0.00
08:08:44 PM    132.00   2901.60      9.20      7.60    863.60      0.00      0.00      0.00      0.00      0.00
08:08:49 PM     16.00   3712.00      1.80      2.00   1467.00      0.00      0.00      0.00      0.00      0.00
08:08:54 PM      0.00   1337.33      0.00      0.00    447.11      0.00      0.00      0.00      0.00      0.00
08:08:59 PM  50541.60   4478.40  12829.80  12829.40   2256.20      0.00      0.00      0.00      0.00      0.00
08:09:04 PM     11.20   4612.00      2.80      2.80   1714.00      0.00      0.00      0.00      0.00      0.00
08:09:09 PM      3.20   1416.80      0.00      0.80   1462.60      0.00      0.00      0.00      0.00      0.00
08:09:14 PM   1522.40  10754.40    313.80     27.40   3447.00      0.00      0.00      0.00      0.00      0.00
08:09:19 PM     95.20   2784.80      0.60     23.80   1458.40      0.00      0.00      0.00      0.00      0.00
08:09:24 PM      9.60   2978.40      0.40      0.40    782.80      0.00      0.00      0.00      0.00      0.00
08:09:29 PM  10232.00   1153.60   2553.40   2558.00    617.40      0.00      0.00      0.00      0.00      0.00
08:09:34 PM     17.60   2452.00      4.40      4.40    714.60      0.00      0.00      0.00      0.00      0.00
08:09:39 PM      0.00    463.20      0.00      0.00    119.80      0.00      0.00      0.00      0.00      0.00
08:09:44 PM     24.00   1341.60      6.20      6.00    338.20      0.00      0.00      0.00      0.00      0.00
08:09:49 PM     22.40   6418.40      0.00      0.00   2544.20      0.00      0.00      0.00      0.00      0.00
08:09:54 PM    394.40   3968.80     39.40     38.80   1239.40      0.00      0.00      0.00      0.00      0.00
08:09:59 PM      0.00    496.80      0.00      0.00    190.60      0.00      0.00      0.00      0.00      0.00
08:10:04 PM   6432.00    873.60   1608.00   1608.00    506.00      0.00      0.00      0.00      0.00      0.00
08:10:09 PM     84.80  51544.00  34220.80  34220.00  17484.00  13057.20   3618.40  16628.40      0.00      0.00
08:10:14 PM      2.40   8714.40      0.60      0.60   2186.80   2176.00      0.00   2188.80      0.00      0.00
08:10:19 PM      0.80     32.00      0.20      0.20      3.80      0.00      0.00      0.00      0.00      0.00
08:10:24 PM     12.80    104.80      0.60      0.60      4.00      0.00      0.00      0.00      0.00      0.00
08:10:29 PM      0.00      4.00      0.00      0.00      3.80      0.00      0.00      0.00      0.00      0.00
08:10:34 PM   1597.60      0.00    399.40    399.40     99.60      0.00      0.00      0.00      0.00      0.00
08:10:39 PM      0.00      0.00      0.00      0.00    413.60      0.00      0.00      0.00      0.00      0.00
08:10:44 PM      0.00      0.00      0.00      0.00      3.80      0.00      0.00      0.00      0.00      0.00
08:10:49 PM      0.00      0.00      0.00      0.00      4.00      0.00      0.00      0.00      0.00      0.00
08:10:54 PM      0.00     32.00      0.00      0.00      3.80      0.00      0.00      0.00      0.00      0.00
08:10:59 PM      0.00    124.00      0.00      0.00      4.20      0.00      0.00      0.00      0.00      0.00
08:11:04 PM      0.00      4.00      0.00      0.00      0.40      0.00      0.00      0.00      0.00      0.00
08:11:09 PM  81344.80  65433.60  20336.40  20336.20  23212.20  15206.40   1154.40  16358.60      0.00      0.00
08:11:14 PM      2.40   7739.20      0.60      0.60   1976.00      0.00      0.00      0.00      0.00      0.00
08:11:19 PM      0.00     31.20      0.00      0.00     11.60      0.00      0.00      0.00      0.00      0.00
08:11:24 PM      5.60    378.40      1.40      1.40     98.60      0.00      0.00      0.00      0.00      0.00
08:11:29 PM      0.80     32.00      0.20      0.20      3.80      0.00      0.00      0.00      0.00      0.00
08:11:34 PM     32.00   4005.60      0.00      0.00    983.60      0.00      0.00      0.00      0.00      0.00
08:11:39 PM   1542.40   5267.20    385.60    385.60   1398.20      0.00      0.00      0.00      0.00      0.00
08:11:44 PM      1.60  11536.00      0.40      0.40   2896.60      0.00      0.00      0.00      0.00      0.00
08:11:49 PM      0.00   2999.20      0.00      0.00    815.20      0.00      0.00      0.00      0.00      0.00
08:11:54 PM    533.60   1332.00     25.60     24.80    339.60      0.00      0.00      0.00      0.00      0.00
08:11:59 PM      0.00   4368.80      0.00      0.00   1098.20      0.00      0.00      0.00      0.00      0.00
08:12:04 PM      7.20   2885.60      0.00      1.80    922.20      0.00      0.00      0.00      0.00      0.00
08:12:09 PM   4516.80   2816.00   1115.80   1115.60   1004.20      0.00      0.00      0.00      0.00      0.00
08:12:14 PM    884.80   5350.40    209.80    220.40   1806.40      0.00      0.00      0.00      0.00      0.00
08:12:19 PM      4.00      0.00      1.60      1.00      4.80      0.00      0.00      0.00      0.00      0.00
08:12:24 PM     48.00      0.00     11.00      3.00      6.60      0.00      0.00      0.00      0.00      0.00
08:12:29 PM      0.00      0.00      0.40      0.40      4.20      0.00      0.00      0.00      0.00      0.00
08:12:34 PM     32.00     66.40      6.60      5.60    105.20      0.00      0.00      0.00      0.00      0.00
08:12:39 PM      0.00     64.00      0.00      0.00      6.20      0.00      0.00      0.00      0.00      0.00
08:12:44 PM     36.00   2145.60      0.20      0.20    541.60      0.00      0.00      0.00      0.00      0.00
08:12:49 PM     10.40   4503.20      0.20      0.20   1131.00      0.00      0.00      0.00      0.00      0.00
08:12:54 PM    295.20    291.20      2.40      2.40     82.00      0.00      0.00      0.00      0.00      0.00
08:12:59 PM    240.32      0.00     60.08     60.08      8.98      0.00      0.00      0.00      0.00      0.00
08:13:04 PM  81306.40  50184.00  20322.80  20326.80  12764.00  10188.80   2410.80  12550.40      0.00      0.00
08:13:09 PM   7916.80      1.60   1979.60   1979.20      6.60      0.00      0.00      0.00      0.00      0.00
08:13:14 PM      0.00     32.00      0.00      0.00      4.00      0.00      0.00      0.00      0.00      0.00
08:13:19 PM     32.00    136.80      0.00      0.00      4.20      0.00      0.00      0.00      0.00      0.00
08:13:24 PM      4.80      4.80      1.20      1.20      3.80      0.00      0.00      0.00      0.00      0.00
08:13:29 PM      0.00      0.00      0.00      0.00      4.00      0.00      0.00      0.00      0.00      0.00
08:13:34 PM      0.00      0.00      0.00      0.00      0.40      0.00      0.00      0.00      0.00      0.00
08:13:39 PM      0.00      0.00      0.00      0.00      4.00      0.00      0.00      0.00      0.00      0.00
08:13:44 PM    303.20      0.00     12.80     12.00     22.40      0.00      0.00      0.00      0.00      0.00
08:13:49 PM      0.00     32.00      0.00      0.00      4.00      0.00      0.00      0.00      0.00      0.00
08:13:54 PM     12.00    104.80      1.20      3.00    106.40      0.00      0.00      0.00      0.00      0.00
08:13:59 PM      0.80      5.60      0.20      0.20      4.60      0.00      0.00      0.00      0.00      0.00
08:14:04 PM      0.00      0.00      0.00      0.00      0.60      0.00      0.00      0.00      0.00      0.00
08:14:09 PM      0.00      0.00      0.00      0.00      3.80      0.00      0.00      0.00      0.00      0.00
08:14:14 PM 156569.60 103083.20  39142.60  39142.40  42316.60  35481.60   1398.60  36878.00      0.00      0.00
08:14:19 PM   1423.20   5156.80    294.60     10.20   1656.80      0.00      0.00      0.00      0.00      0.00
08:14:24 PM      0.00    199.20      0.00      0.00   1394.20      0.00      0.00      0.00      0.00      0.00
08:14:29 PM     19.20   2500.80      0.00      0.00    629.40      0.00      0.00      0.00      0.00      0.00
08:14:34 PM      0.00      1.60      0.00      0.00   1427.80      0.00      0.00      0.00      0.00      0.00
08:14:39 PM      0.00      5.60      0.00      0.00      7.00      0.00      0.00      0.00      0.00      0.00
08:14:44 PM      8.80   4555.20      2.20      2.20   2696.80      0.00      0.00      0.00      0.00      0.00
08:14:49 PM      9.60    413.60      0.00      0.00    107.40      0.00      0.00      0.00      0.00      0.00
08:14:54 PM      0.80    284.00     60.00     60.00   1226.00      0.00      0.00      0.00      0.00      0.00
08:14:59 PM      4.00      4.80      1.00      1.00      8.40      0.00      0.00      0.00      0.00      0.00
08:15:04 PM      0.00      0.00      0.00      0.00      0.40      0.00      0.00      0.00      0.00      0.00
08:15:09 PM  56908.80  74702.40  22426.40  22426.40  21130.60  12326.40   7220.00  19436.80      0.00      0.00
08:15:14 PM 104897.60 151737.60  29915.20  29915.00  38121.60  33318.40   4683.20  37994.60      0.00      0.00
08:15:19 PM     12.80   1981.60      0.00      0.00    481.20      0.00      0.00      0.00      0.00      0.00
08:15:24 PM      1.60      0.00      0.40      0.40      4.60      0.00      0.00      0.00      0.00      0.00
08:15:29 PM     83.20   2660.00      5.00      1.20    690.80      0.00      0.00      0.00      0.00      0.00
08:15:34 PM     53.60   2185.60      7.00      3.20    554.80      0.00      0.00      0.00      0.00      0.00
08:15:39 PM      0.00      4.00      0.00      0.00      5.60      0.00      0.00      0.00      0.00      0.00
08:15:44 PM     19.20   2264.00      3.00      1.60    634.80      0.00      0.00      0.00      0.00      0.00
08:15:49 PM      3.20      4.00      0.20      0.00      3.80      0.00      0.00      0.00      0.00      0.00
08:15:54 PM    515.20      0.00     19.80     19.00      5.60      0.00      0.00      0.00      0.00      0.00
08:15:59 PM    265.60   3084.80     63.00     62.80    804.80      0.00      0.00      0.00      0.00      0.00
08:16:04 PM      0.00   4383.20      0.00      0.00   1299.60      0.00      0.00      0.00      0.00      0.00
08:16:09 PM     25.60   2986.40      0.00      0.00    918.20      0.00      0.00      0.00      0.00      0.00
08:16:14 PM      0.00   3149.60      0.00      0.00   1059.60      0.00      0.00      0.00      0.00      0.00
08:16:19 PM     98.40   1168.80      1.20      0.80    342.60      0.00      0.00      0.00      0.00      0.00
08:16:24 PM      9.60      5.60      2.40      1.60      3.80      0.00      0.00      0.00      0.00      0.00
08:16:29 PM      0.00      0.00    639.60    639.60      4.40      0.00      0.00      0.00      0.00      0.00
08:16:34 PM      0.80   2822.40      0.20      0.20    706.20      0.00      0.00      0.00      0.00      0.00
08:16:39 PM      0.00     17.60      0.00      0.00     10.60      0.00      0.00      0.00      0.00      0.00
08:16:44 PM     16.00      2.40      0.40      0.20      4.40      0.00      0.00      0.00      0.00      0.00
08:16:49 PM      6.40    407.20      2.20      1.60    156.80      0.00      0.00      0.00      0.00      0.00
08:16:54 PM     48.00    162.40      0.40      0.20      8.80      0.00      0.00      0.00      0.00      0.00
08:16:59 PM      0.00   4806.40      0.00      0.00   1256.60      0.00      0.00      0.00      0.00      0.00
08:17:04 PM   1252.80   2343.20    313.20    313.20    592.40      0.00      0.00      0.00      0.00      0.00
08:17:09 PM     86.40   2626.40      0.80     18.00   1189.40      0.00      0.00      0.00      0.00      0.00
08:17:14 PM  25058.40   3772.00   6206.40   6204.00   1604.80      0.00      0.00      0.00      0.00      0.00
08:17:19 PM     33.53   4815.17      0.60      8.38   1375.25      0.00      0.00      0.00      0.00      0.00
08:17:24 PM     48.00     64.00     13.20      4.80      5.80      0.00      0.00      0.00      0.00      0.00
08:17:29 PM     22.40    139.20      0.40      0.80    109.40      0.00      0.00      0.00      0.00      0.00
08:17:34 PM      4.80    361.60    884.40    883.60     89.20      0.00      0.00      0.00      0.00      0.00
08:17:39 PM     14.40   1488.80      7.60      1.00    387.40      0.00      0.00      0.00      0.00      0.00
08:17:44 PM      0.80    295.20      0.20      0.20     78.40      0.00      0.00      0.00      0.00      0.00
08:17:49 PM      0.00      1.60      0.00      0.00      4.60      0.00      0.00      0.00      0.00      0.00
08:17:54 PM    100.80     26.40     27.60     26.60      9.80      0.00      0.00      0.00      0.00      0.00
08:17:59 PM     48.80   7025.60      0.00      5.80   1930.00      0.00      0.00      0.00      0.00      0.00
08:18:04 PM      0.00   1374.40      0.00      0.00    350.20      0.00      0.00      0.00      0.00      0.00
08:18:09 PM   2925.60   1476.80    702.80    731.40    979.80      0.00      0.00      0.00      0.00      0.00
08:18:14 PM  77347.20  29469.60  19336.60  19336.60  10562.60   6260.00   1164.40   7384.00      0.00      0.00
08:18:19 PM 164083.20 152208.00  41020.80  41020.80  46338.00  34316.80   3822.00  38135.20      0.00      0.00
08:18:24 PM      0.00      0.00      0.20      0.00      3.80      0.00      0.00      0.00      0.00      0.00
08:18:29 PM      0.00      0.00      0.00      0.00   1375.00      0.00      0.00      0.00      0.00      0.00
08:18:34 PM      0.00      0.00      0.00      0.00      0.60      0.00      0.00      0.00      0.00      0.00
08:18:39 PM   1292.80     98.40    322.40    322.40     96.00      0.00      0.00      0.00      0.00      0.00
08:18:44 PM     67.20      0.00      1.40      0.80   1572.40      0.00      0.00      0.00      0.00      0.00
08:18:49 PM      0.00      0.00      0.00      0.00      3.80      0.00      0.00      0.00      0.00      0.00
08:18:54 PM      0.00      4.00      0.00      0.00   1543.40      0.00      0.00      0.00      0.00      0.00
08:18:59 PM      0.00      0.00      0.00      0.00      3.80      0.00      0.00      0.00      0.00      0.00
08:19:04 PM      1.60    358.40      0.40      0.40   1613.40      0.00      0.00     90.00      0.00      0.00
08:19:09 PM      0.80      0.00      0.20      0.20      3.80      0.00      0.00      0.00      0.00      0.00
08:19:14 PM  42591.20  38891.20  10647.80  10647.80  11473.00   9792.00      0.00   9756.80      0.00      0.00
08:19:19 PM 338910.40 368387.20  84806.40  84522.60 103671.00  88761.40  32092.40  92460.20      0.00      0.00
08:19:24 PM     99.20    149.60      0.40     22.40    825.40      0.00      0.00      0.00      0.00      0.00
08:19:29 PM      0.00      4.80      0.00      0.00      4.00      0.00      0.00      0.00      0.00      0.00
08:19:34 PM     97.60      0.00      0.00     24.40    825.20      0.00      0.00      0.00      0.00      0.00
08:19:39 PM      0.00      0.00      0.00      0.00      4.00      0.00      0.00      0.00      0.00      0.00
08:19:44 PM     99.20      0.00      0.00     24.80   1080.20      0.00      0.00      0.00      0.00      0.00
08:19:49 PM      0.00      0.00      0.00      0.00      3.80      0.00      0.00      0.00      0.00      0.00
08:19:54 PM    117.60     32.00      5.60     29.40   1601.60      0.00      0.00      0.00      0.00      0.00
08:19:59 PM      0.00    104.80      0.00      0.00      3.80      0.00      0.00      0.00      0.00      0.00
08:20:04 PM     92.80      4.00      0.00     23.20   1590.60      0.00      0.00      0.00      0.00      0.00
08:20:09 PM      5.60  46996.00   9696.40      1.40  14436.40  79536.20  11203.00  14097.40      0.00      0.00
08:20:14 PM    124.80    358.40      0.20     24.20   1609.80      0.00      0.00     89.80      0.00      0.00
08:20:19 PM    128.80      0.00      0.20      0.20  12384.40      0.00      0.00      0.00      0.00      0.00
08:20:24 PM     92.80   2136.00      0.00     23.20   1363.00      0.00      0.00      0.00      0.00      0.00
08:20:29 PM      0.00   4955.20      0.00      0.00   1237.40      0.00      0.00      0.00      0.00      0.00
08:20:34 PM    168.80   2184.00      0.00     35.00   1339.40      0.00      0.00      0.00      0.00      0.00
08:20:39 PM      3.20   5489.60      0.00      0.00   1377.60      0.00      0.00      0.00      0.00      0.00
08:20:44 PM    144.80   5388.00      0.00     36.20   2175.20      0.00      0.00      0.00      0.00      0.00
08:20:49 PM   2181.60   1272.00    545.40    545.40    345.40      0.00      0.00      0.00      0.00      0.00
08:20:54 PM    525.60   3688.00      0.20     41.60   2539.00      0.00      0.00      0.00      0.00      0.00
08:20:59 PM      0.80   3828.80      0.20      0.20   1152.40      0.00      0.00      0.00      0.00      0.00
08:21:04 PM  25680.00   2342.40   6382.20   6418.40   2978.80      0.00      0.00      0.00      0.00      0.00
08:21:09 PM      1.60    189.60      0.40      0.40    659.60      0.00      0.00      0.00      0.00      0.00
08:21:14 PM    133.60      5.60      0.00     32.60    722.40      0.00      0.00      0.00      0.00      0.00
08:21:19 PM  43258.28      0.00  11055.09  10850.70   2320.96      0.00      0.00      0.00      0.00      0.00
08:21:24 PM     83.20      0.00   1570.60   1591.40   2144.20      0.00      0.00      0.00      0.00      0.00
08:21:29 PM      0.00      0.00      0.00      0.00      3.80      0.00      0.00      0.00      0.00      0.00
08:21:34 PM     86.40      0.00      0.00     21.60    308.00      0.00      0.00      0.00      0.00      0.00
08:21:39 PM      0.00     32.00      0.00      0.00      3.80      0.00      0.00      0.00      0.00      0.00
08:21:44 PM    186.40   2563.20      0.00     46.60   1797.60      0.00      0.00      0.00      0.00      0.00
08:21:49 PM      0.00   1692.80      0.00      0.00    934.20      0.00      0.00      0.00      0.00      0.00
08:21:54 PM    738.40    128.00    149.80    185.40    956.20      0.00      0.00      0.00      0.00      0.00
08:21:59 PM      0.00   3407.20      0.00      0.00   1527.20      0.00      0.00      0.00      0.00      0.00
08:22:04 PM    228.00   5300.80      0.40     57.00   2308.00      0.00      0.00      0.00      0.00      0.00
08:22:09 PM      0.80    174.40      0.20      0.20     48.40      0.00      0.00      0.00      0.00      0.00
08:22:14 PM     88.80   5428.80      2.60      2.80   1525.80      0.00      0.00      0.00      0.00      0.00
08:22:19 PM 115444.00   8836.00  28810.40  28858.40  21637.20  33721.80      0.00  10818.80      0.00      0.00
08:22:24 PM  71320.00  18942.40  17012.00  17002.80  20432.00  18036.20    314.20  15940.80      0.00      0.00
08:22:29 PM   2198.40      0.00    475.20    474.80   1145.40      0.00      0.00      0.00      0.00      0.00
08:22:34 PM   2250.40      0.00    563.00    562.60     19.40      0.00      0.00      0.00      0.00      0.00
08:22:39 PM     95.20     39.20      0.80      0.40   1636.40      0.00      0.00      0.00      0.00      0.00
08:22:44 PM      0.80      0.00      0.20      0.20      3.80      0.00      0.00      0.00      0.00      0.00
08:22:49 PM      0.00     64.00      0.00      0.00   1632.80      0.00      0.00      0.00      0.00      0.00
08:22:54 PM    182.40    149.60      1.00      0.80      9.40      0.00      0.00      0.00      0.00      0.00
08:22:59 PM      0.00      5.60      0.00      0.00   1634.80      0.00      0.00      0.00      0.00      0.00
08:23:04 PM      0.00      0.00      0.00      0.00      0.60      0.00      0.00      0.00      0.00      0.00
08:23:09 PM      0.80      0.00      0.20      0.20   1662.60      0.00      0.00      0.00      0.00      0.00
08:23:14 PM      0.00      0.00      0.00      0.00      4.00      0.00      0.00      0.00      0.00      0.00
08:23:19 PM      0.00      0.00      0.00      0.00   1659.40      0.00      0.00      0.00      0.00      0.00
08:23:24 PM      3.20 107734.40  29693.20  29692.80  33616.60  24535.20   9715.00  33555.00      0.00      0.00
08:23:29 PM      0.80   5650.40      0.20      0.20   1394.60   1382.40      0.00   1395.20      0.00      0.00
08:23:34 PM      0.00   7006.40      0.00      0.00   1811.40      0.00      0.00      0.00      0.00      0.00
08:23:39 PM      2.40   1881.60      0.60      0.60    478.00      0.00      0.00      0.00      0.00      0.00
08:23:44 PM    803.20   6220.00      6.20      4.40   1600.80      0.00      0.00      0.00      0.00      0.00
08:23:49 PM      0.00    296.80      0.00      0.00     91.40      0.00      0.00      0.00      0.00      0.00
08:23:54 PM   4094.40   5296.00   1009.20   1008.00   1432.20      0.00      0.00      0.00      0.00      0.00
08:23:59 PM      0.80   5531.20      0.20      0.20   1399.20      0.00      0.00      0.00      0.00      0.00
08:24:04 PM     16.00   9484.00      0.00      0.00   2372.40      0.00      0.00      0.00      0.00      0.00
08:24:09 PM    115.20  10432.00      0.40      0.40   2628.60      0.00      0.00      0.00      0.00      0.00
08:24:14 PM      0.80   4604.00      0.00      0.00   1155.20      0.00      0.00      0.00      0.00      0.00
08:24:19 PM   1288.00   4434.40    292.20      5.00   1378.20      0.00      0.00      0.00      0.00      0.00
08:24:24 PM   4500.00    468.00   1125.20   1125.00    146.40      0.00      0.00      0.00      0.00      0.00
08:24:29 PM     16.00    418.40      0.20      0.20    109.00      0.00      0.00      0.00      0.00      0.00
08:24:34 PM      0.00     65.60      0.00      0.00     13.80      0.00      0.00      0.00      0.00      0.00
08:24:39 PM      3.20    112.80      0.80      0.80      6.00      0.00      0.00      0.00      0.00      0.00
08:24:44 PM     11.20   6558.40      2.80      2.80   1673.60      0.00      0.00      0.00      0.00      0.00
08:24:49 PM      0.00   5385.60      0.00      0.00   1445.00      0.00      0.00      0.00      0.00      0.00
08:24:54 PM   7370.40   3631.20   1460.40   1459.40   1048.80      0.00      0.00      0.00      0.00      0.00
08:24:59 PM      0.00   3555.20      1.20      0.00    930.20      0.00      0.00      0.00      0.00      0.00
08:25:04 PM    101.60   4035.20      3.80      1.40   1251.80      0.00      0.00      0.00      0.00      0.00
08:25:09 PM    180.80    984.00      6.80      5.00    313.40      0.00      0.00      0.00      0.00      0.00
08:25:14 PM     50.40   2601.60      0.40      0.20    661.80      0.00      0.00      0.00      0.00      0.00
08:25:19 PM      2.40   2927.20      0.60      0.60    755.20      0.00      0.00      0.00      0.00      0.00
08:25:24 PM   6687.20    359.20   1462.80   1462.20    199.00      0.00      0.00      0.00      0.00      0.00
08:25:29 PM  17191.20   5792.80   4278.80   4279.20   1820.20      0.00      0.00      0.00      0.00      0.00
08:25:34 PM    893.60     38.40     10.20      8.80     90.00      0.00      0.00      0.00      0.00      0.00
08:25:39 PM     80.80     12.80      3.40      2.00      8.40      0.00      0.00      0.00      0.00      0.00
08:25:44 PM      1.60     36.00      1.00      0.40      5.00      0.00      0.00      0.00      0.00      0.00
08:25:49 PM     12.80    892.00      0.00      0.00    209.80      0.00      0.00      0.00      0.00      0.00
08:25:54 PM   2774.40    373.60    629.80    623.80    100.00      0.00      0.00      0.00      0.00      0.00
08:25:59 PM     20.00   4256.80      5.00      5.00   1131.80      0.00      0.00      0.00      0.00      0.00
08:26:04 PM    703.20   1321.60      4.80      1.00    419.00      0.00      0.00      0.00      0.00      0.00
08:26:09 PM    231.20   3880.00      2.40      2.40   1040.20      0.00      0.00      0.00      0.00      0.00
08:26:14 PM     85.60   2672.80      0.60      0.40    773.80      0.00      0.00      0.00      0.00      0.00
08:26:19 PM      0.80    523.20      0.20      0.20    128.80      0.00      0.00      0.00      0.00      0.00
08:26:24 PM 143420.00  65173.60  35916.20  35841.80  20718.00  12978.60   1958.40  14610.80      0.00      0.00
08:26:29 PM  39741.60  56915.20   9716.40   9715.80  15485.80  12796.80   1446.40  14191.60      0.00      0.00
08:26:34 PM      0.80     41.60      0.00      0.20    937.00      0.00      0.00      0.00      0.00      0.00
08:26:39 PM      1.60      0.00      0.40      0.40      4.00      0.00      0.00      0.00      0.00      0.00
08:26:44 PM      0.80      0.00      0.00      0.20   1807.40      0.00      0.00      0.00      0.00      0.00
08:26:49 PM      0.00      0.00      0.00      0.00      4.00      0.00      0.00      0.00      0.00      0.00
08:26:54 PM      2.40     32.00      0.60      0.60   1520.00      0.00      0.00      0.00      0.00      0.00
08:26:59 PM      0.00    104.80      0.00      0.00      7.80      0.00      0.00      0.00      0.00      0.00
08:27:04 PM      0.80      4.00      0.00      0.20   1615.00      0.00      0.00      0.00      0.00      0.00
08:27:09 PM    176.00      0.00      0.80      0.80      5.00      0.00      0.00      0.00      0.00      0.00
08:27:14 PM    484.00      0.00     11.60      7.60   1635.20      0.00      0.00      0.00      0.00      0.00
08:27:19 PM    450.40      0.00      9.20      0.80      5.60      0.00      0.00      0.00      0.00      0.00
08:27:24 PM     26.40    358.40      8.00      7.00   1751.00      0.00      0.00     89.60      0.00      0.00
08:27:29 PM  81891.20  60889.60  20394.40  20393.80  20911.80  15206.60      0.00  15206.60      0.00      0.00
08:27:34 PM     32.80    143.20      0.20      0.20      7.80      0.00      0.00      0.00      0.00      0.00
08:27:39 PM    117.60     45.60      1.20      0.20     11.00      0.00      0.00      0.00      0.00      0.00
08:27:44 PM      0.00      0.00      0.00      0.00      4.00      0.00      0.00      0.00      0.00      0.00
08:27:49 PM      0.00      0.00      0.00      0.00      4.00      0.00      0.00      0.00      0.00      0.00
08:27:54 PM    288.22      0.00     37.13     33.93     11.98      0.00      0.00      0.00      0.00      0.00
08:27:59 PM      0.00      0.00      0.00      0.00      4.00      0.00      0.00      0.00      0.00      0.00
08:28:04 PM      0.00    136.80      0.00      0.00      0.40      0.00      0.00      0.00      0.00      0.00
08:28:09 PM      0.00      0.00      0.00      0.00      4.00      0.00      0.00      0.00      0.00      0.00
08:28:14 PM      0.00      5.60      0.00      0.00      3.80      0.00      0.00      0.00      0.00      0.00
08:28:19 PM      0.00      0.00      0.00      0.00      4.00      0.00      0.00      0.00      0.00      0.00
08:28:24 PM      0.00      0.00      0.00      0.00      4.00      0.00      0.00      0.00      0.00      0.00
08:28:29 PM      1.60      0.00      0.80      0.40      3.80      0.00      0.00      0.00      0.00      0.00
08:28:34 PM      0.00      0.00      0.00      0.00      0.60      0.00      0.00      0.00      0.00      0.00
08:28:39 PM      0.00      0.00      0.00      0.00      3.80      0.00      0.00      0.00      0.00      0.00
08:28:44 PM     30.40    156.00      2.40      1.00    314.80      0.00      0.00      0.00      0.00      0.00
08:28:49 PM      0.00      5.60      0.00      0.00      3.80      0.00      0.00      0.00      0.00      0.00
08:28:54 PM      0.00      0.00      0.00      0.00   1341.40      0.00      0.00      0.00      0.00      0.00
08:28:59 PM      0.00      0.00      0.00      0.00      3.80      0.00      0.00      0.00      0.00      0.00
08:29:04 PM      0.00      0.00      0.00      0.00      0.40      0.00      0.00      0.00      0.00      0.00
08:29:09 PM      0.00      0.00      0.00      0.00      4.00      0.00      0.00      0.00      0.00      0.00
08:29:14 PM     22.40    162.40      0.00      0.00      7.80      0.00      0.00      0.00      0.00      0.00
08:29:19 PM   1148.00      0.00    307.20     21.80    184.00      0.00      0.00      0.00      0.00      0.00
08:29:24 PM  10892.80  20279.20   2723.40   2723.00   5078.40   5069.80      0.00   5069.80      0.00      0.00
08:29:29 PM  22439.20  20311.20   5609.20   5609.20   5301.60   5068.80      0.00   5068.80      0.00      0.00
08:29:34 PM      0.00   3502.40      0.00      0.00    947.20      0.00      0.00      0.00      0.00      0.00
08:29:39 PM    534.40   2940.00    125.20    135.00   1404.60      0.00      0.00      0.00      0.00      0.00
08:29:44 PM    211.20   5210.40      1.60      0.80   1480.60      0.00      0.00      0.00      0.00      0.00
08:29:49 PM   3140.80   3133.60    770.40    785.20   1160.80      0.00      0.00      0.00      0.00      0.00
08:29:54 PM    133.60   3440.80     10.20      9.20    945.80      0.00      0.00      0.00      0.00      0.00
08:29:59 PM     36.00   6000.80      0.20      9.00   1839.80      0.00      0.00      0.00      0.00      0.00
08:30:04 PM     20.00   2180.80      1.00      0.40    606.00      0.00      0.00      0.00      0.00      0.00
08:30:09 PM   5600.80   7396.80   1826.40   1824.20   1958.00      0.00      0.00      0.00      0.00      0.00
08:30:14 PM      0.00   5207.20      0.20      0.00   1313.60      0.00      0.00      0.00      0.00      0.00
08:30:19 PM      8.00      0.00      0.20      0.20      4.00      0.00      0.00      0.00      0.00      0.00
08:30:24 PM    572.00      0.00      1.80      0.80     77.80      0.00      0.00      0.00      0.00      0.00
08:30:29 PM 292809.60 514275.20  82995.00  73087.40 128692.40  98214.60  30361.60 128563.40      0.00      0.00
08:30:34 PM 233104.00 432873.60  58246.40  58184.40 110838.00 141097.80  15616.60 110504.20      0.00      0.00
08:30:39 PM 450839.92 565855.49 111948.30 111880.24 143246.91 187525.35 108987.23 142228.94      0.00      0.00
08:30:44 PM 307328.00 424437.60  76667.80  76473.00 106999.40 146499.60  17067.80 106593.20      0.00      0.00
08:30:49 PM 171338.40 215680.00  42877.00  42816.20  55863.80  95880.00   2170.20  54813.60      0.00      0.00
08:30:54 PM 158747.20 154536.00  39184.80  38873.60  38921.60  52309.20      0.00  38504.80      0.00      0.00
08:30:59 PM 109962.40 114098.40  27598.80  27479.40  29535.40  43103.40      0.00  28470.20      0.00      0.00
08:31:04 PM  78136.00  80638.40  19609.40  19526.60  20307.60  30767.20      0.00  20021.20      0.00      0.00
08:31:09 PM  73338.40  73282.40  18440.60  18334.00  19327.40  27714.00      0.00  18246.00      0.00      0.00
08:31:14 PM 116010.40 105333.60  28925.40  27035.80  27110.60  40325.40      0.00  26306.20      0.00      0.00
08:31:19 PM  75108.00  80251.20  18808.00  18777.00  20161.40  31008.40      0.00  20058.00      0.00      0.00
08:31:24 PM  71421.60  66682.40  17885.40  17843.60  16730.40  25656.40      0.00  16633.60      0.00      0.00
08:31:29 PM  70464.80  70256.80  17644.20  17615.60  17623.00  27038.60      0.00  17542.60      0.00      0.00
08:31:34 PM  73180.80  72336.80  18317.20  18294.60  18140.60  27878.40      0.00  18051.60      0.00      0.00
08:31:39 PM  71180.80  72092.80  17824.60  17794.80  18085.20  27891.20      0.00  17999.00      0.00      0.00
08:31:44 PM  73129.60  73121.60  18311.40  18281.40  18262.60  27955.20      0.00  18179.00      0.00      0.00
08:31:49 PM  76097.60  80975.20  18906.00  18876.40  20304.60  31014.40      0.00  20228.60      0.00      0.00
08:31:54 PM  75372.00  71883.20  18761.20  18705.40  18040.00  27968.00      0.00  17935.20      0.00      0.00
08:31:59 PM 282880.80  74409.60  70740.60  70719.60  70572.40  23910.40      0.00  18603.00      0.00      0.00
08:32:04 PM 316057.60 119383.20  79044.20  79014.20  78931.20  35084.80      0.00  29816.20      0.00      0.00
08:32:09 PM 316182.40 326986.40  79065.60  79043.00  82037.80 104555.20      0.00  81793.40      0.00      0.00
08:32:14 PM 193596.00 165423.20  48387.00  48330.80  46680.60  58330.00      0.00  46419.00      0.00      0.00
08:32:19 PM  92511.20  96468.80  53911.80  53852.60  53114.20  68903.00      0.00  52938.60      0.00      0.00
08:32:24 PM  74118.40  80684.00  18538.40  18498.80  20478.20  31258.00      0.00  20341.00      0.00      0.00
08:32:29 PM  72432.80  72345.60  18152.20  18108.40  18177.60  28109.20      0.00  18050.80      0.00      0.00
08:32:34 PM  72560.80  72917.60  18181.80  18139.80  18277.80  28032.40      0.00  18161.60      0.00      0.00
08:32:39 PM  70810.40  72347.20  17743.40  17701.40  18141.20  28006.80      0.00  18019.80      0.00      0.00
08:32:44 PM  73779.20  71365.60  18487.60  18445.60  17939.60  27955.60      0.00  17788.40      0.00      0.00
08:32:49 PM  73089.60  72305.60  18309.00  18271.20  18154.20  28006.80      0.00  18023.20      0.00      0.00
08:32:54 PM  73021.60  73353.60  18288.20  18237.80  18356.60  27981.20      0.00  18256.60      0.00      0.00
08:32:59 PM  74763.20  72710.40  18602.80  18564.00  18226.60  27955.60      0.00  18127.20      0.00      0.00
08:33:04 PM  71543.20  72775.20  17923.20  17881.00  18202.40  28006.40      0.00  18155.80      0.00      0.00
08:33:09 PM  70588.00  73169.60  17680.00  17643.00  18336.80  27942.40      0.00  18245.60      0.00      0.00
08:33:14 PM  74071.20  73264.80  18550.60  18512.40  18400.80  27981.40      0.00  18272.80      0.00      0.00
08:33:19 PM  73732.80  72990.40  18468.20  18432.20  18267.80  28006.60      0.00  18181.80      0.00      0.00
08:33:24 PM  73760.00  72619.20  18472.40  18435.20  18193.60  27981.40      0.00  18103.20      0.00      0.00
08:33:29 PM  75664.00  73406.40  18962.40  18912.00  18369.00  27968.60      0.00  18283.80      0.00      0.00
08:33:34 PM  75662.40  73100.80  18951.80  18911.80  18338.20  28019.80      0.00  18251.40      0.00      0.00
08:33:39 PM  75136.00  85604.00  18818.00  18779.20  21432.20  32652.80      0.00  21340.00      0.00      0.00
08:33:44 PM  75303.20  72956.00  18820.40  18782.00  18661.20  27994.20      0.00  18119.00      0.00      0.00
08:33:49 PM  72869.60  69218.40  18244.40  18213.00  17361.40  26662.40      0.00  17276.00      0.00      0.00
08:33:54 PM  71628.80  75992.00  17934.60  17908.80  19002.60  29350.60      0.00  18917.00      0.00      0.00
08:33:59 PM  71243.20  68076.00  17845.20  17806.40  17065.60  26240.20      0.00  16980.00      0.00      0.00
08:34:04 PM  77103.20  76656.80  19304.40  19272.20  19209.80  29837.00      0.00  19128.40      0.00      0.00
08:34:09 PM  72975.20  73259.20  18271.40  18241.00  18362.00  28096.00      0.00  18272.00      0.00      0.00
08:34:14 PM  74108.00  72897.60  18557.40  18525.40  18289.20  28109.00      0.00  18199.80      0.00      0.00
08:34:19 PM  82612.80  80833.60  24600.20  24565.00  22682.20  32794.00      0.00  22585.40      0.00      0.00
08:34:24 PM  76361.60  85096.00  19020.20  18712.80  21478.00  32717.20      0.00  21262.60      0.00      0.00
08:34:29 PM  71914.40  72277.60  18007.60  17975.00  18090.60  28057.80      0.00  18014.20      0.00      0.00
08:34:34 PM  74902.40  72074.40  18751.00  18723.60  18059.00  28070.80      0.00  17981.80      0.00      0.00
08:34:39 PM  77760.80  73297.60  19463.60  19436.20  18381.80  28083.40      0.00  18297.40      0.00      0.00
08:34:44 PM  71365.60  73382.40  17864.80  17838.00  18321.20  28032.40      0.00  18244.40      0.00      0.00
08:34:49 PM  69279.20  73073.60  17354.60  17316.20  18320.00  28070.40      0.00  18280.00      0.00      0.00
08:34:54 PM  76047.20  71960.80  19033.80  19006.00  17955.80  28070.80      0.00  17951.00      0.00      0.00
08:34:59 PM  77536.80  85871.20  19406.40  19376.40  21618.40  32717.00      0.00  21190.80      0.00      0.00
08:35:04 PM  78292.00  72550.40  19595.00  19568.20  18130.80  28019.60      0.00  18130.40      0.00      0.00
08:35:09 PM  77600.80  78576.00  19421.80  19395.80  19581.00  30566.80      0.00  19577.00      0.00      0.00
08:35:14 PM  72199.20  78420.80  18063.40  18046.80  19607.00  30042.00      0.00  19599.40      0.00      0.00
08:35:19 PM  72100.00  72265.60  18049.80  18024.80  18029.40  28045.00      0.00  18021.00      0.00      0.00
08:35:24 PM  76898.40  72656.00  19237.40  19222.20  18144.40  28109.20      0.00  18145.40      0.00      0.00
08:35:29 PM  75048.00  72064.00  18778.60  18760.60  18004.40  28032.20      0.00  17997.40      0.00      0.00
08:35:34 PM  72002.40  72588.80  18023.80  17999.60  18078.20  28032.40      0.00  18074.00      0.00      0.00
08:35:39 PM  76060.00  72568.80  19034.00  19015.20  18130.60  28032.20      0.00  18113.60      0.00      0.00
08:35:44 PM  71156.00  74280.00  17806.80  17785.40  18566.00  28019.80      0.00  18552.80      0.00      0.00
08:35:49 PM  74711.20  81750.40  18693.40  18676.00  20423.40  31578.20      0.00  20401.40      0.00      0.00
08:35:54 PM  75207.20  75168.00  18817.80  18801.60  18761.80  29017.60      0.00  18755.60      0.00      0.00
08:35:59 PM  70955.20  72202.40  17759.60  17738.20  18037.40  27956.00      0.00  18033.60      0.00      0.00
08:36:04 PM  76343.20  72356.80  19103.80  19084.60  18052.20  27956.20      0.00  18051.60      0.00      0.00
08:36:09 PM  71782.40  72212.80  17960.00  17944.20  18000.00  27956.00      0.00  17996.20      0.00      0.00
08:36:14 PM  70672.00  72913.60  17684.80  17666.60  18227.40  27956.20      0.00  18190.80      0.00      0.00
08:36:19 PM  87116.80  89932.80  24373.40  24355.00  22516.60  32653.80      0.00  22467.40      0.00      0.00
08:36:24 PM  92848.80  83897.60  23715.40  23679.80  23586.60  32679.40      0.00  23529.60      0.00      0.00
08:36:29 PM  73048.00  72464.00  18278.80  18255.40  18079.80  28033.00      0.00  18075.80      0.00      0.00
08:36:34 PM  71625.60  73436.00  17920.80  17902.00  18337.40  28032.60      0.00  18336.80      0.00      0.00
08:36:39 PM  74401.60  72698.40  18618.20  18594.80  18144.80  27994.60      0.00  18139.00      0.00      0.00
08:36:44 PM  74121.60  85548.00  18542.00  18527.40  21347.80  32653.80      0.00  21344.00      0.00      0.00
08:36:49 PM  73861.60  72134.40  18482.00  18463.00  18017.80  27993.80      0.00  18013.60      0.00      0.00
08:36:54 PM  75805.60  72429.60  18971.20  18948.40  18071.20  27993.60      0.00  18027.00      0.00      0.00
08:36:59 PM  72757.60  72924.80  18207.60  18186.60  18225.40  27956.20      0.00  18221.40      0.00      0.00
08:37:04 PM  73933.60  72616.80  18499.80  18482.40  18117.20  27969.00      0.00  18116.60      0.00      0.00
08:37:09 PM  75354.40  72758.40  18852.00  18837.40  18164.60  27956.20      0.00  18160.60      0.00      0.00
08:37:14 PM  71570.40  71909.60  17904.00  17884.60  17960.00  27956.20      0.00  17954.80      0.00      0.00
08:37:19 PM  71196.00  73645.60  17787.80  17758.80  18343.20  27994.80      0.00  18339.20      0.00      0.00
08:37:24 PM  71777.60  72703.20  17958.80  17941.40  18153.20  27942.80      0.00  18144.20      0.00      0.00
08:37:29 PM  69496.00  73409.60  17397.60  17370.40  18322.00  27956.00      0.00  18317.80      0.00      0.00
08:37:34 PM 210153.60  76639.20  52562.60  50077.00  51017.00  29133.60      0.00  19034.60      0.00      0.00
08:37:39 PM 264810.40 116194.40  66080.40  58285.60  67858.60  48017.20      0.00  29854.20      0.00      0.00
08:37:44 PM 155814.40 151280.00  39156.40  37624.60  50930.40  56279.20    422.20  38420.80      0.00      0.00
08:37:49 PM 179692.80 164584.80  45014.40  44960.80  49187.20  52073.20    435.20  47843.80      0.00      0.00
08:37:54 PM 119144.80    744.00  29794.00  29778.00  28185.60  25510.40      0.00  25500.40      0.00      0.00
08:37:59 PM   8533.60      0.80   1987.20   1933.60  16113.80      0.00      0.00      0.00      0.00      0.00
08:38:04 PM      0.00      0.00      0.00      0.00      0.40      0.00      0.00      0.00      0.00      0.00
08:38:09 PM      0.80    592.80      0.20      0.20   1116.80      0.00      0.00      0.00      0.00      0.00
08:38:14 PM     32.00   2440.00      0.00      0.00    882.80      0.00      0.00      0.00      0.00      0.00
08:38:19 PM    379.20    676.00      0.20      9.40   1350.40      0.00      0.00      0.00      0.00      0.00
08:38:24 PM   3478.40  61188.00  65186.80  65168.00  55285.20  77567.60      0.00  53715.00      0.00      0.00
08:38:29 PM      0.00   3742.40      0.00      0.00   1217.00      0.00      0.00      0.00      0.00      0.00
08:38:34 PM      0.00   5225.60      0.00      0.00   2948.40      0.00      0.00      0.00      0.00      0.00
08:38:39 PM     58.40   2456.00      2.20     18.00   1534.20      0.00      0.00      0.00      0.00      0.00
08:38:44 PM    657.60   3813.60      8.20      4.40   1559.40      0.00      0.00      0.00      0.00      0.00
08:38:49 PM     20.00    778.40      2.40      1.20    342.60      0.00      0.00      0.00      0.00      0.00
08:38:54 PM     35.20    784.00   1022.00   1017.80    487.20      0.00      0.00      0.00      0.00      0.00
08:38:59 PM    406.40   3763.20     53.00     50.20   1248.60      0.00      0.00      0.00      0.00      0.00
08:39:04 PM      0.00   3787.20      3.40      0.00    959.80      0.00      0.00      0.00      0.00      0.00
08:39:09 PM      1.60   2014.40      0.40      5.60    797.20      0.00      0.00      0.00      0.00      0.00
08:39:14 PM      0.00      1.60      0.00      0.00      6.40      0.00      0.00      0.00      0.00      0.00
08:39:19 PM     25.60    245.60      1.60      0.60     62.60      0.00      0.00      0.00      0.00      0.00
08:39:24 PM   2464.00   1495.20    308.20     14.80    909.40      0.00      0.00      0.00      0.00      0.00
08:39:29 PM   4903.20   2631.20   1236.60   1222.80    989.20      0.00      0.00      0.00      0.00      0.00
08:39:34 PM      3.20    159.20      0.00      0.00     63.80      0.00      0.00      0.00      0.00      0.00
08:39:39 PM     42.40    226.40      1.20      1.00     65.00      0.00      0.00      0.00      0.00      0.00
08:39:44 PM      0.00   2153.60      0.00      0.00    643.00      0.00      0.00      0.00      0.00      0.00
08:39:49 PM     60.00   1975.20      5.80      5.80    536.60      0.00      0.00      0.00      0.00      0.00
08:39:54 PM    209.60   2196.80     35.80     27.80    729.40      0.00      0.00      0.00      0.00      0.00
08:39:59 PM   2215.57   1439.52    561.68    548.90    824.95      0.00      0.00      0.00      0.00      0.00
08:40:04 PM      3.20   1975.20      0.20      2.00    821.20      0.00      0.00      0.00      0.00      0.00
08:40:09 PM      0.00     66.40      0.00      0.00     22.60      0.00      0.00      0.00      0.00      0.00
08:40:14 PM      8.00   5503.20      2.00      3.00   2445.80      0.00      0.00      0.00      0.00      0.00
08:40:19 PM      0.00   2680.80      0.00      0.00    854.00      0.00      0.00      0.00      0.00      0.00
08:40:24 PM    572.80   7589.60      2.60     17.80   2608.60      0.00      0.00      0.00      0.00      0.00
08:40:29 PM  23977.60   1557.60   5960.00   5932.00    969.80      0.00      0.00      0.00      0.00      0.00
08:40:34 PM      0.00    171.20      0.00     48.60   1495.60      0.00      0.00      0.00      0.00      0.00
08:40:39 PM     22.40    111.20      1.00      1.00     13.60      0.00      0.00      0.00      0.00      0.00
08:40:44 PM     35.20      7.20      0.60     29.80   1530.60      0.00      0.00      0.00      0.00      0.00
08:40:49 PM      0.00      0.00      0.00      0.00      4.00      0.00      0.00      0.00      0.00      0.00
08:40:54 PM      1.60      0.00      0.60     27.80   1655.20      0.00      0.00      0.00      0.00      0.00
08:40:59 PM      0.00      0.00      0.00      0.00      4.00      0.00      0.00      0.00      0.00      0.00
08:41:04 PM    239.20    520.80     38.40     71.00   1248.40      0.00      0.00      0.00      0.00      0.00
08:41:09 PM      0.00   1187.20      0.00      0.00    444.00      0.00      0.00      0.00      0.00      0.00
08:41:14 PM     12.80   3252.80      0.20      2.20   2383.40      0.00      0.00      0.00      0.00      0.00
08:41:19 PM      0.00     16.00      0.00      0.00     29.20      0.00      0.00      0.00      0.00      0.00
08:41:24 PM      6.40      8.80      2.60     27.80   1354.00      0.00      0.00      0.00      0.00      0.00
08:41:29 PM      4.00    152.80      1.00      1.00     84.60      0.00      0.00      0.00      0.00      0.00
08:41:34 PM   2371.20    660.80  12939.00    595.40   1017.40      0.00      0.00    165.40      0.00      0.00
08:41:39 PM    198.40     38.40      4.20      3.60    943.00      0.00      0.00      0.00      0.00      0.00
08:41:44 PM      0.00     32.00      0.00      0.00  12384.60      0.00      0.00      0.00      0.00      0.00
08:41:49 PM      0.00    111.20      0.00      0.00      7.80      0.00      0.00      0.00      0.00      0.00
08:41:54 PM    189.60    164.00     18.00     14.60     52.60      0.00      0.00      0.00      0.00      0.00
08:41:59 PM  65211.20   3780.00  16996.20  15562.60   3571.60   4032.00      0.00   3548.40      0.00      0.00
08:42:04 PM  29989.60   3868.80  17060.80  16012.80  17009.40  17344.00      0.00  16760.80      0.00      0.00
08:42:09 PM      0.00    224.00      0.00      0.00    883.00      0.00      0.00      0.00      0.00      0.00
08:42:14 PM    706.40   1755.20    125.00    117.00   1261.40      0.00      0.00      0.00      0.00      0.00
08:42:19 PM    775.20   9018.40     10.00      1.20   1546.20      0.00      0.00      0.00      0.00      0.00
08:42:24 PM      5.60    656.00      2.00      0.60   1227.20      0.00      0.00      0.00      0.00      0.00
08:42:29 PM      2.40  16952.80  59446.80  59446.40  54903.60  55411.20      0.00  53927.00      0.00      0.00
08:42:34 PM      2.40   5009.60    561.40    561.40   1223.60   1574.40      0.00   1161.00      0.00      0.00
08:42:39 PM     35.20   2986.40      0.40      4.80   1393.20      0.00      0.00      0.00      0.00      0.00
08:42:44 PM      3.20   4598.40    281.60    277.20   1504.60      0.00      0.00      0.00      0.00      0.00
08:42:49 PM      0.00   9329.60    252.00    280.00   3251.40      0.00      0.00      0.00      0.00      0.00
08:42:54 PM     31.20   1356.00      0.60      0.60    595.80      0.00      0.00      0.00      0.00      0.00
08:42:59 PM    218.40    520.80      4.00     27.00   2026.40      0.00      0.00      0.00      0.00      0.00
08:43:04 PM      0.00   1146.40      0.00      0.00    320.00      0.00      0.00      0.00      0.00      0.00
08:43:09 PM     86.40   3288.80      1.20     20.40   1918.00      0.00      0.00      0.00      0.00      0.00
08:43:14 PM      0.80     14.40      0.20      0.20      8.20      0.00      0.00      0.00      0.00      0.00
08:43:19 PM   1637.60   3104.00    417.60    437.20   2470.20      0.00      0.00      0.00      0.00      0.00
08:43:24 PM    266.40   3296.80      3.60      3.20   1336.60      0.00      0.00      0.00      0.00      0.00
08:43:29 PM     76.80   6373.60      1.00     61.80   3197.00      0.00      0.00      0.00      0.00      0.00
08:43:34 PM      0.80   2183.20      0.20      0.20    681.40      0.00      0.00      0.00      0.00      0.00
08:43:39 PM      0.80   6580.00      0.20     47.20   3256.60      0.00      0.00      0.00      0.00      0.00
08:43:44 PM    739.20   1316.00     11.80      9.20    478.80      0.00      0.00      0.00      0.00      0.00
08:43:49 PM   2655.20    862.40    719.80    706.60   1601.00      0.00      0.00      0.00      0.00      0.00
08:43:54 PM   3793.60   5130.40    848.80    842.00   1653.80      0.00      0.00      0.00      0.00      0.00
08:43:59 PM    328.00   4664.80      7.80     50.00   1985.40      0.00      0.00      0.00      0.00      0.00
08:44:04 PM      0.00    315.20      0.00      0.00    404.00      0.00      0.00      0.00      0.00      0.00
08:44:09 PM      0.80      0.80      0.20     44.91   1230.54      0.00      0.00      0.00      0.00      0.00
08:44:14 PM      0.00   1424.80      0.00      0.00    404.20      0.00      0.00      0.00      0.00      0.00
08:44:19 PM     13.60   4033.60      0.20     49.60   1807.60      0.00      0.00      0.00      0.00      0.00
08:44:24 PM   5358.40   4531.20    873.60    576.60   2466.60      0.00      0.00      0.00      0.00      0.00
08:44:29 PM   1092.00   5325.60    272.40    275.80   1628.80      0.00      0.00      0.00      0.00      0.00
08:44:34 PM  29425.60   4365.60   7214.40   7180.80   1825.80      0.00      0.00      0.00      0.00      0.00
Average:     10888.22  10937.22   3137.84   3082.19   3557.12   3311.03    194.28   2524.78      0.00      0.00
