Linux 7.0.10-arch1-1 (archlinux) 	06/03/2026 	_x86_64_	(4 CPU)

03:39:50 AM  %smem-10  %smem-60 %smem-300     %smem  %fmem-10  %fmem-60 %fmem-300     %fmem
03:39:55 AM      0.00      0.00      0.00      0.00      0.00      0.00      0.00      0.00
03:40:00 AM      0.00      0.00      0.00      0.00      0.00      0.00      0.00      0.00
03:40:05 AM      0.00      0.00      0.00      0.00      0.00      0.00      0.00      0.00
03:40:10 AM      0.00      0.00      0.00      0.00      0.00      0.00      0.00      0.00
03:40:15 AM      0.00      0.00      0.00      0.00      0.00      0.00      0.00      0.00
03:40:20 AM      0.00      0.00      0.00      0.00      0.00      0.00      0.00      0.00
03:40:25 AM      0.00      0.00      0.00      0.00      0.00      0.00      0.00      0.00
03:40:30 AM      0.00      0.00      0.00      0.00      0.00      0.00      0.00      0.00
03:40:35 AM      0.00      0.00      0.00      0.00      0.00      0.00      0.00      0.00
03:40:40 AM      0.00      0.00      0.00      0.00      0.00      0.00      0.00      0.00
03:40:45 AM      0.00      0.00      0.00      0.00      0.00      0.00      0.00      0.00
03:40:50 AM      0.00      0.00      0.00      0.00      0.00      0.00      0.00      0.00
03:40:55 AM      0.00      0.00      0.00      0.00      0.00      0.00      0.00      0.00
03:41:00 AM      0.00      0.00      0.00      0.00      0.00      0.00      0.00      0.00
03:41:05 AM      0.00      0.00      0.00      0.00      0.00      0.00      0.00      0.00
03:41:10 AM      0.00      0.00      0.00      0.00      0.00      0.00      0.00      0.00
03:41:15 AM      0.00      0.00      0.00      0.00      0.00      0.00      0.00      0.00
03:41:20 AM      0.00      0.00      0.00      0.00      0.00      0.00      0.00      0.00
03:41:25 AM      0.00      0.00      0.00      0.00      0.00      0.00      0.00      0.00
03:41:30 AM      0.00      0.00      0.00      0.00      0.00      0.00      0.00      0.00
03:41:35 AM      0.00      0.00      0.00      0.00      0.00      0.00      0.00      0.00
03:41:40 AM      0.00      0.00      0.00      0.00      0.00      0.00      0.00      0.00
03:41:45 AM      0.00      0.00      0.00      0.00      0.00      0.00      0.00      0.00
03:41:50 AM      0.00      0.00      0.00      0.00      0.00      0.00      0.00      0.00
03:41:55 AM      0.00      0.00      0.00      0.00      0.00      0.00      0.00      0.00
03:42:00 AM      0.00      0.00      0.00      0.00      0.00      0.00      0.00      0.00
03:42:05 AM      0.00      0.00      0.00      0.00      0.00      0.00      0.00      0.00
03:42:10 AM      0.00      0.00      0.00      0.00      0.00      0.00      0.00      0.00
03:42:15 AM      0.00      0.00      0.00      0.00      0.00      0.00      0.00      0.00
03:42:20 AM      0.00      0.00      0.00      0.00      0.00      0.00      0.00      0.00
03:42:25 AM      0.00      0.00      0.00      0.00      0.00      0.00      0.00      0.00
03:42:30 AM      0.00      0.00      0.00      0.00      0.00      0.00      0.00      0.00
03:42:35 AM      0.00      0.00      0.00      0.00      0.00      0.00      0.00      0.00
03:42:40 AM      0.00      0.00      0.00      0.00      0.00      0.00      0.00      0.00
03:42:45 AM      0.00      0.00      0.00      0.00      0.00      0.00      0.00      0.00
03:42:50 AM      0.00      0.00      0.00      0.00      0.00      0.00      0.00      0.00
03:42:55 AM      0.00      0.00      0.00      0.00      0.00      0.00      0.00      0.00
03:43:00 AM      0.00      0.00      0.00      0.00      0.00      0.00      0.00      0.00
03:43:05 AM      0.00      0.00      0.00      0.00      0.00      0.00      0.00      0.00
03:43:10 AM      0.00      0.00      0.00      0.00      0.00      0.00      0.00      0.00
03:43:15 AM      0.00      0.00      0.00      0.00      0.00      0.00      0.00      0.00
03:43:20 AM      0.00      0.00      0.00      0.00      0.00      0.00      0.00      0.00
03:43:25 AM      0.00      0.00      0.00      0.00      0.00      0.00      0.00      0.00
03:43:30 AM      0.00      0.00      0.00      0.00      0.00      0.00      0.00      0.00
03:43:35 AM      0.00      0.00      0.00      0.00      0.00      0.00      0.00      0.00
03:43:40 AM      0.00      0.00      0.00      0.00      0.00      0.00      0.00      0.00
03:43:45 AM      0.00      0.00      0.00      0.00      0.00      0.00      0.00      0.00
03:43:50 AM      0.00      0.00      0.00      0.00      0.00      0.00      0.00      0.00
03:43:55 AM      0.00      0.00      0.00      0.00      0.00      0.00      0.00      0.00
03:44:00 AM      0.00      0.00      0.00      0.00      0.00      0.00      0.00      0.00
03:44:05 AM      0.00      0.00      0.00      0.00      0.00      0.00      0.00      0.00
03:44:10 AM      0.00      0.00      0.00      0.00      0.00      0.00      0.00      0.00
03:44:15 AM      0.00      0.00      0.00      0.00      0.00      0.00      0.00      0.00
03:44:20 AM      0.00      0.00      0.00      0.00      0.00      0.00      0.00      0.00
03:44:25 AM      0.00      0.00      0.00      0.00      0.00      0.00      0.00      0.00
03:44:30 AM      0.00      0.00      0.00      0.00      0.00      0.00      0.00      0.00
03:44:35 AM      0.00      0.00      0.00      0.00      0.00      0.00      0.00      0.00
03:44:40 AM      0.00      0.00      0.00      0.00      0.00      0.00      0.00      0.00
03:44:45 AM      0.00      0.00      0.00      0.00      0.00      0.00      0.00      0.00
03:44:50 AM      0.00      0.00      0.00      0.00      0.00      0.00      0.00      0.00
03:44:55 AM      0.00      0.00      0.00      0.00      0.00      0.00      0.00      0.00
03:45:00 AM      0.00      0.00      0.00      0.00      0.00      0.00      0.00      0.00
03:45:05 AM      0.00      0.00      0.00      0.00      0.00      0.00      0.00      0.00
03:45:10 AM      0.00      0.00      0.00      0.00      0.00      0.00      0.00      0.00
03:45:15 AM      0.00      0.00      0.00      0.00      0.00      0.00      0.00      0.00
03:45:20 AM      0.00      0.00      0.00      0.00      0.00      0.00      0.00      0.00
03:45:25 AM      0.00      0.00      0.00      0.00      0.00      0.00      0.00      0.00
03:45:30 AM      0.00      0.00      0.00      0.00      0.00      0.00      0.00      0.00
03:45:35 AM      0.00      0.00      0.00      0.00      0.00      0.00      0.00      0.00
03:45:40 AM      0.00      0.00      0.00      0.00      0.00      0.00      0.00      0.00
03:45:45 AM      0.00      0.00      0.00      0.00      0.00      0.00      0.00      0.00
03:45:50 AM      0.00      0.00      0.00      0.00      0.00      0.00      0.00      0.00
03:45:55 AM      0.00      0.00      0.00      0.00      0.00      0.00      0.00      0.00
03:46:00 AM      0.00      0.00      0.00      0.00      0.00      0.00      0.00      0.00
03:46:05 AM      0.00      0.00      0.00      0.00      0.00      0.00      0.00      0.00
03:46:10 AM      0.00      0.00      0.00      0.00      0.00      0.00      0.00      0.00
03:46:15 AM      0.00      0.00      0.00      0.00      0.00      0.00      0.00      0.00
03:46:20 AM      0.00      0.00      0.00      0.00      0.00      0.00      0.00      0.00
03:46:25 AM      0.00      0.00      0.00      0.00      0.00      0.00      0.00      0.00
03:46:30 AM      0.00      0.00      0.00      0.00      0.00      0.00      0.00      0.00
03:46:35 AM      0.00      0.00      0.00      0.00      0.00      0.00      0.00      0.00
03:46:40 AM      0.00      0.00      0.00      0.00      0.00      0.00      0.00      0.00
03:46:45 AM      0.00      0.00      0.00      0.00      0.00      0.00      0.00      0.00
03:46:50 AM      0.00      0.00      0.00      0.00      0.00      0.00      0.00      0.00
03:46:55 AM      0.00      0.00      0.00      0.00      0.00      0.00      0.00      0.00
03:47:00 AM      0.00      0.00      0.00      0.00      0.00      0.00      0.00      0.00
03:47:05 AM      0.00      0.00      0.00      0.00      0.00      0.00      0.00      0.00
03:47:10 AM      0.00      0.00      0.00      0.00      0.00      0.00      0.00      0.00
03:47:15 AM      0.00      0.00      0.00      0.00      0.00      0.00      0.00      0.00
03:47:20 AM      0.00      0.00      0.00      0.00      0.00      0.00      0.00      0.00
03:47:25 AM      0.00      0.00      0.00      0.00      0.00      0.00      0.00      0.00
03:47:30 AM      0.00      0.00      0.00      0.00      0.00      0.00      0.00      0.00
03:47:35 AM      0.00      0.00      0.00      0.00      0.00      0.00      0.00      0.00
03:47:40 AM      0.00      0.00      0.00      0.00      0.00      0.00      0.00      0.00
03:47:45 AM      0.00      0.00      0.00      0.00      0.00      0.00      0.00      0.00
03:47:50 AM      0.00      0.00      0.00      0.00      0.00      0.00      0.00      0.00
03:47:55 AM      0.00      0.00      0.00      0.00      0.00      0.00      0.00      0.00
03:48:00 AM      0.00      0.00      0.00      0.00      0.00      0.00      0.00      0.00
03:48:05 AM      0.00      0.00      0.00      0.00      0.00      0.00      0.00      0.00
03:48:10 AM      0.00      0.00      0.00      0.00      0.00      0.00      0.00      0.00
03:48:15 AM      0.00      0.00      0.00      0.00      0.00      0.00      0.00      0.00
03:48:20 AM      0.00      0.00      0.00      0.00      0.00      0.00      0.00      0.00
03:48:25 AM      0.00      0.00      0.00      0.00      0.00      0.00      0.00      0.00
03:48:30 AM      0.00      0.00      0.00      0.00      0.00      0.00      0.00      0.00
03:48:35 AM      0.00      0.00      0.00      0.00      0.00      0.00      0.00      0.00
03:48:40 AM      0.00      0.00      0.00      0.00      0.00      0.00      0.00      0.00
03:48:45 AM      0.00      0.00      0.00      0.00      0.00      0.00      0.00      0.00
03:48:50 AM      0.00      0.00      0.00      0.00      0.00      0.00      0.00      0.00
03:48:55 AM      0.00      0.00      0.00      0.00      0.00      0.00      0.00      0.00
03:49:00 AM      0.00      0.00      0.00      0.00      0.00      0.00      0.00      0.00
03:49:05 AM      0.00      0.00      0.00      0.00      0.00      0.00      0.00      0.00
03:49:10 AM      0.00      0.00      0.00      0.00      0.00      0.00      0.00      0.00
03:49:15 AM      0.00      0.00      0.00      0.00      0.00      0.00      0.00      0.00
03:49:20 AM      0.00      0.00      0.00      0.00      0.00      0.00      0.00      0.00
03:49:25 AM      0.00      0.00      0.00      0.00      0.00      0.00      0.00      0.00
03:49:30 AM      0.00      0.00      0.00      0.00      0.00      0.00      0.00      0.00
03:49:35 AM      0.00      0.00      0.00      0.00      0.00      0.00      0.00      0.00
03:49:40 AM      0.00      0.00      0.00      0.00      0.00      0.00      0.00      0.00
03:49:45 AM      0.00      0.00      0.00      0.00      0.00      0.00      0.00      0.00
03:49:50 AM      0.00      0.00      0.00      0.00      0.00      0.00      0.00      0.00
03:49:55 AM      0.00      0.00      0.00      0.00      0.00      0.00      0.00      0.00
03:50:00 AM      0.00      0.00      0.00      0.00      0.00      0.00      0.00      0.00
03:50:05 AM      0.00      0.00      0.00      0.00      0.00      0.00      0.00      0.00
03:50:10 AM      0.00      0.00      0.00      0.00      0.00      0.00      0.00      0.00
03:50:15 AM      0.00      0.00      0.00      0.00      0.00      0.00      0.00      0.00
03:50:20 AM      0.00      0.00      0.00      0.00      0.00      0.00      0.00      0.00
03:50:25 AM      0.00      0.00      0.00      0.00      0.00      0.00      0.00      0.00
03:50:30 AM      0.00      0.00      0.00      0.00      0.00      0.00      0.00      0.00
03:50:35 AM      0.00      0.00      0.00      0.00      0.00      0.00      0.00      0.00
03:50:40 AM      0.00      0.00      0.00      0.00      0.00      0.00      0.00      0.00
03:50:45 AM      0.00      0.00      0.00      0.00      0.00      0.00      0.00      0.00
03:50:50 AM      0.00      0.00      0.00      0.00      0.00      0.00      0.00      0.00
03:50:55 AM      0.00      0.00      0.00      0.00      0.00      0.00      0.00      0.00
03:51:00 AM      0.00      0.00      0.00      0.00      0.00      0.00      0.00      0.00
03:51:05 AM      0.00      0.00      0.00      0.00      0.00      0.00      0.00      0.00
03:51:10 AM      0.00      0.00      0.00      0.00      0.00      0.00      0.00      0.00
03:51:15 AM      0.00      0.00      0.00      0.00      0.00      0.00      0.00      0.00
03:51:20 AM      0.00      0.00      0.00      0.00      0.00      0.00      0.00      0.00
03:51:25 AM      0.00      0.00      0.00      0.00      0.00      0.00      0.00      0.00
03:51:30 AM      0.00      0.00      0.00      0.00      0.00      0.00      0.00      0.00
03:51:35 AM      0.00      0.00      0.00      0.00      0.00      0.00      0.00      0.00
03:51:40 AM      0.00      0.00      0.00      0.00      0.00      0.00      0.00      0.00
03:51:45 AM      0.00      0.00      0.00      0.00      0.00      0.00      0.00      0.00
03:51:50 AM      0.00      0.00      0.00      0.00      0.00      0.00      0.00      0.00
03:51:55 AM      0.00      0.00      0.00      0.00      0.00      0.00      0.00      0.00
03:52:00 AM      0.00      0.00      0.00      0.00      0.00      0.00      0.00      0.00
03:52:05 AM      0.00      0.00      0.00      0.00      0.00      0.00      0.00      0.00
03:52:10 AM      0.00      0.00      0.00      0.00      0.00      0.00      0.00      0.00
03:52:15 AM      0.00      0.00      0.00      0.00      0.00      0.00      0.00      0.00
03:52:20 AM      0.00      0.00      0.00      0.00      0.00      0.00      0.00      0.00
03:52:25 AM      0.00      0.00      0.00      0.00      0.00      0.00      0.00      0.00
03:52:30 AM      0.00      0.00      0.00      0.00      0.00      0.00      0.00      0.00
03:52:35 AM      0.00      0.00      0.00      0.00      0.00      0.00      0.00      0.00
03:52:40 AM      0.00      0.00      0.00      0.00      0.00      0.00      0.00      0.00
03:52:45 AM      0.00      0.00      0.00      0.00      0.00      0.00      0.00      0.00
03:52:50 AM      0.00      0.00      0.00      0.00      0.00      0.00      0.00      0.00
03:52:55 AM      0.00      0.00      0.00      0.00      0.00      0.00      0.00      0.00
03:53:00 AM      0.00      0.00      0.00      0.00      0.00      0.00      0.00      0.00
03:53:05 AM      0.00      0.00      0.00      0.00      0.00      0.00      0.00      0.00
03:53:10 AM      0.00      0.00      0.00      0.00      0.00      0.00      0.00      0.00
03:53:15 AM      0.00      0.00      0.00      0.00      0.00      0.00      0.00      0.00
03:53:20 AM      0.00      0.00      0.00      0.00      0.00      0.00      0.00      0.00
03:53:25 AM      0.00      0.00      0.00      0.00      0.00      0.00      0.00      0.00
03:53:30 AM      0.00      0.00      0.00      0.00      0.00      0.00      0.00      0.00
03:53:35 AM      0.00      0.00      0.00      0.00      0.00      0.00      0.00      0.00
03:53:40 AM      0.00      0.00      0.00      0.00      0.00      0.00      0.00      0.00
03:53:45 AM      0.00      0.00      0.00      0.00      0.00      0.00      0.00      0.00
03:53:50 AM      0.00      0.00      0.00      0.00      0.00      0.00      0.00      0.00
03:53:55 AM      0.00      0.00      0.00      0.00      0.00      0.00      0.00      0.00
03:54:00 AM      0.00      0.00      0.00      0.00      0.00      0.00      0.00      0.00
03:54:05 AM      0.00      0.00      0.00      0.00      0.00      0.00      0.00      0.00
03:54:10 AM      0.00      0.00      0.00      0.00      0.00      0.00      0.00      0.00
03:54:15 AM      0.00      0.00      0.00      0.00      0.00      0.00      0.00      0.00
03:54:20 AM      0.00      0.00      0.00      0.00      0.00      0.00      0.00      0.00
03:54:25 AM      0.00      0.00      0.00      0.00      0.00      0.00      0.00      0.00
03:54:30 AM      0.00      0.00      0.00      0.00      0.00      0.00      0.00      0.00
03:54:35 AM      0.00      0.00      0.00      0.00      0.00      0.00      0.00      0.00
03:54:40 AM      0.00      0.00      0.00      0.00      0.00      0.00      0.00      0.00
03:54:45 AM      0.00      0.00      0.00      0.00      0.00      0.00      0.00      0.00
03:54:50 AM      0.00      0.00      0.00      0.00      0.00      0.00      0.00      0.00
03:54:55 AM      0.00      0.00      0.00      0.00      0.00      0.00      0.00      0.00
03:55:00 AM      0.00      0.00      0.00      0.00      0.00      0.00      0.00      0.00
03:55:05 AM      0.00      0.00      0.00      0.00      0.00      0.00      0.00      0.00
03:55:10 AM      0.00      0.00      0.00      0.00      0.00      0.00      0.00      0.00
03:55:15 AM      0.00      0.00      0.00      0.00      0.00      0.00      0.00      0.00
03:55:20 AM      0.00      0.00      0.00      0.00      0.00      0.00      0.00      0.00
03:55:25 AM      0.00      0.00      0.00      0.00      0.00      0.00      0.00      0.00
03:55:30 AM      0.00      0.00      0.00      0.00      0.00      0.00      0.00      0.00
03:55:35 AM      0.00      0.00      0.00      0.00      0.00      0.00      0.00      0.00
03:55:40 AM      0.00      0.00      0.00      0.00      0.00      0.00      0.00      0.00
03:55:45 AM      0.00      0.00      0.00      0.00      0.00      0.00      0.00      0.00
03:55:50 AM      0.00      0.00      0.00      0.00      0.00      0.00      0.00      0.00
03:55:55 AM      0.00      0.00      0.00      0.00      0.00      0.00      0.00      0.00
03:56:00 AM      0.00      0.00      0.00      0.00      0.00      0.00      0.00      0.00
03:56:05 AM      0.00      0.00      0.00      0.00      0.00      0.00      0.00      0.00
03:56:10 AM      0.00      0.00      0.00      0.00      0.00      0.00      0.00      0.00
03:56:15 AM      0.00      0.00      0.00      0.00      0.00      0.00      0.00      0.00
03:56:20 AM      0.00      0.00      0.00      0.00      0.00      0.00      0.00      0.00
03:56:25 AM      0.00      0.00      0.00      0.00      0.00      0.00      0.00      0.00
03:56:30 AM      0.00      0.00      0.00      0.00      0.00      0.00      0.00      0.00
03:56:35 AM      0.00      0.00      0.00      0.00      0.00      0.00      0.00      0.00
03:56:40 AM      0.00      0.00      0.00      0.00      0.00      0.00      0.00      0.00
03:56:45 AM      0.00      0.00      0.00      0.00      0.00      0.00      0.00      0.00
03:56:50 AM      0.00      0.00      0.00      0.00      0.00      0.00      0.00      0.00
03:56:55 AM      0.00      0.00      0.00      0.00      0.00      0.00      0.00      0.00
03:57:00 AM      0.00      0.00      0.00      0.00      0.00      0.00      0.00      0.00
03:57:05 AM      0.00      0.00      0.00      0.00      0.00      0.00      0.00      0.00
03:57:10 AM      0.00      0.00      0.00      0.00      0.00      0.00      0.00      0.00
03:57:15 AM      0.00      0.00      0.00      0.00      0.00      0.00      0.00      0.00
03:57:20 AM      0.00      0.00      0.00      0.00      0.00      0.00      0.00      0.00
03:57:25 AM      0.00      0.00      0.00      0.00      0.00      0.00      0.00      0.00
03:57:30 AM      0.00      0.00      0.00      0.00      0.00      0.00      0.00      0.00
03:57:35 AM      0.00      0.00      0.00      0.00      0.00      0.00      0.00      0.00
03:57:40 AM      0.00      0.00      0.00      0.00      0.00      0.00      0.00      0.00
03:57:45 AM      0.00      0.00      0.00      0.00      0.00      0.00      0.00      0.00
03:57:50 AM      0.00      0.00      0.00      0.00      0.00      0.00      0.00      0.00
03:57:55 AM      0.00      0.00      0.00      0.00      0.00      0.00      0.00      0.00
03:58:00 AM      0.00      0.00      0.00      0.00      0.00      0.00      0.00      0.00
03:58:05 AM      0.00      0.00      0.00      0.00      0.00      0.00      0.00      0.00
03:58:10 AM      0.00      0.00      0.00      0.00      0.00      0.00      0.00      0.00
03:58:15 AM      0.00      0.00      0.00      0.00      0.00      0.00      0.00      0.00
03:58:20 AM      0.00      0.00      0.00      0.00      0.00      0.00      0.00      0.00
03:58:25 AM      0.00      0.00      0.00      0.00      0.00      0.00      0.00      0.00
03:58:30 AM      0.00      0.00      0.00      0.00      0.00      0.00      0.00      0.00
03:58:35 AM      0.00      0.00      0.00      0.00      0.00      0.00      0.00      0.00
03:58:40 AM      0.00      0.00      0.00      0.00      0.00      0.00      0.00      0.00
03:58:45 AM      0.00      0.00      0.00      0.00      0.00      0.00      0.00      0.00
03:58:50 AM      0.00      0.00      0.00      0.00      0.00      0.00      0.00      0.00
03:58:55 AM      0.00      0.00      0.00      0.00      0.00      0.00      0.00      0.00
03:59:00 AM      0.00      0.00      0.00      0.00      0.00      0.00      0.00      0.00
03:59:05 AM      0.00      0.00      0.00      0.00      0.00      0.00      0.00      0.00
03:59:10 AM      0.00      0.00      0.00      0.00      0.00      0.00      0.00      0.00
03:59:15 AM      0.00      0.00      0.00      0.00      0.00      0.00      0.00      0.00
03:59:20 AM      0.00      0.00      0.00      0.00      0.00      0.00      0.00      0.00
03:59:25 AM      0.00      0.00      0.00      0.00      0.00      0.00      0.00      0.00
03:59:30 AM      0.00      0.00      0.00      0.00      0.00      0.00      0.00      0.00
03:59:35 AM      0.00      0.00      0.00      0.00      0.00      0.00      0.00      0.00
03:59:40 AM      0.00      0.00      0.00      0.00      0.00      0.00      0.00      0.00
03:59:45 AM      0.00      0.00      0.00      0.00      0.00      0.00      0.00      0.00
03:59:50 AM      0.00      0.00      0.00      0.00      0.00      0.00      0.00      0.00
03:59:55 AM      0.00      0.00      0.00      0.00      0.00      0.00      0.00      0.00
04:00:00 AM      0.00      0.00      0.00      0.00      0.00      0.00      0.00      0.00
04:00:05 AM      0.00      0.00      0.00      0.00      0.00      0.00      0.00      0.00
04:00:10 AM      0.00      0.00      0.00      0.00      0.00      0.00      0.00      0.00
04:00:15 AM      0.00      0.00      0.00      0.00      0.00      0.00      0.00      0.00
04:00:20 AM      0.00      0.00      0.00      0.00      0.00      0.00      0.00      0.00
04:00:25 AM      0.00      0.00      0.00      0.00      0.00      0.00      0.00      0.00
04:00:30 AM      0.00      0.00      0.00      0.00      0.00      0.00      0.00      0.00
04:00:35 AM      0.00      0.00      0.00      0.00      0.00      0.00      0.00      0.00
04:00:40 AM      0.00      0.00      0.00      0.00      0.00      0.00      0.00      0.00
04:00:45 AM      0.00      0.00      0.00      0.00      0.00      0.00      0.00      0.00
04:00:50 AM      0.00      0.00      0.00      0.00      0.00      0.00      0.00      0.00
04:00:55 AM      0.00      0.00      0.00      0.00      0.00      0.00      0.00      0.00
04:01:00 AM      0.00      0.00      0.00      0.00      0.00      0.00      0.00      0.00
04:01:05 AM      0.00      0.00      0.00      0.00      0.00      0.00      0.00      0.00
04:01:10 AM      0.00      0.00      0.00      0.00      0.00      0.00      0.00      0.00
04:01:15 AM      0.00      0.00      0.00      0.00      0.00      0.00      0.00      0.00
04:01:20 AM      0.00      0.00      0.00      0.00      0.00      0.00      0.00      0.00
04:01:25 AM      0.00      0.00      0.00      0.00      0.00      0.00      0.00      0.00
04:01:30 AM      0.00      0.00      0.00      0.00      0.00      0.00      0.00      0.00
04:01:35 AM      0.00      0.00      0.00      0.00      0.00      0.00      0.00      0.00
04:01:40 AM      0.00      0.00      0.00      0.00      0.00      0.00      0.00      0.00
04:01:45 AM      0.00      0.00      0.00      0.00      0.00      0.00      0.00      0.00
04:01:50 AM      0.00      0.00      0.00      0.00      0.00      0.00      0.00      0.00
04:01:55 AM      0.00      0.00      0.00      0.00      0.00      0.00      0.00      0.00
04:02:00 AM      0.00      0.00      0.00      0.00      0.00      0.00      0.00      0.00
04:02:05 AM      0.00      0.00      0.00      0.00      0.00      0.00      0.00      0.00
04:02:10 AM      0.00      0.00      0.00      0.00      0.00      0.00      0.00      0.00
04:02:15 AM      0.00      0.00      0.00      0.00      0.00      0.00      0.00      0.00
04:02:20 AM      0.00      0.00      0.00      0.00      0.00      0.00      0.00      0.00
04:02:25 AM      0.00      0.00      0.00      0.00      0.00      0.00      0.00      0.00
04:02:30 AM      0.00      0.00      0.00      0.00      0.00      0.00      0.00      0.00
04:02:35 AM      0.00      0.00      0.00      0.00      0.00      0.00      0.00      0.00
04:02:40 AM      0.00      0.00      0.00      0.00      0.00      0.00      0.00      0.00
04:02:45 AM      0.00      0.00      0.00      0.00      0.00      0.00      0.00      0.00
04:02:50 AM      0.00      0.00      0.00      0.00      0.00      0.00      0.00      0.00
04:02:55 AM      0.00      0.00      0.00      0.00      0.00      0.00      0.00      0.00
04:03:00 AM      0.00      0.00      0.00      0.00      0.00      0.00      0.00      0.00
04:03:05 AM      0.00      0.00      0.00      0.00      0.00      0.00      0.00      0.00
04:03:10 AM      0.00      0.00      0.00      0.00      0.00      0.00      0.00      0.00
04:03:15 AM      0.00      0.00      0.00      0.00      0.00      0.00      0.00      0.00
04:03:20 AM      0.00      0.00      0.00      0.00      0.00      0.00      0.00      0.00
04:03:25 AM      0.00      0.00      0.00      0.00      0.00      0.00      0.00      0.00
04:03:30 AM      0.00      0.00      0.00      0.00      0.00      0.00      0.00      0.00
04:03:35 AM      0.00      0.00      0.00      0.00      0.00      0.00      0.00      0.00
04:03:40 AM      0.00      0.00      0.00      0.00      0.00      0.00      0.00      0.00
04:03:45 AM      0.00      0.00      0.00      0.00      0.00      0.00      0.00      0.00
04:03:50 AM      0.00      0.00      0.00      0.00      0.00      0.00      0.00      0.00
04:03:55 AM      0.00      0.00      0.00      0.00      0.00      0.00      0.00      0.00
04:04:00 AM      0.00      0.00      0.00      0.00      0.00      0.00      0.00      0.00
04:04:05 AM      0.00      0.00      0.00      0.00      0.00      0.00      0.00      0.00
04:04:10 AM      0.00      0.00      0.00      0.00      0.00      0.00      0.00      0.00
04:04:15 AM      0.00      0.00      0.00      0.00      0.00      0.00      0.00      0.00
04:04:20 AM      0.00      0.00      0.00      0.00      0.00      0.00      0.00      0.00
04:04:25 AM      0.00      0.00      0.00      0.00      0.00      0.00      0.00      0.00
04:04:30 AM      0.00      0.00      0.00      0.00      0.00      0.00      0.00      0.00
04:04:35 AM      0.00      0.00      0.00      0.00      0.00      0.00      0.00      0.00
04:04:40 AM      0.00      0.00      0.00      0.00      0.00      0.00      0.00      0.00
04:04:45 AM      0.00      0.00      0.00      0.00      0.00      0.00      0.00      0.00
04:04:50 AM      0.00      0.00      0.00      0.00      0.00      0.00      0.00      0.00
04:04:55 AM      0.00      0.00      0.00      0.00      0.00      0.00      0.00      0.00
04:05:00 AM      0.00      0.00      0.00      0.00      0.00      0.00      0.00      0.00
04:05:05 AM      0.00      0.00      0.00      0.00      0.00      0.00      0.00      0.00
04:05:10 AM      0.00      0.00      0.00      0.00      0.00      0.00      0.00      0.00
04:05:15 AM      0.00      0.00      0.00      0.00      0.00      0.00      0.00      0.00
04:05:20 AM      0.00      0.00      0.00      0.00      0.00      0.00      0.00      0.00
04:05:25 AM      0.00      0.00      0.00      0.00      0.00      0.00      0.00      0.00
04:05:30 AM      0.00      0.00      0.00      0.00      0.00      0.00      0.00      0.00
04:05:35 AM      0.00      0.00      0.00      0.00      0.00      0.00      0.00      0.00
04:05:40 AM      0.00      0.00      0.00      0.00      0.00      0.00      0.00      0.00
04:05:45 AM      0.00      0.00      0.00      0.00      0.00      0.00      0.00      0.00
04:05:50 AM      0.00      0.00      0.00      0.00      0.00      0.00      0.00      0.00
04:05:55 AM      0.00      0.00      0.00      0.00      0.00      0.00      0.00      0.00
04:06:00 AM      0.00      0.00      0.00      0.00      0.00      0.00      0.00      0.00
04:06:05 AM      0.00      0.00      0.00      0.00      0.00      0.00      0.00      0.00
04:06:10 AM      0.00      0.00      0.00      0.00      0.00      0.00      0.00      0.00
04:06:15 AM      0.00      0.00      0.00      0.00      0.00      0.00      0.00      0.00
04:06:20 AM      0.00      0.00      0.00      0.00      0.00      0.00      0.00      0.00
04:06:25 AM      0.00      0.00      0.00      0.00      0.00      0.00      0.00      0.00
04:06:30 AM      0.00      0.00      0.00      0.00      0.00      0.00      0.00      0.00
04:06:35 AM      0.00      0.00      0.00      0.00      0.00      0.00      0.00      0.00
04:06:40 AM      0.00      0.00      0.00      0.00      0.00      0.00      0.00      0.00
04:06:45 AM      0.00      0.00      0.00      0.00      0.00      0.00      0.00      0.00
04:06:50 AM      0.00      0.00      0.00      0.00      0.00      0.00      0.00      0.00
04:06:55 AM      0.00      0.00      0.00      0.00      0.00      0.00      0.00      0.00
04:07:00 AM      0.00      0.00      0.00      0.00      0.00      0.00      0.00      0.00
04:07:05 AM      0.00      0.00      0.00      0.00      0.00      0.00      0.00      0.00
04:07:10 AM      0.00      0.00      0.00      0.00      0.00      0.00      0.00      0.00
04:07:15 AM      0.00      0.00      0.00      0.00      0.00      0.00      0.00      0.00
04:07:20 AM      0.00      0.00      0.00      0.00      0.00      0.00      0.00      0.00
04:07:25 AM      0.00      0.00      0.00      0.00      0.00      0.00      0.00      0.00
04:07:30 AM      0.00      0.00      0.00      0.00      0.00      0.00      0.00      0.00
04:07:35 AM      0.00      0.00      0.00      0.00      0.00      0.00      0.00      0.00
04:07:40 AM      0.00      0.00      0.00      0.00      0.00      0.00      0.00      0.00
04:07:45 AM      0.00      0.00      0.00      0.00      0.00      0.00      0.00      0.00
04:07:50 AM      0.00      0.00      0.00      0.00      0.00      0.00      0.00      0.00
04:07:55 AM      0.00      0.00      0.00      0.00      0.00      0.00      0.00      0.00
04:08:00 AM      0.00      0.00      0.00      0.00      0.00      0.00      0.00      0.00
04:08:05 AM      0.00      0.00      0.00      0.00      0.00      0.00      0.00      0.00
04:08:10 AM      0.00      0.00      0.00      0.00      0.00      0.00      0.00      0.00
04:08:15 AM      0.00      0.00      0.00      0.00      0.00      0.00      0.00      0.00
04:08:20 AM      0.00      0.00      0.00      0.00      0.00      0.00      0.00      0.00
04:08:25 AM      0.00      0.00      0.00      0.00      0.00      0.00      0.00      0.00
04:08:30 AM      0.00      0.00      0.00      0.00      0.00      0.00      0.00      0.00
04:08:35 AM      0.00      0.00      0.00      0.00      0.00      0.00      0.00      0.00
04:08:40 AM      0.00      0.00      0.00      0.00      0.00      0.00      0.00      0.00
04:08:45 AM      0.00      0.00      0.00      0.00      0.00      0.00      0.00      0.00
04:08:50 AM      0.00      0.00      0.00      0.00      0.00      0.00      0.00      0.00
04:08:55 AM      0.00      0.00      0.00      0.00      0.00      0.00      0.00      0.00
04:09:00 AM      0.00      0.00      0.00      0.00      0.00      0.00      0.00      0.00
04:09:05 AM      0.00      0.00      0.00      0.00      0.00      0.00      0.00      0.00
04:09:10 AM      0.00      0.00      0.00      0.00      0.00      0.00      0.00      0.00
04:09:15 AM      0.00      0.00      0.00      0.00      0.00      0.00      0.00      0.00
04:09:20 AM      0.00      0.00      0.00      0.00      0.00      0.00      0.00      0.00
04:09:25 AM      0.00      0.00      0.00      0.00      0.00      0.00      0.00      0.00
04:09:30 AM      0.00      0.00      0.00      0.00      0.00      0.00      0.00      0.00
04:09:35 AM      0.00      0.00      0.00      0.00      0.00      0.00      0.00      0.00
04:09:40 AM      0.00      0.00      0.00      0.00      0.00      0.00      0.00      0.00
04:09:45 AM      0.00      0.00      0.00      0.00      0.00      0.00      0.00      0.00
04:09:50 AM      0.00      0.00      0.00      0.00      0.00      0.00      0.00      0.00
04:09:55 AM      0.00      0.00      0.00      0.00      0.00      0.00      0.00      0.00
04:10:00 AM      0.00      0.00      0.00      0.00      0.00      0.00      0.00      0.00
04:10:05 AM      0.00      0.00      0.00      0.00      0.00      0.00      0.00      0.00
04:10:10 AM      0.00      0.00      0.00      0.00      0.00      0.00      0.00      0.00
04:10:15 AM      0.00      0.00      0.00      0.00      0.00      0.00      0.00      0.00
04:10:20 AM      0.00      0.00      0.00      0.00      0.00      0.00      0.00      0.00
04:10:25 AM      0.00      0.00      0.00      0.00      0.00      0.00      0.00      0.00
04:10:30 AM      0.00      0.00      0.00      0.00      0.00      0.00      0.00      0.00
04:10:35 AM      0.00      0.00      0.00      0.00      0.00      0.00      0.00      0.00
04:10:40 AM      0.00      0.00      0.00      0.00      0.00      0.00      0.00      0.00
04:10:45 AM      0.00      0.00      0.00      0.00      0.00      0.00      0.00      0.00
04:10:50 AM      0.00      0.00      0.00      0.00      0.00      0.00      0.00      0.00
04:10:55 AM      0.00      0.00      0.00      0.00      0.00      0.00      0.00      0.00
04:11:00 AM      0.00      0.00      0.00      0.00      0.00      0.00      0.00      0.00
04:11:05 AM      0.00      0.00      0.00      0.00      0.00      0.00      0.00      0.00
04:11:10 AM      0.00      0.00      0.00      0.00      0.00      0.00      0.00      0.00
04:11:15 AM      0.00      0.00      0.00      0.00      0.00      0.00      0.00      0.00
04:11:20 AM      0.00      0.00      0.00      0.00      0.00      0.00      0.00      0.00
04:11:25 AM      0.00      0.00      0.00      0.00      0.00      0.00      0.00      0.00
04:11:30 AM      0.00      0.00      0.00      0.00      0.00      0.00      0.00      0.00
04:11:35 AM      0.00      0.00      0.00      0.00      0.00      0.00      0.00      0.00
04:11:40 AM      0.00      0.00      0.00      0.00      0.00      0.00      0.00      0.00
04:11:45 AM      0.00      0.00      0.00      0.00      0.00      0.00      0.00      0.00
04:11:50 AM      0.00      0.00      0.00      0.00      0.00      0.00      0.00      0.00
04:11:55 AM      0.00      0.00      0.00      0.00      0.00      0.00      0.00      0.00
04:12:00 AM      0.00      0.00      0.00      0.00      0.00      0.00      0.00      0.00
04:12:05 AM      0.00      0.00      0.00      0.00      0.00      0.00      0.00      0.00
04:12:10 AM      0.00      0.00      0.00      0.00      0.00      0.00      0.00      0.00
04:12:15 AM      0.00      0.00      0.00      0.00      0.00      0.00      0.00      0.00
04:12:20 AM      0.00      0.00      0.00      0.00      0.00      0.00      0.00      0.00
04:12:25 AM      0.00      0.00      0.00      0.00      0.00      0.00      0.00      0.00
04:12:30 AM      0.00      0.00      0.00      0.00      0.00      0.00      0.00      0.00
04:12:35 AM      0.00      0.00      0.00      0.00      0.00      0.00      0.00      0.00
04:12:40 AM      0.00      0.00      0.00      0.00      0.00      0.00      0.00      0.00
04:12:45 AM      0.00      0.00      0.00      0.00      0.00      0.00      0.00      0.00
04:12:50 AM      0.00      0.00      0.00      0.00      0.00      0.00      0.00      0.00
04:12:55 AM      0.00      0.00      0.00      0.00      0.00      0.00      0.00      0.00
04:13:00 AM      0.00      0.00      0.00      0.00      0.00      0.00      0.00      0.00
04:13:05 AM      0.00      0.00      0.00      0.00      0.00      0.00      0.00      0.00
04:13:10 AM      0.00      0.00      0.00      0.00      0.00      0.00      0.00      0.00
04:13:15 AM      0.00      0.00      0.00      0.00      0.00      0.00      0.00      0.00
04:13:20 AM      0.00      0.00      0.00      0.00      0.00      0.00      0.00      0.00
04:13:25 AM      0.00      0.00      0.00      0.00      0.00      0.00      0.00      0.00
04:13:30 AM      0.00      0.00      0.00      0.00      0.00      0.00      0.00      0.00
04:13:35 AM      0.00      0.00      0.00      0.00      0.00      0.00      0.00      0.00
04:13:40 AM      0.00      0.00      0.00      0.00      0.00      0.00      0.00      0.00
04:13:45 AM      0.00      0.00      0.00      0.00      0.00      0.00      0.00      0.00
04:13:50 AM      0.00      0.00      0.00      0.00      0.00      0.00      0.00      0.00
04:13:55 AM      0.00      0.00      0.00      0.00      0.00      0.00      0.00      0.00
04:14:00 AM      0.00      0.00      0.00      0.00      0.00      0.00      0.00      0.00
04:14:05 AM      0.00      0.00      0.00      0.00      0.00      0.00      0.00      0.00
04:14:10 AM      0.00      0.00      0.00      0.00      0.00      0.00      0.00      0.00
04:14:15 AM      0.00      0.00      0.00      0.00      0.00      0.00      0.00      0.00
04:14:20 AM      0.00      0.00      0.00      0.00      0.00      0.00      0.00      0.00
04:14:25 AM      0.00      0.00      0.00      0.00      0.00      0.00      0.00      0.00
04:14:30 AM      0.00      0.00      0.00      0.00      0.00      0.00      0.00      0.00
04:14:35 AM      0.00      0.00      0.00      0.00      0.00      0.00      0.00      0.00
04:14:40 AM      0.00      0.00      0.00      0.00      0.00      0.00      0.00      0.00
04:14:45 AM      0.00      0.00      0.00      0.00      0.00      0.00      0.00      0.00
04:14:50 AM      0.00      0.00      0.00      0.00      0.00      0.00      0.00      0.00
04:14:55 AM      0.00      0.00      0.00      0.00      0.00      0.00      0.00      0.00
04:15:00 AM      0.00      0.00      0.00      0.00      0.00      0.00      0.00      0.00
04:15:05 AM      0.00      0.00      0.00      0.00      0.00      0.00      0.00      0.00
04:15:10 AM      0.00      0.00      0.00      0.00      0.00      0.00      0.00      0.00
04:15:15 AM      0.00      0.00      0.00      0.00      0.00      0.00      0.00      0.00
04:15:20 AM      0.00      0.00      0.00      0.00      0.00      0.00      0.00      0.00
04:15:25 AM      0.00      0.00      0.00      0.00      0.00      0.00      0.00      0.00
04:15:30 AM      0.00      0.00      0.00      0.00      0.00      0.00      0.00      0.00
04:15:35 AM      0.00      0.00      0.00      0.00      0.00      0.00      0.00      0.00
04:15:40 AM      0.00      0.00      0.00      0.00      0.00      0.00      0.00      0.00
04:15:45 AM      0.00      0.00      0.00      0.00      0.00      0.00      0.00      0.00
04:15:50 AM      0.00      0.00      0.00      0.00      0.00      0.00      0.00      0.00
04:15:55 AM      0.00      0.00      0.00      0.00      0.00      0.00      0.00      0.00
04:16:00 AM      0.00      0.00      0.00      0.00      0.00      0.00      0.00      0.00
04:16:05 AM      0.00      0.00      0.00      0.00      0.00      0.00      0.00      0.00
04:16:10 AM      0.00      0.00      0.00      0.00      0.00      0.00      0.00      0.00
04:16:15 AM      0.00      0.00      0.00      0.00      0.00      0.00      0.00      0.00
04:16:20 AM      0.00      0.00      0.00      0.00      0.00      0.00      0.00      0.00
04:16:25 AM      0.00      0.00      0.00      0.00      0.00      0.00      0.00      0.00
04:16:30 AM      0.00      0.00      0.00      0.00      0.00      0.00      0.00      0.00
04:16:35 AM      0.00      0.00      0.00      0.00      0.00      0.00      0.00      0.00
04:16:40 AM      0.00      0.00      0.00      0.00      0.00      0.00      0.00      0.00
04:16:45 AM      0.00      0.00      0.00      0.00      0.00      0.00      0.00      0.00
04:16:50 AM      0.00      0.00      0.00      0.00      0.00      0.00      0.00      0.00
04:16:55 AM      0.00      0.00      0.00      0.00      0.00      0.00      0.00      0.00
04:17:00 AM      0.00      0.00      0.00      0.00      0.00      0.00      0.00      0.00
04:17:05 AM      0.00      0.00      0.00      0.00      0.00      0.00      0.00      0.00
04:17:10 AM      0.00      0.00      0.00      0.00      0.00      0.00      0.00      0.00
04:17:15 AM      0.00      0.00      0.00      0.00      0.00      0.00      0.00      0.00
04:17:20 AM      0.00      0.00      0.00      0.00      0.00      0.00      0.00      0.00
04:17:25 AM      0.00      0.00      0.00      0.00      0.00      0.00      0.00      0.00
04:17:30 AM      0.00      0.00      0.00      0.00      0.00      0.00      0.00      0.00
04:17:35 AM      0.00      0.00      0.00      0.00      0.00      0.00      0.00      0.00
04:17:40 AM      0.00      0.00      0.00      0.00      0.00      0.00      0.00      0.00
04:17:45 AM      0.00      0.00      0.00      0.00      0.00      0.00      0.00      0.00
04:17:50 AM      0.00      0.00      0.00      0.00      0.00      0.00      0.00      0.00
04:17:55 AM      0.00      0.00      0.00      0.00      0.00      0.00      0.00      0.00
04:18:00 AM      0.00      0.00      0.00      0.00      0.00      0.00      0.00      0.00
04:18:05 AM      0.00      0.00      0.00      0.00      0.00      0.00      0.00      0.00
04:18:10 AM      0.00      0.00      0.00      0.00      0.00      0.00      0.00      0.00
04:18:15 AM      0.00      0.00      0.00      0.00      0.00      0.00      0.00      0.00
04:18:20 AM      0.00      0.00      0.00      0.00      0.00      0.00      0.00      0.00
04:18:25 AM      0.00      0.00      0.00      0.00      0.00      0.00      0.00      0.00
04:18:30 AM      0.00      0.00      0.00      0.00      0.00      0.00      0.00      0.00
04:18:35 AM      0.00      0.00      0.00      0.00      0.00      0.00      0.00      0.00
04:18:40 AM      0.00      0.00      0.00      0.00      0.00      0.00      0.00      0.00
04:18:45 AM      0.00      0.00      0.00      0.00      0.00      0.00      0.00      0.00
04:18:50 AM      0.00      0.00      0.00      0.00      0.00      0.00      0.00      0.00
04:18:55 AM      0.00      0.00      0.00      0.00      0.00      0.00      0.00      0.00
04:19:00 AM      0.00      0.00      0.00      0.00      0.00      0.00      0.00      0.00
04:19:05 AM      0.00      0.00      0.00      0.00      0.00      0.00      0.00      0.00
04:19:10 AM      0.00      0.00      0.00      0.00      0.00      0.00      0.00      0.00
04:19:15 AM      0.00      0.00      0.00      0.00      0.00      0.00      0.00      0.00
04:19:20 AM      0.00      0.00      0.00      0.00      0.00      0.00      0.00      0.00
04:19:25 AM      0.00      0.00      0.00      0.00      0.00      0.00      0.00      0.00
04:19:30 AM      0.00      0.00      0.00      0.00      0.00      0.00      0.00      0.00
04:19:35 AM      0.00      0.00      0.00      0.00      0.00      0.00      0.00      0.00
04:19:40 AM      0.00      0.00      0.00      0.00      0.00      0.00      0.00      0.00
04:19:45 AM      0.00      0.00      0.00      0.00      0.00      0.00      0.00      0.00
04:19:50 AM      0.00      0.00      0.00      0.00      0.00      0.00      0.00      0.00
04:19:55 AM      0.00      0.00      0.00      0.00      0.00      0.00      0.00      0.00
04:20:00 AM      0.00      0.00      0.00      0.00      0.00      0.00      0.00      0.00
04:20:05 AM      0.00      0.00      0.00      0.00      0.00      0.00      0.00      0.00
04:20:10 AM      0.00      0.00      0.00      0.00      0.00      0.00      0.00      0.00
04:20:15 AM      0.00      0.00      0.00      0.00      0.00      0.00      0.00      0.00
04:20:20 AM      0.00      0.00      0.00      0.00      0.00      0.00      0.00      0.00
04:20:25 AM      0.00      0.00      0.00      0.00      0.00      0.00      0.00      0.00
04:20:30 AM      0.00      0.00      0.00      0.00      0.00      0.00      0.00      0.00
04:20:35 AM      0.00      0.00      0.00      0.00      0.00      0.00      0.00      0.00
04:20:40 AM      0.00      0.00      0.00      0.00      0.00      0.00      0.00      0.00
04:20:45 AM      0.00      0.00      0.00      0.00      0.00      0.00      0.00      0.00
04:20:50 AM      0.00      0.00      0.00      0.00      0.00      0.00      0.00      0.00
04:20:55 AM      0.00      0.00      0.00      0.00      0.00      0.00      0.00      0.00
04:21:00 AM      0.00      0.00      0.00      0.00      0.00      0.00      0.00      0.00
04:21:05 AM      0.00      0.00      0.00      0.00      0.00      0.00      0.00      0.00
04:21:10 AM      0.00      0.00      0.00      0.00      0.00      0.00      0.00      0.00
04:21:15 AM      0.00      0.00      0.00      0.00      0.00      0.00      0.00      0.00
04:21:20 AM      0.00      0.00      0.00      0.00      0.00      0.00      0.00      0.00
04:21:25 AM      0.00      0.00      0.00      0.00      0.00      0.00      0.00      0.00
04:21:30 AM      0.00      0.00      0.00      0.00      0.00      0.00      0.00      0.00
04:21:35 AM      0.00      0.00      0.00      0.00      0.00      0.00      0.00      0.00
04:21:40 AM      0.00      0.00      0.00      0.00      0.00      0.00      0.00      0.00
04:21:45 AM      0.00      0.00      0.00      0.00      0.00      0.00      0.00      0.00
04:21:50 AM      0.00      0.00      0.00      0.00      0.00      0.00      0.00      0.00
04:21:55 AM      0.00      0.00      0.00      0.00      0.00      0.00      0.00      0.00
04:22:00 AM      0.00      0.00      0.00      0.00      0.00      0.00      0.00      0.00
04:22:05 AM      0.00      0.00      0.00      0.00      0.00      0.00      0.00      0.00
04:22:10 AM      0.00      0.00      0.00      0.00      0.00      0.00      0.00      0.00
04:22:15 AM      0.00      0.00      0.00      0.00      0.00      0.00      0.00      0.00
04:22:20 AM      0.00      0.00      0.00      0.00      0.00      0.00      0.00      0.00
04:22:25 AM      0.00      0.00      0.00      0.00      0.00      0.00      0.00      0.00
04:22:30 AM      0.00      0.00      0.00      0.00      0.00      0.00      0.00      0.00
04:22:35 AM      0.00      0.00      0.00      0.00      0.00      0.00      0.00      0.00
04:22:40 AM      0.00      0.00      0.00      0.00      0.00      0.00      0.00      0.00
04:22:45 AM      0.00      0.00      0.00      0.00      0.00      0.00      0.00      0.00
04:22:50 AM      0.00      0.00      0.00      0.00      0.00      0.00      0.00      0.00
04:22:55 AM      0.00      0.00      0.00      0.00      0.00      0.00      0.00      0.00
04:23:00 AM      0.00      0.00      0.00      0.00      0.00      0.00      0.00      0.00
04:23:05 AM      0.00      0.00      0.00      0.00      0.00      0.00      0.00      0.00
04:23:10 AM      0.00      0.00      0.00      0.00      0.00      0.00      0.00      0.00
04:23:15 AM      0.00      0.00      0.00      0.00      0.00      0.00      0.00      0.00
04:23:20 AM      0.00      0.00      0.00      0.00      0.00      0.00      0.00      0.00
04:23:25 AM      0.00      0.00      0.00      0.00      0.00      0.00      0.00      0.00
04:23:30 AM      0.00      0.00      0.00      0.00      0.00      0.00      0.00      0.00
04:23:35 AM      0.00      0.00      0.00      0.00      0.00      0.00      0.00      0.00
04:23:40 AM      0.00      0.00      0.00      0.00      0.00      0.00      0.00      0.00
04:23:45 AM      0.00      0.00      0.00      0.00      0.00      0.00      0.00      0.00
04:23:50 AM      0.00      0.00      0.00      0.00      0.00      0.00      0.00      0.00
04:23:55 AM      0.00      0.00      0.00      0.00      0.00      0.00      0.00      0.00
04:24:00 AM      0.00      0.00      0.00      0.00      0.00      0.00      0.00      0.00
04:24:05 AM      0.00      0.00      0.00      0.00      0.00      0.00      0.00      0.00
04:24:10 AM      0.00      0.00      0.00      0.00      0.00      0.00      0.00      0.00
04:24:15 AM      0.00      0.00      0.00      0.00      0.00      0.00      0.00      0.00
04:24:20 AM      0.00      0.00      0.00      0.00      0.00      0.00      0.00      0.00
04:24:25 AM      0.00      0.00      0.00      0.00      0.00      0.00      0.00      0.00
04:24:30 AM      0.00      0.00      0.00      0.00      0.00      0.00      0.00      0.00
04:24:35 AM      0.00      0.00      0.00      0.00      0.00      0.00      0.00      0.00
04:24:40 AM      0.00      0.00      0.00      0.00      0.00      0.00      0.00      0.00
04:24:45 AM      0.00      0.00      0.00      0.00      0.00      0.00      0.00      0.00
04:24:50 AM      0.00      0.00      0.00      0.00      0.00      0.00      0.00      0.00
04:24:55 AM      0.00      0.00      0.00      0.00      0.00      0.00      0.00      0.00
04:25:00 AM      0.00      0.00      0.00      0.00      0.00      0.00      0.00      0.00
04:25:05 AM      0.00      0.00      0.00      0.00      0.00      0.00      0.00      0.00
04:25:10 AM      0.00      0.00      0.00      0.00      0.00      0.00      0.00      0.00
04:25:15 AM      0.00      0.00      0.00      0.00      0.00      0.00      0.00      0.00
04:25:20 AM      0.00      0.00      0.00      0.00      0.00      0.00      0.00      0.00
04:25:25 AM      0.00      0.00      0.00      0.00      0.00      0.00      0.00      0.00
04:25:30 AM      0.00      0.00      0.00      0.00      0.00      0.00      0.00      0.00
04:25:35 AM      0.00      0.00      0.00      0.00      0.00      0.00      0.00      0.00
04:25:40 AM      0.00      0.00      0.00      0.00      0.00      0.00      0.00      0.00
04:25:45 AM      0.00      0.00      0.00      0.00      0.00      0.00      0.00      0.00
04:25:50 AM      0.00      0.00      0.00      0.00      0.00      0.00      0.00      0.00
04:25:55 AM      0.00      0.00      0.00      0.00      0.00      0.00      0.00      0.00
04:26:00 AM      0.00      0.00      0.00      0.00      0.00      0.00      0.00      0.00
04:26:05 AM      0.00      0.00      0.00      0.00      0.00      0.00      0.00      0.00
04:26:10 AM      0.00      0.00      0.00      0.00      0.00      0.00      0.00      0.00
04:26:15 AM      0.00      0.00      0.00      0.00      0.00      0.00      0.00      0.00
04:26:20 AM      0.00      0.00      0.00      0.00      0.00      0.00      0.00      0.00
04:26:25 AM      0.00      0.00      0.00      0.00      0.00      0.00      0.00      0.00
04:26:30 AM      0.00      0.00      0.00      0.00      0.00      0.00      0.00      0.00
04:26:35 AM      0.00      0.00      0.00      0.00      0.00      0.00      0.00      0.00
04:26:40 AM      0.00      0.00      0.00      0.00      0.00      0.00      0.00      0.00
04:26:45 AM      0.00      0.00      0.00      0.00      0.00      0.00      0.00      0.00
04:26:50 AM      0.00      0.00      0.00      0.00      0.00      0.00      0.00      0.00
04:26:55 AM      0.00      0.00      0.00      0.00      0.00      0.00      0.00      0.00
04:27:00 AM      0.00      0.00      0.00      0.00      0.00      0.00      0.00      0.00
04:27:05 AM      0.00      0.00      0.00      0.00      0.00      0.00      0.00      0.00
04:27:10 AM      0.00      0.00      0.00      0.00      0.00      0.00      0.00      0.00
04:27:15 AM      0.00      0.00      0.00      0.00      0.00      0.00      0.00      0.00
04:27:20 AM      0.00      0.00      0.00      0.00      0.00      0.00      0.00      0.00
04:27:25 AM      0.00      0.00      0.00      0.00      0.00      0.00      0.00      0.00
04:27:30 AM      0.00      0.00      0.00      0.00      0.00      0.00      0.00      0.00
04:27:35 AM      0.00      0.00      0.00      0.00      0.00      0.00      0.00      0.00
04:27:40 AM      0.00      0.00      0.00      0.00      0.00      0.00      0.00      0.00
04:27:45 AM      0.00      0.00      0.00      0.00      0.00      0.00      0.00      0.00
04:27:50 AM      0.00      0.00      0.00      0.00      0.00      0.00      0.00      0.00
04:27:55 AM      0.00      0.00      0.00      0.00      0.00      0.00      0.00      0.00
04:28:00 AM      0.00      0.00      0.00      0.00      0.00      0.00      0.00      0.00
04:28:05 AM      0.00      0.00      0.00      0.00      0.00      0.00      0.00      0.00
04:28:10 AM      0.00      0.00      0.00      0.00      0.00      0.00      0.00      0.00
04:28:15 AM      0.00      0.00      0.00      0.00      0.00      0.00      0.00      0.00
04:28:20 AM      0.00      0.00      0.00      0.00      0.00      0.00      0.00      0.00
04:28:25 AM      0.00      0.00      0.00      0.00      0.00      0.00      0.00      0.00
04:28:30 AM      0.00      0.00      0.00      0.00      0.00      0.00      0.00      0.00
04:28:35 AM      0.00      0.00      0.00      0.00      0.00      0.00      0.00      0.00
04:28:40 AM      0.00      0.00      0.00      0.00      0.00      0.00      0.00      0.00
04:28:45 AM      0.00      0.00      0.00      0.00      0.00      0.00      0.00      0.00
04:28:50 AM      0.00      0.00      0.00      0.00      0.00      0.00      0.00      0.00
04:28:55 AM      0.00      0.00      0.00      0.00      0.00      0.00      0.00      0.00
04:29:00 AM      0.00      0.00      0.00      0.00      0.00      0.00      0.00      0.00
04:29:05 AM      0.00      0.00      0.00      0.00      0.00      0.00      0.00      0.00
04:29:10 AM      0.00      0.00      0.00      0.00      0.00      0.00      0.00      0.00
04:29:15 AM      0.00      0.00      0.00      0.00      0.00      0.00      0.00      0.00
04:29:20 AM      0.00      0.00      0.00      0.00      0.00      0.00      0.00      0.00
04:29:25 AM      0.00      0.00      0.00      0.00      0.00      0.00      0.00      0.00
04:29:30 AM      0.00      0.00      0.00      0.00      0.00      0.00      0.00      0.00
04:29:35 AM      0.00      0.00      0.00      0.00      0.00      0.00      0.00      0.00
04:29:40 AM      0.00      0.00      0.00      0.00      0.00      0.00      0.00      0.00
04:29:45 AM      0.00      0.00      0.00      0.00      0.00      0.00      0.00      0.00
04:29:50 AM      0.00      0.00      0.00      0.00      0.00      0.00      0.00      0.00
04:29:55 AM      0.00      0.00      0.00      0.00      0.00      0.00      0.00      0.00
04:30:00 AM      0.00      0.00      0.00      0.00      0.00      0.00      0.00      0.00
04:30:05 AM      0.00      0.00      0.00      0.00      0.00      0.00      0.00      0.00
04:30:10 AM      0.00      0.00      0.00      0.00      0.00      0.00      0.00      0.00
04:30:15 AM      0.00      0.00      0.00      0.00      0.00      0.00      0.00      0.00
04:30:20 AM      0.00      0.00      0.00      0.00      0.00      0.00      0.00      0.00
04:30:25 AM      0.00      0.00      0.00      0.00      0.00      0.00      0.00      0.00
04:30:30 AM      0.00      0.00      0.00      0.00      0.00      0.00      0.00      0.00
04:30:35 AM      0.00      0.00      0.00      0.00      0.00      0.00      0.00      0.00
04:30:40 AM      0.00      0.00      0.00      0.00      0.00      0.00      0.00      0.00
04:30:45 AM      0.00      0.00      0.00      0.00      0.00      0.00      0.00      0.00
04:30:50 AM      0.00      0.00      0.00      0.00      0.00      0.00      0.00      0.00
04:30:55 AM      0.00      0.00      0.00      0.00      0.00      0.00      0.00      0.00
04:31:00 AM      0.00      0.00      0.00      0.00      0.00      0.00      0.00      0.00
04:31:05 AM      0.00      0.00      0.00      0.00      0.00      0.00      0.00      0.00
04:31:10 AM      0.00      0.00      0.00      0.00      0.00      0.00      0.00      0.00
04:31:15 AM      0.00      0.00      0.00      0.00      0.00      0.00      0.00      0.00
04:31:20 AM      0.00      0.00      0.00      0.00      0.00      0.00      0.00      0.00
04:31:25 AM      0.00      0.00      0.00      0.00      0.00      0.00      0.00      0.00
04:31:30 AM      0.00      0.00      0.00      0.00      0.00      0.00      0.00      0.00
04:31:35 AM      0.00      0.00      0.00      0.00      0.00      0.00      0.00      0.00
04:31:40 AM      0.00      0.00      0.00      0.00      0.00      0.00      0.00      0.00
04:31:45 AM      0.00      0.00      0.00      0.00      0.00      0.00      0.00      0.00
04:31:50 AM      0.00      0.00      0.00      0.00      0.00      0.00      0.00      0.00
04:31:55 AM      0.00      0.00      0.00      0.00      0.00      0.00      0.00      0.00
04:32:00 AM      0.00      0.00      0.00      0.00      0.00      0.00      0.00      0.00
04:32:05 AM      0.00      0.00      0.00      0.00      0.00      0.00      0.00      0.00
04:32:10 AM      0.00      0.00      0.00      0.00      0.00      0.00      0.00      0.00
04:32:15 AM      0.00      0.00      0.00      0.00      0.00      0.00      0.00      0.00
04:32:20 AM      0.00      0.00      0.00      0.00      0.00      0.00      0.00      0.00
04:32:25 AM      0.00      0.00      0.00      0.00      0.00      0.00      0.00      0.00
04:32:30 AM      0.00      0.00      0.00      0.00      0.00      0.00      0.00      0.00
04:32:35 AM      0.00      0.00      0.00      0.00      0.00      0.00      0.00      0.00
04:32:40 AM      0.00      0.00      0.00      0.00      0.00      0.00      0.00      0.00
04:32:45 AM      0.00      0.00      0.00      0.00      0.00      0.00      0.00      0.00
04:32:50 AM      0.00      0.00      0.00      0.00      0.00      0.00      0.00      0.00
04:32:55 AM      0.00      0.00      0.00      0.00      0.00      0.00      0.00      0.00
04:33:00 AM      0.00      0.00      0.00      0.00      0.00      0.00      0.00      0.00
04:33:05 AM      0.00      0.00      0.00      0.00      0.00      0.00      0.00      0.00
04:33:10 AM      0.00      0.00      0.00      0.00      0.00      0.00      0.00      0.00
04:33:15 AM      0.00      0.00      0.00      0.00      0.00      0.00      0.00      0.00
04:33:20 AM      0.00      0.00      0.00      0.00      0.00      0.00      0.00      0.00
04:33:25 AM      0.00      0.00      0.00      0.00      0.00      0.00      0.00      0.00
04:33:30 AM      0.00      0.00      0.00      0.00      0.00      0.00      0.00      0.00
04:33:35 AM      0.00      0.00      0.00      0.00      0.00      0.00      0.00      0.00
04:33:40 AM      0.00      0.00      0.00      0.00      0.00      0.00      0.00      0.00
04:33:45 AM      0.00      0.00      0.00      0.00      0.00      0.00      0.00      0.00
04:33:50 AM      0.00      0.00      0.00      0.00      0.00      0.00      0.00      0.00
04:33:55 AM      0.00      0.00      0.00      0.00      0.00      0.00      0.00      0.00
04:34:00 AM      0.00      0.00      0.00      0.00      0.00      0.00      0.00      0.00
04:34:05 AM      0.00      0.00      0.00      0.00      0.00      0.00      0.00      0.00
04:34:10 AM      0.00      0.00      0.00      0.00      0.00      0.00      0.00      0.00
04:34:15 AM      0.00      0.00      0.00      0.00      0.00      0.00      0.00      0.00
04:34:20 AM      0.00      0.00      0.00      0.00      0.00      0.00      0.00      0.00
04:34:25 AM      0.00      0.00      0.00      0.00      0.00      0.00      0.00      0.00
04:34:30 AM      0.00      0.00      0.00      0.00      0.00      0.00      0.00      0.00
04:34:35 AM      0.00      0.00      0.00      0.00      0.00      0.00      0.00      0.00
04:34:40 AM      0.00      0.00      0.00      0.00      0.00      0.00      0.00      0.00
04:34:45 AM      0.00      0.00      0.00      0.00      0.00      0.00      0.00      0.00
04:34:50 AM      0.00      0.00      0.00      0.00      0.00      0.00      0.00      0.00
04:34:55 AM      0.00      0.00      0.00      0.00      0.00      0.00      0.00      0.00
04:35:00 AM      0.00      0.00      0.00      0.00      0.00      0.00      0.00      0.00
04:35:05 AM      0.00      0.00      0.00      0.00      0.00      0.00      0.00      0.00
04:35:10 AM      0.00      0.00      0.00      0.00      0.00      0.00      0.00      0.00
04:35:15 AM      0.00      0.00      0.00      0.00      0.00      0.00      0.00      0.00
04:35:20 AM      0.00      0.00      0.00      0.00      0.00      0.00      0.00      0.00
04:35:25 AM      0.00      0.00      0.00      0.00      0.00      0.00      0.00      0.00
04:35:30 AM      0.00      0.00      0.00      0.00      0.00      0.00      0.00      0.00
04:35:35 AM      0.00      0.00      0.00      0.00      0.00      0.00      0.00      0.00
04:35:40 AM      0.00      0.00      0.00      0.00      0.00      0.00      0.00      0.00
04:35:45 AM      0.00      0.00      0.00      0.00      0.00      0.00      0.00      0.00
04:35:50 AM      0.00      0.00      0.00      0.00      0.00      0.00      0.00      0.00
04:35:55 AM      0.00      0.00      0.00      0.00      0.00      0.00      0.00      0.00
04:36:00 AM      0.00      0.00      0.00      0.00      0.00      0.00      0.00      0.00
04:36:05 AM      0.00      0.00      0.00      0.00      0.00      0.00      0.00      0.00
04:36:10 AM      0.00      0.00      0.00      0.00      0.00      0.00      0.00      0.00
04:36:15 AM      0.00      0.00      0.00      0.00      0.00      0.00      0.00      0.00
04:36:20 AM      0.00      0.00      0.00      0.00      0.00      0.00      0.00      0.00
04:36:25 AM      0.00      0.00      0.00      0.00      0.00      0.00      0.00      0.00
04:36:30 AM      0.00      0.00      0.00      0.00      0.00      0.00      0.00      0.00
04:36:35 AM      0.00      0.00      0.00      0.00      0.00      0.00      0.00      0.00
04:36:40 AM      0.00      0.00      0.00      0.00      0.00      0.00      0.00      0.00
04:36:45 AM      0.00      0.00      0.00      0.00      0.00      0.00      0.00      0.00
04:36:50 AM      0.00      0.00      0.00      0.00      0.00      0.00      0.00      0.00
04:36:55 AM      0.00      0.00      0.00      0.00      0.00      0.00      0.00      0.00
04:37:00 AM      0.00      0.00      0.00      0.00      0.00      0.00      0.00      0.00
04:37:05 AM      0.00      0.00      0.00      0.00      0.00      0.00      0.00      0.00
04:37:10 AM      0.00      0.00      0.00      0.00      0.00      0.00      0.00      0.00
04:37:15 AM      0.00      0.00      0.00      0.00      0.00      0.00      0.00      0.00
04:37:20 AM      0.00      0.00      0.00      0.00      0.00      0.00      0.00      0.00
04:37:25 AM      0.00      0.00      0.00      0.00      0.00      0.00      0.00      0.00
04:37:30 AM      0.00      0.00      0.00      0.00      0.00      0.00      0.00      0.00
04:37:35 AM      0.00      0.00      0.00      0.00      0.00      0.00      0.00      0.00
04:37:40 AM      0.00      0.00      0.00      0.00      0.00      0.00      0.00      0.00
04:37:45 AM      0.00      0.00      0.00      0.00      0.00      0.00      0.00      0.00
04:37:50 AM      0.00      0.00      0.00      0.00      0.00      0.00      0.00      0.00
04:37:55 AM      0.00      0.00      0.00      0.00      0.00      0.00      0.00      0.00
04:38:00 AM      0.00      0.00      0.00      0.00      0.00      0.00      0.00      0.00
04:38:05 AM      0.00      0.00      0.00      0.00      0.00      0.00      0.00      0.00
04:38:10 AM      0.00      0.00      0.00      0.00      0.00      0.00      0.00      0.00
04:38:15 AM      0.00      0.00      0.00      0.00      0.00      0.00      0.00      0.00
04:38:20 AM      0.00      0.00      0.00      0.00      0.00      0.00      0.00      0.00
04:38:25 AM      0.00      0.00      0.00      0.00      0.00      0.00      0.00      0.00
04:38:30 AM      0.00      0.00      0.00      0.00      0.00      0.00      0.00      0.00
04:38:35 AM      0.00      0.00      0.00      0.00      0.00      0.00      0.00      0.00
04:38:40 AM      0.00      0.00      0.00      0.00      0.00      0.00      0.00      0.00
04:38:45 AM      0.00      0.00      0.00      0.00      0.00      0.00      0.00      0.00
04:38:50 AM      0.00      0.00      0.00      0.00      0.00      0.00      0.00      0.00
04:38:55 AM      0.00      0.00      0.00      0.00      0.00      0.00      0.00      0.00
04:39:00 AM      0.00      0.00      0.00      0.00      0.00      0.00      0.00      0.00
04:39:05 AM      0.00      0.00      0.00      0.00      0.00      0.00      0.00      0.00
04:39:10 AM      0.00      0.00      0.00      0.00      0.00      0.00      0.00      0.00
04:39:15 AM      0.00      0.00      0.00      0.00      0.00      0.00      0.00      0.00
04:39:20 AM      0.00      0.00      0.00      0.00      0.00      0.00      0.00      0.00
04:39:25 AM      0.00      0.00      0.00      0.00      0.00      0.00      0.00      0.00
04:39:30 AM      0.00      0.00      0.00      0.00      0.00      0.00      0.00      0.00
04:39:35 AM      0.00      0.00      0.00      0.00      0.00      0.00      0.00      0.00
04:39:40 AM      0.00      0.00      0.00      0.00      0.00      0.00      0.00      0.00
04:39:45 AM      0.00      0.00      0.00      0.00      0.00      0.00      0.00      0.00
04:39:50 AM      0.00      0.00      0.00      0.00      0.00      0.00      0.00      0.00
04:39:55 AM      5.00      1.10      0.23     14.35      5.00      1.10      0.23     14.35
04:40:00 AM      3.35      1.02      0.23      0.03      3.35      1.02      0.23      0.02
04:40:05 AM      1.84      0.93      0.22      0.00      1.84      0.93      0.22      0.00
04:40:10 AM      1.23      0.87      0.22      0.00      1.23      0.87      0.22      0.00
04:40:15 AM      0.67      0.78      0.21      0.00      0.67      0.78      0.21      0.00
04:40:20 AM      0.45      0.73      0.21      0.00      0.45      0.73      0.21      0.00
04:40:25 AM      0.24      0.66      0.20      0.00      0.24      0.66      0.20      0.00
04:40:30 AM      0.16      0.62      0.20      0.00      0.16      0.62      0.20      0.00
04:40:35 AM      0.09      0.56      0.20      0.00      0.09      0.56      0.20      0.00
04:40:40 AM      0.06      0.52      0.19      0.00      0.06      0.52      0.19      0.00
04:40:45 AM      0.03      0.47      0.19      0.00      0.03      0.47      0.19      0.00
04:40:50 AM      0.02      0.44      0.19      0.00      0.02      0.44      0.19      0.00
04:40:55 AM      0.01      0.40      0.18      0.00      0.01      0.40      0.18      0.00
04:41:00 AM      2.57      0.88      0.29      6.83      2.57      0.88      0.29      6.83
04:41:05 AM      1.41      0.80      0.28      0.00      1.41      0.80      0.28      0.00
04:41:10 AM      0.94      0.75      0.28      0.00      0.94      0.75      0.28      0.00
04:41:15 AM      0.52      0.67      0.27      0.00      0.52      0.67      0.27      0.00
04:41:20 AM      0.34      0.63      0.27      0.00      0.34      0.63      0.27      0.00
04:41:25 AM      0.19      0.57      0.26      0.00      0.19      0.57      0.26      0.00
04:41:30 AM      0.12      0.53      0.26      0.00      0.12      0.53      0.26      0.00
04:41:35 AM      0.06      0.48      0.25      0.00      0.06      0.48      0.25      0.00
04:41:40 AM      0.04      0.45      0.25      0.00      0.04      0.45      0.25      0.00
04:41:45 AM      0.02      0.40      0.24      0.00      0.02      0.40      0.24      0.00
04:41:50 AM      0.01      0.38      0.24      0.00      0.01      0.38      0.24      0.00
04:41:55 AM      0.00      0.34      0.23      0.00      0.00      0.34      0.23      0.00
04:42:00 AM      0.00      0.32      0.23      0.00      0.00      0.32      0.23      0.00
04:42:05 AM      0.00      0.29      0.22      0.00      0.00      0.29      0.22      0.00
04:42:10 AM      0.00      0.27      0.22      0.00      0.00      0.27      0.22      0.00
04:42:15 AM      0.00      0.24      0.21      0.00      0.00      0.24      0.21      0.00
04:42:20 AM      0.00      0.22      0.21      0.00      0.00      0.22      0.21      0.00
04:42:25 AM      0.00      0.20      0.20      0.00      0.00      0.20      0.20      0.00
04:42:30 AM      0.00      0.19      0.20      0.00      0.00      0.19      0.20      0.00
04:42:35 AM      0.00      0.17      0.20      0.00      0.00      0.17      0.20      0.00
04:42:40 AM      0.00      0.16      0.19      0.00      0.00      0.16      0.19      0.00
04:42:45 AM      0.00      0.14      0.19      0.00      0.00      0.14      0.19      0.00
04:42:50 AM      0.00      0.13      0.19      0.00      0.00      0.13      0.19      0.00
04:42:55 AM      0.00      0.12      0.18      0.00      0.00      0.12      0.18      0.00
04:43:00 AM      0.00      0.11      0.18      0.00      0.00      0.11      0.18      0.00
04:43:05 AM      0.00      0.10      0.18      0.00      0.00      0.10      0.18      0.00
04:43:10 AM      0.00      0.09      0.17      0.00      0.00      0.09      0.17      0.00
04:43:15 AM      0.00      0.08      0.17      0.00      0.00      0.08      0.17      0.00
04:43:20 AM      0.00      0.08      0.16      0.00      0.00      0.08      0.16      0.00
04:43:25 AM      0.00      0.07      0.16      0.00      0.00      0.07      0.16      0.00
04:43:30 AM      0.00      0.06      0.16      0.00      0.00      0.06      0.16      0.00
04:43:35 AM      0.00      0.05      0.15      0.00      0.00      0.05      0.15      0.00
04:43:40 AM      0.00      0.05      0.15      0.00      0.00      0.05      0.15      0.00
04:43:45 AM      0.00      0.04      0.15      0.00      0.00      0.04      0.15      0.00
04:43:50 AM      0.00      0.04      0.14      0.00      0.00      0.04      0.14      0.00
04:43:55 AM      0.00      0.04      0.14      0.00      0.00      0.04      0.14      0.00
04:44:00 AM      0.00      0.03      0.14      0.00      0.00      0.03      0.14      0.00
04:44:05 AM      0.00      0.03      0.13      0.00      0.00      0.03      0.13      0.00
04:44:10 AM      3.98      0.75      0.28     10.92      3.98      0.75      0.28     10.92
04:44:15 AM      2.91      0.86      0.32      1.16      2.91      0.86      0.32      1.16
04:44:20 AM      1.95      0.80      0.31      0.00      1.95      0.80      0.31      0.00
04:44:25 AM      1.07      0.72      0.30      0.00      1.07      0.72      0.30      0.00
04:44:30 AM      0.71      0.68      0.30      0.00      0.71      0.68      0.30      0.00
04:44:35 AM      0.39      0.61      0.29      0.00      0.39      0.61      0.29      0.00
04:44:40 AM      1.53      0.80      0.34      3.01      1.53      0.80      0.34      3.01
04:44:45 AM      0.84      0.72      0.33      0.01      0.84      0.72      0.33      0.00
04:44:50 AM      0.56      0.68      0.32      0.00      0.56      0.68      0.32      0.00
04:44:55 AM      0.30      0.61      0.32      0.00      0.30      0.61      0.32      0.00
04:45:00 AM      7.81      1.95      0.60     17.23      7.81      1.95      0.60     17.23
04:45:05 AM      4.29      1.76      0.59      0.00      4.29      1.76      0.59      0.00
04:45:10 AM      2.87      1.65      0.58      0.00      2.87      1.65      0.58      0.00
04:45:15 AM      1.57      1.49      0.56      0.01      1.57      1.49      0.56      0.01
04:45:20 AM      1.05      1.39      0.56      0.00      1.05      1.39      0.56      0.00
04:45:25 AM      0.58      1.26      0.54      0.00      0.58      1.26      0.54      0.00
04:45:30 AM      0.38      1.18      0.54      0.00      0.38      1.18      0.54      0.00
04:45:35 AM      0.21      1.06      0.52      0.00      0.21      1.06      0.52      0.00
04:45:40 AM      0.14      0.99      0.52      0.00      0.14      0.99      0.52      0.00
04:45:45 AM      0.07      0.90      0.50      0.00      0.07      0.90      0.50      0.00
04:45:50 AM      0.05      0.84      0.50      0.00      0.05      0.84      0.50      0.00
04:45:55 AM      0.02      0.76      0.49      0.00      0.02      0.76      0.49      0.00
04:46:00 AM      2.19      1.10      0.56      4.84      2.19      1.10      0.56      4.84
04:46:05 AM      1.20      1.00      0.55      0.00      1.20      1.00      0.55      0.00
04:46:10 AM      0.80      0.93      0.54      0.00      0.80      0.93      0.54      0.00
04:46:15 AM      0.44      0.84      0.53      0.00      0.44      0.84      0.53      0.00
04:46:20 AM      0.29      0.79      0.52      0.00      0.29      0.79      0.52      0.00
04:46:25 AM      0.16      0.71      0.51      0.00      0.16      0.71      0.51      0.00
04:46:30 AM      0.10      0.66      0.50      0.00      0.10      0.66      0.50      0.00
04:46:35 AM      0.05      0.60      0.49      0.01      0.05      0.60      0.49      0.01
04:46:40 AM      0.03      0.56      0.48      0.00      0.03      0.56      0.48      0.00
04:46:45 AM      0.02      0.51      0.47      0.00      0.02      0.51      0.47      0.00
04:46:50 AM      0.01      0.47      0.47      0.00      0.01      0.47      0.47      0.00
04:46:55 AM      0.00      0.43      0.46      0.03      0.00      0.43      0.46      0.03
04:47:00 AM      0.00      0.40      0.45      0.00      0.00      0.40      0.45      0.00
04:47:05 AM      0.00      0.36      0.44      0.06      0.00      0.36      0.44      0.06
04:47:10 AM      0.00      0.34      0.43      0.00      0.00      0.34      0.43      0.00
04:47:15 AM      0.00      0.30      0.42      0.01      0.00      0.30      0.42      0.01
04:47:20 AM      0.00      0.28      0.42      0.00      0.00      0.28      0.42      0.00
04:47:25 AM      0.00      0.25      0.41      0.00      0.00      0.25      0.41      0.00
04:47:30 AM      0.00      0.24      0.40      0.00      0.00      0.24      0.40      0.00
04:47:35 AM      0.00      0.21      0.39      0.00      0.00      0.21      0.39      0.00
04:47:40 AM      0.00      0.20      0.39      0.00      0.00      0.20      0.39      0.00
04:47:45 AM      0.00      0.18      0.38      0.00      0.00      0.18      0.38      0.00
04:47:50 AM      0.00      0.17      0.37      0.00      0.00      0.17      0.37      0.00
04:47:55 AM      0.00      0.15      0.36      0.00      0.00      0.15      0.36      0.00
04:48:00 AM      0.00      0.14      0.36      0.00      0.00      0.14      0.36      0.00
04:48:05 AM      0.00      0.12      0.35      0.00      0.00      0.12      0.35      0.00
04:48:10 AM      0.00      0.12      0.35      0.00      0.00      0.12      0.35      0.00
04:48:15 AM      0.00      0.10      0.34      0.00      0.00      0.10      0.34      0.00
04:48:20 AM      0.00      0.10      0.33      0.00      0.00      0.10      0.33      0.00
04:48:25 AM      0.00      0.09      0.33      0.00      0.00      0.09      0.33      0.00
04:48:30 AM      0.00      0.08      0.32      0.00      0.00      0.08      0.32      0.00
04:48:35 AM      0.00      0.07      0.31      0.00      0.00      0.07      0.31      0.00
04:48:40 AM      0.00      0.07      0.31      0.00      0.00      0.07      0.31      0.00
04:48:45 AM      0.00      0.06      0.30      0.00      0.00      0.06      0.30      0.00
04:48:50 AM      0.00      0.05      0.30      0.00      0.00      0.05      0.30      0.00
04:48:55 AM      0.00      0.05      0.29      0.00      0.00      0.05      0.29      0.00
04:49:00 AM      0.00      0.04      0.28      0.00      0.00      0.04      0.28      0.00
04:49:05 AM      0.00      0.04      0.28      0.00      0.00      0.04      0.28      0.00
04:49:10 AM      0.00      0.04      0.27      0.04      0.00      0.04      0.27      0.04
04:49:15 AM      0.00      0.03      0.27      0.00      0.00      0.03      0.27      0.00
04:49:20 AM      0.00      0.03      0.26      0.00      0.00      0.03      0.26      0.00
04:49:25 AM      0.00      0.02      0.26      0.00      0.00      0.02      0.26      0.00
04:49:30 AM      0.00      0.02      0.25      0.00      0.00      0.02      0.25      0.00
04:49:35 AM      0.00      0.02      0.25      0.00      0.00      0.02      0.25      0.00
04:49:40 AM      0.00      0.02      0.24      0.00      0.00      0.02      0.24      0.00
04:49:45 AM      0.00      0.01      0.24      0.00      0.00      0.01      0.24      0.00
04:49:50 AM      0.00      0.01      0.23      0.00      0.00      0.01      0.23      0.00
04:49:55 AM      0.00      0.01      0.23      0.00      0.00      0.01      0.23      0.00
04:50:00 AM      0.00      0.01      0.22      0.00      0.00      0.01      0.22      0.00
04:50:05 AM      0.00      0.01      0.22      0.00      0.00      0.01      0.22      0.00
04:50:10 AM      0.00      0.01      0.21      0.04      0.00      0.01      0.21      0.04
04:50:15 AM      0.00      0.00      0.21      0.00      0.00      0.00      0.21      0.00
04:50:20 AM      0.00      0.00      0.21      0.05      0.00      0.00      0.21      0.05
04:50:25 AM      0.00      0.00      0.20      0.00      0.00      0.00      0.20      0.00
04:50:30 AM      0.00      0.00      0.20      0.00      0.00      0.00      0.20      0.00
04:50:35 AM      0.00      0.00      0.19      0.00      0.00      0.00      0.19      0.00
04:50:40 AM      0.00      0.00      0.19      0.04      0.00      0.00      0.19      0.04
04:50:45 AM      0.00      0.00      0.19      0.00      0.00      0.00      0.19      0.00
04:50:50 AM      0.00      0.00      0.18      0.00      0.00      0.00      0.18      0.00
04:50:55 AM      0.00      0.00      0.18      0.00      0.00      0.00      0.18      0.00
04:51:00 AM      0.00      0.00      0.18      0.00      0.00      0.00      0.18      0.00
04:51:05 AM      0.00      0.00      0.17      0.00      0.00      0.00      0.17      0.00
04:51:10 AM      0.00      0.00      0.17      0.00      0.00      0.00      0.17      0.00
04:51:15 AM      0.00      0.00      0.16      0.00      0.00      0.00      0.16      0.00
04:51:20 AM      0.00      0.00      0.16      0.00      0.00      0.00      0.16      0.00
04:51:25 AM      0.00      0.00      0.16      0.00      0.00      0.00      0.16      0.00
04:51:30 AM      0.00      0.00      0.15      0.00      0.00      0.00      0.15      0.00
04:51:35 AM      0.00      0.00      0.15      0.00      0.00      0.00      0.15      0.00
04:51:40 AM      0.00      0.00      0.15      0.00      0.00      0.00      0.15      0.00
04:51:45 AM      0.00      0.00      0.14      0.03      0.00      0.00      0.14      0.03
04:51:50 AM      0.00      0.00      0.14      0.00      0.00      0.00      0.14      0.00
04:51:55 AM      0.00      0.00      0.14      0.02      0.00      0.00      0.14      0.02
04:52:00 AM      0.00      0.00      0.13      0.00      0.00      0.00      0.13      0.00
04:52:05 AM      0.00      0.00      0.13      0.00      0.00      0.00      0.13      0.00
04:52:10 AM      0.00      0.00      0.13      0.84      0.00      0.00      0.13      0.84
04:52:15 AM      6.13      1.40      0.43     17.76      6.13      1.40      0.43     17.74
04:52:20 AM      4.11      1.31      0.42      0.03      4.11      1.31      0.42      0.02
04:52:25 AM      2.25      1.18      0.42      0.00      2.25      1.18      0.42      0.00
04:52:30 AM      1.51      1.11      0.41      0.00      1.51      1.11      0.41      0.00
04:52:35 AM      0.83      1.00      0.40      0.03      0.83      1.00      0.40      0.03
04:52:40 AM      0.55      0.93      0.39      0.00      0.55      0.93      0.39      0.00
04:52:45 AM      0.30      0.84      0.39      0.00      0.30      0.84      0.39      0.00
04:52:50 AM      0.20      0.79      0.38      0.00      0.20      0.79      0.38      0.00
04:52:55 AM      0.11      0.71      0.37      0.00      0.11      0.71      0.37      0.00
04:53:00 AM      0.07      0.67      0.37      0.00      0.07      0.67      0.37      0.00
04:53:05 AM      0.40      0.67      0.37      0.97      0.40      0.67      0.37      0.97
04:53:10 AM      0.26      0.62      0.37      0.00      0.26      0.62      0.37      0.00
04:53:15 AM      0.14      0.56      0.36      0.00      0.14      0.56      0.36      0.00
04:53:20 AM      0.09      0.53      0.35      0.00      0.09      0.53      0.35      0.00
04:53:25 AM      0.05      0.47      0.34      0.00      0.05      0.47      0.34      0.00
04:53:30 AM      0.03      0.44      0.34      0.00      0.03      0.44      0.34      0.00
04:53:35 AM      0.01      0.40      0.33      0.00      0.01      0.40      0.33      0.00
04:53:40 AM      0.01      0.37      0.33      0.00      0.01      0.37      0.33      0.00
04:53:45 AM      0.00      0.34      0.32      0.00      0.00      0.34      0.32      0.00
04:53:50 AM      0.00      0.31      0.31      0.00      0.00      0.31      0.31      0.00
04:53:55 AM      0.00      0.28      0.31      0.00      0.00      0.28      0.31      0.00
04:54:00 AM      0.00      0.26      0.30      5.69      0.00      0.26      0.30      5.69
04:54:05 AM      2.79      0.94      0.45      3.72      2.79      0.94      0.45      3.72
04:54:10 AM      1.87      0.88      0.44      0.00      1.87      0.88      0.44      0.00
04:54:15 AM      1.39      0.86      0.45      1.05      1.39      0.86      0.45      1.04
04:54:20 AM      0.93      0.81      0.44      0.00      0.93      0.81      0.44      0.00
04:54:25 AM      0.51      0.73      0.43      0.00      0.51      0.73      0.43      0.00
04:54:30 AM      0.34      0.68      0.42      0.00      0.34      0.68      0.42      0.00
04:54:35 AM      0.18      0.61      0.41      0.01      0.18      0.61      0.41      0.01
04:54:40 AM      0.12      0.57      0.41      0.00      0.12      0.57      0.41      0.00
04:54:45 AM      0.06      0.52      0.40      0.00      0.06      0.52      0.40      0.00
04:54:50 AM      0.04      0.48      0.39      0.00      0.04      0.48      0.39      0.00
04:54:55 AM      0.02      0.44      0.39      0.00      0.02      0.44      0.39      0.00
04:55:00 AM      0.01      0.41      0.38      0.00      0.01      0.41      0.38      0.00
04:55:05 AM      0.00      0.37      0.37      0.00      0.00      0.37      0.37      0.00
04:55:10 AM      0.00      0.34      0.36      0.00      0.00      0.34      0.36      0.00
04:55:15 AM      0.00      0.31      0.36      0.00      0.00      0.31      0.36      0.00
04:55:20 AM      0.00      0.29      0.35      0.00      0.00      0.29      0.35      0.00
04:55:25 AM      0.00      0.26      0.34      0.00      0.00      0.26      0.34      0.00
04:55:30 AM      0.00      0.24      0.34      0.00      0.00      0.24      0.34      0.00
04:55:35 AM      0.00      0.22      0.33      0.00      0.00      0.22      0.33      0.00
04:55:40 AM      0.00      0.20      0.33      0.00      0.00      0.20      0.33      0.00
04:55:45 AM      0.00      0.18      0.32      0.00      0.00      0.18      0.32      0.00
04:55:50 AM      0.00      0.17      0.31      0.00      0.00      0.17      0.31      0.00
04:55:55 AM      0.00      0.15      0.31      0.00      0.00      0.15      0.31      0.00
04:56:00 AM      0.00      0.14      0.30      0.00      0.00      0.14      0.30      0.00
04:56:05 AM      0.00      0.13      0.29      0.00      0.00      0.13      0.29      0.00
04:56:10 AM      0.00      0.12      0.29      0.00      0.00      0.12      0.29      0.00
04:56:15 AM      0.00      0.11      0.28      0.00      0.00      0.11      0.28      0.00
04:56:20 AM      0.00      0.10      0.28      0.00      0.00      0.10      0.28      0.00
04:56:25 AM      0.00      0.09      0.27      0.00      0.00      0.09      0.27      0.00
04:56:30 AM      0.00      0.08      0.27      0.00      0.00      0.08      0.27      0.00
04:56:35 AM      0.00      0.07      0.26      0.00      0.00      0.07      0.26      0.00
04:56:40 AM      0.00      0.07      0.26      0.00      0.00      0.07      0.26      0.00
04:56:45 AM      0.00      0.06      0.25      0.00      0.00      0.06      0.25      0.00
04:56:50 AM      0.00      0.05      0.25      0.00      0.00      0.05      0.25      0.00
04:56:55 AM      0.00      0.05      0.24      0.00      0.00      0.05      0.24      0.00
04:57:00 AM      0.00      0.04      0.24      0.00      0.00      0.04      0.24      0.00
04:57:05 AM      0.00      0.04      0.23      0.00      0.00      0.04      0.23      0.00
04:57:10 AM      0.00      0.04      0.23      0.09      0.00      0.04      0.23      0.09
04:57:15 AM      0.00      0.03      0.22      0.00      0.00      0.03      0.22      0.00
04:57:20 AM      0.00      0.03      0.22      0.00      0.00      0.03      0.22      0.00
04:57:25 AM      0.00      0.02      0.21      0.00      0.00      0.02      0.21      0.00
04:57:30 AM      0.00      0.02      0.21      0.00      0.00      0.02      0.21      0.00
04:57:35 AM      0.00      0.02      0.20      0.00      0.00      0.02      0.20      0.00
04:57:40 AM      0.00      0.02      0.20      0.00      0.00      0.02      0.20      0.00
04:57:45 AM      0.00      0.01      0.20      0.00      0.00      0.01      0.20      0.00
04:57:50 AM      0.00      0.01      0.19      0.00      0.00      0.01      0.19      0.00
04:57:55 AM      0.00      0.01      0.19      0.00      0.00      0.01      0.19      0.00
04:58:00 AM      0.00      0.01      0.19      0.00      0.00      0.01      0.19      0.00
04:58:05 AM      0.00      0.01      0.18      0.00      0.00      0.01      0.18      0.00
04:58:10 AM      0.00      0.01      0.18      0.00      0.00      0.01      0.18      0.00
04:58:15 AM      0.00      0.00      0.18      0.00      0.00      0.00      0.18      0.00
04:58:20 AM      0.00      0.00      0.17      0.00      0.00      0.00      0.17      0.00
04:58:25 AM      0.00      0.00      0.17      0.00      0.00      0.00      0.17      0.00
04:58:30 AM      0.00      0.00      0.16      0.00      0.00      0.00      0.16      0.00
04:58:35 AM      0.00      0.00      0.16      0.00      0.00      0.00      0.16      0.00
04:58:40 AM      0.00      0.00      0.16      0.00      0.00      0.00      0.16      0.00
04:58:45 AM      0.00      0.00      0.15      0.00      0.00      0.00      0.15      0.00
04:58:50 AM      0.00      0.00      0.15      0.00      0.00      0.00      0.15      0.00
04:58:55 AM      0.00      0.00      0.15      0.00      0.00      0.00      0.15      0.00
04:59:00 AM      0.00      0.00      0.14      0.00      0.00      0.00      0.14      0.00
04:59:05 AM      0.00      0.00      0.14      0.00      0.00      0.00      0.14      0.00
04:59:10 AM      0.00      0.00      0.14      0.00      0.00      0.00      0.14      0.00
04:59:15 AM      0.00      0.00      0.13      0.00      0.00      0.00      0.13      0.00
04:59:20 AM      0.00      0.00      0.13      0.00      0.00      0.00      0.13      0.00
04:59:25 AM      0.00      0.00      0.13      0.00      0.00      0.00      0.13      0.00
04:59:30 AM      0.00      0.00      0.13      0.00      0.00      0.00      0.13      0.00
04:59:35 AM      0.00      0.00      0.12      0.00      0.00      0.00      0.12      0.00
04:59:40 AM      0.00      0.00      0.12      0.00      0.00      0.00      0.12      0.00
04:59:45 AM      0.00      0.00      0.12      0.00      0.00      0.00      0.12      0.00
04:59:50 AM      0.00      0.00      0.12      0.00      0.00      0.00      0.12      0.00
04:59:55 AM      0.00      0.00      0.11      0.00      0.00      0.00      0.11      0.00
05:00:00 AM      0.00      0.00      0.11      0.00      0.00      0.00      0.11      0.00
05:00:05 AM      0.00      0.00      0.11      0.00      0.00      0.00      0.11      0.00
05:00:10 AM      0.00      0.00      0.11      0.00      0.00      0.00      0.11      0.00
05:00:15 AM      2.71      0.49      0.21      7.52      2.71      0.49      0.21      7.52
05:00:20 AM      4.93      1.12      0.35      7.15      4.93      1.12      0.35      7.14
05:00:25 AM      2.70      1.01      0.34      0.00      2.70      1.01      0.34      0.00
05:00:30 AM      1.81      0.95      0.33      0.00      1.81      0.95      0.33      0.00
05:00:35 AM      0.99      0.85      0.33      0.04      0.99      0.85      0.33      0.04
05:00:40 AM      0.66      0.80      0.32      0.00      0.66      0.80      0.32      0.00
05:00:45 AM      0.36      0.72      0.32      0.00      0.36      0.72      0.32      0.00
05:00:50 AM      0.24      0.67      0.31      0.00      0.24      0.67      0.31      0.00
05:00:55 AM      0.13      0.61      0.30      0.00      0.13      0.61      0.30      0.00
05:01:00 AM      0.08      0.57      0.30      0.00      0.08      0.57      0.30      0.00
05:01:05 AM      0.04      0.51      0.29      0.00      0.04      0.51      0.29      0.00
05:01:10 AM      0.03      0.48      0.29      3.91      0.03      0.48      0.29      3.91
05:01:15 AM      1.11      0.71      0.34      0.00      1.11      0.71      0.34      0.00
05:01:20 AM      0.74      0.66      0.34      0.00      0.74      0.66      0.34      0.00
05:01:25 AM      0.40      0.60      0.33      0.00      0.40      0.60      0.33      0.00
05:01:30 AM      0.27      0.56      0.32      0.00      0.27      0.56      0.32      0.00
05:01:35 AM      0.14      0.51      0.32      0.00      0.14      0.51      0.32      0.00
05:01:40 AM      0.10      0.47      0.31      0.00      0.10      0.47      0.31      0.00
05:01:45 AM      0.05      0.43      0.30      0.00      0.05      0.43      0.30      0.00
05:01:50 AM      0.03      0.40      0.30      0.00      0.03      0.40      0.30      0.00
05:01:55 AM      0.01      0.36      0.29      0.00      0.01      0.36      0.29      0.00
05:02:00 AM      0.01      0.33      0.29      0.00      0.01      0.33      0.29      0.00
05:02:05 AM      4.17      1.05      0.44     10.77      4.17      1.05      0.44     10.76
05:02:10 AM      5.02      1.46      0.53      4.65      5.02      1.46      0.53      4.65
05:02:15 AM      2.75      1.32      0.52      0.02      2.75      1.32      0.52      0.01
05:02:20 AM      1.84      1.24      0.51      0.00      1.84      1.24      0.51      0.00
05:02:25 AM      1.01      1.12      0.50      0.00      1.01      1.12      0.50      0.00
05:02:30 AM      0.67      1.04      0.49      0.00      0.67      1.04      0.49      0.00
05:02:35 AM      0.37      0.94      0.48      0.00      0.37      0.94      0.48      0.00
05:02:40 AM      0.24      0.88      0.48      0.17      0.24      0.88      0.48      0.17
05:02:45 AM      0.13      0.80      0.47      0.00      0.13      0.80      0.47      0.00
05:02:50 AM      0.09      0.75      0.46      0.00      0.09      0.75      0.46      0.00
05:02:55 AM      0.04      0.67      0.45      0.00      0.04      0.67      0.45      0.00
05:03:00 AM      0.03      0.63      0.44      0.00      0.03      0.63      0.44      0.00
05:03:05 AM      0.01      0.57      0.43      0.00      0.01      0.57      0.43      0.00
05:03:10 AM      0.01      0.53      0.43      0.00      0.01      0.53      0.43      0.00
05:03:15 AM      0.00      0.48      0.42      0.00      0.00      0.48      0.42      0.00
05:03:20 AM      0.00      0.45      0.41      0.00      0.00      0.45      0.41      0.00
05:03:25 AM      0.00      0.40      0.40      0.00      0.00      0.40      0.40      0.00
05:03:30 AM      0.00      0.38      0.40      0.00      0.00      0.38      0.40      0.00
05:03:35 AM      0.00      0.34      0.39      0.00      0.00      0.34      0.39      0.00
05:03:40 AM      0.00      0.32      0.38      0.00      0.00      0.32      0.38      0.00
05:03:45 AM      0.00      0.29      0.37      0.00      0.00      0.29      0.37      0.00
05:03:50 AM      0.00      0.27      0.37      0.00      0.00      0.27      0.37      0.00
05:03:55 AM      0.00      0.24      0.36      0.00      0.00      0.24      0.36      0.00
05:04:00 AM      0.00      0.22      0.35      0.00      0.00      0.22      0.35      0.00
05:04:05 AM      0.00      0.20      0.34      0.00      0.00      0.20      0.34      0.00
05:04:10 AM      0.00      0.19      0.34      0.00      0.00      0.19      0.34      0.00
05:04:15 AM      0.00      0.17      0.33      0.00      0.00      0.17      0.33      0.00
05:04:20 AM      0.00      0.16      0.33      0.00      0.00      0.16      0.33      0.00
05:04:25 AM      0.00      0.14      0.32      0.00      0.00      0.14      0.32      0.00
05:04:30 AM      0.00      0.13      0.32      0.00      0.00      0.13      0.32      0.00
05:04:35 AM      0.00      0.12      0.31      0.00      0.00      0.12      0.31      0.00
05:04:40 AM      0.00      0.11      0.30      0.00      0.00      0.11      0.30      0.00
05:04:45 AM      0.00      0.10      0.30      0.00      0.00      0.10      0.30      0.00
05:04:50 AM      0.00      0.09      0.29      0.00      0.00      0.09      0.29      0.00
05:04:55 AM      0.00      0.08      0.28      0.00      0.00      0.08      0.28      0.00
05:05:00 AM      0.00      0.08      0.28      0.00      0.00      0.08      0.28      0.00
05:05:05 AM      0.00      0.07      0.27      0.00      0.00      0.07      0.27      0.00
05:05:10 AM      0.00      0.06      0.27      0.00      0.00      0.06      0.27      0.00
05:05:15 AM      0.00      0.05      0.26      0.04      0.00      0.05      0.26      0.04
05:05:20 AM      0.00      0.05      0.26      0.00      0.00      0.05      0.26      0.00
05:05:25 AM      0.00      0.04      0.25      0.00      0.00      0.04      0.25      0.00
05:05:30 AM      0.00      0.04      0.25      0.00      0.00      0.04      0.25      0.00
05:05:35 AM      0.00      0.04      0.24      0.00      0.00      0.04      0.24      0.00
05:05:40 AM      0.00      0.03      0.24      0.00      0.00      0.03      0.24      0.00
05:05:45 AM      0.00      0.03      0.23      0.09      0.00      0.03      0.23      0.09
05:05:50 AM      0.00      0.03      0.23      0.00      0.00      0.03      0.23      0.00
05:05:55 AM      0.00      0.02      0.22      0.01      0.00      0.02      0.22      0.01
05:06:00 AM      0.00      0.02      0.22      0.00      0.00      0.02      0.22      0.00
05:06:05 AM      0.00      0.02      0.21      0.00      0.00      0.02      0.21      0.00
05:06:10 AM      0.00      0.02      0.21      0.10      0.00      0.02      0.21      0.10
05:06:15 AM      0.00      0.01      0.21      0.00      0.00      0.01      0.21      0.00
05:06:20 AM      0.00      0.01      0.20      0.00      0.00      0.01      0.20      0.00
05:06:25 AM      0.00      0.01      0.20      0.00      0.00      0.01      0.20      0.00
05:06:30 AM      0.00      0.01      0.20      0.02      0.00      0.01      0.20      0.02
05:06:35 AM      0.00      0.01      0.19      0.00      0.00      0.01      0.19      0.00
05:06:40 AM      0.00      0.01      0.19      0.02      0.00      0.01      0.19      0.02
05:06:45 AM      0.00      0.00      0.18      0.00      0.00      0.00      0.18      0.00
05:06:50 AM      0.00      0.00      0.18      0.04      0.00      0.00      0.18      0.04
05:06:55 AM      0.00      0.00      0.18      0.00      0.00      0.00      0.18      0.00
05:07:00 AM      0.00      0.00      0.17      0.05      0.00      0.00      0.17      0.05
05:07:05 AM      0.00      0.00      0.17      0.00      0.00      0.00      0.17      0.00
05:07:10 AM      0.00      0.00      0.17      0.02      0.00      0.00      0.17      0.02
05:07:15 AM      0.00      0.00      0.16      0.00      0.00      0.00      0.16      0.00
05:07:20 AM      0.00      0.00      0.16      0.00      0.00      0.00      0.16      0.00
05:07:25 AM      0.00      0.00      0.15      0.00      0.00      0.00      0.15      0.00
05:07:30 AM      0.00      0.00      0.15      0.00      0.00      0.00      0.15      0.00
05:07:35 AM      0.00      0.00      0.15      0.00      0.00      0.00      0.15      0.00
05:07:40 AM      0.00      0.00      0.14      0.00      0.00      0.00      0.14      0.00
05:07:45 AM      0.00      0.00      0.14      0.00      0.00      0.00      0.14      0.00
05:07:50 AM      0.00      0.00      0.14      0.31      0.00      0.00      0.14      0.31
05:07:55 AM      0.00      0.00      0.13      0.00      0.00      0.00      0.13      0.00
05:08:00 AM      0.00      0.00      0.13      0.02      0.00      0.00      0.13      0.02
05:08:05 AM      0.00      0.00      0.13      0.00      0.00      0.00      0.13      0.00
05:08:10 AM      0.00      0.00      0.13      0.00      0.00      0.00      0.13      0.00
05:08:15 AM      0.00      0.00      0.12      0.00      0.00      0.00      0.12      0.00
05:08:20 AM      0.54      0.09      0.14      9.12      0.54      0.09      0.14      9.12
05:08:25 AM      2.97      0.76      0.29      1.01      2.97      0.76      0.29      1.01
05:08:30 AM      1.99      0.71      0.28      0.00      1.99      0.71      0.28      0.00
05:08:35 AM      1.09      0.64      0.28      0.00      1.09      0.64      0.28      0.00
05:08:40 AM      0.73      0.60      0.27      0.00      0.73      0.60      0.27      0.00
05:08:45 AM      0.40      0.54      0.27      0.00      0.40      0.54      0.27      0.00
05:08:50 AM      0.26      0.50      0.26      0.00      0.26      0.50      0.26      0.00
05:08:55 AM      0.14      0.45      0.26      0.00      0.14      0.45      0.26      0.00
05:09:00 AM      0.09      0.43      0.25      0.00      0.09      0.43      0.25      0.00
05:09:05 AM      0.06      0.40      0.25      0.00      0.06      0.40      0.25      0.00
05:09:10 AM      0.03      0.36      0.24      0.00      0.03      0.36      0.24      0.00
05:09:15 AM      0.02      0.33      0.24      1.33      0.02      0.33      0.24      1.33
05:09:20 AM      0.37      0.39      0.25      0.01      0.37      0.39      0.25      0.01
05:09:25 AM      0.25      0.37      0.25      0.00      0.25      0.37      0.25      0.00
05:09:30 AM      0.13      0.33      0.24      0.00      0.13      0.33      0.24      0.00
05:09:35 AM      0.09      0.31      0.24      0.00      0.09      0.31      0.24      0.00
05:09:40 AM      0.05      0.28      0.23      0.00      0.05      0.28      0.23      0.00
05:09:45 AM      0.03      0.26      0.23      0.10      0.03      0.26      0.23      0.10
05:09:50 AM      0.01      0.23      0.22      0.00      0.01      0.23      0.22      0.00
05:09:55 AM      0.01      0.22      0.22      0.03      0.01      0.22      0.22      0.03
05:10:00 AM      0.00      0.20      0.22      0.00      0.00      0.20      0.22      0.00
05:10:05 AM      0.00      0.18      0.21      0.08      0.00      0.18      0.21      0.08
05:10:10 AM      0.00      0.16      0.21      0.00      0.00      0.16      0.21      0.00
05:10:15 AM      0.00      0.15      0.20      0.01      0.00      0.15      0.20      0.01
05:10:20 AM     19.71      3.86      0.98     50.64     19.53      3.83      0.98     50.61
05:10:25 AM     14.70      3.93      1.04      0.03     14.58      3.90      1.03      0.02
05:10:30 AM      8.07      3.56      1.02      0.00      8.00      3.53      1.01      0.00
05:10:35 AM      5.41      3.33      1.00      0.00      5.36      3.30      1.00      0.00
05:10:40 AM      2.97      3.01      0.98      0.00      2.94      2.99      0.97      0.00
05:10:45 AM      1.99      2.82      0.97      0.02      1.97      2.79      0.96      0.02
05:10:50 AM      1.09      2.55      0.95      0.00      1.08      2.53      0.94      0.00
05:10:55 AM      0.73      2.38      0.93      0.00      0.72      2.36      0.93      0.00
05:11:00 AM      0.40      2.16      0.91      0.00      0.39      2.14      0.91      0.00
05:11:05 AM      0.26      2.02      0.90      0.08      0.26      2.00      0.89      0.08
05:11:10 AM      0.14      1.82      0.88      0.00      0.14      1.81      0.88      0.00
05:11:15 AM      0.09      1.71      0.87      0.01      0.09      1.69      0.86      0.01
05:11:20 AM      0.05      1.54      0.85      0.00      0.05      1.53      0.84      0.00
05:11:25 AM      0.03      1.44      0.84      0.08      0.03      1.43      0.83      0.08
05:11:30 AM      0.01      1.30      0.82      0.00      0.01      1.29      0.81      0.00
05:11:35 AM      0.01      1.22      0.81      0.07      0.01      1.21      0.80      0.07
05:11:40 AM      0.00      1.10      0.79      0.00      0.00      1.09      0.79      0.00
05:11:45 AM      0.00      1.03      0.78      0.20      0.00      1.02      0.77      0.20
05:11:50 AM      0.00      0.93      0.76      0.00      0.00      0.92      0.76      0.00
05:11:55 AM      0.00      0.87      0.75      0.51      0.00      0.86      0.75      0.51
05:12:00 AM      0.12      0.82      0.74      0.00      0.12      0.81      0.74      0.00
05:12:05 AM      0.08      0.76      0.73      0.00      0.08      0.76      0.73      0.00
05:12:10 AM      0.04      0.69      0.72      0.00      0.04      0.68      0.71      0.00
05:12:15 AM      0.02      0.65      0.71      0.00      0.02      0.64      0.70      0.00
05:12:20 AM      0.01      0.58      0.69      0.00      0.01      0.58      0.69      0.00
05:12:25 AM      0.00      0.54      0.68      0.00      0.00      0.54      0.68      0.00
05:12:30 AM      0.00      0.49      0.67      0.00      0.00      0.49      0.66      0.00
05:12:35 AM      0.00      0.46      0.66      0.00      0.00      0.46      0.65      0.00
05:12:40 AM      0.00      0.41      0.64      0.00      0.00      0.41      0.64      0.00
05:12:45 AM      0.00      0.39      0.63      0.00      0.00      0.38      0.63      0.00
05:12:50 AM      0.00      0.35      0.62      0.00      0.00      0.35      0.62      0.00
05:12:55 AM      0.00      0.32      0.61      0.00      0.00      0.32      0.61      0.00
05:13:00 AM      0.00      0.29      0.60      0.11      0.00      0.29      0.59      0.11
05:13:05 AM      0.00      0.27      0.59      0.00      0.00      0.27      0.58      0.00
05:13:10 AM      0.29      0.31      0.59      0.90      0.29      0.31      0.59      0.90
05:13:15 AM      0.19      0.29      0.58     12.41      0.19      0.29      0.58     12.40
05:13:20 AM      5.78      1.65      0.87      5.97      5.78      1.65      0.87      5.97
05:13:25 AM      3.88      1.54      0.86      0.00      3.88      1.54      0.86      0.00
05:13:30 AM      2.13      1.39      0.84      0.00      2.13      1.39      0.84      0.00
05:13:35 AM      1.42      1.30      0.83      0.00      1.42      1.30      0.83      0.00
05:13:40 AM      0.78      1.18      0.81      0.00      0.78      1.18      0.81      0.00
05:13:45 AM      0.52      1.10      0.80      0.00      0.52      1.10      0.80      0.00
05:13:50 AM      0.28      1.00      0.78      0.00      0.28      0.99      0.78      0.00
05:13:55 AM      0.19      0.93      0.77      0.00      0.19      0.93      0.77      0.00
05:14:00 AM      0.10      0.84      0.76      0.00      0.10      0.84      0.75      0.00
05:14:05 AM      0.07      0.79      0.75      0.00      0.07      0.79      0.74      0.00
05:14:10 AM      0.03      0.71      0.73      0.00      0.03      0.71      0.73      0.00
05:14:15 AM      0.02      0.66      0.72      0.09      0.02      0.66      0.72      0.09
05:14:20 AM      0.01      0.60      0.70      0.00      0.01      0.60      0.70      0.00
05:14:25 AM      0.00      0.56      0.69      0.22      0.00      0.56      0.69      0.22
05:14:30 AM      0.00      0.51      0.68      0.00      0.00      0.51      0.68      0.00
05:14:35 AM      0.00      0.47      0.67      0.00      0.00      0.47      0.67      0.00
05:14:40 AM      0.00      0.43      0.65      0.00      0.00      0.43      0.65      0.00
05:14:45 AM      0.00      0.40      0.64      0.01      0.00      0.40      0.64      0.01
05:14:50 AM      0.00      0.36      0.63      0.00      0.00      0.36      0.63      0.00
05:14:55 AM      0.00      0.34      0.62      0.01      0.00      0.34      0.62      0.01
05:15:00 AM      0.00      0.30      0.61      0.00      0.00      0.30      0.61      0.00
05:15:05 AM      0.00      0.28      0.60      0.00      0.00      0.28      0.60      0.00
05:15:10 AM      0.00      0.25      0.59      0.00      0.00      0.25      0.58      0.00
05:15:15 AM      0.00      0.24      0.58      0.00      0.00      0.24      0.57      0.00
05:15:20 AM      0.00      0.21      0.56      0.00      0.00      0.21      0.56      0.00
05:15:25 AM      0.00      0.20      0.56      0.00      0.00      0.20      0.55      0.00
05:15:30 AM      7.26      1.73      0.88     19.70      7.26      1.73      0.88     19.70
05:15:35 AM      4.87      1.62      0.87      0.00      4.87      1.62      0.86      0.00
05:15:40 AM      2.67      1.46      0.85      0.00      2.67      1.46      0.84      0.00
05:15:45 AM      1.79      1.37      0.83      0.00      1.79      1.37      0.83      0.00
05:15:50 AM      0.98      1.24      0.82      0.00      0.98      1.24      0.81      0.00
05:15:55 AM      0.65      1.16      0.81      0.01      0.65      1.16      0.80      0.01
05:16:00 AM      0.36      1.04      0.79      0.00      0.36      1.04      0.79      0.00
05:16:05 AM      0.24      0.98      0.78      0.00      0.24      0.98      0.77      0.00
05:16:10 AM      0.13      0.88      0.76      0.00      0.13      0.88      0.76      0.00
05:16:15 AM      0.08      0.83      0.75      0.00      0.08      0.83      0.75      0.00
05:16:20 AM      0.04      0.75      0.73      0.00      0.04      0.75      0.73      0.00
05:16:25 AM     13.20      3.11      1.23     38.73     13.20      3.11      1.23     38.72
05:16:30 AM     10.82      3.70      1.40      2.50     10.82      3.70      1.40      2.50
05:16:35 AM      7.25      3.47      1.38      0.00      7.25      3.47      1.38      0.00
05:16:40 AM      3.98      3.14      1.35      0.00      3.98      3.14      1.35      0.00
05:16:45 AM      9.19      4.11      1.58     15.80      9.19      4.11      1.58     15.79
05:16:50 AM      5.41      3.81      1.57      0.00      5.41      3.81      1.56      0.00
05:16:55 AM      3.62      3.57      1.54      0.01      3.62      3.57      1.54      0.01
05:17:00 AM      1.99      3.23      1.51      0.00      1.99      3.23      1.51      0.00
05:17:05 AM      1.33      3.02      1.49      0.00      1.33      3.02      1.49      0.00
05:17:10 AM      0.73      2.73      1.46      0.00      0.73      2.73      1.46      0.00
05:17:15 AM      0.49      2.55      1.44      0.01      0.49      2.55      1.44      0.01
05:17:20 AM      6.83      3.70      1.71     17.63      6.83      3.70      1.71     17.63
05:17:25 AM      4.58      3.46      1.69      0.00      4.58      3.46      1.68      0.00
05:17:30 AM      2.51      3.13      1.65      0.00      2.51      3.13      1.65      0.00
05:17:35 AM      1.68      2.93      1.63      0.00      1.68      2.93      1.63      0.00
05:17:40 AM      0.92      2.65      1.59      0.00      0.92      2.65      1.59      0.00
05:17:45 AM      0.61      2.48      1.57      0.02      0.61      2.48      1.57      0.00
05:17:50 AM      0.33      2.24      1.54      0.00      0.33      2.24      1.54      0.00
05:17:55 AM      0.22      2.10      1.52      0.00      0.22      2.10      1.52      0.00
05:18:00 AM      0.12      1.90      1.48      0.00      0.12      1.90      1.48      0.00
05:18:05 AM      0.08      1.77      1.46      0.00      0.08      1.77      1.46      0.00
05:18:10 AM      0.04      1.60      1.43      0.00      0.04      1.60      1.43      0.00
05:18:15 AM      0.02      1.50      1.41      0.00      0.02      1.50      1.41      0.00
05:18:20 AM      0.01      1.36      1.38      0.00      0.01      1.36      1.38      0.00
05:18:25 AM      0.01      1.27      1.36      0.00      0.01      1.27      1.36      0.00
05:18:30 AM      0.18      1.18      1.34      0.47      0.18      1.18      1.34      0.47
05:18:35 AM      0.12      1.10      1.32      0.00      0.12      1.10      1.32      0.00
05:18:40 AM      0.06      1.00      1.30      0.67      0.06      1.00      1.30      0.67
05:18:45 AM      0.63      1.06      1.31      1.13      0.63      1.06      1.31      1.13
05:18:50 AM      0.35      0.96      1.28      0.01      0.35      0.96      1.28      0.01
05:18:55 AM      0.23      0.90      1.26      0.00      0.23      0.90      1.26      0.00
05:19:00 AM      0.12      0.81      1.23      0.00      0.12      0.81      1.23      0.00
05:19:05 AM      0.08      0.76      1.22      0.00      0.08      0.76      1.22      0.00
05:19:10 AM      0.04      0.68      1.19      0.00      0.04      0.68      1.19      0.00
05:19:15 AM      0.03      0.64      1.17      0.00      0.03      0.64      1.17      0.00
05:19:20 AM      0.01      0.58      1.15      0.00      0.01      0.58      1.15      0.00
05:19:25 AM      0.01      0.54      1.13      0.00      0.01      0.54      1.13      0.00
05:19:30 AM      0.00      0.49      1.11      0.00      0.00      0.49      1.11      0.00
05:19:35 AM      0.00      0.45      1.09      0.00      0.00      0.45      1.09      0.00
05:19:40 AM      0.00      0.41      1.07      0.00      0.00      0.41      1.07      0.00
05:19:45 AM      0.00      0.38      1.06      0.00      0.00      0.38      1.05      0.00
05:19:50 AM      0.00      0.35      1.03      0.00      0.00      0.35      1.03      0.00
05:19:55 AM      0.00      0.32      1.02      0.00      0.00      0.32      1.02      0.00
05:20:00 AM      0.00      0.29      1.00      0.00      0.00      0.29      1.00      0.00
05:20:05 AM      0.00      0.27      0.98      0.00      0.00      0.27      0.98      0.00
05:20:10 AM      0.00      0.24      0.96      0.00      0.00      0.24      0.96      0.00
05:20:15 AM      0.00      0.23      0.95      0.01      0.00      0.23      0.95      0.01
05:20:20 AM      0.00      0.20      0.93      0.00      0.00      0.20      0.93      0.00
05:20:25 AM      0.00      0.19      0.91      0.00      0.00      0.19      0.91      0.00
05:20:30 AM      0.00      0.17      0.90      0.00      0.00      0.17      0.89      0.00
05:20:35 AM      0.00      0.16      0.88      0.01      0.00      0.16      0.88      0.01
05:20:40 AM      0.00      0.14      0.86      0.00      0.00      0.14      0.86      0.00
05:20:45 AM      0.00      0.13      0.85      0.00      0.00      0.13      0.85      0.00
05:20:50 AM      0.00      0.12      0.83      0.00      0.00      0.12      0.83      0.00
05:20:55 AM      0.00      0.11      0.82      0.00      0.00      0.11      0.82      0.00
05:21:00 AM      0.00      0.10      0.80      0.00      0.00      0.10      0.80      0.00
05:21:05 AM      0.00      0.09      0.79      0.00      0.00      0.09      0.79      0.00
05:21:10 AM      0.00      0.08      0.78      0.00      0.00      0.08      0.77      0.00
05:21:15 AM      0.00      0.08      0.76      0.00      0.00      0.08      0.76      0.00
05:21:20 AM      0.00      0.07      0.75      0.00      0.00      0.07      0.75      0.00
05:21:25 AM      0.00      0.06      0.74      0.00      0.00      0.06      0.74      0.00
05:21:30 AM      0.00      0.06      0.72      0.00      0.00      0.06      0.72      0.00
05:21:35 AM      0.00      0.05      0.71      0.00      0.00      0.05      0.71      0.00
05:21:40 AM      0.00      0.04      0.70      0.00      0.00      0.04      0.70      0.00
05:21:45 AM      0.00      0.04      0.69      0.03      0.00      0.04      0.69      0.03
05:21:50 AM      0.00      0.04      0.67      0.00      0.00      0.04      0.67      0.00
05:21:55 AM      0.00      0.03      0.66      0.15      0.00      0.03      0.66      0.15
05:22:00 AM      0.00      0.03      0.65      0.00      0.00      0.03      0.65      0.00
05:22:05 AM      0.00      0.03      0.64      0.16      0.00      0.03      0.64      0.16
05:22:10 AM      0.00      0.02      0.62      0.00      0.00      0.02      0.62      0.00
05:22:15 AM      0.00      0.02      0.62      0.12      0.00      0.02      0.61      0.12
05:22:20 AM      0.00      0.02      0.60      0.00      0.00      0.02      0.60      0.00
05:22:25 AM      0.00      0.02      0.59      0.16      0.00      0.02      0.59      0.16
05:22:30 AM      0.00      0.01      0.58      0.00      0.00      0.01      0.58      0.00
05:22:35 AM      0.00      0.01      0.57      0.00      0.00      0.01      0.57      0.00
05:22:40 AM      0.00      0.01      0.56      0.00      0.00      0.01      0.56      0.00
05:22:45 AM      0.00      0.01      0.55      0.00      0.00      0.01      0.55      0.00
05:22:50 AM      0.00      0.01      0.54      0.00      0.00      0.01      0.54      0.00
05:22:55 AM      0.00      0.01      0.53      0.01      0.00      0.01      0.53      0.01
05:23:00 AM      0.00      0.00      0.52      0.00      0.00      0.00      0.52      0.00
05:23:05 AM      0.00      0.00      0.51      0.31      0.00      0.00      0.51      0.31
05:23:10 AM      0.00      0.00      0.50      0.00      0.00      0.00      0.50      0.00
05:23:15 AM      0.00      0.00      0.49      0.16      0.00      0.00      0.49      0.16
05:23:20 AM      0.00      0.00      0.48      0.00      0.00      0.00      0.48      0.00
05:23:25 AM      0.00      0.00      0.47      0.17      0.00      0.00      0.47      0.17
05:23:30 AM      0.00      0.00      0.46      0.00      0.00      0.00      0.46      0.00
05:23:35 AM      0.00      0.00      0.46      0.07      0.00      0.00      0.46      0.07
05:23:40 AM      0.00      0.00      0.45      0.00      0.00      0.00      0.45      0.00
05:23:45 AM      0.00      0.00      0.44      0.17      0.00      0.00      0.44      0.17
05:23:50 AM      0.00      0.00      0.43      0.00      0.00      0.00      0.43      0.00
05:23:55 AM      0.00      0.00      0.42      0.00      0.00      0.00      0.42      0.00
05:24:00 AM      0.00      0.00      0.41      0.00      0.00      0.00      0.41      0.00
05:24:05 AM      0.00      0.00      0.41      0.15      0.00      0.00      0.41      0.15
05:24:10 AM      0.00      0.00      0.40      0.00      0.00      0.00      0.40      0.00
05:24:15 AM      0.00      0.00      0.39      0.00      0.00      0.00      0.39      0.00
05:24:20 AM      0.00      0.00      0.39      0.00      0.00      0.00      0.39      0.00
05:24:25 AM      0.00      0.00      0.38      0.00      0.00      0.00      0.38      0.00
05:24:30 AM      0.00      0.00      0.37      0.00      0.00      0.00      0.37      0.00
05:24:35 AM      0.00      0.00      0.36      0.00      0.00      0.00      0.36      0.00
05:24:40 AM      0.00      0.00      0.36      0.00      0.00      0.00      0.36      0.00
05:24:45 AM      0.00      0.00      0.35      2.58      0.00      0.00      0.35      2.58
05:24:50 AM      8.29      1.82      0.74     20.65      8.29      1.82      0.74     20.64
05:24:55 AM      5.56      1.70      0.73      0.29      5.56      1.70      0.73      0.29
05:25:00 AM      3.05      1.54      0.71      0.31      3.05      1.54      0.71      0.31
05:25:05 AM      2.04      1.44      0.70      0.00      2.04      1.44      0.70      0.00
05:25:10 AM      1.12      1.30      0.68      0.02      1.12      1.30      0.68      0.02
05:25:15 AM      0.75      1.22      0.68      0.00      0.75      1.22      0.68      0.00
05:25:20 AM      0.41      1.10      0.66      0.04      0.41      1.10      0.66      0.04
05:25:28 AM     43.50     10.21      2.63     79.35     43.32     10.17      2.62     78.73
05:25:30 AM     50.66     12.59      3.18     83.29     50.33     12.52      3.17     83.20
05:25:35 AM     52.76     15.58      3.95     50.25     52.54     15.52      3.93     50.23
05:25:40 AM     32.91     15.08      4.08      2.32     32.79     15.03      4.07      2.31
05:25:45 AM     22.06     14.11      4.03      0.00     21.98     14.06      4.01      0.00
05:25:50 AM     12.11     12.77      3.94      0.02     12.07     12.72      3.93      0.02
05:25:55 AM      8.12     11.95      3.89      0.00      8.09     11.90      3.88      0.00
05:26:00 AM      6.27     11.14      3.88      6.60      6.25     11.10      3.87      6.60
05:26:05 AM      4.94     10.58      3.86      0.00      4.93     10.54      3.85      0.00
05:26:10 AM      2.71      9.57      3.78      0.02      2.70      9.54      3.77      0.02
05:26:15 AM      1.82      8.96      3.73      0.00      1.81      8.93      3.72      0.00
05:26:20 AM      0.99      8.11      3.65      0.00      0.99      8.08      3.64      0.00
05:26:25 AM      0.66      7.58      3.60      0.00      0.66      7.56      3.59      0.00
05:26:30 AM      0.36      6.86      3.53      0.00      0.36      6.84      3.52      0.00
05:26:35 AM      0.24      6.42      3.48      0.00      0.24      6.40      3.47      0.00
05:26:40 AM      0.13      5.81      3.41      0.00      0.13      5.79      3.40      0.00
05:26:45 AM      0.08      5.43      3.36      0.00      0.08      5.41      3.35      0.00
05:26:50 AM      0.04      4.92      3.29      0.00      0.04      4.90      3.28      0.00
05:26:55 AM      0.03      4.60      3.24      0.00      0.03      4.58      3.23      0.00
05:27:00 AM      0.19      4.19      3.18      0.92      0.19      4.18      3.17      0.91
05:27:05 AM      0.43      3.99      3.15      0.35      0.43      3.97      3.14      0.35
05:27:10 AM      0.23      3.61      3.09      0.48      0.23      3.59      3.08      0.48
05:27:15 AM      0.15      3.37      3.05      0.00      0.15      3.36      3.04      0.00
05:27:20 AM      0.08      3.05      2.98      0.00      0.08      3.04      2.97      0.00
05:27:25 AM      0.05      2.86      2.94      0.00      0.05      2.84      2.93      0.00
05:27:30 AM      0.03      2.58      2.88      0.00      0.03      2.57      2.87      0.00
05:27:35 AM      0.02      2.42      2.84      0.08      0.02      2.41      2.83      0.08
05:27:40 AM      0.01      2.19      2.78      0.03      0.01      2.18      2.77      0.02
05:27:45 AM      0.00      2.04      2.74      0.12      0.00      2.04      2.74      0.12
05:27:50 AM      0.00      1.85      2.69      0.00      0.00      1.84      2.68      0.00
05:27:55 AM      0.00      1.73      2.65      0.08      0.00      1.72      2.64      0.08
05:28:00 AM      0.00      1.56      2.60      0.00      0.00      1.56      2.59      0.00
05:28:05 AM      0.00      1.46      2.56      0.11      0.00      1.46      2.55      0.11
05:28:10 AM      0.00      1.32      2.51      0.00      0.00      1.32      2.50      0.00
05:28:15 AM      0.00      1.24      2.47      0.06      0.00      1.23      2.46      0.06
05:28:20 AM      0.00      1.12      2.42      0.00      0.00      1.11      2.41      0.00
05:28:25 AM      0.00      1.04      2.39      0.00      0.00      1.04      2.38      0.00
05:28:30 AM      0.00      0.94      2.34      0.01      0.00      0.94      2.33      0.01
05:28:35 AM      0.00      0.88      2.31      0.00      0.00      0.88      2.30      0.00
05:28:40 AM      0.00      0.80      2.26      0.00      0.00      0.79      2.25      0.00
05:28:45 AM      0.00      0.75      2.23      0.00      0.00      0.74      2.22      0.00
05:28:50 AM      0.00      0.67      2.18      0.00      0.00      0.67      2.17      0.00
05:28:55 AM      0.00      0.63      2.15      0.00      0.00      0.63      2.14      0.00
05:29:00 AM      0.00      0.57      2.11      0.00      0.00      0.57      2.10      0.00
05:29:05 AM      0.00      0.53      2.08      0.00      0.00      0.53      2.07      0.00
05:29:10 AM      0.00      0.48      2.03      0.00      0.00      0.48      2.03      0.00
05:29:15 AM      0.00      0.45      2.01      0.00      0.00      0.45      2.00      0.00
05:29:20 AM      0.00      0.40      1.96      0.33      0.00      0.40      1.96      0.27
05:29:25 AM      0.00      0.38      1.94      0.00      0.00      0.38      1.93      0.00
05:29:30 AM      0.00      0.34      1.90      0.02      0.00      0.34      1.89      0.02
05:29:35 AM      0.00      0.32      1.87      0.00      0.00      0.32      1.86      0.00
05:29:40 AM      0.00      0.29      1.83      0.00      0.00      0.28      1.82      0.00
05:29:45 AM      0.00      0.27      1.81      0.00      0.00      0.27      1.80      0.00
05:29:50 AM      6.34      1.39      2.01     14.29      6.34      1.38      2.00     14.29
05:29:55 AM      4.25      1.30      1.98      0.00      4.25      1.29      1.97      0.00
05:30:00 AM      2.33      1.17      1.94      0.00      2.33      1.17      1.93      0.00
05:30:05 AM      1.56      1.09      1.91      0.00      1.56      1.09      1.91      0.00
05:30:10 AM      0.85      0.99      1.87      0.00      0.85      0.99      1.87      0.00
05:30:15 AM      0.57      0.93      1.85      0.04      0.57      0.92      1.84      0.04
05:30:20 AM      0.31      0.84      1.81      0.00      0.31      0.83      1.80      0.00
05:30:25 AM      0.21      0.78      1.78      0.00      0.21      0.78      1.78      0.00
05:30:30 AM      0.11      0.71      1.75      0.00      0.11      0.70      1.74      0.00
05:30:35 AM      0.07      0.66      1.72      0.00      0.07      0.66      1.71      0.00
05:30:40 AM      0.04      0.60      1.68      0.00      0.04      0.60      1.68      0.00
05:30:45 AM      0.02      0.56      1.66      0.00      0.02      0.56      1.66      0.00
05:30:50 AM      0.01      0.50      1.63      0.00      0.01      0.50      1.62      0.00
05:30:55 AM      0.00      0.47      1.60      0.00      0.00      0.47      1.60      0.00
05:31:00 AM      0.00      0.42      1.57      0.00      0.00      0.42      1.56      0.00
05:31:05 AM      0.00      0.40      1.55      0.00      0.00      0.40      1.54      0.00
05:31:10 AM      0.00      0.36      1.52      0.10      0.00      0.36      1.51      0.10
05:31:15 AM      0.00      0.33      1.49      0.01      0.00      0.33      1.49      0.01
05:31:20 AM      4.16      1.11      1.64     10.12      4.16      1.11      1.63     10.12
05:31:25 AM      2.97      1.07      1.62      0.68      2.97      1.07      1.61      0.68
05:31:30 AM      1.63      0.97      1.59      0.03      1.63      0.97      1.58      0.03
05:31:35 AM      1.09      0.90      1.56      0.06      1.09      0.90      1.56      0.06
05:31:40 AM      0.60      0.82      1.53      0.00      0.60      0.82      1.53      0.00
05:31:45 AM      0.40      0.76      1.51      0.07      0.40      0.76      1.50      0.07
05:31:50 AM      0.22      0.69      1.48      0.00      0.22      0.69      1.47      0.00
05:31:55 AM      0.14      0.64      1.46      0.11      0.14      0.64      1.45      0.11
05:32:00 AM      0.08      0.58      1.43      0.00      0.08      0.58      1.42      0.00
05:32:05 AM      0.05      0.54      1.41      0.15      0.05      0.54      1.40      0.15
05:32:10 AM      0.02      0.49      1.38      0.00      0.02      0.49      1.37      0.00
05:32:15 AM      0.01      0.46      1.36      0.14      0.01      0.46      1.35      0.14
05:32:20 AM      0.00      0.41      1.33      0.00      0.00      0.41      1.33      0.00
05:32:25 AM      0.00      0.39      1.31      0.00      0.00      0.39      1.31      0.00
05:32:30 AM      0.00      0.35      1.28      0.00      0.00      0.35      1.28      0.00
05:32:35 AM      0.00      0.32      1.27      0.00      0.00      0.32      1.26      0.00
05:32:40 AM      0.00      0.29      1.24      0.00      0.00      0.29      1.24      0.00
05:32:45 AM      0.00      0.27      1.22      0.00      0.00      0.27      1.22      0.00
05:32:50 AM      0.00      0.25      1.20      0.00      0.00      0.25      1.19      0.00
05:32:55 AM      0.00      0.23      1.18      0.00      0.00      0.23      1.18      0.00
05:33:00 AM      0.00      0.21      1.15      0.00      0.00      0.21      1.15      0.00
05:33:05 AM      0.00      0.19      1.14      0.00      0.00      0.19      1.13      0.00
05:33:10 AM      0.00      0.17      1.11      0.00      0.00      0.17      1.11      0.00
05:33:15 AM      0.00      0.16      1.10      0.00      0.00      0.16      1.10      0.00
05:33:20 AM      0.00      0.14      1.07      0.00      0.00      0.14      1.07      0.00
05:33:25 AM      0.00      0.13      1.06      0.00      0.00      0.13      1.06      0.00
05:33:30 AM      0.00      0.12      1.04      0.00      0.00      0.12      1.03      0.00
05:33:35 AM      0.00      0.11      1.02      0.15      0.00      0.11      1.02      0.15
05:33:40 AM      0.00      0.10      1.00      0.00      0.00      0.10      1.00      0.00
05:33:45 AM      0.00      0.09      0.99      0.00      0.00      0.09      0.98      0.00
05:33:50 AM      0.00      0.08      0.97      0.00      0.00      0.08      0.96      0.00
05:33:55 AM      2.83      0.60      1.06      9.69      2.83      0.60      1.06      9.69
05:34:00 AM      3.80      1.07      1.16      4.38      3.80      1.07      1.15      4.38
05:34:05 AM      2.55      1.00      1.14      0.00      2.55      1.00      1.14      0.00
05:34:10 AM      1.40      0.90      1.12      0.00      1.40      0.90      1.11      0.00
05:34:15 AM      0.93      0.84      1.10      0.00      0.93      0.84      1.10      0.00
05:34:20 AM      0.51      0.76      1.08      0.00      0.51      0.76      1.07      0.00
05:34:25 AM      0.34      0.71      1.06      0.19      0.34      0.71      1.06      0.14
05:34:30 AM      0.18      0.64      1.04      0.00      0.18      0.64      1.04      0.00
05:34:35 AM      0.12      0.60      1.02      0.00      0.12      0.60      1.02      0.00
05:34:40 AM      0.06      0.54      1.00      0.22      0.06      0.54      1.00      0.22
05:34:45 AM      0.04      0.51      0.99      0.00      0.04      0.51      0.99      0.00
05:34:50 AM      0.02      0.46      0.97      0.00      0.02      0.46      0.97      0.00
05:34:55 AM      0.01      0.43      0.95      0.00      0.01      0.43      0.95      0.00
05:35:00 AM      0.00      0.39      0.93      0.00      0.00      0.39      0.93      0.00
05:35:05 AM      0.00      0.36      0.92      0.00      0.00      0.36      0.92      0.00
05:35:10 AM      0.00      0.32      0.90      0.00      0.00      0.32      0.90      0.00
05:35:15 AM      0.00      0.30      0.89      0.00      0.00      0.30      0.89      0.00
05:35:20 AM      0.00      0.27      0.87      0.00      0.00      0.27      0.87      0.00
05:35:25 AM      0.00      0.25      0.86      0.00      0.00      0.25      0.85      0.00
05:35:30 AM      0.26      0.29      0.85      1.28      0.26      0.29      0.85      1.27
05:35:35 AM      0.18      0.27      0.84      0.00      0.18      0.27      0.84      0.00
05:35:40 AM      0.09      0.25      0.82      0.00      0.09      0.25      0.82      0.00
05:35:45 AM      0.06      0.23      0.81      0.00      0.06      0.23      0.81      0.00
05:35:50 AM      0.03      0.21      0.79      0.21      0.03      0.21      0.79      0.21
05:35:55 AM      0.02      0.19      0.78      0.00      0.02      0.19      0.78      0.00
05:36:00 AM      0.01      0.17      0.77      0.19      0.01      0.17      0.76      0.19
05:36:05 AM      0.00      0.16      0.75      0.00      0.00      0.16      0.75      0.00
05:36:10 AM      0.00      0.14      0.74      0.17      0.00      0.14      0.74      0.17
05:36:15 AM      0.00      0.13      0.73      0.00      0.00      0.13      0.73      0.00
05:36:20 AM      0.00      0.12      0.71      0.25      0.00      0.12      0.71      0.25
05:36:25 AM      0.00      0.11      0.70      0.00      0.00      0.11      0.70      0.00
05:36:30 AM      0.00      0.10      0.69      0.22      0.00      0.10      0.68      0.22
05:36:35 AM      0.00      0.09      0.68      0.00      0.00      0.09      0.68      0.00
05:36:40 AM      0.54      0.18      0.68      2.25      0.54      0.18      0.68      2.25
05:36:45 AM      0.51      0.20      0.68      0.00      0.51      0.20      0.68      0.00
05:36:50 AM      0.28      0.18      0.67      0.00      0.28      0.18      0.66      0.00
05:36:55 AM      0.18      0.17      0.66      0.00      0.18      0.17      0.65      0.00
05:37:00 AM      0.10      0.15      0.64      0.00      0.10      0.15      0.64      0.00
05:37:05 AM      0.06      0.14      0.63      0.00      0.06      0.14      0.63      0.00
05:37:10 AM      0.03      0.13      0.62      0.00      0.03      0.13      0.62      0.00
05:37:15 AM      0.02      0.12      0.61      0.00      0.02      0.12      0.61      0.00
05:37:20 AM      0.01      0.10      0.60      0.00      0.01      0.10      0.60      0.00
05:37:25 AM      0.00      0.10      0.59      0.00      0.00      0.10      0.59      0.00
05:37:30 AM      0.00      0.09      0.58      0.00      0.00      0.09      0.57      0.00
05:37:35 AM      0.00      0.08      0.57      0.00      0.00      0.08      0.56      0.00
05:37:40 AM      0.00      0.07      0.55      0.05      0.00      0.07      0.55      0.05
05:37:45 AM      0.00      0.07      0.55      0.00      0.00      0.07      0.55      0.00
05:37:50 AM      0.00      0.06      0.54      0.09      0.00      0.06      0.53      0.09
05:37:55 AM      0.00      0.05      0.53      0.00      0.00      0.05      0.53      0.00
05:38:00 AM      0.00      0.05      0.52      0.04      0.00      0.05      0.51      0.04
05:38:05 AM      0.00      0.04      0.51      0.00      0.00      0.04      0.51      0.00
05:38:10 AM      0.00      0.04      0.50      0.00      0.00      0.04      0.49      0.00
05:38:15 AM      0.00      0.04      0.49      0.15      0.00      0.04      0.49      0.15
05:38:20 AM      0.00      0.03      0.48      0.00      0.00      0.03      0.48      0.00
05:38:25 AM      0.00      0.03      0.47      0.03      0.00      0.03      0.47      0.03
05:38:30 AM      0.00      0.02      0.46      0.00      0.00      0.02      0.46      0.00
05:38:35 AM      0.00      0.02      0.45      0.08      0.00      0.02      0.45      0.08
05:38:40 AM      0.00      0.02      0.44      0.00      0.00      0.02      0.44      0.00
05:38:45 AM      0.00      0.02      0.44      0.09      0.00      0.02      0.44      0.09
05:38:50 AM      0.00      0.01      0.43      0.00      0.00      0.01      0.43      0.00
05:38:55 AM      0.00      0.01      0.42      0.01      0.00      0.01      0.42      0.01
05:39:00 AM      0.00      0.01      0.41      0.00      0.00      0.01      0.41      0.00
05:39:05 AM      0.00      0.01      0.41      0.00      0.00      0.01      0.41      0.00
05:39:10 AM      0.00      0.01      0.40      0.00      0.00      0.01      0.40      0.00
05:39:15 AM      0.00      0.01      0.39      0.03      0.00      0.01      0.39      0.03
05:39:20 AM      0.00      0.00      0.38      0.00      0.00      0.00      0.38      0.00
05:39:25 AM      0.00      0.00      0.38      0.11      0.00      0.00      0.38      0.10
05:39:30 AM      0.00      0.00      0.37      0.00      0.00      0.00      0.37      0.00
05:39:35 AM      0.00      0.00      0.36      0.08      0.00      0.00      0.36      0.08
05:39:40 AM      0.00      0.00      0.35      0.00      0.00      0.00      0.35      0.00
05:39:45 AM      0.00      0.00      0.35      0.00      0.00      0.00      0.35      0.00
05:39:50 AM      0.00      0.00      0.34      0.00      0.00      0.00      0.34      0.00
Average:         0.42      0.40      0.37      0.41      0.42      0.40      0.37      0.41
