Linux 7.0.10-arch1-1 (archlinux) 	06/02/2026 	_x86_64_	(4 CPU)

01:57:11 AM   %sio-10   %sio-60  %sio-300      %sio   %fio-10   %fio-60  %fio-300      %fio
01:57:16 AM      0.00      0.07      0.03      0.13      0.00      0.02      0.00      0.10
01:57:21 AM      0.00      0.06      0.03      0.01      0.00      0.02      0.00      0.01
01:57:26 AM      0.00      0.06      0.03      0.02      0.00      0.01      0.00      0.02
01:57:31 AM      0.00      0.05      0.03      0.01      0.00      0.01      0.00      0.01
01:57:36 AM      0.00      0.05      0.03      0.01      0.00      0.01      0.00      0.01
01:57:41 AM      0.00      0.04      0.03      0.02      0.00      0.01      0.00      0.01
01:57:46 AM      0.00      0.04      0.03      0.04      0.00      0.01      0.00      0.04
01:57:51 AM      0.00      0.03      0.02      0.01      0.00      0.01      0.00      0.01
01:57:56 AM      0.00      0.03      0.02      0.01      0.00      0.00      0.00      0.01
01:58:01 AM      0.00      0.03      0.02      0.06      0.00      0.00      0.00      0.06
01:58:06 AM      0.00      0.02      0.02      0.03      0.00      0.00      0.00      0.03
01:58:11 AM      0.00      0.02      0.02      0.02      0.00      0.00      0.00      0.02
01:58:16 AM      0.00      0.02      0.02      0.01      0.00      0.00      0.00      0.01
01:58:21 AM      0.00      0.02      0.02      0.02      0.00      0.00      0.00      0.02
01:58:26 AM      0.00      0.01      0.02      0.03      0.00      0.00      0.00      0.03
01:58:31 AM      0.00      0.01      0.02      0.01      0.00      0.00      0.00      0.01
01:58:36 AM      0.00      0.01      0.01      0.06      0.00      0.00      0.00      0.06
01:58:41 AM      0.00      0.01      0.01      0.00      0.00      0.00      0.00      0.00
01:58:46 AM      0.00      0.01      0.01      0.03      0.00      0.00      0.00      0.03
01:58:51 AM      0.00      0.01      0.01      0.02      0.00      0.00      0.00      0.02
01:58:56 AM      0.00      0.00      0.01      0.01      0.00      0.00      0.00      0.01
01:59:01 AM      0.00      0.00      0.01      0.03      0.00      0.00      0.00      0.03
01:59:06 AM      0.00      0.00      0.01      0.05      0.00      0.00      0.00      0.05
01:59:11 AM      0.00      0.00      0.01      0.01      0.00      0.00      0.00      0.01
01:59:16 AM      0.00      0.00      0.00      0.06      0.00      0.00      0.00      0.06
01:59:21 AM      0.00      0.00      0.00      0.01      0.00      0.00      0.00      0.01
01:59:26 AM      0.00      0.00      0.00      0.01      0.00      0.00      0.00      0.01
01:59:31 AM      0.00      0.00      0.00      0.01      0.00      0.00      0.00      0.01
01:59:36 AM      0.00      0.00      0.00      0.01      0.00      0.00      0.00      0.01
01:59:41 AM      0.00      0.00      0.00      0.01      0.00      0.00      0.00      0.01
01:59:46 AM      0.00      0.00      0.00      0.01      0.00      0.00      0.00      0.01
01:59:51 AM      0.00      0.00      0.00      0.02      0.00      0.00      0.00      0.02
01:59:56 AM      0.00      0.00      0.00      0.01      0.00      0.00      0.00      0.01
02:00:01 AM      0.00      0.00      0.00      0.01      0.00      0.00      0.00      0.01
02:00:06 AM      0.00      0.00      0.00      0.02      0.00      0.00      0.00      0.02
02:00:11 AM      0.00      0.00      0.00      0.01      0.00      0.00      0.00      0.01
02:00:16 AM      0.00      0.00      0.00      0.04      0.00      0.00      0.00      0.04
02:00:21 AM      0.00      0.00      0.00      0.04      0.00      0.00      0.00      0.04
02:00:26 AM      0.00      0.00      0.00      0.04      0.00      0.00      0.00      0.04
02:00:31 AM      0.00      0.00      0.00      0.04      0.00      0.00      0.00      0.04
02:00:36 AM      0.00      0.00      0.00      0.02      0.00      0.00      0.00      0.02
02:00:41 AM      0.00      0.00      0.00      0.00      0.00      0.00      0.00      0.00
02:00:46 AM      0.00      0.00      0.00      0.03      0.00      0.00      0.00      0.03
02:00:51 AM      0.00      0.00      0.00      0.01      0.00      0.00      0.00      0.01
02:00:56 AM      0.00      0.00      0.00      0.01      0.00      0.00      0.00      0.01
02:01:01 AM      0.00      0.00      0.00      0.04      0.00      0.00      0.00      0.04
02:01:06 AM      0.00      0.00      0.00      0.05      0.00      0.00      0.00      0.05
02:01:11 AM      0.00      0.00      0.00      0.04      0.00      0.00      0.00      0.04
02:01:16 AM      0.00      0.00      0.00      0.01      0.00      0.00      0.00      0.01
02:01:21 AM      0.00      0.00      0.00      0.02      0.00      0.00      0.00      0.02
02:01:26 AM      0.00      0.00      0.00      0.02      0.00      0.00      0.00      0.02
02:01:31 AM      0.00      0.00      0.00      0.01      0.00      0.00      0.00      0.01
02:01:36 AM      0.00      0.00      0.00      0.02      0.00      0.00      0.00      0.02
02:01:41 AM      0.00      0.00      0.00      0.03      0.00      0.00      0.00      0.03
02:01:46 AM      0.00      0.00      0.00      0.01      0.00      0.00      0.00      0.01
02:01:51 AM      0.00      0.00      0.00      0.03      0.00      0.00      0.00      0.03
02:01:56 AM      0.00      0.00      0.00      0.01      0.00      0.00      0.00      0.01
02:02:01 AM      0.00      0.00      0.00      0.01      0.00      0.00      0.00      0.01
02:02:06 AM      0.00      0.00      0.00      0.03      0.00      0.00      0.00      0.03
02:02:11 AM      0.00      0.00      0.00      0.05      0.00      0.00      0.00      0.05
02:02:16 AM      0.00      0.00      0.00      0.03      0.00      0.00      0.00      0.02
02:02:21 AM      0.00      0.00      0.00      0.04      0.00      0.00      0.00      0.04
02:02:26 AM      0.00      0.00      0.00      0.00      0.00      0.00      0.00      0.00
02:02:31 AM      0.00      0.00      0.00      0.12      0.00      0.00      0.00      0.05
02:02:36 AM      0.00      0.00      0.00      0.03      0.00      0.00      0.00      0.03
02:02:41 AM      0.00      0.00      0.00      0.03      0.00      0.00      0.00      0.02
02:02:46 AM      0.00      0.00      0.00      0.01      0.00      0.00      0.00      0.01
02:02:51 AM      0.00      0.00      0.00      0.01      0.00      0.00      0.00      0.01
02:02:56 AM      0.00      0.00      0.00      0.01      0.00      0.00      0.00      0.01
02:03:01 AM      0.00      0.00      0.00      0.02      0.00      0.00      0.00      0.02
02:03:06 AM      0.00      0.00      0.00      0.04      0.00      0.00      0.00      0.04
02:03:11 AM      0.00      0.00      0.00      0.02      0.00      0.00      0.00      0.02
02:03:16 AM      0.00      0.00      0.00      0.02      0.00      0.00      0.00      0.01
02:03:21 AM      0.00      0.00      0.00      0.00      0.00      0.00      0.00      0.00
02:03:26 AM      0.00      0.00      0.00      0.01      0.00      0.00      0.00      0.01
02:03:31 AM      0.00      0.00      0.00      0.03      0.00      0.00      0.00      0.02
02:03:36 AM      0.00      0.00      0.00      0.01      0.00      0.00      0.00      0.01
02:03:41 AM      0.00      0.00      0.00      0.02      0.00      0.00      0.00      0.02
02:03:46 AM      0.00      0.00      0.00      0.05      0.00      0.00      0.00      0.04
02:03:51 AM      0.00      0.00      0.00      0.01      0.00      0.00      0.00      0.01
02:03:56 AM      0.00      0.00      0.00      0.01      0.00      0.00      0.00      0.01
02:04:01 AM      0.00      0.00      0.00      0.02      0.00      0.00      0.00      0.02
02:04:06 AM      0.00      0.00      0.00      0.00      0.00      0.00      0.00      0.00
02:04:11 AM      0.00      0.00      0.00      0.04      0.00      0.00      0.00      0.03
02:04:16 AM      0.00      0.00      0.00      0.05      0.00      0.00      0.00      0.05
02:04:21 AM      0.00      0.00      0.00      0.02      0.00      0.00      0.00      0.02
02:04:26 AM      0.00      0.00      0.00      0.03      0.00      0.00      0.00      0.03
02:04:31 AM      0.00      0.00      0.00      0.02      0.00      0.00      0.00      0.02
02:04:36 AM      0.00      0.00      0.00      0.03      0.00      0.00      0.00      0.03
02:04:41 AM      0.00      0.00      0.00      0.04      0.00      0.00      0.00      0.03
02:04:46 AM      0.00      0.00      0.00      0.01      0.00      0.00      0.00      0.01
02:04:51 AM      0.00      0.00      0.00      0.03      0.00      0.00      0.00      0.03
02:04:56 AM      0.00      0.00      0.00      0.03      0.00      0.00      0.00      0.02
02:05:01 AM      0.00      0.00      0.00      0.00      0.00      0.00      0.00      0.00
02:05:06 AM      0.00      0.00      0.00      0.01      0.00      0.00      0.00      0.01
02:05:11 AM      0.00      0.00      0.00      0.06      0.00      0.00      0.00      0.06
02:05:16 AM      0.00      0.00      0.00      0.00      0.00      0.00      0.00      0.00
02:05:21 AM      0.00      0.00      0.00      0.05      0.00      0.00      0.00      0.05
02:05:26 AM      0.00      0.00      0.00      0.01      0.00      0.00      0.00      0.01
02:05:31 AM      0.00      0.00      0.00      0.01      0.00      0.00      0.00      0.01
02:05:36 AM      0.00      0.00      0.00      0.06      0.00      0.00      0.00      0.06
02:05:41 AM      0.00      0.00      0.00      0.04      0.00      0.00      0.00      0.04
02:05:46 AM      0.00      0.00      0.00      0.03      0.00      0.00      0.00      0.03
02:05:51 AM      0.00      0.00      0.00      0.01      0.00      0.00      0.00      0.01
02:05:56 AM      0.00      0.00      0.00      0.01      0.00      0.00      0.00      0.01
02:06:01 AM      0.00      0.00      0.00      0.01      0.00      0.00      0.00      0.01
02:06:06 AM      0.00      0.00      0.00      0.01      0.00      0.00      0.00      0.01
02:06:11 AM      0.00      0.00      0.00      0.01      0.00      0.00      0.00      0.01
02:06:16 AM      0.00      0.00      0.00      0.02      0.00      0.00      0.00      0.02
02:06:21 AM      0.00      0.00      0.00      0.01      0.00      0.00      0.00      0.01
02:06:26 AM      0.00      0.00      0.00      0.14      0.00      0.00      0.00      0.09
02:06:31 AM      0.00      0.00      0.00      0.02      0.00      0.00      0.00      0.02
02:06:36 AM      0.00      0.00      0.00      0.02      0.00      0.00      0.00      0.02
02:06:41 AM      0.00      0.00      0.00      0.03      0.00      0.00      0.00      0.03
02:06:46 AM      0.00      0.00      0.00      0.00      0.00      0.00      0.00      0.00
02:06:51 AM      0.00      0.00      0.00      0.01      0.00      0.00      0.00      0.01
02:06:56 AM      0.00      0.00      0.00      0.01      0.00      0.00      0.00      0.01
02:07:01 AM      0.00      0.00      0.00      0.02      0.00      0.00      0.00      0.02
02:07:06 AM      0.00      0.00      0.00      0.01      0.00      0.00      0.00      0.01
02:07:11 AM      0.00      0.00      0.00      0.03      0.00      0.00      0.00      0.03
02:07:16 AM      0.00      0.00      0.00      0.01      0.00      0.00      0.00      0.01
02:07:21 AM      0.00      0.00      0.00      0.03      0.00      0.00      0.00      0.03
02:07:26 AM      0.00      0.00      0.00      0.01      0.00      0.00      0.00      0.01
02:07:31 AM      0.00      0.00      0.00      0.02      0.00      0.00      0.00      0.02
02:07:36 AM      0.00      0.00      0.00      0.01      0.00      0.00      0.00      0.01
02:07:41 AM      0.00      0.00      0.00      0.04      0.00      0.00      0.00      0.04
02:07:46 AM      0.00      0.00      0.00      0.01      0.00      0.00      0.00      0.01
02:07:51 AM      0.00      0.00      0.00      0.03      0.00      0.00      0.00      0.03
02:07:56 AM      0.00      0.00      0.00      0.00      0.00      0.00      0.00      0.00
02:08:01 AM      0.00      0.00      0.00      0.10      0.00      0.00      0.00      0.10
02:08:06 AM      0.00      0.00      0.00      0.00      0.00      0.00      0.00      0.00
02:08:11 AM      0.00      0.00      0.00      0.02      0.00      0.00      0.00      0.02
02:08:16 AM      0.00      0.00      0.00      0.03      0.00      0.00      0.00      0.03
02:08:21 AM      0.00      0.00      0.00      0.03      0.00      0.00      0.00      0.03
02:08:26 AM      0.00      0.00      0.00      0.02      0.00      0.00      0.00      0.02
02:08:31 AM      0.00      0.00      0.00      0.13      0.00      0.00      0.00      0.07
02:08:36 AM      0.00      0.00      0.00      0.01      0.00      0.00      0.00      0.01
02:08:41 AM      0.00      0.00      0.00      0.01      0.00      0.00      0.00      0.01
02:08:46 AM      0.00      0.00      0.00      0.02      0.00      0.00      0.00      0.02
02:08:51 AM      0.00      0.00      0.00      0.01      0.00      0.00      0.00      0.01
02:08:56 AM      0.00      0.00      0.00      0.01      0.00      0.00      0.00      0.01
02:09:01 AM      0.00      0.00      0.00      0.00      0.00      0.00      0.00      0.00
02:09:06 AM      0.00      0.00      0.00      0.01      0.00      0.00      0.00      0.01
02:09:11 AM      0.00      0.00      0.00      0.01      0.00      0.00      0.00      0.01
02:09:16 AM      0.00      0.00      0.00      0.02      0.00      0.00      0.00      0.02
02:09:21 AM      0.00      0.00      0.00      0.00      0.00      0.00      0.00      0.00
02:09:26 AM      0.00      0.00      0.00      0.01      0.00      0.00      0.00      0.01
02:09:31 AM      0.00      0.00      0.00      0.02      0.00      0.00      0.00      0.02
02:09:36 AM      0.00      0.00      0.00      0.03      0.00      0.00      0.00      0.03
02:09:41 AM      0.00      0.00      0.00      0.02      0.00      0.00      0.00      0.02
02:09:46 AM      0.00      0.00      0.00      0.03      0.00      0.00      0.00      0.02
02:09:51 AM      0.00      0.00      0.00      0.05      0.00      0.00      0.00      0.04
02:09:56 AM      0.00      0.00      0.00      0.06      0.00      0.00      0.00      0.06
02:10:01 AM      0.00      0.00      0.00      0.02      0.00      0.00      0.00      0.02
02:10:06 AM      0.00      0.00      0.00      0.01      0.00      0.00      0.00      0.01
02:10:11 AM      0.00      0.00      0.00      0.01      0.00      0.00      0.00      0.01
02:10:16 AM      0.00      0.00      0.00      0.03      0.00      0.00      0.00      0.03
02:10:21 AM      0.00      0.00      0.00      0.04      0.00      0.00      0.00      0.04
02:10:26 AM      0.00      0.00      0.00      0.04      0.00      0.00      0.00      0.04
02:10:31 AM      0.00      0.00      0.00      0.02      0.00      0.00      0.00      0.02
02:10:36 AM      0.00      0.00      0.00      0.02      0.00      0.00      0.00      0.02
02:10:41 AM      0.00      0.00      0.00      0.02      0.00      0.00      0.00      0.02
02:10:46 AM      0.00      0.00      0.00      0.01      0.00      0.00      0.00      0.01
02:10:51 AM      0.00      0.00      0.00      0.04      0.00      0.00      0.00      0.04
02:10:56 AM      0.00      0.00      0.00      0.00      0.00      0.00      0.00      0.00
02:11:01 AM      0.00      0.00      0.00      0.01      0.00      0.00      0.00      0.01
02:11:06 AM      0.00      0.00      0.00      0.03      0.00      0.00      0.00      0.03
02:11:11 AM      0.00      0.00      0.00      0.01      0.00      0.00      0.00      0.01
02:11:16 AM      0.00      0.00      0.00      0.03      0.00      0.00      0.00      0.03
02:11:21 AM      0.00      0.00      0.00      0.02      0.00      0.00      0.00      0.02
02:11:26 AM      0.00      0.00      0.00      0.22      0.00      0.00      0.00      0.11
02:11:31 AM      0.00      0.00      0.00      0.00      0.00      0.00      0.00      0.00
02:11:36 AM      0.00      0.00      0.00      0.02      0.00      0.00      0.00      0.02
02:11:41 AM      0.00      0.00      0.00      0.01      0.00      0.00      0.00      0.01
02:11:46 AM      0.00      0.00      0.00      0.01      0.00      0.00      0.00      0.01
02:11:51 AM      0.00      0.00      0.00      0.02      0.00      0.00      0.00      0.02
02:11:56 AM      0.00      0.00      0.00      0.02      0.00      0.00      0.00      0.02
02:12:01 AM      0.00      0.00      0.00      0.01      0.00      0.00      0.00      0.00
02:12:06 AM      0.00      0.00      0.00      0.01      0.00      0.00      0.00      0.01
02:12:11 AM      0.00      0.00      0.00      0.01      0.00      0.00      0.00      0.01
02:12:16 AM      0.00      0.00      0.00      0.02      0.00      0.00      0.00      0.02
02:12:21 AM      0.00      0.00      0.00      0.04      0.00      0.00      0.00      0.04
02:12:26 AM      0.00      0.00      0.00      0.03      0.00      0.00      0.00      0.03
02:12:31 AM      0.00      0.00      0.00      0.03      0.00      0.00      0.00      0.02
02:12:36 AM      0.00      0.00      0.00      0.00      0.00      0.00      0.00      0.00
02:12:41 AM      0.00      0.00      0.00      0.01      0.00      0.00      0.00      0.01
02:12:46 AM      0.00      0.00      0.00      0.01      0.00      0.00      0.00      0.01
02:12:51 AM      0.00      0.00      0.00      0.02      0.00      0.00      0.00      0.02
02:12:56 AM      0.00      0.00      0.00      0.01      0.00      0.00      0.00      0.01
02:13:01 AM      0.00      0.00      0.00      0.00      0.00      0.00      0.00      0.00
02:13:06 AM      0.00      0.00      0.00      0.01      0.00      0.00      0.00      0.01
02:13:11 AM      0.00      0.00      0.00      0.01      0.00      0.00      0.00      0.01
02:13:16 AM      0.00      0.00      0.00      0.04      0.00      0.00      0.00      0.04
02:13:21 AM      0.00      0.00      0.00      0.02      0.00      0.00      0.00      0.02
02:13:26 AM      0.00      0.00      0.00      0.03      0.00      0.00      0.00      0.03
02:13:31 AM      0.00      0.00      0.00      0.01      0.00      0.00      0.00      0.01
02:13:36 AM      0.00      0.00      0.00      0.01      0.00      0.00      0.00      0.01
02:13:41 AM      0.00      0.00      0.00      0.01      0.00      0.00      0.00      0.01
02:13:46 AM      0.00      0.00      0.00      0.01      0.00      0.00      0.00      0.01
02:13:51 AM      0.00      0.00      0.00      0.01      0.00      0.00      0.00      0.01
02:13:56 AM      0.00      0.00      0.00      0.01      0.00      0.00      0.00      0.01
02:14:01 AM      0.00      0.00      0.00      0.02      0.00      0.00      0.00      0.01
02:14:06 AM      0.00      0.00      0.00      0.01      0.00      0.00      0.00      0.01
02:14:11 AM      0.00      0.00      0.00      0.02      0.00      0.00      0.00      0.02
02:14:16 AM      0.00      0.00      0.00      0.04      0.00      0.00      0.00      0.04
02:14:21 AM      0.00      0.00      0.00      0.01      0.00      0.00      0.00      0.01
02:14:26 AM      0.00      0.00      0.00      0.05      0.00      0.00      0.00      0.05
02:14:31 AM      0.00      0.00      0.00      0.02      0.00      0.00      0.00      0.02
02:14:36 AM      0.00      0.00      0.00      0.02      0.00      0.00      0.00      0.02
02:14:41 AM      0.00      0.00      0.00      0.07      0.00      0.00      0.00      0.07
02:14:46 AM      0.00      0.00      0.00      0.01      0.00      0.00      0.00      0.01
02:14:51 AM      0.00      0.00      0.00      0.00      0.00      0.00      0.00      0.00
02:14:56 AM      0.00      0.00      0.00      0.02      0.00      0.00      0.00      0.02
02:15:01 AM      0.00      0.00      0.00      0.00      0.00      0.00      0.00      0.00
02:15:06 AM      0.00      0.00      0.00      0.00      0.00      0.00      0.00      0.00
02:15:11 AM      0.00      0.00      0.00      0.02      0.00      0.00      0.00      0.02
02:15:16 AM      0.00      0.00      0.00      0.01      0.00      0.00      0.00      0.01
02:15:21 AM      0.00      0.00      0.00      0.02      0.00      0.00      0.00      0.02
02:15:26 AM      0.00      0.00      0.00      0.01      0.00      0.00      0.00      0.01
02:15:31 AM      0.00      0.00      0.00      0.07      0.00      0.00      0.00      0.04
02:15:36 AM      0.00      0.00      0.00      0.01      0.00      0.00      0.00      0.01
02:15:41 AM      0.00      0.00      0.00      0.03      0.00      0.00      0.00      0.03
02:15:46 AM      0.00      0.00      0.00      0.01      0.00      0.00      0.00      0.01
02:15:51 AM      0.00      0.00      0.00      0.01      0.00      0.00      0.00      0.01
02:15:56 AM      0.00      0.00      0.00      0.05      0.00      0.00      0.00      0.05
02:16:01 AM      0.00      0.00      0.00      0.05      0.00      0.00      0.00      0.04
02:16:06 AM      0.00      0.00      0.00      0.01      0.00      0.00      0.00      0.01
02:16:11 AM      0.00      0.00      0.00      0.02      0.00      0.00      0.00      0.02
02:16:16 AM      0.00      0.00      0.00      0.01      0.00      0.00      0.00      0.01
02:16:21 AM      0.00      0.00      0.00      0.01      0.00      0.00      0.00      0.01
02:16:26 AM      0.00      0.00      0.00      0.23      0.00      0.00      0.00      0.17
02:16:31 AM      0.00      0.00      0.00      0.01      0.00      0.00      0.00      0.01
02:16:36 AM      0.00      0.00      0.00      0.01      0.00      0.00      0.00      0.01
02:16:41 AM      0.00      0.00      0.00      0.01      0.00      0.00      0.00      0.01
02:16:46 AM      0.00      0.00      0.00      0.00      0.00      0.00      0.00      0.00
02:16:51 AM      0.00      0.00      0.00      0.01      0.00      0.00      0.00      0.01
02:16:56 AM      0.00      0.00      0.00      0.01      0.00      0.00      0.00      0.01
02:17:01 AM      0.00      0.00      0.00      0.02      0.00      0.00      0.00      0.02
02:17:06 AM      0.00      0.00      0.00      0.01      0.00      0.00      0.00      0.01
02:17:11 AM      0.00      0.00      0.00      0.01      0.00      0.00      0.00      0.01
02:17:16 AM      0.00      0.00      0.00      0.01      0.00      0.00      0.00      0.01
02:17:21 AM      0.00      0.00      0.00      0.00      0.00      0.00      0.00      0.00
02:17:26 AM      0.00      0.00      0.00      0.04      0.00      0.00      0.00      0.04
02:17:31 AM      0.00      0.00      0.00      0.03      0.00      0.00      0.00      0.03
02:17:36 AM      0.00      0.00      0.00      0.00      0.00      0.00      0.00      0.00
02:17:41 AM      0.00      0.00      0.00      0.01      0.00      0.00      0.00      0.01
02:17:46 AM      0.00      0.00      0.00      0.01      0.00      0.00      0.00      0.01
02:17:51 AM      0.00      0.00      0.00      0.02      0.00      0.00      0.00      0.02
02:17:56 AM      0.00      0.00      0.00      0.01      0.00      0.00      0.00      0.01
02:18:01 AM      0.00      0.00      0.00      0.01      0.00      0.00      0.00      0.01
02:18:06 AM      0.00      0.00      0.00      0.01      0.00      0.00      0.00      0.01
02:18:11 AM      0.00      0.00      0.00      0.10      0.00      0.00      0.00      0.10
02:18:16 AM      0.00      0.00      0.00      0.01      0.00      0.00      0.00      0.01
02:18:21 AM      0.00      0.00      0.00      0.03      0.00      0.00      0.00      0.03
02:18:26 AM      0.00      0.00      0.00      0.01      0.00      0.00      0.00      0.01
02:18:31 AM      0.00      0.00      0.00      0.02      0.00      0.00      0.00      0.02
02:18:36 AM      0.00      0.00      0.00      0.02      0.00      0.00      0.00      0.02
02:18:41 AM      0.00      0.00      0.00      0.01      0.00      0.00      0.00      0.01
02:18:46 AM      0.00      0.00      0.00      0.02      0.00      0.00      0.00      0.02
02:18:51 AM      0.00      0.00      0.00      0.01      0.00      0.00      0.00      0.01
02:18:56 AM      0.00      0.00      0.00      0.02      0.00      0.00      0.00      0.02
02:19:01 AM      0.00      0.00      0.00      0.04      0.00      0.00      0.00      0.03
02:19:06 AM      0.00      0.00      0.00      0.01      0.00      0.00      0.00      0.01
02:19:11 AM      0.00      0.00      0.00      0.00      0.00      0.00      0.00      0.00
02:19:16 AM      0.00      0.00      0.00      0.02      0.00      0.00      0.00      0.02
02:19:21 AM      0.00      0.00      0.00      0.01      0.00      0.00      0.00      0.01
02:19:26 AM      0.00      0.00      0.00      0.01      0.00      0.00      0.00      0.01
02:19:31 AM      0.00      0.00      0.00      0.15      0.00      0.00      0.00      0.14
02:19:36 AM      0.00      0.00      0.00      0.01      0.00      0.00      0.00      0.01
02:19:41 AM      0.00      0.00      0.00      0.02      0.00      0.00      0.00      0.02
02:19:46 AM      0.00      0.00      0.00      0.03      0.00      0.00      0.00      0.02
02:19:51 AM      0.00      0.00      0.00      0.03      0.00      0.00      0.00      0.02
02:19:56 AM      0.00      0.00      0.00      0.06      0.00      0.00      0.00      0.06
02:20:01 AM      0.00      0.00      0.00      0.02      0.00      0.00      0.00      0.01
02:20:06 AM      0.00      0.00      0.00      0.00      0.00      0.00      0.00      0.00
02:20:11 AM      0.00      0.00      0.00      0.02      0.00      0.00      0.00      0.01
02:20:16 AM      0.00      0.00      0.00      0.01      0.00      0.00      0.00      0.01
02:20:21 AM      0.00      0.00      0.00      0.02      0.00      0.00      0.00      0.02
02:20:26 AM      0.00      0.00      0.00      0.06      0.00      0.00      0.00      0.06
02:20:31 AM      0.00      0.00      0.00      0.02      0.00      0.00      0.00      0.02
02:20:36 AM      0.00      0.00      0.00      0.01      0.00      0.00      0.00      0.01
02:20:41 AM      0.00      0.00      0.00      0.02      0.00      0.00      0.00      0.02
02:20:46 AM      0.00      0.00      0.00      0.01      0.00      0.00      0.00      0.01
02:20:51 AM      0.00      0.00      0.00      0.04      0.00      0.00      0.00      0.04
02:20:56 AM      0.00      0.00      0.00      0.01      0.00      0.00      0.00      0.01
02:21:01 AM      0.00      0.00      0.00      0.02      0.00      0.00      0.00      0.02
02:21:06 AM      0.00      0.00      0.00      0.02      0.00      0.00      0.00      0.02
02:21:11 AM      0.00      0.00      0.00      0.02      0.00      0.00      0.00      0.02
02:21:16 AM      0.00      0.00      0.00      0.00      0.00      0.00      0.00      0.00
02:21:21 AM      0.00      0.00      0.00      0.00      0.00      0.00      0.00      0.00
02:21:26 AM      0.00      0.00      0.00      0.00      0.00      0.00      0.00      0.00
02:21:31 AM      0.00      0.00      0.00      0.19      0.00      0.00      0.00      0.11
02:21:36 AM      0.00      0.00      0.00      0.01      0.00      0.00      0.00      0.01
02:21:41 AM      0.00      0.00      0.00      0.00      0.00      0.00      0.00      0.00
02:21:46 AM      0.00      0.00      0.00      0.00      0.00      0.00      0.00      0.00
02:21:51 AM      0.00      0.00      0.00      0.00      0.00      0.00      0.00      0.00
02:21:56 AM      0.00      0.00      0.00      0.00      0.00      0.00      0.00      0.00
02:22:01 AM      0.00      0.00      0.00      0.02      0.00      0.00      0.00      0.02
02:22:06 AM      0.00      0.00      0.00      0.03      0.00      0.00      0.00      0.03
02:22:11 AM      0.00      0.00      0.00      0.02      0.00      0.00      0.00      0.02
02:22:16 AM      0.00      0.00      0.00      0.01      0.00      0.00      0.00      0.01
02:22:21 AM      0.00      0.00      0.00      0.01      0.00      0.00      0.00      0.01
02:22:26 AM      0.00      0.00      0.00      0.01      0.00      0.00      0.00      0.01
02:22:31 AM      0.00      0.00      0.00      0.02      0.00      0.00      0.00      0.02
02:22:36 AM      0.00      0.00      0.00      0.01      0.00      0.00      0.00      0.01
02:22:41 AM      0.00      0.00      0.00      0.02      0.00      0.00      0.00      0.02
02:22:46 AM      0.00      0.00      0.00      0.04      0.00      0.00      0.00      0.04
02:22:51 AM      0.00      0.00      0.00      0.02      0.00      0.00      0.00      0.02
02:22:56 AM      0.00      0.00      0.00      0.01      0.00      0.00      0.00      0.01
02:23:01 AM      0.00      0.00      0.00      0.03      0.00      0.00      0.00      0.03
02:23:06 AM      0.00      0.00      0.00      0.02      0.00      0.00      0.00      0.02
02:23:11 AM      0.00      0.00      0.00      0.01      0.00      0.00      0.00      0.01
02:23:16 AM      0.00      0.00      0.00      0.01      0.00      0.00      0.00      0.01
02:23:21 AM      0.00      0.00      0.00      0.03      0.00      0.00      0.00      0.03
02:23:26 AM      0.00      0.00      0.00      0.01      0.00      0.00      0.00      0.01
02:23:31 AM      0.00      0.00      0.00      0.00      0.00      0.00      0.00      0.00
02:23:36 AM      0.00      0.00      0.00      0.02      0.00      0.00      0.00      0.02
02:23:41 AM      0.00      0.00      0.00      0.01      0.00      0.00      0.00      0.01
02:23:46 AM      0.00      0.00      0.00      0.01      0.00      0.00      0.00      0.01
02:23:51 AM      0.00      0.00      0.00      0.02      0.00      0.00      0.00      0.02
02:23:56 AM      0.00      0.00      0.00      0.07      0.00      0.00      0.00      0.07
02:24:01 AM      0.00      0.00      0.00      0.00      0.00      0.00      0.00      0.00
02:24:06 AM      0.00      0.00      0.00      0.00      0.00      0.00      0.00      0.00
02:24:11 AM      0.00      0.00      0.00      0.03      0.00      0.00      0.00      0.03
02:24:16 AM      0.00      0.00      0.00      0.01      0.00      0.00      0.00      0.01
02:24:21 AM      0.00      0.00      0.00      0.00      0.00      0.00      0.00      0.00
02:24:26 AM      0.00      0.00      0.00      0.02      0.00      0.00      0.00      0.02
02:24:31 AM      0.00      0.00      0.00      0.02      0.00      0.00      0.00      0.02
02:24:36 AM      0.00      0.00      0.00      0.01      0.00      0.00      0.00      0.01
02:24:41 AM      0.00      0.00      0.00      0.02      0.00      0.00      0.00      0.02
02:24:46 AM      0.00      0.00      0.00      0.03      0.00      0.00      0.00      0.03
02:24:51 AM      0.00      0.00      0.00      0.01      0.00      0.00      0.00      0.01
02:24:56 AM      0.00      0.00      0.00      0.02      0.00      0.00      0.00      0.02
02:25:01 AM      0.00      0.00      0.00      0.01      0.00      0.00      0.00      0.01
02:25:06 AM      0.00      0.00      0.00      0.02      0.00      0.00      0.00      0.02
02:25:11 AM      0.00      0.00      0.00      0.02      0.00      0.00      0.00      0.02
02:25:16 AM      0.00      0.00      0.00      0.04      0.00      0.00      0.00      0.04
02:25:21 AM      0.00      0.00      0.00      0.02      0.00      0.00      0.00      0.02
02:25:26 AM      0.00      0.00      0.00      0.00      0.00      0.00      0.00      0.00
02:25:31 AM      0.00      0.00      0.00      0.03      0.00      0.00      0.00      0.03
02:25:36 AM      0.00      0.00      0.00      0.01      0.00      0.00      0.00      0.01
02:25:41 AM      0.00      0.00      0.00      0.05      0.00      0.00      0.00      0.05
02:25:46 AM      0.00      0.00      0.00      0.03      0.00      0.00      0.00      0.03
02:25:51 AM      0.00      0.00      0.00      0.01      0.00      0.00      0.00      0.01
02:25:56 AM      0.00      0.00      0.00      0.01      0.00      0.00      0.00      0.01
02:26:01 AM      0.00      0.00      0.00      0.01      0.00      0.00      0.00      0.01
02:26:06 AM      0.00      0.00      0.00      0.00      0.00      0.00      0.00      0.00
02:26:11 AM      0.00      0.00      0.00      0.00      0.00      0.00      0.00      0.00
02:26:16 AM      0.00      0.00      0.00      0.00      0.00      0.00      0.00      0.00
02:26:21 AM      0.00      0.00      0.00      0.05      0.00      0.00      0.00      0.05
02:26:26 AM      0.00      0.00      0.00      0.01      0.00      0.00      0.00      0.01
02:26:31 AM      0.00      0.00      0.00      0.26      0.00      0.00      0.00      0.14
02:26:36 AM      0.00      0.00      0.00      0.01      0.00      0.00      0.00      0.01
02:26:41 AM      0.00      0.00      0.00      0.01      0.00      0.00      0.00      0.01
02:26:46 AM      0.00      0.00      0.00      0.01      0.00      0.00      0.00      0.01
02:26:51 AM      0.00      0.00      0.00      0.03      0.00      0.00      0.00      0.03
02:26:56 AM      0.00      0.00      0.00      0.03      0.00      0.00      0.00      0.03
02:27:01 AM      0.00      0.00      0.00      0.06      0.00      0.00      0.00      0.06
02:27:06 AM      0.00      0.00      0.00      0.02      0.00      0.00      0.00      0.02
02:27:11 AM      0.00      0.00      0.00      0.01      0.00      0.00      0.00      0.01
02:27:16 AM      0.00      0.00      0.00      0.01      0.00      0.00      0.00      0.01
02:27:21 AM      0.00      0.00      0.00      0.01      0.00      0.00      0.00      0.01
02:27:26 AM      0.00      0.00      0.00      0.05      0.00      0.00      0.00      0.04
02:27:31 AM      0.00      0.00      0.00      0.03      0.00      0.00      0.00      0.03
02:27:36 AM      0.00      0.00      0.00      0.05      0.00      0.00      0.00      0.05
02:27:41 AM      0.00      0.00      0.00      0.01      0.00      0.00      0.00      0.01
02:27:46 AM      0.00      0.00      0.00      0.02      0.00      0.00      0.00      0.02
02:27:51 AM      0.00      0.00      0.00      0.01      0.00      0.00      0.00      0.01
02:27:56 AM      0.00      0.00      0.00      0.00      0.00      0.00      0.00      0.00
02:28:01 AM      0.00      0.00      0.00      0.02      0.00      0.00      0.00      0.02
02:28:06 AM      0.00      0.00      0.00      0.07      0.00      0.00      0.00      0.07
02:28:11 AM      0.00      0.00      0.00      0.01      0.00      0.00      0.00      0.01
02:28:16 AM      0.00      0.00      0.00      0.01      0.00      0.00      0.00      0.01
02:28:21 AM      0.00      0.00      0.00      0.03      0.00      0.00      0.00      0.02
02:28:26 AM      0.00      0.00      0.00      0.01      0.00      0.00      0.00      0.01
02:28:31 AM      0.00      0.00      0.00      0.02      0.00      0.00      0.00      0.02
02:28:36 AM      0.00      0.00      0.00      0.01      0.00      0.00      0.00      0.01
02:28:41 AM      0.00      0.00      0.00      0.02      0.00      0.00      0.00      0.02
02:28:46 AM      0.00      0.00      0.00      0.02      0.00      0.00      0.00      0.02
02:28:51 AM      0.00      0.00      0.00      0.01      0.00      0.00      0.00      0.01
02:28:56 AM      0.00      0.00      0.00      0.02      0.00      0.00      0.00      0.02
02:29:01 AM      0.00      0.00      0.00      0.01      0.00      0.00      0.00      0.01
02:29:06 AM      0.00      0.00      0.00      0.01      0.00      0.00      0.00      0.01
02:29:11 AM      0.00      0.00      0.00      0.02      0.00      0.00      0.00      0.02
02:29:16 AM      0.00      0.00      0.00      0.00      0.00      0.00      0.00      0.00
02:29:21 AM      0.00      0.00      0.00      0.02      0.00      0.00      0.00      0.02
02:29:26 AM      0.00      0.00      0.00      0.03      0.00      0.00      0.00      0.03
02:29:31 AM      0.00      0.00      0.00      0.03      0.00      0.00      0.00      0.03
02:29:36 AM      0.00      0.00      0.00      0.05      0.00      0.00      0.00      0.04
02:29:41 AM      0.00      0.00      0.00      0.02      0.00      0.00      0.00      0.02
02:29:46 AM      0.00      0.00      0.00      0.03      0.00      0.00      0.00      0.03
02:29:51 AM      0.00      0.00      0.00      0.04      0.00      0.00      0.00      0.03
02:29:56 AM      0.00      0.00      0.00      0.01      0.00      0.00      0.00      0.01
02:30:01 AM      0.00      0.00      0.00      0.02      0.00      0.00      0.00      0.02
02:30:06 AM      0.00      0.00      0.00      0.02      0.00      0.00      0.00      0.02
02:30:11 AM      0.00      0.00      0.00      0.02      0.00      0.00      0.00      0.02
02:30:16 AM      0.00      0.00      0.00      0.09      0.00      0.00      0.00      0.09
02:30:21 AM      0.00      0.00      0.00      0.01      0.00      0.00      0.00      0.01
02:30:26 AM      0.00      0.00      0.00      0.03      0.00      0.00      0.00      0.03
02:30:31 AM      0.00      0.00      0.00      0.01      0.00      0.00      0.00      0.01
02:30:36 AM      0.00      0.00      0.00      0.01      0.00      0.00      0.00      0.01
02:30:41 AM      0.00      0.00      0.00      0.01      0.00      0.00      0.00      0.01
02:30:46 AM      0.00      0.00      0.00      0.01      0.00      0.00      0.00      0.01
02:30:51 AM      0.00      0.00      0.00      0.01      0.00      0.00      0.00      0.01
02:30:56 AM      0.00      0.00      0.00      0.03      0.00      0.00      0.00      0.02
02:31:01 AM      0.00      0.00      0.00      0.02      0.00      0.00      0.00      0.02
02:31:06 AM      0.00      0.00      0.00      0.02      0.00      0.00      0.00      0.02
02:31:11 AM      0.00      0.00      0.00      0.03      0.00      0.00      0.00      0.03
02:31:16 AM      0.00      0.00      0.00      0.01      0.00      0.00      0.00      0.01
02:31:21 AM      0.00      0.00      0.00      0.01      0.00      0.00      0.00      0.01
02:31:26 AM      0.00      0.00      0.00      0.01      0.00      0.00      0.00      0.01
02:31:31 AM      0.00      0.00      0.00      0.12      0.00      0.00      0.00      0.09
02:31:36 AM      0.00      0.00      0.00      0.01      0.00      0.00      0.00      0.01
02:31:41 AM      0.00      0.00      0.00      0.01      0.00      0.00      0.00      0.01
02:31:46 AM      0.00      0.00      0.00      0.01      0.00      0.00      0.00      0.01
02:31:51 AM      0.00      0.00      0.00      0.01      0.00      0.00      0.00      0.01
02:31:56 AM      0.00      0.00      0.00      0.01      0.00      0.00      0.00      0.01
02:32:01 AM      0.00      0.00      0.00      0.00      0.00      0.00      0.00      0.00
02:32:06 AM      0.00      0.00      0.00      0.03      0.00      0.00      0.00      0.03
02:32:11 AM      0.00      0.00      0.00      0.01      0.00      0.00      0.00      0.01
02:32:16 AM      0.00      0.00      0.00      0.01      0.00      0.00      0.00      0.01
02:32:21 AM      0.00      0.00      0.00      0.01      0.00      0.00      0.00      0.01
02:32:26 AM      0.00      0.00      0.00      0.00      0.00      0.00      0.00      0.00
02:32:31 AM      0.00      0.00      0.00      0.02      0.00      0.00      0.00      0.02
02:32:36 AM      0.00      0.00      0.00      0.01      0.00      0.00      0.00      0.01
02:32:41 AM      0.00      0.00      0.00      0.03      0.00      0.00      0.00      0.03
02:32:46 AM      0.00      0.00      0.00      0.03      0.00      0.00      0.00      0.03
02:32:51 AM      0.00      0.00      0.00      0.02      0.00      0.00      0.00      0.02
02:32:56 AM      0.00      0.00      0.00      0.03      0.00      0.00      0.00      0.03
02:33:01 AM      0.00      0.00      0.00      0.01      0.00      0.00      0.00      0.01
02:33:06 AM      0.00      0.00      0.00      0.01      0.00      0.00      0.00      0.01
02:33:11 AM      0.00      0.00      0.00      0.01      0.00      0.00      0.00      0.01
02:33:16 AM      0.00      0.00      0.00      0.03      0.00      0.00      0.00      0.03
02:33:21 AM      0.00      0.00      0.00      0.01      0.00      0.00      0.00      0.01
02:33:26 AM      0.00      0.00      0.00      0.01      0.00      0.00      0.00      0.01
02:33:31 AM      0.00      0.00      0.00      0.00      0.00      0.00      0.00      0.00
02:33:36 AM      0.00      0.00      0.00      0.01      0.00      0.00      0.00      0.01
02:33:41 AM      0.00      0.00      0.00      0.02      0.00      0.00      0.00      0.02
02:33:46 AM      0.00      0.00      0.00      0.01      0.00      0.00      0.00      0.01
02:33:51 AM      0.00      0.00      0.00      0.04      0.00      0.00      0.00      0.04
02:33:56 AM      0.00      0.00      0.00      0.05      0.00      0.00      0.00      0.05
02:34:01 AM      0.00      0.00      0.00      0.03      0.00      0.00      0.00      0.03
02:34:06 AM      0.00      0.00      0.00      0.01      0.00      0.00      0.00      0.01
02:34:11 AM      0.00      0.00      0.00      0.02      0.00      0.00      0.00      0.02
02:34:16 AM      0.00      0.00      0.00      0.01      0.00      0.00      0.00      0.01
02:34:21 AM      0.00      0.00      0.00      0.01      0.00      0.00      0.00      0.01
02:34:26 AM      0.00      0.00      0.00      0.00      0.00      0.00      0.00      0.00
02:34:31 AM      0.00      0.00      0.00      0.01      0.00      0.00      0.00      0.01
02:34:36 AM      0.00      0.00      0.00      0.03      0.00      0.00      0.00      0.03
02:34:41 AM      0.00      0.00      0.00      0.01      0.00      0.00      0.00      0.01
02:34:46 AM      0.00      0.00      0.00      0.01      0.00      0.00      0.00      0.01
02:34:51 AM      0.00      0.00      0.00      0.03      0.00      0.00      0.00      0.03
02:34:56 AM      0.00      0.00      0.00      0.04      0.00      0.00      0.00      0.04
02:35:01 AM      0.00      0.00      0.00      0.05      0.00      0.00      0.00      0.04
02:35:06 AM      0.00      0.00      0.00      0.01      0.00      0.00      0.00      0.01
02:35:11 AM      0.00      0.00      0.00      0.03      0.00      0.00      0.00      0.03
02:35:16 AM      0.00      0.00      0.00      0.01      0.00      0.00      0.00      0.01
02:35:21 AM      0.00      0.00      0.00      0.01      0.00      0.00      0.00      0.01
02:35:26 AM      0.00      0.00      0.00      0.02      0.00      0.00      0.00      0.02
02:35:31 AM      0.00      0.00      0.00      0.04      0.00      0.00      0.00      0.04
02:35:36 AM      0.00      0.00      0.00      0.01      0.00      0.00      0.00      0.01
02:35:41 AM      0.00      0.00      0.00      0.02      0.00      0.00      0.00      0.02
02:35:46 AM      0.00      0.00      0.00      0.01      0.00      0.00      0.00      0.01
02:35:51 AM      0.00      0.00      0.00      0.03      0.00      0.00      0.00      0.03
02:35:56 AM      0.00      0.00      0.00      0.01      0.00      0.00      0.00      0.01
02:36:01 AM      0.00      0.00      0.00      0.03      0.00      0.00      0.00      0.03
02:36:06 AM      0.00      0.00      0.00      0.02      0.00      0.00      0.00      0.02
02:36:11 AM      0.00      0.00      0.00      0.02      0.00      0.00      0.00      0.02
02:36:16 AM      0.00      0.00      0.00      0.02      0.00      0.00      0.00      0.02
02:36:21 AM      0.00      0.00      0.00      0.00      0.00      0.00      0.00      0.00
02:36:26 AM      0.00      0.00      0.00      0.01      0.00      0.00      0.00      0.01
02:36:31 AM      0.00      0.00      0.00      0.05      0.00      0.00      0.00      0.03
02:36:36 AM      0.00      0.00      0.00      0.01      0.00      0.00      0.00      0.01
02:36:41 AM      0.00      0.00      0.00      0.01      0.00      0.00      0.00      0.01
02:36:46 AM      0.00      0.00      0.00      0.01      0.00      0.00      0.00      0.01
02:36:51 AM      0.00      0.00      0.00      0.01      0.00      0.00      0.00      0.01
02:36:56 AM      0.00      0.00      0.00      0.02      0.00      0.00      0.00      0.02
02:37:01 AM      0.00      0.00      0.00      0.04      0.00      0.00      0.00      0.04
02:37:06 AM      0.00      0.00      0.00      0.01      0.00      0.00      0.00      0.01
02:37:11 AM      0.00      0.00      0.00      0.01      0.00      0.00      0.00      0.01
02:37:16 AM      0.00      0.00      0.00      0.04      0.00      0.00      0.00      0.04
02:37:21 AM      0.00      0.00      0.00      0.04      0.00      0.00      0.00      0.04
02:37:26 AM      0.00      0.00      0.00      0.01      0.00      0.00      0.00      0.01
02:37:31 AM      0.00      0.00      0.00      0.02      0.00      0.00      0.00      0.02
02:37:36 AM      0.00      0.00      0.00      0.00      0.00      0.00      0.00      0.00
02:37:41 AM      0.00      0.00      0.00      0.02      0.00      0.00      0.00      0.02
02:37:46 AM      0.00      0.00      0.00      0.06      0.00      0.00      0.00      0.06
02:37:51 AM      0.00      0.00      0.00      0.01      0.00      0.00      0.00      0.01
02:37:56 AM      0.00      0.00      0.00      0.01      0.00      0.00      0.00      0.01
02:38:01 AM      0.00      0.00      0.00      0.02      0.00      0.00      0.00      0.02
02:38:06 AM      0.00      0.00      0.00      0.01      0.00      0.00      0.00      0.01
02:38:11 AM      0.00      0.00      0.00      0.04      0.00      0.00      0.00      0.04
02:38:16 AM      0.00      0.00      0.00      0.01      0.00      0.00      0.00      0.01
02:38:21 AM      0.00      0.00      0.00      0.05      0.00      0.00      0.00      0.05
02:38:26 AM      0.00      0.00      0.00      0.01      0.00      0.00      0.00      0.01
02:38:31 AM      0.00      0.00      0.00      0.02      0.00      0.00      0.00      0.02
02:38:36 AM      0.00      0.00      0.00      0.01      0.00      0.00      0.00      0.01
02:38:41 AM      0.00      0.00      0.00      0.01      0.00      0.00      0.00      0.01
02:38:46 AM      0.00      0.00      0.00      0.01      0.00      0.00      0.00      0.01
02:38:51 AM      0.00      0.00      0.00      0.01      0.00      0.00      0.00      0.01
02:38:56 AM      0.00      0.00      0.00      0.01      0.00      0.00      0.00      0.01
02:39:01 AM      0.00      0.00      0.00      0.02      0.00      0.00      0.00      0.02
02:39:06 AM      0.00      0.00      0.00      0.02      0.00      0.00      0.00      0.02
02:39:11 AM      0.00      0.00      0.00      0.01      0.00      0.00      0.00      0.01
02:39:16 AM      0.00      0.00      0.00      0.02      0.00      0.00      0.00      0.02
02:39:21 AM      0.00      0.00      0.00      0.01      0.00      0.00      0.00      0.01
02:39:26 AM      0.00      0.00      0.00      0.04      0.00      0.00      0.00      0.03
02:39:31 AM      0.00      0.00      0.00      0.05      0.00      0.00      0.00      0.04
02:39:36 AM      0.00      0.00      0.00      0.02      0.00      0.00      0.00      0.02
02:39:41 AM      0.00      0.00      0.00      0.05      0.00      0.00      0.00      0.05
02:39:46 AM      0.00      0.00      0.00      0.02      0.00      0.00      0.00      0.02
02:39:51 AM      0.00      0.00      0.00      0.02      0.00      0.00      0.00      0.01
02:39:56 AM      0.00      0.00      0.00      0.01      0.00      0.00      0.00      0.01
02:40:01 AM      0.00      0.00      0.00      0.01      0.00      0.00      0.00      0.01
02:40:06 AM      0.00      0.00      0.00      0.06      0.00      0.00      0.00      0.05
02:40:11 AM      0.00      0.00      0.00      0.01      0.00      0.00      0.00      0.01
02:40:16 AM      0.00      0.00      0.00      0.04      0.00      0.00      0.00      0.04
02:40:21 AM      0.00      0.00      0.00      0.01      0.00      0.00      0.00      0.01
02:40:26 AM      0.00      0.00      0.00      0.01      0.00      0.00      0.00      0.01
02:40:31 AM      0.00      0.00      0.00      0.03      0.00      0.00      0.00      0.01
02:40:36 AM      0.00      0.00      0.00      0.01      0.00      0.00      0.00      0.01
02:40:41 AM      0.00      0.00      0.00      0.03      0.00      0.00      0.00      0.03
02:40:46 AM      0.00      0.00      0.00      0.01      0.00      0.00      0.00      0.01
02:40:51 AM      0.00      0.00      0.00      0.03      0.00      0.00      0.00      0.03
02:40:56 AM      0.00      0.00      0.00      0.01      0.00      0.00      0.00      0.01
02:41:01 AM      0.00      0.00      0.00      0.01      0.00      0.00      0.00      0.01
02:41:06 AM      0.00      0.00      0.00      0.01      0.00      0.00      0.00      0.01
02:41:11 AM      0.00      0.00      0.00      0.04      0.00      0.00      0.00      0.03
02:41:16 AM      0.00      0.00      0.00      0.00      0.00      0.00      0.00      0.00
02:41:21 AM      0.00      0.00      0.00      0.01      0.00      0.00      0.00      0.01
02:41:26 AM      0.00      0.00      0.00      0.02      0.00      0.00      0.00      0.02
02:41:31 AM      0.00      0.00      0.00      0.14      0.00      0.00      0.00      0.10
02:41:36 AM      0.00      0.00      0.00      0.02      0.00      0.00      0.00      0.02
02:41:41 AM      0.00      0.00      0.00      0.03      0.00      0.00      0.00      0.03
02:41:46 AM      0.00      0.00      0.00      0.04      0.00      0.00      0.00      0.04
02:41:51 AM      0.00      0.00      0.00      0.01      0.00      0.00      0.00      0.01
02:41:56 AM      0.00      0.00      0.00      0.01      0.00      0.00      0.00      0.01
02:42:01 AM      0.00      0.00      0.00      0.01      0.00      0.00      0.00      0.01
02:42:06 AM      0.00      0.00      0.00      0.03      0.00      0.00      0.00      0.03
02:42:11 AM      0.00      0.00      0.00      0.04      0.00      0.00      0.00      0.04
02:42:16 AM      0.00      0.00      0.00      0.01      0.00      0.00      0.00      0.01
02:42:21 AM      0.00      0.00      0.00      0.02      0.00      0.00      0.00      0.02
02:42:26 AM      0.00      0.00      0.00      0.00      0.00      0.00      0.00      0.00
02:42:31 AM      0.00      0.00      0.00      0.01      0.00      0.00      0.00      0.01
02:42:36 AM      0.00      0.00      0.00      0.01      0.00      0.00      0.00      0.01
02:42:41 AM      0.00      0.00      0.00      0.03      0.00      0.00      0.00      0.03
02:42:46 AM      0.00      0.00      0.00      0.01      0.00      0.00      0.00      0.01
02:42:51 AM      0.00      0.00      0.00      0.03      0.00      0.00      0.00      0.03
02:42:56 AM      0.00      0.00      0.00      0.05      0.00      0.00      0.00      0.05
02:43:01 AM      0.00      0.00      0.00      0.02      0.00      0.00      0.00      0.02
02:43:06 AM      0.00      0.00      0.00      0.03      0.00      0.00      0.00      0.03
02:43:11 AM      0.00      0.00      0.00      0.01      0.00      0.00      0.00      0.01
02:43:16 AM      0.00      0.00      0.00      0.04      0.00      0.00      0.00      0.04
02:43:21 AM      0.00      0.00      0.00      0.02      0.00      0.00      0.00      0.02
02:43:26 AM      0.00      0.00      0.00      0.05      0.00      0.00      0.00      0.05
02:43:31 AM      0.00      0.00      0.00      0.01      0.00      0.00      0.00      0.01
02:43:36 AM      0.00      0.00      0.00      0.00      0.00      0.00      0.00      0.00
02:43:41 AM      0.00      0.00      0.00      0.02      0.00      0.00      0.00      0.02
02:43:46 AM      0.00      0.00      0.00      0.02      0.00      0.00      0.00      0.02
02:43:51 AM      0.00      0.00      0.00      0.01      0.00      0.00      0.00      0.01
02:43:56 AM      0.00      0.00      0.00      0.01      0.00      0.00      0.00      0.01
02:44:01 AM      0.00      0.00      0.00      0.03      0.00      0.00      0.00      0.03
02:44:06 AM      0.00      0.00      0.00      0.01      0.00      0.00      0.00      0.01
02:44:11 AM      0.00      0.00      0.00      0.03      0.00      0.00      0.00      0.03
02:44:16 AM      0.00      0.00      0.00      0.01      0.00      0.00      0.00      0.01
02:44:21 AM      0.00      0.00      0.00      0.03      0.00      0.00      0.00      0.02
02:44:26 AM      0.00      0.00      0.00      0.05      0.00      0.00      0.00      0.05
02:44:31 AM      0.00      0.00      0.00      0.00      0.00      0.00      0.00      0.00
02:44:36 AM      0.00      0.00      0.00      0.03      0.00      0.00      0.00      0.02
02:44:41 AM      0.00      0.00      0.00      0.01      0.00      0.00      0.00      0.01
02:44:46 AM      0.00      0.00      0.00      0.06      0.00      0.00      0.00      0.06
02:44:51 AM      0.00      0.00      0.00      0.02      0.00      0.00      0.00      0.01
02:44:56 AM      0.00      0.00      0.00      0.02      0.00      0.00      0.00      0.02
02:45:01 AM      0.00      0.00      0.00      0.02      0.00      0.00      0.00      0.02
02:45:06 AM      0.00      0.00      0.00      0.03      0.00      0.00      0.00      0.03
02:45:11 AM      0.00      0.00      0.00      0.02      0.00      0.00      0.00      0.02
02:45:16 AM      0.00      0.00      0.00      0.05      0.00      0.00      0.00      0.05
02:45:21 AM      0.00      0.00      0.00      0.03      0.00      0.00      0.00      0.03
02:45:26 AM      0.00      0.00      0.00      0.02      0.00      0.00      0.00      0.02
02:45:31 AM      0.00      0.00      0.00      0.05      0.00      0.00      0.00      0.02
02:45:36 AM      0.00      0.00      0.00      0.01      0.00      0.00      0.00      0.01
02:45:41 AM      0.00      0.00      0.00      0.00      0.00      0.00      0.00      0.00
02:45:46 AM      0.00      0.00      0.00      0.00      0.00      0.00      0.00      0.00
02:45:51 AM      0.00      0.00      0.00      0.00      0.00      0.00      0.00      0.00
02:45:56 AM      0.00      0.00      0.00      0.00      0.00      0.00      0.00      0.00
02:46:01 AM      0.00      0.00      0.00      0.02      0.00      0.00      0.00      0.02
02:46:06 AM      0.00      0.00      0.00      0.01      0.00      0.00      0.00      0.01
02:46:11 AM      0.00      0.00      0.00      0.01      0.00      0.00      0.00      0.01
02:46:16 AM      0.00      0.00      0.00      0.01      0.00      0.00      0.00      0.01
02:46:21 AM      0.00      0.00      0.00      0.01      0.00      0.00      0.00      0.01
02:46:26 AM      0.00      0.00      0.00      0.01      0.00      0.00      0.00      0.01
02:46:31 AM      0.00      0.00      0.00      0.01      0.00      0.00      0.00      0.01
02:46:36 AM      0.00      0.00      0.00      0.19      0.00      0.00      0.00      0.09
02:46:41 AM      0.00      0.00      0.00      0.01      0.00      0.00      0.00      0.01
02:46:46 AM      0.00      0.00      0.00      0.01      0.00      0.00      0.00      0.01
02:46:51 AM      0.00      0.00      0.00      0.04      0.00      0.00      0.00      0.04
02:46:56 AM      0.00      0.00      0.00      0.02      0.00      0.00      0.00      0.02
02:47:01 AM      0.00      0.00      0.00      0.03      0.00      0.00      0.00      0.03
02:47:06 AM      0.00      0.00      0.00      0.01      0.00      0.00      0.00      0.01
02:47:11 AM      0.00      0.00      0.00      0.01      0.00      0.00      0.00      0.01
02:47:16 AM      0.00      0.00      0.00      0.02      0.00      0.00      0.00      0.02
02:47:21 AM      0.00      0.00      0.00      0.01      0.00      0.00      0.00      0.01
02:47:26 AM      0.00      0.00      0.00      0.05      0.00      0.00      0.00      0.05
02:47:31 AM      0.00      0.00      0.00      0.01      0.00      0.00      0.00      0.01
02:47:36 AM      0.00      0.00      0.00      0.03      0.00      0.00      0.00      0.03
02:47:41 AM      0.00      0.00      0.00      0.00      0.00      0.00      0.00      0.00
02:47:46 AM      0.00      0.00      0.00      0.02      0.00      0.00      0.00      0.02
02:47:51 AM      0.00      0.00      0.00      0.01      0.00      0.00      0.00      0.01
02:47:56 AM      0.00      0.00      0.00      0.00      0.00      0.00      0.00      0.00
02:48:01 AM      0.00      0.00      0.00      0.01      0.00      0.00      0.00      0.01
02:48:06 AM      0.00      0.00      0.00      0.00      0.00      0.00      0.00      0.00
02:48:11 AM      0.00      0.00      0.00      0.07      0.00      0.00      0.00      0.06
02:48:16 AM      0.00      0.00      0.00      0.01      0.00      0.00      0.00      0.01
02:48:21 AM      0.00      0.00      0.00      0.03      0.00      0.00      0.00      0.03
02:48:26 AM      0.00      0.00      0.00      0.01      0.00      0.00      0.00      0.01
02:48:31 AM      0.00      0.00      0.00      0.03      0.00      0.00      0.00      0.02
02:48:36 AM      0.00      0.00      0.00      0.03      0.00      0.00      0.00      0.03
02:48:41 AM      0.00      0.00      0.00      0.02      0.00      0.00      0.00      0.02
02:48:46 AM      0.00      0.00      0.00      0.03      0.00      0.00      0.00      0.03
02:48:51 AM      0.00      0.00      0.00      0.02      0.00      0.00      0.00      0.02
02:48:56 AM      0.00      0.00      0.00      0.03      0.00      0.00      0.00      0.03
02:49:01 AM      0.00      0.00      0.00      0.01      0.00      0.00      0.00      0.01
02:49:06 AM      0.00      0.00      0.00      0.01      0.00      0.00      0.00      0.01
02:49:11 AM      0.00      0.00      0.00      0.01      0.00      0.00      0.00      0.01
02:49:16 AM      0.00      0.00      0.00      0.01      0.00      0.00      0.00      0.01
02:49:21 AM      0.00      0.00      0.00      0.10      0.00      0.00      0.00      0.02
02:49:26 AM      0.00      0.00      0.00      0.02      0.00      0.00      0.00      0.02
02:49:31 AM      0.00      0.00      0.00      0.01      0.00      0.00      0.00      0.01
02:49:36 AM      0.00      0.00      0.00      0.02      0.00      0.00      0.00      0.02
02:49:41 AM      0.00      0.00      0.00      0.01      0.00      0.00      0.00      0.01
02:49:46 AM      0.00      0.00      0.00      0.01      0.00      0.00      0.00      0.01
02:49:51 AM      0.00      0.00      0.00      0.04      0.00      0.00      0.00      0.04
02:49:56 AM      0.00      0.00      0.00      0.01      0.00      0.00      0.00      0.01
02:50:01 AM      0.00      0.00      0.00      0.00      0.00      0.00      0.00      0.00
02:50:06 AM      0.00      0.00      0.00      0.01      0.00      0.00      0.00      0.01
02:50:11 AM      0.00      0.00      0.00      0.02      0.00      0.00      0.00      0.02
02:50:16 AM      0.00      0.00      0.00      0.04      0.00      0.00      0.00      0.04
02:50:21 AM      0.00      0.00      0.00      0.01      0.00      0.00      0.00      0.01
02:50:26 AM      0.00      0.00      0.00      0.02      0.00      0.00      0.00      0.02
02:50:31 AM      0.00      0.00      0.00      0.01      0.00      0.00      0.00      0.01
02:50:36 AM      0.00      0.00      0.00      0.02      0.00      0.00      0.00      0.02
02:50:41 AM      0.00      0.00      0.00      0.02      0.00      0.00      0.00      0.01
02:50:46 AM      0.00      0.00      0.00      0.00      0.00      0.00      0.00      0.00
02:50:51 AM      0.00      0.00      0.00      0.02      0.00      0.00      0.00      0.02
02:50:56 AM      0.00      0.00      0.00      0.02      0.00      0.00      0.00      0.02
02:51:01 AM      0.00      0.00      0.00      0.03      0.00      0.00      0.00      0.03
02:51:06 AM      0.00      0.00      0.00      0.01      0.00      0.00      0.00      0.01
02:51:11 AM      0.00      0.00      0.00      0.03      0.00      0.00      0.00      0.03
02:51:16 AM      0.00      0.00      0.00      0.01      0.00      0.00      0.00      0.01
02:51:21 AM      0.00      0.00      0.00      0.01      0.00      0.00      0.00      0.01
02:51:26 AM      0.00      0.00      0.00      0.06      0.00      0.00      0.00      0.06
02:51:31 AM      0.00      0.00      0.00      0.01      0.00      0.00      0.00      0.01
02:51:36 AM      0.00      0.00      0.00      0.12      0.00      0.00      0.00      0.09
02:51:41 AM      0.00      0.00      0.00      0.01      0.00      0.00      0.00      0.01
02:51:46 AM      0.00      0.00      0.00      0.03      0.00      0.00      0.00      0.03
02:51:51 AM      0.00      0.00      0.00      0.01      0.00      0.00      0.00      0.01
02:51:56 AM      0.00      0.00      0.00      0.04      0.00      0.00      0.00      0.04
02:52:01 AM      0.00      0.00      0.00      0.03      0.00      0.00      0.00      0.03
02:52:06 AM      0.00      0.00      0.00      0.01      0.00      0.00      0.00      0.01
02:52:11 AM      0.00      0.00      0.00      0.02      0.00      0.00      0.00      0.02
02:52:16 AM      0.00      0.00      0.00      0.04      0.00      0.00      0.00      0.04
02:52:21 AM      0.00      0.00      0.00      0.02      0.00      0.00      0.00      0.02
02:52:26 AM      0.00      0.00      0.00      0.02      0.00      0.00      0.00      0.02
02:52:31 AM      0.00      0.00      0.00      0.01      0.00      0.00      0.00      0.01
02:52:36 AM      0.00      0.00      0.00      0.02      0.00      0.00      0.00      0.02
02:52:41 AM      0.00      0.00      0.00      0.02      0.00      0.00      0.00      0.02
02:52:46 AM      0.00      0.00      0.00      0.01      0.00      0.00      0.00      0.01
02:52:51 AM      0.00      0.00      0.00      0.00      0.00      0.00      0.00      0.00
02:52:56 AM      0.00      0.00      0.00      0.02      0.00      0.00      0.00      0.02
02:53:01 AM      0.00      0.00      0.00      0.01      0.00      0.00      0.00      0.01
02:53:06 AM      0.00      0.00      0.00      0.03      0.00      0.00      0.00      0.03
02:53:11 AM      0.00      0.00      0.00      0.01      0.00      0.00      0.00      0.01
02:53:16 AM      0.00      0.00      0.00      0.04      0.00      0.00      0.00      0.04
02:53:21 AM      0.00      0.00      0.00      0.01      0.00      0.00      0.00      0.01
02:53:26 AM      0.00      0.00      0.00      0.06      0.00      0.00      0.00      0.06
02:53:31 AM      0.00      0.00      0.00      0.01      0.00      0.00      0.00      0.01
02:53:36 AM      0.00      0.00      0.00      0.01      0.00      0.00      0.00      0.01
02:53:41 AM      0.00      0.00      0.00      0.01      0.00      0.00      0.00      0.01
02:53:46 AM      0.00      0.00      0.00      0.03      0.00      0.00      0.00      0.03
02:53:51 AM      0.00      0.00      0.00      0.02      0.00      0.00      0.00      0.02
02:53:56 AM      0.00      0.00      0.00      0.01      0.00      0.00      0.00      0.01
02:54:01 AM      0.00      0.00      0.00      0.04      0.00      0.00      0.00      0.04
02:54:06 AM      0.00      0.00      0.00      0.04      0.00      0.00      0.00      0.04
02:54:11 AM      0.00      0.00      0.00      0.00      0.00      0.00      0.00      0.00
02:54:16 AM      0.00      0.00      0.00      0.00      0.00      0.00      0.00      0.00
02:54:21 AM      0.00      0.00      0.00      0.00      0.00      0.00      0.00      0.00
02:54:26 AM      0.00      0.00      0.00      0.03      0.00      0.00      0.00      0.03
02:54:31 AM      0.00      0.00      0.00      0.01      0.00      0.00      0.00      0.01
02:54:36 AM      0.00      0.00      0.00      0.02      0.00      0.00      0.00      0.02
02:54:41 AM      0.00      0.00      0.00      0.01      0.00      0.00      0.00      0.01
02:54:46 AM      0.00      0.00      0.00      0.04      0.00      0.00      0.00      0.04
02:54:51 AM      0.00      0.00      0.00      0.00      0.00      0.00      0.00      0.00
02:54:56 AM      0.00      0.00      0.00      0.03      0.00      0.00      0.00      0.03
02:55:01 AM      0.00      0.00      0.00      0.01      0.00      0.00      0.00      0.01
02:55:06 AM      0.00      0.00      0.00      0.02      0.00      0.00      0.00      0.02
02:55:11 AM      0.00      0.00      0.00      0.04      0.00      0.00      0.00      0.04
02:55:16 AM      0.00      0.00      0.00      0.03      0.00      0.00      0.00      0.03
02:55:21 AM      0.00      0.00      0.00      0.03      0.00      0.00      0.00      0.03
02:55:26 AM      0.00      0.00      0.00      0.01      0.00      0.00      0.00      0.01
02:55:31 AM      0.00      0.00      0.00      0.01      0.00      0.00      0.00      0.01
02:55:36 AM      0.00      0.00      0.00      0.01      0.00      0.00      0.00      0.01
02:55:41 AM      0.00      0.00      0.00      0.01      0.00      0.00      0.00      0.01
02:55:46 AM      0.00      0.00      0.00      0.01      0.00      0.00      0.00      0.01
02:55:51 AM      0.00      0.00      0.00      0.01      0.00      0.00      0.00      0.01
02:55:56 AM      0.00      0.00      0.00      0.03      0.00      0.00      0.00      0.03
02:56:01 AM      0.00      0.00      0.00      0.03      0.00      0.00      0.00      0.03
02:56:06 AM      0.00      0.00      0.00      0.07      0.00      0.00      0.00      0.07
02:56:11 AM      0.00      0.00      0.00      0.01      0.00      0.00      0.00      0.01
02:56:16 AM      0.00      0.00      0.00      0.03      0.00      0.00      0.00      0.03
02:56:21 AM      0.00      0.00      0.00      0.02      0.00      0.00      0.00      0.02
02:56:26 AM      0.00      0.00      0.00      0.02      0.00      0.00      0.00      0.02
02:56:31 AM      0.00      0.00      0.00      0.02      0.00      0.00      0.00      0.02
02:56:36 AM      0.00      0.00      0.00      0.10      0.00      0.00      0.00      0.04
02:56:41 AM      0.00      0.00      0.00      0.01      0.00      0.00      0.00      0.01
02:56:46 AM      0.00      0.00      0.00      0.01      0.00      0.00      0.00      0.01
02:56:51 AM      0.00      0.00      0.00      0.03      0.00      0.00      0.00      0.03
02:56:56 AM      0.00      0.00      0.00      0.00      0.00      0.00      0.00      0.00
02:57:01 AM      0.00      0.00      0.00      0.02      0.00      0.00      0.00      0.02
02:57:06 AM      0.00      0.00      0.00      0.01      0.00      0.00      0.00      0.01
02:57:11 AM      0.00      0.00      0.00      0.19      0.00      0.00      0.00      0.16
02:57:16 AM      0.00      0.00      0.00      0.10      0.00      0.00      0.00      0.09
02:57:21 AM      0.00      0.00      0.00      0.05      0.00      0.00      0.00      0.05
02:57:26 AM      0.00      0.00      0.00      0.10      0.00      0.00      0.00      0.09
02:57:31 AM      0.00      0.00      0.00      0.10      0.00      0.00      0.00      0.10
02:57:36 AM      0.00      0.00      0.00      0.09      0.00      0.00      0.00      0.09
02:57:41 AM      0.00      0.00      0.00      0.05      0.00      0.00      0.00      0.05
02:57:46 AM      0.00      0.00      0.00      0.11      0.00      0.00      0.00      0.11
02:57:51 AM      0.00      0.00      0.00      0.07      0.00      0.00      0.00      0.07
02:57:56 AM      0.00      0.00      0.00      0.05      0.00      0.00      0.00      0.05
02:58:01 AM      0.00      0.00      0.00      0.09      0.00      0.00      0.00      0.09
02:58:06 AM      0.00      0.00      0.00      0.06      0.00      0.00      0.00      0.06
02:58:11 AM      0.00      0.00      0.00      0.09      0.00      0.00      0.00      0.08
02:58:16 AM      0.00      0.00      0.00      0.00      0.00      0.00      0.00      0.00
02:58:21 AM      0.00      0.00      0.00      0.04      0.00      0.00      0.00      0.04
02:58:26 AM      0.00      0.00      0.00      0.01      0.00      0.00      0.00      0.01
02:58:31 AM      0.00      0.00      0.00      0.02      0.00      0.00      0.00      0.02
02:58:36 AM      0.00      0.00      0.00      0.02      0.00      0.00      0.00      0.02
02:58:41 AM      0.00      0.00      0.00      0.01      0.00      0.00      0.00      0.01
02:58:46 AM      0.00      0.00      0.00      0.03      0.00      0.00      0.00      0.03
02:58:51 AM      0.00      0.00      0.00      0.02      0.00      0.00      0.00      0.01
02:58:56 AM      0.00      0.00      0.00      0.01      0.00      0.00      0.00      0.01
02:59:01 AM      0.00      0.00      0.00      0.03      0.00      0.00      0.00      0.03
02:59:06 AM      0.00      0.00      0.00      0.11      0.00      0.00      0.00      0.11
02:59:11 AM      0.00      0.00      0.00      0.04      0.00      0.00      0.00      0.04
02:59:16 AM      0.00      0.00      0.00      0.11      0.00      0.00      0.00      0.11
02:59:21 AM      0.00      0.00      0.00      0.10      0.00      0.00      0.00      0.09
02:59:26 AM      0.00      0.00      0.00      0.04      0.00      0.00      0.00      0.04
02:59:31 AM      0.00      0.00      0.00      0.11      0.00      0.00      0.00      0.11
02:59:36 AM      0.00      0.00      0.00      0.04      0.00      0.00      0.00      0.04
02:59:41 AM      0.00      0.00      0.00      0.07      0.00      0.00      0.00      0.07
02:59:46 AM      0.00      0.00      0.00      0.03      0.00      0.00      0.00      0.03
02:59:51 AM      0.00      0.00      0.00      0.07      0.00      0.00      0.00      0.07
02:59:56 AM      0.00      0.00      0.00      0.08      0.00      0.00      0.00      0.08
03:00:01 AM      0.00      0.00      0.00      0.04      0.00      0.00      0.00      0.04
03:00:06 AM      0.00      0.00      0.00      0.11      0.00      0.00      0.00      0.11
03:00:11 AM      0.00      0.00      0.00      0.04      0.00      0.00      0.00      0.04
03:00:16 AM      0.00      0.00      0.00      0.09      0.00      0.00      0.00      0.09
03:00:21 AM      0.00      0.00      0.00      0.11      0.00      0.00      0.00      0.11
03:00:26 AM      0.00      0.00      0.00      0.09      0.00      0.00      0.00      0.09
03:00:31 AM      0.00      0.00      0.00      0.04      0.00      0.00      0.00      0.04
03:00:36 AM      0.00      0.00      0.00      0.08      0.00      0.00      0.00      0.08
03:00:41 AM      0.00      0.00      0.00      0.11      0.00      0.00      0.00      0.11
03:00:46 AM      0.00      0.00      0.00      0.04      0.00      0.00      0.00      0.04
03:00:51 AM      0.00      0.00      0.00      0.10      0.00      0.00      0.00      0.10
03:00:56 AM      0.00      0.00      0.00      0.04      0.00      0.00      0.00      0.04
03:01:01 AM      0.00      0.00      0.00      0.00      0.00      0.00      0.00      0.00
03:01:06 AM      0.00      0.00      0.00      0.00      0.00      0.00      0.00      0.00
03:01:11 AM      0.00      0.00      0.00      0.00      0.00      0.00      0.00      0.00
03:01:16 AM      0.00      0.00      0.00      0.00      0.00      0.00      0.00      0.00
03:01:21 AM      0.00      0.00      0.00      0.00      0.00      0.00      0.00      0.00
03:01:26 AM      0.00      0.00      0.00      0.03      0.00      0.00      0.00      0.03
03:01:31 AM      0.00      0.00      0.00      0.02      0.00      0.00      0.00      0.01
03:01:36 AM      0.00      0.00      0.00      0.34      0.00      0.00      0.00      0.23
03:01:41 AM      0.00      0.00      0.00      0.08      0.00      0.00      0.00      0.08
03:01:46 AM      0.00      0.00      0.00      0.08      0.00      0.00      0.00      0.08
03:01:51 AM      0.00      0.00      0.00      0.05      0.00      0.00      0.00      0.05
03:01:56 AM      0.00      0.00      0.00      0.15      0.00      0.00      0.00      0.15
03:02:01 AM      0.00      0.00      0.00      0.02      0.00      0.00      0.00      0.02
03:02:06 AM      0.00      0.00      0.00      0.02      0.00      0.00      0.00      0.02
03:02:11 AM      0.00      0.00      0.00      0.01      0.00      0.00      0.00      0.01
03:02:16 AM      0.00      0.00      0.00      0.01      0.00      0.00      0.00      0.01
03:02:21 AM      0.00      0.00      0.00      0.02      0.00      0.00      0.00      0.02
03:02:26 AM      0.00      0.00      0.00      0.02      0.00      0.00      0.00      0.02
03:02:31 AM      0.00      0.00      0.00      0.03      0.00      0.00      0.00      0.02
03:02:36 AM      0.00      0.00      0.00      0.01      0.00      0.00      0.00      0.01
03:02:41 AM      0.00      0.00      0.00      0.02      0.00      0.00      0.00      0.02
03:02:46 AM      0.00      0.00      0.00      0.01      0.00      0.00      0.00      0.01
03:02:51 AM      0.00      0.00      0.00      0.01      0.00      0.00      0.00      0.01
03:02:56 AM      0.00      0.00      0.00      0.04      0.00      0.00      0.00      0.04
03:03:01 AM      0.00      0.00      0.00      0.01      0.00      0.00      0.00      0.01
03:03:06 AM      0.00      0.00      0.00      0.03      0.00      0.00      0.00      0.03
03:03:11 AM      0.00      0.00      0.00      0.01      0.00      0.00      0.00      0.01
03:03:16 AM      0.00      0.00      0.00      0.04      0.00      0.00      0.00      0.04
03:03:21 AM      0.00      0.00      0.00      0.01      0.00      0.00      0.00      0.01
03:03:26 AM      0.00      0.00      0.00      0.03      0.00      0.00      0.00      0.03
03:03:31 AM      0.00      0.00      0.00      0.06      0.00      0.00      0.00      0.06
03:03:36 AM      0.00      0.00      0.00      0.02      0.00      0.00      0.00      0.02
03:03:41 AM      0.00      0.00      0.00      0.00      0.00      0.00      0.00      0.00
03:03:46 AM      0.00      0.00      0.00      0.00      0.00      0.00      0.00      0.00
03:03:51 AM      0.00      0.00      0.00      0.00      0.00      0.00      0.00      0.00
03:03:56 AM      0.00      0.00      0.00      0.00      0.00      0.00      0.00      0.00
03:04:01 AM      0.00      0.00      0.00      0.05      0.00      0.00      0.00      0.05
03:04:06 AM      0.00      0.00      0.00      0.03      0.00      0.00      0.00      0.03
03:04:11 AM      0.00      0.00      0.00      0.07      0.00      0.00      0.00      0.07
03:04:16 AM      0.00      0.00      0.00      0.04      0.00      0.00      0.00      0.04
03:04:21 AM      0.00      0.00      0.00      0.01      0.00      0.00      0.00      0.01
03:04:26 AM      0.00      0.00      0.00      0.05      0.00      0.00      0.00      0.05
03:04:31 AM      0.00      0.00      0.00      0.00      0.00      0.00      0.00      0.00
03:04:36 AM      0.00      0.00      0.00      0.05      0.00      0.00      0.00      0.05
03:04:41 AM      0.00      0.00      0.00      0.02      0.00      0.00      0.00      0.02
03:04:46 AM      0.00      0.00      0.00      0.04      0.00      0.00      0.00      0.04
03:04:51 AM      0.14      0.03      0.00      0.41      0.14      0.03      0.00      0.41
03:04:56 AM      0.08      0.02      0.00      0.01      0.08      0.02      0.00      0.01
03:05:01 AM      0.05      0.02      0.00      0.02      0.05      0.02      0.00      0.02
03:05:06 AM      0.02      0.02      0.00      0.00      0.02      0.02      0.00      0.00
03:05:11 AM      0.01      0.02      0.00      0.00      0.01      0.02      0.00      0.00
03:05:16 AM      0.00      0.01      0.00      0.00      0.00      0.01      0.00      0.00
03:05:21 AM      0.00      0.01      0.00      0.06      0.00      0.01      0.00      0.06
03:05:26 AM      0.00      0.01      0.00      0.02      0.00      0.01      0.00      0.02
03:05:31 AM      0.00      0.01      0.00      0.02      0.00      0.01      0.00      0.02
03:05:36 AM      0.00      0.01      0.00      0.01      0.00      0.01      0.00      0.01
03:05:41 AM      0.00      0.01      0.00      0.01      0.00      0.01      0.00      0.01
03:05:46 AM      0.00      0.00      0.00      0.02      0.00      0.00      0.00      0.02
03:05:51 AM      0.00      0.00      0.00      0.05      0.00      0.00      0.00      0.05
03:05:56 AM      0.00      0.00      0.00      0.02      0.00      0.00      0.00      0.02
03:06:01 AM      0.00      0.00      0.00      0.02      0.00      0.00      0.00      0.02
03:06:06 AM      0.00      0.00      0.00      0.02      0.00      0.00      0.00      0.02
03:06:11 AM      0.00      0.00      0.00      0.03      0.00      0.00      0.00      0.02
03:06:16 AM      0.00      0.00      0.00      0.04      0.00      0.00      0.00      0.04
03:06:21 AM      0.00      0.00      0.00      0.01      0.00      0.00      0.00      0.01
03:06:26 AM      0.00      0.00      0.00      0.00      0.00      0.00      0.00      0.00
03:06:31 AM      0.00      0.00      0.00      0.02      0.00      0.00      0.00      0.02
03:06:36 AM      0.00      0.00      0.00      0.13      0.00      0.00      0.00      0.06
03:06:41 AM      0.00      0.00      0.00      0.03      0.00      0.00      0.00      0.03
03:06:46 AM      0.00      0.00      0.00      0.01      0.00      0.00      0.00      0.01
03:06:51 AM      0.00      0.00      0.00      0.00      0.00      0.00      0.00      0.00
03:06:56 AM      0.00      0.00      0.00      0.02      0.00      0.00      0.00      0.02
03:07:01 AM      0.00      0.00      0.00      0.01      0.00      0.00      0.00      0.01
03:07:06 AM      0.00      0.00      0.00      0.00      0.00      0.00      0.00      0.00
03:07:11 AM      0.00      0.00      0.00      0.01      0.00      0.00      0.00      0.01
03:07:16 AM      0.00      0.00      0.00      0.01      0.00      0.00      0.00      0.01
03:07:21 AM      0.00      0.00      0.00      0.01      0.00      0.00      0.00      0.01
03:07:26 AM      0.00      0.00      0.00      0.01      0.00      0.00      0.00      0.01
03:07:31 AM      0.00      0.00      0.00      0.03      0.00      0.00      0.00      0.03
03:07:36 AM      0.00      0.00      0.00      0.09      0.00      0.00      0.00      0.09
03:07:41 AM      0.00      0.00      0.00      0.04      0.00      0.00      0.00      0.04
03:07:46 AM      0.00      0.00      0.00      0.01      0.00      0.00      0.00      0.01
03:07:51 AM      0.00      0.00      0.00      0.02      0.00      0.00      0.00      0.02
03:07:56 AM      0.00      0.00      0.00      0.00      0.00      0.00      0.00      0.00
03:08:01 AM      0.00      0.00      0.00      0.01      0.00      0.00      0.00      0.01
03:08:06 AM      0.00      0.00      0.00      0.03      0.00      0.00      0.00      0.02
03:08:11 AM      0.00      0.00      0.00      0.04      0.00      0.00      0.00      0.04
03:08:16 AM      0.00      0.00      0.00      0.02      0.00      0.00      0.00      0.02
03:08:21 AM      0.00      0.00      0.00      0.01      0.00      0.00      0.00      0.01
03:08:26 AM      0.00      0.00      0.00      0.01      0.00      0.00      0.00      0.01
03:08:31 AM      0.00      0.00      0.00      0.04      0.00      0.00      0.00      0.04
03:08:36 AM      0.00      0.00      0.00      0.02      0.00      0.00      0.00      0.02
03:08:41 AM      0.00      0.00      0.00      0.01      0.00      0.00      0.00      0.01
03:08:46 AM      0.00      0.00      0.00      0.03      0.00      0.00      0.00      0.03
03:08:51 AM      0.00      0.00      0.00      0.01      0.00      0.00      0.00      0.01
03:08:56 AM      0.00      0.00      0.00      0.01      0.00      0.00      0.00      0.01
03:09:01 AM      0.00      0.00      0.00      0.00      0.00      0.00      0.00      0.00
03:09:06 AM      0.00      0.00      0.00      0.01      0.00      0.00      0.00      0.01
03:09:11 AM      0.00      0.00      0.00      0.01      0.00      0.00      0.00      0.01
03:09:16 AM      0.00      0.00      0.00      0.01      0.00      0.00      0.00      0.01
03:09:21 AM      0.00      0.00      0.00      0.01      0.00      0.00      0.00      0.01
03:09:26 AM      0.00      0.00      0.00      0.01      0.00      0.00      0.00      0.01
03:09:31 AM      0.00      0.00      0.00      0.00      0.00      0.00      0.00      0.00
03:09:36 AM      0.00      0.00      0.00      0.00      0.00      0.00      0.00      0.00
03:09:41 AM      0.00      0.00      0.00      0.01      0.00      0.00      0.00      0.01
03:09:46 AM      0.00      0.00      0.00      0.01      0.00      0.00      0.00      0.01
03:09:51 AM      0.00      0.00      0.00      0.03      0.00      0.00      0.00      0.03
03:09:56 AM      0.00      0.00      0.00      0.03      0.00      0.00      0.00      0.03
03:10:01 AM      0.00      0.00      0.00      0.01      0.00      0.00      0.00      0.01
03:10:06 AM      0.00      0.00      0.00      0.01      0.00      0.00      0.00      0.01
03:10:11 AM      0.00      0.00      0.00      0.01      0.00      0.00      0.00      0.01
03:10:16 AM      0.00      0.00      0.00      0.01      0.00      0.00      0.00      0.01
03:10:21 AM      0.00      0.00      0.00      0.02      0.00      0.00      0.00      0.02
03:10:26 AM      0.00      0.00      0.00      0.01      0.00      0.00      0.00      0.01
03:10:31 AM      0.00      0.00      0.00      0.01      0.00      0.00      0.00      0.01
03:10:36 AM      0.00      0.00      0.00      0.01      0.00      0.00      0.00      0.01
03:10:41 AM      0.00      0.00      0.00      0.04      0.00      0.00      0.00      0.04
03:10:46 AM      0.00      0.00      0.00      0.01      0.00      0.00      0.00      0.01
03:10:51 AM      0.00      0.00      0.00      0.04      0.00      0.00      0.00      0.04
03:10:56 AM      0.00      0.00      0.00      0.03      0.00      0.00      0.00      0.03
03:11:01 AM      0.00      0.00      0.00      0.03      0.00      0.00      0.00      0.03
03:11:06 AM      0.00      0.00      0.00      0.04      0.00      0.00      0.00      0.03
03:11:11 AM      0.00      0.00      0.00      0.02      0.00      0.00      0.00      0.02
03:11:16 AM      0.00      0.00      0.00      0.02      0.00      0.00      0.00      0.02
03:11:21 AM      0.00      0.00      0.00      0.01      0.00      0.00      0.00      0.01
03:11:26 AM      0.00      0.00      0.00      0.01      0.00      0.00      0.00      0.01
03:11:31 AM      0.00      0.00      0.00      0.04      0.00      0.00      0.00      0.04
03:11:36 AM      0.00      0.00      0.00      0.07      0.00      0.00      0.00      0.07
03:11:41 AM      0.00      0.00      0.00      0.01      0.00      0.00      0.00      0.00
03:11:46 AM      0.00      0.00      0.00      0.00      0.00      0.00      0.00      0.00
03:11:51 AM      0.00      0.00      0.00      0.00      0.00      0.00      0.00      0.00
03:11:56 AM      0.00      0.00      0.00      0.01      0.00      0.00      0.00      0.01
03:12:01 AM      0.00      0.00      0.00      0.01      0.00      0.00      0.00      0.01
03:12:06 AM      0.00      0.00      0.00      0.04      0.00      0.00      0.00      0.04
03:12:11 AM      0.00      0.00      0.00      0.06      0.00      0.00      0.00      0.06
03:12:16 AM      0.00      0.00      0.00      0.01      0.00      0.00      0.00      0.01
03:12:21 AM      0.00      0.00      0.00      0.01      0.00      0.00      0.00      0.01
03:12:26 AM      0.00      0.00      0.00      0.01      0.00      0.00      0.00      0.01
03:12:31 AM      0.00      0.00      0.00      0.01      0.00      0.00      0.00      0.01
03:12:36 AM      0.00      0.00      0.00      0.01      0.00      0.00      0.00      0.01
03:12:41 AM      0.00      0.00      0.00      0.03      0.00      0.00      0.00      0.03
03:12:46 AM      0.00      0.00      0.00      0.01      0.00      0.00      0.00      0.01
03:12:51 AM      0.00      0.00      0.00      0.00      0.00      0.00      0.00      0.00
03:12:56 AM      0.00      0.00      0.00      0.01      0.00      0.00      0.00      0.01
03:13:01 AM      0.00      0.00      0.00      0.01      0.00      0.00      0.00      0.01
03:13:06 AM      0.00      0.00      0.00      0.01      0.00      0.00      0.00      0.01
03:13:11 AM      0.00      0.00      0.00      0.01      0.00      0.00      0.00      0.01
03:13:16 AM      0.00      0.00      0.00      0.02      0.00      0.00      0.00      0.02
03:13:21 AM      0.00      0.00      0.00      0.01      0.00      0.00      0.00      0.01
03:13:26 AM      0.00      0.00      0.00      0.00      0.00      0.00      0.00      0.00
03:13:31 AM      0.00      0.00      0.00      0.05      0.00      0.00      0.00      0.05
03:13:36 AM      0.00      0.00      0.00      0.04      0.00      0.00      0.00      0.04
03:13:41 AM      0.00      0.00      0.00      0.04      0.00      0.00      0.00      0.04
03:13:46 AM      0.00      0.00      0.00      0.01      0.00      0.00      0.00      0.01
03:13:51 AM      0.00      0.00      0.00      0.04      0.00      0.00      0.00      0.04
03:13:56 AM      0.00      0.00      0.00      0.04      0.00      0.00      0.00      0.04
03:14:01 AM      0.00      0.00      0.00      0.01      0.00      0.00      0.00      0.01
03:14:06 AM      0.00      0.00      0.00      0.04      0.00      0.00      0.00      0.04
03:14:11 AM      0.00      0.00      0.00      0.02      0.00      0.00      0.00      0.02
03:14:16 AM      0.00      0.00      0.00      0.05      0.00      0.00      0.00      0.05
03:14:21 AM      0.00      0.00      0.00      0.03      0.00      0.00      0.00      0.03
03:14:26 AM      0.00      0.00      0.00      0.01      0.00      0.00      0.00      0.01
03:14:31 AM      0.00      0.00      0.00      0.00      0.00      0.00      0.00      0.00
03:14:36 AM      0.00      0.00      0.00      0.00      0.00      0.00      0.00      0.00
03:14:41 AM      0.00      0.00      0.00      0.00      0.00      0.00      0.00      0.00
03:14:46 AM      0.00      0.00      0.00      0.00      0.00      0.00      0.00      0.00
03:14:51 AM      0.00      0.00      0.00      0.00      0.00      0.00      0.00      0.00
03:14:56 AM      0.00      0.00      0.00      0.05      0.00      0.00      0.00      0.05
03:15:01 AM      0.00      0.00      0.00      0.01      0.00      0.00      0.00      0.01
03:15:06 AM      0.00      0.00      0.00      0.02      0.00      0.00      0.00      0.02
03:15:11 AM      0.00      0.00      0.00      0.02      0.00      0.00      0.00      0.02
03:15:16 AM      0.00      0.00      0.00      0.03      0.00      0.00      0.00      0.03
03:15:21 AM      0.00      0.00      0.00      0.03      0.00      0.00      0.00      0.03
03:15:26 AM      0.00      0.00      0.00      0.02      0.00      0.00      0.00      0.02
03:15:31 AM      0.00      0.00      0.00      0.04      0.00      0.00      0.00      0.04
03:15:36 AM      0.00      0.00      0.00      0.01      0.00      0.00      0.00      0.01
03:15:41 AM      0.00      0.00      0.00      0.01      0.00      0.00      0.00      0.01
03:15:46 AM      0.00      0.00      0.00      0.01      0.00      0.00      0.00      0.01
03:15:51 AM      0.00      0.00      0.00      0.04      0.00      0.00      0.00      0.04
03:15:56 AM      0.00      0.00      0.00      0.02      0.00      0.00      0.00      0.02
03:16:01 AM      0.00      0.00      0.00      0.02      0.00      0.00      0.00      0.02
03:16:06 AM      0.00      0.00      0.00      0.02      0.00      0.00      0.00      0.02
03:16:11 AM      0.00      0.00      0.00      0.02      0.00      0.00      0.00      0.02
03:16:16 AM      0.00      0.00      0.00      0.03      0.00      0.00      0.00      0.03
03:16:21 AM      0.00      0.00      0.00      0.01      0.00      0.00      0.00      0.01
03:16:26 AM      0.00      0.00      0.00      0.05      0.00      0.00      0.00      0.05
03:16:31 AM      0.00      0.00      0.00      0.02      0.00      0.00      0.00      0.02
03:16:36 AM      0.00      0.00      0.00      0.01      0.00      0.00      0.00      0.01
03:16:41 AM      0.00      0.00      0.00      0.03      0.00      0.00      0.00      0.03
03:16:46 AM      0.00      0.00      0.00      0.01      0.00      0.00      0.00      0.01
03:16:51 AM      0.00      0.00      0.00      0.02      0.00      0.00      0.00      0.02
03:16:56 AM      0.00      0.00      0.00      0.02      0.00      0.00      0.00      0.02
03:17:01 AM      0.00      0.00      0.00      0.03      0.00      0.00      0.00      0.02
03:17:06 AM      0.00      0.00      0.00      0.01      0.00      0.00      0.00      0.01
03:17:11 AM      0.00      0.00      0.00      0.01      0.00      0.00      0.00      0.01
03:17:16 AM      0.00      0.00      0.00      0.04      0.00      0.00      0.00      0.04
03:17:21 AM      0.00      0.00      0.00      0.02      0.00      0.00      0.00      0.02
03:17:26 AM      0.00      0.00      0.00      0.01      0.00      0.00      0.00      0.01
03:17:31 AM      0.00      0.00      0.00      0.00      0.00      0.00      0.00      0.00
03:17:36 AM      0.00      0.00      0.00      0.02      0.00      0.00      0.00      0.02
03:17:41 AM      0.00      0.00      0.00      0.01      0.00      0.00      0.00      0.01
03:17:46 AM      0.00      0.00      0.00      0.00      0.00      0.00      0.00      0.00
03:17:51 AM      0.00      0.00      0.00      0.09      0.00      0.00      0.00      0.09
03:17:56 AM      0.00      0.00      0.00      0.03      0.00      0.00      0.00      0.03
03:18:01 AM      0.00      0.00      0.00      0.06      0.00      0.00      0.00      0.06
03:18:06 AM      0.00      0.00      0.00      0.01      0.00      0.00      0.00      0.01
03:18:11 AM      0.00      0.00      0.00      0.02      0.00      0.00      0.00      0.02
03:18:16 AM      0.00      0.00      0.00      0.01      0.00      0.00      0.00      0.01
03:18:21 AM      0.00      0.00      0.00      0.01      0.00      0.00      0.00      0.01
03:18:26 AM      0.00      0.00      0.00      0.01      0.00      0.00      0.00      0.01
03:18:31 AM      0.00      0.00      0.00      0.03      0.00      0.00      0.00      0.03
03:18:36 AM      0.00      0.00      0.00      0.03      0.00      0.00      0.00      0.03
03:18:41 AM      0.00      0.00      0.00      0.03      0.00      0.00      0.00      0.03
03:18:46 AM      0.00      0.00      0.00      0.14      0.00      0.00      0.00      0.14
03:18:51 AM      0.00      0.00      0.00      0.10      0.00      0.00      0.00      0.10
03:18:56 AM      0.00      0.00      0.00      0.06      0.00      0.00      0.00      0.06
03:19:01 AM      0.00      0.00      0.00      0.04      0.00      0.00      0.00      0.04
03:19:06 AM      0.00      0.00      0.00      0.11      0.00      0.00      0.00      0.11
03:19:11 AM      0.00      0.00      0.00      0.02      0.00      0.00      0.00      0.02
03:19:16 AM      0.00      0.00      0.00      0.03      0.00      0.00      0.00      0.03
03:19:21 AM      0.00      0.00      0.00      0.02      0.00      0.00      0.00      0.02
03:19:26 AM      0.00      0.00      0.00      0.00      0.00      0.00      0.00      0.00
03:19:31 AM      0.00      0.00      0.00      0.02      0.00      0.00      0.00      0.02
03:19:36 AM      0.00      0.00      0.00      0.07      0.00      0.00      0.00      0.06
03:19:41 AM      0.00      0.00      0.00      0.02      0.00      0.00      0.00      0.02
03:19:46 AM      0.00      0.00      0.00      0.05      0.00      0.00      0.00      0.05
03:19:51 AM      0.00      0.00      0.00      0.07      0.00      0.00      0.00      0.07
03:19:56 AM      0.00      0.00      0.00      0.08      0.00      0.00      0.00      0.08
03:20:01 AM      0.00      0.00      0.00      0.01      0.00      0.00      0.00      0.01
03:20:06 AM      0.00      0.00      0.00      0.00      0.00      0.00      0.00      0.00
03:20:11 AM      0.00      0.00      0.00      0.01      0.00      0.00      0.00      0.01
03:20:16 AM      0.00      0.00      0.00      0.04      0.00      0.00      0.00      0.04
03:20:21 AM      0.00      0.00      0.00      0.04      0.00      0.00      0.00      0.04
03:20:26 AM      0.00      0.00      0.00      0.09      0.00      0.00      0.00      0.09
03:20:31 AM      0.00      0.00      0.00      0.01      0.00      0.00      0.00      0.01
03:20:36 AM      0.00      0.00      0.00      0.01      0.00      0.00      0.00      0.01
03:20:41 AM      0.00      0.00      0.00      0.05      0.00      0.00      0.00      0.05
03:20:46 AM      0.00      0.00      0.00      0.03      0.00      0.00      0.00      0.03
03:20:51 AM      0.00      0.00      0.00      0.03      0.00      0.00      0.00      0.03
03:20:56 AM      0.00      0.00      0.00      0.04      0.00      0.00      0.00      0.04
03:21:01 AM      0.00      0.00      0.00      0.03      0.00      0.00      0.00      0.03
03:21:06 AM      0.00      0.00      0.00      0.01      0.00      0.00      0.00      0.01
03:21:11 AM      0.00      0.00      0.00      0.05      0.00      0.00      0.00      0.05
03:21:16 AM      0.00      0.00      0.00      0.00      0.00      0.00      0.00      0.00
03:21:21 AM      0.00      0.00      0.00      0.02      0.00      0.00      0.00      0.02
03:21:26 AM      0.00      0.00      0.00      0.02      0.00      0.00      0.00      0.02
03:21:31 AM      0.00      0.00      0.00      0.01      0.00      0.00      0.00      0.01
03:21:36 AM      0.00      0.00      0.00      0.00      0.00      0.00      0.00      0.00
03:21:41 AM      0.00      0.00      0.00      0.00      0.00      0.00      0.00      0.00
03:21:46 AM      0.00      0.00      0.00      0.01      0.00      0.00      0.00      0.01
03:21:51 AM      0.00      0.00      0.00      0.01      0.00      0.00      0.00      0.01
03:21:56 AM      0.00      0.00      0.00      0.01      0.00      0.00      0.00      0.01
03:22:01 AM      0.00      0.00      0.00      0.01      0.00      0.00      0.00      0.01
03:22:06 AM      0.00      0.00      0.00      0.04      0.00      0.00      0.00      0.04
03:22:11 AM      0.00      0.00      0.00      0.07      0.00      0.00      0.00      0.07
03:22:16 AM      0.00      0.00      0.00      0.04      0.00      0.00      0.00      0.04
03:22:21 AM      0.00      0.00      0.00      0.04      0.00      0.00      0.00      0.04
03:22:26 AM      0.00      0.00      0.00      0.02      0.00      0.00      0.00      0.02
03:22:31 AM      0.00      0.00      0.00      0.01      0.00      0.00      0.00      0.01
03:22:36 AM      0.00      0.00      0.00      0.02      0.00      0.00      0.00      0.02
03:22:41 AM      0.00      0.00      0.00      0.06      0.00      0.00      0.00      0.06
03:22:46 AM      0.00      0.00      0.00      0.01      0.00      0.00      0.00      0.01
03:22:51 AM      0.00      0.00      0.00      0.06      0.00      0.00      0.00      0.06
03:22:56 AM      0.00      0.00      0.00      0.02      0.00      0.00      0.00      0.02
03:23:01 AM      0.00      0.00      0.00      0.01      0.00      0.00      0.00      0.01
03:23:06 AM      0.00      0.00      0.00      0.05      0.00      0.00      0.00      0.05
03:23:11 AM      0.00      0.00      0.00      0.01      0.00      0.00      0.00      0.01
03:23:16 AM      0.00      0.00      0.00      0.01      0.00      0.00      0.00      0.01
03:23:21 AM      0.00      0.00      0.00      0.01      0.00      0.00      0.00      0.01
03:23:26 AM      0.00      0.00      0.00      0.01      0.00      0.00      0.00      0.01
03:23:31 AM      0.00      0.00      0.00      0.02      0.00      0.00      0.00      0.02
03:23:36 AM      0.00      0.00      0.00      0.01      0.00      0.00      0.00      0.01
03:23:41 AM      0.00      0.00      0.00      0.03      0.00      0.00      0.00      0.03
03:23:46 AM      0.00      0.00      0.00      0.00      0.00      0.00      0.00      0.00
03:23:51 AM      0.00      0.00      0.00      0.02      0.00      0.00      0.00      0.02
03:23:56 AM      0.00      0.00      0.00      0.03      0.00      0.00      0.00      0.03
03:24:01 AM      0.00      0.00      0.00      0.01      0.00      0.00      0.00      0.01
03:24:06 AM      0.00      0.00      0.00      0.01      0.00      0.00      0.00      0.01
03:24:11 AM      0.00      0.00      0.00      0.03      0.00      0.00      0.00      0.03
03:24:16 AM      0.00      0.00      0.00      0.07      0.00      0.00      0.00      0.07
03:24:21 AM      0.00      0.00      0.00      0.03      0.00      0.00      0.00      0.03
03:24:26 AM      0.00      0.00      0.00      0.01      0.00      0.00      0.00      0.01
03:24:31 AM      0.00      0.00      0.00      0.08      0.00      0.00      0.00      0.08
03:24:36 AM      0.00      0.00      0.00      0.02      0.00      0.00      0.00      0.02
03:24:41 AM      0.00      0.00      0.00      0.02      0.00      0.00      0.00      0.02
03:24:46 AM      0.00      0.00      0.00      0.01      0.00      0.00      0.00      0.01
03:24:51 AM      0.00      0.00      0.00      0.00      0.00      0.00      0.00      0.00
03:24:56 AM      0.00      0.00      0.00      0.00      0.00      0.00      0.00      0.00
03:25:01 AM      0.00      0.00      0.00      0.00      0.00      0.00      0.00      0.00
03:25:06 AM      0.00      0.00      0.00      0.00      0.00      0.00      0.00      0.00
03:25:11 AM      0.00      0.00      0.00      0.02      0.00      0.00      0.00      0.02
03:25:16 AM      0.00      0.00      0.00      0.02      0.00      0.00      0.00      0.02
03:25:21 AM      0.00      0.00      0.00      0.06      0.00      0.00      0.00      0.06
03:25:26 AM      0.00      0.00      0.00      0.03      0.00      0.00      0.00      0.03
03:25:31 AM      0.00      0.00      0.00      0.04      0.00      0.00      0.00      0.04
03:25:36 AM      0.00      0.00      0.00      0.01      0.00      0.00      0.00      0.01
03:25:41 AM      0.00      0.00      0.00      0.00      0.00      0.00      0.00      0.00
03:25:46 AM      0.00      0.00      0.00      0.01      0.00      0.00      0.00      0.01
03:25:51 AM      0.00      0.00      0.00      0.05      0.00      0.00      0.00      0.05
03:25:56 AM      0.00      0.00      0.00      0.07      0.00      0.00      0.00      0.07
03:26:01 AM      0.00      0.00      0.00      0.08      0.00      0.00      0.00      0.08
03:26:06 AM      0.00      0.00      0.00      0.06      0.00      0.00      0.00      0.06
03:26:11 AM      0.00      0.00      0.00      0.03      0.00      0.00      0.00      0.03
03:26:16 AM      0.00      0.00      0.00      0.02      0.00      0.00      0.00      0.02
03:26:21 AM      0.00      0.00      0.00      0.00      0.00      0.00      0.00      0.00
03:26:26 AM      0.00      0.00      0.00      0.00      0.00      0.00      0.00      0.00
03:26:31 AM      0.00      0.00      0.00      0.03      0.00      0.00      0.00      0.03
03:26:36 AM      0.00      0.00      0.00      0.00      0.00      0.00      0.00      0.00
03:26:41 AM      0.00      0.00      0.00      0.08      0.00      0.00      0.00      0.08
03:26:46 AM      0.00      0.00      0.00      0.06      0.00      0.00      0.00      0.06
03:26:51 AM      0.00      0.00      0.00      0.14      0.00      0.00      0.00      0.14
03:26:56 AM      0.00      0.00      0.00      0.05      0.00      0.00      0.00      0.05
03:27:01 AM      0.00      0.00      0.00      0.10      0.00      0.00      0.00      0.10
03:27:06 AM      0.00      0.00      0.00      0.09      0.00      0.00      0.00      0.09
03:27:11 AM      0.00      0.00      0.00      0.37      0.00      0.00      0.00      0.37
03:27:16 AM      0.00      0.00      0.00      0.11      0.00      0.00      0.00      0.11
03:27:22 AM      0.00      0.00      0.00      0.06      0.00      0.00      0.00      0.06
03:27:27 AM      0.00      0.00      0.00      0.07      0.00      0.00      0.00      0.06
03:27:32 AM      0.00      0.00      0.00      0.06      0.00      0.00      0.00      0.06
03:27:37 AM      0.00      0.00      0.00      0.02      0.00      0.00      0.00      0.02
03:27:42 AM      0.00      0.00      0.00      0.06      0.00      0.00      0.00      0.06
03:27:47 AM      0.00      0.00      0.00      0.01      0.00      0.00      0.00      0.01
03:27:52 AM      0.00      0.00      0.00      0.06      0.00      0.00      0.00      0.05
03:27:57 AM      0.00      0.00      0.00      0.04      0.00      0.00      0.00      0.03
03:28:02 AM      0.00      0.00      0.00      0.05      0.00      0.00      0.00      0.04
03:28:07 AM      0.00      0.00      0.00      0.01      0.00      0.00      0.00      0.01
03:28:12 AM      0.00      0.00      0.00      0.01      0.00      0.00      0.00      0.01
03:28:17 AM      0.00      0.00      0.00      0.04      0.00      0.00      0.00      0.04
03:28:22 AM      0.00      0.00      0.00      0.03      0.00      0.00      0.00      0.03
03:28:27 AM      0.00      0.00      0.00      0.02      0.00      0.00      0.00      0.02
03:28:32 AM      0.00      0.00      0.00      0.03      0.00      0.00      0.00      0.03
03:28:37 AM      0.00      0.00      0.00      0.00      0.00      0.00      0.00      0.00
03:28:42 AM      0.00      0.00      0.00      0.01      0.00      0.00      0.00      0.01
03:28:47 AM      0.00      0.00      0.00      0.02      0.00      0.00      0.00      0.02
03:28:52 AM      0.00      0.00      0.00      0.02      0.00      0.00      0.00      0.02
03:28:57 AM      0.00      0.00      0.00      0.01      0.00      0.00      0.00      0.01
03:29:02 AM      0.00      0.00      0.00      0.02      0.00      0.00      0.00      0.02
03:29:07 AM      0.00      0.00      0.00      0.01      0.00      0.00      0.00      0.01
03:29:12 AM      0.00      0.00      0.00      0.04      0.00      0.00      0.00      0.04
03:29:17 AM      0.00      0.00      0.00      0.02      0.00      0.00      0.00      0.02
03:29:22 AM      0.00      0.00      0.00      0.01      0.00      0.00      0.00      0.01
03:29:27 AM      0.00      0.00      0.00      0.01      0.00      0.00      0.00      0.01
03:29:32 AM      0.00      0.00      0.00      0.02      0.00      0.00      0.00      0.02
03:29:37 AM      0.00      0.00      0.00      0.01      0.00      0.00      0.00      0.01
03:29:42 AM      0.00      0.00      0.00      0.00      0.00      0.00      0.00      0.00
03:29:47 AM      0.00      0.00      0.00      0.00      0.00      0.00      0.00      0.00
03:29:52 AM      0.00      0.00      0.00      0.02      0.00      0.00      0.00      0.02
03:29:57 AM      0.00      0.00      0.00      0.05      0.00      0.00      0.00      0.05
03:30:02 AM      0.00      0.00      0.00      0.02      0.00      0.00      0.00      0.02
03:30:07 AM      0.00      0.00      0.00      0.05      0.00      0.00      0.00      0.05
03:30:12 AM      0.00      0.00      0.00      0.02      0.00      0.00      0.00      0.02
03:30:17 AM      0.00      0.00      0.00      0.03      0.00      0.00      0.00      0.03
03:30:22 AM      0.00      0.00      0.00      0.01      0.00      0.00      0.00      0.01
03:30:27 AM      0.00      0.00      0.00      0.03      0.00      0.00      0.00      0.03
03:30:32 AM      0.00      0.00      0.00      0.01      0.00      0.00      0.00      0.01
03:30:37 AM      0.00      0.00      0.00      0.05      0.00      0.00      0.00      0.05
03:30:42 AM      0.00      0.00      0.00      0.05      0.00      0.00      0.00      0.05
03:30:47 AM      0.00      0.00      0.00      0.00      0.00      0.00      0.00      0.00
03:30:52 AM      0.00      0.00      0.00      0.02      0.00      0.00      0.00      0.02
03:30:57 AM      0.00      0.00      0.00      0.01      0.00      0.00      0.00      0.01
03:31:02 AM      0.00      0.00      0.00      0.02      0.00      0.00      0.00      0.02
03:31:07 AM      0.00      0.00      0.00      0.02      0.00      0.00      0.00      0.02
03:31:12 AM      0.00      0.00      0.00      0.03      0.00      0.00      0.00      0.03
03:31:17 AM      0.00      0.00      0.00      0.01      0.00      0.00      0.00      0.01
03:31:22 AM      0.00      0.00      0.00      0.01      0.00      0.00      0.00      0.01
03:31:27 AM      0.00      0.00      0.00      0.05      0.00      0.00      0.00      0.05
03:31:32 AM      0.00      0.00      0.00      0.02      0.00      0.00      0.00      0.02
03:31:37 AM      0.00      0.00      0.00      0.03      0.00      0.00      0.00      0.03
03:31:42 AM      0.00      0.00      0.00      0.09      0.00      0.00      0.00      0.09
03:31:47 AM      0.00      0.00      0.00      0.00      0.00      0.00      0.00      0.00
03:31:52 AM      0.00      0.00      0.00      0.00      0.00      0.00      0.00      0.00
03:31:57 AM      0.00      0.00      0.00      0.01      0.00      0.00      0.00      0.01
03:32:02 AM      0.00      0.00      0.00      0.01      0.00      0.00      0.00      0.01
03:32:07 AM      0.00      0.00      0.00      0.01      0.00      0.00      0.00      0.01
03:32:12 AM      0.00      0.00      0.00      0.02      0.00      0.00      0.00      0.02
03:32:17 AM      0.00      0.00      0.00      0.01      0.00      0.00      0.00      0.01
03:32:22 AM      0.00      0.00      0.00      0.02      0.00      0.00      0.00      0.01
03:32:27 AM      0.00      0.00      0.00      0.02      0.00      0.00      0.00      0.02
03:32:32 AM      0.00      0.00      0.00      0.06      0.00      0.00      0.00      0.06
03:32:37 AM      0.00      0.00      0.00      0.01      0.00      0.00      0.00      0.01
03:32:42 AM      0.00      0.00      0.00      0.01      0.00      0.00      0.00      0.01
03:32:47 AM      0.00      0.00      0.00      0.03      0.00      0.00      0.00      0.03
03:32:52 AM      0.00      0.00      0.00      0.00      0.00      0.00      0.00      0.00
03:32:57 AM      0.00      0.00      0.00      0.00      0.00      0.00      0.00      0.00
03:33:02 AM      0.00      0.00      0.00      0.01      0.00      0.00      0.00      0.01
03:33:07 AM      0.00      0.00      0.00      0.02      0.00      0.00      0.00      0.02
03:33:12 AM      0.00      0.00      0.00      0.02      0.00      0.00      0.00      0.02
03:33:17 AM      0.00      0.00      0.00      0.07      0.00      0.00      0.00      0.07
03:33:22 AM      0.00      0.00      0.00      0.00      0.00      0.00      0.00      0.00
03:33:27 AM      0.00      0.00      0.00      0.01      0.00      0.00      0.00      0.01
03:33:32 AM      0.00      0.00      0.00      0.03      0.00      0.00      0.00      0.03
03:33:37 AM      0.00      0.00      0.00      0.02      0.00      0.00      0.00      0.02
03:33:42 AM      0.00      0.00      0.00      0.05      0.00      0.00      0.00      0.05
03:33:47 AM      0.00      0.00      0.00      0.01      0.00      0.00      0.00      0.01
03:33:52 AM      0.00      0.00      0.00      0.01      0.00      0.00      0.00      0.01
03:33:57 AM      0.00      0.00      0.00      0.01      0.00      0.00      0.00      0.01
03:34:02 AM      0.00      0.00      0.00      0.00      0.00      0.00      0.00      0.00
03:34:07 AM      0.00      0.00      0.00      0.00      0.00      0.00      0.00      0.00
03:34:12 AM      0.00      0.00      0.00      0.00      0.00      0.00      0.00      0.00
03:34:17 AM      0.00      0.00      0.00      0.01      0.00      0.00      0.00      0.01
03:34:22 AM      0.00      0.00      0.00      0.02      0.00      0.00      0.00      0.01
03:34:27 AM      0.00      0.00      0.00      0.03      0.00      0.00      0.00      0.03
03:34:32 AM      0.00      0.00      0.00      0.01      0.00      0.00      0.00      0.01
03:34:37 AM      0.00      0.00      0.00      0.01      0.00      0.00      0.00      0.01
03:34:42 AM      0.00      0.00      0.00      0.01      0.00      0.00      0.00      0.00
03:34:47 AM      0.00      0.00      0.00      0.04      0.00      0.00      0.00      0.04
03:34:52 AM      0.00      0.00      0.00      0.27      0.00      0.00      0.00      0.26
03:34:57 AM      0.00      0.00      0.00      0.07      0.00      0.00      0.00      0.07
03:35:02 AM      0.00      0.00      0.00      0.05      0.00      0.00      0.00      0.05
03:35:07 AM      0.00      0.00      0.00      0.06      0.00      0.00      0.00      0.05
03:35:12 AM      0.00      0.00      0.00      0.00      0.00      0.00      0.00      0.00
03:35:17 AM      0.00      0.00      0.00      0.08      0.00      0.00      0.00      0.08
03:35:22 AM      0.00      0.00      0.00      0.07      0.00      0.00      0.00      0.07
03:35:27 AM      0.00      0.00      0.00      0.01      0.00      0.00      0.00      0.01
03:35:32 AM      0.00      0.00      0.00      0.03      0.00      0.00      0.00      0.03
03:35:37 AM      0.00      0.00      0.00      0.01      0.00      0.00      0.00      0.01
03:35:42 AM      0.00      0.00      0.00      0.02      0.00      0.00      0.00      0.02
03:35:47 AM      0.00      0.00      0.00      0.00      0.00      0.00      0.00      0.00
03:35:52 AM      0.00      0.00      0.00      0.00      0.00      0.00      0.00      0.00
03:35:57 AM      0.00      0.00      0.00      0.00      0.00      0.00      0.00      0.00
03:36:02 AM      0.00      0.00      0.00      0.00      0.00      0.00      0.00      0.00
03:36:07 AM      0.00      0.00      0.00      0.11      0.00      0.00      0.00      0.11
03:36:12 AM      0.00      0.00      0.00      0.07      0.00      0.00      0.00      0.07
03:36:17 AM      0.00      0.00      0.00      0.02      0.00      0.00      0.00      0.02
03:36:22 AM      0.00      0.00      0.00      0.04      0.00      0.00      0.00      0.04
03:36:27 AM      0.00      0.00      0.00      0.01      0.00      0.00      0.00      0.01
03:36:32 AM      0.00      0.00      0.00      0.02      0.00      0.00      0.00      0.02
03:36:37 AM      0.00      0.00      0.00      0.02      0.00      0.00      0.00      0.02
03:36:42 AM      0.00      0.00      0.00      0.02      0.00      0.00      0.00      0.02
03:36:47 AM      0.00      0.00      0.00      0.33      0.00      0.00      0.00      0.14
03:36:52 AM      0.00      0.00      0.00      0.03      0.00      0.00      0.00      0.03
03:36:57 AM      0.00      0.00      0.00      0.01      0.00      0.00      0.00      0.01
03:37:02 AM      0.00      0.00      0.00      0.05      0.00      0.00      0.00      0.05
03:37:07 AM      0.00      0.00      0.00      0.02      0.00      0.00      0.00      0.02
03:37:12 AM      0.00      0.00      0.00      0.01      0.00      0.00      0.00      0.01
03:37:17 AM      0.00      0.00      0.00      0.02      0.00      0.00      0.00      0.02
03:37:22 AM      0.00      0.00      0.00      0.03      0.00      0.00      0.00      0.03
03:37:27 AM      0.00      0.00      0.00      0.01      0.00      0.00      0.00      0.01
03:37:32 AM      0.00      0.00      0.00      0.02      0.00      0.00      0.00      0.02
03:37:37 AM      0.00      0.00      0.00      0.01      0.00      0.00      0.00      0.01
03:37:42 AM      0.00      0.00      0.00      0.01      0.00      0.00      0.00      0.01
03:37:47 AM      0.00      0.00      0.00      0.00      0.00      0.00      0.00      0.00
03:37:52 AM      0.00      0.00      0.00      0.01      0.00      0.00      0.00      0.01
03:37:57 AM      0.00      0.00      0.00      0.04      0.00      0.00      0.00      0.04
03:38:02 AM      0.00      0.00      0.00      0.02      0.00      0.00      0.00      0.02
03:38:07 AM      0.00      0.00      0.00      0.02      0.00      0.00      0.00      0.02
03:38:12 AM      0.00      0.00      0.00      0.05      0.00      0.00      0.00      0.05
03:38:17 AM      0.00      0.00      0.00      0.01      0.00      0.00      0.00      0.01
03:38:22 AM      0.00      0.00      0.00      0.02      0.00      0.00      0.00      0.02
03:38:27 AM      0.00      0.00      0.00      0.01      0.00      0.00      0.00      0.01
03:38:32 AM      0.00      0.00      0.00      0.03      0.00      0.00      0.00      0.02
03:38:37 AM      0.00      0.00      0.00      0.04      0.00      0.00      0.00      0.02
03:38:42 AM      0.00      0.00      0.00      0.03      0.00      0.00      0.00      0.03
03:38:47 AM      0.00      0.00      0.00      0.03      0.00      0.00      0.00      0.03
03:38:52 AM      0.00      0.00      0.00      0.01      0.00      0.00      0.00      0.01
03:38:57 AM      0.00      0.00      0.00      0.01      0.00      0.00      0.00      0.01
03:39:02 AM      0.00      0.00      0.00      0.02      0.00      0.00      0.00      0.02
03:39:07 AM      0.00      0.00      0.00      0.02      0.00      0.00      0.00      0.02
03:39:12 AM      0.00      0.00      0.00      0.01      0.00      0.00      0.00      0.01
03:39:17 AM      0.00      0.00      0.00      0.01      0.00      0.00      0.00      0.01
03:39:22 AM      0.00      0.00      0.00      0.03      0.00      0.00      0.00      0.03
03:39:27 AM      0.00      0.00      0.00      0.01      0.00      0.00      0.00      0.01
03:39:32 AM      0.00      0.00      0.00      0.02      0.00      0.00      0.00      0.02
03:39:37 AM      0.00      0.00      0.00      0.04      0.00      0.00      0.00      0.03
03:39:42 AM      0.00      0.00      0.00      0.04      0.00      0.00      0.00      0.04
03:39:47 AM      0.00      0.00      0.00      0.03      0.00      0.00      0.00      0.03
03:39:52 AM      0.00      0.00      0.00      0.02      0.00      0.00      0.00      0.01
03:39:57 AM      0.00      0.00      0.00      0.03      0.00      0.00      0.00      0.03
03:40:02 AM      0.00      0.00      0.00      0.00      0.00      0.00      0.00      0.00
03:40:07 AM      0.00      0.00      0.00      0.00      0.00      0.00      0.00      0.00
03:40:12 AM      0.00      0.00      0.00      0.00      0.00      0.00      0.00      0.00
03:40:17 AM      0.00      0.00      0.00      0.00      0.00      0.00      0.00      0.00
03:40:22 AM      0.00      0.00      0.00      0.00      0.00      0.00      0.00      0.00
03:40:27 AM      0.00      0.00      0.00      0.03      0.00      0.00      0.00      0.03
03:40:32 AM      0.00      0.00      0.00      0.01      0.00      0.00      0.00      0.01
03:40:37 AM      0.00      0.00      0.00      0.02      0.00      0.00      0.00      0.02
03:40:42 AM      0.00      0.00      0.00      0.01      0.00      0.00      0.00      0.01
03:40:47 AM      0.00      0.00      0.00      0.02      0.00      0.00      0.00      0.02
03:40:52 AM      0.00      0.00      0.00      0.04      0.00      0.00      0.00      0.04
03:40:57 AM      0.00      0.00      0.00      0.03      0.00      0.00      0.00      0.03
03:41:02 AM      0.00      0.00      0.00      0.02      0.00      0.00      0.00      0.02
03:41:07 AM      0.00      0.00      0.00      0.01      0.00      0.00      0.00      0.01
03:41:12 AM      0.00      0.00      0.00      0.04      0.00      0.00      0.00      0.04
03:41:17 AM      0.00      0.00      0.00      0.00      0.00      0.00      0.00      0.00
03:41:22 AM      0.00      0.00      0.00      0.01      0.00      0.00      0.00      0.01
03:41:27 AM      0.00      0.00      0.00      0.03      0.00      0.00      0.00      0.03
03:41:32 AM      0.00      0.00      0.00      0.03      0.00      0.00      0.00      0.03
03:41:37 AM      0.00      0.00      0.00      0.04      0.00      0.00      0.00      0.04
03:41:42 AM      0.00      0.00      0.00      0.01      0.00      0.00      0.00      0.01
03:41:47 AM      0.00      0.00      0.00      0.19      0.00      0.00      0.00      0.05
03:41:52 AM      0.00      0.00      0.00      0.02      0.00      0.00      0.00      0.02
03:41:57 AM      0.00      0.00      0.00      0.03      0.00      0.00      0.00      0.03
03:42:02 AM      0.00      0.00      0.00      0.03      0.00      0.00      0.00      0.03
03:42:07 AM      0.00      0.00      0.00      0.01      0.00      0.00      0.00      0.01
03:42:12 AM      0.00      0.00      0.00      0.00      0.00      0.00      0.00      0.00
03:42:17 AM      0.00      0.00      0.00      0.00      0.00      0.00      0.00      0.00
03:42:22 AM      0.00      0.00      0.00      0.02      0.00      0.00      0.00      0.01
03:42:27 AM      0.00      0.00      0.00      0.00      0.00      0.00      0.00      0.00
03:42:32 AM      0.00      0.00      0.00      0.09      0.00      0.00      0.00      0.08
03:42:37 AM      0.00      0.00      0.00      0.09      0.00      0.00      0.00      0.09
03:42:42 AM      0.00      0.00      0.00      0.05      0.00      0.00      0.00      0.05
03:42:47 AM      0.00      0.00      0.00      0.03      0.00      0.00      0.00      0.03
03:42:52 AM      0.00      0.00      0.00      6.34      0.00      0.00      0.00      5.50
03:42:57 AM      2.81      0.60      0.12      2.63      2.07      0.44      0.09      1.57
03:43:02 AM      9.12      2.13      0.46     19.40      8.72      1.98      0.43     19.39
03:43:07 AM      6.12      1.99      0.45      1.31      5.84      1.85      0.42      1.31
03:43:12 AM      3.60      1.86      0.46      0.00      3.45      1.74      0.43      0.00
03:43:17 AM      2.41      1.74      0.45      0.04      2.31      1.63      0.42      0.04
03:43:22 AM      3.50      1.97      0.52      5.66      3.44      1.86      0.49      5.65
03:43:27 AM      2.49      1.87      0.52      0.08      2.45      1.77      0.49      0.07
03:43:32 AM      1.36      1.69      0.51      0.05      1.34      1.60      0.48      0.05
03:43:37 AM      0.91      1.58      0.50      0.11      0.90      1.50      0.48      0.10
03:43:42 AM      0.50      1.43      0.49      0.05      0.49      1.36      0.47      0.05
03:43:47 AM      0.33      1.34      0.49      0.04      0.33      1.27      0.46      0.04
03:43:52 AM      0.18      1.21      0.48      0.14      0.18      1.15      0.45      0.13
03:43:57 AM      0.12      1.13      0.47      0.03      0.12      1.07      0.44      0.03
03:44:02 AM      0.06      1.02      0.46      0.08      0.06      0.97      0.43      0.08
03:44:07 AM      0.04      0.96      0.45      0.09      0.04      0.91      0.42      0.09
03:44:12 AM      0.02      0.86      0.44      0.09      0.02      0.82      0.42      0.09
03:44:17 AM      0.01      0.81      0.43      0.07      0.01      0.76      0.41      0.07
03:44:22 AM      0.00      0.73      0.42      0.13      0.00      0.69      0.40      0.13
03:44:27 AM      0.00      0.68      0.42      0.89      0.00      0.65      0.39      0.89
03:44:32 AM      1.32      0.87      0.46      4.39      1.32      0.84      0.44      4.39
03:44:37 AM      1.63      0.98      0.49      1.26      1.63      0.95      0.47      1.26
03:44:42 AM      0.89      0.88      0.48      0.00      0.89      0.85      0.46      0.00
03:44:47 AM      0.60      0.83      0.47      0.39      0.60      0.80      0.45      0.36
03:44:52 AM      0.32      0.75      0.46      0.04      0.32      0.72      0.44      0.04
03:44:57 AM      0.22      0.70      0.46      0.09      0.22      0.67      0.44      0.09
03:45:02 AM      0.12      0.63      0.45      0.03      0.12      0.61      0.43      0.02
03:45:07 AM      0.08      0.59      0.44      0.07      0.08      0.57      0.42      0.07
03:45:12 AM      0.04      0.53      0.43      0.09      0.04      0.51      0.41      0.09
03:45:17 AM      0.02      0.50      0.42      0.08      0.02      0.48      0.40      0.08
03:45:22 AM      0.01      0.45      0.41      0.16      0.01      0.43      0.40      0.16
03:45:27 AM      0.00      0.42      0.41      0.05      0.00      0.40      0.39      0.05
03:45:32 AM      0.00      0.38      0.40      0.05      0.00      0.37      0.38      0.05
03:45:37 AM      0.00      0.35      0.39      0.04      0.00      0.34      0.38      0.04
03:45:42 AM      0.00      0.32      0.39      0.08      0.00      0.31      0.37      0.08
03:45:47 AM      0.00      0.30      0.38      0.06      0.00      0.29      0.36      0.06
03:45:52 AM      0.00      0.27      0.37      0.04      0.00      0.26      0.35      0.04
03:45:57 AM      0.00      0.25      0.36      0.16      0.00      0.24      0.35      0.15
03:46:02 AM      0.00      0.22      0.36      0.01      0.00      0.22      0.34      0.01
03:46:07 AM      0.00      0.21      0.35      0.00      0.00      0.20      0.33      0.00
03:46:12 AM      0.00      0.19      0.34      0.00      0.00      0.18      0.33      0.00
03:46:17 AM      0.00      0.18      0.34      0.00      0.00      0.17      0.32      0.00
03:46:22 AM      0.00      0.16      0.33      0.00      0.00      0.15      0.32      0.00
03:46:27 AM      0.00      0.15      0.33      0.04      0.00      0.14      0.31      0.04
03:46:32 AM      0.00      0.13      0.32      0.02      0.00      0.13      0.30      0.02
03:46:37 AM      0.00      0.12      0.31      0.02      0.00      0.12      0.30      0.02
03:46:42 AM      0.00      0.11      0.31      0.04      0.00      0.11      0.29      0.04
03:46:47 AM      0.00      0.10      0.30      0.40      0.00      0.10      0.29      0.22
03:46:52 AM      0.00      0.09      0.29      0.01      0.00      0.09      0.28      0.01
03:46:57 AM      0.00      0.08      0.29      0.00      0.00      0.08      0.27      0.00
03:47:02 AM      0.00      0.08      0.28      0.06      0.00      0.07      0.27      0.06
03:47:07 AM      0.00      0.07      0.28      0.07      0.00      0.07      0.27      0.07
03:47:12 AM      0.00      0.06      0.27      0.07      0.00      0.06      0.26      0.07
03:47:17 AM      0.77      0.22      0.30      2.26      0.77      0.22      0.29      2.26
03:47:22 AM      0.42      0.20      0.29      0.07      0.42      0.19      0.28      0.07
03:47:27 AM      0.28      0.18      0.29      0.07      0.28      0.18      0.28      0.07
03:47:32 AM      0.15      0.16      0.28      0.00      0.15      0.16      0.27      0.00
03:47:37 AM      1.39      0.41      0.33      3.62      1.39      0.41      0.32      3.62
03:47:42 AM      0.76      0.37      0.33      0.00      0.76      0.37      0.32      0.00
03:47:47 AM      0.51      0.35      0.32      0.05      0.51      0.34      0.31      0.05
03:47:52 AM      0.28      0.31      0.31      0.06      0.28      0.31      0.30      0.06
03:47:57 AM      0.18      0.29      0.31      0.06      0.18      0.29      0.30      0.06
03:48:02 AM      0.10      0.26      0.30      0.11      0.10      0.26      0.29      0.11
03:48:07 AM      0.06      0.24      0.30      0.04      0.06      0.24      0.29      0.04
03:48:12 AM      0.03      0.22      0.29      0.13      0.03      0.22      0.28      0.13
03:48:17 AM      0.02      0.20      0.28      0.04      0.02      0.20      0.28      0.04
03:48:22 AM      0.01      0.18      0.28      0.12      0.01      0.18      0.27      0.12
03:48:27 AM      0.00      0.17      0.27      0.03      0.00      0.17      0.27      0.03
03:48:32 AM      0.00      0.15      0.27      0.09      0.00      0.15      0.26      0.09
03:48:37 AM      0.00      0.14      0.26      0.08      0.00      0.14      0.26      0.08
03:48:42 AM      0.00      0.13      0.26      0.04      0.00      0.13      0.25      0.04
03:48:47 AM      1.08      0.32      0.30      2.61      1.08      0.32      0.29      2.60
03:48:52 AM      0.59      0.29      0.29      0.01      0.59      0.28      0.28      0.01
03:48:57 AM      0.39      0.27      0.28      0.02      0.39      0.27      0.28      0.02
03:49:02 AM      0.21      0.24      0.28      0.02      0.21      0.24      0.27      0.02
03:49:07 AM      0.14      0.22      0.27      0.04      0.14      0.22      0.27      0.04
03:49:12 AM      0.07      0.20      0.27      0.01      0.07      0.20      0.26      0.01
03:49:17 AM      0.05      0.19      0.26      0.01      0.05      0.19      0.26      0.01
03:49:22 AM      0.02      0.17      0.26      0.00      0.02      0.17      0.25      0.00
03:49:27 AM      0.01      0.16      0.25      0.01      0.01      0.16      0.25      0.01
03:49:32 AM      0.00      0.14      0.25      0.02      0.00      0.14      0.24      0.02
03:49:37 AM      0.00      0.13      0.24      0.08      0.00      0.13      0.24      0.06
03:49:42 AM      0.00      0.12      0.24      0.04      0.00      0.12      0.23      0.03
03:49:47 AM      0.00      0.11      0.23      0.13      0.00      0.11      0.23      0.13
03:49:52 AM      0.00      0.10      0.23      0.02      0.00      0.10      0.22      0.02
03:49:57 AM      0.00      0.09      0.22      0.06      0.00      0.09      0.22      0.06
03:50:02 AM      0.00      0.08      0.22      0.08      0.00      0.08      0.21      0.08
03:50:07 AM      0.00      0.07      0.21      0.13      0.00      0.07      0.21      0.12
03:50:12 AM      0.00      0.07      0.21      0.06      0.00      0.07      0.20      0.06
03:50:17 AM      0.00      0.06      0.21      0.09      0.00      0.06      0.20      0.08
03:50:22 AM      0.18      0.09      0.21      0.68      0.18      0.09      0.20      0.68
03:50:27 AM      0.45      0.15      0.22      1.34      0.45      0.15      0.22      1.34
03:50:32 AM      0.36      0.16      0.22      0.15      0.36      0.16      0.22      0.15
03:50:37 AM      0.24      0.15      0.22      0.00      0.24      0.15      0.21      0.00
03:50:42 AM      0.13      0.14      0.21      0.02      0.13      0.13      0.21      0.02
03:50:47 AM      0.09      0.13      0.21      0.02      0.09      0.12      0.20      0.02
03:50:52 AM      0.04      0.11      0.20      0.00      0.04      0.11      0.20      0.00
03:50:57 AM      0.03      0.10      0.20      0.04      0.03      0.10      0.20      0.03
03:51:02 AM      0.01      0.09      0.20      0.01      0.01      0.09      0.19      0.01
03:51:07 AM      0.01      0.09      0.19      0.05      0.01      0.09      0.19      0.05
03:51:12 AM      0.00      0.08      0.19      0.06      0.00      0.08      0.19      0.05
03:51:17 AM      0.00      0.07      0.19      1.59      0.00      0.07      0.18      1.59
03:51:22 AM      0.97      0.31      0.24      1.88      0.97      0.31      0.23      1.88
03:51:27 AM      0.65      0.29      0.23      0.12      0.65      0.29      0.23      0.12
03:51:32 AM      0.35      0.26      0.23      0.02      0.35      0.26      0.22      0.02
03:51:37 AM      0.23      0.24      0.22      0.10      0.23      0.24      0.22      0.10
03:51:42 AM      0.13      0.22      0.22      0.05      0.13      0.22      0.21      0.05
03:51:47 AM      0.26      0.24      0.22      0.67      0.26      0.24      0.22      0.46
03:51:52 AM      0.14      0.21      0.21      0.05      0.14      0.21      0.21      0.05
03:51:57 AM      0.09      0.20      0.21      0.08      0.09      0.20      0.21      0.08
03:52:02 AM      0.05      0.18      0.20      0.03      0.05      0.18      0.20      0.03
03:52:07 AM      0.03      0.17      0.20      0.12      0.03      0.17      0.20      0.12
03:52:12 AM      0.01      0.15      0.20      0.05      0.01      0.15      0.20      0.05
03:52:17 AM      0.01      0.14      0.19      0.05      0.01      0.14      0.19      0.05
03:52:22 AM      0.00      0.12      0.19      0.09      0.00      0.12      0.19      0.09
03:52:27 AM      0.00      0.12      0.19      0.09      0.00      0.12      0.18      0.09
03:52:32 AM      0.00      0.10      0.18      0.10      0.00      0.10      0.18      0.10
03:52:37 AM      0.00      0.10      0.18      0.08      0.00      0.10      0.18      0.08
03:52:42 AM      0.00      0.09      0.18      0.09      0.00      0.09      0.17      0.09
03:52:47 AM      0.00      0.08      0.17      0.06      0.00      0.08      0.17      0.06
03:52:52 AM      1.26      0.30      0.22      3.27      1.26      0.30      0.21      3.27
03:52:57 AM      0.84      0.28      0.21      0.04      0.84      0.28      0.21      0.04
03:53:02 AM      0.46      0.25      0.21      0.01      0.46      0.25      0.21      0.01
03:53:07 AM      0.31      0.23      0.20      0.05      0.31      0.23      0.20      0.05
03:53:12 AM      0.17      0.21      0.20      0.06      0.17      0.21      0.20      0.06
03:53:17 AM      0.11      0.20      0.20      0.07      0.11      0.20      0.20      0.07
03:53:22 AM      0.06      0.18      0.19      0.07      0.06      0.18      0.19      0.07
03:53:27 AM      0.04      0.16      0.19      0.08      0.04      0.16      0.19      0.08
03:53:32 AM      0.02      0.15      0.18      0.05      0.02      0.15      0.18      0.05
03:53:37 AM      0.01      0.14      0.18      0.07      0.01      0.14      0.18      0.06
03:53:42 AM      0.00      0.12      0.18      0.04      0.00      0.12      0.18      0.04
03:53:47 AM      0.00      0.11      0.17      0.03      0.00      0.11      0.17      0.03
03:53:52 AM      0.00      0.10      0.17      0.15      0.00      0.10      0.17      0.15
03:53:57 AM      0.00      0.10      0.17      0.05      0.00      0.10      0.17      0.05
03:54:02 AM      0.00      0.08      0.16      0.11      0.00      0.08      0.16      0.11
03:54:07 AM      0.00      0.08      0.16      0.00      0.00      0.08      0.16      0.00
03:54:12 AM      0.00      0.07      0.16      0.00      0.00      0.07      0.15      0.00
03:54:17 AM      0.00      0.06      0.15      0.03      0.00      0.06      0.15      0.03
03:54:22 AM      0.00      0.06      0.15      0.01      0.00      0.06      0.15      0.01
03:54:27 AM      0.00      0.05      0.15      0.01      0.00      0.05      0.14      0.01
03:54:32 AM      0.00      0.05      0.14      0.02      0.00      0.05      0.14      0.02
03:54:37 AM      0.00      0.04      0.14      0.08      0.00      0.04      0.14      0.07
03:54:42 AM      0.00      0.04      0.13      0.01      0.00      0.04      0.13      0.01
03:54:47 AM      0.00      0.03      0.13      0.04      0.00      0.03      0.13      0.04
03:54:52 AM      0.00      0.03      0.13      0.01      0.00      0.03      0.13      0.01
03:54:57 AM      0.00      0.03      0.13      0.04      0.00      0.03      0.13      0.04
03:55:02 AM      0.00      0.02      0.12      0.01      0.00      0.02      0.12      0.01
03:55:07 AM      0.00      0.02      0.12      0.01      0.00      0.02      0.12      0.01
03:55:12 AM      0.00      0.02      0.12      0.02      0.00      0.02      0.12      0.02
03:55:17 AM      0.00      0.02      0.12      0.00      0.00      0.02      0.12      0.00
03:55:22 AM      0.00      0.01      0.12      0.33      0.00      0.01      0.11      0.33
03:55:27 AM      0.00      0.01      0.11      0.01      0.00      0.01      0.11      0.01
03:55:32 AM      0.00      0.01      0.11      0.02      0.00      0.01      0.11      0.02
03:55:37 AM      0.00      0.01      0.11      0.01      0.00      0.01      0.11      0.01
03:55:42 AM      0.00      0.01      0.11      0.02      0.00      0.01      0.10      0.02
03:55:47 AM      0.00      0.01      0.10      0.02      0.00      0.01      0.10      0.02
03:55:52 AM      0.00      0.00      0.10      0.01      0.00      0.00      0.10      0.01
03:55:57 AM      0.00      0.00      0.10      0.02      0.00      0.00      0.10      0.02
03:56:02 AM      0.00      0.00      0.10      0.01      0.00      0.00      0.09      0.01
03:56:07 AM      0.00      0.00      0.09      0.03      0.00      0.00      0.09      0.03
03:56:12 AM      0.00      0.00      0.09      0.04      0.00      0.00      0.09      0.03
03:56:17 AM      0.00      0.00      0.09      0.01      0.00      0.00      0.09      0.01
03:56:22 AM      0.00      0.00      0.09      0.10      0.00      0.00      0.08      0.10
03:56:27 AM      0.00      0.00      0.08      0.00      0.00      0.00      0.08      0.00
03:56:32 AM      0.00      0.00      0.08      0.03      0.00      0.00      0.08      0.03
03:56:37 AM      0.00      0.00      0.08      0.02      0.00      0.00      0.08      0.02
03:56:42 AM      0.00      0.00      0.08      0.01      0.00      0.00      0.08      0.01
03:56:47 AM      0.00      0.00      0.07      0.02      0.00      0.00      0.07      0.02
03:56:52 AM      0.00      0.00      0.07      0.01      0.00      0.00      0.07      0.01
03:56:57 AM      0.00      0.00      0.07      0.01      0.00      0.00      0.07      0.01
03:57:02 AM      0.00      0.00      0.07      0.00      0.00      0.00      0.07      0.00
03:57:07 AM      0.00      0.00      0.07      0.00      0.00      0.00      0.06      0.00
03:57:12 AM      0.00      0.00      0.06      0.01      0.00      0.00      0.06      0.01
Average:         0.04      0.04      0.03      0.07      0.04      0.04      0.03      0.07
