Linux 7.0.9-arch1-1 (archlinux) 	05/21/2026 	_x86_64_	(4 CPU)

09:43:54 PM  pgpgin/s pgpgout/s   fault/s  majflt/s  pgfree/s pgscank/s pgscand/s pgsteal/s  pgprom/s   pgdem/s
09:43:59 PM      1.60    181.60  36261.20      0.20    482.60      0.00      0.00      0.00      0.00      0.00
09:44:04 PM      0.00      0.00      4.60      0.20     19.80      0.00      0.00      0.00      0.00      0.00
09:44:09 PM      0.00     31.94      0.00      0.00     12.77      0.00      0.00      0.00      0.00      0.00
09:44:14 PM      0.00      0.00      0.60      0.00     14.80      0.00      0.00      0.00      0.00      0.00
09:44:19 PM      0.00      0.00      1.60      0.00     16.40      0.00      0.00      0.00      0.00      0.00
09:44:24 PM      0.00      0.00      0.80      0.00     21.80      0.00      0.00      0.00      0.00      0.00
09:44:29 PM      0.80    319.20      3.40      0.20    253.80      0.00      0.00      0.00      0.00      0.00
09:44:34 PM      0.00      0.00      0.80      0.00     15.40      0.00      0.00      0.00      0.00      0.00
09:44:39 PM      0.00      0.00      0.40      0.00     13.20      0.00      0.00      0.00      0.00      0.00
09:44:44 PM      0.00      0.00      5.60      0.00     15.00      0.00      0.00      0.00      0.00      0.00
09:44:49 PM      0.00      0.00     12.80      0.00     13.00      0.00      0.00      0.00      0.00      0.00
09:44:54 PM      0.00      0.00      0.20      0.00     17.80      0.00      0.00      0.00      0.00      0.00
09:44:59 PM      0.00      0.00      0.60      0.00   2691.40      0.00      0.00      0.00      0.00      0.00
09:45:04 PM      0.00      0.00      0.00      0.00   7435.80      0.00      0.00      0.00      0.00      0.00
09:45:09 PM      0.00      0.00      0.00      0.00     12.20      0.00      0.00      0.00      0.00      0.00
09:45:14 PM      0.00      0.00      1.40      0.00     14.20      0.00      0.00      0.00      0.00      0.00
09:45:19 PM      0.00    190.40      0.40      0.00     18.80      0.00      0.00      0.00      0.00      0.00
09:45:24 PM      0.00      0.00      0.00      0.00     16.80      0.00      0.00      0.00      0.00      0.00
09:45:29 PM      0.00      0.00      0.20      0.00     12.80      0.00      0.00      0.00      0.00      0.00
09:45:34 PM      0.00      0.00      1.80      0.20     17.20      0.00      0.00      0.00      0.00      0.00
09:45:39 PM      0.00      0.00      0.00      0.00     13.00      0.00      0.00      0.00      0.00      0.00
09:45:44 PM      0.00      0.00      0.60      0.00     13.60      0.00      0.00      0.00      0.00      0.00
09:45:49 PM      0.00      0.00      0.00      0.00     13.20      0.00      0.00      0.00      0.00      0.00
09:45:54 PM      0.00     38.40      0.00      0.00     18.00      0.00      0.00      0.00      0.00      0.00
09:45:59 PM      0.00      0.00      1.00      0.00     13.20      0.00      0.00      0.00      0.00      0.00
09:46:04 PM      0.00     79.20    280.80      0.00    233.40      0.00      0.00      0.00      0.00      0.00
09:46:09 PM      0.00      0.00      0.00      0.00     15.60      0.00      0.00      0.00      0.00      0.00
09:46:14 PM      0.00      0.00      0.20      0.00     18.60      0.00      0.00      0.00      0.00      0.00
09:46:19 PM      0.00      0.00      0.00      0.00     13.60      0.00      0.00      0.00      0.00      0.00
09:46:24 PM      0.00      0.00      0.00      0.00     17.80      0.00      0.00      0.00      0.00      0.00
09:46:29 PM      0.00     19.20      0.20      0.00     12.60      0.00      0.00      0.00      0.00      0.00
09:46:34 PM      0.00      0.00      0.80      0.00     17.60      0.00      0.00      0.00      0.00      0.00
09:46:39 PM      0.00     79.20      0.00      0.00     12.80      0.00      0.00      0.00      0.00      0.00
09:46:44 PM      0.00      0.80      0.20      0.00    258.20      0.00      0.00      0.00      0.00      0.00
09:46:49 PM      0.00      0.00      0.00      0.00     13.00      0.00      0.00      0.00      0.00      0.00
09:46:54 PM      0.00      0.00      0.00      0.00     17.20      0.00      0.00      0.00      0.00      0.00
09:46:59 PM      0.00      0.00      0.40      0.00     12.20      0.00      0.00      0.00      0.00      0.00
09:47:04 PM      0.00      0.00      0.20      0.00     17.40      0.00      0.00      0.00      0.00      0.00
09:47:09 PM      0.00     32.00      0.00      0.00     12.80      0.00      0.00      0.00      0.00      0.00
09:47:14 PM      0.00     72.80      0.60      0.00     13.60      0.00      0.00      0.00      0.00      0.00
09:47:19 PM      3.20      2.40      0.00      0.00     12.00      0.00      0.00      0.00      0.00      0.00
09:47:24 PM      0.00      0.00      0.00      0.00     17.00      0.00      0.00      0.00      0.00      0.00
09:47:29 PM      0.00      0.00      0.00      0.00     13.60      0.00      0.00      0.00      0.00      0.00
09:47:34 PM      0.00      0.00      0.00      0.00     17.00      0.00      0.00      0.00      0.00      0.00
09:47:39 PM      0.00      0.00      0.00      0.00     11.80      0.00      0.00      0.00      0.00      0.00
09:47:44 PM      0.00     32.00      0.20      0.00     14.00      0.00      0.00      0.00      0.00      0.00
09:47:49 PM      0.00     98.40      0.00      0.00     13.60      0.00      0.00      0.00      0.00      0.00
09:47:54 PM      0.00      4.80      0.40      0.00     15.40      0.00      0.00      0.00      0.00      0.00
09:47:59 PM      0.00      0.00      0.20      0.00     14.20      0.00      0.00      0.00      0.00      0.00
09:48:04 PM      0.00      0.00      0.20      0.00    118.60      0.00      0.00      0.00      0.00      0.00
09:48:09 PM      0.00      0.00      6.20      0.00     15.60      0.00      0.00      0.00      0.00      0.00
09:48:14 PM      0.00      0.00      0.00      0.00      9.80      0.00      0.00      0.00      0.00      0.00
09:48:19 PM      0.00     64.00      0.00      0.00     18.20      0.00      0.00      0.00      0.00      0.00
09:48:24 PM      0.00    136.80      0.00      0.00     13.60      0.00      0.00      0.00      0.00      0.00
09:48:29 PM      0.00     56.00      6.20      0.00     19.20      0.00      0.00      0.00      0.00      0.00
09:48:34 PM      0.00      0.00      0.00      0.00     13.00      0.00      0.00      0.00      0.00      0.00
09:48:39 PM      0.00     24.00      0.00      0.00     15.60      0.00      0.00      0.00      0.00      0.00
09:48:44 PM      1.60      0.00      0.60      0.40     13.20      0.00      0.00      0.00      0.00      0.00
09:48:49 PM      0.00     64.00      0.00      0.00     16.80      0.00      0.00      0.00      0.00      0.00
09:48:54 PM      0.00      0.00      0.00      0.00     13.00      0.00      0.00      0.00      0.00      0.00
09:48:59 PM      0.00    136.80      0.60      0.00     15.00      0.00      0.00      0.00      0.00      0.00
09:49:04 PM      0.00      4.00      0.20      0.00     12.80      0.00      0.00      0.00      0.00      0.00
09:49:09 PM      0.00      0.00      0.00      0.00     17.20      0.00      0.00      0.00      0.00      0.00
09:49:14 PM      0.00      0.00      0.60      0.00      9.60      0.00      0.00      0.00      0.00      0.00
09:49:19 PM      0.00      0.00      0.20      0.00     17.00      0.00      0.00      0.00      0.00      0.00
09:49:24 PM      0.00      0.00      0.00      0.00     12.80      0.00      0.00      0.00      0.00      0.00
09:49:29 PM     11.98     31.94      3.19      2.99     23.55      0.00      0.00      0.00      0.00      0.00
09:49:34 PM      0.00     92.00      0.20      0.00     12.00      0.00      0.00      0.00      0.00      0.00
09:49:39 PM      0.00      3.20      0.00      0.00     17.40      0.00      0.00      0.00      0.00      0.00
09:49:44 PM      0.00      0.00      0.00      0.00     10.00      0.00      0.00      0.00      0.00      0.00
09:49:49 PM      0.00      0.00      0.00      0.00     17.20      0.00      0.00      0.00      0.00      0.00
09:49:54 PM      0.00      0.00      0.00      0.00     12.60      0.00      0.00      0.00      0.00      0.00
09:49:59 PM      0.00      0.00      0.20      0.00     17.20      0.00      0.00      0.00      0.00      0.00
09:50:04 PM      0.00     32.00      0.00      0.00     12.60      0.00      0.00      0.00      0.00      0.00
09:50:09 PM      0.00    111.20      0.00      0.00     17.40      0.00      0.00      0.00      0.00      0.00
09:50:14 PM      0.00      4.00      0.00      0.00      8.40      0.00      0.00      0.00      0.00      0.00
09:50:19 PM      0.00      0.00      0.00      0.00     17.40      0.00      0.00      0.00      0.00      0.00
09:50:24 PM      0.00      0.00      0.00      0.00     11.80      0.00      0.00      0.00      0.00      0.00
09:50:29 PM      0.00      0.00      0.00      0.00     17.20      0.00      0.00      0.00      0.00      0.00
09:50:34 PM      0.00      0.00      0.00      0.00     12.80      0.00      0.00      0.00      0.00      0.00
09:50:39 PM      0.00     32.00      0.00      0.00     17.40      0.00      0.00      0.00      0.00      0.00
09:50:44 PM      0.00     92.00      1.60      0.00     10.60      0.00      0.00      0.00      0.00      0.00
09:50:49 PM      0.00      4.80      0.00      0.00     19.40      0.00      0.00      0.00      0.00      0.00
09:50:54 PM      0.00      0.00      0.00      0.00     15.40      0.00      0.00      0.00      0.00      0.00
09:50:59 PM      0.00      0.00      0.00      0.00     21.80      0.00      0.00      0.00      0.00      0.00
09:51:04 PM      0.00      0.00    282.00      0.00    226.00      0.00      0.00      0.00      0.00      0.00
09:51:09 PM      0.00      0.00      0.60      0.00     21.40      0.00      0.00      0.00      0.00      0.00
09:51:14 PM      0.00     32.00      0.00      0.00     11.60      0.00      0.00      0.00      0.00      0.00
09:51:19 PM      0.00    117.60      0.00      0.00     23.00      0.00      0.00      0.00      0.00      0.00
09:51:24 PM      0.00      5.60      0.00      0.00     16.00      0.00      0.00      0.00      0.00      0.00
09:51:29 PM      0.00      0.00      0.00      0.00     22.00      0.00      0.00      0.00      0.00      0.00
09:51:34 PM      0.00      0.00      0.00      0.00     15.80      0.00      0.00      0.00      0.00      0.00
09:51:39 PM      0.00      0.00      0.00      0.00     22.00      0.00      0.00      0.00      0.00      0.00
09:51:44 PM      0.00      0.00      0.00      0.00     12.80      0.00      0.00      0.00      0.00      0.00
09:51:49 PM      0.00     32.00      0.00      0.00     22.00      0.00      0.00      0.00      0.00      0.00
09:51:54 PM      0.00     98.40      0.00      0.00     12.60      0.00      0.00      0.00      0.00      0.00
09:51:59 PM      0.00      4.80      0.60      0.00     16.40      0.00      0.00      0.00      0.00      0.00
09:52:04 PM      0.00      0.00      0.00      0.00     13.00      0.00      0.00      0.00      0.00      0.00
09:52:09 PM      0.00      0.00      0.00      0.00     17.00      0.00      0.00      0.00      0.00      0.00
09:52:14 PM      0.00      0.00      0.20      0.00      9.60      0.00      0.00      0.00      0.00      0.00
09:52:19 PM      0.00      0.00      0.00      0.00     15.40      0.00      0.00      0.00      0.00      0.00
09:52:24 PM      0.00     32.00      0.00      0.00     13.00      0.00      0.00      0.00      0.00      0.00
09:52:29 PM      0.00    111.20      0.00      0.00     17.20      0.00      0.00      0.00      0.00      0.00
09:52:34 PM      0.00      4.00      0.00      0.00     12.80      0.00      0.00      0.00      0.00      0.00
09:52:39 PM      0.00      0.00      0.00      0.00     17.60      0.00      0.00      0.00      0.00      0.00
09:52:44 PM      0.00      0.00      0.20      0.00      9.20      0.00      0.00      0.00      0.00      0.00
09:52:49 PM      0.00      0.00      0.00      0.00     21.60      0.00      0.00      0.00      0.00      0.00
09:52:54 PM      0.00      0.00      0.40      0.00     14.80      0.00      0.00      0.00      0.00      0.00
09:52:59 PM      0.00     51.20      2.00      0.00     21.60      0.00      0.00      0.00      0.00      0.00
09:53:04 PM      0.00    104.80      0.00      0.00     12.20      0.00      0.00      0.00      0.00      0.00
09:53:09 PM      0.00      4.80      6.40      0.00     20.40      0.00      0.00      0.00      0.00      0.00
09:53:14 PM      0.80      0.00      0.80      0.20     13.20      0.00      0.00      0.00      0.00      0.00
09:53:19 PM      0.00      0.00      0.20      0.00     23.40      0.00      0.00      0.00      0.00      0.00
09:53:24 PM      0.00      0.00      0.20      0.00     16.20      0.00      0.00      0.00      0.00      0.00
09:53:29 PM      0.00     67.20      6.60      0.00    327.00      0.00      0.00      0.00      0.00      0.00
09:53:34 PM      0.00     64.00      0.00      0.00     15.20      0.00      0.00      0.00      0.00      0.00
09:53:39 PM      0.00    160.80      0.00      0.00     17.20      0.00      0.00      0.00      0.00      0.00
09:53:44 PM      0.00      4.00      0.20      0.00      9.00      0.00      0.00      0.00      0.00      0.00
09:53:49 PM      0.00      0.00      0.00      0.00     16.40      0.00      0.00      0.00      0.00      0.00
09:53:54 PM      0.00      0.00      0.00      0.00     12.80      0.00      0.00      0.00      0.00      0.00
09:53:59 PM      0.00      0.00      0.60      0.00     16.60      0.00      0.00      0.00      0.00      0.00
09:54:04 PM      0.00      0.00      0.00      0.00     12.60      0.00      0.00      0.00      0.00      0.00
09:54:09 PM      0.00     32.00      0.00      0.00     17.60      0.00      0.00      0.00      0.00      0.00
09:54:14 PM      0.00     92.00      0.00      0.00      9.60      0.00      0.00      0.00      0.00      0.00
09:54:19 PM      0.00      4.80      0.00      0.00     16.80      0.00      0.00      0.00      0.00      0.00
09:54:24 PM      0.00      0.00      0.00      0.00     12.60      0.00      0.00      0.00      0.00      0.00
09:54:29 PM      0.00      0.00      0.00      0.00     23.20      0.00      0.00      0.00      0.00      0.00
09:54:34 PM      0.00      0.00      0.00      0.00     12.57      0.00      0.00      0.00      0.00      0.00
09:54:39 PM      0.00      0.00      0.00      0.00     16.40      0.00      0.00      0.00      0.00      0.00
09:54:44 PM      0.00     32.00      0.00      0.00      8.40      0.00      0.00      0.00      0.00      0.00
09:54:49 PM      0.00    111.20      0.00      0.00     15.20      0.00      0.00      0.00      0.00      0.00
09:54:54 PM      0.00      4.00      0.00      0.00     14.60      0.00      0.00      0.00      0.00      0.00
09:54:59 PM      0.00      0.00      0.00      0.00     14.80      0.00      0.00      0.00      0.00      0.00
09:55:04 PM      0.00      0.00      0.00      0.00     15.00      0.00      0.00      0.00      0.00      0.00
09:55:09 PM      0.00      0.00      0.00      0.00     15.00      0.00      0.00      0.00      0.00      0.00
09:55:14 PM      0.00      0.00      0.00      0.00     11.80      0.00      0.00      0.00      0.00      0.00
09:55:19 PM      0.00     32.00      0.00      0.00     13.20      0.00      0.00      0.00      0.00      0.00
09:55:24 PM      0.00     92.00      0.00      0.00     17.40      0.00      0.00      0.00      0.00      0.00
09:55:29 PM      0.00      5.60      0.00      0.00     11.80      0.00      0.00      0.00      0.00      0.00
09:55:34 PM      0.00      0.00      0.00      0.00     17.20      0.00      0.00      0.00      0.00      0.00
09:55:39 PM      0.00      0.00      0.00      0.00     12.80      0.00      0.00      0.00      0.00      0.00
09:55:44 PM      0.00      0.00      0.00      0.00     13.60      0.00      0.00      0.00      0.00      0.00
09:55:49 PM      0.00      0.00      0.00      0.00     12.80      0.00      0.00      0.00      0.00      0.00
09:55:54 PM      0.00     32.00      0.20      0.00     17.00      0.00      0.00      0.00      0.00      0.00
09:55:59 PM      0.00    111.20      0.00      0.00     12.80      0.00      0.00      0.00      0.00      0.00
09:56:04 PM      0.00      4.80    283.00      0.00    222.60      0.00      0.00      0.00      0.00      0.00
09:56:09 PM      0.00      0.00      0.00      0.00     10.20      0.00      0.00      0.00      0.00      0.00
09:56:14 PM      0.00      0.00      0.20      0.00     13.00      0.00      0.00      0.00      0.00      0.00
09:56:19 PM      0.00      0.00      0.00      0.00     14.40      0.00      0.00      0.00      0.00      0.00
09:56:24 PM      0.00      0.00      0.00      0.00     22.20      0.00      0.00      0.00      0.00      0.00
09:56:29 PM      0.00     32.00      0.00      0.00     15.80      0.00      0.00      0.00      0.00      0.00
09:56:34 PM      0.00     92.00      0.00      0.00     20.40      0.00      0.00      0.00      0.00      0.00
09:56:39 PM      0.00      4.00      0.00      0.00     14.20      0.00      0.00      0.00      0.00      0.00
09:56:44 PM      0.00      0.00      0.00      0.00     18.60      0.00      0.00      0.00      0.00      0.00
09:56:49 PM      0.00      0.00      0.00      0.00     14.20      0.00      0.00      0.00      0.00      0.00
09:56:54 PM      0.00      0.00      0.00      0.00     22.00      0.00      0.00      0.00      0.00      0.00
09:56:59 PM      0.00      0.00      0.00      0.00     15.20      0.00      0.00      0.00      0.00      0.00
09:57:04 PM      0.00     32.00      0.00      0.00     17.00      0.00      0.00      0.00      0.00      0.00
09:57:09 PM      0.00    111.20      0.00      0.00     13.00      0.00      0.00      0.00      0.00      0.00
09:57:14 PM      0.00      5.60      0.00      0.00     13.60      0.00      0.00      0.00      0.00      0.00
09:57:19 PM      0.00      0.00      0.00      0.00     13.20      0.00      0.00      0.00      0.00      0.00
09:57:24 PM      0.00      0.00      0.00      0.00     17.00      0.00      0.00      0.00      0.00      0.00
09:57:29 PM      0.00      0.00      0.00      0.00     13.60      0.00      0.00      0.00      0.00      0.00
09:57:34 PM      0.80      0.00      0.20      0.20     17.20      0.00      0.00      0.00      0.00      0.00
09:57:39 PM      0.00     32.00      0.00      0.00     11.80      0.00      0.00      0.00      0.00      0.00
09:57:44 PM      0.00     92.00      0.00      0.00     13.80      0.00      0.00      0.00      0.00      0.00
09:57:49 PM      0.00      4.00      0.00      0.00     12.80      0.00      0.00      0.00      0.00      0.00
09:57:54 PM      0.00      0.00      0.00      0.00     17.00      0.00      0.00      0.00      0.00      0.00
09:57:59 PM      0.00      0.00      0.00      0.00     13.20      0.00      0.00      0.00      0.00      0.00
09:58:04 PM      0.00      0.00      0.00      0.00     16.20      0.00      0.00      0.00      0.00      0.00
09:58:09 PM      0.00      0.00      6.20      0.00     13.00      0.00      0.00      0.00      0.00      0.00
09:58:14 PM      0.00     64.00      0.00      0.00     12.60      0.00      0.00      0.00      0.00      0.00
09:58:19 PM      0.00    130.40      0.00      0.00     14.40      0.00      0.00      0.00      0.00      0.00
09:58:24 PM      0.00      4.00      0.00      0.00     17.20      0.00      0.00      0.00      0.00      0.00
09:58:29 PM      0.00     38.40      6.00      0.00     15.00      0.00      0.00      0.00      0.00      0.00
09:58:34 PM      0.00      0.00      0.00      0.00     16.20      0.00      0.00      0.00      0.00      0.00
09:58:39 PM      0.00     24.00      0.00      0.00     12.00      0.00      0.00      0.00      0.00      0.00
09:58:44 PM      0.00      0.00      0.40      0.20     14.80      0.00      0.00      0.00      0.00      0.00
09:58:49 PM      0.00    181.60      0.00      0.00     15.20      0.00      0.00      0.00      0.00      0.00
09:58:54 PM      0.00      0.00      0.00      0.00     17.17      0.00      0.00      0.00      0.00      0.00
09:58:59 PM      0.00      5.60      1.20      0.00    117.60      0.00      0.00      0.00      0.00      0.00
09:59:04 PM      0.00      0.00      0.00      0.00     17.40      0.00      0.00      0.00      0.00      0.00
09:59:09 PM      0.00      0.00      0.20      0.00     15.00      0.00      0.00      0.00      0.00      0.00
09:59:14 PM      0.00      0.00      0.00      0.00     18.80      0.00      0.00      0.00      0.00      0.00
09:59:19 PM      0.00     32.00      0.00      0.00     16.00      0.00      0.00      0.00      0.00      0.00
09:59:24 PM      0.00      0.00      0.00      0.00     22.40      0.00      0.00      0.00      0.00      0.00
09:59:29 PM      0.00    111.20      0.00      0.00     21.60      0.00      0.00      0.00      0.00      0.00
09:59:34 PM      0.00      5.60      0.00      0.00     23.00      0.00      0.00      0.00      0.00      0.00
09:59:39 PM      0.00      0.00      0.00      0.00     16.00      0.00      0.00      0.00      0.00      0.00
09:59:44 PM      0.00      0.00      0.00      0.00     15.20      0.00      0.00      0.00      0.00      0.00
09:59:49 PM      0.00      0.00      0.20      0.00     12.80      0.00      0.00      0.00      0.00      0.00
09:59:54 PM      0.00      0.00      0.00      0.00     17.00      0.00      0.00      0.00      0.00      0.00
09:59:59 PM      0.00     32.00      0.00      0.00     13.00      0.00      0.00      0.00      0.00      0.00
10:00:04 PM      0.00     92.00      0.00      0.00     17.20      0.00      0.00      0.00      0.00      0.00
10:00:09 PM      0.00      4.00      0.00      0.00     12.80      0.00      0.00      0.00      0.00      0.00
10:00:14 PM      0.00      0.00      0.00      0.00     13.60      0.00      0.00      0.00      0.00      0.00
10:00:19 PM      0.00      0.00      0.00      0.00     14.60      0.00      0.00      0.00      0.00      0.00
10:00:24 PM      0.00      0.00      0.00      0.00     22.00      0.00      0.00      0.00      0.00      0.00
10:00:29 PM      0.00      0.00      0.00      0.00     15.80      0.00      0.00      0.00      0.00      0.00
10:00:34 PM      0.00     32.00      0.00      0.00     21.20      0.00      0.00      0.00      0.00      0.00
10:00:39 PM      0.00    111.20      0.00      0.00     15.80      0.00      0.00      0.00      0.00      0.00
10:00:44 PM      0.00      4.00      0.00      0.00     18.60      0.00      0.00      0.00      0.00      0.00
10:00:49 PM      0.00      0.00      0.00      0.00     15.80      0.00      0.00      0.00      0.00      0.00
10:00:54 PM      0.00      0.00      0.00      0.00     22.00      0.00      0.00      0.00      0.00      0.00
10:00:59 PM      0.00      0.00      0.00      0.00     16.00      0.00      0.00      0.00      0.00      0.00
10:01:04 PM      0.00      0.00    282.20      0.00    229.40      0.00      0.00      0.00      0.00      0.00
10:01:09 PM      0.00     32.00      0.00      0.00     13.40      0.00      0.00      0.00      0.00      0.00
10:01:14 PM      0.00     92.00      0.00      0.00     18.40      0.00      0.00      0.00      0.00      0.00
10:01:19 PM      0.00      4.00      0.00      0.00     16.00      0.00      0.00      0.00      0.00      0.00
10:01:24 PM      0.00      0.00      0.00      0.00     22.00      0.00      0.00      0.00      0.00      0.00
10:01:29 PM      0.00      0.00      0.00      0.00     15.40      0.00      0.00      0.00      0.00      0.00
10:01:34 PM      0.00      0.00      0.00      0.00     17.00      0.00      0.00      0.00      0.00      0.00
10:01:39 PM      0.00      0.00      0.00      0.00     12.80      0.00      0.00      0.00      0.00      0.00
10:01:44 PM      0.00     32.00      0.00      0.00     14.60      0.00      0.00      0.00      0.00      0.00
10:01:49 PM      0.00    111.20      0.00      0.00     12.80      0.00      0.00      0.00      0.00      0.00
10:01:54 PM      0.00      4.00      0.20      0.00     18.60      0.00      0.00      0.00      0.00      0.00
10:01:59 PM      0.00      0.00      0.20      0.00     16.00      0.00      0.00      0.00      0.00      0.00
10:02:04 PM      0.00      0.00      0.00      0.00     22.00      0.00      0.00      0.00      0.00      0.00
10:02:09 PM      0.00      0.00      0.00      0.00     15.00      0.00      0.00      0.00      0.00      0.00
10:02:14 PM      0.00      0.00      0.00      0.00     15.80      0.00      0.00      0.00      0.00      0.00
10:02:19 PM      0.00     32.00      0.20      0.00     18.80      0.00      0.00      0.00      0.00      0.00
10:02:24 PM      0.00     92.00      0.00      0.00     19.00      0.00      0.00      0.00      0.00      0.00
10:02:29 PM      0.00      7.20      0.00      0.00     19.00      0.00      0.00      0.00      0.00      0.00
10:02:34 PM      0.00      0.00      0.00      0.00     19.00      0.00      0.00      0.00      0.00      0.00
10:02:39 PM      0.00      0.00      0.00      0.00     16.60      0.00      0.00      0.00      0.00      0.00
10:02:44 PM      0.00      0.00      0.00      0.00     11.40      0.00      0.00      0.00      0.00      0.00
10:02:49 PM      0.00      0.00      0.00      0.00     15.00      0.00      0.00      0.00      0.00      0.00
10:02:54 PM      0.00     32.00      0.40      0.00     13.20      0.00      0.00      0.00      0.00      0.00
10:02:59 PM      0.00    111.20      0.00      0.00     17.80      0.00      0.00      0.00      0.00      0.00
10:03:04 PM      0.00      4.00      0.00      0.00     13.00      0.00      0.00      0.00      0.00      0.00
10:03:09 PM      0.00      0.00      6.60      0.00     17.40      0.00      0.00      0.00      0.00      0.00
10:03:14 PM      0.00      0.00      0.00      0.00      9.80      0.00      0.00      0.00      0.00      0.00
10:03:19 PM      0.00      0.00      0.00      0.00     18.00      0.00      0.00      0.00      0.00      0.00
10:03:24 PM      0.00      0.00      0.00      0.00    525.00      0.00      0.00      0.00      0.00      0.00
10:03:29 PM      0.00    103.20      6.00      0.00     19.40      0.00      0.00      0.00      0.00      0.00
10:03:34 PM      0.00    117.60      0.00      0.00    833.00      0.00      0.00      0.00      0.00      0.00
10:03:39 PM      0.00     28.80      0.00      0.00     21.00      0.00      0.00      0.00      0.00      0.00
10:03:44 PM      0.00      0.00      0.00      0.00    831.40      0.00      0.00      0.00      0.00      0.00
10:03:49 PM      0.00      0.00      0.00      0.00     21.16      0.00      0.00      0.00      0.00      0.00
10:03:54 PM      0.00      0.00      0.00      0.00    835.20      0.00      0.00      0.00      0.00      0.00
10:03:59 PM      0.00      0.00      0.00      0.00     21.80      0.00      0.00      0.00      0.00      0.00
10:04:04 PM      0.00     32.00      0.00      0.00    831.00      0.00      0.00      0.00      0.00      0.00
10:04:09 PM      0.00    124.00      0.00      0.00     14.80      0.00      0.00      0.00      0.00      0.00
10:04:14 PM      0.00      4.00      0.00      0.00    828.40      0.00      0.00      0.00      0.00      0.00
10:04:19 PM      0.00      0.00      0.20      0.00     17.20      0.00      0.00      0.00      0.00      0.00
10:04:24 PM      0.00      0.00      0.00      0.00    833.00      0.00      0.00      0.00      0.00      0.00
10:04:29 PM      0.00      0.00      0.00      0.00     22.40      0.00      0.00      0.00      0.00      0.00
10:04:34 PM      0.00      0.00      0.00      0.00    830.20      0.00      0.00      0.00      0.00      0.00
10:04:39 PM      0.00     32.00      0.00      0.00     17.20      0.00      0.00      0.00      0.00      0.00
10:04:44 PM      0.00     92.00      0.20      0.00    829.20      0.00      0.00      0.00      0.00      0.00
10:04:49 PM      0.00      4.80      0.00      0.00     17.00      0.00      0.00      0.00      0.00      0.00
10:04:54 PM      0.00      0.00      0.00      0.00    832.60      0.00      0.00      0.00      0.00      0.00
10:04:59 PM      0.00      0.00      0.00      0.00     18.60      0.00      0.00      0.00      0.00      0.00
10:05:04 PM      0.00      0.00      0.00      0.00     13.00      0.00      0.00      0.00      0.00      0.00
10:05:09 PM      0.00      0.00      0.20      0.00    835.60      0.00      0.00      0.00      0.00      0.00
10:05:14 PM      0.00     32.00      0.00      0.00     11.00      0.00      0.00      0.00      0.00      0.00
10:05:19 PM      0.00    111.20      0.00      0.00    841.00      0.00      0.00      0.00      0.00      0.00
10:05:24 PM      0.00      4.80      0.00      0.00     15.80      0.00      0.00      0.00      0.00      0.00
10:05:29 PM      0.00      0.00      0.00      0.00   1009.20      0.00      0.00      0.00      0.00      0.00
10:05:34 PM      0.00      0.00      0.00      0.00     15.00      0.00      0.00      0.00      0.00      0.00
10:05:39 PM      0.00      0.00      0.00      0.00    431.60      0.00      0.00      0.00      0.00      0.00
10:05:44 PM      0.00      0.00      0.00      0.00     12.40      0.00      0.00      0.00      0.00      0.00
10:05:49 PM      0.00     32.00      0.00      0.00     22.00      0.00      0.00      0.00      0.00      0.00
10:05:54 PM      0.00     92.00      0.20      0.00     15.80      0.00      0.00      0.00      0.00      0.00
10:05:59 PM      0.00      4.00      0.00      0.00     22.00      0.00      0.00      0.00      0.00      0.00
10:06:04 PM      0.00      0.00    282.20      0.00    233.40      0.00      0.00      0.00      0.00      0.00
10:06:09 PM      0.00      0.00      0.00      0.00     20.20      0.00      0.00      0.00      0.00      0.00
10:06:14 PM      0.00      0.00      0.00      0.00      9.40      0.00      0.00      0.00      0.00      0.00
10:06:19 PM      0.00      0.00      0.00      0.00     17.00      0.00      0.00      0.00      0.00      0.00
10:06:24 PM      0.00     32.00      0.00      0.00     12.80      0.00      0.00      0.00      0.00      0.00
10:06:29 PM      0.00    111.20      0.00      0.00     18.60      0.00      0.00      0.00      0.00      0.00
10:06:34 PM      0.00      5.60      0.00      0.00     20.00      0.00      0.00      0.00      0.00      0.00
10:06:39 PM      0.00      0.00      0.00      0.00     17.00      0.00      0.00      0.00      0.00      0.00
10:06:44 PM      0.00      0.00      0.00      0.00      9.40      0.00      0.00      0.00      0.00      0.00
10:06:49 PM      0.00      0.00      0.00      0.00     17.00      0.00      0.00      0.00      0.00      0.00
10:06:54 PM      0.00      0.00      0.00      0.00     12.80      0.00      0.00      0.00      0.00      0.00
10:06:59 PM      0.00     32.00      0.00      0.00     17.20      0.00      0.00      0.00      0.00      0.00
10:07:04 PM      0.00     92.00      0.00      0.00     13.40      0.00      0.00      0.00      0.00      0.00
10:07:09 PM      0.00      4.80      0.00      0.00     18.00      0.00      0.00      0.00      0.00      0.00
10:07:14 PM      0.00      0.00      0.00      0.00      9.20      0.00      0.00      0.00      0.00      0.00
10:07:19 PM      0.00      0.00      0.00      0.00     20.40      0.00      0.00      0.00      0.00      0.00
10:07:24 PM      0.00      0.00      0.00      0.00     14.20      0.00      0.00      0.00      0.00      0.00
10:07:29 PM      0.00      0.00      0.00      0.00     18.00      0.00      0.00      0.00      0.00      0.00
10:07:34 PM      0.00     32.00      0.00      0.00     12.80      0.00      0.00      0.00      0.00      0.00
10:07:39 PM      0.00    111.20      0.00      0.00     33.40      0.00      0.00      0.00      0.00      0.00
10:07:44 PM      0.00      4.00      0.00      0.00     10.20      0.00      0.00      0.00      0.00      0.00
10:07:49 PM      0.00      0.00      0.00      0.00     17.00      0.00      0.00      0.00      0.00      0.00
10:07:54 PM      0.00      0.00      0.00      0.00     11.60      0.00      0.00      0.00      0.00      0.00
10:07:59 PM      0.00      0.00      0.20      0.00     16.77      0.00      0.00      0.00      0.00      0.00
10:08:04 PM      0.00      0.00      0.00      0.00     12.40      0.00      0.00      0.00      0.00      0.00
10:08:09 PM      0.00     51.20      6.60      0.00     19.80      0.00      0.00      0.00      0.00      0.00
10:08:14 PM      0.00    124.00      0.00      0.00     12.80      0.00      0.00      0.00      0.00      0.00
10:08:19 PM      0.00      4.80      0.00      0.00     17.60      0.00      0.00      0.00      0.00      0.00
10:08:24 PM      0.00      0.00      0.00      0.00     12.60      0.00      0.00      0.00      0.00      0.00
10:08:29 PM      0.00     44.80      6.80      0.00     17.60      0.00      0.00      0.00      0.00      0.00
10:08:34 PM      0.00      0.00      0.00      0.00     12.80      0.00      0.00      0.00      0.00      0.00
10:08:39 PM      0.00     85.60      0.00      0.00     17.20      0.00      0.00      0.00      0.00      0.00
10:08:44 PM      0.00    136.80      0.00      0.00     25.60      0.00      0.00      0.00      0.00      0.00
10:08:49 PM      0.00      0.00      0.00      0.00     13.80      0.00      0.00      0.00      0.00      0.00
10:08:54 PM      0.00      4.00      0.00      0.00     12.60      0.00      0.00      0.00      0.00      0.00
10:08:59 PM      0.00      0.00      0.00      0.00     17.00      0.00      0.00      0.00      0.00      0.00
10:09:04 PM      0.00      0.00      0.00      0.00     12.80      0.00      0.00      0.00      0.00      0.00
10:09:09 PM      0.00      0.00      0.20      0.00     16.60      0.00      0.00      0.00      0.00      0.00
10:09:14 PM      0.00     32.00      0.00      0.00     21.00      0.00      0.00      0.00      0.00      0.00
10:09:19 PM      0.00      0.00      0.00      0.00     15.40      0.00      0.00      0.00      0.00      0.00
10:09:24 PM      0.00     92.00      0.00      0.00     15.20      0.00      0.00      0.00      0.00      0.00
10:09:29 PM      0.00      4.00      0.00      0.00     23.80      0.00      0.00      0.00      0.00      0.00
10:09:34 PM      0.00      0.00      0.00      0.00     12.80      0.00      0.00      0.00      0.00      0.00
10:09:39 PM      0.00      0.00      0.00      0.00     17.20      0.00      0.00      0.00      0.00      0.00
10:09:44 PM      0.00      0.00      0.00      0.00      9.20      0.00      0.00      0.00      0.00      0.00
10:09:49 PM      0.00      0.00      0.00      0.00     24.20      0.00      0.00      0.00      0.00      0.00
10:09:54 PM      0.00     32.00      0.00      0.00     11.80      0.00      0.00      0.00      0.00      0.00
10:09:59 PM      0.00    111.20      0.00      0.00     19.80      0.00      0.00      0.00      0.00      0.00
10:10:04 PM      0.00      7.20      0.00      0.00     12.60      0.00      0.00      0.00      0.00      0.00
10:10:09 PM      0.00      0.00      0.00      0.00     17.20      0.00      0.00      0.00      0.00      0.00
10:10:14 PM      0.00      0.00      0.00      0.00      9.40      0.00      0.00      0.00      0.00      0.00
10:10:19 PM      0.00      0.00      0.00      0.00     25.40      0.00      0.00      0.00      0.00      0.00
10:10:24 PM      0.00      0.00      0.00      0.00     12.00      0.00      0.00      0.00      0.00      0.00
10:10:29 PM      0.00     32.00      0.00      0.00     17.00      0.00      0.00      0.00      0.00      0.00
10:10:34 PM      0.00     92.00      0.00      0.00     16.00      0.00      0.00      0.00      0.00      0.00
10:10:39 PM      0.00      4.00      0.20      0.00     17.40      0.00      0.00      0.00      0.00      0.00
10:10:44 PM      0.00      0.00      0.00      0.00      8.80      0.00      0.00      0.00      0.00      0.00
10:10:49 PM      0.00      0.00      0.00      0.00     16.80      0.00      0.00      0.00      0.00      0.00
10:10:54 PM      0.00      0.00      0.00      0.00     14.00      0.00      0.00      0.00      0.00      0.00
10:10:59 PM      0.00      0.00      0.00      0.00     16.20      0.00      0.00      0.00      0.00      0.00
10:11:04 PM      0.00     32.00      0.00      0.00     12.80      0.00      0.00      0.00      0.00      0.00
10:11:09 PM      0.00    111.20    282.20      0.00    224.20      0.00      0.00      0.00      0.00      0.00
10:11:14 PM      0.00      4.00      0.00      0.00     12.60      0.00      0.00      0.00      0.00      0.00
10:11:19 PM      0.00      0.00      0.20      0.00     13.80      0.00      0.00      0.00      0.00      0.00
10:11:24 PM      0.00      0.00      0.00      0.00   2672.20      0.00      0.00      0.00      0.00      0.00
10:11:29 PM      0.00      0.00      0.00      0.00     14.20      0.00      0.00      0.00      0.00      0.00
10:11:34 PM      0.00      0.00      0.00      0.00     14.80      0.00      0.00      0.00      0.00      0.00
10:11:39 PM      0.00     32.00      0.00      0.00     13.60      0.00      0.00      0.00      0.00      0.00
10:11:44 PM      0.00     92.00      0.00      0.00     17.20      0.00      0.00      0.00      0.00      0.00
10:11:49 PM      0.00      4.80      0.00      0.00      9.60      0.00      0.00      0.00      0.00      0.00
10:11:54 PM      0.00      0.00      0.00      0.00     16.20      0.00      0.00      0.00      0.00      0.00
10:11:59 PM      0.00      0.00      0.00      0.00     11.80      0.00      0.00      0.00      0.00      0.00
10:12:04 PM      0.00      0.00      0.00      0.00     17.20      0.00      0.00      0.00      0.00      0.00
10:12:09 PM      0.00      0.00      0.00      0.00     12.60      0.00      0.00      0.00      0.00      0.00
10:12:14 PM      0.00     32.00      0.00      0.00     17.20      0.00      0.00      0.00      0.00      0.00
10:12:19 PM      0.00    111.20      0.00      0.00     10.80      0.00      0.00      0.00      0.00      0.00
10:12:24 PM      0.00      4.80      0.20      0.00     17.20      0.00      0.00      0.00      0.00      0.00
10:12:29 PM      0.00      0.00      0.00      0.00     12.60      0.00      0.00      0.00      0.00      0.00
10:12:34 PM      0.00      0.00      0.20      0.00     17.00      0.00      0.00      0.00      0.00      0.00
10:12:39 PM      0.00      0.00      0.00      0.00     15.40      0.00      0.00      0.00      0.00      0.00
10:12:44 PM      0.00      0.00      0.00      0.00     17.00      0.00      0.00      0.00      0.00      0.00
10:12:49 PM      0.00     32.00      0.00      0.00      9.40      0.00      0.00      0.00      0.00      0.00
10:12:54 PM      0.00     91.82      0.00      0.00     16.57      0.00      0.00      0.00      0.00      0.00
10:12:59 PM      0.00      4.00      0.00      0.00     13.40      0.00      0.00      0.00      0.00      0.00
10:13:04 PM      0.00      0.00      0.00      0.00     19.20      0.00      0.00      0.00      0.00      0.00
10:13:09 PM      0.00      0.00      6.20      0.00     17.20      0.00      0.00      0.00      0.00      0.00
10:13:14 PM      0.00      0.00      0.00      0.00     17.20      0.00      0.00      0.00      0.00      0.00
10:13:19 PM      0.00      0.00      0.00      0.00     10.40      0.00      0.00      0.00      0.00      0.00
10:13:24 PM      0.00     64.00      0.00      0.00     17.20      0.00      0.00      0.00      0.00      0.00
10:13:29 PM      0.00    175.20      6.00      0.00     13.20      0.00      0.00      0.00      0.00      0.00
10:13:34 PM      0.00      5.60      0.00      0.00     17.20      0.00      0.00      0.00      0.00      0.00
10:13:39 PM      0.00     24.00      0.00      0.00     12.60      0.00      0.00      0.00      0.00      0.00
10:13:44 PM      0.00      0.00      0.00      0.00     17.80      0.00      0.00      0.00      0.00      0.00
10:13:49 PM      0.00      0.00      0.00      0.00      9.20      0.00      0.00      0.00      0.00      0.00
10:13:54 PM      0.00      0.00      0.00      0.00     17.20      0.00      0.00      0.00      0.00      0.00
10:13:59 PM      0.00    175.20      1.40      0.00     12.80      0.00      0.00      0.00      0.00      0.00
10:14:04 PM      0.00      0.00      0.00      0.00     13.20      0.00      0.00      0.00      0.00      0.00
10:14:09 PM      0.00      4.00      0.00      0.00     10.40      0.00      0.00      0.00      0.00      0.00
10:14:14 PM      0.00      0.00      0.00      0.00     16.20      0.00      0.00      0.00      0.00      0.00
10:14:19 PM      0.00      0.00      0.00      0.00      7.80      0.00      0.00      0.00      0.00      0.00
10:14:24 PM      0.00      0.00      0.00      0.00     17.00      0.00      0.00      0.00      0.00      0.00
10:14:29 PM      5.60     32.00      1.60      1.40     19.60      0.00      0.00      0.00      0.00      0.00
10:14:34 PM      0.00      0.00      0.00      0.00     17.00      0.00      0.00      0.00      0.00      0.00
10:14:39 PM      0.00    111.20      0.00      0.00     12.60      0.00      0.00      0.00      0.00      0.00
10:14:44 PM      0.80      4.80      0.20      0.20     17.40      0.00      0.00      0.00      0.00      0.00
10:14:49 PM      0.00      0.00      0.20      0.00     10.00      0.00      0.00      0.00      0.00      0.00
10:14:54 PM      0.00      0.00      0.00      0.00     17.20      0.00      0.00      0.00      0.00      0.00
10:14:59 PM      0.00      0.00      0.20      0.00     12.60      0.00      0.00      0.00      0.00      0.00
10:15:04 PM      0.00      0.00      0.00      0.00     17.20      0.00      0.00      0.00      0.00      0.00
10:15:09 PM      0.00     32.00      0.00      0.00     12.60      0.00      0.00      0.00      0.00      0.00
10:15:14 PM      0.00    111.20      0.00      0.00     17.20      0.00      0.00      0.00      0.00      0.00
10:15:19 PM      0.00      4.80      0.20      0.00      8.40      0.00      0.00      0.00      0.00      0.00
10:15:24 PM      0.00      0.00      0.00      0.00     17.00      0.00      0.00      0.00      0.00      0.00
10:15:29 PM      0.00      0.00      0.00      0.00     12.80      0.00      0.00      0.00      0.00      0.00
10:15:34 PM      0.00      0.00      0.00      0.00     16.20      0.00      0.00      0.00      0.00      0.00
10:15:39 PM      0.00      0.00      0.00      0.00     12.80      0.00      0.00      0.00      0.00      0.00
10:15:44 PM      0.00     32.00      0.00      0.00     17.20      0.00      0.00      0.00      0.00      0.00
10:15:49 PM      0.00    111.20      0.00      0.00      9.40      0.00      0.00      0.00      0.00      0.00
10:15:54 PM      0.00      4.00      0.00      0.00     17.00      0.00      0.00      0.00      0.00      0.00
10:15:59 PM      0.00      0.00      0.00      0.00     12.80      0.00      0.00      0.00      0.00      0.00
10:16:04 PM      0.00      0.00      0.00      0.00     15.40      0.00      0.00      0.00      0.00      0.00
10:16:09 PM      0.00      0.00    283.00      0.00    219.60      0.00      0.00      0.00      0.00      0.00
10:16:14 PM      0.00      0.00      0.00      0.00     16.40      0.00      0.00      0.00      0.00      0.00
10:16:19 PM      0.00     32.00      0.00      0.00      9.20      0.00      0.00      0.00      0.00      0.00
10:16:24 PM      0.00     92.00      0.00      0.00     17.20      0.00      0.00      0.00      0.00      0.00
10:16:29 PM      0.00      4.00      0.00      0.00     15.80      0.00      0.00      0.00      0.00      0.00
10:16:34 PM      0.00      0.00      0.00      0.00     17.20      0.00      0.00      0.00      0.00      0.00
10:16:39 PM      0.00      0.00      0.00      0.00     11.80      0.00      0.00      0.00      0.00      0.00
10:16:44 PM      0.00      0.00      0.00      0.00     16.40      0.00      0.00      0.00      0.00      0.00
10:16:49 PM      0.00      0.00      0.00      0.00      9.40      0.00      0.00      0.00      0.00      0.00
10:16:54 PM      0.00     32.00      0.00      0.00     20.20      0.00      0.00      0.00      0.00      0.00
10:16:59 PM      0.00    111.20      0.00      0.00     16.00      0.00      0.00      0.00      0.00      0.00
10:17:04 PM      0.00      4.80      0.00      0.00     18.60      0.00      0.00      0.00      0.00      0.00
10:17:09 PM      0.00      0.00      0.00      0.00     12.80      0.00      0.00      0.00      0.00      0.00
10:17:14 PM      0.00      0.00      0.00      0.00     17.00      0.00      0.00      0.00      0.00      0.00
10:17:19 PM      0.00      0.00      0.20      0.00      9.40      0.00      0.00      0.00      0.00      0.00
10:17:24 PM      0.00      0.00      0.00      0.00     17.00      0.00      0.00      0.00      0.00      0.00
10:17:29 PM      0.00     32.00      0.00      0.00     12.00      0.00      0.00      0.00      0.00      0.00
10:17:34 PM      0.00     92.00      0.00      0.00     17.00      0.00      0.00      0.00      0.00      0.00
10:17:39 PM      0.00      7.20      0.00      0.00     12.60      0.00      0.00      0.00      0.00      0.00
10:17:44 PM      0.00      0.00      0.20      0.00     17.20      0.00      0.00      0.00      0.00      0.00
10:17:49 PM      0.00      0.00      0.00      0.00      9.38      0.00      0.00      0.00      0.00      0.00
10:17:54 PM      0.00      0.00      0.00      0.00     20.80      0.00      0.00      0.00      0.00      0.00
10:17:59 PM      0.00      0.00      0.00      0.00     16.40      0.00      0.00      0.00      0.00      0.00
10:18:04 PM      0.00     32.00      0.00      0.00     18.40      0.00      0.00      0.00      0.00      0.00
10:18:09 PM      0.00    130.40      6.20      0.00     12.00      0.00      0.00      0.00      0.00      0.00
10:18:14 PM      0.00      4.00      0.00      0.00     17.60      0.00      0.00      0.00      0.00      0.00
10:18:19 PM      0.00      0.00      0.00      0.00     10.40      0.00      0.00      0.00      0.00      0.00
10:18:24 PM      0.00      0.00      0.00      0.00     18.00      0.00      0.00      0.00      0.00      0.00
10:18:29 PM      0.00     38.40      6.00      0.00     14.80      0.00      0.00      0.00      0.00      0.00
10:18:34 PM      0.00      0.00      0.00      0.00     15.40      0.00      0.00      0.00      0.00      0.00
10:18:39 PM      0.00    205.60      0.00      0.00     12.00      0.00      0.00      0.00      0.00      0.00
10:18:44 PM      0.00      0.00      0.00      0.00     15.80      0.00      0.00      0.00      0.00      0.00
10:18:49 PM      0.00      4.00      0.00      0.00      9.60      0.00      0.00      0.00      0.00      0.00
10:18:54 PM      0.00      0.00      0.00      0.00     17.00      0.00      0.00      0.00      0.00      0.00
10:18:59 PM      0.00      0.00      0.20      0.00     12.60      0.00      0.00      0.00      0.00      0.00
10:19:04 PM      0.00      0.00      0.00      0.00     16.40      0.00      0.00      0.00      0.00      0.00
10:19:09 PM      0.00     32.00      0.40      0.00     11.00      0.00      0.00      0.00      0.00      0.00
10:19:14 PM      0.00      0.00      0.00      0.00     15.60      0.00      0.00      0.00      0.00      0.00
10:19:19 PM      0.00    111.20      0.00      0.00      9.20      0.00      0.00      0.00      0.00      0.00
10:19:24 PM      0.00      4.00      0.00      0.00     16.40      0.00      0.00      0.00      0.00      0.00
10:19:29 PM      0.00      0.00      0.00      0.00     18.40      0.00      0.00      0.00      0.00      0.00
10:19:34 PM      0.00      0.00      0.00      0.00     17.20      0.00      0.00      0.00      0.00      0.00
10:19:39 PM      0.00      0.00      0.00      0.00     12.60      0.00      0.00      0.00      0.00      0.00
10:19:44 PM      0.00      0.00      0.00      0.00     17.00      0.00      0.00      0.00      0.00      0.00
10:19:49 PM      0.00     32.00      0.00      0.00      9.60      0.00      0.00      0.00      0.00      0.00
10:19:54 PM      0.00     92.00      0.00      0.00     16.20      0.00      0.00      0.00      0.00      0.00
10:19:59 PM      0.00      4.00      0.00      0.00     12.80      0.00      0.00      0.00      0.00      0.00
10:20:04 PM      0.00      0.00      0.00      0.00     17.00      0.00      0.00      0.00      0.00      0.00
10:20:09 PM      0.00      0.00      0.00      0.00     12.80      0.00      0.00      0.00      0.00      0.00
10:20:14 PM      0.00      0.00      0.00      0.00     14.80      0.00      0.00      0.00      0.00      0.00
10:20:19 PM      0.00      0.00      0.20      0.00     10.00      0.00      0.00      0.00      0.00      0.00
10:20:24 PM      0.00     32.00      0.00      0.00     10.60      0.00      0.00      0.00      0.00      0.00
10:20:29 PM      0.00    111.20      0.00      0.00     13.60      0.00      0.00      0.00      0.00      0.00
10:20:34 PM      0.00      5.60      0.00      0.00     10.40      0.00      0.00      0.00      0.00      0.00
10:20:39 PM      0.00      0.00      0.00      0.00     14.60      0.00      0.00      0.00      0.00      0.00
10:20:44 PM      0.00      0.00      0.00      0.00     12.80      0.00      0.00      0.00      0.00      0.00
10:20:49 PM      0.00      0.00      0.00      0.00     13.60      0.00      0.00      0.00      0.00      0.00
10:20:54 PM      0.00      0.00      0.00      0.00     13.00      0.00      0.00      0.00      0.00      0.00
10:20:59 PM      0.00     32.00      0.20      0.00     17.00      0.00      0.00      0.00      0.00      0.00
10:21:04 PM      0.00     92.00      0.00      0.00     12.60      0.00      0.00      0.00      0.00      0.00
10:21:09 PM      0.00      5.60    282.60      0.00    223.40      0.00      0.00      0.00      0.00      0.00
10:21:14 PM      0.00      0.00      0.00      0.00     12.60      0.00      0.00      0.00      0.00      0.00
10:21:19 PM      0.00      0.00      0.00      0.00     13.80      0.00      0.00      0.00      0.00      0.00
10:21:24 PM      0.00      0.00      0.00      0.00     12.60      0.00      0.00      0.00      0.00      0.00
10:21:29 PM      0.00      0.00      0.00      0.00     17.20      0.00      0.00      0.00      0.00      0.00
10:21:34 PM      0.00     32.00      0.00      0.00     11.80      0.00      0.00      0.00      0.00      0.00
10:21:39 PM      0.00    111.20      0.00      0.00     17.20      0.00      0.00      0.00      0.00      0.00
10:21:44 PM      0.00      4.00      0.00      0.00     12.60      0.00      0.00      0.00      0.00      0.00
10:21:49 PM      0.00      0.00      0.00      0.00     13.60      0.00      0.00      0.00      0.00      0.00
10:21:54 PM      0.00      0.00      0.00      0.00     13.00      0.00      0.00      0.00      0.00      0.00
10:21:59 PM      0.00      0.00      0.00      0.00     16.20      0.00      0.00      0.00      0.00      0.00
10:22:04 PM      0.00      0.00      0.00      0.00     12.80      0.00      0.00      0.00      0.00      0.00
10:22:09 PM      0.00     32.00      0.00      0.00     16.20      0.00      0.00      0.00      0.00      0.00
10:22:14 PM      0.00     92.00      0.00      0.00     12.80      0.00      0.00      0.00      0.00      0.00
10:22:19 PM      0.00      4.00      0.00      0.00     13.60      0.00      0.00      0.00      0.00      0.00
10:22:24 PM      0.00      0.00      0.00      0.00     12.77      0.00      0.00      0.00      0.00      0.00
10:22:29 PM      0.00      0.00      0.00      0.00     17.00      0.00      0.00      0.00      0.00      0.00
10:22:34 PM      0.00      0.00      0.00      0.00     11.80      0.00      0.00      0.00      0.00      0.00
10:22:39 PM      0.00      0.00      0.00      0.00     18.00      0.00      0.00      0.00      0.00      0.00
10:22:44 PM      0.00     32.00      0.00      0.00     15.80      0.00      0.00      0.00      0.00      0.00
10:22:49 PM      0.00    111.20      0.00      0.00     17.80      0.00      0.00      0.00      0.00      0.00
10:22:54 PM      0.00      4.80      0.00      0.00     16.40      0.00      0.00      0.00      0.00      0.00
10:22:59 PM      0.00      0.00      0.00      0.00     17.80      0.00      0.00      0.00      0.00      0.00
10:23:04 PM      0.00      0.00      0.00      0.00     13.00      0.00      0.00      0.00      0.00      0.00
10:23:09 PM      0.80      0.00      6.60      0.20     16.60      0.00      0.00      0.00      0.00      0.00
10:23:14 PM      0.00      0.00      0.00      0.00     13.00      0.00      0.00      0.00      0.00      0.00
10:23:19 PM      0.00     64.00      0.00      0.00     13.80      0.00      0.00      0.00      0.00      0.00
10:23:24 PM      0.00    124.00      0.00      0.00     12.40      0.00      0.00      0.00      0.00      0.00
10:23:29 PM      0.00     44.00      6.20      0.00     18.20      0.00      0.00      0.00      0.00      0.00
10:23:34 PM      0.00      0.00      0.00      0.00     12.80      0.00      0.00      0.00      0.00      0.00
10:23:39 PM      0.00     24.00      0.00      0.00     15.40      0.00      0.00      0.00      0.00      0.00
10:23:44 PM      0.00      0.00      0.00      0.00      9.80      0.00      0.00      0.00      0.00      0.00
10:23:49 PM      0.00     64.00      0.00      0.00     14.00      0.00      0.00      0.00      0.00      0.00
10:23:54 PM      0.00      0.00      0.00      0.00     12.80      0.00      0.00      0.00      0.00      0.00
10:23:59 PM      0.00    136.80      0.00      0.00     16.40      0.00      0.00      0.00      0.00      0.00
10:24:04 PM      0.00      4.00      0.20      0.00    729.40      0.00      0.00      0.00      0.00      0.00
10:24:09 PM      0.00      0.00      0.00      0.00     16.40      0.00      0.00      0.00      0.00      0.00
10:24:14 PM      0.00      0.00      0.00      0.00    830.20      0.00      0.00      0.00      0.00      0.00
10:24:19 PM      0.00      0.00      0.00      0.00     13.00      0.00      0.00      0.00      0.00      0.00
10:24:24 PM      0.00      0.00      0.00      0.00    831.80      0.00      0.00      0.00      0.00      0.00
10:24:29 PM      0.00     32.00      0.00      0.00     23.00      0.00      0.00      0.00      0.00      0.00
10:24:34 PM      0.00     92.00      0.00      0.00    831.80      0.00      0.00      0.00      0.00      0.00
10:24:39 PM      0.00      4.00      0.00      0.00     17.00      0.00      0.00      0.00      0.00      0.00
10:24:44 PM      0.00      0.00      0.00      0.00    836.00      0.00      0.00      0.00      0.00      0.00
10:24:49 PM      0.00      0.00      0.00      0.00     18.40      0.00      0.00      0.00      0.00      0.00
10:24:54 PM      0.00      0.00      0.00      0.00    835.20      0.00      0.00      0.00      0.00      0.00
10:24:59 PM      0.00      0.00      0.00      0.00     20.40      0.00      0.00      0.00      0.00      0.00
10:25:04 PM      0.00     32.00      0.00      0.00    832.00      0.00      0.00      0.00      0.00      0.00
10:25:09 PM      0.00    111.20      0.00      0.00     20.20      0.00      0.00      0.00      0.00      0.00
10:25:14 PM      0.00      5.60      0.00      0.00    835.20      0.00      0.00      0.00      0.00      0.00
10:25:19 PM      0.00      0.00      0.00      0.00     17.60      0.00      0.00      0.00      0.00      0.00
10:25:24 PM      0.00      0.00      0.00      0.00    835.00      0.00      0.00      0.00      0.00      0.00
10:25:29 PM      0.00      0.00      0.00      0.00     22.00      0.00      0.00      0.00      0.00      0.00
10:25:34 PM      0.00      0.00      0.00      0.00    835.00      0.00      0.00      0.00      0.00      0.00
10:25:39 PM      0.00     32.00      0.20      0.00     25.60      0.00      0.00      0.00      0.00      0.00
10:25:44 PM      0.00     92.00      0.00      0.00    835.00      0.00      0.00      0.00      0.00      0.00
10:25:49 PM      0.00      4.80      0.20      0.00     17.80      0.00      0.00      0.00      0.00      0.00
10:25:54 PM      0.00      0.00      0.00      0.00    831.80      0.00      0.00      0.00      0.00      0.00
10:25:59 PM      0.00      0.00      0.00      0.00     17.40      0.00      0.00      0.00      0.00      0.00
10:26:04 PM      0.00      0.00      0.00      0.00    831.80      0.00      0.00      0.00      0.00      0.00
10:26:09 PM      0.00      0.00    282.20      0.00    225.40      0.00      0.00      0.00      0.00      0.00
10:26:14 PM      0.00     32.00      0.00      0.00    832.00      0.00      0.00      0.00      0.00      0.00
10:26:19 PM      0.00    111.20      0.00      0.00     13.60      0.00      0.00      0.00      0.00      0.00
10:26:24 PM      0.00      4.00      0.00      0.00     12.80      0.00      0.00      0.00      0.00      0.00
10:26:29 PM      0.00      0.00      0.00      0.00    529.80      0.00      0.00      0.00      0.00      0.00
10:26:34 PM      0.00      0.00      0.00      0.00     12.80      0.00      0.00      0.00      0.00      0.00
10:26:39 PM      0.00      0.00      0.00      0.00     16.20      0.00      0.00      0.00      0.00      0.00
10:26:44 PM      0.00      0.00      0.40      0.00     12.80      0.00      0.00      0.00      0.00      0.00
10:26:49 PM      0.00     32.00      0.20      0.00     10.40      0.00      0.00      0.00      0.00      0.00
10:26:54 PM      0.00     92.00      0.00      0.00     11.00      0.00      0.00      0.00      0.00      0.00
10:26:59 PM      0.00      4.80      0.00      0.00     12.60      0.00      0.00      0.00      0.00      0.00
10:27:04 PM      0.00      0.00      0.00      0.00     12.57      0.00      0.00      0.00      0.00      0.00
10:27:09 PM      0.00      0.00      0.00      0.00     16.40      0.00      0.00      0.00      0.00      0.00
10:27:14 PM      0.00      0.00      0.00      0.00     12.80      0.00      0.00      0.00      0.00      0.00
10:27:19 PM      0.00      0.00      0.00      0.00     12.00      0.00      0.00      0.00      0.00      0.00
10:27:24 PM      0.00     32.00      0.00      0.00     13.60      0.00      0.00      0.00      0.00      0.00
10:27:29 PM      0.00    111.20      0.00      0.00     14.80      0.00      0.00      0.00      0.00      0.00
10:27:34 PM      0.00      4.00      0.00      0.00     15.00      0.00      0.00      0.00      0.00      0.00
10:27:39 PM      0.00      0.00      0.00      0.00     14.80      0.00      0.00      0.00      0.00      0.00
10:27:44 PM      0.00      0.00      0.00      0.00     15.00      0.00      0.00      0.00      0.00      0.00
10:27:49 PM      0.00      0.00      0.00      0.00     11.20      0.00      0.00      0.00      0.00      0.00
10:27:54 PM      0.00      0.00      0.00      0.00     15.60      0.00      0.00      0.00      0.00      0.00
10:27:59 PM      0.00     32.00      0.00      0.00     13.20      0.00      0.00      0.00      0.00      0.00
10:28:04 PM      0.00     92.00      0.20      0.00     17.00      0.00      0.00      0.00      0.00      0.00
10:28:09 PM      0.00      4.80      6.20      0.00     13.00      0.00      0.00      0.00      0.00      0.00
10:28:14 PM      0.00      0.00      0.20      0.00     16.60      0.00      0.00      0.00      0.00      0.00
10:28:19 PM      0.80      0.00      0.20      0.20     11.20      0.00      0.00      0.00      0.00      0.00
10:28:24 PM      0.00      0.00      0.00      0.00     16.40      0.00      0.00      0.00      0.00      0.00
10:28:29 PM      0.00     52.80      0.20      0.00     13.00      0.00      0.00      0.00      0.00      0.00
10:28:34 PM      0.00     64.00      0.00      0.00     17.00      0.00      0.00      0.00      0.00      0.00
10:28:39 PM      0.00    136.80      0.00      0.00     12.80      0.00      0.00      0.00      0.00      0.00
10:28:44 PM      0.00      5.60      0.00      0.00     17.80      0.00      0.00      0.00      0.00      0.00
10:28:49 PM      0.00      0.00      0.00      0.00      9.80      0.00      0.00      0.00      0.00      0.00
10:28:54 PM      0.00      0.00      0.00      0.00     17.00      0.00      0.00      0.00      0.00      0.00
10:28:59 PM      0.00      0.00      0.00      0.00     12.60      0.00      0.00      0.00      0.00      0.00
10:29:04 PM      0.00      0.00      0.00      0.00     16.60      0.00      0.00      0.00      0.00      0.00
10:29:09 PM      0.00     38.40      0.00      0.00     12.60      0.00      0.00      0.00      0.00      0.00
10:29:14 PM      0.00     92.00      0.00      0.00     15.60      0.00      0.00      0.00      0.00      0.00
10:29:19 PM      0.00      4.00      0.00      0.00      9.20      0.00      0.00      0.00      0.00      0.00
10:29:24 PM      0.00      0.00      0.00      0.00     17.20      0.00      0.00      0.00      0.00      0.00
10:29:29 PM      0.00      0.00      0.00      0.00     18.40      0.00      0.00      0.00      0.00      0.00
10:29:34 PM      0.00      0.00      0.00      0.00     17.20      0.00      0.00      0.00      0.00      0.00
10:29:39 PM      0.00      0.00      0.00      0.00     12.60      0.00      0.00      0.00      0.00      0.00
10:29:44 PM      0.00     32.00      0.20      0.00     19.40      0.00      0.00      0.00      0.00      0.00
10:29:49 PM      0.00    111.20      0.00      0.00     12.60      0.00      0.00      0.00      0.00      0.00
10:29:54 PM      0.00      5.60      0.00      0.00     21.80      0.00      0.00      0.00      0.00      0.00
10:29:59 PM      0.00      0.00      0.00      0.00     15.20      0.00      0.00      0.00      0.00      0.00
10:30:04 PM      0.00      0.00      0.00      0.00     17.20      0.00      0.00      0.00      0.00      0.00
10:30:09 PM      0.00      0.00      0.00      0.00     12.80      0.00      0.00      0.00      0.00      0.00
10:30:14 PM      0.00      0.00      0.00      0.00     17.00      0.00      0.00      0.00      0.00      0.00
10:30:19 PM      0.00     44.80      0.00      0.00      8.40      0.00      0.00      0.00      0.00      0.00
10:30:24 PM      0.00     92.00      0.00      0.00     16.40      0.00      0.00      0.00      0.00      0.00
10:30:29 PM      0.00      4.80      0.00      0.00     11.80      0.00      0.00      0.00      0.00      0.00
10:30:34 PM      0.00      0.00      0.00      0.00     16.40      0.00      0.00      0.00      0.00      0.00
10:30:39 PM      0.00      0.00      0.00      0.00     11.80      0.00      0.00      0.00      0.00      0.00
10:30:44 PM      0.00      0.00      0.00      0.00     16.40      0.00      0.00      0.00      0.00      0.00
10:30:49 PM      0.00      0.00      0.00      0.00      9.20      0.00      0.00      0.00      0.00      0.00
10:30:54 PM      0.00     32.00      0.00      0.00     17.20      0.00      0.00      0.00      0.00      0.00
10:30:59 PM      0.00    111.20      0.00      0.00     12.60      0.00      0.00      0.00      0.00      0.00
10:31:04 PM      0.00      4.00      0.00      0.00     17.00      0.00      0.00      0.00      0.00      0.00
10:31:09 PM      0.00      0.00    281.80      0.00    220.60      0.00      0.00      0.00      0.00      0.00
10:31:14 PM      0.00      0.00      0.00      0.00     14.60      0.00      0.00      0.00      0.00      0.00
10:31:19 PM      0.00      0.00      0.00      0.00      8.60      0.00      0.00      0.00      0.00      0.00
10:31:24 PM      0.00      0.00      0.00      0.00     17.00      0.00      0.00      0.00      0.00      0.00
10:31:29 PM      0.00     32.00      0.00      0.00     12.80      0.00      0.00      0.00      0.00      0.00
10:31:34 PM      0.00     92.00      0.00      0.00     17.00      0.00      0.00      0.00      0.00      0.00
10:31:39 PM      0.00      4.00      0.20      0.00     12.80      0.00      0.00      0.00      0.00      0.00
10:31:44 PM      0.00      0.00      0.00      0.00     16.20      0.00      0.00      0.00      0.00      0.00
10:31:49 PM      0.00      0.00      0.00      0.00      9.20      0.00      0.00      0.00      0.00      0.00
10:31:54 PM      0.00      0.00      0.00      0.00     16.40      0.00      0.00      0.00      0.00      0.00
10:31:59 PM      0.00      0.00      0.00      0.00     12.60      0.00      0.00      0.00      0.00      0.00
10:32:04 PM      0.00     32.00      0.20      0.00     17.20      0.00      0.00      0.00      0.00      0.00
10:32:09 PM      0.00    111.20      0.00      0.00     12.00      0.00      0.00      0.00      0.00      0.00
10:32:14 PM      0.00      5.60      0.00      0.00     16.40      0.00      0.00      0.00      0.00      0.00
10:32:19 PM      0.00      0.00      0.00      0.00      9.18      0.00      0.00      0.00      0.00      0.00
10:32:24 PM      0.00      0.00      0.00      0.00     16.40      0.00      0.00      0.00      0.00      0.00
10:32:29 PM      0.00      0.00      0.00      0.00     11.80      0.00      0.00      0.00      0.00      0.00
10:32:34 PM      0.00      0.00      0.00      0.00     17.00      0.00      0.00      0.00      0.00      0.00
10:32:39 PM      0.00     32.00      0.00      0.00     12.80      0.00      0.00      0.00      0.00      0.00
10:32:44 PM      0.00     92.00      0.00      0.00     17.00      0.00      0.00      0.00      0.00      0.00
10:32:49 PM      0.00      4.80      0.00      0.00      8.60      0.00      0.00      0.00      0.00      0.00
10:32:54 PM      0.00      0.00      0.00      0.00     16.60      0.00      0.00      0.00      0.00      0.00
10:32:59 PM      0.00      0.00      0.00      0.00     13.40      0.00      0.00      0.00      0.00      0.00
10:33:04 PM      0.00      0.00      0.20      0.00     15.00      0.00      0.00      0.00      0.00      0.00
10:33:09 PM      0.00     14.40      6.60      0.00     13.20      0.00      0.00      0.00      0.00      0.00
10:33:14 PM      0.00     64.00      0.00      0.00     17.80      0.00      0.00      0.00      0.00      0.00
10:33:19 PM      0.00    143.20      0.00      0.00      9.60      0.00      0.00      0.00      0.00      0.00
10:33:24 PM      0.00      4.80      0.00      0.00     17.40      0.00      0.00      0.00      0.00      0.00
10:33:29 PM      0.00      0.00      0.00      0.00     12.00      0.00      0.00      0.00      0.00      0.00
10:33:34 PM      0.00      0.00      0.00      0.00     17.20      0.00      0.00      0.00      0.00      0.00
10:33:39 PM      0.00     25.60      0.20      0.00     12.60      0.00      0.00      0.00      0.00      0.00
10:33:44 PM      0.00     64.00      0.00      0.00     18.00      0.00      0.00      0.00      0.00      0.00
10:33:49 PM      0.00    124.00      0.00      0.00      8.80      0.00      0.00      0.00      0.00      0.00
10:33:54 PM      0.00      0.00      0.00      0.00     17.00      0.00      0.00      0.00      0.00      0.00
10:33:59 PM      0.00      4.00      0.00      0.00     12.80      0.00      0.00      0.00      0.00      0.00
10:34:04 PM      0.00      0.00      0.00      0.00     17.00      0.00      0.00      0.00      0.00      0.00
10:34:09 PM      0.00      0.00      0.20      0.00     12.80      0.00      0.00      0.00      0.00      0.00
10:34:14 PM      0.00      0.00      0.00      0.00     16.40      0.00      0.00      0.00      0.00      0.00
10:34:19 PM      0.00      0.00      0.00      0.00      7.00      0.00      0.00      0.00      0.00      0.00
10:34:24 PM      0.00     32.00      0.20      0.00     17.00      0.00      0.00      0.00      0.00      0.00
10:34:29 PM      0.00    111.20      0.00      0.00     18.60      0.00      0.00      0.00      0.00      0.00
10:34:34 PM      0.00      4.00      0.00      0.00     17.00      0.00      0.00      0.00      0.00      0.00
10:34:39 PM      0.00      0.00      0.00      0.00     12.60      0.00      0.00      0.00      0.00      0.00
10:34:44 PM      0.00      0.00      0.00      0.00     18.00      0.00      0.00      0.00      0.00      0.00
10:34:49 PM      0.00      0.00      0.00      0.00      9.20      0.00      0.00      0.00      0.00      0.00
10:34:54 PM      0.00      0.00      0.00      0.00     16.40      0.00      0.00      0.00      0.00      0.00
10:34:59 PM      0.00     32.00      0.00      0.00     12.60      0.00      0.00      0.00      0.00      0.00
10:35:04 PM      0.00     92.00      0.00      0.00     18.80      0.00      0.00      0.00      0.00      0.00
10:35:09 PM      0.00      4.00      0.00      0.00     15.00      0.00      0.00      0.00      0.00      0.00
10:35:14 PM      0.00      0.00      0.00      0.00     18.20      0.00      0.00      0.00      0.00      0.00
10:35:19 PM      0.00      0.00      0.00      0.00      9.20      0.00      0.00      0.00      0.00      0.00
10:35:24 PM      0.00      0.00      0.00      0.00     16.20      0.00      0.00      0.00      0.00      0.00
10:35:29 PM      0.80      0.00      0.20      0.20     12.80      0.00      0.00      0.00      0.00      0.00
10:35:34 PM      0.00     32.00      0.00      0.00     17.00      0.00      0.00      0.00      0.00      0.00
10:35:39 PM      0.00    111.20      0.00      0.00     12.80      0.00      0.00      0.00      0.00      0.00
10:35:44 PM      0.00      5.60      0.20      0.00     17.00      0.00      0.00      0.00      0.00      0.00
10:35:49 PM      0.00      0.00      0.00      0.00      9.40      0.00      0.00      0.00      0.00      0.00
10:35:54 PM      0.00      0.00      0.20      0.00     17.00      0.00      0.00      0.00      0.00      0.00
10:35:59 PM      0.00      0.00      0.00      0.00     12.80      0.00      0.00      0.00      0.00      0.00
10:36:04 PM      0.00      0.00      0.00      0.00     17.00      0.00      0.00      0.00      0.00      0.00
10:36:09 PM      0.00     32.00      0.00      0.00     14.20      0.00      0.00      0.00      0.00      0.00
10:36:14 PM      0.00     92.00    281.80      0.00    229.00      0.00      0.00      0.00      0.00      0.00
10:36:19 PM      0.00      6.40      0.00      0.00     12.40      0.00      0.00      0.00      0.00      0.00
10:36:24 PM      0.00      0.00      0.00      0.00     22.00      0.00      0.00      0.00      0.00      0.00
10:36:29 PM      0.00      0.00      0.00      0.00     15.80      0.00      0.00      0.00      0.00      0.00
10:36:34 PM      0.00      0.00      0.00      0.00     19.40      0.00      0.00      0.00      0.00      0.00
10:36:39 PM      0.00      0.00      0.00      0.00     14.40      0.00      0.00      0.00      0.00      0.00
10:36:44 PM      0.00     32.00      0.00      0.00     14.80      0.00      0.00      0.00      0.00      0.00
10:36:49 PM      0.00    111.20      0.00      0.00     11.60      0.00      0.00      0.00      0.00      0.00
10:36:54 PM      0.00      4.00      0.00      0.00     14.80      0.00      0.00      0.00      0.00      0.00
10:36:59 PM      0.00      0.00      0.00      0.00     14.97      0.00      0.00      0.00      0.00      0.00
10:37:04 PM      0.00      0.00      0.00      0.00     15.80      0.00      0.00      0.00      0.00      0.00
10:37:09 PM      0.00      0.00      0.00      0.00     22.00      0.00      0.00      0.00      0.00      0.00
10:37:14 PM      0.00      0.00      0.00      0.00     15.20      0.00      0.00      0.00      0.00      0.00
10:37:19 PM      0.00     32.00      0.00      0.00     17.80      0.00      0.00      0.00      0.00      0.00
10:37:24 PM      0.00     92.00      0.00      0.00     15.80      0.00      0.00      0.00      0.00      0.00
10:37:29 PM      0.00      4.00      0.00      0.00     21.00      0.00      0.00      0.00      0.00      0.00
10:37:34 PM      0.00      0.00      0.00      0.00     16.00      0.00      0.00      0.00      0.00      0.00
10:37:39 PM      0.00      0.00      0.00      0.00     21.80      0.00      0.00      0.00      0.00      0.00
10:37:44 PM      0.00      0.00      0.00      0.00     14.40      0.00      0.00      0.00      0.00      0.00
10:37:49 PM      0.00      0.00      0.00      0.00     12.80      0.00      0.00      0.00      0.00      0.00
10:37:54 PM      0.00     32.00      0.00      0.00     12.40      0.00      0.00      0.00      0.00      0.00
10:37:59 PM      0.00    111.20      0.00      0.00     16.80      0.00      0.00      0.00      0.00      0.00
10:38:04 PM      0.00      4.00      0.00      0.00     13.20      0.00      0.00      0.00      0.00      0.00
10:38:09 PM      0.00     28.80      6.80      0.00     18.20      0.00      0.00      0.00      0.00      0.00
10:38:14 PM      0.00      0.00      0.00      0.00     13.00      0.00      0.00      0.00      0.00      0.00
10:38:19 PM      0.00      0.00      0.00      0.00     13.60      0.00      0.00      0.00      0.00      0.00
10:38:24 PM      0.00      0.00      0.00      0.00     12.80      0.00      0.00      0.00      0.00      0.00
10:38:29 PM      0.00     64.00      0.00      0.00     17.20      0.00      0.00      0.00      0.00      0.00
10:38:34 PM      0.00    117.60      0.00      0.00     12.80      0.00      0.00      0.00      0.00      0.00
10:38:39 PM      0.00     30.40      0.00      0.00     16.40      0.00      0.00      0.00      0.00      0.00
10:38:44 PM      0.00      0.00      0.00      0.00     12.60      0.00      0.00      0.00      0.00      0.00
10:38:49 PM      0.00      0.00      0.00      0.00     14.20      0.00      0.00      0.00      0.00      0.00
10:38:54 PM      0.00      0.00      0.00      0.00     11.80      0.00      0.00      0.00      0.00      0.00
10:38:59 PM      0.00      0.00      0.00      0.00     18.60      0.00      0.00      0.00      0.00      0.00
10:39:04 PM      0.00     32.00      0.00      0.00     16.00      0.00      0.00      0.00      0.00      0.00
10:39:09 PM      0.00    124.00      0.40      0.00     20.20      0.00      0.00      0.00      0.00      0.00
10:39:14 PM      0.00      4.80      0.00      0.00     16.00      0.00      0.00      0.00      0.00      0.00
10:39:19 PM      0.00      0.00      0.20      0.00     18.60      0.00      0.00      0.00      0.00      0.00
10:39:24 PM      0.00      0.00      0.00      0.00     16.00      0.00      0.00      0.00      0.00      0.00
10:39:29 PM      0.00      0.00      0.00      0.00     27.60      0.00      0.00      0.00      0.00      0.00
10:39:34 PM      0.00      0.00      0.00      0.00     16.00      0.00      0.00      0.00      0.00      0.00
10:39:39 PM      0.00     32.00      0.00      0.00     21.80      0.00      0.00      0.00      0.00      0.00
10:39:44 PM      0.00     92.00      0.00      0.00     16.60      0.00      0.00      0.00      0.00      0.00
10:39:49 PM      0.00      5.60      0.00      0.00     18.60      0.00      0.00      0.00      0.00      0.00
10:39:54 PM      0.00      0.00      0.00      0.00     15.80      0.00      0.00      0.00      0.00      0.00
10:39:59 PM      0.00      0.00      0.00      0.00     22.00      0.00      0.00      0.00      0.00      0.00
10:40:04 PM      0.00      0.00      0.00      0.00     15.80      0.00      0.00      0.00      0.00      0.00
10:40:09 PM      0.00      0.00      0.00      0.00     22.00      0.00      0.00      0.00      0.00      0.00
10:40:14 PM      0.00     32.00      0.00      0.00     15.80      0.00      0.00      0.00      0.00      0.00
10:40:19 PM      0.00    111.20      0.00      0.00     17.00      0.00      0.00      0.00      0.00      0.00
10:40:24 PM      0.00      4.00      0.20      0.00     15.20      0.00      0.00      0.00      0.00      0.00
10:40:29 PM      0.00      0.00      0.00      0.00     21.00      0.00      0.00      0.00      0.00      0.00
10:40:34 PM      0.00      0.00      0.00      0.00     15.20      0.00      0.00      0.00      0.00      0.00
10:40:39 PM      0.00      0.00      0.00      0.00     21.80      0.00      0.00      0.00      0.00      0.00
10:40:44 PM      0.00      0.00      0.00      0.00     16.00      0.00      0.00      0.00      0.00      0.00
10:40:49 PM      0.00     32.00      0.00      0.00     18.40      0.00      0.00      0.00      0.00      0.00
10:40:54 PM      0.00     92.00      0.00      0.00     16.00      0.00      0.00      0.00      0.00      0.00
10:40:59 PM      0.00      4.80      0.00      0.00     21.80      0.00      0.00      0.00      0.00      0.00
10:41:04 PM      0.00      0.00      0.00      0.00     15.80      0.00      0.00      0.00      0.00      0.00
10:41:09 PM      0.00      0.00      0.00      0.00     22.00      0.00      0.00      0.00      0.00      0.00
10:41:14 PM      0.00      0.00    282.20      0.00    222.80      0.00      0.00      0.00      0.00      0.00
10:41:19 PM      0.00      0.00      0.00      0.00     18.60      0.00      0.00      0.00      0.00      0.00
10:41:24 PM      0.00     32.00      0.00      0.00     16.00      0.00      0.00      0.00      0.00      0.00
10:41:29 PM      0.00    111.20      0.00      0.00     22.00      0.00      0.00      0.00      0.00      0.00
10:41:34 PM      0.00      4.00      0.00      0.00     15.80      0.00      0.00      0.00      0.00      0.00
10:41:39 PM      0.00      0.00      0.00      0.00     22.00      0.00      0.00      0.00      0.00      0.00
10:41:44 PM      0.00      0.00      0.00      0.00     15.77      0.00      0.00      0.00      0.00      0.00
10:41:49 PM      0.00      0.00      0.00      0.00     18.40      0.00      0.00      0.00      0.00      0.00
10:41:54 PM      0.00      0.00      0.00      0.00     16.00      0.00      0.00      0.00      0.00      0.00
10:41:59 PM      0.00     32.00      0.00      0.00     21.80      0.00      0.00      0.00      0.00      0.00
10:42:04 PM      3.20     98.40      0.00      0.00     16.00      0.00      0.00      0.00      0.00      0.00
10:42:09 PM      0.00      4.80      0.40      0.00     20.20      0.00      0.00      0.00      0.00      0.00
10:42:14 PM      0.00      0.00      0.00      0.00     16.00      0.00      0.00      0.00      0.00      0.00
10:42:19 PM      0.00      0.00      0.00      0.00     18.40      0.00      0.00      0.00      0.00      0.00
10:42:24 PM      0.00      0.00      0.00      0.00     15.40      0.00      0.00      0.00      0.00      0.00
10:42:29 PM      0.00      0.00      0.20      0.00     21.80      0.00      0.00      0.00      0.00      0.00
10:42:34 PM      0.00     32.00      0.00      0.00     15.80      0.00      0.00      0.00      0.00      0.00
10:42:39 PM      0.00    117.60      0.00      0.00     22.00      0.00      0.00      0.00      0.00      0.00
10:42:44 PM      0.00      4.00      0.20      0.20     16.00      0.00      0.00      0.00      0.00      0.00
10:42:49 PM      0.00      0.00      0.00      0.00     18.60      0.00      0.00      0.00      0.00      0.00
10:42:54 PM      0.00      0.00      0.00      0.00     13.80      0.00      0.00      0.00      0.00      0.00
10:42:59 PM      0.00      0.00      0.00      0.00     17.80      0.00      0.00      0.00      0.00      0.00
10:43:04 PM      0.00      0.00      0.00      0.00     13.80      0.00      0.00      0.00      0.00      0.00
10:43:09 PM      0.00    104.00      6.40      0.00     22.20      0.00      0.00      0.00      0.00      0.00
10:43:14 PM      0.00    144.80      6.20      0.00     17.20      0.00      0.00      0.00      0.00      0.00
10:43:19 PM      0.00      6.40      0.00      0.00     19.60      0.00      0.00      0.00      0.00      0.00
10:43:24 PM      0.00      0.00      0.00      0.00     15.60      0.00      0.00      0.00      0.00      0.00
10:43:29 PM      0.00      0.00      0.00      0.00     21.20      0.00      0.00      0.00      0.00      0.00
10:43:34 PM      0.00      0.00      0.00      0.00     16.00      0.00      0.00      0.00      0.00      0.00
10:43:39 PM      0.00     88.00      0.00      0.00     21.80      0.00      0.00      0.00      0.00      0.00
10:43:44 PM      0.00      0.00      0.00      0.00     16.00      0.00      0.00      0.00      0.00      0.00
10:43:49 PM      0.00    143.20      0.00      0.00     18.80      0.00      0.00      0.00      0.00      0.00
10:43:54 PM      0.00      4.80  11145.00      0.00     43.20      0.00      0.00      0.00      0.00      0.00
10:43:59 PM 268298.40 391373.60 154905.00  67074.60 104805.40 234550.00  15493.60 103166.60      0.00      0.00
10:44:04 PM     11.20      0.00      1.20      0.80     13.40      0.00      0.00      0.00      0.00      0.00
10:44:09 PM  53959.20  47104.00  13210.00  13210.00  12139.60  10981.40   2466.40  12087.20      0.00      0.00
10:44:14 PM      0.00      0.00      0.00      0.00     12.60      0.00      0.00      0.00      0.00      0.00
10:44:19 PM  90524.80  72960.00  22837.40  22631.20  22582.60  23649.00   6800.60  18430.00      0.00      0.00
10:44:24 PM      0.00    117.60      0.00      0.00      9.60      0.00      0.00      0.00      0.00      0.00
10:44:29 PM   1988.00     37.60      6.80      1.80     19.00      0.00      0.00      0.00      0.00      0.00
10:44:34 PM      0.00      0.00      0.20      0.00     10.20      0.00      0.00      0.00      0.00      0.00
10:44:39 PM      0.80      0.00      0.40      0.20     15.40      0.00      0.00      0.00      0.00      0.00
10:44:44 PM    903.20      0.00      4.00      0.40    527.20      0.00      0.00      0.00      0.00      0.00
10:44:49 PM      0.00      0.00      0.20      0.00     16.00      0.00      0.00      0.00      0.00      0.00
10:44:54 PM      0.00     51.20      0.00      0.00   1130.40      0.00      0.00      0.00      0.00      0.00
10:44:59 PM      0.00    130.40      0.40      0.00     17.80      0.00      0.00      0.00      0.00      0.00
10:45:04 PM      0.00      4.80      0.00      0.00   1648.80      0.00      0.00      0.00      0.00      0.00
10:45:09 PM      0.00      0.00      0.00      0.00     17.00      0.00      0.00      0.00      0.00      0.00
10:45:14 PM 328581.60 317877.60  98349.00  98362.20 102227.40 333925.00  11093.40 100294.20      0.00      0.00
10:45:19 PM    149.60      0.00     15.40     13.40    944.60      0.00      0.00      0.00      0.00      0.00
10:45:24 PM     76.00      0.00      8.80      7.40     14.40      0.00      0.00      0.00      0.00      0.00
10:45:29 PM   1009.60      0.00     14.40     13.80     91.80      0.00      0.00      0.00      0.00      0.00
10:45:34 PM    159.20     98.40      0.20      0.20     14.00      0.00      0.00      0.00      0.00      0.00
10:45:39 PM      0.00      0.00      0.20      0.00     12.80      0.00      0.00      0.00      0.00      0.00
10:45:44 PM    632.00      0.00      3.40      3.20     16.40      0.00      0.00      0.00      0.00      0.00
10:45:49 PM      0.00      4.00      0.00      0.00    314.20      0.00      0.00      0.00      0.00      0.00
10:45:54 PM      1.60      0.00      2.00      1.80     17.00      0.00      0.00      0.00      0.00      0.00
10:45:59 PM      1.60      0.00      0.40      0.40     11.80      0.00      0.00      0.00      0.00      0.00
10:46:04 PM      0.80      0.00      0.40      0.20     18.80      0.00      0.00      0.00      0.00      0.00
10:46:09 PM      6.40    117.60      0.00      0.00     11.80      0.00      0.00      0.00      0.00      0.00
10:46:14 PM   1957.60      0.00    289.80     10.80    422.20      0.00      0.00      0.00      0.00      0.00
10:46:19 PM      0.00      0.00      0.00      0.00      9.20      0.00      0.00      0.00      0.00      0.00
10:46:24 PM      2.40      4.80      0.60      0.60     17.40      0.00      0.00      0.00      0.00      0.00
10:46:29 PM      1.60      0.00      0.60      0.40     14.40      0.00      0.00      0.00      0.00      0.00
10:46:34 PM      0.00      0.00      0.00      0.00     22.00      0.00      0.00      0.00      0.00      0.00
10:46:39 PM      0.00      0.00      0.00      0.00     14.20      0.00      0.00      0.00      0.00      0.00
10:46:44 PM    629.60      0.00    112.20    100.80     23.40      0.00      0.00      0.00      0.00      0.00
10:46:49 PM      0.00      0.00      0.00      0.00      9.40      0.00      0.00      0.00      0.00      0.00
10:46:54 PM      3.20    149.60      0.20      0.20     15.40      0.00      0.00      0.00      0.00      0.00
10:46:59 PM      2.40      5.60      0.60      0.60     10.40      0.00      0.00      0.00      0.00      0.00
10:47:04 PM      1.60      0.00      0.60      0.40     16.97      0.00      0.00      0.00      0.00      0.00
10:47:09 PM      0.00      0.00      0.00      0.00     10.40      0.00      0.00      0.00      0.00      0.00
10:47:14 PM      2.40      0.00      2.00      2.00     17.00      0.00      0.00      0.00      0.00      0.00
10:47:19 PM      0.80      0.00      0.20      0.20      9.40      0.00      0.00      0.00      0.00      0.00
10:47:24 PM      0.00     32.00      1.60      1.60     13.80      0.00      0.00      0.00      0.00      0.00
10:47:29 PM      0.00     98.40      0.00      0.00     11.20      0.00      0.00      0.00      0.00      0.00
10:47:34 PM    167.20      4.00      0.40      0.40    121.60      0.00      0.00      0.00      0.00      0.00
10:47:39 PM      1.60   4709.60  10616.00      0.40  14076.20  26197.20    614.40  13215.40      0.00      0.00
10:47:44 PM      0.80      0.00      0.20      0.20     16.40      0.00      0.00      0.00      0.00      0.00
10:47:49 PM      0.00      0.00      0.20      0.00  12388.00      0.00      0.00      0.00      0.00      0.00
10:47:54 PM    780.00      0.00     15.80      8.60     14.40      0.00      0.00      0.00      0.00      0.00
10:47:59 PM      2.40     32.00      4.80      2.00    124.60      0.00      0.00      0.00      0.00      0.00
10:48:04 PM    484.80    117.60      6.60      5.60     17.00      0.00      0.00      0.00      0.00      0.00
10:48:09 PM   1781.60      4.80     36.80     22.00   1145.20      0.00      0.00      0.00      0.00      0.00
10:48:14 PM     52.00     52.80  12042.20  12041.80     39.40      0.00      0.00      0.00      0.00      0.00
10:48:19 PM      1.60     14.40      8.00      1.80      9.00      0.00      0.00      0.00      0.00      0.00
10:48:24 PM      0.00      0.00      0.00      0.00     19.60      0.00      0.00      0.00      0.00      0.00
10:48:29 PM      1.60      0.00      0.40      0.40      9.80      0.00      0.00      0.00      0.00      0.00
10:48:34 PM      0.00     64.00      0.00      0.00     16.40      0.00      0.00      0.00      0.00      0.00
10:48:39 PM      0.00    154.40      0.00      0.00     12.00      0.00      0.00      0.00      0.00      0.00
10:48:44 PM      0.80      4.80      2.40      2.40     12.20      0.00      0.00      0.00      0.00      0.00
10:48:49 PM      0.00      0.00      0.00      0.00      8.20      0.00      0.00      0.00      0.00      0.00
10:48:54 PM      0.00      0.00      0.20      0.00     17.00      0.00      0.00      0.00      0.00      0.00
10:48:59 PM     15.20      0.00      4.20      3.80     13.20      0.00      0.00      0.00      0.00      0.00
10:49:04 PM      0.00      0.00      0.00      0.00     16.40      0.00      0.00      0.00      0.00      0.00
10:49:09 PM      0.00     32.00      0.20      0.00     11.00      0.00      0.00      0.00      0.00      0.00
10:49:14 PM      1.60    117.60      1.20      0.40     14.60      0.00      0.00      0.00      0.00      0.00
10:49:19 PM      0.00      4.00      0.00      0.00      8.60      0.00      0.00      0.00      0.00      0.00
10:49:24 PM      0.00      0.00      0.00      0.00     14.00      0.00      0.00      0.00      0.00      0.00
10:49:29 PM    811.20  18561.60      5.00      3.60   4860.60   5647.40      0.00   4803.20      0.00      0.00
10:49:34 PM    224.80      0.00      1.20      1.20     13.60      0.00      0.00      0.00      0.00      0.00
10:49:39 PM      0.00      0.00      0.00      0.00     16.60      0.00      0.00      0.00      0.00      0.00
10:49:44 PM  65744.80  55363.20  16436.20  16436.20  14404.40  22979.20      0.00  13990.40      0.00      0.00
10:49:49 PM      0.00    117.60      0.00      0.00     10.20      0.00      0.00      0.00      0.00      0.00
10:49:54 PM      0.00      4.80      0.00      0.00     15.00      0.00      0.00      0.00      0.00      0.00
10:49:59 PM      0.80      0.00      0.40      0.20     20.40      0.00      0.00      0.00      0.00      0.00
10:50:04 PM      0.00      0.00      0.00      0.00     15.80      0.00      0.00      0.00      0.00      0.00
10:50:09 PM      0.00      0.00      0.00      0.00     21.20      0.00      0.00      0.00      0.00      0.00
10:50:14 PM      1.60      0.00      0.40      0.40     15.80      0.00      0.00      0.00      0.00      0.00
10:50:19 PM      0.00     32.00      0.00      0.00    528.80      0.00      0.00      0.00      0.00      0.00
10:50:24 PM      0.00    117.60      0.20      0.00     13.60      0.00      0.00      0.00      0.00      0.00
10:50:29 PM      1.60      4.00      0.40      0.40    220.20      0.00      0.00      0.00      0.00      0.00
10:50:34 PM      0.00      0.00      0.00      0.00     16.20      0.00      0.00      0.00      0.00      0.00
10:50:39 PM      0.00      0.00      0.00      0.00    428.20      0.00      0.00      0.00      0.00      0.00
10:50:44 PM     73.60      0.00      6.40      1.40     12.00      0.00      0.00      0.00      0.00      0.00
10:50:49 PM      0.00     32.00      0.00      0.00    219.20      0.00      0.00      0.00      0.00      0.00
10:50:54 PM      0.00      0.00      0.00      0.00     11.40      0.00      0.00      0.00      0.00      0.00
10:50:59 PM      1.60     98.40      0.40      0.40    322.60      0.00      0.00      0.00      0.00      0.00
10:51:04 PM      0.00      6.40      0.00      0.00     12.60      0.00      0.00      0.00      0.00      0.00
10:51:09 PM      0.00      0.00      0.00      0.00     14.80      0.00      0.00      0.00      0.00      0.00
10:51:14 PM     12.80      0.00    282.60      0.80    220.80      0.00      0.00      0.00      0.00      0.00
10:51:19 PM    525.60      0.00    131.40    131.40     27.40      0.00      0.00      0.00      0.00      0.00
10:51:24 PM      0.00      0.00      0.00      0.00    215.80      0.00      0.00      0.00      0.00      0.00
10:51:29 PM      0.80     32.00      0.20      0.20     17.20      0.00      0.00      0.00      0.00      0.00
10:51:34 PM      0.00    117.60      0.00      0.00    115.20      0.00      0.00      0.00      0.00      0.00
10:51:39 PM      0.00      4.80      0.00      0.00     17.20      0.00      0.00      0.00      0.00      0.00
10:51:44 PM      0.00      0.00      0.00      0.00    220.60      0.00      0.00      0.00      0.00      0.00
10:51:49 PM      0.00      0.00      0.20      0.00     16.80      0.00      0.00      0.00      0.00      0.00
10:51:54 PM      0.00      0.00      0.00      0.00    115.20      0.00      0.00      0.00      0.00      0.00
10:51:59 PM      0.00      0.00      0.00      0.00     15.40      0.00      0.00      0.00      0.00      0.00
10:52:04 PM      0.00     32.00      0.00      0.00    216.80      0.00      0.00      0.00      0.00      0.00
10:52:09 PM      0.00     98.40      0.00      0.00     16.20      0.00      0.00      0.00      0.00      0.00
10:52:14 PM      0.00      4.00      0.00      0.00    115.20      0.00      0.00      0.00      0.00      0.00
10:52:19 PM      0.00      0.00      0.00      0.00     12.80      0.00      0.00      0.00      0.00      0.00
10:52:24 PM      0.00      0.00      0.00      0.00    216.60      0.00      0.00      0.00      0.00      0.00
10:52:29 PM      3.20      0.00      0.80      0.80     15.60      0.00      0.00      0.00      0.00      0.00
10:52:34 PM      0.00    409.60      0.00      0.00    627.80      0.00      0.00    103.20      0.00      0.00
10:52:39 PM      0.80     32.00      0.20      0.20     19.00      0.00      0.00      0.00      0.00      0.00
10:52:44 PM      0.00    117.60      0.00      0.00    219.80      0.00      0.00      0.00      0.00      0.00
10:52:49 PM      0.00      4.00      0.00      0.00     13.00      0.00      0.00      0.00      0.00      0.00
10:52:54 PM      0.00      0.00      0.00      0.00    317.80      0.00      0.00      0.00      0.00      0.00
10:52:59 PM      0.00  46710.40   2132.20      0.00  11849.40  23520.60      0.00  11834.80      0.00      0.00
10:53:04 PM    188.00      0.00      0.40      0.40      9.80      0.00      0.00      0.00      0.00      0.00
10:53:09 PM    364.80      0.00     11.40      1.00     14.00      0.00      0.00      0.00      0.00      0.00
10:53:14 PM      0.00     64.00      0.00      0.00  12601.80      0.00      0.00      0.00      0.00      0.00
10:53:19 PM      0.80    163.20      6.20      0.20     12.00      0.00      0.00      0.00      0.00      0.00
10:53:24 PM      0.00      4.00      0.00      0.00    320.00      0.00      0.00      0.00      0.00      0.00
10:53:29 PM      0.00      0.00      0.00      0.00     10.98      0.00      0.00      0.00      0.00      0.00
10:53:34 PM      0.00      0.00      0.00      0.00    731.80      0.00      0.00      0.00      0.00      0.00
10:53:39 PM      0.00     24.00      0.20      0.00     12.80      0.00      0.00      0.00      0.00      0.00
10:53:44 PM      0.00     64.00      0.40      0.00    319.60      0.00      0.00      0.00      0.00      0.00
10:53:49 PM     47.20    124.00      0.60      0.20      9.80      0.00      0.00      0.00      0.00      0.00
10:53:54 PM      0.00      0.00      0.00      0.00    529.00      0.00      0.00      0.00      0.00      0.00
10:53:59 PM      0.00      5.60      0.00      0.00     12.80      0.00      0.00      0.00      0.00      0.00
10:54:04 PM      0.00      0.00      0.00      0.00    426.60      0.00      0.00      0.00      0.00      0.00
10:54:09 PM 125783.20  69159.20  31278.20  31278.00  18900.80  96074.00  12422.80  18699.80      0.00      0.00
10:54:14 PM 145744.80 230370.40  35344.40  35352.20  59075.40 150789.20  23194.80  57968.80      0.00      0.00
10:54:19 PM 143488.80 276862.40  36028.20  35844.40  74172.60  95958.00  26277.80  69570.00      0.00      0.00
10:54:24 PM 139507.20 280831.20  34035.80  33972.60  75512.60  80264.60  36223.40  70789.80      0.00      0.00
10:54:29 PM  20852.80  26248.00   4927.80   4827.80   6564.20  11873.80      0.00   6540.60      0.00      0.00
10:54:34 PM    504.80      0.00    125.60    125.60    426.80      0.00      0.00      0.00      0.00      0.00
10:54:39 PM      0.80      0.00      0.20      0.20     12.80      0.00      0.00      0.00      0.00      0.00
10:54:44 PM    741.60      0.00    206.40    192.20    147.40      0.00      0.00      0.00      0.00      0.00
10:54:49 PM  67105.60  13729.60  16776.00  16776.00  20353.60   4378.80      0.00   3431.60      0.00      0.00
10:54:54 PM 231985.60    156.00  57993.20  57992.20  58957.20      0.00      0.00      0.00      0.00      0.00
10:54:59 PM  61876.00      0.00  15411.80  15411.80  15702.20      0.00      0.00      0.00      0.00      0.00
10:55:04 PM      0.80      0.00      0.60      0.20     14.40      0.00      0.00      0.00      0.00      0.00
10:55:09 PM      0.00      0.00      0.00      0.00    318.20      0.00      0.00      0.00      0.00      0.00
10:55:14 PM      8.80      0.00      2.20      2.20     18.00      0.00      0.00      0.00      0.00      0.00
10:55:19 PM      0.00      0.00      0.00      0.00    212.60      0.00      0.00      0.00      0.00      0.00
10:55:24 PM      0.00      4.00      0.00      0.00     15.40      0.00      0.00      0.00      0.00      0.00
10:55:29 PM      0.00    117.60      0.00      0.00    422.40      0.00      0.00      0.00      0.00      0.00
10:55:34 PM      0.80      0.00      1.60      1.60     17.00      0.00      0.00      0.00      0.00      0.00
10:55:39 PM      0.80      0.00      1.60      1.60    217.20      0.00      0.00      0.00      0.00      0.00
10:55:44 PM      1.60      0.00      0.40      0.40     14.00      0.00      0.00      0.00      0.00      0.00
10:55:49 PM      0.00      0.00      0.20      0.00    318.20      0.00      0.00      0.00      0.00      0.00
10:55:54 PM      0.00      0.00      0.00      0.00     17.00      0.00      0.00      0.00      0.00      0.00
10:55:59 PM      0.80      4.00      0.20      0.20    115.80      0.00      0.00      0.00      0.00      0.00
10:56:04 PM      0.80      0.00      1.40      1.40     19.60      0.00      0.00      0.00      0.00      0.00
10:56:09 PM      0.00      0.00      0.00      0.00    220.60      0.00      0.00      0.00      0.00      0.00
10:56:14 PM      0.80      0.00      0.20      0.20     21.20      0.00      0.00      0.00      0.00      0.00
10:56:19 PM      2.40      0.00    289.00      6.40    420.20      0.00      0.00      0.00      0.00      0.00
10:56:24 PM      0.00      0.00      0.00      0.00     12.40      0.00      0.00      0.00      0.00      0.00
10:56:29 PM      1.60    149.60      0.40      0.40    216.00      0.00      0.00      0.00      0.00      0.00
10:56:34 PM      0.00      5.60      0.00      0.00     17.20      0.00      0.00      0.00      0.00      0.00
10:56:39 PM      0.00      0.00      0.00      0.00    115.80      0.00      0.00      0.00      0.00      0.00
10:56:44 PM      5.60      0.00      3.60      3.60     15.60      0.00      0.00      0.00      0.00      0.00
10:56:49 PM      0.00      0.00      0.00      0.00    212.40      0.00      0.00      0.00      0.00      0.00
10:56:54 PM      0.00      0.00      0.00      0.00     14.80      0.00      0.00      0.00      0.00      0.00
10:56:59 PM      2.40     38.40      0.60      0.60    115.00      0.00      0.00      0.00      0.00      0.00
10:57:04 PM      0.00     98.40      0.00      0.00      9.40      0.00      0.00      0.00      0.00      0.00
10:57:09 PM      0.00      4.80      0.00      0.00    321.40      0.00      0.00      0.00      0.00      0.00
10:57:14 PM      0.00      0.00      0.00      0.00     12.60      0.00      0.00      0.00      0.00      0.00
10:57:19 PM      0.00      0.00      0.00      0.00    321.00      0.00      0.00      0.00      0.00      0.00
10:57:24 PM   9291.20      0.00   2498.80   2322.80    832.80      0.00      0.00      0.00      0.00      0.00
10:57:29 PM      0.00      0.00      0.60      0.00   1591.00      0.00      0.00      0.00      0.00      0.00
10:57:34 PM      0.00     32.00      0.20      0.00     11.20      0.00      0.00      0.00      0.00      0.00
10:57:39 PM      0.00    124.00      0.00      0.00    218.80      0.00      0.00      0.00      0.00      0.00
10:57:44 PM      0.00      4.00      0.20      0.00     11.40      0.00      0.00      0.00      0.00      0.00
10:57:49 PM      0.00      0.00      0.00      0.00    217.60      0.00      0.00      0.00      0.00      0.00
10:57:54 PM      6.40      0.00      6.20      4.60     16.20      0.00      0.00      0.00      0.00      0.00
10:57:59 PM      5.60    924.80      4.40      4.20    457.40      0.00      0.00    231.80      0.00      0.00
10:58:04 PM    471.20      0.00      4.60      3.80    843.20      0.00      0.00      0.00      0.00      0.00
10:58:09 PM    180.80     57.60     26.00     14.80    740.00      0.00      0.00      0.00      0.00      0.00
10:58:14 PM      4.00    130.40      1.20      1.00   1554.80      0.00      0.00      0.00      0.00      0.00
10:58:19 PM      1.60     95.20      0.60      0.40    846.60      0.00      0.00      9.00      0.00      0.00
10:58:24 PM     39.20     14.40      6.60      0.20    458.60      0.00      0.00      0.00      0.00      0.00
10:58:29 PM   3712.00  48062.40   8486.40    928.00  12214.60  34614.00   8694.60  12194.00      0.00      0.00
10:58:34 PM      0.80   7123.20      0.20      0.20   3067.80   4195.00      0.00   1780.80      0.00      0.00
10:58:39 PM      0.00     88.80      0.00      0.00     17.20      0.00      0.00      0.00      0.00      0.00
10:58:44 PM      1.60      0.00      2.60      2.60  13113.80      0.00      0.00      0.00      0.00      0.00
10:58:49 PM      0.00    149.60      0.00      0.00     14.80      0.00      0.00      0.00      0.00      0.00
10:58:54 PM      0.00      4.80      0.00      0.00    731.20      0.00      0.00      0.00      0.00      0.00
10:58:59 PM      0.00      0.00      0.00      0.00     17.00      0.00      0.00      0.00      0.00      0.00
10:59:04 PM      0.00      0.00      0.00      0.00    831.20      0.00      0.00      0.00      0.00      0.00
10:59:09 PM      0.00      0.00      0.00      0.00     15.40      0.00      0.00      0.00      0.00      0.00
10:59:14 PM      0.00      0.00      0.00      0.00    832.00      0.00      0.00      0.00      0.00      0.00
10:59:19 PM      0.00     38.40      0.40      0.00     12.20      0.00      0.00      0.00      0.00      0.00
10:59:24 PM      0.00     98.40      0.00      0.00    828.80      0.00      0.00      0.00      0.00      0.00
10:59:29 PM      0.00      4.00      0.00      0.00     21.20      0.00      0.00      0.00      0.00      0.00
10:59:34 PM      0.00      0.00      0.00      0.00    827.74      0.00      0.00      0.00      0.00      0.00
10:59:39 PM      0.00      0.00      0.00      0.00     12.40      0.00      0.00      0.00      0.00      0.00
10:59:44 PM      2.40      0.00      0.60      0.60    832.60      0.00      0.00      0.00      0.00      0.00
10:59:49 PM      0.00      0.00      0.00      0.00     12.40      0.00      0.00      0.00      0.00      0.00
10:59:54 PM      0.00     32.00      0.40      0.00   2056.80      0.00      0.00      0.00      0.00      0.00
10:59:59 PM      2.40    124.00      0.60      0.60     18.00      0.00      0.00      0.00      0.00      0.00
11:00:04 PM      2.40      4.80    179.60    179.60   1553.40      0.00      0.00      0.00      0.00      0.00
11:00:09 PM      0.00      0.00      0.00      0.00     20.40      0.00      0.00      0.00      0.00      0.00
11:00:14 PM      1.60      0.00      0.40      0.40   1804.00      0.00      0.00      0.00      0.00      0.00
11:00:19 PM      0.00      0.00      0.00      0.00     17.60      0.00      0.00      0.00      0.00      0.00
11:00:24 PM      0.00      0.00      0.00      0.00   1837.80      0.00      0.00      0.00      0.00      0.00
11:00:29 PM   8458.40     38.40   2116.20   2114.60    304.40      0.00      0.00      0.00      0.00      0.00
11:00:34 PM      0.00     98.40      0.00      0.00    832.00      0.00      0.00      0.00      0.00      0.00
11:00:39 PM      0.00      4.00      0.00      0.00     13.00      0.00      0.00      0.00      0.00      0.00
11:00:44 PM      0.00      0.00      0.20      0.20    828.80      0.00      0.00      0.00      0.00      0.00
11:00:49 PM      0.00      0.00      0.00      0.00     12.20      0.00      0.00      0.00      0.00      0.00
11:00:54 PM      0.00      0.00      0.00      0.00   1343.80      0.00      0.00      0.00      0.00      0.00
11:00:59 PM      0.00      0.00      0.00      0.00   2497.20      0.00      0.00      0.00      0.00      0.00
11:01:04 PM      0.00     32.00      0.00      0.00   1651.00      0.00      0.00      0.00      0.00      0.00
11:01:09 PM      0.00    124.00      0.00      0.00     18.00      0.00      0.00      0.00      0.00      0.00
11:01:14 PM      0.00      4.00      0.00      0.00   1736.80      0.00      0.00      0.00      0.00      0.00
11:01:19 PM      0.80      0.00    282.60      0.20    219.60      0.00      0.00      0.00      0.00      0.00
11:01:24 PM      0.80      0.00      0.20      0.20   1563.00      0.00      0.00      0.00      0.00      0.00
11:01:29 PM      0.00      0.00      0.00      0.00     12.60      0.00      0.00      0.00      0.00      0.00
11:01:34 PM      0.00      0.00      0.00      0.00   1550.40      0.00      0.00      0.00      0.00      0.00
11:01:39 PM      0.00     38.40      0.00      0.00     12.20      0.00      0.00      0.00      0.00      0.00
11:01:44 PM      0.00     98.40      0.00      0.00    834.00      0.00      0.00      0.00      0.00      0.00
11:01:49 PM      0.00      6.40      0.00      0.00      6.20      0.00      0.00      0.00      0.00      0.00
11:01:54 PM      0.00      0.00      0.00      0.00    831.60      0.00      0.00      0.00      0.00      0.00
11:01:59 PM      0.00      0.00      0.00      0.00     10.20      0.00      0.00      0.00      0.00      0.00
11:02:04 PM      0.00      0.00      0.00      0.00     17.20      0.00      0.00      0.00      0.00      0.00
11:02:09 PM      0.00      0.00      0.00      0.00   3600.00      0.00      0.00      0.00      0.00      0.00
11:02:14 PM      0.00     32.00      0.20      0.00     18.80      0.00      0.00      0.00      0.00      0.00
11:02:19 PM      0.00    124.00      0.00      0.00   1567.00      0.00      0.00      0.00      0.00      0.00
11:02:24 PM      0.00      4.00      0.00      0.00     17.80      0.00      0.00      0.00      0.00      0.00
11:02:29 PM      0.00      0.00      0.00      0.00   1749.80      0.00      0.00      0.00      0.00      0.00
11:02:34 PM      0.00      0.00      0.00      0.00     18.60      0.00      0.00      0.00      0.00      0.00
11:02:39 PM      0.00      0.00      0.00      0.00   1476.60      0.00      0.00      0.00      0.00      0.00
11:02:44 PM      0.00      0.00      0.00      0.00     20.20      0.00      0.00      0.00      0.00      0.00
11:02:49 PM      0.00     38.40      0.00      0.00    831.80      0.00      0.00      0.00      0.00      0.00
11:02:54 PM      0.00     98.40      0.00      0.00     20.80      0.00      0.00      0.00      0.00      0.00
11:02:59 PM      9.60      4.80      3.00      2.40    835.80      0.00      0.00      0.00      0.00      0.00
11:03:04 PM      0.80      0.00      0.20      0.20     19.80      0.00      0.00      0.00      0.00      0.00
11:03:09 PM      1.60      0.00      6.80      0.40   2485.80      0.00      0.00      0.00      0.00      0.00
11:03:14 PM      0.00      0.00      0.00      0.00     19.00      0.00      0.00      0.00      0.00      0.00
11:03:19 PM      0.00      0.00      0.00      0.00   1663.80      0.00      0.00      0.00      0.00      0.00
11:03:24 PM      0.00    103.20      6.20      0.00     22.20      0.00      0.00      0.00      0.00      0.00
11:03:29 PM      5.60  20658.40   9494.40      1.60   5956.20   5168.40      0.00   5125.60      0.00      0.00
11:03:34 PM      0.00      4.80      0.00      0.00     14.00      0.00      0.00      0.00      0.00      0.00
11:03:39 PM      0.00     24.80      0.00      0.00  13209.20      0.00      0.00      0.00      0.00      0.00
11:03:44 PM      0.00      0.00      0.00      0.00     15.60      0.00      0.00      0.00      0.00      0.00
11:03:49 PM      0.00      0.00      0.00      0.00    826.40      0.00      0.00      0.00      0.00      0.00
11:03:54 PM      0.00      0.00   7753.20      0.00   1452.60      0.00      0.00      0.00      0.00      0.00
11:03:59 PM      0.00     38.40      0.60      0.00   1315.40      0.00      0.00      0.00      0.00      0.00
11:04:04 PM      0.00    117.60      0.20      0.00  12400.00      0.00      0.00      0.00      0.00      0.00
11:04:09 PM      0.00      4.80      0.00      0.00    832.00      0.00      0.00      0.00      0.00      0.00
11:04:14 PM      0.00      0.00      0.20      0.20     16.20      0.00      0.00      0.00      0.00      0.00
11:04:19 PM 339034.40 202308.80  84610.80  84580.60  71274.20 243740.20  34549.40  65868.20      0.00      0.00
11:04:24 PM   6176.80      0.00   1543.00   1542.40   2696.40   5824.00      0.00   2618.60      0.00      0.00
11:04:29 PM   3922.40      0.00     27.80     17.80     17.80      0.00      0.00      0.00      0.00      0.00
11:04:34 PM      0.00     32.00      0.00      0.00     15.60      0.00      0.00      0.00      0.00      0.00
11:04:39 PM     19.20    124.00      0.00      0.00     11.20      0.00      0.00      0.00      0.00      0.00
11:04:44 PM    270.40      4.00     14.40      0.20     14.80      0.00      0.00      0.00      0.00      0.00
11:04:49 PM     43.20      0.00      0.00     10.80    210.80      0.00      0.00      0.00      0.00      0.00
11:04:54 PM      0.00      0.00      0.00      0.00     12.60      0.00      0.00      0.00      0.00      0.00
11:04:59 PM      0.00      0.00      1.20      0.00      9.40      0.00      0.00      0.00      0.00      0.00
11:05:04 PM      0.00      0.00      0.00      0.00     11.20      0.00      0.00      0.00      0.00      0.00
11:05:09 PM   7031.20  69765.60  25215.40  25218.20  25412.20  33830.80   1473.60  25234.20      0.00      0.00
11:05:14 PM    219.20     92.00     54.80     54.80     21.80      0.00      0.00      0.00      0.00      0.00
11:05:19 PM      0.00      0.00      0.00      0.00     14.00      0.00      0.00      0.00      0.00      0.00
11:05:24 PM      0.00   2085.60      0.00      0.00    449.80    641.00      0.00    431.80      0.00      0.00
11:05:29 PM     16.80  13679.20      4.20      4.20   3734.60   4131.60      0.00   3716.40      0.00      0.00
11:05:34 PM      0.00      0.00      0.00      0.00     11.00      0.00      0.00      0.00      0.00      0.00
11:05:39 PM      0.00      0.00      0.00      0.00     14.80      0.00      0.00      0.00      0.00      0.00
11:05:44 PM      0.00      0.00      0.00      0.00     11.00      0.00      0.00      0.00      0.00      0.00
11:05:49 PM      0.80      0.00      0.60      0.40     12.20      0.00      0.00      0.00      0.00      0.00
11:05:54 PM      0.00      0.00      0.00      0.00     11.98      0.00      0.00      0.00      0.00      0.00
11:05:59 PM      7.20    156.00      1.00      1.00     17.00      0.00      0.00      0.00      0.00      0.00
11:06:04 PM      0.00      4.00      0.00      0.00      8.80      0.00      0.00      0.00      0.00      0.00
11:06:09 PM      0.00      0.00      0.00      0.00     14.60      0.00      0.00      0.00      0.00      0.00
11:06:14 PM      0.00      0.00      0.00      0.00     11.20      0.00      0.00      0.00      0.00      0.00
11:06:19 PM     12.80      0.00    283.00      0.60    219.20      0.00      0.00      0.00      0.00      0.00
11:06:24 PM      0.00      0.00      0.00      0.00     12.80      0.00      0.00      0.00      0.00      0.00
11:06:29 PM      0.00     32.00      0.00      0.00     17.00      0.00      0.00      0.00      0.00      0.00
11:06:34 PM      0.00     98.40      0.00      0.00     10.40      0.00      0.00      0.00      0.00      0.00
11:06:39 PM 170411.20 138568.00  48415.40  48367.20  50006.80 114422.00  10296.60  48735.40      0.00      0.00
11:06:44 PM   1062.40     38.40     11.80      1.80    867.60      0.00      0.00     55.40      0.00      0.00
11:06:49 PM      0.00      0.00      2.00      0.00     14.60      0.00      0.00      0.00      0.00      0.00
11:06:54 PM      0.00      0.00      0.60      0.00     11.80      0.00      0.00      0.00      0.00      0.00
11:06:59 PM      0.00      0.00      0.00      0.00     15.80      0.00      0.00      0.00      0.00      0.00
11:07:04 PM      0.00     38.40      0.00      0.00     11.80      0.00      0.00      0.00      0.00      0.00
11:07:09 PM      0.00    111.20      0.00      0.00     14.00      0.00      0.00      0.00      0.00      0.00
11:07:14 PM      0.00      4.00      0.00      0.00   1310.00      0.00      0.00      0.00      0.00      0.00
11:07:19 PM      0.00      0.00      0.00      0.00     10.40      0.00      0.00      0.00      0.00      0.00
11:07:24 PM      0.00      0.00      0.00      0.00     13.60      0.00      0.00      0.00      0.00      0.00
11:07:29 PM      0.00      0.00      0.00      0.00     21.00      0.00      0.00      0.00      0.00      0.00
11:07:34 PM      0.00      0.00      1.00      0.00     12.80      0.00      0.00      0.00      0.00      0.00
11:07:39 PM      0.00     32.00      0.00      0.00     17.00      0.00      0.00      0.00      0.00      0.00
11:07:44 PM      0.00     98.40      0.00      0.00     12.00      0.00      0.00      0.00      0.00      0.00
11:07:49 PM      0.00      4.00      0.00      0.00    162.80      0.00      0.00      0.00      0.00      0.00
11:07:54 PM     58.40      0.00      6.00      1.60     14.20      0.00      0.00      0.00      0.00      0.00
11:07:59 PM     26.40    169.60     10.00      9.80    432.00      0.00      0.00    180.60      0.00      0.00
11:08:04 PM    464.00      0.00      2.20      0.80     16.20      0.00      0.00      0.00      0.00      0.00
11:08:09 PM    920.00      0.00     15.40      1.80     22.00      0.00      0.00      0.00      0.00      0.00
11:08:14 PM      0.80     70.40      0.20      0.20     16.20      0.00      0.00      0.00      0.00      0.00
11:08:19 PM      0.00    130.40      0.00      0.00    193.20      0.00      0.00      0.00      0.00      0.00
11:08:24 PM    124.00      4.00      0.60      0.40     15.20      0.00      0.00      0.00      0.00      0.00
11:08:29 PM     12.80     40.00      0.20      0.00     19.00      0.00      0.00      0.00      0.00      0.00
11:08:34 PM      3.20      0.00      0.20      0.20      9.40      0.00      0.00      0.00      0.00      0.00
11:08:39 PM      0.00      0.00      0.00      0.00     15.60      0.00      0.00      0.00      0.00      0.00
11:08:44 PM      0.00     64.00      0.00      0.00     12.60      0.00      0.00      0.00      0.00      0.00
11:08:49 PM      0.00    124.00      0.00      0.00     50.00      0.00      0.00      0.00      0.00      0.00
11:08:54 PM      0.00      0.00      0.00      0.00     12.80      0.00      0.00      0.00      0.00      0.00
11:08:59 PM      0.00     16.00      0.00      0.00     82.00      0.00      0.00     64.00      0.00      0.00
11:09:04 PM      0.00      0.00      0.20      0.00     14.40      0.00      0.00      0.00      0.00      0.00
11:09:09 PM      0.00     17.60      0.00      0.00     71.40      0.00      0.00     51.20      0.00      0.00
11:09:14 PM    230.40      0.00      0.60      0.60     16.80      0.00      0.00      0.00      0.00      0.00
11:09:19 PM   2556.00  53688.00  12930.80    578.00  19697.60  55986.00   5191.00  19682.80      0.00      0.00
11:09:24 PM    780.00      0.00      2.80      1.00   1555.80      0.00      0.00      0.00      0.00      0.00
11:09:29 PM    323.20    111.20      4.20      0.80  12400.80      0.00      0.00      0.00      0.00      0.00
11:09:34 PM      4.80      8.00      0.80      0.20     10.20      0.00      0.00      0.00      0.00      0.00
11:09:39 PM      0.00      0.00    303.60    299.00     15.00      0.00      0.00      0.00      0.00      0.00
11:09:44 PM  10235.20      0.00   2594.80   2591.20     60.80      0.00      0.00      0.00      0.00      0.00
11:09:49 PM      0.00      0.00      0.00      0.00     13.00      0.00      0.00      0.00      0.00      0.00
11:09:54 PM      0.00      0.00      0.00      0.00     19.00      0.00      0.00      0.00      0.00      0.00
11:09:59 PM      0.00     51.20      0.20      0.00     14.40      0.00      0.00      0.00      0.00      0.00
11:10:04 PM      0.00    117.60      0.00      0.00     16.40      0.00      0.00      0.00      0.00      0.00
11:10:09 PM      0.80  20315.20  13516.60  13507.40   6581.00  26377.20      0.00   5475.00      0.00      0.00
11:10:14 PM      0.00      0.00      0.20      0.00   1244.00      0.00      0.00      0.00      0.00      0.00
11:10:19 PM      0.00      0.00      0.00      0.00      6.00      0.00      0.00      0.00      0.00      0.00
11:10:24 PM      0.00      0.00      0.00      0.00   1691.40      0.00      0.00      0.00      0.00      0.00
11:10:29 PM      0.00      0.00      0.00      0.00      9.40      0.00      0.00      0.00      0.00      0.00
11:10:34 PM      0.00     38.40      0.00      0.00   1145.20      0.00      0.00      0.00      0.00      0.00
11:10:39 PM      0.00    124.00      0.20      0.00     15.00      0.00      0.00      0.00      0.00      0.00
11:10:44 PM    162.40      4.00      4.60      0.00   1205.60      0.00      0.00      0.00      0.00      0.00
11:10:49 PM      0.00      0.00      0.00      0.00     12.40      0.00      0.00      0.00      0.00      0.00
11:10:54 PM      0.00    328.00      0.00      0.00    923.40      0.00      0.00     82.40      0.00      0.00
11:10:59 PM      0.00      0.00      0.00      0.00     15.20      0.00      0.00      0.00      0.00      0.00
11:11:04 PM      0.00    639.20      0.00      0.00    387.80      0.00      0.00    160.60      0.00      0.00
11:11:09 PM      0.00     32.00      0.00      0.00     15.20      0.00      0.00      0.00      0.00      0.00
11:11:14 PM      0.00     98.40      0.20      0.00     17.00      0.00      0.00      0.00      0.00      0.00
11:11:19 PM      6.40      4.00    285.00      0.00    436.20      0.00      0.00      0.00      0.00      0.00
11:11:24 PM      0.00      0.00      0.00      0.00     15.40      0.00      0.00      0.00      0.00      0.00
11:11:29 PM      0.00      0.00      0.00      0.00      9.60      0.00      0.00      0.00      0.00      0.00
11:11:34 PM      0.00      0.00      0.00      0.00     13.00      0.00      0.00      0.00      0.00      0.00
11:11:39 PM      0.00      0.00      0.00      0.00     12.60      0.00      0.00      0.00      0.00      0.00
11:11:44 PM      0.00     38.40      0.00      0.00     16.40      0.00      0.00      0.00      0.00      0.00
11:11:49 PM      0.00    111.20      0.00      0.00    133.40      0.00      0.00      0.00      0.00      0.00
11:11:54 PM      0.00      4.80      0.00      0.00     17.20      0.00      0.00      0.00      0.00      0.00
11:11:59 PM      0.00      0.00      0.00      0.00      9.40      0.00      0.00      0.00      0.00      0.00
11:12:04 PM      0.00      0.00      0.20      0.00     15.00      0.00      0.00      0.00      0.00      0.00
11:12:09 PM      0.00    612.38      0.00      0.00    564.07      0.00      0.00    153.89      0.00      0.00
11:12:14 PM      0.00      0.00      0.00      0.00     14.00      0.00      0.00      0.00      0.00      0.00
11:12:19 PM      0.00    339.20      0.00      0.00     84.80      0.00      0.00     77.20      0.00      0.00
11:12:24 PM      0.00     98.40      0.40      0.00    153.80      0.00      0.00      0.00      0.00      0.00
11:12:29 PM      0.00      4.80      0.00      0.00     12.80      0.00      0.00      0.00      0.00      0.00
11:12:34 PM      0.00      0.00      0.00      0.00     13.80      0.00      0.00      0.00      0.00      0.00
11:12:39 PM      0.00      0.00      0.00      0.00      9.60      0.00      0.00      0.00      0.00      0.00
11:12:44 PM  11544.00      0.00   2886.00   2886.00     15.60      0.00      0.00      0.00      0.00      0.00
11:12:49 PM      0.80      0.00      0.20      0.20      7.80      0.00      0.00      0.00      0.00      0.00
11:12:54 PM     84.80     38.40      0.60      0.60    751.40      0.00      0.00      0.00      0.00      0.00
11:12:59 PM      0.00    111.20      0.00      0.00     18.20      0.00      0.00      0.00      0.00      0.00
11:13:04 PM      0.00      5.60      0.00      0.00     17.60      0.00      0.00      0.00      0.00      0.00
11:13:09 PM    177.60      0.00     12.00      1.20     17.60      0.00      0.00      0.00      0.00      0.00
11:13:14 PM      0.00      0.00      0.00      0.00     13.00      0.00      0.00      0.00      0.00      0.00
11:13:19 PM      0.00      0.00      0.00      0.00      8.60      0.00      0.00      0.00      0.00      0.00
11:13:24 PM      0.00    954.40      0.00      0.00    674.20      0.00      0.00    239.40      0.00      0.00
11:13:29 PM      0.00    115.20      6.20      0.00    116.60      0.00      0.00      0.00      0.00      0.00
11:13:34 PM      0.00    772.00      0.00      0.00    284.60      0.00      0.00    161.00      0.00      0.00
11:13:39 PM      0.00     18.40      0.00      0.00     14.40      0.00      0.00      0.00      0.00      0.00
11:13:44 PM      0.00      0.00      0.00      0.00     20.20      0.00      0.00      0.00      0.00      0.00
11:13:49 PM      0.00      0.00      0.00      0.00     13.00      0.00      0.00      0.00      0.00      0.00
11:13:54 PM      0.00      0.00      0.20      0.00     17.20      0.00      0.00      0.00      0.00      0.00
11:13:59 PM      0.00     38.40      0.00      0.00     62.80      0.00      0.00      0.00      0.00      0.00
11:14:04 PM      0.00      0.00      0.00      0.00     18.80      0.00      0.00      0.00      0.00      0.00
11:14:09 PM      0.00    124.00      0.00      0.00     18.40      0.00      0.00      0.00      0.00      0.00
11:14:14 PM      0.80      4.00      0.20      0.20     17.20      0.00      0.00      0.00      0.00      0.00
11:14:19 PM 114515.20  90029.60  28637.00  28629.00  25371.00  34735.60   5269.80  23192.60      0.00      0.00
11:14:24 PM 132920.80 125340.00  40427.20  40362.80  44837.80 118026.20   8214.80  38669.40      0.00      0.00
11:14:29 PM    778.40      0.00     69.80     68.80     42.40      0.00      0.00      0.00      0.00      0.00
11:14:34 PM     64.80      0.00      2.60      2.20     11.40      0.00      0.00      0.00      0.00      0.00
11:14:39 PM    186.40     32.00      0.20      0.20     17.00      0.00      0.00      0.00      0.00      0.00
11:14:44 PM   1552.00  29163.20   9186.60      2.40  10908.20  29461.80    490.00  10577.80      0.00      0.00
11:14:49 PM   2896.80  17004.00    176.20    157.00   4296.00   5194.40      0.00   4261.80      0.00      0.00
11:14:54 PM      0.00      0.00      0.00      0.00      8.80      0.00      0.00      0.00      0.00      0.00
11:14:59 PM      4.80      0.00      1.40      1.20  12400.00      0.00      0.00      0.00      0.00      0.00
11:15:04 PM      0.00      0.00      0.00      0.00     14.40      0.00      0.00      0.00      0.00      0.00
11:15:09 PM      0.00      0.00      0.00      0.00     20.40      0.00      0.00      0.00      0.00      0.00
11:15:14 PM  44908.00     38.40  11212.20  11202.40    147.80      0.00      0.00      0.00      0.00      0.00
11:15:19 PM      0.00    111.20      0.00      0.00     17.80      0.00      0.00      0.00      0.00      0.00
11:15:24 PM      0.00      4.80      0.00      0.00     14.40      0.00      0.00      0.00      0.00      0.00
11:15:29 PM      2.40      0.00      0.60      0.60     15.60      0.00      0.00      0.00      0.00      0.00
11:15:34 PM      0.00      0.00      0.20      0.00     15.80      0.00      0.00      0.00      0.00      0.00
11:15:39 PM      0.00      0.00      0.00      0.00     15.60      0.00      0.00      0.00      0.00      0.00
11:15:44 PM      0.80      0.00      0.20      0.20     11.00      0.00      0.00      0.00      0.00      0.00
11:15:49 PM  73788.00  30957.60  18354.40  18354.40  17001.40  77918.80      0.00  16762.60      0.00      0.00
11:15:54 PM  57181.60   5719.20  14039.80  14035.00  13926.00  23038.00      0.00  13552.80      0.00      0.00
11:15:59 PM   1894.40      4.80      2.20      6.60    885.00      0.00      0.00      0.00      0.00      0.00
11:16:04 PM    492.80      0.00     86.20     86.20     24.20      0.00      0.00      0.00      0.00      0.00
11:16:09 PM      0.00     61.60      0.00      0.00   1033.20      0.00      0.00     38.60      0.00      0.00
11:16:14 PM      1.60      0.00      0.40      0.40     12.80      0.00      0.00      0.00      0.00      0.00
11:16:19 PM   4395.20    128.80    315.40     28.80   1011.40      0.00      0.00     74.00      0.00      0.00
11:16:24 PM      0.00     51.20      0.00      0.00     12.80      0.00      0.00      0.00      0.00      0.00
11:16:29 PM     16.80    130.40      0.20      0.20     17.80      0.00      0.00      0.00      0.00      0.00
11:16:34 PM    132.00      4.00      0.20      0.20     15.00      0.00      0.00      0.00      0.00      0.00
11:16:39 PM    408.00      0.00      2.40      0.20   1172.40      0.00      0.00      0.00      0.00      0.00
11:16:44 PM      0.00      0.00      0.00      0.00     15.80      0.00      0.00      0.00      0.00      0.00
11:16:49 PM    868.80      0.00     16.60      2.60     14.80      0.00      0.00      0.00      0.00      0.00
11:16:54 PM      5.60      0.00      2.20      2.00      9.60      0.00      0.00      0.00      0.00      0.00
11:16:59 PM      0.80     32.00      0.20      0.20     14.00      0.00      0.00      0.00      0.00      0.00
11:17:04 PM      0.00    104.80      0.00      0.00     15.00      0.00      0.00      0.00      0.00      0.00
11:17:09 PM      0.00      6.40      0.00      0.00     15.60      0.00      0.00      0.00      0.00      0.00
11:17:14 PM      0.00      0.00      1.60      1.60     23.40      0.00      0.00      0.00      0.00      0.00
11:17:19 PM      0.00    141.60      0.00      0.00    197.80      0.00      0.00     78.60      0.00      0.00
11:17:24 PM      0.00      0.00      0.00      0.00     12.80      0.00      0.00      0.00      0.00      0.00
11:17:29 PM      0.00     41.60      0.20      0.00     72.80      0.00      0.00     53.40      0.00      0.00
11:17:34 PM      0.00     38.40      0.00      0.00     13.60      0.00      0.00      0.00      0.00      0.00
11:17:39 PM      0.00    111.20      0.00      0.00     17.80      0.00      0.00      0.00      0.00      0.00
11:17:44 PM      0.00      4.00      0.00      0.00   1144.40      0.00      0.00      0.00      0.00      0.00
11:17:49 PM      0.00      0.00      0.00      0.00     15.20      0.00      0.00      0.00      0.00      0.00
11:17:54 PM    431.20      0.00      8.20      3.80     16.40      0.00      0.00      0.00      0.00      0.00
11:17:59 PM    136.00      0.00      7.00      5.60     18.80      0.00      0.00      0.00      0.00      0.00
11:18:04 PM    466.27      0.00      2.79      1.60      9.78      0.00      0.00      0.00      0.00      0.00
11:18:09 PM   1632.80     51.20     20.60      6.00     18.00      0.00      0.00      0.00      0.00      0.00
11:18:14 PM      1.60    130.40      0.40      0.40     17.40      0.00      0.00      0.00      0.00      0.00
11:18:19 PM      0.00      4.00      0.00      0.00    119.00      0.00      0.00      0.00      0.00      0.00
11:18:24 PM      0.00      0.00      0.00      0.00     14.00      0.00      0.00      0.00      0.00      0.00
11:18:29 PM     19.20     40.00      1.20      0.80     15.40      0.00      0.00      0.00      0.00      0.00
11:18:34 PM      0.00     78.40      0.00      0.00    370.80      0.00      0.00     50.40      0.00      0.00
11:18:39 PM    722.40     70.40      0.80      0.60     63.40      0.00      0.00      0.00      0.00      0.00
11:18:44 PM      0.00    180.80      0.00      0.00     53.00      0.00      0.00     40.80      0.00      0.00
11:18:49 PM      1.60      0.00      0.40      0.40      8.40      0.00      0.00      0.00      0.00      0.00
11:18:54 PM     26.40      4.80      6.80      6.60     16.40      0.00      0.00      0.00      0.00      0.00
11:18:59 PM    127.20      0.00     31.80     31.80     11.80      0.00      0.00      0.00      0.00      0.00
11:19:04 PM     30.40      0.00      7.60      7.60     14.00      0.00      0.00      0.00      0.00      0.00
11:19:09 PM    140.00      0.00     35.00     35.00      9.40      0.00      0.00      0.00      0.00      0.00
11:19:14 PM    891.20     32.00    223.00    222.80     17.40      0.00      0.00      0.00      0.00      0.00
11:19:19 PM    151.20      0.00     37.80     37.80      6.80      0.00      0.00      0.00      0.00      0.00
11:19:24 PM      0.00     98.40      0.00      0.00    154.60      0.00      0.00      0.00      0.00      0.00
11:19:29 PM      8.80      4.00      1.40      1.40     19.80      0.00      0.00      0.00      0.00      0.00
11:19:34 PM      0.00      0.00      0.00      0.00     15.40      0.00      0.00      0.00      0.00      0.00
11:19:39 PM      0.00      0.00      0.00      0.00     12.00      0.00      0.00      0.00      0.00      0.00
11:19:44 PM      0.00      0.00      0.00      0.00     16.20      0.00      0.00      0.00      0.00      0.00
11:19:49 PM      0.00      6.40      0.00      0.00     57.40      0.00      0.00     48.00      0.00      0.00
11:19:54 PM      0.00     38.40      0.20      0.00     16.60      0.00      0.00      0.00      0.00      0.00
11:19:59 PM      0.00    111.20      0.00      0.00    175.00      0.00      0.00     46.20      0.00      0.00
11:20:04 PM      0.00      4.80      0.00      0.00     15.40      0.00      0.00      0.00      0.00      0.00
11:20:09 PM    177.60   5513.60  12292.80     42.80  12916.60  33459.20    499.60  12904.60      0.00      0.00
11:20:14 PM    215.20   5044.00   8896.20   8895.60   8456.00  27010.40      0.00   8437.60      0.00      0.00
11:20:19 PM    477.60    722.40    403.40    403.40    687.00   3837.40      0.00    678.20      0.00      0.00
11:20:24 PM      0.00      0.00      0.00      0.00  12396.20      0.00      0.00      0.00      0.00      0.00
11:20:29 PM      1.60     32.00      0.40      0.40     14.20      0.00      0.00      0.00      0.00      0.00
11:20:34 PM      0.00     98.40      0.00      0.00     15.60      0.00      0.00      0.00      0.00      0.00
11:20:39 PM     17.60      5.60      0.20      0.20     11.00      0.00      0.00      0.00      0.00      0.00
11:20:44 PM      0.80      0.00      0.20      0.20     14.80      0.00      0.00      0.00      0.00      0.00
11:20:49 PM    269.60      0.00      5.20      2.80      9.20      0.00      0.00      0.00      0.00      0.00
11:20:54 PM      0.00      0.00      0.00      0.00     13.00      0.00      0.00      0.00      0.00      0.00
11:20:59 PM    112.00      0.00      0.20     28.00   1244.40      0.00      0.00      0.00      0.00      0.00
11:21:04 PM      0.00     38.40      0.20      0.00     13.00      0.00      0.00      0.00      0.00      0.00
11:21:09 PM      0.00    111.20      0.00      0.00      9.60      0.00      0.00      0.00      0.00      0.00
11:21:14 PM    104.80      4.00      0.00     26.20    627.60      0.00      0.00      0.00      0.00      0.00
11:21:19 PM      0.00      0.00      0.00      0.00      6.40      0.00      0.00      0.00      0.00      0.00
11:21:24 PM     64.80      0.00    282.60     16.20    633.20      0.00      0.00      0.00      0.00      0.00
11:21:29 PM      0.00      0.00      0.00      0.00     12.80      0.00      0.00      0.00      0.00      0.00
11:21:34 PM      0.00      0.00      0.00      0.00     17.80      0.00      0.00      0.00      0.00      0.00
11:21:39 PM      0.00     32.00      0.00      0.00     12.60      0.00      0.00      0.00      0.00      0.00
11:21:44 PM      0.00     98.40      0.40      0.00     15.60      0.00      0.00      0.00      0.00      0.00
11:21:49 PM      0.00      4.80      0.00      0.00      8.40      0.00      0.00      0.00      0.00      0.00
11:21:54 PM      0.00      0.00      0.00      0.00     16.40      0.00      0.00      0.00      0.00      0.00
11:21:59 PM      0.00      0.00      0.00      0.00     12.60      0.00      0.00      0.00      0.00      0.00
11:22:04 PM      0.00      0.00      0.00      0.00     18.20      0.00      0.00      0.00      0.00      0.00
11:22:09 PM      0.00      0.00      0.00      0.00     12.60      0.00      0.00      0.00      0.00      0.00
11:22:14 PM      0.00     38.40      0.00      0.00     16.40      0.00      0.00      0.00      0.00      0.00
11:22:19 PM  10128.80    111.20   2532.40   2532.20    260.60      0.00      0.00      0.00      0.00      0.00
11:22:24 PM      0.00      5.60      0.00      0.00     10.80      0.00      0.00      0.00      0.00      0.00
11:22:29 PM      0.00      0.00      0.00      0.00     15.00      0.00      0.00      0.00      0.00      0.00
11:22:34 PM      0.00      0.00      0.00      0.00     13.40      0.00      0.00      0.00      0.00      0.00
11:22:39 PM      0.00      0.00      0.00      0.00     15.80      0.00      0.00      0.00      0.00      0.00
11:22:44 PM      0.00      0.00      0.00      0.00     13.20      0.00      0.00      0.00      0.00      0.00
11:22:49 PM      2.40     32.00      1.00      0.80     11.00      0.00      0.00      0.00      0.00      0.00
11:22:54 PM      2.40     98.40      0.60      0.60     13.20      0.00      0.00      0.00      0.00      0.00
11:22:59 PM      2.40      4.00      0.40      0.40     15.20      0.00      0.00      0.00      0.00      0.00
11:23:04 PM      0.00      0.00      0.00      0.00     12.40      0.00      0.00      0.00      0.00      0.00
11:23:09 PM    172.00      0.00      7.60      0.20     18.80      0.00      0.00      0.00      0.00      0.00
11:23:14 PM      0.00      0.00      0.00      0.00    216.40      0.00      0.00      0.00      0.00      0.00
11:23:19 PM      0.00      0.00      0.00      0.00     13.20      0.00      0.00      0.00      0.00      0.00
11:23:24 PM      0.00     70.40      1.80      0.00     11.40      0.00      0.00      0.00      0.00      0.00
11:23:29 PM      0.00    182.40      6.40      0.00     15.80      0.00      0.00      0.00      0.00      0.00
11:23:34 PM      0.00      4.00      0.00      0.00      9.60      0.00      0.00      0.00      0.00      0.00
11:23:39 PM      0.00     19.20      0.00      0.00    118.20      0.00      0.00      0.00      0.00      0.00
11:23:44 PM      0.00      0.00      0.00      0.00     11.00      0.00      0.00      0.00      0.00      0.00
11:23:49 PM      0.00      0.00      0.00      0.00     13.00      0.00      0.00      0.00      0.00      0.00
11:23:54 PM      0.00      0.00      0.00      0.00      8.60      0.00      0.00      0.00      0.00      0.00
11:23:59 PM      0.00     32.00      0.00      0.00     15.60      0.00      0.00      0.00      0.00      0.00
11:24:04 PM      0.00    117.60      0.00      0.00      9.40      0.00      0.00      0.00      0.00      0.00
11:24:09 PM      0.00      5.60      0.00      0.00     11.60      0.00      0.00      0.00      0.00      0.00
11:24:14 PM      0.00      0.00      0.00      0.00    114.20      0.00      0.00      0.00      0.00      0.00
11:24:19 PM      0.00      0.00      0.00      0.00     13.00      0.00      0.00      0.00      0.00      0.00
11:24:24 PM   2843.20  20231.20  45610.60  45610.00  39952.60 156160.60  24767.40  39735.40      0.00      0.00
11:24:29 PM   1868.00   9784.80  13826.00  13680.60  13419.80  16099.20      0.00  13392.20      0.00      0.00
11:24:34 PM      0.80      0.00      0.00      0.00     11.18      0.00      0.00      0.00      0.00      0.00
11:24:39 PM      0.00    111.20      0.60      0.00     15.40      0.00      0.00      0.00      0.00      0.00
11:24:44 PM    144.00      0.00      0.20      0.20     11.20      0.00      0.00      0.00      0.00      0.00
11:24:49 PM     24.80      0.00     16.80      6.00     12.00      0.00      0.00      0.00      0.00      0.00
11:24:54 PM      0.00      0.00      0.00      0.00     11.20      0.00      0.00      0.00      0.00      0.00
11:24:59 PM      0.80      0.00      0.40      0.20     15.40      0.00      0.00      0.00      0.00      0.00
11:25:04 PM      0.00      4.80      0.00      0.00     11.20      0.00      0.00      0.00      0.00      0.00
11:25:09 PM      0.00      0.00      0.00      0.00     17.00      0.00      0.00      0.00      0.00      0.00
11:25:14 PM      0.00      0.00      0.00      0.00     12.60      0.00      0.00      0.00      0.00      0.00
11:25:19 PM  30412.00   2919.20  18673.20  18642.60  16011.40  46265.20   2204.00  15887.20      0.00      0.00
11:25:24 PM   9855.20  83660.00  29810.00  29787.60  30548.80  50933.00   7592.60  29978.00      0.00      0.00
11:25:29 PM    288.00  15836.00     11.40     21.80   4603.20   5723.00      0.00   4278.80      0.00      0.00
11:25:34 PM    239.20  24524.00  10869.40     61.00  11884.00  43631.40   8742.40  11672.40      0.00      0.00
11:25:39 PM    440.00      4.00      4.20      3.60     16.00      0.00      0.00      0.00      0.00      0.00
11:25:44 PM      5.60      0.00      1.60      1.40      9.40      0.00      0.00      0.00      0.00      0.00
11:25:49 PM      0.00      0.00      0.00      0.00  12391.00      0.00      0.00      0.00      0.00      0.00
11:25:54 PM      0.80      0.00      0.20      0.20     10.40      0.00      0.00      0.00      0.00      0.00
11:25:59 PM      2.40      0.00      0.80      0.60     15.40      0.00      0.00      0.00      0.00      0.00
11:26:04 PM      0.00     32.00      0.00      0.00     11.20      0.00      0.00      0.00      0.00      0.00
11:26:09 PM      0.00     98.40      0.00      0.00    955.40      0.00      0.00      0.00      0.00      0.00
11:26:14 PM      0.00      4.00      0.00      0.00     12.80      0.00      0.00      0.00      0.00      0.00
11:26:19 PM      0.00      0.00      0.00      0.00     10.40      0.00      0.00      0.00      0.00      0.00
11:26:24 PM   1167.20      0.00    296.60     13.20    295.80      0.00      0.00      0.00      0.00      0.00
11:26:29 PM     14.40      0.00      3.60      3.60     12.20      0.00      0.00      0.00      0.00      0.00
11:26:34 PM    543.20      0.00      0.20      0.20      9.40      0.00      0.00      0.00      0.00      0.00
11:26:39 PM      0.00     38.40      0.00      0.00     12.20      0.00      0.00      0.00      0.00      0.00
11:26:44 PM      0.80    111.20      0.20      0.20     12.80      0.00      0.00      0.00      0.00      0.00
11:26:49 PM   1284.00      4.00    127.20    121.80     24.80      0.00      0.00      0.00      0.00      0.00
11:26:54 PM      0.00      0.00      0.20      0.00     14.00      0.00      0.00      0.00      0.00      0.00
11:26:59 PM      0.80      0.00      0.40      0.20     11.20      0.00      0.00      0.00      0.00      0.00
11:27:04 PM      0.00      0.00      0.00      0.00     16.20      0.00      0.00      0.00      0.00      0.00
11:27:09 PM      0.00      0.00      0.00      0.00     12.80      0.00      0.00      0.00      0.00      0.00
11:27:14 PM      1.60     32.00      0.60      0.40     17.80      0.00      0.00      0.00      0.00      0.00
11:27:19 PM      0.00     98.40      0.00      0.00     12.40      0.00      0.00      0.00      0.00      0.00
11:27:24 PM      0.00      4.80      0.40      0.00     22.40      0.00      0.00      0.00      0.00      0.00
11:27:29 PM      0.80      0.00      0.40      0.40     17.20      0.00      0.00      0.00      0.00      0.00
11:27:34 PM      0.00      0.00      0.00      0.00     18.00      0.00      0.00      0.00      0.00      0.00
11:27:39 PM      0.00      0.00      0.00      0.00     11.00      0.00      0.00      0.00      0.00      0.00
11:27:44 PM      0.80      0.00      0.20      0.20     14.00      0.00      0.00      0.00      0.00      0.00
11:27:49 PM      0.00     38.40      0.00      0.00      6.00      0.00      0.00      0.00      0.00      0.00
11:27:54 PM    626.40    111.20     10.00      7.40     18.60      0.00      0.00      0.00      0.00      0.00
11:27:59 PM      2.40      6.40      0.80      0.60     13.20      0.00      0.00      0.00      0.00      0.00
11:28:04 PM    556.80      0.00      6.40      5.20     17.40      0.00      0.00      0.00      0.00      0.00
11:28:09 PM    705.60      0.00     33.60     16.00     17.40      0.00      0.00      0.00      0.00      0.00
11:28:14 PM      4.00      0.00      2.60      2.60     18.20      0.00      0.00      0.00      0.00      0.00
11:28:19 PM      0.00      0.00      0.20      0.00     13.60      0.00      0.00      0.00      0.00      0.00
11:28:24 PM  20167.20     64.00   5087.00   5041.80     24.20      0.00      0.00      0.00      0.00      0.00
11:28:29 PM     35.20    178.40      7.20      0.80     16.40      0.00      0.00      0.00      0.00      0.00
11:28:34 PM      0.00      4.00      0.00      0.00     16.20      0.00      0.00      0.00      0.00      0.00
11:28:39 PM     80.80     22.40      0.20      0.20     11.60      0.00      0.00      0.00      0.00      0.00
11:28:44 PM      0.80      0.00      0.20      0.20    120.20      0.00      0.00      0.00      0.00      0.00
11:28:49 PM      4.00      0.00      2.60      2.60      7.80      0.00      0.00      0.00      0.00      0.00
11:28:54 PM      0.00      0.00      0.00      0.00     14.00      0.00      0.00      0.00      0.00      0.00
11:28:59 PM      0.00     38.40      0.00      0.00     12.60      0.00      0.00      0.00      0.00      0.00
11:29:04 PM      0.00    124.00      0.00      0.00     18.80      0.00      0.00      0.00      0.00      0.00
11:29:09 PM      0.00      4.80      0.00      0.00     15.00      0.00      0.00      0.00      0.00      0.00
11:29:14 PM      0.80      0.00      0.20      0.20     19.60      0.00      0.00      0.00      0.00      0.00
11:29:19 PM      0.00      0.00      0.00      0.00      8.40      0.00      0.00      0.00      0.00      0.00
11:29:24 PM      0.00      0.00      0.00      0.00     19.40      0.00      0.00      0.00      0.00      0.00
11:29:29 PM    100.80     32.00      0.80      0.80     20.20      0.00      0.00      0.00      0.00      0.00
11:29:34 PM      0.00      0.00      0.00      0.00     17.00      0.00      0.00      0.00      0.00      0.00
11:29:39 PM      0.00     98.40      0.00      0.00     12.80      0.00      0.00      0.00      0.00      0.00
11:29:44 PM      0.00      4.00      0.00      0.00     17.80      0.00      0.00      0.00      0.00      0.00
11:29:49 PM      0.00      0.00      0.00      0.00     10.20      0.00      0.00      0.00      0.00      0.00
11:29:54 PM      0.00      0.00      0.00      0.00     20.20      0.00      0.00      0.00      0.00      0.00
11:29:59 PM      0.00      0.00      0.00      0.00     14.40      0.00      0.00      0.00      0.00      0.00
11:30:04 PM      0.00      0.00      0.00      0.00     21.80      0.00      0.00      0.00      0.00      0.00
11:30:09 PM      0.00     38.40      0.20      0.00     14.20      0.00      0.00      0.00      0.00      0.00
11:30:14 PM      0.00    111.20      0.00      0.00     19.60      0.00      0.00      0.00      0.00      0.00
11:30:19 PM      9.60      4.80   5686.40   5677.40     19.60      0.00      0.00      0.00      0.00      0.00
11:30:24 PM      0.00      0.00    707.40    406.60     20.00      0.00      0.00      0.00      0.00      0.00
11:30:29 PM     26.40      0.00      1.40      0.60     15.80      0.00      0.00      0.00      0.00      0.00
11:30:34 PM      0.80      0.00      1.00      1.00     22.00      0.00      0.00      0.00      0.00      0.00
11:30:39 PM      0.00      0.00      0.00      0.00     16.00      0.00      0.00      0.00      0.00      0.00
11:30:44 PM      0.80     32.00      0.20      0.20     19.60      0.00      0.00      0.00      0.00      0.00
11:30:49 PM      9.60    117.60      2.20      2.20      6.00      0.00      0.00      0.00      0.00      0.00
11:30:54 PM      0.00      4.80      0.00      0.00     15.40      0.00      0.00      0.00      0.00      0.00
11:30:59 PM    204.80  57508.00  10451.40     41.00  16404.40  28073.20      0.00  15870.40      0.00      0.00
11:31:04 PM     14.40      0.00      0.20      0.20     17.00      0.00      0.00      0.00      0.00      0.00
11:31:09 PM      0.00      0.00      0.00      0.00     11.60      0.00      0.00      0.00      0.00      0.00
11:31:14 PM      4.80      0.00      0.20      0.20  12400.00      0.00      0.00      0.00      0.00      0.00
11:31:19 PM      0.00     38.40      0.00      0.00      9.40      0.00      0.00      0.00      0.00      0.00
11:31:24 PM    735.20    117.60   1394.00   1106.80    276.80      0.00      0.00      0.00      0.00      0.00
11:31:29 PM      0.80      5.60      0.20      0.20     18.20      0.00      0.00      0.00      0.00      0.00
11:31:34 PM      0.00      0.00      0.00      0.00     14.40      0.00      0.00      0.00      0.00      0.00
11:31:39 PM      0.00      0.00      0.00      0.00     16.20      0.00      0.00      0.00      0.00      0.00
11:31:44 PM      0.80      0.00      0.20      0.20     11.18      0.00      0.00      0.00      0.00      0.00
11:31:49 PM      0.80      0.00      0.20      0.20     12.80      0.00      0.00      0.00      0.00      0.00
11:31:54 PM      0.00     32.00      0.00      0.00     10.40      0.00      0.00      0.00      0.00      0.00
11:31:59 PM      0.00    104.80      0.00      0.00     13.00      0.00      0.00      0.00      0.00      0.00
11:32:04 PM      0.00      4.00      0.00      0.00     10.40      0.00      0.00      0.00      0.00      0.00
11:32:09 PM      0.00      0.00      0.00      0.00     13.00      0.00      0.00      0.00      0.00      0.00
11:32:14 PM      0.80      0.00      0.20      0.20     13.40      0.00      0.00      0.00      0.00      0.00
11:32:19 PM      0.00      0.00      0.00      0.00     12.20      0.00      0.00      0.00      0.00      0.00
11:32:24 PM      0.00      0.00      0.00      0.00     11.80      0.00      0.00      0.00      0.00      0.00
11:32:29 PM      0.80     38.40      0.20      0.20     17.20      0.00      0.00      0.00      0.00      0.00
11:32:34 PM      0.00    117.60      0.00      0.00     11.20      0.00      0.00      0.00      0.00      0.00
11:32:39 PM      0.00      4.80      0.20      0.00     17.20      0.00      0.00      0.00      0.00      0.00
11:32:44 PM      0.80      0.00      0.20      0.20     12.60      0.00      0.00      0.00      0.00      0.00
11:32:49 PM    533.60      0.00      3.80      3.20     13.80      0.00      0.00      0.00      0.00      0.00
11:32:54 PM      2.40      0.00      0.80      0.60     11.40      0.00      0.00      0.00      0.00      0.00
11:32:59 PM      1.60      0.00      0.40      0.40     16.80      0.00      0.00      0.00      0.00      0.00
11:33:04 PM      0.80     32.00      0.40      0.20     13.40      0.00      0.00      0.00      0.00      0.00
11:33:09 PM      2.40    143.20      7.60      0.60     13.40      0.00      0.00      0.00      0.00      0.00
11:33:14 PM      0.00      4.00      0.00      0.00     11.60      0.00      0.00      0.00      0.00      0.00
11:33:19 PM      0.00      0.00      0.00      0.00     12.40      0.00      0.00      0.00      0.00      0.00
11:33:24 PM      0.00      0.00      0.00      0.00     12.80      0.00      0.00      0.00      0.00      0.00
11:33:29 PM    242.40     39.20      7.00      0.40     19.00      0.00      0.00      0.00      0.00      0.00
11:33:34 PM      0.00      0.00      0.00      0.00     13.00      0.00      0.00      0.00      0.00      0.00
11:33:39 PM      0.00     96.00      0.00      0.00     15.00      0.00      0.00      0.00      0.00      0.00
11:33:44 PM      0.00    143.20      0.00      0.00     11.00      0.00      0.00      0.00      0.00      0.00
11:33:49 PM      0.00      4.80      0.20      0.00     13.80      0.00      0.00      0.00      0.00      0.00
11:33:54 PM      0.00      0.00      0.00      0.00     11.00      0.00      0.00      0.00      0.00      0.00
11:33:59 PM      0.00      0.00      0.00      0.00     14.80      0.00      0.00      0.00      0.00      0.00
11:34:04 PM      0.00      0.00      0.00      0.00     12.60      0.00      0.00      0.00      0.00      0.00
11:34:09 PM      0.00      0.00      0.00      0.00     14.80      0.00      0.00      0.00      0.00      0.00
11:34:14 PM      0.00     32.00      0.20      0.00      9.40      0.00      0.00      0.00      0.00      0.00
11:34:19 PM      0.00    104.80      0.00      0.00      9.00      0.00      0.00      0.00      0.00      0.00
11:34:24 PM      0.00      4.00      0.00      0.00      9.40      0.00      0.00      0.00      0.00      0.00
11:34:29 PM 121032.00  38012.80  30243.80  30050.60  12500.20  58472.60  30014.00  12426.20      0.00      0.00
11:34:34 PM 122179.20 145008.00  29793.20  29362.60  37898.60  91114.00  42042.60  36258.60      0.00      0.00
11:34:39 PM     74.40      0.00      4.60      3.60    628.40      0.00      0.00      0.00      0.00      0.00
11:34:44 PM    267.20      0.00      8.00      3.00     10.40      0.00      0.00      0.00      0.00      0.00
11:34:49 PM    693.60      0.00     65.60     48.40    631.80      0.00      0.00      0.00      0.00      0.00
11:34:54 PM     16.00    117.60      0.00      0.00     12.80      0.00      0.00      0.00      0.00      0.00
11:34:59 PM      2.40      0.00      0.80      0.60    749.20      0.00      0.00      0.00      0.00      0.00
11:35:04 PM      0.00      0.00      0.00      0.00     13.40      0.00      0.00      0.00      0.00      0.00
11:35:09 PM      0.00      6.40      0.00      0.00   1105.60      0.00      0.00      0.00      0.00      0.00
11:35:14 PM      2.40      0.00      0.60      0.60     15.80      0.00      0.00      0.00      0.00      0.00
11:35:19 PM      0.00      0.00      0.00      0.00   1151.20      0.00      0.00      0.00      0.00      0.00
11:35:24 PM  63896.80  54210.40  16174.20  15976.60  15308.80  19456.20    438.00  13557.00      0.00      0.00
11:35:29 PM    176.00      0.00      0.80      0.80     14.60      0.00      0.00      0.00      0.00      0.00
11:35:34 PM      0.00      0.00      0.00      0.00    728.80      0.00      0.00      0.00      0.00      0.00
11:35:39 PM      6.40    136.80      0.20      0.20     12.80      0.00      0.00      0.00      0.00      0.00
11:35:44 PM      0.00  11688.00      0.00      0.00   3653.20  13962.40      0.00   2921.60      0.00      0.00
11:35:49 PM      1.60      0.00      0.20      0.20      8.40      0.00      0.00      0.00      0.00      0.00
11:35:54 PM      0.80      0.00      0.60      0.60   1998.20      0.00      0.00      0.00      0.00      0.00
11:35:59 PM      0.80      0.00      1.00      1.00     15.80      0.00      0.00      0.00      0.00      0.00
11:36:04 PM      0.00      0.00      0.00      0.00    225.20      0.00      0.00      0.00      0.00      0.00
11:36:09 PM      0.00     32.00      0.40      0.20     15.80      0.00      0.00      0.00      0.00      0.00
11:36:14 PM      0.00    124.00      0.00      0.00   1079.20      0.00      0.00      0.00      0.00      0.00
11:36:19 PM    187.20      4.00      0.20      0.20     12.40      0.00      0.00      0.00      0.00      0.00
11:36:24 PM   2047.20  42364.80  11314.20      9.00  13954.40  15013.20   6022.20  10591.60      0.00      0.00
11:36:29 PM      0.00      0.00      0.00      0.00     12.60      0.00      0.00      0.00      0.00      0.00
11:36:34 PM     68.80      0.00      0.40      0.20  12907.00      0.00      0.00      0.00      0.00      0.00
11:36:39 PM      0.00      0.00      0.00      0.00     12.20      0.00      0.00      0.00      0.00      0.00
11:36:44 PM      0.00     38.40      0.00      0.00   2368.40      0.00      0.00      0.00      0.00      0.00
11:36:49 PM      1.60     98.40      2.60      2.60      7.80      0.00      0.00      0.00      0.00      0.00
11:36:54 PM      4.00      4.80      0.00      1.00   1323.80      0.00      0.00      0.00      0.00      0.00
11:36:59 PM      0.80      0.00      0.60      0.20     12.80      0.00      0.00      0.00      0.00      0.00
11:37:04 PM      0.00      0.00      0.00      0.00   1694.60      0.00      0.00      0.00      0.00      0.00
11:37:09 PM      0.00      0.00      0.00      0.00     13.60      0.00      0.00      0.00      0.00      0.00
11:37:14 PM      0.00      0.00      0.20      0.00   1746.20      0.00      0.00      0.00      0.00      0.00
11:37:19 PM      0.00     31.94      0.20      0.00      5.99      0.00      0.00      0.00      0.00      0.00
11:37:24 PM 193064.80 139441.60  47666.60  47665.80  40274.00  73959.60  16490.20  37697.80      0.00      0.00
11:37:29 PM  37084.80  60312.00  11912.40  11894.60  17550.40  26512.80   5593.20  16329.20      0.00      0.00
11:37:34 PM   1397.60      0.00    349.40    348.60     17.80      0.00      0.00      0.00      0.00      0.00
11:37:39 PM    300.80      0.00     75.40     75.20     16.00      0.00      0.00      0.00      0.00      0.00
11:37:44 PM   1963.20      0.00    449.20    448.40     61.60      0.00      0.00      0.00      0.00      0.00
11:37:49 PM      0.00      0.00      0.80      0.00      9.20      0.00      0.00      0.00      0.00      0.00
11:37:54 PM    878.40      0.00     27.20     15.60     21.80      0.00      0.00      0.00      0.00      0.00
11:37:59 PM      6.40     98.40      5.80      4.60     12.60      0.00      0.00      0.00      0.00      0.00
11:38:04 PM    494.40      4.80      3.80      3.00     16.00      0.00      0.00      0.00      0.00      0.00
11:38:09 PM    500.80      0.00     32.80     17.60     17.00      0.00      0.00      0.00      0.00      0.00
11:38:14 PM    135.20      0.00      0.20      0.20     17.40      0.00      0.00      0.00      0.00      0.00
11:38:19 PM      2.40      0.00      0.80      0.80     10.60      0.00      0.00      0.00      0.00      0.00
11:38:24 PM      0.80      0.00      0.20      0.20     20.20      0.00      0.00      0.00      0.00      0.00
11:38:29 PM     84.80     40.80     18.80     18.60     15.60      0.00      0.00      0.00      0.00      0.00
11:38:34 PM      0.00    213.60      1.60      1.60     16.20      0.00      0.00      0.00      0.00      0.00
11:38:39 PM    334.40      4.00      3.00      3.00     36.60      0.00      0.00      0.00      0.00      0.00
11:38:44 PM      0.80      0.00      0.20      0.20     20.60      0.00      0.00      0.00      0.00      0.00
11:38:49 PM     11.20      0.00      8.80      4.40     14.60      0.00      0.00      0.00      0.00      0.00
11:38:54 PM      0.00      0.00      0.00      0.00     21.20      0.00      0.00      0.00      0.00      0.00
11:38:59 PM      0.00  18326.40      0.20      0.00   5047.20   4595.20      0.00   4581.80      0.00      0.00
11:39:04 PM      0.00     38.40      0.00      0.00     15.60      0.00      0.00      0.00      0.00      0.00
11:39:09 PM      0.00     98.40      0.20      0.00     11.00      0.00      0.00      0.00      0.00      0.00
11:39:14 PM      0.00      5.60      0.00      0.00     19.60      0.00      0.00      0.00      0.00      0.00
11:39:19 PM      0.00      0.00      0.00      0.00      9.20      0.00      0.00      0.00      0.00      0.00
11:39:24 PM      0.00      0.00      0.00      0.00     17.00      0.00      0.00      0.00      0.00      0.00
11:39:29 PM     54.40      0.00      6.20      6.00     22.00      0.00      0.00      0.00      0.00      0.00
11:39:34 PM      0.00      0.00      0.00      0.00     20.20      0.00      0.00      0.00      0.00      0.00
11:39:39 PM      1.60     32.00      0.40      0.40     13.60      0.00      0.00      0.00      0.00      0.00
11:39:44 PM      0.00    124.00      0.00      0.00     18.80      0.00      0.00      0.00      0.00      0.00
11:39:49 PM      0.00      4.80      0.00      0.00      9.40      0.00      0.00      0.00      0.00      0.00
11:39:54 PM      0.00      0.00      0.00      0.00     17.00      0.00      0.00      0.00      0.00      0.00
11:39:59 PM      0.00      0.00      0.00      0.00     16.80      0.00      0.00      0.00      0.00      0.00
11:40:04 PM      0.00      0.00      0.00      0.00     18.60      0.00      0.00      0.00      0.00      0.00
11:40:09 PM      0.00      0.00      0.00      0.00     14.20      0.00      0.00      0.00      0.00      0.00
11:40:14 PM      0.00     38.40      0.00      0.00     17.40      0.00      0.00      0.00      0.00      0.00
11:40:19 PM      0.00     98.40      0.00      0.00    217.00      0.00      0.00      0.00      0.00      0.00
11:40:24 PM  18105.60  13276.00   4636.40   4526.40   4462.60   3481.20      0.00   3317.80      0.00      0.00
11:40:29 PM      2.40      0.00      0.80      0.60     18.60      0.00      0.00      0.00      0.00      0.00
11:40:34 PM      0.00      0.00      0.00      0.00     16.00      0.00      0.00      0.00      0.00      0.00
11:40:39 PM      0.00      0.00      0.00      0.00     15.40      0.00      0.00      0.00      0.00      0.00
11:40:44 PM      0.00      0.00      0.00      0.00     11.40      0.00      0.00      0.00      0.00      0.00
11:40:49 PM      0.80     32.00      0.80      0.80     11.20      0.00      0.00      0.00      0.00      0.00
11:40:54 PM      0.00    124.00      0.20      0.00     12.60      0.00      0.00      0.00      0.00      0.00
11:40:59 PM      0.80      4.00      0.20      0.20     15.60      0.00      0.00      0.00      0.00      0.00
11:41:04 PM      0.00      0.00      0.00      0.00     11.00      0.00      0.00      0.00      0.00      0.00
11:41:09 PM      0.00      0.00      0.00      0.00    119.60      0.00      0.00      0.00      0.00      0.00
11:41:14 PM      0.00      0.00      0.00      0.00     11.80      0.00      0.00      0.00      0.00      0.00
11:41:19 PM      0.00      0.00      0.00      0.00    113.80      0.00      0.00      0.00      0.00      0.00
11:41:24 PM      5.60     38.40    285.40      0.20    221.60      0.00      0.00      0.00      0.00      0.00
11:41:29 PM      0.00     98.40      0.00      0.00    118.60      0.00      0.00      0.00      0.00      0.00
11:41:34 PM      0.00      4.00      0.20      0.00     12.80      0.00      0.00      0.00      0.00      0.00
11:41:39 PM      0.00      0.00      0.00      0.00     15.40      0.00      0.00      0.00      0.00      0.00
11:41:44 PM      0.00      0.00      0.00      0.00     11.40      0.00      0.00      0.00      0.00      0.00
11:41:49 PM    762.40  74046.40   8274.40      4.20  18885.20  39061.40  12432.00  18872.20      0.00      0.00
11:41:54 PM    681.60      0.00      6.00      0.80     12.00      0.00      0.00      0.00      0.00      0.00
11:41:59 PM      0.00     51.20      0.20      0.00  12393.40      0.00      0.00      0.00      0.00      0.00
11:42:04 PM      0.00    130.40      0.00      0.00     12.80      0.00      0.00      0.00      0.00      0.00
11:42:09 PM      0.00      4.80      0.80      0.00     15.40      0.00      0.00      0.00      0.00      0.00
11:42:14 PM      0.00      0.00      0.00      0.00     11.00      0.00      0.00      0.00      0.00      0.00
11:42:19 PM      0.00      0.00      0.00      0.00     12.20      0.00      0.00      0.00      0.00      0.00
11:42:24 PM      0.00      0.00      0.00      0.00     11.00      0.00      0.00      0.00      0.00      0.00
11:42:29 PM      0.00     15.20      0.40      0.00     14.80      0.00      0.00      0.00      0.00      0.00
11:42:34 PM      0.00     38.40      0.40      0.00     11.00      0.00      0.00      0.00      0.00      0.00
11:42:39 PM      0.00    117.60      0.00      0.00     14.80      0.00      0.00      0.00      0.00      0.00
11:42:44 PM      0.00      6.40      0.40      0.00     11.00      0.00      0.00      0.00      0.00      0.00
11:42:49 PM    252.00      0.00      8.60      2.00     10.80      0.00      0.00      0.00      0.00      0.00
11:42:54 PM     12.00      0.00      2.20      0.40      9.80      0.00      0.00      0.00      0.00      0.00
11:42:59 PM      0.00      0.00      0.20      0.00     12.80      0.00      0.00      0.00      0.00      0.00
11:43:04 PM      0.80      0.00      0.20      0.20     13.20      0.00      0.00      0.00      0.00      0.00
11:43:09 PM     52.80     64.00     10.40      1.80     17.20      0.00      0.00      0.00      0.00      0.00
11:43:14 PM      0.80    156.00      0.20      0.20     13.40      0.00      0.00      0.00      0.00      0.00
11:43:19 PM      0.80      4.80      0.20      0.20     13.80      0.00      0.00      0.00      0.00      0.00
11:43:24 PM      0.00      0.00      0.00      0.00     13.00      0.00      0.00      0.00      0.00      0.00
11:43:29 PM   2668.80     39.20    693.60    667.20     48.40      0.00      0.00      0.00      0.00      0.00
11:43:34 PM      0.00      0.00      0.00      0.00     13.00      0.00      0.00      0.00      0.00      0.00
11:43:39 PM      0.00     24.75      0.00      0.00     15.97      0.00      0.00      0.00      0.00      0.00
11:43:44 PM      0.80    200.80      0.20      0.20     11.80      0.00      0.00      0.00      0.00      0.00
11:43:49 PM      0.00      0.00      0.00      0.00     10.80      0.00      0.00      0.00      0.00      0.00
11:43:54 PM   1197.60      4.00     51.20     35.80    424.00      0.00      0.00      0.00      0.00      0.00
Average:      2384.29   2490.66    896.35    717.98   1097.27   1871.41    253.88    773.65      0.00      0.00
