Linux 7.0.9-arch1-1 (archlinux) 	05/21/2026 	_x86_64_	(4 CPU)

09:43:54 PM   %sio-10   %sio-60  %sio-300      %sio   %fio-10   %fio-60  %fio-300      %fio
09:43:59 PM      0.00      0.00      0.00      0.06      0.00      0.00      0.00      0.06
09:44:04 PM      0.00      0.00      0.00      0.01      0.00      0.00      0.00      0.01
09:44:09 PM      0.00      0.00      0.00      0.02      0.00      0.00      0.00      0.02
09:44:14 PM      0.00      0.00      0.00      0.01      0.00      0.00      0.00      0.01
09:44:19 PM      0.00      0.00      0.00      0.02      0.00      0.00      0.00      0.02
09:44:24 PM      0.00      0.00      0.00      0.01      0.00      0.00      0.00      0.01
09:44:29 PM      0.00      0.00      0.00      0.03      0.00      0.00      0.00      0.03
09:44:34 PM      0.00      0.00      0.00      0.01      0.00      0.00      0.00      0.01
09:44:39 PM      0.00      0.00      0.00      0.02      0.00      0.00      0.00      0.02
09:44:44 PM      0.00      0.00      0.00      0.02      0.00      0.00      0.00      0.02
09:44:49 PM      0.00      0.00      0.00      0.01      0.00      0.00      0.00      0.01
09:44:54 PM      0.00      0.00      0.00      0.04      0.00      0.00      0.00      0.04
09:44:59 PM      0.00      0.00      0.00      0.01      0.00      0.00      0.00      0.01
09:45:04 PM      0.00      0.00      0.00      0.03      0.00      0.00      0.00      0.03
09:45:09 PM      0.00      0.00      0.00      0.02      0.00      0.00      0.00      0.02
09:45:14 PM      0.00      0.00      0.00      0.02      0.00      0.00      0.00      0.02
09:45:19 PM      0.00      0.00      0.00      0.03      0.00      0.00      0.00      0.03
09:45:24 PM      0.00      0.00      0.00      0.03      0.00      0.00      0.00      0.03
09:45:29 PM      0.00      0.00      0.00      0.01      0.00      0.00      0.00      0.01
09:45:34 PM      0.00      0.00      0.00      0.01      0.00      0.00      0.00      0.01
09:45:39 PM      0.00      0.00      0.00      0.03      0.00      0.00      0.00      0.03
09:45:44 PM      0.00      0.00      0.00      0.02      0.00      0.00      0.00      0.02
09:45:49 PM      0.00      0.00      0.00      0.02      0.00      0.00      0.00      0.02
09:45:54 PM      0.00      0.00      0.00      0.02      0.00      0.00      0.00      0.02
09:45:59 PM      0.00      0.00      0.00      0.03      0.00      0.00      0.00      0.03
09:46:04 PM      0.00      0.00      0.00      0.01      0.00      0.00      0.00      0.01
09:46:09 PM      0.00      0.00      0.00      0.03      0.00      0.00      0.00      0.03
09:46:14 PM      0.00      0.00      0.00      0.01      0.00      0.00      0.00      0.01
09:46:19 PM      0.00      0.00      0.00      0.04      0.00      0.00      0.00      0.04
09:46:24 PM      0.00      0.00      0.00      0.03      0.00      0.00      0.00      0.03
09:46:29 PM      0.00      0.00      0.00      0.01      0.00      0.00      0.00      0.01
09:46:34 PM      0.00      0.00      0.00      0.03      0.00      0.00      0.00      0.03
09:46:39 PM      0.00      0.00      0.00      0.02      0.00      0.00      0.00      0.02
09:46:44 PM      0.00      0.00      0.00      0.04      0.00      0.00      0.00      0.04
09:46:49 PM      0.00      0.00      0.00      0.07      0.00      0.00      0.00      0.07
09:46:54 PM      0.00      0.00      0.00      0.01      0.00      0.00      0.00      0.01
09:46:59 PM      0.00      0.00      0.00      0.01      0.00      0.00      0.00      0.01
09:47:04 PM      0.00      0.00      0.00      0.05      0.00      0.00      0.00      0.05
09:47:09 PM      0.00      0.00      0.00      0.03      0.00      0.00      0.00      0.03
09:47:14 PM      0.00      0.00      0.00      0.02      0.00      0.00      0.00      0.02
09:47:19 PM      0.00      0.00      0.00      0.02      0.00      0.00      0.00      0.02
09:47:24 PM      0.00      0.00      0.00      0.02      0.00      0.00      0.00      0.02
09:47:29 PM      0.00      0.00      0.00      0.03      0.00      0.00      0.00      0.03
09:47:34 PM      0.00      0.00      0.00      0.01      0.00      0.00      0.00      0.01
09:47:39 PM      0.00      0.00      0.00      0.01      0.00      0.00      0.00      0.01
09:47:44 PM      0.00      0.00      0.00      0.01      0.00      0.00      0.00      0.01
09:47:49 PM      0.00      0.00      0.00      0.02      0.00      0.00      0.00      0.01
09:47:54 PM      0.00      0.00      0.00      0.06      0.00      0.00      0.00      0.06
09:47:59 PM      0.00      0.00      0.00      0.01      0.00      0.00      0.00      0.01
09:48:04 PM      0.00      0.00      0.00      0.05      0.00      0.00      0.00      0.05
09:48:09 PM      0.00      0.00      0.00      0.01      0.00      0.00      0.00      0.01
09:48:14 PM      0.00      0.00      0.00      0.07      0.00      0.00      0.00      0.07
09:48:19 PM      0.00      0.00      0.00      0.01      0.00      0.00      0.00      0.01
09:48:24 PM      0.00      0.00      0.00      0.03      0.00      0.00      0.00      0.03
09:48:29 PM      0.00      0.00      0.00      0.02      0.00      0.00      0.00      0.02
09:48:34 PM      0.00      0.00      0.00      0.01      0.00      0.00      0.00      0.01
09:48:39 PM      0.00      0.00      0.00      0.04      0.00      0.00      0.00      0.04
09:48:44 PM      0.00      0.00      0.00      0.03      0.00      0.00      0.00      0.03
09:48:49 PM      0.00      0.00      0.00      0.04      0.00      0.00      0.00      0.04
09:48:54 PM      0.00      0.00      0.00      0.06      0.00      0.00      0.00      0.06
09:48:59 PM      0.00      0.00      0.00      0.00      0.00      0.00      0.00      0.00
09:49:04 PM      0.00      0.00      0.00      0.01      0.00      0.00      0.00      0.01
09:49:09 PM      0.00      0.00      0.00      0.01      0.00      0.00      0.00      0.01
09:49:14 PM      0.00      0.00      0.00      0.02      0.00      0.00      0.00      0.02
09:49:19 PM      0.00      0.00      0.00      0.01      0.00      0.00      0.00      0.01
09:49:24 PM      0.00      0.00      0.00      0.03      0.00      0.00      0.00      0.03
09:49:29 PM      0.00      0.00      0.00      0.04      0.00      0.00      0.00      0.04
09:49:34 PM      0.00      0.00      0.00      0.03      0.00      0.00      0.00      0.03
09:49:39 PM      0.00      0.00      0.00      0.01      0.00      0.00      0.00      0.01
09:49:44 PM      0.00      0.00      0.00      0.04      0.00      0.00      0.00      0.04
09:49:49 PM      0.00      0.00      0.00      0.01      0.00      0.00      0.00      0.01
09:49:54 PM      0.00      0.00      0.00      0.01      0.00      0.00      0.00      0.01
09:49:59 PM      0.00      0.00      0.00      0.01      0.00      0.00      0.00      0.01
09:50:04 PM      0.00      0.00      0.00      0.01      0.00      0.00      0.00      0.01
09:50:09 PM      0.00      0.00      0.00      0.02      0.00      0.00      0.00      0.02
09:50:14 PM      0.00      0.00      0.00      0.02      0.00      0.00      0.00      0.02
09:50:19 PM      0.00      0.00      0.00      0.02      0.00      0.00      0.00      0.02
09:50:24 PM      0.00      0.00      0.00      0.02      0.00      0.00      0.00      0.02
09:50:29 PM      0.00      0.00      0.00      0.01      0.00      0.00      0.00      0.01
09:50:34 PM      0.00      0.00      0.00      0.02      0.00      0.00      0.00      0.02
09:50:39 PM      0.00      0.00      0.00      0.02      0.00      0.00      0.00      0.02
09:50:44 PM      0.00      0.00      0.00      0.03      0.00      0.00      0.00      0.03
09:50:49 PM      0.00      0.00      0.00      0.02      0.00      0.00      0.00      0.02
09:50:54 PM      0.00      0.00      0.00      0.03      0.00      0.00      0.00      0.03
09:50:59 PM      0.00      0.00      0.00      0.02      0.00      0.00      0.00      0.02
09:51:04 PM      0.00      0.00      0.00      0.04      0.00      0.00      0.00      0.04
09:51:09 PM      0.00      0.00      0.00      0.04      0.00      0.00      0.00      0.04
09:51:14 PM      0.00      0.00      0.00      0.01      0.00      0.00      0.00      0.01
09:51:19 PM      0.00      0.00      0.00      0.03      0.00      0.00      0.00      0.03
09:51:24 PM      0.00      0.00      0.00      0.01      0.00      0.00      0.00      0.01
09:51:29 PM      0.00      0.00      0.00      0.02      0.00      0.00      0.00      0.02
09:51:34 PM      0.00      0.00      0.00      0.01      0.00      0.00      0.00      0.01
09:51:39 PM      0.00      0.00      0.00      0.01      0.00      0.00      0.00      0.01
09:51:44 PM      0.00      0.00      0.00      0.01      0.00      0.00      0.00      0.01
09:51:49 PM      0.00      0.00      0.00      0.02      0.00      0.00      0.00      0.02
09:51:54 PM      0.00      0.00      0.00      0.02      0.00      0.00      0.00      0.02
09:51:59 PM      0.00      0.00      0.00      0.02      0.00      0.00      0.00      0.02
09:52:04 PM      0.00      0.00      0.00      0.02      0.00      0.00      0.00      0.02
09:52:09 PM      0.00      0.00      0.00      0.03      0.00      0.00      0.00      0.03
09:52:14 PM      0.00      0.00      0.00      0.02      0.00      0.00      0.00      0.02
09:52:19 PM      0.00      0.00      0.00      0.02      0.00      0.00      0.00      0.02
09:52:24 PM      0.00      0.00      0.00      0.03      0.00      0.00      0.00      0.03
09:52:29 PM      0.00      0.00      0.00      0.01      0.00      0.00      0.00      0.01
09:52:34 PM      0.00      0.00      0.00      0.04      0.00      0.00      0.00      0.04
09:52:39 PM      0.00      0.00      0.00      0.03      0.00      0.00      0.00      0.03
09:52:44 PM      0.00      0.00      0.00      0.01      0.00      0.00      0.00      0.01
09:52:49 PM      0.00      0.00      0.00      0.01      0.00      0.00      0.00      0.01
09:52:54 PM      0.00      0.00      0.00      0.02      0.00      0.00      0.00      0.02
09:52:59 PM      0.00      0.00      0.00      0.05      0.00      0.00      0.00      0.05
09:53:04 PM      0.00      0.00      0.00      0.00      0.00      0.00      0.00      0.00
09:53:09 PM      0.00      0.00      0.00      0.01      0.00      0.00      0.00      0.01
09:53:14 PM      0.00      0.00      0.00      0.02      0.00      0.00      0.00      0.02
09:53:19 PM      0.00      0.00      0.00      0.03      0.00      0.00      0.00      0.03
09:53:24 PM      0.00      0.00      0.00      0.01      0.00      0.00      0.00      0.01
09:53:29 PM      0.00      0.00      0.00      0.04      0.00      0.00      0.00      0.04
09:53:34 PM      0.00      0.00      0.00      0.03      0.00      0.00      0.00      0.03
09:53:39 PM      0.00      0.00      0.00      0.02      0.00      0.00      0.00      0.02
09:53:44 PM      0.00      0.00      0.00      0.02      0.00      0.00      0.00      0.02
09:53:49 PM      0.00      0.00      0.00      0.01      0.00      0.00      0.00      0.01
09:53:54 PM      0.00      0.00      0.00      0.08      0.00      0.00      0.00      0.08
09:53:59 PM      0.00      0.00      0.00      0.00      0.00      0.00      0.00      0.00
09:54:04 PM      0.00      0.00      0.00      0.01      0.00      0.00      0.00      0.01
09:54:09 PM      0.00      0.00      0.00      0.03      0.00      0.00      0.00      0.03
09:54:14 PM      0.00      0.00      0.00      0.01      0.00      0.00      0.00      0.01
09:54:19 PM      0.00      0.00      0.00      0.04      0.00      0.00      0.00      0.04
09:54:24 PM      0.00      0.00      0.00      0.03      0.00      0.00      0.00      0.03
09:54:29 PM      0.00      0.00      0.00      0.03      0.00      0.00      0.00      0.03
09:54:34 PM      0.00      0.00      0.00      0.04      0.00      0.00      0.00      0.04
09:54:39 PM      0.00      0.00      0.00      0.01      0.00      0.00      0.00      0.01
09:54:44 PM      0.00      0.00      0.00      0.02      0.00      0.00      0.00      0.02
09:54:49 PM      0.00      0.00      0.00      0.02      0.00      0.00      0.00      0.02
09:54:54 PM      0.00      0.00      0.00      0.03      0.00      0.00      0.00      0.03
09:54:59 PM      0.00      0.00      0.00      0.01      0.00      0.00      0.00      0.01
09:55:04 PM      0.00      0.00      0.00      0.02      0.00      0.00      0.00      0.02
09:55:09 PM      0.00      0.00      0.00      0.02      0.00      0.00      0.00      0.02
09:55:14 PM      0.00      0.00      0.00      0.02      0.00      0.00      0.00      0.02
09:55:19 PM      0.00      0.00      0.00      0.02      0.00      0.00      0.00      0.02
09:55:24 PM      0.00      0.00      0.00      0.04      0.00      0.00      0.00      0.04
09:55:29 PM      0.00      0.00      0.00      0.03      0.00      0.00      0.00      0.03
09:55:34 PM      0.00      0.00      0.00      0.01      0.00      0.00      0.00      0.01
09:55:39 PM      0.00      0.00      0.00      0.02      0.00      0.00      0.00      0.02
09:55:44 PM      0.00      0.00      0.00      0.02      0.00      0.00      0.00      0.02
09:55:49 PM      0.00      0.00      0.00      0.04      0.00      0.00      0.00      0.04
09:55:54 PM      0.00      0.00      0.00      0.03      0.00      0.00      0.00      0.03
09:55:59 PM      0.00      0.00      0.00      0.02      0.00      0.00      0.00      0.02
09:56:04 PM      0.00      0.00      0.00      0.02      0.00      0.00      0.00      0.02
09:56:09 PM      0.00      0.00      0.00      0.00      0.00      0.00      0.00      0.00
09:56:14 PM      0.00      0.00      0.00      0.02      0.00      0.00      0.00      0.02
09:56:19 PM      0.00      0.00      0.00      0.03      0.00      0.00      0.00      0.03
09:56:24 PM      0.00      0.00      0.00      0.03      0.00      0.00      0.00      0.03
09:56:29 PM      0.00      0.00      0.00      0.02      0.00      0.00      0.00      0.02
09:56:34 PM      0.00      0.00      0.00      0.03      0.00      0.00      0.00      0.03
09:56:39 PM      0.00      0.00      0.00      0.01      0.00      0.00      0.00      0.01
09:56:44 PM      0.00      0.00      0.00      0.02      0.00      0.00      0.00      0.02
09:56:49 PM      0.00      0.00      0.00      0.01      0.00      0.00      0.00      0.01
09:56:54 PM      0.00      0.00      0.00      0.03      0.00      0.00      0.00      0.03
09:56:59 PM      0.00      0.00      0.00      0.02      0.00      0.00      0.00      0.02
09:57:04 PM      0.00      0.00      0.00      0.01      0.00      0.00      0.00      0.01
09:57:09 PM      0.00      0.00      0.00      0.03      0.00      0.00      0.00      0.03
09:57:14 PM      0.00      0.00      0.00      0.01      0.00      0.00      0.00      0.01
09:57:19 PM      0.00      0.00      0.00      0.02      0.00      0.00      0.00      0.02
09:57:24 PM      0.00      0.00      0.00      0.01      0.00      0.00      0.00      0.01
09:57:29 PM      0.00      0.00      0.00      0.06      0.00      0.00      0.00      0.06
09:57:34 PM      0.00      0.00      0.00      0.01      0.00      0.00      0.00      0.01
09:57:39 PM      0.00      0.00      0.00      0.01      0.00      0.00      0.00      0.01
09:57:44 PM      0.00      0.00      0.00      0.03      0.00      0.00      0.00      0.03
09:57:49 PM      0.00      0.00      0.00      0.02      0.00      0.00      0.00      0.02
09:57:54 PM      0.00      0.00      0.00      0.06      0.00      0.00      0.00      0.06
09:57:59 PM      0.00      0.00      0.00      0.02      0.00      0.00      0.00      0.02
09:58:04 PM      0.00      0.00      0.00      0.02      0.00      0.00      0.00      0.02
09:58:09 PM      0.00      0.00      0.00      0.04      0.00      0.00      0.00      0.04
09:58:14 PM      0.00      0.00      0.00      0.02      0.00      0.00      0.00      0.02
09:58:19 PM      0.00      0.00      0.00      0.03      0.00      0.00      0.00      0.03
09:58:24 PM      0.00      0.00      0.00      0.02      0.00      0.00      0.00      0.02
09:58:29 PM      0.00      0.00      0.00      0.05      0.00      0.00      0.00      0.05
09:58:34 PM      0.00      0.00      0.00      0.02      0.00      0.00      0.00      0.02
09:58:39 PM      0.00      0.00      0.00      0.04      0.00      0.00      0.00      0.04
09:58:44 PM      0.00      0.00      0.00      0.03      0.00      0.00      0.00      0.03
09:58:49 PM      0.00      0.00      0.00      0.05      0.00      0.00      0.00      0.05
09:58:54 PM      0.00      0.00      0.00      0.01      0.00      0.00      0.00      0.01
09:58:59 PM      0.00      0.00      0.00      0.00      0.00      0.00      0.00      0.00
09:59:04 PM      0.00      0.00      0.00      0.00      0.00      0.00      0.00      0.00
09:59:09 PM      0.00      0.00      0.00      0.03      0.00      0.00      0.00      0.03
09:59:14 PM      0.00      0.00      0.00      0.04      0.00      0.00      0.00      0.04
09:59:19 PM      0.00      0.00      0.00      0.01      0.00      0.00      0.00      0.01
09:59:24 PM      0.00      0.00      0.00      0.02      0.00      0.00      0.00      0.02
09:59:29 PM      0.00      0.00      0.00      0.03      0.00      0.00      0.00      0.03
09:59:34 PM      0.00      0.00      0.00      0.03      0.00      0.00      0.00      0.03
09:59:39 PM      0.00      0.00      0.00      0.01      0.00      0.00      0.00      0.01
09:59:44 PM      0.00      0.00      0.00      0.02      0.00      0.00      0.00      0.02
09:59:49 PM      0.00      0.00      0.00      0.02      0.00      0.00      0.00      0.02
09:59:54 PM      0.00      0.00      0.00      0.01      0.00      0.00      0.00      0.01
09:59:59 PM      0.00      0.00      0.00      0.01      0.00      0.00      0.00      0.01
10:00:04 PM      0.00      0.00      0.00      0.01      0.00      0.00      0.00      0.01
10:00:09 PM      0.00      0.00      0.00      0.04      0.00      0.00      0.00      0.04
10:00:14 PM      0.00      0.00      0.00      0.02      0.00      0.00      0.00      0.02
10:00:19 PM      0.00      0.00      0.00      0.02      0.00      0.00      0.00      0.02
10:00:24 PM      0.00      0.00      0.00      0.02      0.00      0.00      0.00      0.02
10:00:29 PM      0.00      0.00      0.00      0.04      0.00      0.00      0.00      0.04
10:00:34 PM      0.00      0.00      0.00      0.03      0.00      0.00      0.00      0.03
10:00:39 PM      0.00      0.00      0.00      0.02      0.00      0.00      0.00      0.02
10:00:44 PM      0.00      0.00      0.00      0.02      0.00      0.00      0.00      0.02
10:00:49 PM      0.00      0.00      0.00      0.03      0.00      0.00      0.00      0.03
10:00:54 PM      0.00      0.00      0.00      0.07      0.00      0.00      0.00      0.07
10:00:59 PM      0.00      0.00      0.00      0.02      0.00      0.00      0.00      0.02
10:01:04 PM      0.00      0.00      0.00      0.03      0.00      0.00      0.00      0.03
10:01:09 PM      0.00      0.00      0.00      0.01      0.00      0.00      0.00      0.01
10:01:14 PM      0.00      0.00      0.00      0.02      0.00      0.00      0.00      0.02
10:01:19 PM      0.00      0.00      0.00      0.01      0.00      0.00      0.00      0.01
10:01:24 PM      0.00      0.00      0.00      0.01      0.00      0.00      0.00      0.01
10:01:29 PM      0.00      0.00      0.00      0.03      0.00      0.00      0.00      0.03
10:01:34 PM      0.00      0.00      0.00      0.01      0.00      0.00      0.00      0.01
10:01:39 PM      0.00      0.00      0.00      0.02      0.00      0.00      0.00      0.02
10:01:44 PM      0.00      0.00      0.00      0.01      0.00      0.00      0.00      0.01
10:01:49 PM      0.00      0.00      0.00      0.02      0.00      0.00      0.00      0.02
10:01:54 PM      0.00      0.00      0.00      0.01      0.00      0.00      0.00      0.01
10:01:59 PM      0.00      0.00      0.00      0.01      0.00      0.00      0.00      0.01
10:02:04 PM      0.00      0.00      0.00      0.02      0.00      0.00      0.00      0.02
10:02:09 PM      0.00      0.00      0.00      0.05      0.00      0.00      0.00      0.05
10:02:14 PM      0.00      0.00      0.00      0.03      0.00      0.00      0.00      0.03
10:02:19 PM      0.00      0.00      0.00      0.01      0.00      0.00      0.00      0.01
10:02:24 PM      0.00      0.00      0.00      0.02      0.00      0.00      0.00      0.02
10:02:29 PM      0.00      0.00      0.00      0.01      0.00      0.00      0.00      0.01
10:02:34 PM      0.00      0.00      0.00      0.02      0.00      0.00      0.00      0.02
10:02:39 PM      0.00      0.00      0.00      0.04      0.00      0.00      0.00      0.04
10:02:44 PM      0.00      0.00      0.00      0.01      0.00      0.00      0.00      0.01
10:02:49 PM      0.00      0.00      0.00      0.04      0.00      0.00      0.00      0.04
10:02:54 PM      0.00      0.00      0.00      0.01      0.00      0.00      0.00      0.01
10:02:59 PM      0.00      0.00      0.00      0.09      0.00      0.00      0.00      0.09
10:03:04 PM      0.00      0.00      0.00      0.02      0.00      0.00      0.00      0.02
10:03:09 PM      0.00      0.00      0.00      0.05      0.00      0.00      0.00      0.05
10:03:14 PM      0.00      0.00      0.00      0.01      0.00      0.00      0.00      0.01
10:03:19 PM      0.00      0.00      0.00      0.01      0.00      0.00      0.00      0.01
10:03:24 PM      0.00      0.00      0.00      0.02      0.00      0.00      0.00      0.02
10:03:29 PM      0.00      0.00      0.00      0.02      0.00      0.00      0.00      0.02
10:03:34 PM      0.00      0.00      0.00      0.05      0.00      0.00      0.00      0.05
10:03:39 PM      0.00      0.00      0.00      0.01      0.00      0.00      0.00      0.01
10:03:44 PM      0.00      0.00      0.00      0.03      0.00      0.00      0.00      0.03
10:03:49 PM      0.00      0.00      0.00      0.02      0.00      0.00      0.00      0.02
10:03:54 PM      0.00      0.00      0.00      0.02      0.00      0.00      0.00      0.02
10:03:59 PM      0.00      0.00      0.00      0.01      0.00      0.00      0.00      0.01
10:04:04 PM      0.00      0.00      0.00      0.01      0.00      0.00      0.00      0.01
10:04:09 PM      0.00      0.00      0.00      0.01      0.00      0.00      0.00      0.01
10:04:14 PM      0.00      0.00      0.00      0.02      0.00      0.00      0.00      0.02
10:04:19 PM      0.00      0.00      0.00      0.04      0.00      0.00      0.00      0.04
10:04:24 PM      0.00      0.00      0.00      0.01      0.00      0.00      0.00      0.01
10:04:29 PM      0.00      0.00      0.00      0.02      0.00      0.00      0.00      0.02
10:04:34 PM      0.00      0.00      0.00      0.02      0.00      0.00      0.00      0.02
10:04:39 PM      0.00      0.00      0.00      0.02      0.00      0.00      0.00      0.02
10:04:44 PM      0.00      0.00      0.00      0.03      0.00      0.00      0.00      0.03
10:04:49 PM      0.00      0.00      0.00      0.02      0.00      0.00      0.00      0.02
10:04:54 PM      0.00      0.00      0.00      0.01      0.00      0.00      0.00      0.01
10:04:59 PM      0.00      0.00      0.00      0.04      0.00      0.00      0.00      0.04
10:05:04 PM      0.00      0.00      0.00      0.01      0.00      0.00      0.00      0.01
10:05:09 PM      0.00      0.00      0.00      0.00      0.00      0.00      0.00      0.00
10:05:14 PM      0.00      0.00      0.00      0.03      0.00      0.00      0.00      0.03
10:05:19 PM      0.00      0.00      0.00      0.03      0.00      0.00      0.00      0.03
10:05:24 PM      0.00      0.00      0.00      0.01      0.00      0.00      0.00      0.01
10:05:29 PM      0.00      0.00      0.00      0.02      0.00      0.00      0.00      0.02
10:05:34 PM      0.00      0.00      0.00      0.03      0.00      0.00      0.00      0.03
10:05:39 PM      0.00      0.00      0.00      0.04      0.00      0.00      0.00      0.03
10:05:44 PM      0.00      0.00      0.00      0.06      0.00      0.00      0.00      0.06
10:05:49 PM      0.00      0.00      0.00      0.02      0.00      0.00      0.00      0.02
10:05:54 PM      0.00      0.00      0.00      0.02      0.00      0.00      0.00      0.02
10:05:59 PM      0.00      0.00      0.00      0.05      0.00      0.00      0.00      0.05
10:06:04 PM      0.00      0.00      0.00      0.01      0.00      0.00      0.00      0.01
10:06:09 PM      0.00      0.00      0.00      0.02      0.00      0.00      0.00      0.02
10:06:14 PM      0.00      0.00      0.00      0.03      0.00      0.00      0.00      0.03
10:06:19 PM      0.00      0.00      0.00      0.02      0.00      0.00      0.00      0.02
10:06:24 PM      0.00      0.00      0.00      0.01      0.00      0.00      0.00      0.01
10:06:29 PM      0.00      0.00      0.00      0.02      0.00      0.00      0.00      0.02
10:06:34 PM      0.00      0.00      0.00      0.03      0.00      0.00      0.00      0.03
10:06:39 PM      0.00      0.00      0.00      0.03      0.00      0.00      0.00      0.03
10:06:44 PM      0.00      0.00      0.00      0.02      0.00      0.00      0.00      0.02
10:06:49 PM      0.00      0.00      0.00      0.01      0.00      0.00      0.00      0.01
10:06:54 PM      0.00      0.00      0.00      0.01      0.00      0.00      0.00      0.01
10:06:59 PM      0.00      0.00      0.00      0.03      0.00      0.00      0.00      0.03
10:07:04 PM      0.00      0.00      0.00      0.02      0.00      0.00      0.00      0.02
10:07:09 PM      0.00      0.00      0.00      0.02      0.00      0.00      0.00      0.02
10:07:14 PM      0.00      0.00      0.00      0.01      0.00      0.00      0.00      0.01
10:07:19 PM      0.00      0.00      0.00      0.02      0.00      0.00      0.00      0.02
10:07:24 PM      0.00      0.00      0.00      0.02      0.00      0.00      0.00      0.02
10:07:29 PM      0.00      0.00      0.00      0.03      0.00      0.00      0.00      0.03
10:07:34 PM      0.00      0.00      0.00      0.01      0.00      0.00      0.00      0.01
10:07:39 PM      0.00      0.00      0.00      0.01      0.00      0.00      0.00      0.01
10:07:44 PM      0.00      0.00      0.00      0.02      0.00      0.00      0.00      0.02
10:07:49 PM      0.00      0.00      0.00      0.01      0.00      0.00      0.00      0.01
10:07:54 PM      0.00      0.00      0.00      0.03      0.00      0.00      0.00      0.03
10:07:59 PM      0.00      0.00      0.00      0.01      0.00      0.00      0.00      0.01
10:08:04 PM      0.00      0.00      0.00      0.03      0.00      0.00      0.00      0.03
10:08:09 PM      0.00      0.00      0.00      0.01      0.00      0.00      0.00      0.01
10:08:14 PM      0.00      0.00      0.00      0.04      0.00      0.00      0.00      0.04
10:08:19 PM      0.00      0.00      0.00      0.03      0.00      0.00      0.00      0.03
10:08:24 PM      0.00      0.00      0.00      0.01      0.00      0.00      0.00      0.01
10:08:29 PM      0.00      0.00      0.00      0.03      0.00      0.00      0.00      0.03
10:08:34 PM      0.00      0.00      0.00      0.02      0.00      0.00      0.00      0.02
10:08:39 PM      0.00      0.00      0.00      0.04      0.00      0.00      0.00      0.04
10:08:44 PM      0.00      0.00      0.00      0.02      0.00      0.00      0.00      0.01
10:08:49 PM      0.00      0.00      0.00      0.04      0.00      0.00      0.00      0.04
10:08:54 PM      0.00      0.00      0.00      0.01      0.00      0.00      0.00      0.01
10:08:59 PM      0.00      0.00      0.00      0.01      0.00      0.00      0.00      0.01
10:09:04 PM      0.00      0.00      0.00      0.02      0.00      0.00      0.00      0.02
10:09:09 PM      0.00      0.00      0.00      0.01      0.00      0.00      0.00      0.01
10:09:14 PM      0.00      0.00      0.00      0.01      0.00      0.00      0.00      0.01
10:09:19 PM      0.00      0.00      0.00      0.01      0.00      0.00      0.00      0.01
10:09:24 PM      0.00      0.00      0.00      0.02      0.00      0.00      0.00      0.02
10:09:29 PM      0.00      0.00      0.00      0.01      0.00      0.00      0.00      0.01
10:09:34 PM      0.00      0.00      0.00      0.03      0.00      0.00      0.00      0.03
10:09:39 PM      0.00      0.00      0.00      0.03      0.00      0.00      0.00      0.03
10:09:44 PM      0.00      0.00      0.00      0.03      0.00      0.00      0.00      0.03
10:09:49 PM      0.00      0.00      0.00      0.02      0.00      0.00      0.00      0.02
10:09:54 PM      0.00      0.00      0.00      0.05      0.00      0.00      0.00      0.05
10:09:59 PM      0.00      0.00      0.00      0.02      0.00      0.00      0.00      0.02
10:10:04 PM      0.00      0.00      0.00      0.01      0.00      0.00      0.00      0.01
10:10:09 PM      0.00      0.00      0.00      0.03      0.00      0.00      0.00      0.03
10:10:14 PM      0.00      0.00      0.00      0.03      0.00      0.00      0.00      0.03
10:10:19 PM      0.00      0.00      0.00      0.03      0.00      0.00      0.00      0.03
10:10:24 PM      0.00      0.00      0.00      0.01      0.00      0.00      0.00      0.01
10:10:29 PM      0.00      0.00      0.00      0.01      0.00      0.00      0.00      0.01
10:10:34 PM      0.00      0.00      0.00      0.03      0.00      0.00      0.00      0.03
10:10:39 PM      0.00      0.00      0.00      0.02      0.00      0.00      0.00      0.02
10:10:44 PM      0.00      0.00      0.00      0.02      0.00      0.00      0.00      0.02
10:10:49 PM      0.00      0.00      0.00      0.02      0.00      0.00      0.00      0.02
10:10:54 PM      0.00      0.00      0.00      0.03      0.00      0.00      0.00      0.03
10:10:59 PM      0.00      0.00      0.00      0.02      0.00      0.00      0.00      0.02
10:11:04 PM      0.00      0.00      0.00      0.02      0.00      0.00      0.00      0.02
10:11:09 PM      0.00      0.00      0.00      0.02      0.00      0.00      0.00      0.02
10:11:14 PM      0.00      0.00      0.00      0.01      0.00      0.00      0.00      0.01
10:11:19 PM      0.00      0.00      0.00      0.02      0.00      0.00      0.00      0.02
10:11:24 PM      0.00      0.00      0.00      0.01      0.00      0.00      0.00      0.01
10:11:29 PM      0.00      0.00      0.00      0.04      0.00      0.00      0.00      0.04
10:11:34 PM      0.00      0.00      0.00      0.03      0.00      0.00      0.00      0.03
10:11:39 PM      0.00      0.00      0.00      0.02      0.00      0.00      0.00      0.02
10:11:44 PM      0.00      0.00      0.00      0.03      0.00      0.00      0.00      0.03
10:11:49 PM      0.00      0.00      0.00      0.02      0.00      0.00      0.00      0.02
10:11:54 PM      0.00      0.00      0.00      0.05      0.00      0.00      0.00      0.05
10:11:59 PM      0.00      0.00      0.00      0.02      0.00      0.00      0.00      0.02
10:12:04 PM      0.00      0.00      0.00      0.04      0.00      0.00      0.00      0.04
10:12:09 PM      0.00      0.00      0.00      0.06      0.00      0.00      0.00      0.06
10:12:14 PM      0.00      0.00      0.00      0.03      0.00      0.00      0.00      0.03
10:12:19 PM      0.00      0.00      0.00      0.03      0.00      0.00      0.00      0.03
10:12:24 PM      0.00      0.00      0.00      0.03      0.00      0.00      0.00      0.03
10:12:29 PM      0.00      0.00      0.00      0.02      0.00      0.00      0.00      0.02
10:12:34 PM      0.00      0.00      0.00      0.01      0.00      0.00      0.00      0.01
10:12:39 PM      0.00      0.00      0.00      0.06      0.00      0.00      0.00      0.06
10:12:44 PM      0.00      0.00      0.00      0.04      0.00      0.00      0.00      0.04
10:12:49 PM      0.00      0.00      0.00      0.02      0.00      0.00      0.00      0.02
10:12:54 PM      0.00      0.00      0.00      0.01      0.00      0.00      0.00      0.01
10:12:59 PM      0.00      0.00      0.00      0.02      0.00      0.00      0.00      0.02
10:13:04 PM      0.00      0.00      0.00      0.01      0.00      0.00      0.00      0.01
10:13:09 PM      0.00      0.00      0.00      0.03      0.00      0.00      0.00      0.03
10:13:14 PM      0.00      0.00      0.00      0.01      0.00      0.00      0.00      0.01
10:13:19 PM      0.00      0.00      0.00      0.01      0.00      0.00      0.00      0.01
10:13:24 PM      0.00      0.00      0.00      0.03      0.00      0.00      0.00      0.03
10:13:29 PM      0.00      0.00      0.00      0.01      0.00      0.00      0.00      0.01
10:13:34 PM      0.00      0.00      0.00      0.02      0.00      0.00      0.00      0.02
10:13:39 PM      0.00      0.00      0.00      0.01      0.00      0.00      0.00      0.01
10:13:44 PM      0.00      0.00      0.00      0.02      0.00      0.00      0.00      0.02
10:13:49 PM      0.00      0.00      0.00      0.01      0.00      0.00      0.00      0.01
10:13:54 PM      0.00      0.00      0.00      0.01      0.00      0.00      0.00      0.01
10:13:59 PM      0.00      0.00      0.00      0.05      0.00      0.00      0.00      0.05
10:14:04 PM      0.00      0.00      0.00      0.00      0.00      0.00      0.00      0.00
10:14:09 PM      0.00      0.00      0.00      0.00      0.00      0.00      0.00      0.00
10:14:14 PM      0.00      0.00      0.00      0.01      0.00      0.00      0.00      0.01
10:14:19 PM      0.00      0.00      0.00      0.02      0.00      0.00      0.00      0.02
10:14:24 PM      0.00      0.00      0.00      0.01      0.00      0.00      0.00      0.01
10:14:29 PM      0.00      0.00      0.00      0.04      0.00      0.00      0.00      0.04
10:14:34 PM      0.00      0.00      0.00      0.02      0.00      0.00      0.00      0.02
10:14:39 PM      0.00      0.00      0.00      0.02      0.00      0.00      0.00      0.01
10:14:44 PM      0.00      0.00      0.00      0.01      0.00      0.00      0.00      0.01
10:14:49 PM      0.00      0.00      0.00      0.01      0.00      0.00      0.00      0.01
10:14:54 PM      0.00      0.00      0.00      0.02      0.00      0.00      0.00      0.02
10:14:59 PM      0.00      0.00      0.00      0.05      0.00      0.00      0.00      0.05
10:15:04 PM      0.00      0.00      0.00      0.03      0.00      0.00      0.00      0.03
10:15:09 PM      0.00      0.00      0.00      0.01      0.00      0.00      0.00      0.01
10:15:14 PM      0.00      0.00      0.00      0.03      0.00      0.00      0.00      0.03
10:15:19 PM      0.00      0.00      0.00      0.01      0.00      0.00      0.00      0.01
10:15:24 PM      0.00      0.00      0.00      0.02      0.00      0.00      0.00      0.02
10:15:29 PM      0.00      0.00      0.00      0.03      0.00      0.00      0.00      0.03
10:15:34 PM      0.00      0.00      0.00      0.04      0.00      0.00      0.00      0.04
10:15:39 PM      0.00      0.00      0.00      0.02      0.00      0.00      0.00      0.02
10:15:44 PM      0.00      0.00      0.00      0.03      0.00      0.00      0.00      0.03
10:15:49 PM      0.00      0.00      0.00      0.06      0.00      0.00      0.00      0.06
10:15:54 PM      0.00      0.00      0.00      0.02      0.00      0.00      0.00      0.02
10:15:59 PM      0.00      0.00      0.00      0.03      0.00      0.00      0.00      0.03
10:16:04 PM      0.00      0.00      0.00      0.02      0.00      0.00      0.00      0.02
10:16:09 PM      0.00      0.00      0.00      0.01      0.00      0.00      0.00      0.01
10:16:14 PM      0.00      0.00      0.00      0.05      0.00      0.00      0.00      0.05
10:16:19 PM      0.00      0.00      0.00      0.03      0.00      0.00      0.00      0.03
10:16:24 PM      0.00      0.00      0.00      0.03      0.00      0.00      0.00      0.03
10:16:29 PM      0.00      0.00      0.00      0.01      0.00      0.00      0.00      0.01
10:16:34 PM      0.00      0.00      0.00      0.02      0.00      0.00      0.00      0.02
10:16:39 PM      0.00      0.00      0.00      0.01      0.00      0.00      0.00      0.01
10:16:44 PM      0.00      0.00      0.00      0.05      0.00      0.00      0.00      0.05
10:16:49 PM      0.00      0.00      0.00      0.01      0.00      0.00      0.00      0.01
10:16:54 PM      0.00      0.00      0.00      0.01      0.00      0.00      0.00      0.01
10:16:59 PM      0.00      0.00      0.00      0.02      0.00      0.00      0.00      0.02
10:17:04 PM      0.00      0.00      0.00      0.04      0.00      0.00      0.00      0.04
10:17:09 PM      0.00      0.00      0.00      0.03      0.00      0.00      0.00      0.03
10:17:14 PM      0.00      0.00      0.00      0.01      0.00      0.00      0.00      0.01
10:17:19 PM      0.00      0.00      0.00      0.01      0.00      0.00      0.00      0.01
10:17:24 PM      0.00      0.00      0.00      0.02      0.00      0.00      0.00      0.02
10:17:29 PM      0.00      0.00      0.00      0.02      0.00      0.00      0.00      0.02
10:17:34 PM      0.00      0.00      0.00      0.02      0.00      0.00      0.00      0.02
10:17:39 PM      0.00      0.00      0.00      0.02      0.00      0.00      0.00      0.02
10:17:44 PM      0.00      0.00      0.00      0.01      0.00      0.00      0.00      0.01
10:17:49 PM      0.00      0.00      0.00      0.01      0.00      0.00      0.00      0.01
10:17:54 PM      0.00      0.00      0.00      0.02      0.00      0.00      0.00      0.02
10:17:59 PM      0.00      0.00      0.00      0.01      0.00      0.00      0.00      0.01
10:18:04 PM      0.00      0.00      0.00      0.04      0.00      0.00      0.00      0.04
10:18:09 PM      0.00      0.00      0.00      0.02      0.00      0.00      0.00      0.02
10:18:14 PM      0.00      0.00      0.00      0.01      0.00      0.00      0.00      0.01
10:18:19 PM      0.00      0.00      0.00      0.02      0.00      0.00      0.00      0.02
10:18:24 PM      0.00      0.00      0.00      0.05      0.00      0.00      0.00      0.05
10:18:29 PM      0.00      0.00      0.00      0.04      0.00      0.00      0.00      0.04
10:18:34 PM      0.00      0.00      0.00      0.01      0.00      0.00      0.00      0.01
10:18:39 PM      0.00      0.00      0.00      0.06      0.00      0.00      0.00      0.06
10:18:44 PM      0.00      0.00      0.00      0.01      0.00      0.00      0.00      0.01
10:18:49 PM      0.00      0.00      0.00      0.03      0.00      0.00      0.00      0.03
10:18:54 PM      0.00      0.00      0.00      0.01      0.00      0.00      0.00      0.01
10:18:59 PM      0.00      0.00      0.00      0.02      0.00      0.00      0.00      0.02
10:19:04 PM      0.00      0.00      0.00      0.03      0.00      0.00      0.00      0.03
10:19:09 PM      0.00      0.00      0.00      0.00      0.00      0.00      0.00      0.00
10:19:14 PM      0.00      0.00      0.00      0.01      0.00      0.00      0.00      0.01
10:19:19 PM      0.00      0.00      0.00      0.01      0.00      0.00      0.00      0.01
10:19:24 PM      0.00      0.00      0.00      0.03      0.00      0.00      0.00      0.03
10:19:29 PM      0.00      0.00      0.00      0.02      0.00      0.00      0.00      0.02
10:19:34 PM      0.00      0.00      0.00      0.03      0.00      0.00      0.00      0.03
10:19:39 PM      0.00      0.00      0.00      0.01      0.00      0.00      0.00      0.01
10:19:44 PM      0.00      0.00      0.00      0.03      0.00      0.00      0.00      0.03
10:19:49 PM      0.00      0.00      0.00      0.07      0.00      0.00      0.00      0.07
10:19:54 PM      0.00      0.00      0.00      0.02      0.00      0.00      0.00      0.02
10:19:59 PM      0.00      0.00      0.00      0.05      0.00      0.00      0.00      0.05
10:20:04 PM      0.00      0.00      0.00      0.01      0.00      0.00      0.00      0.01
10:20:09 PM      0.00      0.00      0.00      0.02      0.00      0.00      0.00      0.02
10:20:14 PM      0.00      0.00      0.00      0.01      0.00      0.00      0.00      0.01
10:20:19 PM      0.00      0.00      0.00      0.00      0.00      0.00      0.00      0.00
10:20:24 PM      0.00      0.00      0.00      0.00      0.00      0.00      0.00      0.00
10:20:29 PM      0.00      0.00      0.00      0.00      0.00      0.00      0.00      0.00
10:20:34 PM      0.00      0.00      0.00      0.00      0.00      0.00      0.00      0.00
10:20:39 PM      0.00      0.00      0.00      0.00      0.00      0.00      0.00      0.00
10:20:44 PM      0.00      0.00      0.00      0.02      0.00      0.00      0.00      0.02
10:20:49 PM      0.00      0.00      0.00      0.01      0.00      0.00      0.00      0.01
10:20:54 PM      0.00      0.00      0.00      0.02      0.00      0.00      0.00      0.02
10:20:59 PM      0.00      0.00      0.00      0.02      0.00      0.00      0.00      0.02
10:21:04 PM      0.00      0.00      0.00      0.02      0.00      0.00      0.00      0.02
10:21:09 PM      0.00      0.00      0.00      0.03      0.00      0.00      0.00      0.03
10:21:14 PM      0.00      0.00      0.00      0.05      0.00      0.00      0.00      0.05
10:21:19 PM      0.00      0.00      0.00      0.03      0.00      0.00      0.00      0.03
10:21:24 PM      0.00      0.00      0.00      0.02      0.00      0.00      0.00      0.02
10:21:29 PM      0.00      0.00      0.00      0.02      0.00      0.00      0.00      0.02
10:21:34 PM      0.00      0.00      0.00      0.02      0.00      0.00      0.00      0.02
10:21:39 PM      0.00      0.00      0.00      0.05      0.00      0.00      0.00      0.05
10:21:44 PM      0.00      0.00      0.00      0.01      0.00      0.00      0.00      0.01
10:21:49 PM      0.00      0.00      0.00      0.01      0.00      0.00      0.00      0.01
10:21:54 PM      0.00      0.00      0.00      0.02      0.00      0.00      0.00      0.02
10:21:59 PM      0.00      0.00      0.00      0.01      0.00      0.00      0.00      0.01
10:22:04 PM      0.00      0.00      0.00      0.03      0.00      0.00      0.00      0.03
10:22:09 PM      0.00      0.00      0.00      0.02      0.00      0.00      0.00      0.02
10:22:14 PM      0.00      0.00      0.00      0.04      0.00      0.00      0.00      0.04
10:22:19 PM      0.00      0.00      0.00      0.01      0.00      0.00      0.00      0.01
10:22:24 PM      0.00      0.00      0.00      0.04      0.00      0.00      0.00      0.04
10:22:29 PM      0.00      0.00      0.00      0.05      0.00      0.00      0.00      0.05
10:22:34 PM      0.00      0.00      0.00      0.01      0.00      0.00      0.00      0.01
10:22:39 PM      0.00      0.00      0.00      0.02      0.00      0.00      0.00      0.02
10:22:44 PM      0.00      0.00      0.00      0.02      0.00      0.00      0.00      0.02
10:22:49 PM      0.00      0.00      0.00      0.07      0.00      0.00      0.00      0.07
10:22:54 PM      0.00      0.00      0.00      0.01      0.00      0.00      0.00      0.01
10:22:59 PM      0.00      0.00      0.00      0.02      0.00      0.00      0.00      0.02
10:23:04 PM      0.00      0.00      0.00      0.01      0.00      0.00      0.00      0.01
10:23:09 PM      0.00      0.00      0.00      0.02      0.00      0.00      0.00      0.02
10:23:14 PM      0.00      0.00      0.00      0.02      0.00      0.00      0.00      0.02
10:23:19 PM      0.00      0.00      0.00      0.01      0.00      0.00      0.00      0.01
10:23:24 PM      0.00      0.00      0.00      0.05      0.00      0.00      0.00      0.05
10:23:29 PM      0.00      0.00      0.00      0.03      0.00      0.00      0.00      0.03
10:23:34 PM      0.00      0.00      0.00      0.02      0.00      0.00      0.00      0.02
10:23:39 PM      0.00      0.00      0.00      0.01      0.00      0.00      0.00      0.01
10:23:44 PM      0.00      0.00      0.00      0.00      0.00      0.00      0.00      0.00
10:23:49 PM      0.00      0.00      0.00      0.03      0.00      0.00      0.00      0.03
10:23:54 PM      0.00      0.00      0.00      0.04      0.00      0.00      0.00      0.04
10:23:59 PM      0.00      0.00      0.00      0.01      0.00      0.00      0.00      0.01
10:24:04 PM      0.00      0.00      0.00      0.02      0.00      0.00      0.00      0.02
10:24:09 PM      0.00      0.00      0.00      0.01      0.00      0.00      0.00      0.01
10:24:14 PM      0.00      0.00      0.00      0.00      0.00      0.00      0.00      0.00
10:24:19 PM      0.00      0.00      0.00      0.02      0.00      0.00      0.00      0.02
10:24:24 PM      0.00      0.00      0.00      0.02      0.00      0.00      0.00      0.02
10:24:29 PM      0.00      0.00      0.00      0.06      0.00      0.00      0.00      0.06
10:24:34 PM      0.00      0.00      0.00      0.02      0.00      0.00      0.00      0.02
10:24:39 PM      0.00      0.00      0.00      0.01      0.00      0.00      0.00      0.01
10:24:44 PM      0.00      0.00      0.00      0.10      0.00      0.00      0.00      0.10
10:24:49 PM      0.00      0.00      0.00      0.04      0.00      0.00      0.00      0.04
10:24:54 PM      0.00      0.00      0.00      0.05      0.00      0.00      0.00      0.05
10:24:59 PM      0.00      0.00      0.00      0.02      0.00      0.00      0.00      0.02
10:25:04 PM      0.00      0.00      0.00      0.03      0.00      0.00      0.00      0.02
10:25:09 PM      0.00      0.00      0.00      0.04      0.00      0.00      0.00      0.04
10:25:14 PM      0.00      0.00      0.00      0.03      0.00      0.00      0.00      0.03
10:25:19 PM      0.00      0.00      0.00      0.00      0.00      0.00      0.00      0.00
10:25:24 PM      0.00      0.00      0.00      0.03      0.00      0.00      0.00      0.03
10:25:29 PM      0.00      0.00      0.00      0.04      0.00      0.00      0.00      0.04
10:25:34 PM      0.00      0.00      0.00      0.04      0.00      0.00      0.00      0.04
10:25:39 PM      0.00      0.00      0.00      0.02      0.00      0.00      0.00      0.02
10:25:44 PM      0.00      0.00      0.00      0.01      0.00      0.00      0.00      0.01
10:25:49 PM      0.00      0.00      0.00      0.04      0.00      0.00      0.00      0.04
10:25:54 PM      0.00      0.00      0.00      0.01      0.00      0.00      0.00      0.01
10:25:59 PM      0.00      0.00      0.00      0.07      0.00      0.00      0.00      0.07
10:26:04 PM      0.00      0.00      0.00      0.02      0.00      0.00      0.00      0.02
10:26:09 PM      0.00      0.00      0.00      0.02      0.00      0.00      0.00      0.02
10:26:14 PM      0.00      0.00      0.00      0.02      0.00      0.00      0.00      0.02
10:26:19 PM      0.00      0.00      0.00      0.03      0.00      0.00      0.00      0.03
10:26:24 PM      0.00      0.00      0.00      0.01      0.00      0.00      0.00      0.01
10:26:29 PM      0.00      0.00      0.00      0.02      0.00      0.00      0.00      0.02
10:26:34 PM      0.00      0.00      0.00      0.02      0.00      0.00      0.00      0.02
10:26:39 PM      0.00      0.00      0.00      0.04      0.00      0.00      0.00      0.04
10:26:44 PM      0.00      0.00      0.00      0.04      0.00      0.00      0.00      0.04
10:26:49 PM      0.00      0.00      0.00      0.00      0.00      0.00      0.00      0.00
10:26:54 PM      0.00      0.00      0.00      0.00      0.00      0.00      0.00      0.00
10:26:59 PM      0.00      0.00      0.00      0.00      0.00      0.00      0.00      0.00
10:27:04 PM      0.00      0.00      0.00      0.01      0.00      0.00      0.00      0.01
10:27:09 PM      0.00      0.00      0.00      0.02      0.00      0.00      0.00      0.02
10:27:14 PM      0.00      0.00      0.00      0.03      0.00      0.00      0.00      0.03
10:27:19 PM      0.00      0.00      0.00      0.03      0.00      0.00      0.00      0.03
10:27:24 PM      0.00      0.00      0.00      0.03      0.00      0.00      0.00      0.03
10:27:29 PM      0.00      0.00      0.00      0.01      0.00      0.00      0.00      0.01
10:27:34 PM      0.00      0.00      0.00      0.04      0.00      0.00      0.00      0.03
10:27:39 PM      0.00      0.00      0.00      0.01      0.00      0.00      0.00      0.01
10:27:44 PM      0.00      0.00      0.00      0.04      0.00      0.00      0.00      0.04
10:27:49 PM      0.00      0.00      0.00      0.02      0.00      0.00      0.00      0.02
10:27:54 PM      0.00      0.00      0.00      0.03      0.00      0.00      0.00      0.03
10:27:59 PM      0.00      0.00      0.00      0.01      0.00      0.00      0.00      0.01
10:28:04 PM      0.00      0.00      0.00      0.03      0.00      0.00      0.00      0.03
10:28:09 PM      0.00      0.00      0.00      0.04      0.00      0.00      0.00      0.04
10:28:14 PM      0.00      0.00      0.00      0.02      0.00      0.00      0.00      0.02
10:28:19 PM      0.00      0.00      0.00      0.03      0.00      0.00      0.00      0.03
10:28:24 PM      0.00      0.00      0.00      0.01      0.00      0.00      0.00      0.01
10:28:29 PM      0.00      0.00      0.00      0.03      0.00      0.00      0.00      0.03
10:28:34 PM      0.00      0.00      0.00      0.01      0.00      0.00      0.00      0.01
10:28:39 PM      0.00      0.00      0.00      0.04      0.00      0.00      0.00      0.04
10:28:44 PM      0.00      0.00      0.00      0.02      0.00      0.00      0.00      0.02
10:28:49 PM      0.00      0.00      0.00      0.03      0.00      0.00      0.00      0.03
10:28:54 PM      0.00      0.00      0.00      0.02      0.00      0.00      0.00      0.02
10:28:59 PM      0.00      0.00      0.00      0.02      0.00      0.00      0.00      0.02
10:29:04 PM      0.00      0.00      0.00      0.03      0.00      0.00      0.00      0.03
10:29:09 PM      0.00      0.00      0.00      0.03      0.00      0.00      0.00      0.03
10:29:14 PM      0.00      0.00      0.00      0.02      0.00      0.00      0.00      0.02
10:29:19 PM      0.00      0.00      0.00      0.02      0.00      0.00      0.00      0.02
10:29:24 PM      0.00      0.00      0.00      0.03      0.00      0.00      0.00      0.03
10:29:29 PM      0.00      0.00      0.00      0.02      0.00      0.00      0.00      0.02
10:29:34 PM      0.00      0.00      0.00      0.03      0.00      0.00      0.00      0.03
10:29:39 PM      0.00      0.00      0.00      0.04      0.00      0.00      0.00      0.04
10:29:44 PM      0.00      0.00      0.00      0.01      0.00      0.00      0.00      0.01
10:29:49 PM      0.00      0.00      0.00      0.03      0.00      0.00      0.00      0.03
10:29:54 PM      0.00      0.00      0.00      0.02      0.00      0.00      0.00      0.02
10:29:59 PM      0.00      0.00      0.00      0.07      0.00      0.00      0.00      0.06
10:30:04 PM      0.00      0.00      0.00      0.00      0.00      0.00      0.00      0.00
10:30:09 PM      0.00      0.00      0.00      0.02      0.00      0.00      0.00      0.02
10:30:14 PM      0.00      0.00      0.00      0.03      0.00      0.00      0.00      0.03
10:30:19 PM      0.00      0.00      0.00      0.01      0.00      0.00      0.00      0.01
10:30:24 PM      0.00      0.00      0.00      0.07      0.00      0.00      0.00      0.07
10:30:29 PM      0.00      0.00      0.00      0.02      0.00      0.00      0.00      0.02
10:30:34 PM      0.00      0.00      0.00      0.07      0.00      0.00      0.00      0.07
10:30:39 PM      0.00      0.00      0.00      0.04      0.00      0.00      0.00      0.04
10:30:44 PM      0.00      0.00      0.00      0.03      0.00      0.00      0.00      0.03
10:30:49 PM      0.00      0.00      0.00      0.01      0.00      0.00      0.00      0.01
10:30:54 PM      0.00      0.00      0.00      0.02      0.00      0.00      0.00      0.02
10:30:59 PM      0.00      0.00      0.00      0.04      0.00      0.00      0.00      0.04
10:31:04 PM      0.00      0.00      0.00      0.01      0.00      0.00      0.00      0.01
10:31:09 PM      0.00      0.00      0.00      0.02      0.00      0.00      0.00      0.02
10:31:14 PM      0.00      0.00      0.00      0.05      0.00      0.00      0.00      0.05
10:31:19 PM      0.00      0.00      0.00      0.02      0.00      0.00      0.00      0.02
10:31:24 PM      0.00      0.00      0.00      0.03      0.00      0.00      0.00      0.03
10:31:29 PM      0.00      0.00      0.00      0.02      0.00      0.00      0.00      0.02
10:31:34 PM      0.00      0.00      0.00      0.03      0.00      0.00      0.00      0.03
10:31:39 PM      0.00      0.00      0.00      0.03      0.00      0.00      0.00      0.03
10:31:44 PM      0.00      0.00      0.00      0.02      0.00      0.00      0.00      0.02
10:31:49 PM      0.00      0.00      0.00      0.01      0.00      0.00      0.00      0.01
10:31:54 PM      0.00      0.00      0.00      0.02      0.00      0.00      0.00      0.02
10:31:59 PM      0.00      0.00      0.00      0.04      0.00      0.00      0.00      0.04
10:32:04 PM      0.00      0.00      0.00      0.03      0.00      0.00      0.00      0.03
10:32:09 PM      0.00      0.00      0.00      0.01      0.00      0.00      0.00      0.01
10:32:14 PM      0.00      0.00      0.00      0.03      0.00      0.00      0.00      0.03
10:32:19 PM      0.00      0.00      0.00      0.04      0.00      0.00      0.00      0.04
10:32:24 PM      0.00      0.00      0.00      0.01      0.00      0.00      0.00      0.01
10:32:29 PM      0.00      0.00      0.00      0.01      0.00      0.00      0.00      0.01
10:32:34 PM      0.00      0.00      0.00      0.02      0.00      0.00      0.00      0.02
10:32:39 PM      0.00      0.00      0.00      0.02      0.00      0.00      0.00      0.02
10:32:44 PM      0.00      0.00      0.00      0.02      0.00      0.00      0.00      0.02
10:32:49 PM      0.00      0.00      0.00      0.03      0.00      0.00      0.00      0.03
10:32:54 PM      0.00      0.00      0.00      0.01      0.00      0.00      0.00      0.01
10:32:59 PM      0.00      0.00      0.00      0.04      0.00      0.00      0.00      0.04
10:33:04 PM      0.00      0.00      0.00      0.00      0.00      0.00      0.00      0.00
10:33:09 PM      0.00      0.00      0.00      0.12      0.00      0.00      0.00      0.12
10:33:14 PM      0.00      0.00      0.00      0.01      0.00      0.00      0.00      0.01
10:33:19 PM      0.00      0.00      0.00      0.02      0.00      0.00      0.00      0.02
10:33:24 PM      0.00      0.00      0.00      0.04      0.00      0.00      0.00      0.03
10:33:29 PM      0.00      0.00      0.00      0.01      0.00      0.00      0.00      0.01
10:33:34 PM      0.00      0.00      0.00      0.03      0.00      0.00      0.00      0.03
10:33:39 PM      0.00      0.00      0.00      0.03      0.00      0.00      0.00      0.03
10:33:44 PM      0.00      0.00      0.00      0.02      0.00      0.00      0.00      0.02
10:33:49 PM      0.00      0.00      0.00      0.04      0.00      0.00      0.00      0.04
10:33:54 PM      0.00      0.00      0.00      0.03      0.00      0.00      0.00      0.03
10:33:59 PM      0.00      0.00      0.00      0.02      0.00      0.00      0.00      0.02
10:34:04 PM      0.00      0.00      0.00      0.01      0.00      0.00      0.00      0.01
10:34:09 PM      0.00      0.00      0.00      0.05      0.00      0.00      0.00      0.05
10:34:14 PM      0.00      0.00      0.00      0.02      0.00      0.00      0.00      0.02
10:34:19 PM      0.00      0.00      0.00      0.01      0.00      0.00      0.00      0.01
10:34:24 PM      0.00      0.00      0.00      0.03      0.00      0.00      0.00      0.03
10:34:29 PM      0.00      0.00      0.00      0.04      0.00      0.00      0.00      0.04
10:34:34 PM      0.00      0.00      0.00      0.01      0.00      0.00      0.00      0.01
10:34:39 PM      0.00      0.00      0.00      0.01      0.00      0.00      0.00      0.01
10:34:44 PM      0.00      0.00      0.00      0.02      0.00      0.00      0.00      0.02
10:34:49 PM      0.00      0.00      0.00      0.02      0.00      0.00      0.00      0.02
10:34:54 PM      0.00      0.00      0.00      0.02      0.00      0.00      0.00      0.02
10:34:59 PM      0.00      0.00      0.00      0.01      0.00      0.00      0.00      0.01
10:35:04 PM      0.00      0.00      0.00      0.07      0.00      0.00      0.00      0.07
10:35:09 PM      0.00      0.00      0.00      0.02      0.00      0.00      0.00      0.02
10:35:14 PM      0.00      0.00      0.00      0.01      0.00      0.00      0.00      0.01
10:35:19 PM      0.00      0.00      0.00      0.01      0.00      0.00      0.00      0.01
10:35:24 PM      0.00      0.00      0.00      0.02      0.00      0.00      0.00      0.02
10:35:29 PM      0.00      0.00      0.00      0.03      0.00      0.00      0.00      0.03
10:35:34 PM      0.00      0.00      0.00      0.02      0.00      0.00      0.00      0.02
10:35:39 PM      0.00      0.00      0.00      0.03      0.00      0.00      0.00      0.03
10:35:44 PM      0.00      0.00      0.00      0.01      0.00      0.00      0.00      0.01
10:35:49 PM      0.00      0.00      0.00      0.04      0.00      0.00      0.00      0.04
10:35:54 PM      0.00      0.00      0.00      0.01      0.00      0.00      0.00      0.01
10:35:59 PM      0.00      0.00      0.00      0.04      0.00      0.00      0.00      0.04
10:36:04 PM      0.00      0.00      0.00      0.00      0.00      0.00      0.00      0.00
10:36:09 PM      0.00      0.00      0.00      0.01      0.00      0.00      0.00      0.01
10:36:14 PM      0.00      0.00      0.00      0.02      0.00      0.00      0.00      0.02
10:36:19 PM      0.00      0.00      0.00      0.03      0.00      0.00      0.00      0.03
10:36:24 PM      0.00      0.00      0.00      0.02      0.00      0.00      0.00      0.02
10:36:29 PM      0.00      0.00      0.00      0.01      0.00      0.00      0.00      0.01
10:36:34 PM      0.00      0.00      0.00      0.03      0.00      0.00      0.00      0.03
10:36:39 PM      0.00      0.00      0.00      0.03      0.00      0.00      0.00      0.03
10:36:44 PM      0.00      0.00      0.00      0.01      0.00      0.00      0.00      0.01
10:36:49 PM      0.00      0.00      0.00      0.03      0.00      0.00      0.00      0.03
10:36:54 PM      0.00      0.00      0.00      0.01      0.00      0.00      0.00      0.01
10:36:59 PM      0.00      0.00      0.00      0.05      0.00      0.00      0.00      0.05
10:37:04 PM      0.00      0.00      0.00      0.01      0.00      0.00      0.00      0.01
10:37:09 PM      0.00      0.00      0.00      0.02      0.00      0.00      0.00      0.02
10:37:14 PM      0.00      0.00      0.00      0.02      0.00      0.00      0.00      0.02
10:37:19 PM      0.00      0.00      0.00      0.03      0.00      0.00      0.00      0.03
10:37:24 PM      0.00      0.00      0.00      0.01      0.00      0.00      0.00      0.01
10:37:29 PM      0.00      0.00      0.00      0.02      0.00      0.00      0.00      0.02
10:37:34 PM      0.00      0.00      0.00      0.01      0.00      0.00      0.00      0.01
10:37:39 PM      0.00      0.00      0.00      0.01      0.00      0.00      0.00      0.01
10:37:44 PM      0.00      0.00      0.00      0.02      0.00      0.00      0.00      0.02
10:37:49 PM      0.00      0.00      0.00      0.01      0.00      0.00      0.00      0.01
10:37:54 PM      0.00      0.00      0.00      0.07      0.00      0.00      0.00      0.07
10:37:59 PM      0.00      0.00      0.00      0.01      0.00      0.00      0.00      0.01
10:38:04 PM      0.00      0.00      0.00      0.03      0.00      0.00      0.00      0.03
10:38:09 PM      0.00      0.00      0.00      0.02      0.00      0.00      0.00      0.02
10:38:14 PM      0.00      0.00      0.00      0.01      0.00      0.00      0.00      0.01
10:38:19 PM      0.00      0.00      0.00      0.02      0.00      0.00      0.00      0.02
10:38:24 PM      0.00      0.00      0.00      0.01      0.00      0.00      0.00      0.01
10:38:29 PM      0.00      0.00      0.00      0.03      0.00      0.00      0.00      0.03
10:38:34 PM      0.00      0.00      0.00      0.02      0.00      0.00      0.00      0.02
10:38:39 PM      0.00      0.00      0.00      0.02      0.00      0.00      0.00      0.02
10:38:44 PM      0.00      0.00      0.00      0.01      0.00      0.00      0.00      0.01
10:38:49 PM      0.00      0.00      0.00      0.03      0.00      0.00      0.00      0.03
10:38:54 PM      0.00      0.00      0.00      0.03      0.00      0.00      0.00      0.03
10:38:59 PM      0.00      0.00      0.00      0.01      0.00      0.00      0.00      0.01
10:39:04 PM      0.00      0.00      0.00      0.03      0.00      0.00      0.00      0.03
10:39:09 PM      0.00      0.00      0.00      0.00      0.00      0.00      0.00      0.00
10:39:14 PM      0.00      0.00      0.00      0.01      0.00      0.00      0.00      0.01
10:39:19 PM      0.00      0.00      0.00      0.00      0.00      0.00      0.00      0.00
10:39:24 PM      0.00      0.00      0.00      0.03      0.00      0.00      0.00      0.02
10:39:29 PM      0.00      0.00      0.00      0.02      0.00      0.00      0.00      0.02
10:39:34 PM      0.00      0.00      0.00      0.02      0.00      0.00      0.00      0.02
10:39:39 PM      0.00      0.00      0.00      0.01      0.00      0.00      0.00      0.01
10:39:44 PM      0.00      0.00      0.00      0.03      0.00      0.00      0.00      0.03
10:39:49 PM      0.00      0.00      0.00      0.03      0.00      0.00      0.00      0.03
10:39:54 PM      0.00      0.00      0.00      0.01      0.00      0.00      0.00      0.01
10:39:59 PM      0.00      0.00      0.00      0.01      0.00      0.00      0.00      0.01
10:40:04 PM      0.00      0.00      0.00      0.02      0.00      0.00      0.00      0.02
10:40:09 PM      0.00      0.00      0.00      0.01      0.00      0.00      0.00      0.01
10:40:14 PM      0.00      0.00      0.00      0.01      0.00      0.00      0.00      0.01
10:40:19 PM      0.00      0.00      0.00      0.03      0.00      0.00      0.00      0.03
10:40:24 PM      0.00      0.00      0.00      0.04      0.00      0.00      0.00      0.04
10:40:29 PM      0.00      0.00      0.00      0.03      0.00      0.00      0.00      0.03
10:40:34 PM      0.00      0.00      0.00      0.06      0.00      0.00      0.00      0.06
10:40:39 PM      0.00      0.00      0.00      0.02      0.00      0.00      0.00      0.02
10:40:44 PM      0.00      0.00      0.00      0.02      0.00      0.00      0.00      0.02
10:40:49 PM      0.00      0.00      0.00      0.02      0.00      0.00      0.00      0.02
10:40:54 PM      0.00      0.00      0.00      0.03      0.00      0.00      0.00      0.03
10:40:59 PM      0.00      0.00      0.00      0.01      0.00      0.00      0.00      0.01
10:41:04 PM      0.00      0.00      0.00      0.02      0.00      0.00      0.00      0.02
10:41:09 PM      0.00      0.00      0.00      0.02      0.00      0.00      0.00      0.02
10:41:14 PM      0.00      0.00      0.00      0.01      0.00      0.00      0.00      0.01
10:41:19 PM      0.00      0.00      0.00      0.02      0.00      0.00      0.00      0.02
10:41:24 PM      0.00      0.00      0.00      0.03      0.00      0.00      0.00      0.03
10:41:29 PM      0.00      0.00      0.00      0.03      0.00      0.00      0.00      0.03
10:41:34 PM      0.00      0.00      0.00      0.01      0.00      0.00      0.00      0.01
10:41:39 PM      0.00      0.00      0.00      0.03      0.00      0.00      0.00      0.03
10:41:44 PM      0.00      0.00      0.00      0.01      0.00      0.00      0.00      0.01
10:41:49 PM      0.00      0.00      0.00      0.02      0.00      0.00      0.00      0.02
10:41:54 PM      0.00      0.00      0.00      0.03      0.00      0.00      0.00      0.03
10:41:59 PM      0.00      0.00      0.00      0.01      0.00      0.00      0.00      0.01
10:42:04 PM      0.00      0.00      0.00      0.02      0.00      0.00      0.00      0.02
10:42:09 PM      0.00      0.00      0.00      0.00      0.00      0.00      0.00      0.00
10:42:14 PM      0.00      0.00      0.00      0.03      0.00      0.00      0.00      0.03
10:42:19 PM      0.00      0.00      0.00      0.01      0.00      0.00      0.00      0.01
10:42:24 PM      0.00      0.00      0.00      0.05      0.00      0.00      0.00      0.05
10:42:29 PM      0.00      0.00      0.00      0.02      0.00      0.00      0.00      0.02
10:42:34 PM      0.00      0.00      0.00      0.01      0.00      0.00      0.00      0.01
10:42:39 PM      0.00      0.00      0.00      0.02      0.00      0.00      0.00      0.02
10:42:44 PM      0.00      0.00      0.00      0.01      0.00      0.00      0.00      0.01
10:42:49 PM      0.00      0.00      0.00      0.03      0.00      0.00      0.00      0.03
10:42:54 PM      0.00      0.00      0.00      0.01      0.00      0.00      0.00      0.01
10:42:59 PM      0.00      0.00      0.00      0.02      0.00      0.00      0.00      0.02
10:43:04 PM      0.00      0.00      0.00      0.01      0.00      0.00      0.00      0.01
10:43:09 PM      0.00      0.00      0.00      0.03      0.00      0.00      0.00      0.03
10:43:14 PM      0.00      0.00      0.00      0.05      0.00      0.00      0.00      0.05
10:43:19 PM      0.00      0.00      0.00      0.01      0.00      0.00      0.00      0.01
10:43:24 PM      0.00      0.00      0.00      0.02      0.00      0.00      0.00      0.02
10:43:29 PM      0.00      0.00      0.00      0.02      0.00      0.00      0.00      0.02
10:43:34 PM      0.00      0.00      0.00      0.03      0.00      0.00      0.00      0.03
10:43:39 PM      0.00      0.00      0.00      0.04      0.00      0.00      0.00      0.04
10:43:44 PM      0.00      0.00      0.00      0.04      0.00      0.00      0.00      0.04
10:43:49 PM      0.00      0.00      0.00      0.02      0.00      0.00      0.00      0.01
10:43:54 PM      0.00      0.00      0.00      0.02      0.00      0.00      0.00      0.02
10:43:59 PM      0.00      0.00      0.00      0.00      0.00      0.00      0.00      0.00
10:44:04 PM      0.00      0.00      0.00      0.00      0.00      0.00      0.00      0.00
10:44:09 PM      0.00      0.00      0.00      0.04      0.00      0.00      0.00      0.04
10:44:14 PM      0.00      0.00      0.00      0.02      0.00      0.00      0.00      0.02
10:44:19 PM      0.00      0.00      0.00      0.01      0.00      0.00      0.00      0.01
10:44:24 PM      0.00      0.00      0.00      0.00      0.00      0.00      0.00      0.00
10:44:29 PM      0.00      0.00      0.00      0.01      0.00      0.00      0.00      0.01
10:44:34 PM      0.00      0.00      0.00      0.00      0.00      0.00      0.00      0.00
10:44:39 PM      0.00      0.00      0.00      0.00      0.00      0.00      0.00      0.00
10:44:44 PM      0.00      0.00      0.00      0.00      0.00      0.00      0.00      0.00
10:44:49 PM      0.00      0.00      0.00      0.04      0.00      0.00      0.00      0.04
10:44:54 PM      0.00      0.00      0.00      0.01      0.00      0.00      0.00      0.01
10:44:59 PM      0.00      0.00      0.00      0.01      0.00      0.00      0.00      0.01
10:45:04 PM      0.00      0.00      0.00      0.01      0.00      0.00      0.00      0.01
10:45:09 PM      0.00      0.00      0.00      0.01      0.00      0.00      0.00      0.01
10:45:14 PM      0.00      0.00      0.00      0.01      0.00      0.00      0.00      0.00
10:45:19 PM      0.00      0.00      0.00      0.02      0.00      0.00      0.00      0.02
10:45:24 PM      0.00      0.00      0.00      0.01      0.00      0.00      0.00      0.01
10:45:29 PM      0.00      0.00      0.00      0.01      0.00      0.00      0.00      0.01
10:45:34 PM      0.00      0.00      0.00      0.00      0.00      0.00      0.00      0.00
10:45:39 PM      0.00      0.00      0.00      0.00      0.00      0.00      0.00      0.00
10:45:44 PM      0.00      0.00      0.00      0.00      0.00      0.00      0.00      0.00
10:45:49 PM      0.00      0.00      0.00      0.01      0.00      0.00      0.00      0.01
10:45:54 PM      0.00      0.00      0.00      0.00      0.00      0.00      0.00      0.00
10:45:59 PM      0.00      0.00      0.00      0.00      0.00      0.00      0.00      0.00
10:46:04 PM      0.00      0.00      0.00      0.01      0.00      0.00      0.00      0.01
10:46:09 PM      0.00      0.00      0.00      0.00      0.00      0.00      0.00      0.00
10:46:14 PM      0.00      0.00      0.00      0.05      0.00      0.00      0.00      0.04
10:46:19 PM      0.00      0.00      0.00      0.00      0.00      0.00      0.00      0.00
10:46:24 PM      0.00      0.00      0.00      0.04      0.00      0.00      0.00      0.04
10:46:29 PM      0.00      0.00      0.00      0.03      0.00      0.00      0.00      0.03
10:46:34 PM      0.00      0.00      0.00      0.02      0.00      0.00      0.00      0.02
10:46:39 PM      0.00      0.00      0.00      0.00      0.00      0.00      0.00      0.00
10:46:44 PM      0.00      0.00      0.00      0.02      0.00      0.00      0.00      0.02
10:46:49 PM      0.00      0.00      0.00      0.02      0.00      0.00      0.00      0.02
10:46:54 PM      0.00      0.00      0.00      0.01      0.00      0.00      0.00      0.01
10:46:59 PM      0.00      0.00      0.00      0.01      0.00      0.00      0.00      0.01
10:47:04 PM      0.00      0.00      0.00      0.02      0.00      0.00      0.00      0.02
10:47:09 PM      0.00      0.00      0.00      0.01      0.00      0.00      0.00      0.01
10:47:14 PM      0.00      0.00      0.00      0.04      0.00      0.00      0.00      0.04
10:47:19 PM      0.00      0.00      0.00      0.01      0.00      0.00      0.00      0.01
10:47:24 PM      0.00      0.00      0.00      0.01      0.00      0.00      0.00      0.01
10:47:29 PM      0.00      0.00      0.00      0.03      0.00      0.00      0.00      0.03
10:47:34 PM      0.00      0.00      0.00      0.02      0.00      0.00      0.00      0.02
10:47:39 PM      0.00      0.00      0.00      0.00      0.00      0.00      0.00      0.00
10:47:44 PM      0.00      0.00      0.00      0.00      0.00      0.00      0.00      0.00
10:47:49 PM      0.00      0.00      0.00      0.01      0.00      0.00      0.00      0.01
10:47:54 PM      0.00      0.00      0.00      0.01      0.00      0.00      0.00      0.01
10:47:59 PM      0.00      0.00      0.00      0.02      0.00      0.00      0.00      0.02
10:48:04 PM      0.00      0.00      0.00      0.00      0.00      0.00      0.00      0.00
10:48:09 PM      0.00      0.00      0.00      0.07      0.00      0.00      0.00      0.07
10:48:14 PM      0.00      0.00      0.00      0.00      0.00      0.00      0.00      0.00
10:48:19 PM      0.00      0.00      0.00      0.01      0.00      0.00      0.00      0.01
10:48:24 PM      0.00      0.00      0.00      0.01      0.00      0.00      0.00      0.01
10:48:29 PM      0.00      0.00      0.00      0.00      0.00      0.00      0.00      0.00
10:48:34 PM      0.00      0.00      0.00      0.00      0.00      0.00      0.00      0.00
10:48:39 PM      0.00      0.00      0.00      0.00      0.00      0.00      0.00      0.00
10:48:44 PM      0.00      0.00      0.00      0.00      0.00      0.00      0.00      0.00
10:48:49 PM      0.00      0.00      0.00      0.00      0.00      0.00      0.00      0.00
10:48:54 PM      0.00      0.00      0.00      0.00      0.00      0.00      0.00      0.00
10:48:59 PM      0.00      0.00      0.00      0.01      0.00      0.00      0.00      0.01
10:49:04 PM      0.00      0.00      0.00      0.01      0.00      0.00      0.00      0.01
10:49:09 PM      0.00      0.00      0.00      0.01      0.00      0.00      0.00      0.01
10:49:14 PM      0.00      0.00      0.00      0.07      0.00      0.00      0.00      0.07
10:49:19 PM      0.00      0.00      0.00      0.01      0.00      0.00      0.00      0.01
10:49:24 PM      0.00      0.00      0.00      0.01      0.00      0.00      0.00      0.01
10:49:29 PM      0.00      0.00      0.00      0.05      0.00      0.00      0.00      0.05
10:49:34 PM      0.00      0.00      0.00      0.00      0.00      0.00      0.00      0.00
10:49:39 PM      0.00      0.00      0.00      0.02      0.00      0.00      0.00      0.02
10:49:44 PM      0.00      0.00      0.00      0.00      0.00      0.00      0.00      0.00
10:49:49 PM      0.00      0.00      0.00      0.00      0.00      0.00      0.00      0.00
10:49:54 PM      0.00      0.00      0.00      0.02      0.00      0.00      0.00      0.02
10:49:59 PM      0.00      0.00      0.00      0.01      0.00      0.00      0.00      0.01
10:50:04 PM      0.00      0.00      0.00      0.02      0.00      0.00      0.00      0.02
10:50:09 PM      0.00      0.00      0.00      0.01      0.00      0.00      0.00      0.01
10:50:14 PM      0.00      0.00      0.00      0.01      0.00      0.00      0.00      0.01
10:50:19 PM      0.00      0.00      0.00      0.02      0.00      0.00      0.00      0.02
10:50:24 PM      0.00      0.00      0.00      0.01      0.00      0.00      0.00      0.01
10:50:29 PM      0.00      0.00      0.00      0.02      0.00      0.00      0.00      0.02
10:50:34 PM      0.00      0.00      0.00      0.04      0.00      0.00      0.00      0.04
10:50:39 PM      0.00      0.00      0.00      0.01      0.00      0.00      0.00      0.01
10:50:44 PM      0.00      0.00      0.00      0.02      0.00      0.00      0.00      0.02
10:50:49 PM      0.00      0.00      0.00      0.00      0.00      0.00      0.00      0.00
10:50:54 PM      0.00      0.00      0.00      0.00      0.00      0.00      0.00      0.00
10:50:59 PM      0.00      0.00      0.00      0.00      0.00      0.00      0.00      0.00
10:51:04 PM      0.00      0.00      0.00      0.00      0.00      0.00      0.00      0.00
10:51:09 PM      0.00      0.00      0.00      0.00      0.00      0.00      0.00      0.00
10:51:14 PM      0.00      0.00      0.00      0.01      0.00      0.00      0.00      0.01
10:51:19 PM      0.00      0.00      0.00      0.00      0.00      0.00      0.00      0.00
10:51:24 PM      0.00      0.00      0.00      0.05      0.00      0.00      0.00      0.05
10:51:29 PM      0.00      0.00      0.00      0.08      0.00      0.00      0.00      0.08
10:51:34 PM      0.00      0.00      0.00      0.00      0.00      0.00      0.00      0.00
10:51:39 PM      0.00      0.00      0.00      0.00      0.00      0.00      0.00      0.00
10:51:44 PM      0.00      0.00      0.00      0.01      0.00      0.00      0.00      0.01
10:51:49 PM      0.00      0.00      0.00      0.02      0.00      0.00      0.00      0.02
10:51:54 PM      0.00      0.00      0.00      0.01      0.00      0.00      0.00      0.01
10:51:59 PM      0.00      0.00      0.00      0.03      0.00      0.00      0.00      0.03
10:52:04 PM      0.00      0.00      0.00      0.08      0.00      0.00      0.00      0.08
10:52:09 PM      0.00      0.00      0.00      0.00      0.00      0.00      0.00      0.00
10:52:14 PM      0.00      0.00      0.00      0.01      0.00      0.00      0.00      0.01
10:52:19 PM      0.00      0.00      0.00      0.01      0.00      0.00      0.00      0.01
10:52:24 PM      0.00      0.00      0.00      0.00      0.00      0.00      0.00      0.00
10:52:29 PM      0.00      0.00      0.00      0.03      0.00      0.00      0.00      0.03
10:52:34 PM      0.00      0.00      0.00      0.01      0.00      0.00      0.00      0.01
10:52:39 PM      0.00      0.00      0.00      0.05      0.00      0.00      0.00      0.05
10:52:44 PM      0.00      0.00      0.00      0.01      0.00      0.00      0.00      0.01
10:52:49 PM      0.00      0.00      0.00      0.01      0.00      0.00      0.00      0.01
10:52:54 PM      0.00      0.00      0.00      0.00      0.00      0.00      0.00      0.00
10:52:59 PM      0.00      0.00      0.00      0.01      0.00      0.00      0.00      0.01
10:53:04 PM      0.00      0.00      0.00      0.00      0.00      0.00      0.00      0.00
10:53:09 PM      0.00      0.00      0.00      0.00      0.00      0.00      0.00      0.00
10:53:14 PM      0.00      0.00      0.00      0.01      0.00      0.00      0.00      0.01
10:53:19 PM      0.00      0.00      0.00      0.01      0.00      0.00      0.00      0.01
10:53:24 PM      0.00      0.00      0.00      0.02      0.00      0.00      0.00      0.02
10:53:29 PM      0.00      0.00      0.00      0.03      0.00      0.00      0.00      0.03
10:53:34 PM      0.00      0.00      0.00      0.01      0.00      0.00      0.00      0.01
10:53:39 PM      0.00      0.00      0.00      0.01      0.00      0.00      0.00      0.01
10:53:44 PM      0.00      0.00      0.00      0.05      0.00      0.00      0.00      0.05
10:53:49 PM      0.00      0.00      0.00      0.02      0.00      0.00      0.00      0.01
10:53:54 PM      0.00      0.00      0.00      0.00      0.00      0.00      0.00      0.00
10:53:59 PM      0.00      0.00      0.00      0.00      0.00      0.00      0.00      0.00
10:54:04 PM      0.00      0.00      0.00      0.00      0.00      0.00      0.00      0.00
10:54:09 PM      0.00      0.00      0.00      0.00      0.00      0.00      0.00      0.00
10:54:14 PM      0.00      0.00      0.00      0.02      0.00      0.00      0.00      0.01
10:54:19 PM      0.00      0.00      0.00      0.03      0.00      0.00      0.00      0.03
10:54:24 PM      0.00      0.00      0.00      0.04      0.00      0.00      0.00      0.03
10:54:29 PM      0.00      0.00      0.00      0.03      0.00      0.00      0.00      0.02
10:54:34 PM      0.00      0.00      0.00      0.01      0.00      0.00      0.00      0.01
10:54:39 PM      0.00      0.00      0.00      0.01      0.00      0.00      0.00      0.01
10:54:44 PM      0.00      0.00      0.00      0.01      0.00      0.00      0.00      0.01
10:54:49 PM      0.00      0.00      0.00      0.02      0.00      0.00      0.00      0.02
10:54:54 PM      0.00      0.00      0.00      0.01      0.00      0.00      0.00      0.01
10:54:59 PM      0.00      0.00      0.00      0.00      0.00      0.00      0.00      0.00
10:55:04 PM      0.00      0.00      0.00      0.00      0.00      0.00      0.00      0.00
10:55:09 PM      0.00      0.00      0.00      0.01      0.00      0.00      0.00      0.01
10:55:14 PM      0.00      0.00      0.00      0.00      0.00      0.00      0.00      0.00
10:55:19 PM      0.00      0.00      0.00      0.00      0.00      0.00      0.00      0.00
10:55:24 PM      0.00      0.00      0.00      0.03      0.00      0.00      0.00      0.03
10:55:29 PM      0.00      0.00      0.00      0.05      0.00      0.00      0.00      0.05
10:55:34 PM      0.00      0.00      0.00      0.01      0.00      0.00      0.00      0.01
10:55:39 PM      0.00      0.00      0.00      0.03      0.00      0.00      0.00      0.03
10:55:44 PM      0.00      0.00      0.00      0.00      0.00      0.00      0.00      0.00
10:55:49 PM      0.00      0.00      0.00      0.01      0.00      0.00      0.00      0.01
10:55:54 PM      0.00      0.00      0.00      0.00      0.00      0.00      0.00      0.00
10:55:59 PM      0.00      0.00      0.00      0.00      0.00      0.00      0.00      0.00
10:56:04 PM      0.00      0.00      0.00      0.01      0.00      0.00      0.00      0.01
10:56:09 PM      0.00      0.00      0.00      0.00      0.00      0.00      0.00      0.00
10:56:14 PM      0.00      0.00      0.00      0.01      0.00      0.00      0.00      0.01
10:56:19 PM      0.00      0.00      0.00      0.01      0.00      0.00      0.00      0.01
10:56:24 PM      0.00      0.00      0.00      0.00      0.00      0.00      0.00      0.00
10:56:29 PM      0.00      0.00      0.00      0.00      0.00      0.00      0.00      0.00
10:56:34 PM      0.00      0.00      0.00      0.00      0.00      0.00      0.00      0.00
10:56:39 PM      0.00      0.00      0.00      0.01      0.00      0.00      0.00      0.01
10:56:44 PM      0.00      0.00      0.00      0.00      0.00      0.00      0.00      0.00
10:56:49 PM      0.00      0.00      0.00      0.00      0.00      0.00      0.00      0.00
10:56:54 PM      0.00      0.00      0.00      0.03      0.00      0.00      0.00      0.03
10:56:59 PM      0.00      0.00      0.00      0.00      0.00      0.00      0.00      0.00
10:57:04 PM      0.00      0.00      0.00      0.00      0.00      0.00      0.00      0.00
10:57:09 PM      0.00      0.00      0.00      0.00      0.00      0.00      0.00      0.00
10:57:14 PM      0.00      0.00      0.00      0.00      0.00      0.00      0.00      0.00
10:57:19 PM      0.00      0.00      0.00      0.01      0.00      0.00      0.00      0.01
10:57:24 PM      0.00      0.00      0.00      0.00      0.00      0.00      0.00      0.00
10:57:29 PM      0.00      0.00      0.00      0.03      0.00      0.00      0.00      0.03
10:57:34 PM      0.00      0.00      0.00      0.01      0.00      0.00      0.00      0.01
10:57:39 PM      0.00      0.00      0.00      0.00      0.00      0.00      0.00      0.00
10:57:44 PM      0.00      0.00      0.00      0.03      0.00      0.00      0.00      0.03
10:57:49 PM      0.00      0.00      0.00      0.02      0.00      0.00      0.00      0.02
10:57:54 PM      0.00      0.00      0.00      0.04      0.00      0.00      0.00      0.04
10:57:59 PM      0.00      0.00      0.00      0.00      0.00      0.00      0.00      0.00
10:58:04 PM      0.00      0.00      0.00      0.05      0.00      0.00      0.00      0.05
10:58:09 PM      0.00      0.00      0.00      0.04      0.00      0.00      0.00      0.04
10:58:14 PM      0.00      0.00      0.00      0.03      0.00      0.00      0.00      0.03
10:58:19 PM      0.00      0.00      0.00      0.01      0.00      0.00      0.00      0.01
10:58:24 PM      0.00      0.00      0.00      0.02      0.00      0.00      0.00      0.02
10:58:29 PM      0.00      0.00      0.00      0.01      0.00      0.00      0.00      0.01
10:58:34 PM      0.00      0.00      0.00      0.00      0.00      0.00      0.00      0.00
10:58:39 PM      0.00      0.00      0.00      0.00      0.00      0.00      0.00      0.00
10:58:44 PM      0.00      0.00      0.00      0.02      0.00      0.00      0.00      0.02
10:58:49 PM      0.00      0.00      0.00      0.00      0.00      0.00      0.00      0.00
10:58:54 PM      0.00      0.00      0.00      0.01      0.00      0.00      0.00      0.01
10:58:59 PM      0.00      0.00      0.00      0.00      0.00      0.00      0.00      0.00
10:59:04 PM      0.00      0.00      0.00      0.00      0.00      0.00      0.00      0.00
10:59:09 PM      0.00      0.00      0.00      0.03      0.00      0.00      0.00      0.03
10:59:14 PM      0.00      0.00      0.00      0.01      0.00      0.00      0.00      0.01
10:59:19 PM      0.00      0.00      0.00      0.00      0.00      0.00      0.00      0.00
10:59:24 PM      0.00      0.00      0.00      0.00      0.00      0.00      0.00      0.00
10:59:29 PM      0.00      0.00      0.00      0.00      0.00      0.00      0.00      0.00
10:59:34 PM      0.00      0.00      0.00      0.00      0.00      0.00      0.00      0.00
10:59:39 PM      0.00      0.00      0.00      0.00      0.00      0.00      0.00      0.00
10:59:44 PM      0.00      0.00      0.00      0.01      0.00      0.00      0.00      0.01
10:59:49 PM      0.00      0.00      0.00      0.02      0.00      0.00      0.00      0.02
10:59:54 PM      0.00      0.00      0.00      0.00      0.00      0.00      0.00      0.00
10:59:59 PM      0.00      0.00      0.00      0.05      0.00      0.00      0.00      0.05
11:00:04 PM      0.00      0.00      0.00      0.00      0.00      0.00      0.00      0.00
11:00:09 PM      0.00      0.00      0.00      0.04      0.00      0.00      0.00      0.04
11:00:14 PM      0.00      0.00      0.00      0.03      0.00      0.00      0.00      0.03
11:00:19 PM      0.00      0.00      0.00      0.01      0.00      0.00      0.00      0.01
11:00:24 PM      0.00      0.00      0.00      0.02      0.00      0.00      0.00      0.02
11:00:29 PM      0.00      0.00      0.00      0.01      0.00      0.00      0.00      0.01
11:00:34 PM      0.00      0.00      0.00      0.02      0.00      0.00      0.00      0.02
11:00:39 PM      0.00      0.00      0.00      0.00      0.00      0.00      0.00      0.00
11:00:44 PM      0.00      0.00      0.00      0.01      0.00      0.00      0.00      0.01
11:00:49 PM      0.00      0.00      0.00      0.03      0.00      0.00      0.00      0.03
11:00:54 PM      0.00      0.00      0.00      0.01      0.00      0.00      0.00      0.01
11:00:59 PM      0.00      0.00      0.00      0.02      0.00      0.00      0.00      0.02
11:01:04 PM      0.00      0.00      0.00      0.02      0.00      0.00      0.00      0.02
11:01:09 PM      0.00      0.00      0.00      0.01      0.00      0.00      0.00      0.01
11:01:14 PM      0.00      0.00      0.00      0.01      0.00      0.00      0.00      0.01
11:01:19 PM      0.00      0.00      0.00      0.05      0.00      0.00      0.00      0.05
11:01:24 PM      0.00      0.00      0.00      0.02      0.00      0.00      0.00      0.02
11:01:29 PM      0.00      0.00      0.00      0.01      0.00      0.00      0.00      0.01
11:01:34 PM      0.00      0.00      0.00      0.05      0.00      0.00      0.00      0.05
11:01:39 PM      0.00      0.00      0.00      0.00      0.00      0.00      0.00      0.00
11:01:44 PM      0.00      0.00      0.00      0.00      0.00      0.00      0.00      0.00
11:01:49 PM      0.00      0.00      0.00      0.00      0.00      0.00      0.00      0.00
11:01:54 PM      0.00      0.00      0.00      0.00      0.00      0.00      0.00      0.00
11:01:59 PM      0.00      0.00      0.00      0.00      0.00      0.00      0.00      0.00
11:02:04 PM      0.00      0.00      0.00      0.03      0.00      0.00      0.00      0.03
11:02:09 PM      0.00      0.00      0.00      0.00      0.00      0.00      0.00      0.00
11:02:14 PM      0.00      0.00      0.00      0.01      0.00      0.00      0.00      0.01
11:02:19 PM      0.00      0.00      0.00      0.00      0.00      0.00      0.00      0.00
11:02:24 PM      0.00      0.00      0.00      0.00      0.00      0.00      0.00      0.00
11:02:29 PM      0.00      0.00      0.00      0.00      0.00      0.00      0.00      0.00
11:02:34 PM      0.00      0.00      0.00      0.03      0.00      0.00      0.00      0.03
11:02:39 PM      0.00      0.00      0.00      0.01      0.00      0.00      0.00      0.01
11:02:44 PM      0.00      0.00      0.00      0.00      0.00      0.00      0.00      0.00
11:02:49 PM      0.00      0.00      0.00      0.02      0.00      0.00      0.00      0.02
11:02:54 PM      0.00      0.00      0.00      0.00      0.00      0.00      0.00      0.00
11:02:59 PM      0.00      0.00      0.00      0.02      0.00      0.00      0.00      0.02
11:03:04 PM      0.00      0.00      0.00      0.00      0.00      0.00      0.00      0.00
11:03:09 PM      0.00      0.00      0.00      0.00      0.00      0.00      0.00      0.00
11:03:14 PM      0.00      0.00      0.00      0.02      0.00      0.00      0.00      0.02
11:03:19 PM      0.00      0.00      0.00      0.01      0.00      0.00      0.00      0.01
11:03:24 PM      0.00      0.00      0.00      0.08      0.00      0.00      0.00      0.07
11:03:29 PM      0.00      0.00      0.00      0.01      0.00      0.00      0.00      0.01
11:03:34 PM      0.00      0.00      0.00      0.00      0.00      0.00      0.00      0.00
11:03:39 PM      0.00      0.00      0.00      0.00      0.00      0.00      0.00      0.00
11:03:44 PM      0.00      0.00      0.00      0.04      0.00      0.00      0.00      0.04
11:03:49 PM      0.00      0.00      0.00      0.01      0.00      0.00      0.00      0.01
11:03:54 PM      0.00      0.00      0.00      0.04      0.00      0.00      0.00      0.04
11:03:59 PM      0.00      0.00      0.00      0.01      0.00      0.00      0.00      0.01
11:04:04 PM      0.00      0.00      0.00      0.00      0.00      0.00      0.00      0.00
11:04:09 PM      0.00      0.00      0.00      0.03      0.00      0.00      0.00      0.03
11:04:14 PM      0.00      0.00      0.00      0.01      0.00      0.00      0.00      0.01
11:04:19 PM      0.00      0.00      0.00      0.01      0.00      0.00      0.00      0.01
11:04:24 PM      0.00      0.00      0.00      0.02      0.00      0.00      0.00      0.02
11:04:29 PM      0.00      0.00      0.00      0.06      0.00      0.00      0.00      0.06
11:04:34 PM      0.00      0.00      0.00      0.01      0.00      0.00      0.00      0.01
11:04:39 PM      0.00      0.00      0.00      0.00      0.00      0.00      0.00      0.00
11:04:44 PM      0.00      0.00      0.00      0.05      0.00      0.00      0.00      0.05
11:04:49 PM      0.00      0.00      0.00      0.00      0.00      0.00      0.00      0.00
11:04:54 PM      0.00      0.00      0.00      0.00      0.00      0.00      0.00      0.00
11:04:59 PM      0.00      0.00      0.00      0.00      0.00      0.00      0.00      0.00
11:05:04 PM      0.00      0.00      0.00      0.00      0.00      0.00      0.00      0.00
11:05:09 PM      0.00      0.00      0.00      0.00      0.00      0.00      0.00      0.00
11:05:14 PM      0.00      0.00      0.00      0.01      0.00      0.00      0.00      0.01
11:05:19 PM      0.00      0.00      0.00      0.01      0.00      0.00      0.00      0.01
11:05:24 PM      0.00      0.00      0.00      0.03      0.00      0.00      0.00      0.03
11:05:29 PM      0.00      0.00      0.00      0.04      0.00      0.00      0.00      0.04
11:05:34 PM      0.00      0.00      0.00      0.01      0.00      0.00      0.00      0.01
11:05:39 PM      0.00      0.00      0.00      0.04      0.00      0.00      0.00      0.04
11:05:44 PM      0.00      0.00      0.00      0.00      0.00      0.00      0.00      0.00
11:05:49 PM      0.00      0.00      0.00      0.01      0.00      0.00      0.00      0.01
11:05:54 PM      0.00      0.00      0.00      0.01      0.00      0.00      0.00      0.01
11:05:59 PM      0.00      0.00      0.00      0.02      0.00      0.00      0.00      0.02
11:06:04 PM      0.00      0.00      0.00      0.00      0.00      0.00      0.00      0.00
11:06:09 PM      0.00      0.00      0.00      0.00      0.00      0.00      0.00      0.00
11:06:14 PM      0.00      0.00      0.00      0.05      0.00      0.00      0.00      0.05
11:06:19 PM      0.00      0.00      0.00      0.03      0.00      0.00      0.00      0.03
11:06:24 PM      0.00      0.00      0.00      0.02      0.00      0.00      0.00      0.02
11:06:29 PM      0.00      0.00      0.00      0.02      0.00      0.00      0.00      0.02
11:06:34 PM      0.00      0.00      0.00      0.05      0.00      0.00      0.00      0.05
11:06:39 PM      0.00      0.00      0.00      0.00      0.00      0.00      0.00      0.00
11:06:44 PM      0.00      0.00      0.00      0.02      0.00      0.00      0.00      0.02
11:06:49 PM      0.00      0.00      0.00      0.02      0.00      0.00      0.00      0.02
11:06:54 PM      0.00      0.00      0.00      0.00      0.00      0.00      0.00      0.00
11:06:59 PM      0.00      0.00      0.00      0.01      0.00      0.00      0.00      0.01
11:07:04 PM      0.00      0.00      0.00      0.01      0.00      0.00      0.00      0.01
11:07:09 PM      0.00      0.00      0.00      0.07      0.00      0.00      0.00      0.07
11:07:14 PM      0.00      0.00      0.00      0.00      0.00      0.00      0.00      0.00
11:07:19 PM      0.00      0.00      0.00      0.00      0.00      0.00      0.00      0.00
11:07:24 PM      0.00      0.00      0.00      0.00      0.00      0.00      0.00      0.00
11:07:29 PM      0.00      0.00      0.00      0.01      0.00      0.00      0.00      0.01
11:07:34 PM      0.00      0.00      0.00      0.00      0.00      0.00      0.00      0.00
11:07:39 PM      0.00      0.00      0.00      0.00      0.00      0.00      0.00      0.00
11:07:44 PM      0.00      0.00      0.00      0.05      0.00      0.00      0.00      0.05
11:07:49 PM      0.00      0.00      0.00      0.00      0.00      0.00      0.00      0.00
11:07:54 PM      0.00      0.00      0.00      0.00      0.00      0.00      0.00      0.00
11:07:59 PM      0.00      0.00      0.00      0.00      0.00      0.00      0.00      0.00
11:08:04 PM      0.00      0.00      0.00      0.02      0.00      0.00      0.00      0.02
11:08:09 PM      0.00      0.00      0.00      0.03      0.00      0.00      0.00      0.02
11:08:14 PM      0.00      0.00      0.00      0.08      0.00      0.00      0.00      0.08
11:08:19 PM      0.00      0.00      0.00      0.05      0.00      0.00      0.00      0.05
11:08:24 PM      0.00      0.00      0.00      0.04      0.00      0.00      0.00      0.04
11:08:29 PM      0.00      0.00      0.00      0.03      0.00      0.00      0.00      0.03
11:08:34 PM      0.00      0.00      0.00      0.00      0.00      0.00      0.00      0.00
11:08:39 PM      0.00      0.00      0.00      0.02      0.00      0.00      0.00      0.02
11:08:44 PM      0.00      0.00      0.00      0.01      0.00      0.00      0.00      0.01
11:08:49 PM      0.00      0.00      0.00      0.00      0.00      0.00      0.00      0.00
11:08:54 PM      0.00      0.00      0.00      0.04      0.00      0.00      0.00      0.04
11:08:59 PM      0.00      0.00      0.00      0.00      0.00      0.00      0.00      0.00
11:09:04 PM      0.00      0.00      0.00      0.01      0.00      0.00      0.00      0.01
11:09:09 PM      0.00      0.00      0.00      0.05      0.00      0.00      0.00      0.05
11:09:14 PM      0.00      0.00      0.00      0.05      0.00      0.00      0.00      0.05
11:09:19 PM      0.00      0.00      0.00      0.00      0.00      0.00      0.00      0.00
11:09:24 PM      0.00      0.00      0.00      0.02      0.00      0.00      0.00      0.02
11:09:29 PM      0.00      0.00      0.00      0.02      0.00      0.00      0.00      0.02
11:09:34 PM      0.00      0.00      0.00      0.01      0.00      0.00      0.00      0.01
11:09:39 PM      0.00      0.00      0.00      0.00      0.00      0.00      0.00      0.00
11:09:44 PM      0.00      0.00      0.00      0.00      0.00      0.00      0.00      0.00
11:09:49 PM      0.00      0.00      0.00      0.02      0.00      0.00      0.00      0.02
11:09:54 PM      0.00      0.00      0.00      0.02      0.00      0.00      0.00      0.02
11:09:59 PM      0.00      0.00      0.00      0.01      0.00      0.00      0.00      0.01
11:10:04 PM      0.00      0.00      0.00      0.01      0.00      0.00      0.00      0.01
11:10:09 PM      0.00      0.00      0.00      0.00      0.00      0.00      0.00      0.00
11:10:14 PM      0.00      0.00      0.00      0.00      0.00      0.00      0.00      0.00
11:10:19 PM      0.00      0.00      0.00      0.00      0.00      0.00      0.00      0.00
11:10:24 PM      0.00      0.00      0.00      0.00      0.00      0.00      0.00      0.00
11:10:29 PM      0.00      0.00      0.00      0.00      0.00      0.00      0.00      0.00
11:10:34 PM      0.00      0.00      0.00      0.01      0.00      0.00      0.00      0.01
11:10:39 PM      0.00      0.00      0.00      0.03      0.00      0.00      0.00      0.03
11:10:44 PM      0.00      0.00      0.00      0.06      0.00      0.00      0.00      0.05
11:10:49 PM      0.00      0.00      0.00      0.01      0.00      0.00      0.00      0.01
11:10:54 PM      0.00      0.00      0.00      0.01      0.00      0.00      0.00      0.01
11:10:59 PM      0.00      0.00      0.00      0.01      0.00      0.00      0.00      0.01
11:11:04 PM      0.00      0.00      0.00      0.03      0.00      0.00      0.00      0.03
11:11:09 PM      0.00      0.00      0.00      0.01      0.00      0.00      0.00      0.01
11:11:14 PM      0.00      0.00      0.00      0.01      0.00      0.00      0.00      0.01
11:11:19 PM      0.00      0.00      0.00      0.04      0.00      0.00      0.00      0.04
11:11:24 PM      0.00      0.00      0.00      0.02      0.00      0.00      0.00      0.01
11:11:29 PM      0.00      0.00      0.00      0.00      0.00      0.00      0.00      0.00
11:11:34 PM      0.00      0.00      0.00      0.00      0.00      0.00      0.00      0.00
11:11:39 PM      0.00      0.00      0.00      0.01      0.00      0.00      0.00      0.01
11:11:44 PM      0.00      0.00      0.00      0.02      0.00      0.00      0.00      0.02
11:11:49 PM      0.00      0.00      0.00      0.01      0.00      0.00      0.00      0.01
11:11:54 PM      0.00      0.00      0.00      0.01      0.00      0.00      0.00      0.01
11:11:59 PM      0.00      0.00      0.00      0.00      0.00      0.00      0.00      0.00
11:12:04 PM      0.00      0.00      0.00      0.01      0.00      0.00      0.00      0.01
11:12:09 PM      0.00      0.00      0.00      0.01      0.00      0.00      0.00      0.01
11:12:14 PM      0.00      0.00      0.00      0.00      0.00      0.00      0.00      0.00
11:12:19 PM      0.00      0.00      0.00      0.02      0.00      0.00      0.00      0.02
11:12:24 PM      0.00      0.00      0.00      0.02      0.00      0.00      0.00      0.02
11:12:29 PM      0.00      0.00      0.00      0.01      0.00      0.00      0.00      0.01
11:12:34 PM      0.00      0.00      0.00      0.00      0.00      0.00      0.00      0.00
11:12:39 PM      0.00      0.00      0.00      0.00      0.00      0.00      0.00      0.00
11:12:44 PM      0.00      0.00      0.00      0.00      0.00      0.00      0.00      0.00
11:12:49 PM      0.00      0.00      0.00      0.00      0.00      0.00      0.00      0.00
11:12:54 PM      0.00      0.00      0.00      0.01      0.00      0.00      0.00      0.01
11:12:59 PM      0.00      0.00      0.00      0.01      0.00      0.00      0.00      0.01
11:13:04 PM      0.00      0.00      0.00      0.00      0.00      0.00      0.00      0.00
11:13:09 PM      0.00      0.00      0.00      0.02      0.00      0.00      0.00      0.02
11:13:14 PM      0.00      0.00      0.00      0.00      0.00      0.00      0.00      0.00
11:13:19 PM      0.00      0.00      0.00      0.00      0.00      0.00      0.00      0.00
11:13:24 PM      0.00      0.00      0.00      0.00      0.00      0.00      0.00      0.00
11:13:29 PM      0.00      0.00      0.00      0.02      0.00      0.00      0.00      0.02
11:13:34 PM      0.00      0.00      0.00      0.03      0.00      0.00      0.00      0.03
11:13:39 PM      0.00      0.00      0.00      0.00      0.00      0.00      0.00      0.00
11:13:44 PM      0.00      0.00      0.00      0.01      0.00      0.00      0.00      0.01
11:13:49 PM      0.00      0.00      0.00      0.04      0.00      0.00      0.00      0.04
11:13:54 PM      0.00      0.00      0.00      0.01      0.00      0.00      0.00      0.01
11:13:59 PM      0.00      0.00      0.00      0.04      0.00      0.00      0.00      0.04
11:14:04 PM      0.00      0.00      0.00      0.02      0.00      0.00      0.00      0.02
11:14:09 PM      0.00      0.00      0.00      0.02      0.00      0.00      0.00      0.02
11:14:14 PM      0.00      0.00      0.00      0.00      0.00      0.00      0.00      0.00
11:14:19 PM      0.00      0.00      0.00      0.01      0.00      0.00      0.00      0.01
11:14:24 PM      0.00      0.00      0.00      0.02      0.00      0.00      0.00      0.02
11:14:29 PM      0.00      0.00      0.00      0.04      0.00      0.00      0.00      0.03
11:14:34 PM      0.00      0.00      0.00      0.00      0.00      0.00      0.00      0.00
11:14:39 PM      0.00      0.00      0.00      0.01      0.00      0.00      0.00      0.01
11:14:44 PM      0.00      0.00      0.00      0.02      0.00      0.00      0.00      0.02
11:14:49 PM      0.00      0.00      0.00      0.00      0.00      0.00      0.00      0.00
11:14:54 PM      0.00      0.00      0.00      0.00      0.00      0.00      0.00      0.00
11:14:59 PM      0.00      0.00      0.00      0.03      0.00      0.00      0.00      0.03
11:15:04 PM      0.00      0.00      0.00      0.04      0.00      0.00      0.00      0.04
11:15:09 PM      0.00      0.00      0.00      0.00      0.00      0.00      0.00      0.00
11:15:14 PM      0.00      0.00      0.00      0.00      0.00      0.00      0.00      0.00
11:15:19 PM      0.00      0.00      0.00      0.01      0.00      0.00      0.00      0.01
11:15:24 PM      0.00      0.00      0.00      0.03      0.00      0.00      0.00      0.03
11:15:29 PM      0.00      0.00      0.00      0.01      0.00      0.00      0.00      0.01
11:15:34 PM      0.00      0.00      0.00      0.02      0.00      0.00      0.00      0.02
11:15:39 PM      0.00      0.00      0.00      0.00      0.00      0.00      0.00      0.00
11:15:44 PM      0.00      0.00      0.00      0.00      0.00      0.00      0.00      0.00
11:15:49 PM      0.00      0.00      0.00      0.01      0.00      0.00      0.00      0.01
11:15:54 PM      0.00      0.00      0.00      0.01      0.00      0.00      0.00      0.01
11:15:59 PM      0.00      0.00      0.00      0.02      0.00      0.00      0.00      0.02
11:16:04 PM      0.00      0.00      0.00      0.01      0.00      0.00      0.00      0.01
11:16:09 PM      0.00      0.00      0.00      0.01      0.00      0.00      0.00      0.01
11:16:14 PM      0.00      0.00      0.00      0.01      0.00      0.00      0.00      0.01
11:16:19 PM      0.00      0.00      0.00      0.47      0.00      0.00      0.00      0.26
11:16:24 PM      0.14      0.03      0.00      0.03      0.00      0.00      0.00      0.03
11:16:29 PM      0.08      0.02      0.00      0.04      0.00      0.00      0.00      0.04
11:16:34 PM      0.05      0.02      0.00      0.01      0.00      0.00      0.00      0.01
11:16:39 PM      0.02      0.02      0.00      0.03      0.00      0.00      0.00      0.03
11:16:44 PM      0.01      0.02      0.00      0.01      0.00      0.00      0.00      0.01
11:16:49 PM      0.00      0.01      0.00      0.03      0.00      0.00      0.00      0.03
11:16:54 PM      0.00      0.01      0.00      0.01      0.00      0.00      0.00      0.01
11:16:59 PM      0.00      0.01      0.00      0.01      0.00      0.00      0.00      0.01
11:17:04 PM      0.00      0.01      0.00      0.02      0.00      0.00      0.00      0.02
11:17:09 PM      0.00      0.01      0.00      0.02      0.00      0.00      0.00      0.02
11:17:14 PM      0.00      0.01      0.00      0.04      0.00      0.00      0.00      0.03
11:17:19 PM      0.00      0.00      0.00      0.04      0.00      0.00      0.00      0.04
11:17:24 PM      0.00      0.00      0.00      0.04      0.00      0.00      0.00      0.04
11:17:29 PM      0.00      0.00      0.00      0.02      0.00      0.00      0.00      0.02
11:17:34 PM      0.00      0.00      0.00      0.03      0.00      0.00      0.00      0.03
11:17:39 PM      0.00      0.00      0.00      0.00      0.00      0.00      0.00      0.00
11:17:44 PM      0.00      0.00      0.00      0.01      0.00      0.00      0.00      0.01
11:17:49 PM      0.00      0.00      0.00      0.00      0.00      0.00      0.00      0.00
11:17:54 PM      0.00      0.00      0.00      0.03      0.00      0.00      0.00      0.03
11:17:59 PM      0.00      0.00      0.00      0.00      0.00      0.00      0.00      0.00
11:18:04 PM      0.00      0.00      0.00      0.00      0.00      0.00      0.00      0.00
11:18:09 PM      0.00      0.00      0.00      0.00      0.00      0.00      0.00      0.00
11:18:14 PM      0.00      0.00      0.00      0.00      0.00      0.00      0.00      0.00
11:18:19 PM      0.00      0.00      0.00      0.05      0.00      0.00      0.00      0.05
11:18:24 PM      0.00      0.00      0.00      0.00      0.00      0.00      0.00      0.00
11:18:29 PM      0.00      0.00      0.00      0.01      0.00      0.00      0.00      0.01
11:18:34 PM      0.00      0.00      0.00      0.01      0.00      0.00      0.00      0.01
11:18:39 PM      0.00      0.00      0.00      0.00      0.00      0.00      0.00      0.00
11:18:44 PM      0.00      0.00      0.00      0.00      0.00      0.00      0.00      0.00
11:18:49 PM      0.00      0.00      0.00      0.00      0.00      0.00      0.00      0.00
11:18:54 PM      0.00      0.00      0.00      0.01      0.00      0.00      0.00      0.01
11:18:59 PM      0.00      0.00      0.00      0.00      0.00      0.00      0.00      0.00
11:19:04 PM      0.00      0.00      0.00      0.00      0.00      0.00      0.00      0.00
11:19:09 PM      0.00      0.00      0.00      0.00      0.00      0.00      0.00      0.00
11:19:14 PM      0.00      0.00      0.00      0.00      0.00      0.00      0.00      0.00
11:19:19 PM      0.00      0.00      0.00      0.00      0.00      0.00      0.00      0.00
11:19:24 PM      0.00      0.00      0.00      0.01      0.00      0.00      0.00      0.01
11:19:29 PM      0.00      0.00      0.00      0.01      0.00      0.00      0.00      0.01
11:19:34 PM      0.00      0.00      0.00      0.00      0.00      0.00      0.00      0.00
11:19:39 PM      0.00      0.00      0.00      0.01      0.00      0.00      0.00      0.01
11:19:44 PM      0.00      0.00      0.00      0.00      0.00      0.00      0.00      0.00
11:19:49 PM      0.00      0.00      0.00      0.01      0.00      0.00      0.00      0.01
11:19:54 PM      0.00      0.00      0.00      0.01      0.00      0.00      0.00      0.01
11:19:59 PM      0.00      0.00      0.00      0.01      0.00      0.00      0.00      0.01
11:20:04 PM      0.00      0.00      0.00      0.01      0.00      0.00      0.00      0.01
11:20:09 PM      0.00      0.00      0.00      0.01      0.00      0.00      0.00      0.01
11:20:14 PM      0.00      0.00      0.00      0.00      0.00      0.00      0.00      0.00
11:20:19 PM      0.00      0.00      0.00      0.00      0.00      0.00      0.00      0.00
11:20:24 PM      0.00      0.00      0.00      0.05      0.00      0.00      0.00      0.05
11:20:29 PM      0.00      0.00      0.00      0.03      0.00      0.00      0.00      0.03
11:20:34 PM      0.00      0.00      0.00      0.02      0.00      0.00      0.00      0.02
11:20:39 PM      0.00      0.00      0.00      0.00      0.00      0.00      0.00      0.00
11:20:44 PM      0.00      0.00      0.00      0.04      0.00      0.00      0.00      0.04
11:20:49 PM      0.00      0.00      0.00      0.01      0.00      0.00      0.00      0.01
11:20:54 PM      0.00      0.00      0.00      0.00      0.00      0.00      0.00      0.00
11:20:59 PM      0.00      0.00      0.00      0.02      0.00      0.00      0.00      0.02
11:21:04 PM      0.00      0.00      0.00      0.00      0.00      0.00      0.00      0.00
11:21:09 PM      0.00      0.00      0.00      0.00      0.00      0.00      0.00      0.00
11:21:14 PM      0.00      0.00      0.00      0.00      0.00      0.00      0.00      0.00
11:21:19 PM      0.00      0.00      0.00      0.00      0.00      0.00      0.00      0.00
11:21:24 PM      0.00      0.00      0.00      0.02      0.00      0.00      0.00      0.02
11:21:29 PM      0.00      0.00      0.00      0.01      0.00      0.00      0.00      0.01
11:21:34 PM      0.00      0.00      0.00      0.04      0.00      0.00      0.00      0.04
11:21:39 PM      0.00      0.00      0.00      0.01      0.00      0.00      0.00      0.01
11:21:44 PM      0.00      0.00      0.00      0.02      0.00      0.00      0.00      0.02
11:21:49 PM      0.00      0.00      0.00      0.01      0.00      0.00      0.00      0.01
11:21:54 PM      0.00      0.00      0.00      0.02      0.00      0.00      0.00      0.02
11:21:59 PM      0.00      0.00      0.00      0.01      0.00      0.00      0.00      0.01
11:22:04 PM      0.00      0.00      0.00      0.07      0.00      0.00      0.00      0.07
11:22:09 PM      0.00      0.00      0.00      0.00      0.00      0.00      0.00      0.00
11:22:14 PM      0.00      0.00      0.00      0.08      0.00      0.00      0.00      0.08
11:22:19 PM      0.00      0.00      0.00      0.00      0.00      0.00      0.00      0.00
11:22:24 PM      0.00      0.00      0.00      0.00      0.00      0.00      0.00      0.00
11:22:29 PM      0.00      0.00      0.00      0.02      0.00      0.00      0.00      0.02
11:22:34 PM      0.00      0.00      0.00      0.01      0.00      0.00      0.00      0.01
11:22:39 PM      0.00      0.00      0.00      0.03      0.00      0.00      0.00      0.03
11:22:44 PM      0.00      0.00      0.00      0.00      0.00      0.00      0.00      0.00
11:22:49 PM      0.00      0.00      0.00      0.00      0.00      0.00      0.00      0.00
11:22:54 PM      0.00      0.00      0.00      0.04      0.00      0.00      0.00      0.04
11:22:59 PM      0.00      0.00      0.00      0.01      0.00      0.00      0.00      0.01
11:23:04 PM      0.00      0.00      0.00      0.02      0.00      0.00      0.00      0.02
11:23:09 PM      0.00      0.00      0.00      0.01      0.00      0.00      0.00      0.01
11:23:14 PM      0.00      0.00      0.00      0.01      0.00      0.00      0.00      0.01
11:23:19 PM      0.00      0.00      0.00      0.00      0.00      0.00      0.00      0.00
11:23:24 PM      0.00      0.00      0.00      0.00      0.00      0.00      0.00      0.00
11:23:29 PM      0.00      0.00      0.00      0.00      0.00      0.00      0.00      0.00
11:23:34 PM      0.00      0.00      0.00      0.00      0.00      0.00      0.00      0.00
11:23:39 PM      0.00      0.00      0.00      0.00      0.00      0.00      0.00      0.00
11:23:44 PM      0.00      0.00      0.00      0.00      0.00      0.00      0.00      0.00
11:23:49 PM      0.00      0.00      0.00      0.01      0.00      0.00      0.00      0.01
11:23:54 PM      0.00      0.00      0.00      0.00      0.00      0.00      0.00      0.00
11:23:59 PM      0.00      0.00      0.00      0.02      0.00      0.00      0.00      0.02
11:24:04 PM      0.00      0.00      0.00      0.00      0.00      0.00      0.00      0.00
11:24:09 PM      0.00      0.00      0.00      0.00      0.00      0.00      0.00      0.00
11:24:14 PM      0.00      0.00      0.00      0.00      0.00      0.00      0.00      0.00
11:24:19 PM      0.00      0.00      0.00      0.02      0.00      0.00      0.00      0.02
11:24:24 PM      0.00      0.00      0.00      0.02      0.00      0.00      0.00      0.02
11:24:29 PM      0.00      0.00      0.00      0.00      0.00      0.00      0.00      0.00
11:24:34 PM      0.00      0.00      0.00      0.01      0.00      0.00      0.00      0.01
11:24:39 PM      0.00      0.00      0.00      0.01      0.00      0.00      0.00      0.01
11:24:44 PM      0.00      0.00      0.00      0.00      0.00      0.00      0.00      0.00
11:24:49 PM      0.00      0.00      0.00      0.01      0.00      0.00      0.00      0.01
11:24:54 PM      0.00      0.00      0.00      0.01      0.00      0.00      0.00      0.01
11:24:59 PM      0.00      0.00      0.00      0.00      0.00      0.00      0.00      0.00
11:25:04 PM      0.00      0.00      0.00      0.01      0.00      0.00      0.00      0.01
11:25:09 PM      0.00      0.00      0.00      0.01      0.00      0.00      0.00      0.01
11:25:14 PM      0.00      0.00      0.00      0.04      0.00      0.00      0.00      0.04
11:25:19 PM      0.00      0.00      0.00      0.00      0.00      0.00      0.00      0.00
11:25:24 PM      0.00      0.00      0.00      0.01      0.00      0.00      0.00      0.00
11:25:29 PM      0.00      0.00      0.00      0.03      0.00      0.00      0.00      0.03
11:25:34 PM      0.00      0.00      0.00      0.05      0.00      0.00      0.00      0.05
11:25:39 PM      0.00      0.00      0.00      0.00      0.00      0.00      0.00      0.00
11:25:44 PM      0.00      0.00      0.00      0.00      0.00      0.00      0.00      0.00
11:25:49 PM      0.00      0.00      0.00      0.03      0.00      0.00      0.00      0.03
11:25:54 PM      0.00      0.00      0.00      0.02      0.00      0.00      0.00      0.02
11:25:59 PM      0.00      0.00      0.00      0.01      0.00      0.00      0.00      0.01
11:26:04 PM      0.00      0.00      0.00      0.03      0.00      0.00      0.00      0.02
11:26:09 PM      0.00      0.00      0.00      0.01      0.00      0.00      0.00      0.01
11:26:14 PM      0.00      0.00      0.00      0.01      0.00      0.00      0.00      0.01
11:26:19 PM      0.00      0.00      0.00      0.00      0.00      0.00      0.00      0.00
11:26:24 PM      0.00      0.00      0.00      0.17      0.00      0.00      0.00      0.06
11:26:29 PM      0.00      0.00      0.00      0.00      0.00      0.00      0.00      0.00
11:26:34 PM      0.00      0.00      0.00      0.00      0.00      0.00      0.00      0.00
11:26:39 PM      0.00      0.00      0.00      0.00      0.00      0.00      0.00      0.00
11:26:44 PM      0.00      0.00      0.00      0.00      0.00      0.00      0.00      0.00
11:26:49 PM      0.00      0.00      0.00      0.00      0.00      0.00      0.00      0.00
11:26:54 PM      0.00      0.00      0.00      0.01      0.00      0.00      0.00      0.01
11:26:59 PM      0.00      0.00      0.00      0.01      0.00      0.00      0.00      0.01
11:27:04 PM      0.00      0.00      0.00      0.01      0.00      0.00      0.00      0.01
11:27:09 PM      0.00      0.00      0.00      0.02      0.00      0.00      0.00      0.02
11:27:14 PM      0.00      0.00      0.00      0.00      0.00      0.00      0.00      0.00
11:27:19 PM      0.00      0.00      0.00      0.03      0.00      0.00      0.00      0.03
11:27:24 PM      0.00      0.00      0.00      0.07      0.00      0.00      0.00      0.07
11:27:29 PM      0.00      0.00      0.00      0.03      0.00      0.00      0.00      0.03
11:27:34 PM      0.00      0.00      0.00      0.01      0.00      0.00      0.00      0.01
11:27:39 PM      0.00      0.00      0.00      0.01      0.00      0.00      0.00      0.01
11:27:44 PM      0.00      0.00      0.00      0.00      0.00      0.00      0.00      0.00
11:27:49 PM      0.00      0.00      0.00      0.00      0.00      0.00      0.00      0.00
11:27:54 PM      0.00      0.00      0.00      0.05      0.00      0.00      0.00      0.04
11:27:59 PM      0.00      0.00      0.00      0.01      0.00      0.00      0.00      0.01
11:28:04 PM      0.00      0.00      0.00      0.01      0.00      0.00      0.00      0.01
11:28:09 PM      0.00      0.00      0.00      0.01      0.00      0.00      0.00      0.01
11:28:14 PM      0.00      0.00      0.00      0.01      0.00      0.00      0.00      0.01
11:28:19 PM      0.00      0.00      0.00      0.04      0.00      0.00      0.00      0.04
11:28:24 PM      0.00      0.00      0.00      0.04      0.00      0.00      0.00      0.04
11:28:29 PM      0.00      0.00      0.00      0.03      0.00      0.00      0.00      0.02
11:28:34 PM      0.00      0.00      0.00      0.01      0.00      0.00      0.00      0.01
11:28:39 PM      0.00      0.00      0.00      0.02      0.00      0.00      0.00      0.02
11:28:44 PM      0.00      0.00      0.00      0.01      0.00      0.00      0.00      0.01
11:28:49 PM      0.00      0.00      0.00      0.00      0.00      0.00      0.00      0.00
11:28:54 PM      0.00      0.00      0.00      0.00      0.00      0.00      0.00      0.00
11:28:59 PM      0.00      0.00      0.00      0.00      0.00      0.00      0.00      0.00
11:29:04 PM      0.00      0.00      0.00      0.00      0.00      0.00      0.00      0.00
11:29:09 PM      0.00      0.00      0.00      0.00      0.00      0.00      0.00      0.00
11:29:14 PM      0.00      0.00      0.00      0.01      0.00      0.00      0.00      0.01
11:29:19 PM      0.00      0.00      0.00      0.00      0.00      0.00      0.00      0.00
11:29:24 PM      0.00      0.00      0.00      0.01      0.00      0.00      0.00      0.01
11:29:29 PM      0.00      0.00      0.00      0.00      0.00      0.00      0.00      0.00
11:29:34 PM      0.00      0.00      0.00      0.00      0.00      0.00      0.00      0.00
11:29:39 PM      0.00      0.00      0.00      0.00      0.00      0.00      0.00      0.00
11:29:44 PM      0.00      0.00      0.00      0.02      0.00      0.00      0.00      0.02
11:29:49 PM      0.00      0.00      0.00      0.03      0.00      0.00      0.00      0.03
11:29:54 PM      0.00      0.00      0.00      0.01      0.00      0.00      0.00      0.01
11:29:59 PM      0.00      0.00      0.00      0.00      0.00      0.00      0.00      0.00
11:30:04 PM      0.00      0.00      0.00      0.01      0.00      0.00      0.00      0.01
11:30:09 PM      0.00      0.00      0.00      0.00      0.00      0.00      0.00      0.00
11:30:14 PM      0.00      0.00      0.00      0.04      0.00      0.00      0.00      0.04
11:30:19 PM      0.00      0.00      0.00      0.00      0.00      0.00      0.00      0.00
11:30:24 PM      0.00      0.00      0.00      0.01      0.00      0.00      0.00      0.01
11:30:29 PM      0.00      0.00      0.00      0.03      0.00      0.00      0.00      0.03
11:30:34 PM      0.00      0.00      0.00      0.01      0.00      0.00      0.00      0.01
11:30:39 PM      0.00      0.00      0.00      0.00      0.00      0.00      0.00      0.00
11:30:44 PM      0.00      0.00      0.00      0.01      0.00      0.00      0.00      0.01
11:30:49 PM      0.00      0.00      0.00      0.01      0.00      0.00      0.00      0.01
11:30:54 PM      0.00      0.00      0.00      0.01      0.00      0.00      0.00      0.01
11:30:59 PM      0.00      0.00      0.00      0.01      0.00      0.00      0.00      0.01
11:31:04 PM      0.00      0.00      0.00      0.00      0.00      0.00      0.00      0.00
11:31:09 PM      0.00      0.00      0.00      0.00      0.00      0.00      0.00      0.00
11:31:14 PM      0.00      0.00      0.00      0.00      0.00      0.00      0.00      0.00
11:31:19 PM      0.00      0.00      0.00      0.02      0.00      0.00      0.00      0.02
11:31:24 PM      0.00      0.00      0.00      0.11      0.00      0.00      0.00      0.10
11:31:29 PM      0.00      0.00      0.00      0.02      0.00      0.00      0.00      0.02
11:31:34 PM      0.00      0.00      0.00      0.00      0.00      0.00      0.00      0.00
11:31:39 PM      0.00      0.00      0.00      0.00      0.00      0.00      0.00      0.00
11:31:44 PM      0.00      0.00      0.00      0.01      0.00      0.00      0.00      0.01
11:31:49 PM      0.00      0.00      0.00      0.00      0.00      0.00      0.00      0.00
11:31:54 PM      0.00      0.00      0.00      0.00      0.00      0.00      0.00      0.00
11:31:59 PM      0.00      0.00      0.00      0.00      0.00      0.00      0.00      0.00
11:32:04 PM      0.00      0.00      0.00      0.00      0.00      0.00      0.00      0.00
11:32:09 PM      0.00      0.00      0.00      0.00      0.00      0.00      0.00      0.00
11:32:14 PM      0.00      0.00      0.00      0.01      0.00      0.00      0.00      0.00
11:32:19 PM      0.00      0.00      0.00      0.01      0.00      0.00      0.00      0.01
11:32:24 PM      0.00      0.00      0.00      0.00      0.00      0.00      0.00      0.00
11:32:29 PM      0.00      0.00      0.00      0.01      0.00      0.00      0.00      0.01
11:32:34 PM      0.00      0.00      0.00      0.04      0.00      0.00      0.00      0.04
11:32:39 PM      0.00      0.00      0.00      0.02      0.00      0.00      0.00      0.02
11:32:44 PM      0.00      0.00      0.00      0.03      0.00      0.00      0.00      0.03
11:32:49 PM      0.00      0.00      0.00      0.17      0.00      0.00      0.00      0.17
11:32:54 PM      0.00      0.00      0.00      0.00      0.00      0.00      0.00      0.00
11:32:59 PM      0.00      0.00      0.00      0.01      0.00      0.00      0.00      0.01
11:33:04 PM      0.00      0.00      0.00      0.02      0.00      0.00      0.00      0.02
11:33:09 PM      0.00      0.00      0.00      0.00      0.00      0.00      0.00      0.00
11:33:14 PM      0.00      0.00      0.00      0.01      0.00      0.00      0.00      0.01
11:33:19 PM      0.00      0.00      0.00      0.01      0.00      0.00      0.00      0.01
11:33:24 PM      0.00      0.00      0.00      0.03      0.00      0.00      0.00      0.03
11:33:29 PM      0.00      0.00      0.00      0.01      0.00      0.00      0.00      0.01
11:33:34 PM      0.00      0.00      0.00      0.01      0.00      0.00      0.00      0.01
11:33:39 PM      0.00      0.00      0.00      0.00      0.00      0.00      0.00      0.00
11:33:44 PM      0.00      0.00      0.00      0.04      0.00      0.00      0.00      0.04
11:33:49 PM      0.00      0.00      0.00      0.04      0.00      0.00      0.00      0.04
11:33:54 PM      0.00      0.00      0.00      0.00      0.00      0.00      0.00      0.00
11:33:59 PM      0.00      0.00      0.00      0.01      0.00      0.00      0.00      0.01
11:34:04 PM      0.00      0.00      0.00      0.04      0.00      0.00      0.00      0.04
11:34:09 PM      0.00      0.00      0.00      0.02      0.00      0.00      0.00      0.02
11:34:14 PM      0.00      0.00      0.00      0.00      0.00      0.00      0.00      0.00
11:34:19 PM      0.00      0.00      0.00      0.00      0.00      0.00      0.00      0.00
11:34:24 PM      0.00      0.00      0.00      0.00      0.00      0.00      0.00      0.00
11:34:29 PM      0.00      0.00      0.00      0.01      0.00      0.00      0.00      0.01
11:34:34 PM      0.00      0.00      0.00      0.03      0.00      0.00      0.00      0.02
11:34:39 PM      0.00      0.00      0.00      0.01      0.00      0.00      0.00      0.01
11:34:44 PM      0.00      0.00      0.00      0.00      0.00      0.00      0.00      0.00
11:34:49 PM      0.00      0.00      0.00      0.02      0.00      0.00      0.00      0.02
11:34:54 PM      0.00      0.00      0.00      0.00      0.00      0.00      0.00      0.00
11:34:59 PM      0.00      0.00      0.00      0.00      0.00      0.00      0.00      0.00
11:35:04 PM      0.00      0.00      0.00      0.00      0.00      0.00      0.00      0.00
11:35:09 PM      0.00      0.00      0.00      0.03      0.00      0.00      0.00      0.03
11:35:14 PM      0.00      0.00      0.00      0.01      0.00      0.00      0.00      0.01
11:35:19 PM      0.00      0.00      0.00      0.01      0.00      0.00      0.00      0.01
11:35:24 PM      0.00      0.00      0.00      0.01      0.00      0.00      0.00      0.01
11:35:29 PM      0.00      0.00      0.00      0.04      0.00      0.00      0.00      0.04
11:35:34 PM      0.00      0.00      0.00      0.00      0.00      0.00      0.00      0.00
11:35:39 PM      0.00      0.00      0.00      0.01      0.00      0.00      0.00      0.01
11:35:44 PM      0.00      0.00      0.00      0.02      0.00      0.00      0.00      0.02
11:35:49 PM      0.00      0.00      0.00      0.01      0.00      0.00      0.00      0.01
11:35:54 PM      0.00      0.00      0.00      0.02      0.00      0.00      0.00      0.02
11:35:59 PM      0.00      0.00      0.00      0.01      0.00      0.00      0.00      0.01
11:36:04 PM      0.00      0.00      0.00      0.01      0.00      0.00      0.00      0.01
11:36:09 PM      0.00      0.00      0.00      0.04      0.00      0.00      0.00      0.04
11:36:14 PM      0.00      0.00      0.00      0.03      0.00      0.00      0.00      0.03
11:36:19 PM      0.00      0.00      0.00      0.03      0.00      0.00      0.00      0.03
11:36:24 PM      0.00      0.00      0.00      0.13      0.00      0.00      0.00      0.05
11:36:29 PM      0.00      0.00      0.00      0.00      0.00      0.00      0.00      0.00
11:36:34 PM      0.00      0.00      0.00      0.00      0.00      0.00      0.00      0.00
11:36:39 PM      0.00      0.00      0.00      0.01      0.00      0.00      0.00      0.01
11:36:44 PM      0.00      0.00      0.00      0.01      0.00      0.00      0.00      0.01
11:36:49 PM      0.00      0.00      0.00      0.02      0.00      0.00      0.00      0.02
11:36:54 PM      0.00      0.00      0.00      0.01      0.00      0.00      0.00      0.01
11:36:59 PM      0.00      0.00      0.00      0.04      0.00      0.00      0.00      0.04
11:37:04 PM      0.00      0.00      0.00      0.03      0.00      0.00      0.00      0.03
11:37:09 PM      0.00      0.00      0.00      0.03      0.00      0.00      0.00      0.03
11:37:14 PM      0.00      0.00      0.00      0.00      0.00      0.00      0.00      0.00
11:37:19 PM      0.00      0.00      0.00      0.00      0.00      0.00      0.00      0.00
11:37:24 PM      0.00      0.00      0.00      0.01      0.00      0.00      0.00      0.01
11:37:29 PM      0.00      0.00      0.00      0.00      0.00      0.00      0.00      0.00
11:37:34 PM      0.00      0.00      0.00      0.00      0.00      0.00      0.00      0.00
11:37:39 PM      0.00      0.00      0.00      0.01      0.00      0.00      0.00      0.01
11:37:44 PM      0.00      0.00      0.00      0.06      0.00      0.00      0.00      0.06
11:37:49 PM      0.00      0.00      0.00      0.01      0.00      0.00      0.00      0.01
11:37:54 PM      0.00      0.00      0.00      0.04      0.00      0.00      0.00      0.03
11:37:59 PM      0.00      0.00      0.00      0.00      0.00      0.00      0.00      0.00
11:38:04 PM      0.00      0.00      0.00      0.01      0.00      0.00      0.00      0.01
11:38:09 PM      0.00      0.00      0.00      0.26      0.00      0.00      0.00      0.26
11:38:14 PM      0.00      0.00      0.00      0.00      0.00      0.00      0.00      0.00
11:38:19 PM      0.00      0.00      0.00      0.04      0.00      0.00      0.00      0.04
11:38:24 PM      0.00      0.00      0.00      0.02      0.00      0.00      0.00      0.02
11:38:29 PM      0.00      0.00      0.00      0.04      0.00      0.00      0.00      0.04
11:38:34 PM      0.00      0.00      0.00      0.00      0.00      0.00      0.00      0.00
11:38:39 PM      0.00      0.00      0.00      0.00      0.00      0.00      0.00      0.00
11:38:44 PM      0.00      0.00      0.00      0.02      0.00      0.00      0.00      0.02
11:38:49 PM      0.00      0.00      0.00      0.02      0.00      0.00      0.00      0.02
11:38:54 PM      0.00      0.00      0.00      0.01      0.00      0.00      0.00      0.01
11:38:59 PM      0.00      0.00      0.00      0.00      0.00      0.00      0.00      0.00
11:39:04 PM      0.00      0.00      0.00      0.05      0.00      0.00      0.00      0.05
11:39:09 PM      0.00      0.00      0.00      0.01      0.00      0.00      0.00      0.01
11:39:14 PM      0.00      0.00      0.00      0.02      0.00      0.00      0.00      0.02
11:39:19 PM      0.00      0.00      0.00      0.00      0.00      0.00      0.00      0.00
11:39:24 PM      0.00      0.00      0.00      0.01      0.00      0.00      0.00      0.01
11:39:29 PM      0.00      0.00      0.00      0.02      0.00      0.00      0.00      0.02
11:39:34 PM      0.00      0.00      0.00      0.00      0.00      0.00      0.00      0.00
11:39:39 PM      0.00      0.00      0.00      0.00      0.00      0.00      0.00      0.00
11:39:44 PM      0.00      0.00      0.00      0.00      0.00      0.00      0.00      0.00
11:39:49 PM      0.00      0.00      0.00      0.00      0.00      0.00      0.00      0.00
11:39:54 PM      0.00      0.00      0.00      0.00      0.00      0.00      0.00      0.00
11:39:59 PM      0.00      0.00      0.00      0.04      0.00      0.00      0.00      0.04
11:40:04 PM      0.00      0.00      0.00      0.00      0.00      0.00      0.00      0.00
11:40:09 PM      0.00      0.00      0.00      0.00      0.00      0.00      0.00      0.00
11:40:14 PM      0.00      0.00      0.00      0.04      0.00      0.00      0.00      0.04
11:40:19 PM      0.00      0.00      0.00      0.00      0.00      0.00      0.00      0.00
11:40:24 PM      0.00      0.00      0.00      0.00      0.00      0.00      0.00      0.00
11:40:29 PM      0.00      0.00      0.00      0.03      0.00      0.00      0.00      0.03
11:40:34 PM      0.00      0.00      0.00      0.02      0.00      0.00      0.00      0.02
11:40:39 PM      0.00      0.00      0.00      0.00      0.00      0.00      0.00      0.00
11:40:44 PM      0.00      0.00      0.00      0.03      0.00      0.00      0.00      0.03
11:40:49 PM      0.00      0.00      0.00      0.00      0.00      0.00      0.00      0.00
11:40:54 PM      0.00      0.00      0.00      0.02      0.00      0.00      0.00      0.02
11:40:59 PM      0.00      0.00      0.00      0.04      0.00      0.00      0.00      0.04
11:41:04 PM      0.00      0.00      0.00      0.03      0.00      0.00      0.00      0.03
11:41:09 PM      0.00      0.00      0.00      0.02      0.00      0.00      0.00      0.02
11:41:14 PM      0.00      0.00      0.00      0.00      0.00      0.00      0.00      0.00
11:41:19 PM      0.00      0.00      0.00      0.06      0.00      0.00      0.00      0.06
11:41:24 PM      0.00      0.00      0.00      0.01      0.00      0.00      0.00      0.01
11:41:29 PM      0.00      0.00      0.00      0.01      0.00      0.00      0.00      0.01
11:41:34 PM      0.00      0.00      0.00      0.01      0.00      0.00      0.00      0.01
11:41:39 PM      0.00      0.00      0.00      0.01      0.00      0.00      0.00      0.01
11:41:44 PM      0.00      0.00      0.00      0.01      0.00      0.00      0.00      0.01
11:41:49 PM      0.00      0.00      0.00      0.00      0.00      0.00      0.00      0.00
11:41:54 PM      0.00      0.00      0.00      0.00      0.00      0.00      0.00      0.00
11:41:59 PM      0.00      0.00      0.00      0.00      0.00      0.00      0.00      0.00
11:42:04 PM      0.00      0.00      0.00      0.04      0.00      0.00      0.00      0.04
11:42:09 PM      0.00      0.00      0.00      0.01      0.00      0.00      0.00      0.01
11:42:14 PM      0.00      0.00      0.00      0.00      0.00      0.00      0.00      0.00
11:42:19 PM      0.00      0.00      0.00      0.01      0.00      0.00      0.00      0.01
11:42:24 PM      0.00      0.00      0.00      0.07      0.00      0.00      0.00      0.07
11:42:29 PM      0.00      0.00      0.00      0.01      0.00      0.00      0.00      0.01
11:42:34 PM      0.00      0.00      0.00      0.00      0.00      0.00      0.00      0.00
11:42:39 PM      0.00      0.00      0.00      0.01      0.00      0.00      0.00      0.01
11:42:44 PM      0.00      0.00      0.00      0.00      0.00      0.00      0.00      0.00
11:42:49 PM      0.00      0.00      0.00      0.00      0.00      0.00      0.00      0.00
11:42:54 PM      0.00      0.00      0.00      0.00      0.00      0.00      0.00      0.00
11:42:59 PM      0.00      0.00      0.00      0.00      0.00      0.00      0.00      0.00
11:43:04 PM      0.00      0.00      0.00      0.02      0.00      0.00      0.00      0.02
11:43:09 PM      0.00      0.00      0.00      0.04      0.00      0.00      0.00      0.04
11:43:14 PM      0.00      0.00      0.00      0.01      0.00      0.00      0.00      0.01
11:43:19 PM      0.00      0.00      0.00      0.01      0.00      0.00      0.00      0.01
11:43:24 PM      0.00      0.00      0.00      0.02      0.00      0.00      0.00      0.02
11:43:29 PM      0.00      0.00      0.00      0.00      0.00      0.00      0.00      0.00
11:43:34 PM      0.00      0.00      0.00      0.01      0.00      0.00      0.00      0.01
11:43:39 PM      0.00      0.00      0.00      0.00      0.00      0.00      0.00      0.00
11:43:44 PM      0.00      0.00      0.00      0.00      0.00      0.00      0.00      0.00
11:43:49 PM      0.00      0.00      0.00      0.08      0.00      0.00      0.00      0.08
11:43:54 PM      0.00      0.00      0.00      0.03      0.00      0.00      0.00      0.02
Average:         0.00      0.00      0.00      0.02      0.00      0.00      0.00      0.02
