Linux 7.0.9-arch1-1 (archlinux) 	05/21/2026 	_x86_64_	(4 CPU)

07:25:52 PM  pgpgin/s pgpgout/s   fault/s  majflt/s  pgfree/s pgscank/s pgscand/s pgsteal/s  pgprom/s   pgdem/s
07:25:57 PM   2396.00    866.40   1058.40      2.00     87.80      0.00      0.00      0.00      0.00      0.00
07:26:02 PM      0.00    259.20      1.40      0.00      8.80      0.00      0.00      0.00      0.00      0.00
07:26:07 PM      0.00      0.00      2.00      0.00      7.80      0.00      0.00      0.00      0.00      0.00
07:26:12 PM      0.00      0.00      0.00      0.00      8.80      0.00      0.00      0.00      0.00      0.00
07:26:17 PM      0.00      0.00      0.60      0.00     11.00      0.00      0.00      0.00      0.00      0.00
07:26:22 PM      0.00      0.00      0.00      0.00      8.60      0.00      0.00      0.00      0.00      0.00
07:26:27 PM      3.20    194.40    353.20      0.00    392.20      0.00      0.00      0.00      0.00      0.00
07:26:32 PM      0.00      0.00      0.00      0.00      8.80      0.00      0.00      0.00      0.00      0.00
07:26:37 PM      0.00      0.00      3.59      0.00     12.38      0.00      0.00      0.00      0.00      0.00
07:26:42 PM      0.00      0.00      0.40      0.00      8.80      0.00      0.00      0.00      0.00      0.00
07:26:47 PM      0.00      0.00      0.40      0.00     12.00      0.00      0.00      0.00      0.00      0.00
07:26:52 PM      0.00      0.00      0.40      0.00      9.60      0.00      0.00      0.00      0.00      0.00
07:26:57 PM      3.20    242.40      0.00      0.00     11.00      0.00      0.00      0.00      0.00      0.00
07:27:02 PM      0.00     70.40      6.40      0.00      7.20      0.00      0.00      0.00      0.00      0.00
07:27:07 PM      0.00      0.00      0.20      0.00      7.80      0.00      0.00      0.00      0.00      0.00
07:27:12 PM      0.00      0.00      0.00      0.00      8.80      0.00      0.00      0.00      0.00      0.00
07:27:17 PM      0.00      0.00      0.40      0.00     11.40      0.00      0.00      0.00      0.00      0.00
07:27:22 PM      0.00      0.00      0.00      0.00      9.00      0.00      0.00      0.00      0.00      0.00
07:27:27 PM      0.00    162.40      0.20      0.00     11.00      0.00      0.00      0.00      0.00      0.00
07:27:32 PM      0.00     45.60      0.00      0.00      9.00      0.00      0.00      0.00      0.00      0.00
07:27:37 PM      0.00      0.00      0.00      0.00      5.40      0.00      0.00      0.00      0.00      0.00
07:27:42 PM      0.00      0.00      0.40      0.00      9.60      0.00      0.00      0.00      0.00      0.00
07:27:47 PM      0.00      0.00      0.20      0.00      8.00      0.00      0.00      0.00      0.00      0.00
07:27:52 PM      0.00      0.00      0.40      0.00     10.20      0.00      0.00      0.00      0.00      0.00
07:27:57 PM      0.00      0.00      0.00      0.00      8.80      0.00      0.00      0.00      0.00      0.00
07:28:02 PM      6.40    136.80      0.00      0.00     11.20      0.00      0.00      0.00      0.00      0.00
07:28:07 PM      0.00      0.00      0.00      0.00      5.40      0.00      0.00      0.00      0.00      0.00
07:28:12 PM      0.00      0.00      0.00      0.00     11.00      0.00      0.00      0.00      0.00      0.00
07:28:17 PM      0.00      0.00      0.00      0.00      8.80      0.00      0.00      0.00      0.00      0.00
07:28:22 PM      0.00      0.00      0.00      0.00     11.20      0.00      0.00      0.00      0.00      0.00
07:28:27 PM      0.00      0.00      0.20      0.00      8.80      0.00      0.00      0.00      0.00      0.00
07:28:32 PM      0.00      0.00      0.20      0.00     11.00      0.00      0.00      0.00      0.00      0.00
07:28:37 PM      0.00      0.00      0.40      0.00    209.20      0.00      0.00      0.00      0.00      0.00
07:28:42 PM      0.00    136.80      0.00      0.00     10.20      0.00      0.00      0.00      0.00      0.00
07:28:47 PM      0.00      1.60      0.40      0.00      9.40      0.00      0.00      0.00      0.00      0.00
07:28:52 PM      0.00      0.00      6.20      0.00     11.80      0.00      0.00      0.00      0.00      0.00
07:28:57 PM      0.00      0.00      0.60      0.00      8.20      0.00      0.00      0.00      0.00      0.00
07:29:02 PM      0.00      0.00      0.00      0.00     11.60      0.00      0.00      0.00      0.00      0.00
07:29:07 PM      0.00      0.00      0.00      0.00      4.60      0.00      0.00      0.00      0.00      0.00
07:29:12 PM      0.00     64.00      0.00      0.00     11.80      0.00      0.00      0.00      0.00      0.00
07:29:17 PM      0.00    124.00      0.00      0.00      8.60      0.00      0.00      0.00      0.00      0.00
07:29:22 PM      0.00     26.40      0.00      0.00     11.00      0.00      0.00      0.00      0.00      0.00
07:29:27 PM      0.00     42.40      1.20      0.00      7.60      0.00      0.00      0.00      0.00      0.00
07:29:32 PM      0.00      0.00      0.00      0.00     15.00      0.00      0.00      0.00      0.00      0.00
07:29:37 PM      0.00      0.00      0.00      0.00      3.80      0.00      0.00      0.00      0.00      0.00
07:29:42 PM      0.00     32.00    279.40      0.00    228.80      0.00      0.00      0.00      0.00      0.00
07:29:47 PM      0.00      0.00      0.00      0.00      8.80      0.00      0.00      0.00      0.00      0.00
07:29:52 PM      3.20    162.40      0.60      0.00     24.00      0.00      0.00      0.00      0.00      0.00
07:29:57 PM      0.00      3.20      0.20      0.00     11.80      0.00      0.00      0.00      0.00      0.00
07:30:02 PM      0.00      0.00      0.00      0.00     12.80      0.00      0.00      0.00      0.00      0.00
07:30:07 PM      0.00      0.00      0.00      0.00      5.20      0.00      0.00      0.00      0.00      0.00
07:30:12 PM      0.00      0.00      0.00      0.00     11.20      0.00      0.00      0.00      0.00      0.00
07:30:17 PM      0.00      0.00      0.00      0.00      8.60      0.00      0.00      0.00      0.00      0.00
07:30:22 PM      0.00     32.00      0.00      0.00     11.20      0.00      0.00      0.00      0.00      0.00
07:30:27 PM      0.00    104.80      0.00      0.00     20.60      0.00      0.00      0.00      0.00      0.00
07:30:32 PM      0.00      3.20      0.00      0.00     14.40      0.00      0.00      0.00      0.00      0.00
07:30:37 PM      0.00      0.00      0.00      0.00      5.20      0.00      0.00      0.00      0.00      0.00
07:30:42 PM      0.00      0.00      0.00      0.00     10.20      0.00      0.00      0.00      0.00      0.00
07:30:47 PM      0.00      0.00      0.20      0.00      8.00      0.00      0.00      0.00      0.00      0.00
07:30:52 PM      0.00      0.00      0.00      0.00     10.40      0.00      0.00      0.00      0.00      0.00
07:30:57 PM      0.00     32.00      0.60      0.00      6.40      0.00      0.00      0.00      0.00      0.00
07:31:02 PM      0.00    117.60      0.00      0.00     25.40      0.00      0.00      0.00      0.00      0.00
07:31:07 PM      0.00      4.00      0.00      0.00      7.80      0.00      0.00      0.00      0.00      0.00
07:31:12 PM      0.00      0.00      0.00      0.00     11.00      0.00      0.00      0.00      0.00      0.00
07:31:17 PM      0.00      0.00      0.00      0.00      8.80      0.00      0.00      0.00      0.00      0.00
07:31:22 PM      0.00      0.00      0.00      0.00     11.00      0.00      0.00      0.00      0.00      0.00
07:31:27 PM      0.00      0.00      0.00      0.00      9.40      0.00      0.00      0.00      0.00      0.00
07:31:32 PM      0.00     31.94      0.00      0.00     10.38      0.00      0.00      0.00      0.00      0.00
07:31:37 PM      0.00     85.60      0.00      0.00     11.60      0.00      0.00      0.00      0.00      0.00
07:31:42 PM      0.00      3.20      0.00      0.00     11.20      0.00      0.00      0.00      0.00      0.00
07:31:47 PM      0.00      0.00      0.00      0.00      8.60      0.00      0.00      0.00      0.00      0.00
07:31:52 PM      0.00      0.00      0.00      0.00     11.20      0.00      0.00      0.00      0.00      0.00
07:31:57 PM      0.00      0.00      0.00      0.00      8.80      0.00      0.00      0.00      0.00      0.00
07:32:02 PM      0.00      0.00      0.20      0.00     11.20      0.00      0.00      0.00      0.00      0.00
07:32:07 PM      0.00     32.00      0.20      0.00      5.20      0.00      0.00      0.00      0.00      0.00
07:32:12 PM      0.00    104.80      0.00      0.00     14.20      0.00      0.00      0.00      0.00      0.00
07:32:17 PM      0.00      4.00      0.00      0.00     10.40      0.00      0.00      0.00      0.00      0.00
07:32:22 PM      0.00      0.00      0.00      0.00     11.00      0.00      0.00      0.00      0.00      0.00
07:32:27 PM      0.00      0.00      0.00      0.00      8.80      0.00      0.00      0.00      0.00      0.00
07:32:32 PM      0.00      0.00      0.00      0.00     11.00      0.00      0.00      0.00      0.00      0.00
07:32:37 PM      0.00      0.00      0.00      0.00      5.40      0.00      0.00      0.00      0.00      0.00
07:32:42 PM      0.00     32.00      0.20      0.00     11.00      0.00      0.00      0.00      0.00      0.00
07:32:47 PM      0.00     85.60      0.00      0.00     16.60      0.00      0.00      0.00      0.00      0.00
07:32:52 PM      0.00      4.80      0.00      0.00     13.60      0.00      0.00      0.00      0.00      0.00
07:32:57 PM      0.00      0.00      0.00      0.00      9.80      0.00      0.00      0.00      0.00      0.00
07:33:02 PM      0.00      0.00      0.60      0.00     11.60      0.00      0.00      0.00      0.00      0.00
07:33:07 PM      0.00     14.40      6.40      0.00      7.80      0.00      0.00      0.00      0.00      0.00
07:33:12 PM      0.00      0.00      0.60      0.00     11.40      0.00      0.00      0.00      0.00      0.00
07:33:17 PM      0.00     64.00      0.00      0.00     12.40      0.00      0.00      0.00      0.00      0.00
07:33:22 PM      6.40    213.60      0.00      0.00     35.20      0.00      0.00      0.00      0.00      0.00
07:33:27 PM      0.00      5.60      0.00      0.00     17.20      0.00      0.00      0.00      0.00      0.00
07:33:32 PM      0.00      0.00      0.00      0.00     11.00      0.00      0.00      0.00      0.00      0.00
07:33:37 PM      0.00     24.80      0.00      0.00      5.60      0.00      0.00      0.00      0.00      0.00
07:33:42 PM      0.00      0.00      0.00      0.00     11.00      0.00      0.00      0.00      0.00      0.00
07:33:47 PM      0.00     64.00      0.00      0.00      9.20      0.00      0.00      0.00      0.00      0.00
07:33:52 PM      0.00      0.00      0.00      0.00     11.00      0.00      0.00      0.00      0.00      0.00
07:33:57 PM      0.00    130.40      0.00      0.00     25.00      0.00      0.00      0.00      0.00      0.00
07:34:02 PM      0.00      4.80      0.00      0.00     15.00      0.00      0.00      0.00      0.00      0.00
07:34:07 PM      0.00      0.00      0.00      0.00      5.40      0.00      0.00      0.00      0.00      0.00
07:34:12 PM      0.00      0.00      0.40      0.00     11.00      0.00      0.00      0.00      0.00      0.00
07:34:17 PM      0.00      0.00      0.00      0.00      8.60      0.00      0.00      0.00      0.00      0.00
07:34:22 PM      0.00      0.00      0.00      0.00     11.20      0.00      0.00      0.00      0.00      0.00
07:34:27 PM      0.00     32.00      0.20      0.00      6.40      0.00      0.00      0.00      0.00      0.00
07:34:32 PM      0.00    117.60      0.00      0.00     31.20      0.00      0.00      0.00      0.00      0.00
07:34:37 PM      0.00      4.00      0.00      0.00      6.00      0.00      0.00      0.00      0.00      0.00
07:34:42 PM      0.00      0.00    280.60      0.00    216.80      0.00      0.00      0.00      0.00      0.00
07:34:47 PM      0.00      0.00      0.00      0.00      8.60      0.00      0.00      0.00      0.00      0.00
07:34:52 PM      0.00      0.00      0.00      0.00     11.20      0.00      0.00      0.00      0.00      0.00
07:34:57 PM      0.00      0.00      1.20      0.00      8.00      0.00      0.00      0.00      0.00      0.00
07:35:02 PM      0.00     32.00      0.00      0.00      8.60      0.00      0.00      0.00      0.00      0.00
07:35:07 PM      0.00     98.40      0.00      0.00      5.40      0.00      0.00      0.00      0.00      0.00
07:35:12 PM      0.00      4.80      0.00      0.00     11.00      0.00      0.00      0.00      0.00      0.00
07:35:17 PM      0.00      0.00      0.00      0.00      8.80      0.00      0.00      0.00      0.00      0.00
07:35:22 PM      0.00      0.00      0.00      0.00    318.20      0.00      0.00      0.00      0.00      0.00
07:35:27 PM      0.00      0.00      0.00      0.00      8.80      0.00      0.00      0.00      0.00      0.00
07:35:32 PM      0.00      0.00      0.00      0.00     10.20      0.00      0.00      0.00      0.00      0.00
07:35:37 PM      0.00     32.00      0.00      0.00      5.40      0.00      0.00      0.00      0.00      0.00
07:35:42 PM      3.20    143.20      0.00      0.00      9.40      0.00      0.00      0.00      0.00      0.00
07:35:47 PM      0.00      4.00      0.00      0.00     10.20      0.00      0.00      0.00      0.00      0.00
07:35:52 PM      0.00      0.00      0.00      0.00     10.40      0.00      0.00      0.00      0.00      0.00
07:35:57 PM      0.00      0.00      0.60      0.00      9.40      0.00      0.00      0.00      0.00      0.00
07:36:02 PM      0.00      0.00      0.00      0.00      7.40      0.00      0.00      0.00      0.00      0.00
07:36:07 PM      0.00      0.00      0.00      0.00      7.58      0.00      0.00      0.00      0.00      0.00
07:36:12 PM      0.00     32.00      0.00      0.00      8.80      0.00      0.00      0.00      0.00      0.00
07:36:17 PM      0.00     85.60      0.00      0.00     11.00      0.00      0.00      0.00      0.00      0.00
07:36:22 PM      0.00      4.80      0.00      0.00      8.60      0.00      0.00      0.00      0.00      0.00
07:36:27 PM      0.00      0.00      0.60      0.00     11.20      0.00      0.00      0.00      0.00      0.00
07:36:32 PM      0.00      0.00      0.00      0.00      8.80      0.00      0.00      0.00      0.00      0.00
07:36:37 PM      0.00      0.00      0.00      0.00      7.80      0.00      0.00      0.00      0.00      0.00
07:36:42 PM      0.00      0.00      0.00      0.00      7.00      0.00      0.00      0.00      0.00      0.00
07:36:47 PM      0.00     51.20      0.00      0.00     11.20      0.00      0.00      0.00      0.00      0.00
07:36:52 PM      0.00    124.00      0.00      0.00      8.60      0.00      0.00      0.00      0.00      0.00
07:36:57 PM      0.00      5.60      0.00      0.00     11.20      0.00      0.00      0.00      0.00      0.00
07:37:02 PM      0.00      0.00      0.00      0.00      8.80      0.00      0.00      0.00      0.00      0.00
07:37:07 PM      0.00      0.00      0.00      0.00      6.80      0.00      0.00      0.00      0.00      0.00
07:37:12 PM      0.00      0.00      0.00      0.00      8.00      0.00      0.00      0.00      0.00      0.00
07:37:17 PM      0.00      0.00      0.00      0.00     10.20      0.00      0.00      0.00      0.00      0.00
07:37:22 PM      0.00     32.00      0.00      0.00      8.00      0.00      0.00      0.00      0.00      0.00
07:37:27 PM      3.20    104.80      0.00      0.00     11.00      0.00      0.00      0.00      0.00      0.00
07:37:32 PM      0.00      4.00      0.00      0.00      8.80      0.00      0.00      0.00      0.00      0.00
07:37:37 PM      0.00      0.00      0.00      0.00      7.60      0.00      0.00      0.00      0.00      0.00
07:37:42 PM      0.00      0.00      0.00      0.00      8.80      0.00      0.00      0.00      0.00      0.00
07:37:47 PM      0.00      0.00      0.00      0.00     11.00      0.00      0.00      0.00      0.00      0.00
07:37:52 PM      0.00      0.00      0.40      0.00      7.80      0.00      0.00      0.00      0.00      0.00
07:37:57 PM      0.00     32.00      0.00      0.00     12.20      0.00      0.00      0.00      0.00      0.00
07:38:02 PM      0.00    111.20      0.00      0.00      9.20      0.00      0.00      0.00      0.00      0.00
07:38:07 PM      0.00     33.60      6.60      0.00      7.40      0.00      0.00      0.00      0.00      0.00
07:38:12 PM      0.00      0.00      0.20      0.00      9.00      0.00      0.00      0.00      0.00      0.00
07:38:17 PM      0.00      0.00      0.00      0.00     11.40      0.00      0.00      0.00      0.00      0.00
07:38:22 PM      0.00      0.00      0.00      0.00      7.20      0.00      0.00      0.00      0.00      0.00
07:38:27 PM      0.00      0.00      0.00      0.00     10.00      0.00      0.00      0.00      0.00      0.00
07:38:32 PM      0.00     64.00      0.00      0.00      8.60      0.00      0.00      0.00      0.00      0.00
07:38:37 PM      3.20    188.00      0.00      0.00      7.60      0.00      0.00      0.00      0.00      0.00
07:38:42 PM      0.00      4.00      0.00      0.00      8.80      0.00      0.00      0.00      0.00      0.00
07:38:47 PM      0.00      0.00      0.00      0.00     11.40      0.00      0.00      0.00      0.00      0.00
07:38:52 PM      0.00      0.00      0.00      0.00      8.80      0.00      0.00      0.00      0.00      0.00
07:38:57 PM      0.00      0.00      0.00      0.00     11.00      0.00      0.00      0.00      0.00      0.00
07:39:02 PM      0.00      0.00      0.00      0.00      8.80      0.00      0.00      0.00      0.00      0.00
07:39:07 PM      0.00    188.00      0.00      0.00      7.80      0.00      0.00      0.00      0.00      0.00
07:39:12 PM      0.00      0.00      0.00      0.00      8.60      0.00      0.00      0.00      0.00      0.00
07:39:17 PM      0.00      5.60      0.00      0.00     11.20      0.00      0.00      0.00      0.00      0.00
07:39:22 PM      0.00      0.00      0.00      0.00      8.60      0.00      0.00      0.00      0.00      0.00
07:39:27 PM      0.00      0.00    253.00      0.00    107.60      0.00      0.00      0.00      0.00      0.00
07:39:32 PM      0.00      0.00     20.40      0.00     93.20      0.00      0.00      0.00      0.00      0.00
07:39:37 PM      0.00    143.20      0.00      0.00      8.60      0.00      0.00      0.00      0.00      0.00
07:39:42 PM      0.00      0.00      0.00      0.00      9.40      0.00      0.00      0.00      0.00      0.00
07:39:47 PM      0.00      0.00      0.00      0.00      9.60      0.00      0.00      0.00      0.00      0.00
07:39:52 PM      0.00      4.00      0.00      0.00      8.60      0.00      0.00      0.00      0.00      0.00
07:39:57 PM      0.00      0.00    280.20      0.00    224.80      0.00      0.00      0.00      0.00      0.00
07:40:02 PM      0.00     40.00      0.00      0.00      8.80      0.00      0.00      0.00      0.00      0.00
07:40:07 PM      0.00      0.00      0.00      0.00      7.80      0.00      0.00      0.00      0.00      0.00
07:40:12 PM      0.00      0.00      0.00      0.00      8.80      0.00      0.00      0.00      0.00      0.00
07:40:17 PM      0.00      0.00      0.40      0.00     10.20      0.00      0.00      0.00      0.00      0.00
07:40:22 PM      0.00    168.80      0.00      0.00      8.80      0.00      0.00      0.00      0.00      0.00
07:40:27 PM      0.00      4.00      0.40      0.00     11.00      0.00      0.00      0.00      0.00      0.00
07:40:32 PM      0.00      0.00      0.00      0.00      8.00      0.00      0.00      0.00      0.00      0.00
07:40:37 PM      0.00      0.00      0.00      0.00      7.60      0.00      0.00      0.00      0.00      0.00
07:40:42 PM      0.00      0.00      0.00      0.00      8.60      0.00      0.00      0.00      0.00      0.00
07:40:47 PM      0.00      0.00      0.20      0.00    112.80      0.00      0.00      0.00      0.00      0.00
07:40:52 PM      0.00     31.94      0.20      0.00      8.58      0.00      0.00      0.00      0.00      0.00
07:40:57 PM      0.00     92.00      1.60      0.00     10.40      0.00      0.00      0.00      0.00      0.00
07:41:02 PM      0.00      5.60      0.00      0.00      5.40      0.00      0.00      0.00      0.00      0.00
07:41:07 PM      0.00      0.00      0.20      0.00      4.80      0.00      0.00      0.00      0.00      0.00
07:41:12 PM      0.00      0.00      0.00      0.00      7.80      0.00      0.00      0.00      0.00      0.00
07:41:17 PM      0.00      0.00      0.00      0.00     11.20      0.00      0.00      0.00      0.00      0.00
07:41:22 PM      0.00      0.00      0.00      0.00      8.60      0.00      0.00      0.00      0.00      0.00
07:41:27 PM      0.00     32.00      0.40      0.00     10.20      0.00      0.00      0.00      0.00      0.00
07:41:32 PM      0.00    111.20      0.00      0.00      8.80      0.00      0.00      0.00      0.00      0.00
07:41:37 PM      0.00      5.60      0.00      0.00      5.20      0.00      0.00      0.00      0.00      0.00
07:41:42 PM      0.00      0.00      0.00      0.00      8.80      0.00      0.00      0.00      0.00      0.00
07:41:47 PM      0.00      0.00      0.00      0.00     11.00      0.00      0.00      0.00      0.00      0.00
07:41:52 PM      0.00      0.00      0.00      0.00      7.20      0.00      0.00      0.00      0.00      0.00
07:41:57 PM      0.00      0.00      0.00      0.00     11.00      0.00      0.00      0.00      0.00      0.00
07:42:02 PM      0.00     32.00      0.00      0.00      7.00      0.00      0.00      0.00      0.00      0.00
07:42:07 PM      0.00    104.80      0.00      0.00      8.00      0.00      0.00      0.00      0.00      0.00
07:42:12 PM      0.00      4.00      0.00      0.00      8.60      0.00      0.00      0.00      0.00      0.00
07:42:17 PM      0.00      0.00      0.00      0.00     11.20      0.00      0.00      0.00      0.00      0.00
07:42:22 PM      0.00      0.00      0.00      0.00      7.80      0.00      0.00      0.00      0.00      0.00
07:42:27 PM      0.00      0.00      0.00      0.00      9.60      0.00      0.00      0.00      0.00      0.00
07:42:32 PM      0.00      0.00      0.00      0.00      8.60      0.00      0.00      0.00      0.00      0.00
07:42:37 PM      0.00     32.00      0.00      0.00      6.20      0.00      0.00      0.00      0.00      0.00
07:42:42 PM      0.00    117.60      0.00      0.00      8.60      0.00      0.00      0.00      0.00      0.00
07:42:47 PM      0.00      4.00      0.00      0.00     11.00      0.00      0.00      0.00      0.00      0.00
07:42:52 PM      0.00      0.00      0.00      0.00      9.00      0.00      0.00      0.00      0.00      0.00
07:42:57 PM      0.00      0.00      0.00      0.00     11.20      0.00      0.00      0.00      0.00      0.00
07:43:02 PM      0.00      0.00      0.00      0.00      9.20      0.00      0.00      0.00      0.00      0.00
07:43:07 PM      0.00     52.80      6.40      0.00      6.20      0.00      0.00      0.00      0.00      0.00
07:43:12 PM      0.00     78.40      6.20      0.00     11.80      0.00      0.00      0.00      0.00      0.00
07:43:17 PM      0.00    130.40      0.00      0.00      9.60      0.00      0.00      0.00      0.00      0.00
07:43:22 PM      0.00      4.00      0.00      0.00     11.60      0.00      0.00      0.00      0.00      0.00
07:43:27 PM      0.00      0.00      0.00      0.00      9.00      0.00      0.00      0.00      0.00      0.00
07:43:32 PM      0.00      0.00      0.00      0.00     11.00      0.00      0.00      0.00      0.00      0.00
07:43:37 PM      0.00     24.00      0.00      0.00      5.40      0.00      0.00      0.00      0.00      0.00
07:43:42 PM      0.00     64.00      0.00      0.00     11.00      0.00      0.00      0.00      0.00      0.00
07:43:47 PM      0.00      0.00      0.00      0.00      8.40      0.00      0.00      0.00      0.00      0.00
07:43:52 PM      0.00    130.40      0.00      0.00     10.20      0.00      0.00      0.00      0.00      0.00
07:43:57 PM      0.00      4.80      0.00      0.00      8.80      0.00      0.00      0.00      0.00      0.00
07:44:02 PM      0.00      0.00      0.00      0.00     11.00      0.00      0.00      0.00      0.00      0.00
07:44:07 PM      0.00      0.00      0.00      0.00      5.40      0.00      0.00      0.00      0.00      0.00
07:44:12 PM      0.00      0.00      0.00      0.00     11.20      0.00      0.00      0.00      0.00      0.00
07:44:17 PM      0.00      0.00      0.00      0.00      9.40      0.00      0.00      0.00      0.00      0.00
07:44:22 PM      0.00     32.00      0.00      0.00     11.20      0.00      0.00      0.00      0.00      0.00
07:44:27 PM      0.00     92.00      0.00      0.00      6.40      0.00      0.00      0.00      0.00      0.00
07:44:32 PM      0.00      6.40      0.00      0.00     14.40      0.00      0.00      0.00      0.00      0.00
07:44:37 PM      0.00      0.00      0.00      0.00      5.20      0.00      0.00      0.00      0.00      0.00
07:44:42 PM      0.00      0.00      0.00      0.00     12.00      0.00      0.00      0.00      0.00      0.00
07:44:47 PM      0.00      0.00      0.00      0.00      8.60      0.00      0.00      0.00      0.00      0.00
07:44:52 PM      0.00      0.00      0.00      0.00     11.20      0.00      0.00      0.00      0.00      0.00
07:44:57 PM      0.00     32.00    281.60      0.00    214.60      0.00      0.00      0.00      0.00      0.00
07:45:02 PM      0.00    111.20      0.20      0.00     11.00      0.00      0.00      0.00      0.00      0.00
07:45:07 PM      0.00      4.00      0.00      0.00      5.40      0.00      0.00      0.00      0.00      0.00
07:45:12 PM      0.00      0.00      0.00      0.00     11.20      0.00      0.00      0.00      0.00      0.00
07:45:17 PM      0.00      0.00      0.00      0.00      8.80      0.00      0.00      0.00      0.00      0.00
07:45:22 PM      0.00      0.00      0.00      0.00     10.20      0.00      0.00      0.00      0.00      0.00
07:45:27 PM      0.00      0.00      0.00      0.00      8.80      0.00      0.00      0.00      0.00      0.00
07:45:32 PM      0.00     31.94      0.00      0.00     10.98      0.00      0.00      0.00      0.00      0.00
07:45:37 PM      0.00     92.00      0.00      0.00      6.00      0.00      0.00      0.00      0.00      0.00
07:45:42 PM      0.00      4.80      0.00      0.00     11.20      0.00      0.00      0.00      0.00      0.00
07:45:47 PM      0.00      0.00      0.00      0.00      8.60      0.00      0.00      0.00      0.00      0.00
07:45:52 PM      0.00      0.00      0.00      0.00     11.20      0.00      0.00      0.00      0.00      0.00
07:45:57 PM      0.00      0.00      0.00      0.00      7.00      0.00      0.00      0.00      0.00      0.00
07:46:02 PM      0.00      0.00      0.00      0.00      9.60      0.00      0.00      0.00      0.00      0.00
07:46:07 PM      0.00     32.00      0.00      0.00      2.80      0.00      0.00      0.00      0.00      0.00
07:46:12 PM      0.00    136.80      0.00      0.00     12.00      0.00      0.00      0.00      0.00      0.00
07:46:17 PM      0.00      4.00      0.00      0.00      8.80      0.00      0.00      0.00      0.00      0.00
07:46:22 PM      0.00      0.00      0.00      0.00     10.20      0.00      0.00      0.00      0.00      0.00
07:46:27 PM      0.00      0.00      0.00      0.00      8.80      0.00      0.00      0.00      0.00      0.00
07:46:32 PM      0.00      0.00      0.00      0.00     11.00      0.00      0.00      0.00      0.00      0.00
07:46:37 PM      0.00      0.00      0.20      0.00      5.40      0.00      0.00      0.00      0.00      0.00
07:46:42 PM      0.00     32.00      0.00      0.00     11.00      0.00      0.00      0.00      0.00      0.00
07:46:47 PM      0.00     98.40      0.00      0.00     10.40      0.00      0.00      0.00      0.00      0.00
07:46:52 PM      0.00      4.80      0.00      0.00     10.20      0.00      0.00      0.00      0.00      0.00
07:46:57 PM      0.00      0.00      0.00      0.00      7.20      0.00      0.00      0.00      0.00      0.00
07:47:02 PM      0.00      0.00      0.20      0.00     11.00      0.00      0.00      0.00      0.00      0.00
07:47:07 PM      0.00      0.00      0.20      0.00      4.40      0.00      0.00      0.00      0.00      0.00
07:47:12 PM      0.00      0.00      0.20      0.00      9.60      0.00      0.00      0.00      0.00      0.00
07:47:17 PM      0.00     32.00      0.00      0.00      8.00      0.00      0.00      0.00      0.00      0.00
07:47:22 PM      0.00    111.20      0.00      0.00     11.20      0.00      0.00      0.00      0.00      0.00
07:47:27 PM      0.00      4.80      0.00      0.00     10.20      0.00      0.00      0.00      0.00      0.00
07:47:32 PM      0.00      0.00      0.00      0.00     10.40      0.00      0.00      0.00      0.00      0.00
07:47:37 PM      0.00      0.00      0.00      0.00      3.60      0.00      0.00      0.00      0.00      0.00
07:47:42 PM      0.00      0.00      0.00      0.00     11.20      0.00      0.00      0.00      0.00      0.00
07:47:47 PM      0.00      0.00      0.00      0.00      8.60      0.00      0.00      0.00      0.00      0.00
07:47:52 PM      0.00     32.00      0.00      0.00     11.80      0.00      0.00      0.00      0.00      0.00
07:47:57 PM      0.00     92.00      0.00      0.00      9.80      0.00      0.00      0.00      0.00      0.00
07:48:02 PM      0.00      4.00      0.00      0.00     10.60      0.00      0.00      0.00      0.00      0.00
07:48:07 PM      0.00      0.00      6.20      0.00      5.80      0.00      0.00      0.00      0.00      0.00
07:48:12 PM      0.00     52.80      0.20      0.00     13.80      0.00      0.00      0.00      0.00      0.00
07:48:17 PM      0.00     14.40      6.20      0.00     10.00      0.00      0.00      0.00      0.00      0.00
07:48:22 PM      0.00      0.00      0.00      0.00      9.40      0.00      0.00      0.00      0.00      0.00
07:48:27 PM      0.00     64.00      0.00      0.00      8.40      0.00      0.00      0.00      0.00      0.00
07:48:32 PM      0.00    143.20      0.00      0.00     10.40      0.00      0.00      0.00      0.00      0.00
07:48:37 PM      0.00     29.60      0.00      0.00      6.00      0.00      0.00      0.00      0.00      0.00
07:48:42 PM      0.00      0.00      0.00      0.00      9.60      0.00      0.00      0.00      0.00      0.00
07:48:47 PM      0.00      0.00      0.00      0.00      8.20      0.00      0.00      0.00      0.00      0.00
07:48:52 PM      0.00      0.00      0.00      0.00     11.20      0.00      0.00      0.00      0.00      0.00
07:48:57 PM      0.00     32.00      0.00      0.00      8.60      0.00      0.00      0.00      0.00      0.00
07:49:02 PM      0.00      0.00      0.00      0.00      9.60      0.00      0.00      0.00      0.00      0.00
07:49:07 PM      0.00    130.40      0.00      0.00     11.60      0.00      0.00      0.00      0.00      0.00
07:49:12 PM      0.00      4.80      0.00      0.00     14.20      0.00      0.00      0.00      0.00      0.00
07:49:17 PM      0.00      0.00      0.00      0.00      9.00      0.00      0.00      0.00      0.00      0.00
07:49:22 PM      0.00      0.00      0.00      0.00     11.00      0.00      0.00      0.00      0.00      0.00
07:49:27 PM      0.00      0.00      0.00      0.00      5.40      0.00      0.00      0.00      0.00      0.00
07:49:32 PM      0.00      0.00      0.40      0.00     16.60      0.00      0.00      0.00      0.00      0.00
07:49:37 PM      0.00     32.00      0.00      0.00      5.40      0.00      0.00      0.00      0.00      0.00
07:49:42 PM      0.00    117.60      0.00      0.00     10.20      0.00      0.00      0.00      0.00      0.00
07:49:47 PM      0.00      4.00      0.00      0.00      8.00      0.00      0.00      0.00      0.00      0.00
07:49:52 PM      0.00      0.00      0.00      0.00      7.80      0.00      0.00      0.00      0.00      0.00
07:49:57 PM      0.00      0.00    279.64      0.00    219.76      0.00      0.00      0.00      0.00      0.00
07:50:02 PM      0.00      0.00      0.00      0.00      8.80      0.00      0.00      0.00      0.00      0.00
07:50:07 PM      0.00      0.00      0.00      0.00      7.60      0.00      0.00      0.00      0.00      0.00
07:50:12 PM      0.00     32.00      0.00      0.00      8.00      0.00      0.00      0.00      0.00      0.00
07:50:17 PM      0.00     92.00      0.00      0.00     11.00      0.00      0.00      0.00      0.00      0.00
07:50:22 PM      0.00      4.80      0.00      0.00      9.00      0.00      0.00      0.00      0.00      0.00
07:50:27 PM      0.00      0.00      0.00      0.00     10.20      0.00      0.00      0.00      0.00      0.00
07:50:32 PM      0.00      0.00      0.00      0.00      8.80      0.00      0.00      0.00      0.00      0.00
07:50:37 PM      0.00      0.00      0.00      0.00      7.60      0.00      0.00      0.00      0.00      0.00
07:50:42 PM      0.00      0.00      0.00      0.00      8.80      0.00      0.00      0.00      0.00      0.00
07:50:47 PM      0.00     32.00      0.00      0.00     11.20      0.00      0.00      0.00      0.00      0.00
07:50:52 PM      0.00    111.20      0.00      0.00      7.80      0.00      0.00      0.00      0.00      0.00
07:50:57 PM      0.00      4.00      0.00      0.00     11.20      0.00      0.00      0.00      0.00      0.00
07:51:02 PM      0.00      0.00      0.00      0.00      7.80      0.00      0.00      0.00      0.00      0.00
07:51:07 PM      0.00      0.00      0.20      0.00      7.80      0.00      0.00      0.00      0.00      0.00
07:51:12 PM      0.00      0.00      0.00      0.00      8.60      0.00      0.00      0.00      0.00      0.00
07:51:17 PM      0.00      0.00      0.00      0.00     11.20      0.00      0.00      0.00      0.00      0.00
07:51:22 PM      0.00     32.00      0.20      0.00      8.80      0.00      0.00      0.00      0.00      0.00
07:51:27 PM      0.00     92.00      0.20      0.00     11.00      0.00      0.00      0.00      0.00      0.00
07:51:32 PM      0.00      4.00      0.00      0.00      8.00      0.00      0.00      0.00      0.00      0.00
07:51:37 PM      0.00      0.00      0.00      0.00      6.80      0.00      0.00      0.00      0.00      0.00
07:51:42 PM      0.00      0.00      0.00      0.00      8.80      0.00      0.00      0.00      0.00      0.00
07:51:47 PM      0.00      0.00      0.00      0.00     10.20      0.00      0.00      0.00      0.00      0.00
07:51:52 PM      0.00      0.00      0.00      0.00      7.20      0.00      0.00      0.00      0.00      0.00
07:51:57 PM      0.00     32.00      0.00      0.00     11.00      0.00      0.00      0.00      0.00      0.00
07:52:02 PM      0.00    111.20      0.00      0.00      8.60      0.00      0.00      0.00      0.00      0.00
07:52:07 PM      0.00      7.20      0.00      0.00      5.40      0.00      0.00      0.00      0.00      0.00
07:52:12 PM      0.00      0.00      0.00      0.00      8.60      0.00      0.00      0.00      0.00      0.00
07:52:17 PM      0.00      0.00      0.00      0.00     12.00      0.00      0.00      0.00      0.00      0.00
07:52:22 PM      0.00      0.00      0.00      0.00      8.80      0.00      0.00      0.00      0.00      0.00
07:52:27 PM      0.00      0.00      0.00      0.00     10.40      0.00      0.00      0.00      0.00      0.00
07:52:32 PM      0.00     32.00      0.00      0.00      8.60      0.00      0.00      0.00      0.00      0.00
07:52:37 PM      0.00     92.00      0.00      0.00      7.00      0.00      0.00      0.00      0.00      0.00
07:52:42 PM      0.00      4.00      0.00      0.00      7.80      0.00      0.00      0.00      0.00      0.00
07:52:47 PM      0.00      0.00      0.00      0.00     11.00      0.00      0.00      0.00      0.00      0.00
07:52:52 PM      0.00      0.00      0.00      0.00      8.00      0.00      0.00      0.00      0.00      0.00
07:52:57 PM      0.00      0.00      0.00      0.00     11.20      0.00      0.00      0.00      0.00      0.00
07:53:02 PM      0.00      0.00      0.00      0.00      8.40      0.00      0.00      0.00      0.00      0.00
07:53:07 PM      0.00     51.20      6.20      0.00      7.20      0.00      0.00      0.00      0.00      0.00
07:53:12 PM      0.00    143.20      0.00      0.00      9.00      0.00      0.00      0.00      0.00      0.00
07:53:17 PM      0.00     43.20      6.00      0.00     11.40      0.00      0.00      0.00      0.00      0.00
07:53:22 PM      0.00      0.00      0.00      0.00      9.60      0.00      0.00      0.00      0.00      0.00
07:53:27 PM      0.00      0.00      0.00      0.00     11.00      0.00      0.00      0.00      0.00      0.00
07:53:32 PM      0.00      0.00      0.00      0.00      8.60      0.00      0.00      0.00      0.00      0.00
07:53:37 PM      0.00     88.00      0.00      0.00      7.80      0.00      0.00      0.00      0.00      0.00
07:53:42 PM      0.00    124.00      0.00      0.00      8.60      0.00      0.00      0.00      0.00      0.00
07:53:47 PM      0.00      0.00      0.20      0.00     11.60      0.00      0.00      0.00      0.00      0.00
07:53:52 PM      0.00      4.00      0.00      0.00      8.60      0.00      0.00      0.00      0.00      0.00
07:53:57 PM      0.00      0.00      0.00      0.00     11.20      0.00      0.00      0.00      0.00      0.00
07:54:02 PM      0.00      0.00      0.00      0.00      8.60      0.00      0.00      0.00      0.00      0.00
07:54:07 PM      0.00      0.00      0.00      0.00      7.80      0.00      0.00      0.00      0.00      0.00
07:54:12 PM      0.00      0.00      0.00      0.00      7.00      0.00      0.00      0.00      0.00      0.00
07:54:17 PM      0.00     32.00      0.00      0.00     10.20      0.00      0.00      0.00      0.00      0.00
07:54:22 PM      0.00    111.20      0.00      0.00      8.80      0.00      0.00      0.00      0.00      0.00
07:54:27 PM      0.00      4.79      0.00      0.00      8.18      0.00      0.00      0.00      0.00      0.00
07:54:32 PM      0.00      0.00      0.00      0.00     14.40      0.00      0.00      0.00      0.00      0.00
07:54:37 PM      0.00      0.00      0.00      0.00      7.60      0.00      0.00      0.00      0.00      0.00
07:54:42 PM      0.00      0.00      0.00      0.00      9.60      0.00      0.00      0.00      0.00      0.00
07:54:47 PM      0.00      0.00      0.00      0.00     11.00      0.00      0.00      0.00      0.00      0.00
07:54:52 PM      0.00     32.00      0.00      0.00      8.60      0.00      0.00      0.00      0.00      0.00
07:54:57 PM      0.00     92.00    281.20      0.00    219.20      0.00      0.00      0.00      0.00      0.00
07:55:02 PM      0.00      4.00      0.00      0.00      7.80      0.00      0.00      0.00      0.00      0.00
07:55:07 PM      0.00      0.00      0.00      0.00      7.00      0.00      0.00      0.00      0.00      0.00
07:55:12 PM      0.00      0.00      0.00      0.00      8.60      0.00      0.00      0.00      0.00      0.00
07:55:17 PM      0.00      0.00      0.00      0.00     11.20      0.00      0.00      0.00      0.00      0.00
07:55:22 PM      0.00      0.00      0.00      0.00      8.60      0.00      0.00      0.00      0.00      0.00
07:55:27 PM      0.00     32.00      0.00      0.00     10.60      0.00      0.00      0.00      0.00      0.00
07:55:32 PM      0.00    111.20      0.00      0.00      8.60      0.00      0.00      0.00      0.00      0.00
07:55:37 PM      0.00      5.60      0.00      0.00      6.80      0.00      0.00      0.00      0.00      0.00
07:55:42 PM      0.00      0.00      0.00      0.00      8.80      0.00      0.00      0.00      0.00      0.00
07:55:47 PM      0.00      0.00      0.00      0.00     11.00      0.00      0.00      0.00      0.00      0.00
07:55:52 PM      0.00      0.00      0.00      0.00      8.80      0.00      0.00      0.00      0.00      0.00
07:55:57 PM      0.00      0.00      1.40      0.00     10.20      0.00      0.00      0.00      0.00      0.00
07:56:02 PM      0.00     32.00      0.00      0.00      6.40      0.00      0.00      0.00      0.00      0.00
07:56:07 PM      0.00     92.00      0.00      0.00      4.40      0.00      0.00      0.00      0.00      0.00
07:56:12 PM      0.00      4.00      0.00      0.00      8.80      0.00      0.00      0.00      0.00      0.00
07:56:17 PM      0.00      0.00      0.00      0.00      9.40      0.00      0.00      0.00      0.00      0.00
07:56:22 PM      0.00      0.00      0.00      0.00      8.60      0.00      0.00      0.00      0.00      0.00
07:56:27 PM      0.00      0.00      0.20      0.00     11.40      0.00      0.00      0.00      0.00      0.00
07:56:32 PM      0.00      0.00      0.00      0.00      7.80      0.00      0.00      0.00      0.00      0.00
07:56:37 PM      0.00     32.00      0.00      0.00      6.20      0.00      0.00      0.00      0.00      0.00
07:56:42 PM      0.00    111.20      0.00      0.00      8.60      0.00      0.00      0.00      0.00      0.00
07:56:47 PM      0.00      4.80      0.00      0.00     11.20      0.00      0.00      0.00      0.00      0.00
07:56:52 PM      0.00      0.00      0.00      0.00      8.60      0.00      0.00      0.00      0.00      0.00
07:56:57 PM      0.00      0.00      0.00      0.00     11.20      0.00      0.00      0.00      0.00      0.00
07:57:02 PM      0.00      0.00      0.00      0.00      8.60      0.00      0.00      0.00      0.00      0.00
07:57:07 PM      0.00      0.00      0.00      0.00      6.80      0.00      0.00      0.00      0.00      0.00
07:57:12 PM      0.00     32.00      0.00      0.00      9.60      0.00      0.00      0.00      0.00      0.00
07:57:17 PM      9.60    124.00      0.00      0.00     10.20      0.00      0.00      0.00      0.00      0.00
07:57:22 PM      0.00      4.80      0.00      0.00      8.80      0.00      0.00      0.00      0.00      0.00
07:57:27 PM      0.00      0.00      0.00      0.00     11.00      0.00      0.00      0.00      0.00      0.00
07:57:32 PM      0.00      0.00      0.00      0.00      8.20      0.00      0.00      0.00      0.00      0.00
07:57:37 PM      0.00      0.00      0.00      0.00      4.40      0.00      0.00      0.00      0.00      0.00
07:57:42 PM      0.00      0.00      0.00      0.00     11.00      0.00      0.00      0.00      0.00      0.00
07:57:47 PM      0.00     32.00      0.00      0.00      8.00      0.00      0.00      0.00      0.00      0.00
07:57:52 PM      0.00    117.60      0.00      0.00     11.00      0.00      0.00      0.00      0.00      0.00
07:57:57 PM      0.00      4.00      0.00      0.00      9.00      0.00      0.00      0.00      0.00      0.00
07:58:02 PM      0.00      0.00      0.00      0.00     11.40      0.00      0.00      0.00      0.00      0.00
07:58:07 PM      0.00      0.00      6.20      0.00      5.60      0.00      0.00      0.00      0.00      0.00
07:58:12 PM      0.00      0.00      0.00      0.00     11.40      0.00      0.00      0.00      0.00      0.00
07:58:17 PM      0.00     52.80      0.20      0.00     10.60      0.00      0.00      0.00      0.00      0.00
07:58:22 PM      0.00     64.00      0.00      0.00     11.40      0.00      0.00      0.00      0.00      0.00
07:58:27 PM      0.00    151.20      6.20      0.00      8.80      0.00      0.00      0.00      0.00      0.00
07:58:32 PM      0.00      4.00      0.00      0.00     11.60      0.00      0.00      0.00      0.00      0.00
07:58:37 PM      0.00     24.00      0.00      0.00      5.60      0.00      0.00      0.00      0.00      0.00
07:58:42 PM      0.00      0.00      0.00      0.00     11.20      0.00      0.00      0.00      0.00      0.00
07:58:47 PM      0.00      0.00      0.00      0.00      9.80      0.00      0.00      0.00      0.00      0.00
07:58:52 PM      0.00      0.00      0.00      0.00     10.40      0.00      0.00      0.00      0.00      0.00
07:58:57 PM      0.00    181.60      0.00      0.00      8.60      0.00      0.00      0.00      0.00      0.00
07:59:02 PM      0.00      0.00      0.00      0.00     11.20      0.00      0.00      0.00      0.00      0.00
07:59:07 PM      0.00      4.80      0.00      0.00      5.20      0.00      0.00      0.00      0.00      0.00
07:59:12 PM      0.00      0.00      0.00      0.00     11.00      0.00      0.00      0.00      0.00      0.00
07:59:17 PM      0.00      0.00      0.20      0.00      8.00      0.00      0.00      0.00      0.00      0.00
07:59:22 PM      0.00      0.00      0.00      0.00      9.38      0.00      0.00      0.00      0.00      0.00
07:59:27 PM      0.00    111.20      0.00      0.00      6.60      0.00      0.00      0.00      0.00      0.00
07:59:32 PM      0.00      0.00      0.00      0.00     16.40      0.00      0.00      0.00      0.00      0.00
07:59:37 PM      0.00      0.00      0.00      0.00      4.60      0.00      0.00      0.00      0.00      0.00
07:59:42 PM      0.00      7.20      0.00      0.00     11.00      0.00      0.00      0.00      0.00      0.00
07:59:47 PM      0.00      0.00      0.00      0.00      8.80      0.00      0.00      0.00      0.00      0.00
07:59:52 PM      0.00      0.00      0.00      0.00     11.00      0.00      0.00      0.00      0.00      0.00
07:59:57 PM      0.00      0.00    280.60      0.00    217.40      0.00      0.00      0.00      0.00      0.00
08:00:02 PM      0.00      0.00      0.00      0.00      9.60      0.00      0.00      0.00      0.00      0.00
08:00:07 PM      0.00      0.00      0.00      0.00      5.20      0.00      0.00      0.00      0.00      0.00
08:00:12 PM      0.00    143.20      0.00      0.00     11.20      0.00      0.00      0.00      0.00      0.00
08:00:17 PM      0.00      4.00      0.00      0.00      7.80      0.00      0.00      0.00      0.00      0.00
08:00:22 PM      0.00      0.00      0.00      0.00     10.40      0.00      0.00      0.00      0.00      0.00
08:00:27 PM      0.00      0.00      0.00      0.00      8.60      0.00      0.00      0.00      0.00      0.00
08:00:32 PM      0.00      0.00      0.00      0.00     11.20      0.00      0.00      0.00      0.00      0.00
08:00:37 PM      0.00      0.00      0.00      0.00      5.40      0.00      0.00      0.00      0.00      0.00
08:00:42 PM      0.00     32.00      0.20      0.00     11.00      0.00      0.00      0.00      0.00      0.00
08:00:47 PM      0.00     92.00      0.00      0.00      8.80      0.00      0.00      0.00      0.00      0.00
08:00:52 PM      0.00      4.00      0.00      0.00     11.00      0.00      0.00      0.00      0.00      0.00
08:00:57 PM      0.00      0.00      0.00      0.00      8.80      0.00      0.00      0.00      0.00      0.00
08:01:02 PM      0.00      0.00      0.00      0.00      9.60      0.00      0.00      0.00      0.00      0.00
08:01:07 PM      0.00      0.00      0.20      0.00      4.60      0.00      0.00      0.00      0.00      0.00
08:01:12 PM      0.00      0.00      0.00      0.00      7.80      0.00      0.00      0.00      0.00      0.00
08:01:17 PM      0.00     32.00      0.00      0.00      7.80      0.00      0.00      0.00      0.00      0.00
08:01:22 PM      0.00    111.20      0.00      0.00     11.20      0.00      0.00      0.00      0.00      0.00
08:01:27 PM      0.00      4.00      0.00      0.00      8.60      0.00      0.00      0.00      0.00      0.00
08:01:32 PM      0.00      0.00      0.00      0.00      9.60      0.00      0.00      0.00      0.00      0.00
08:01:37 PM      0.00      0.00      0.00      0.00      5.40      0.00      0.00      0.00      0.00      0.00
08:01:42 PM      0.00      0.00      0.00      0.00     11.20      0.00      0.00      0.00      0.00      0.00
08:01:47 PM      0.00      0.00      0.00      0.00      8.60      0.00      0.00      0.00      0.00      0.00
08:01:52 PM      0.00     32.00      0.00      0.00      9.60      0.00      0.00      0.00      0.00      0.00
08:01:57 PM      0.00     92.00      0.00      0.00      8.60      0.00      0.00      0.00      0.00      0.00
08:02:02 PM      0.00      4.80      0.00      0.00     11.00      0.00      0.00      0.00      0.00      0.00
08:02:07 PM      0.00      0.00      0.00      0.00      5.40      0.00      0.00      0.00      0.00      0.00
08:02:12 PM      0.00      0.00      0.00      0.00     11.00      0.00      0.00      0.00      0.00      0.00
08:02:17 PM      0.00      0.00      0.20      0.00      8.00      0.00      0.00      0.00      0.00      0.00
08:02:22 PM      0.00      0.00      0.20      0.00      8.60      0.00      0.00      0.00      0.00      0.00
08:02:27 PM      0.00     32.00      0.00      0.00      7.20      0.00      0.00      0.00      0.00      0.00
08:02:32 PM      0.00    111.20      0.00      0.00      8.60      0.00      0.00      0.00      0.00      0.00
08:02:37 PM      0.00      4.80      0.00      0.00      4.80      0.00      0.00      0.00      0.00      0.00
08:02:42 PM      0.00      0.00      0.00      0.00     11.00      0.00      0.00      0.00      0.00      0.00
08:02:47 PM      0.00      0.00      0.00      0.00      8.60      0.00      0.00      0.00      0.00      0.00
08:02:52 PM      0.00      0.00      0.00      0.00     11.20      0.00      0.00      0.00      0.00      0.00
08:02:57 PM      0.00      0.00      0.00      0.00      8.80      0.00      0.00      0.00      0.00      0.00
08:03:02 PM      0.00     32.00      0.00      0.00     11.60      0.00      0.00      0.00      0.00      0.00
08:03:07 PM      0.00     92.00      6.20      0.00      5.60      0.00      0.00      0.00      0.00      0.00
08:03:12 PM      0.00      5.60      0.00      0.00     12.20      0.00      0.00      0.00      0.00      0.00
08:03:17 PM      0.00      0.00      0.00      0.00      9.80      0.00      0.00      0.00      0.00      0.00
08:03:22 PM      0.00      0.00      0.00      0.00     11.40      0.00      0.00      0.00      0.00      0.00
08:03:27 PM      0.00     38.40      6.20      0.00      9.00      0.00      0.00      0.00      0.00      0.00
08:03:32 PM      0.00      0.00      0.00      0.00     10.20      0.00      0.00      0.00      0.00      0.00
08:03:37 PM      0.00    155.20      0.00      0.00      5.60      0.00      0.00      0.00      0.00      0.00
08:03:42 PM      0.00      0.00      0.00      0.00     11.00      0.00      0.00      0.00      0.00      0.00
08:03:47 PM      0.00      4.00      0.00      0.00      9.20      0.00      0.00      0.00      0.00      0.00
08:03:52 PM      0.00      0.00      0.00      0.00     11.00      0.00      0.00      0.00      0.00      0.00
08:03:57 PM      0.00      0.00      0.40      0.00      8.00      0.00      0.00      0.00      0.00      0.00
08:04:02 PM      0.00      0.00      0.00      0.00     11.00      0.00      0.00      0.00      0.00      0.00
08:04:07 PM      3.20    188.00      0.00      0.00      5.20      0.00      0.00      0.00      0.00      0.00
08:04:12 PM      0.00      0.00      0.00      0.00     11.20      0.00      0.00      0.00      0.00      0.00
08:04:17 PM      0.00      0.00      0.00      0.00     10.20      0.00      0.00      0.00      0.00      0.00
08:04:22 PM      0.00      4.00      0.00      0.00     11.20      0.00      0.00      0.00      0.00      0.00
08:04:27 PM      0.00      0.00      0.00      0.00      5.59      0.00      0.00      0.00      0.00      0.00
08:04:32 PM      0.00      0.00      0.00      0.00     16.80      0.00      0.00      0.00      0.00      0.00
08:04:37 PM      0.00     32.00      0.00      0.00      3.60      0.00      0.00      0.00      0.00      0.00
08:04:42 PM      0.00      0.00      0.00      0.00     12.20      0.00      0.00      0.00      0.00      0.00
08:04:47 PM      0.00      0.00      0.00      0.00      8.60      0.00      0.00      0.00      0.00      0.00
08:04:52 PM      0.00    124.00      0.00      0.00     11.00      0.00      0.00      0.00      0.00      0.00
08:04:57 PM      0.00      4.80      0.00      0.00      8.00      0.00      0.00      0.00      0.00      0.00
08:05:02 PM      0.00      0.00    279.60      0.00    217.80      0.00      0.00      0.00      0.00      0.00
08:05:07 PM      0.00      0.00      0.00      0.00      3.80      0.00      0.00      0.00      0.00      0.00
08:05:12 PM      0.00      0.00      0.00      0.00     11.00      0.00      0.00      0.00      0.00      0.00
08:05:17 PM      0.00      0.00      0.00      0.00      8.80      0.00      0.00      0.00      0.00      0.00
08:05:22 PM      0.00     32.00      0.00      0.00      8.60      0.00      0.00      0.00      0.00      0.00
08:05:27 PM      0.00     92.00      0.00      0.00     11.20      0.00      0.00      0.00      0.00      0.00
08:05:32 PM      0.00      5.60      0.00      0.00      8.60      0.00      0.00      0.00      0.00      0.00
08:05:37 PM      0.00      0.00      0.00      0.00      5.20      0.00      0.00      0.00      0.00      0.00
08:05:42 PM      0.00      0.00      0.00      0.00      6.60      0.00      0.00      0.00      0.00      0.00
08:05:47 PM      0.00      0.00      0.00      0.00     10.20      0.00      0.00      0.00      0.00      0.00
08:05:52 PM      0.00      0.00      0.00      0.00      7.20      0.00      0.00      0.00      0.00      0.00
08:05:57 PM      0.00     32.00      0.00      0.00     10.20      0.00      0.00      0.00      0.00      0.00
08:06:02 PM      0.00    111.20      0.00      0.00      8.80      0.00      0.00      0.00      0.00      0.00
08:06:07 PM      0.00      4.00      0.00      0.00      6.00      0.00      0.00      0.00      0.00      0.00
08:06:12 PM      0.00      0.00      0.00      0.00      6.40      0.00      0.00      0.00      0.00      0.00
08:06:17 PM      0.00      0.00      0.00      0.00     11.00      0.00      0.00      0.00      0.00      0.00
08:06:22 PM      0.00      0.00      0.00      0.00      8.60      0.00      0.00      0.00      0.00      0.00
08:06:27 PM      0.00      0.00      0.00      0.00     11.20      0.00      0.00      0.00      0.00      0.00
08:06:32 PM      0.00     32.00      0.00      0.00     10.20      0.00      0.00      0.00      0.00      0.00
08:06:37 PM      0.00     92.00      0.00      0.00      7.80      0.00      0.00      0.00      0.00      0.00
08:06:42 PM      0.00      5.60      0.00      0.00      8.80      0.00      0.00      0.00      0.00      0.00
08:06:47 PM      0.00      0.00      0.00      0.00     11.20      0.00      0.00      0.00      0.00      0.00
08:06:52 PM      0.00      0.00      0.20      0.00      8.60      0.00      0.00      0.00      0.00      0.00
08:06:57 PM      0.00      0.00      0.00      0.00     11.20      0.00      0.00      0.00      0.00      0.00
08:07:02 PM      0.00      0.00      0.00      0.00      8.60      0.00      0.00      0.00      0.00      0.00
08:07:07 PM      0.00     32.00      0.20      0.00      6.80      0.00      0.00      0.00      0.00      0.00
08:07:12 PM      0.00    111.20      0.00      0.00      8.80      0.00      0.00      0.00      0.00      0.00
08:07:17 PM      0.00      4.80      0.00      0.00     11.00      0.00      0.00      0.00      0.00      0.00
08:07:22 PM      0.00      0.00      0.00      0.00      8.80      0.00      0.00      0.00      0.00      0.00
08:07:27 PM      0.00      0.00      0.00      0.00      9.40      0.00      0.00      0.00      0.00      0.00
08:07:32 PM      0.00      0.00      0.00      0.00      8.80      0.00      0.00      0.00      0.00      0.00
08:07:37 PM      0.00      0.00      0.00      0.00      7.60      0.00      0.00      0.00      0.00      0.00
08:07:42 PM      0.00     32.00      0.00      0.00      8.60      0.00      0.00      0.00      0.00      0.00
08:07:47 PM      3.20    130.40      0.00      0.00      9.80      0.00      0.00      0.00      0.00      0.00
08:07:52 PM      0.00      4.00      0.00      0.00      8.60      0.00      0.00      0.00      0.00      0.00
08:07:57 PM      0.00      0.00      0.00      0.00     11.40      0.00      0.00      0.00      0.00      0.00
08:08:02 PM      0.00      0.00      0.40      0.00      9.00      0.00      0.00      0.00      0.00      0.00
08:08:07 PM      0.00      0.00      6.20      0.00      8.00      0.00      0.00      0.00      0.00      0.00
08:08:12 PM      0.00      0.00      0.00      0.00      9.00      0.00      0.00      0.00      0.00      0.00
08:08:17 PM      0.00     64.00      0.00      0.00     11.60      0.00      0.00      0.00      0.00      0.00
08:08:22 PM      0.00    162.40      0.00      0.00      8.60      0.00      0.00      0.00      0.00      0.00
08:08:27 PM      0.00     46.40      6.20      0.00     11.60      0.00      0.00      0.00      0.00      0.00
08:08:32 PM      0.00      0.00      0.00      0.00      7.20      0.00      0.00      0.00      0.00      0.00
08:08:37 PM      0.00     20.80      0.00      0.00      8.00      0.00      0.00      0.00      0.00      0.00
08:08:42 PM      0.00      0.00      0.20      0.00      8.78      0.00      0.00      0.00      0.00      0.00
08:08:47 PM      0.00     64.00      0.00      0.00      8.80      0.00      0.00      0.00      0.00      0.00
08:08:52 PM      0.00      0.00      0.00      0.00      7.20      0.00      0.00      0.00      0.00      0.00
08:08:57 PM      0.00    124.00      0.00      0.00      8.60      0.00      0.00      0.00      0.00      0.00
08:09:02 PM      0.00      4.80      0.00      0.00      8.80      0.00      0.00      0.00      0.00      0.00
08:09:07 PM      0.00      0.00      0.00      0.00      7.60      0.00      0.00      0.00      0.00      0.00
08:09:12 PM      0.00      0.00      0.00      0.00      7.00      0.00      0.00      0.00      0.00      0.00
08:09:17 PM      0.00      0.00      0.00      0.00     11.20      0.00      0.00      0.00      0.00      0.00
08:09:22 PM      0.00      0.00      0.00      0.00      8.60      0.00      0.00      0.00      0.00      0.00
08:09:27 PM      0.00     32.00      0.00      0.00      7.40      0.00      0.00      0.00      0.00      0.00
08:09:32 PM      0.00    117.60      0.00      0.00     14.20      0.00      0.00      0.00      0.00      0.00
08:09:37 PM      0.00      4.00      0.00      0.00      7.00      0.00      0.00      0.00      0.00      0.00
08:09:42 PM      0.00      0.00      0.00      0.00     11.00      0.00      0.00      0.00      0.00      0.00
08:09:47 PM      0.00      0.00      0.00      0.00     10.60      0.00      0.00      0.00      0.00      0.00
08:09:52 PM      0.00      0.00      0.00      0.00      7.80      0.00      0.00      0.00      0.00      0.00
08:09:57 PM      0.00      0.00      0.00      0.00      9.40      0.00      0.00      0.00      0.00      0.00
08:10:02 PM      0.00     32.00    280.80      0.00    215.60      0.00      0.00      0.00      0.00      0.00
08:10:07 PM      0.00     98.40      0.00      0.00      6.80      0.00      0.00      0.00      0.00      0.00
08:10:12 PM      0.00      4.80      0.00      0.00      8.80      0.00      0.00      0.00      0.00      0.00
08:10:17 PM      0.00      0.00      0.00      0.00     11.00      0.00      0.00      0.00      0.00      0.00
08:10:22 PM      0.00      0.00      0.00      0.00      8.80      0.00      0.00      0.00      0.00      0.00
08:10:27 PM      0.00      0.00      0.00      0.00     11.00      0.00      0.00      0.00      0.00      0.00
08:10:32 PM      0.00      0.00      0.00      0.00      8.60      0.00      0.00      0.00      0.00      0.00
08:10:37 PM      0.00     32.00      0.00      0.00      7.80      0.00      0.00      0.00      0.00      0.00
08:10:42 PM      0.00    117.60      0.00      0.00      8.60      0.00      0.00      0.00      0.00      0.00
08:10:47 PM      0.00      5.60      0.00      0.00     11.20      0.00      0.00      0.00      0.00      0.00
08:10:52 PM      0.00      0.00      0.00      0.00      8.80      0.00      0.00      0.00      0.00      0.00
08:10:57 PM      0.00      0.00      0.00      0.00     11.20      0.00      0.00      0.00      0.00      0.00
08:11:02 PM      0.00      0.00      0.00      0.00      8.60      0.00      0.00      0.00      0.00      0.00
08:11:07 PM      0.00      0.00      0.00      0.00      7.80      0.00      0.00      0.00      0.00      0.00
08:11:12 PM      0.00     32.00      0.00      0.00      7.80      0.00      0.00      0.00      0.00      0.00
08:11:17 PM      0.00     98.40      0.00      0.00      8.60      0.00      0.00      0.00      0.00      0.00
08:11:22 PM      0.00      4.00      0.00      0.00      8.80      0.00      0.00      0.00      0.00      0.00
08:11:27 PM      0.00      0.00      0.00      0.00     11.00      0.00      0.00      0.00      0.00      0.00
08:11:32 PM      0.00      0.00      0.00      0.00      8.80      0.00      0.00      0.00      0.00      0.00
08:11:37 PM      0.00      0.00      0.00      0.00      7.60      0.00      0.00      0.00      0.00      0.00
08:11:42 PM      0.00      0.00      0.00      0.00      8.00      0.00      0.00      0.00      0.00      0.00
08:11:47 PM      0.00     32.00      0.00      0.00     11.00      0.00      0.00      0.00      0.00      0.00
08:11:52 PM      0.00    117.60      0.00      0.00      9.00      0.00      0.00      0.00      0.00      0.00
08:11:57 PM      0.00      5.60      0.00      0.00     11.00      0.00      0.00      0.00      0.00      0.00
08:12:02 PM      0.00      0.00      0.00      0.00      8.60      0.00      0.00      0.00      0.00      0.00
08:12:07 PM      0.00      0.00      0.00      0.00      5.40      0.00      0.00      0.00      0.00      0.00
08:12:12 PM      0.00      0.00      0.00      0.00      8.60      0.00      0.00      0.00      0.00      0.00
08:12:17 PM      0.00      0.00      0.00      0.00      9.60      0.00      0.00      0.00      0.00      0.00
08:12:22 PM      0.00     32.00      0.00      0.00     11.00      0.00      0.00      0.00      0.00      0.00
08:12:27 PM      0.00     98.40      0.00      0.00      8.00      0.00      0.00      0.00      0.00      0.00
08:12:32 PM      0.00      4.80      0.00      0.00     10.20      0.00      0.00      0.00      0.00      0.00
08:12:37 PM      0.00      0.00      0.00      0.00      5.40      0.00      0.00      0.00      0.00      0.00
08:12:42 PM      0.00      0.00      0.20      0.00     11.00      0.00      0.00      0.00      0.00      0.00
08:12:47 PM      0.00      0.00      0.00      0.00      8.60      0.00      0.00      0.00      0.00      0.00
08:12:52 PM      0.00      0.00      0.00      0.00     11.40      0.00      0.00      0.00      0.00      0.00
08:12:57 PM      0.00     32.00      0.00      0.00      8.80      0.00      0.00      0.00      0.00      0.00
08:13:02 PM      0.00    117.60      0.20      0.00     11.60      0.00      0.00      0.00      0.00      0.00
08:13:07 PM      0.00      4.00      6.60      0.00      5.40      0.00      0.00      0.00      0.00      0.00
08:13:12 PM      0.00      0.00      0.00      0.00     10.20      0.00      0.00      0.00      0.00      0.00
08:13:17 PM      0.00      0.00      0.00      0.00      8.80      0.00      0.00      0.00      0.00      0.00
08:13:22 PM      0.00      0.00      0.00      0.00     11.20      0.00      0.00      0.00      0.00      0.00
08:13:27 PM      0.00     38.40      6.00      0.00      9.20      0.00      0.00      0.00      0.00      0.00
08:13:32 PM      0.00     64.00      0.00      0.00     11.00      0.00      0.00      0.00      0.00      0.00
08:13:37 PM      0.00    148.00      0.00      0.00      5.80      0.00      0.00      0.00      0.00      0.00
08:13:42 PM      0.00      4.00      0.00      0.00     11.00      0.00      0.00      0.00      0.00      0.00
08:13:47 PM      0.00      0.00      0.00      0.00      8.80      0.00      0.00      0.00      0.00      0.00
08:13:52 PM      0.00      0.00      0.00      0.00     11.18      0.00      0.00      0.00      0.00      0.00
08:13:57 PM      0.00      0.00      0.00      0.00      8.80      0.00      0.00      0.00      0.00      0.00
08:14:02 PM      0.00      0.00      0.00      0.00      8.60      0.00      0.00      0.00      0.00      0.00
08:14:07 PM      0.00    117.60      0.00      0.00      6.00      0.00      0.00      0.00      0.00      0.00
08:14:12 PM      0.00      0.00      0.40      0.00     10.40      0.00      0.00      0.00      0.00      0.00
08:14:17 PM      0.00      5.60      0.00      0.00      8.60      0.00      0.00      0.00      0.00      0.00
08:14:22 PM      0.00      0.00      0.00      0.00     11.20      0.00      0.00      0.00      0.00      0.00
08:14:27 PM      0.00      0.00      0.00      0.00      6.40      0.00      0.00      0.00      0.00      0.00
08:14:32 PM      0.00      0.00      0.00      0.00     16.00      0.00      0.00      0.00      0.00      0.00
08:14:37 PM      0.00      0.00      0.00      0.00      5.20      0.00      0.00      0.00      0.00      0.00
08:14:42 PM      0.00    117.60      0.00      0.00     11.20      0.00      0.00      0.00      0.00      0.00
08:14:47 PM      0.00      0.00      0.00      0.00      8.60      0.00      0.00      0.00      0.00      0.00
08:14:52 PM      0.00      4.80      0.00      0.00     11.00      0.00      0.00      0.00      0.00      0.00
08:14:57 PM      0.00      0.00      0.00      0.00      9.00      0.00      0.00      0.00      0.00      0.00
08:15:02 PM      0.00      0.00    282.60      0.00    228.20      0.00      0.00      0.00      0.00      0.00
08:15:07 PM      0.00      0.00      0.00      0.00      5.40      0.00      0.00      0.00      0.00      0.00
08:15:12 PM      0.00      0.00      0.00      0.00     11.00      0.00      0.00      0.00      0.00      0.00
08:15:17 PM      0.00      0.00      0.00      0.00      8.00      0.00      0.00      0.00      0.00      0.00
08:15:22 PM      0.00    162.40      0.00      0.00     11.00      0.00      0.00      0.00      0.00      0.00
08:15:27 PM      0.00      4.80      0.00      0.00      8.80      0.00      0.00      0.00      0.00      0.00
08:15:32 PM      0.00      0.00      0.00      0.00     11.00      0.00      0.00      0.00      0.00      0.00
08:15:37 PM      0.00      0.00      0.00      0.00      5.20      0.00      0.00      0.00      0.00      0.00
08:15:42 PM      0.00      0.00      0.00      0.00      8.00      0.00      0.00      0.00      0.00      0.00
08:15:47 PM      0.00      0.00      0.00      0.00      7.80      0.00      0.00      0.00      0.00      0.00
08:15:52 PM      0.00     32.00      0.00      0.00     11.20      0.00      0.00      0.00      0.00      0.00
08:15:57 PM      0.00    104.80      0.00      0.00      8.00      0.00      0.00      0.00      0.00      0.00
08:16:02 PM      0.00      4.00      0.00      0.00     11.20      0.00      0.00      0.00      0.00      0.00
08:16:07 PM      0.00      0.00      0.20      0.00      5.20      0.00      0.00      0.00      0.00      0.00
08:16:12 PM      0.00      0.00      0.40      0.00     11.20      0.00      0.00      0.00      0.00      0.00
08:16:17 PM      0.00      0.00      0.00      0.00      7.80      0.00      0.00      0.00      0.00      0.00
08:16:22 PM      0.00      0.00      0.00      0.00     10.20      0.00      0.00      0.00      0.00      0.00
08:16:27 PM      0.00     32.00      0.00      0.00      8.80      0.00      0.00      0.00      0.00      0.00
08:16:32 PM      0.00    117.60      0.00      0.00     11.00      0.00      0.00      0.00      0.00      0.00
08:16:37 PM      0.00      4.00      0.00      0.00      5.40      0.00      0.00      0.00      0.00      0.00
08:16:42 PM      0.00      0.00      0.00      0.00     11.00      0.00      0.00      0.00      0.00      0.00
08:16:47 PM      0.00      0.00      0.00      0.00      8.80      0.00      0.00      0.00      0.00      0.00
08:16:52 PM      0.00      0.00      0.00      0.00     10.20      0.00      0.00      0.00      0.00      0.00
08:16:57 PM      0.00      0.00      0.20      0.00      8.80      0.00      0.00      0.00      0.00      0.00
08:17:02 PM      0.00     32.00      0.00      0.00      9.60      0.00      0.00      0.00      0.00      0.00
08:17:07 PM      0.00     98.40      0.00      0.00      4.40      0.00      0.00      0.00      0.00      0.00
08:17:12 PM      0.00      4.00      0.00      0.00     11.20      0.00      0.00      0.00      0.00      0.00
08:17:17 PM      0.00      0.00      0.00      0.00      7.00      0.00      0.00      0.00      0.00      0.00
08:17:22 PM      0.00      0.00      0.00      0.00     12.00      0.00      0.00      0.00      0.00      0.00
08:17:27 PM      0.00      0.00      0.00      0.00      8.60      0.00      0.00      0.00      0.00      0.00
08:17:32 PM      0.00      0.00      0.00      0.00     12.00      0.00      0.00      0.00      0.00      0.00
08:17:37 PM      0.00     32.00      0.00      0.00      5.20      0.00      0.00      0.00      0.00      0.00
08:17:42 PM      0.00    117.60      0.00      0.00     11.00      0.00      0.00      0.00      0.00      0.00
08:17:47 PM      0.00      7.20      0.00      0.00      8.00      0.00      0.00      0.00      0.00      0.00
08:17:52 PM      0.00      0.00      0.00      0.00     10.20      0.00      0.00      0.00      0.00      0.00
08:17:57 PM      0.00      0.00      0.00      0.00      8.20      0.00      0.00      0.00      0.00      0.00
08:18:02 PM      0.00      0.00      0.00      0.00     10.80      0.00      0.00      0.00      0.00      0.00
08:18:07 PM      0.00      0.00      6.20      0.00      4.20      0.00      0.00      0.00      0.00      0.00
08:18:12 PM      0.00     64.00      0.00      0.00     10.60      0.00      0.00      0.00      0.00      0.00
08:18:17 PM      0.00    143.20      0.00      0.00      9.80      0.00      0.00      0.00      0.00      0.00
08:18:22 PM      0.00      4.80      0.00      0.00     10.40      0.00      0.00      0.00      0.00      0.00
08:18:27 PM      0.00     43.11      6.39      0.00      8.98      0.00      0.00      0.00      0.00      0.00
08:18:32 PM      0.00      0.00      0.00      0.00     11.20      0.00      0.00      0.00      0.00      0.00
08:18:37 PM      0.00     20.80      0.00      0.00      5.60      0.00      0.00      0.00      0.00      0.00
08:18:42 PM      0.00     64.00      0.00      0.00     11.20      0.00      0.00      0.00      0.00      0.00
08:18:47 PM      0.00      0.00      0.00      0.00      7.80      0.00      0.00      0.00      0.00      0.00
08:18:52 PM      0.00    143.20      0.00      0.00     11.20      0.00      0.00      0.00      0.00      0.00
08:18:57 PM      0.00      4.00      0.00      0.00      7.00      0.00      0.00      0.00      0.00      0.00
08:19:02 PM      0.00      0.00      0.00      0.00     11.40      0.00      0.00      0.00      0.00      0.00
08:19:07 PM      0.00      0.00      0.00      0.00      5.20      0.00      0.00      0.00      0.00      0.00
08:19:12 PM      0.00      0.00      0.60      0.00     11.00      0.00      0.00      0.00      0.00      0.00
08:19:17 PM      0.00      0.00      0.00      0.00      7.20      0.00      0.00      0.00      0.00      0.00
08:19:22 PM      0.00     32.00      0.00      0.00     10.20      0.00      0.00      0.00      0.00      0.00
08:19:27 PM      0.00     98.40      0.40      0.00      5.80      0.00      0.00      0.00      0.00      0.00
08:19:32 PM      0.00      4.00      0.00      0.00     15.80      0.00      0.00      0.00      0.00      0.00
08:19:37 PM      0.00      0.00      0.00      0.00      5.40      0.00      0.00      0.00      0.00      0.00
08:19:42 PM      0.00      0.00      0.00      0.00     11.00      0.00      0.00      0.00      0.00      0.00
08:19:47 PM      0.00      0.00      0.00      0.00      8.60      0.00      0.00      0.00      0.00      0.00
08:19:52 PM      0.00      0.00      0.00      0.00     10.40      0.00      0.00      0.00      0.00      0.00
08:19:57 PM      0.00     32.00      0.00      0.00      7.80      0.00      0.00      0.00      0.00      0.00
08:20:02 PM      0.00    117.60    281.20      0.00    219.20      0.00      0.00      0.00      0.00      0.00
08:20:07 PM      0.00      4.00      0.00      0.00      3.60      0.00      0.00      0.00      0.00      0.00
08:20:12 PM      0.00      0.00      0.00      0.00     10.40      0.00      0.00      0.00      0.00      0.00
08:20:17 PM      0.00      0.00      0.00      0.00      8.60      0.00      0.00      0.00      0.00      0.00
08:20:22 PM      0.00      0.00      0.00      0.00     11.20      0.00      0.00      0.00      0.00      0.00
08:20:27 PM      0.00      0.00      0.00      0.00      8.60      0.00      0.00      0.00      0.00      0.00
08:20:32 PM      0.00     32.00      0.00      0.00     11.00      0.00      0.00      0.00      0.00      0.00
08:20:37 PM      0.00     98.40      0.00      0.00      6.20      0.00      0.00      0.00      0.00      0.00
08:20:42 PM      0.00      5.60      0.00      0.00      9.40      0.00      0.00      0.00      0.00      0.00
08:20:47 PM      0.00      0.00      0.00      0.00      9.60      0.00      0.00      0.00      0.00      0.00
08:20:52 PM      0.00      0.00      0.00      0.00      8.60      0.00      0.00      0.00      0.00      0.00
08:20:57 PM      0.00      0.00      0.00      0.00     11.20      0.00      0.00      0.00      0.00      0.00
08:21:02 PM      0.00      0.00      0.00      0.00      8.00      0.00      0.00      0.00      0.00      0.00
08:21:07 PM      0.00     32.00      0.20      0.00      6.20      0.00      0.00      0.00      0.00      0.00
08:21:12 PM      0.00    111.20      0.00      0.00      6.20      0.00      0.00      0.00      0.00      0.00
08:21:17 PM      0.00      4.00      0.20      0.00     10.20      0.00      0.00      0.00      0.00      0.00
08:21:22 PM      0.00      0.00      0.00      0.00      8.00      0.00      0.00      0.00      0.00      0.00
08:21:27 PM      0.00      0.00      0.00      0.00     10.20      0.00      0.00      0.00      0.00      0.00
08:21:32 PM      0.00      0.00      0.00      0.00      8.80      0.00      0.00      0.00      0.00      0.00
08:21:37 PM      0.00      0.00      0.00      0.00      6.00      0.00      0.00      0.00      0.00      0.00
08:21:42 PM      0.00     32.00      0.00      0.00      8.80      0.00      0.00      0.00      0.00      0.00
08:21:47 PM      0.00     92.00      0.00      0.00     11.00      0.00      0.00      0.00      0.00      0.00
08:21:52 PM      0.00      5.60      0.00      0.00      8.80      0.00      0.00      0.00      0.00      0.00
08:21:57 PM      0.00      0.00      0.00      0.00     10.20      0.00      0.00      0.00      0.00      0.00
08:22:02 PM      0.00      0.00      0.00      0.00      8.60      0.00      0.00      0.00      0.00      0.00
08:22:07 PM      0.00      0.00      0.00      0.00      8.00      0.00      0.00      0.00      0.00      0.00
08:22:12 PM      0.00      0.00      0.00      0.00      8.60      0.00      0.00      0.00      0.00      0.00
08:22:17 PM      0.00     32.00      0.20      0.00     11.20      0.00      0.00      0.00      0.00      0.00
08:22:22 PM      0.00    111.20      0.00      0.00      8.60      0.00      0.00      0.00      0.00      0.00
08:22:27 PM      0.00      4.00      0.00      0.00     11.20      0.00      0.00      0.00      0.00      0.00
08:22:32 PM      0.00      0.00      0.00      0.00      8.60      0.00      0.00      0.00      0.00      0.00
08:22:37 PM      0.00      0.00      0.00      0.00      7.80      0.00      0.00      0.00      0.00      0.00
08:22:42 PM      0.00      0.00      0.00      0.00      8.60      0.00      0.00      0.00      0.00      0.00
08:22:47 PM      0.00      0.00      0.00      0.00     11.00      0.00      0.00      0.00      0.00      0.00
08:22:52 PM      0.00     32.00      0.00      0.00      8.80      0.00      0.00      0.00      0.00      0.00
08:22:57 PM      0.00     92.00      0.00      0.00     12.00      0.00      0.00      0.00      0.00      0.00
08:23:02 PM      0.00      4.79      0.00      0.00      9.18      0.00      0.00      0.00      0.00      0.00
08:23:07 PM      0.00      0.00      6.20      0.00      6.60      0.00      0.00      0.00      0.00      0.00
08:23:12 PM      0.00      0.00      0.00      0.00      9.00      0.00      0.00      0.00      0.00      0.00
08:23:17 PM      0.00      0.00      0.00      0.00     11.40      0.00      0.00      0.00      0.00      0.00
08:23:22 PM      0.00      0.00      0.00      0.00      9.40      0.00      0.00      0.00      0.00      0.00
08:23:27 PM      0.00    102.40      6.00      0.00     11.80      0.00      0.00      0.00      0.00      0.00
08:23:32 PM      0.00    143.20      0.00      0.00      8.60      0.00      0.00      0.00      0.00      0.00
08:23:37 PM      0.00     28.00      0.00      0.00      7.80      0.00      0.00      0.00      0.00      0.00
08:23:42 PM      0.00      0.00      0.00      0.00      9.00      0.00      0.00      0.00      0.00      0.00
08:23:47 PM      0.00      0.00      0.00      0.00     11.20      0.00      0.00      0.00      0.00      0.00
08:23:52 PM      0.00      0.00      0.00      0.00      8.60      0.00      0.00      0.00      0.00      0.00
08:23:57 PM      0.00     32.00      0.00      0.00     11.20      0.00      0.00      0.00      0.00      0.00
08:24:02 PM      0.00      0.00      0.00      0.00      7.80      0.00      0.00      0.00      0.00      0.00
08:24:07 PM      0.00    111.20      0.00      0.00      7.00      0.00      0.00      0.00      0.00      0.00
08:24:12 PM      0.00      4.80      0.00      0.00      8.80      0.00      0.00      0.00      0.00      0.00
08:24:17 PM      0.00      0.00      0.00      0.00     11.00      0.00      0.00      0.00      0.00      0.00
08:24:22 PM      0.00      0.00      0.00      0.00      8.80      0.00      0.00      0.00      0.00      0.00
08:24:27 PM      0.00      0.00      0.00      0.00      8.00      0.00      0.00      0.00      0.00      0.00
08:24:32 PM      0.00      0.00      0.00      0.00     14.60      0.00      0.00      0.00      0.00      0.00
08:24:37 PM      0.00     32.00      0.00      0.00      7.60      0.00      0.00      0.00      0.00      0.00
08:24:42 PM      3.20    136.80      0.00      0.00      9.60      0.00      0.00      0.00      0.00      0.00
08:24:47 PM      0.00      4.00      0.00      0.00     11.00      0.00      0.00      0.00      0.00      0.00
08:24:52 PM      0.00      0.00      0.00      0.00      8.60      0.00      0.00      0.00      0.00      0.00
08:24:57 PM      0.00      0.00      0.00      0.00     10.40      0.00      0.00      0.00      0.00      0.00
08:25:02 PM      0.00      0.00    280.00      0.00    217.60      0.00      0.00      0.00      0.00      0.00
08:25:07 PM      0.00      0.00      0.00      0.00      5.40      0.00      0.00      0.00      0.00      0.00
08:25:12 PM      0.00     32.00      0.00      0.00      8.00      0.00      0.00      0.00      0.00      0.00
08:25:17 PM      0.00     98.40      0.00      0.00      8.80      0.00      0.00      0.00      0.00      0.00
08:25:22 PM      0.00      7.20      0.00      0.00      8.60      0.00      0.00      0.00      0.00      0.00
08:25:27 PM      0.00      0.00      0.00      0.00     11.20      0.00      0.00      0.00      0.00      0.00
08:25:32 PM      0.00      0.00      0.00      0.00      8.60      0.00      0.00      0.00      0.00      0.00
08:25:37 PM      0.00      0.00      0.20      0.00      8.20      0.00      0.00      0.00      0.00      0.00
08:25:42 PM      0.00      0.00      0.00      0.00      8.80      0.00      0.00      0.00      0.00      0.00
08:25:47 PM      0.00     38.40      0.40      0.00     11.00      0.00      0.00      0.00      0.00      0.00
08:25:52 PM      0.00    124.00    257.00      0.00     34.80      0.00      0.00      0.00      0.00      0.00
08:25:57 PM   4172.80 142735.20  12063.40   1031.20  43721.60 247633.00  12676.80  43554.40      0.00      0.00
08:26:02 PM     48.00      0.00      2.40      0.80      8.00      0.00      0.00      0.00      0.00      0.00
08:26:07 PM  59398.40  51609.60  14848.00  14848.00  13100.20  11033.60   3493.80  13053.60      0.00      0.00
08:26:12 PM      0.00      0.00      1.20      0.00    827.20      0.00      0.00      0.00      0.00      0.00
08:26:17 PM 106512.00  91019.20  26829.00  26624.00  27738.00  27216.40   9903.60  23039.60      0.00      0.00
08:26:22 PM      0.00      0.00      0.00      0.00    416.60      0.00      0.00      0.00      0.00      0.00
08:26:27 PM    384.00    136.80      4.00      4.00     16.60      0.00      0.00      0.00      0.00      0.00
08:26:32 PM      0.00      0.00      0.20      0.00      7.00      0.00      0.00      0.00      0.00      0.00
08:26:37 PM      0.00      0.00      0.00      0.00      5.40      0.00      0.00      0.00      0.00      0.00
08:26:42 PM     19.20      0.00      5.00      4.80      8.60      0.00      0.00      0.00      0.00      0.00
08:26:47 PM      0.00      0.00      0.00      0.00     10.40      0.00      0.00      0.00      0.00      0.00
08:26:52 PM      0.00      4.80      0.00      0.00      8.60      0.00      0.00      0.00      0.00      0.00
08:26:57 PM      0.00      0.00      0.00      0.00      9.40      0.00      0.00      0.00      0.00      0.00
08:27:02 PM      0.00      0.00      0.00      0.00      8.00      0.00      0.00      0.00      0.00      0.00
08:27:07 PM      0.00      0.00      0.00      0.00      6.80      0.00      0.00      0.00      0.00      0.00
08:27:12 PM 188852.69 162283.43  50175.85  50174.25  48489.62 284209.78  12954.09  48020.16      0.00      0.00
08:27:17 PM  27457.60  35516.80   6669.40   6665.80  11126.80  71876.00     64.20  10989.20      0.00      0.00
08:27:22 PM   3391.20    156.00      7.40      2.40      9.60      0.00      0.00      0.00      0.00      0.00
08:27:27 PM     59.20      4.00      1.20      0.60      7.00      0.00      0.00      0.00      0.00      0.00
08:27:32 PM      0.00      0.00      0.00      0.00      8.80      0.00      0.00      0.00      0.00      0.00
08:27:37 PM      0.00      0.00      0.00      0.00      3.60      0.00      0.00      0.00      0.00      0.00
08:27:42 PM      0.00      0.00      0.00      0.00      9.40      0.00      0.00      0.00      0.00      0.00
08:27:47 PM      0.00      0.00      0.00      0.00      6.40      0.00      0.00      0.00      0.00      0.00
08:27:52 PM      0.00     32.00      0.20      0.00      9.40      0.00      0.00      0.00      0.00      0.00
08:27:57 PM   1931.20     98.40     41.40     20.40      8.00      0.00      0.00      0.00      0.00      0.00
08:28:02 PM    480.00      4.80      2.80      2.00     10.60      0.00      0.00      0.00      0.00      0.00
08:28:07 PM   2690.40      0.00     39.00     14.60      5.00      0.00      0.00      0.00      0.00      0.00
08:28:12 PM      6.40      0.00      1.60      1.60     10.00      0.00      0.00      0.00      0.00      0.00
08:28:17 PM      0.80      0.00      0.40      0.20     11.40      0.00      0.00      0.00      0.00      0.00
08:28:22 PM      0.80      0.00      0.40      0.20     10.40      0.00      0.00      0.00      0.00      0.00
08:28:27 PM     47.20    103.20      0.60      0.40      9.60      0.00      0.00      0.00      0.00      0.00
08:28:32 PM      6.40    156.00      0.00      0.00      9.80      0.00      0.00      0.00      0.00      0.00
08:28:37 PM      0.00      4.00      0.00      0.00      4.40      0.00      0.00      0.00      0.00      0.00
08:28:42 PM    485.60      0.00     17.80      5.20     25.40      0.00      0.00      0.00      0.00      0.00
08:28:47 PM      0.00      0.00      0.20      0.00      7.80      0.00      0.00      0.00      0.00      0.00
08:28:52 PM      0.00      0.00      0.40      0.00     10.40      0.00      0.00      0.00      0.00      0.00
08:28:57 PM      0.00     32.00      0.20      0.00      8.60      0.00      0.00      0.00      0.00      0.00
08:29:02 PM      0.00      0.00      0.00      0.00     10.20      0.00      0.00      0.00      0.00      0.00
08:29:07 PM      0.00     98.40      0.20      0.00      4.60      0.00      0.00      0.00      0.00      0.00
08:29:12 PM      0.00      5.60      0.00      0.00     10.20      0.00      0.00      0.00      0.00      0.00
08:29:17 PM      0.00      0.00      0.00      0.00      6.60      0.00      0.00      0.00      0.00      0.00
08:29:22 PM      0.00      0.00      0.00      0.00     10.20      0.00      0.00      0.00      0.00      0.00
08:29:27 PM    771.20      0.00      3.20      1.80      6.00      0.00      0.00      0.00      0.00      0.00
08:29:32 PM     38.40  44123.20   1726.80      1.60  12887.80  18209.80   2089.20  12872.80      0.00      0.00
08:29:37 PM     28.00     32.00      0.40      0.40      3.80      0.00      0.00      0.00      0.00      0.00
08:29:42 PM     76.00    117.60      0.20      0.20  12391.00      0.00      0.00      0.00      0.00      0.00
08:29:47 PM      0.00      4.00      0.20      0.00      7.80      0.00      0.00      0.00      0.00      0.00
08:29:52 PM      0.00      0.00      0.00      0.00      9.60      0.00      0.00      0.00      0.00      0.00
08:29:57 PM      0.00      0.00      0.00      0.00      8.60      0.00      0.00      0.00      0.00      0.00
08:30:02 PM      0.00      0.00      0.00      0.00     10.40      0.00      0.00      0.00      0.00      0.00
08:30:07 PM   1988.80      0.00    313.60     31.00    167.40      0.00      0.00      0.00      0.00      0.00
08:30:12 PM     12.00     32.00   2979.40   2979.40     13.40      0.00      0.00      0.00      0.00      0.00
08:30:17 PM     16.00    136.80      0.00      0.00      6.40      0.00      0.00      0.00      0.00      0.00
08:30:22 PM      0.00      4.80      0.00      0.00      8.80      0.00      0.00      0.00      0.00      0.00
08:30:27 PM      0.00      0.00      0.00      0.00      7.80      0.00      0.00      0.00      0.00      0.00
08:30:32 PM      0.00      0.00      0.00      0.00      8.60      0.00      0.00      0.00      0.00      0.00
08:30:37 PM      0.00      0.00      0.00      0.00      3.00      0.00      0.00      0.00      0.00      0.00
08:30:42 PM      0.00      0.00      2.20      2.20     11.00      0.00      0.00      0.00      0.00      0.00
08:30:47 PM      0.00     32.00      0.00      0.00      8.80      0.00      0.00      0.00      0.00      0.00
08:30:52 PM    780.00    124.00      6.00      5.40     12.00      0.00      0.00      0.00      0.00      0.00
08:30:57 PM      0.80      4.80      0.20      0.20      8.80      0.00      0.00      0.00      0.00      0.00
08:31:02 PM      0.00      0.00      0.20      0.00     10.20      0.00      0.00      0.00      0.00      0.00
08:31:07 PM      0.00      0.00      0.00      0.00      5.40      0.00      0.00      0.00      0.00      0.00
08:31:12 PM      0.00      0.00      0.20      0.00     11.00      0.00      0.00      0.00      0.00      0.00
08:31:17 PM      0.00      0.00      0.00      0.00      8.80      0.00      0.00      0.00      0.00      0.00
08:31:22 PM      6.40     32.00      0.20      0.20      8.80      0.00      0.00      0.00      0.00      0.00
08:31:27 PM      0.00     98.40      0.00      0.00     11.00      0.00      0.00      0.00      0.00      0.00
08:31:32 PM      0.00      4.80      0.00      0.00      8.00      0.00      0.00      0.00      0.00      0.00
08:31:37 PM      0.00      0.00      0.00      0.00      5.20      0.00      0.00      0.00      0.00      0.00
08:31:42 PM  50350.40  15708.00  12587.80  12587.60   4272.80  11086.60      0.00   3918.00      0.00      0.00
08:31:47 PM      0.00      0.00      0.20      0.20      7.80      0.00      0.00      0.00      0.00      0.00
08:31:52 PM      0.00      0.00      0.20      0.00      8.00      0.00      0.00      0.00      0.00      0.00
08:31:57 PM      0.00      0.00      0.00      0.00     10.20      0.00      0.00      0.00      0.00      0.00
08:32:02 PM      0.00    117.60      0.20      0.00      8.60      0.00      0.00      0.00      0.00      0.00
08:32:07 PM      0.00      0.00      0.00      0.00      6.20      0.00      0.00      0.00      0.00      0.00
08:32:12 PM      0.00      0.00      0.00      0.00      7.80      0.00      0.00      0.00      0.00      0.00
08:32:17 PM      0.00      4.00      0.00      0.00     10.40      0.00      0.00      0.00      0.00      0.00
08:32:22 PM      0.00      0.00      0.00      0.00      7.20      0.00      0.00      0.00      0.00      0.00
08:32:27 PM      0.00      0.00      0.00      0.00      9.60      0.00      0.00      0.00      0.00      0.00
08:32:32 PM      0.00      0.00      0.00      0.00      7.00      0.00      0.00      0.00      0.00      0.00
08:32:37 PM      0.00      0.00      0.00      0.00      6.79      0.00      0.00      0.00      0.00      0.00
08:32:42 PM     12.80      0.00      1.20      0.80      7.20      0.00      0.00      0.00      0.00      0.00
08:32:47 PM      0.00    149.60      0.00      0.00      9.40      0.00      0.00      0.00      0.00      0.00
08:32:52 PM      0.00      5.60      0.00      0.00      7.20      0.00      0.00      0.00      0.00      0.00
08:32:57 PM      0.00      0.00      0.00      0.00      9.60      0.00      0.00      0.00      0.00      0.00
08:33:02 PM      0.00      0.00      0.00      0.00      8.40      0.00      0.00      0.00      0.00      0.00
08:33:07 PM      0.00      0.00      6.20      0.00      5.40      0.00      0.00      0.00      0.00      0.00
08:33:12 PM   5464.80   2762.40   1366.20   1366.00    775.40   1753.60      0.00    687.80      0.00      0.00
08:33:17 PM   7858.40  17185.60   1971.40   1964.80   4679.00   9344.00      0.00   4267.20      0.00      0.00
08:33:22 PM      0.00    143.20      0.00      0.00      7.40      0.00      0.00      0.00      0.00      0.00
08:33:27 PM      0.80     48.80      6.20      0.20      9.00      0.00      0.00      0.00      0.00      0.00
08:33:32 PM      0.00      0.00      0.00      0.00      8.00      0.00      0.00      0.00      0.00      0.00
08:33:37 PM      0.00      0.00      0.00      0.00      7.00      0.00      0.00      0.00      0.00      0.00
08:33:42 PM      0.00      0.00      0.20      0.00      8.20      0.00      0.00      0.00      0.00      0.00
08:33:47 PM      0.00     44.80      0.00      0.00     11.20      0.00      0.00      0.00      0.00      0.00
08:33:52 PM      0.00      4.00      0.00      0.00      7.80      0.00      0.00      0.00      0.00      0.00
08:33:57 PM      0.00    136.80      0.00      0.00     10.40      0.00      0.00      0.00      0.00      0.00
08:34:02 PM      0.00      0.00      0.00      0.00      8.60      0.00      0.00      0.00      0.00      0.00
08:34:07 PM      0.00      0.00      0.00      0.00      6.00      0.00      0.00      0.00      0.00      0.00
08:34:12 PM      0.00      0.00      0.00      0.00      6.40      0.00      0.00      0.00      0.00      0.00
08:34:17 PM      0.00      0.00      0.20      0.00     10.20      0.00      0.00      0.00      0.00      0.00
08:34:22 PM      0.00      0.00      0.00      0.00      9.00      0.00      0.00      0.00      0.00      0.00
08:34:27 PM      0.00      4.00      0.00      0.00      8.00      0.00      0.00      0.00      0.00      0.00
08:34:32 PM      0.00      0.00      0.00      0.00     13.60      0.00      0.00      0.00      0.00      0.00
08:34:37 PM      0.00      0.00      0.00      0.00      6.00      0.00      0.00      0.00      0.00      0.00
08:34:42 PM      0.00      0.00      0.00      0.00      8.00      0.00      0.00      0.00      0.00      0.00
08:34:47 PM      0.00      0.00      0.00      0.00     11.00      0.00      0.00      0.00      0.00      0.00
08:34:52 PM  36211.20  97012.00  20412.60   9052.80  24618.20  57299.80   5529.60  24548.20      0.00      0.00
08:34:57 PM      0.00    130.40      0.00      0.00      8.80      0.00      0.00      0.00      0.00      0.00
08:35:02 PM      0.00      4.00      0.00      0.00  12388.20      0.00      0.00      0.00      0.00      0.00
08:35:07 PM      1.60      0.00    285.20      0.40    222.40      0.00      0.00      0.00      0.00      0.00
08:35:12 PM      0.00      0.00      0.00      0.00      7.80      0.00      0.00      0.00      0.00      0.00
08:35:17 PM      0.00      0.00      0.00      0.00      8.80      0.00      0.00      0.00      0.00      0.00
08:35:22 PM      0.00      0.00      0.00      0.00     10.40      0.00      0.00      0.00      0.00      0.00
08:35:27 PM      0.00     32.00      0.00      0.00      8.60      0.00      0.00      0.00      0.00      0.00
08:35:32 PM      0.00    117.60      0.00      0.00      9.60      0.00      0.00      0.00      0.00      0.00
08:35:37 PM      0.00      4.00      0.00      0.00      5.20      0.00      0.00      0.00      0.00      0.00
08:35:42 PM      0.00      0.00      0.00      0.00      8.80      0.00      0.00      0.00      0.00      0.00
08:35:47 PM      0.00      0.00      0.00      0.00      7.00      0.00      0.00      0.00      0.00      0.00
08:35:52 PM      0.00      0.00      0.00      0.00      8.80      0.00      0.00      0.00      0.00      0.00
08:35:57 PM      0.00      0.00      0.00      0.00      8.60      0.00      0.00      0.00      0.00      0.00
08:36:02 PM      0.00     32.00      0.20      0.00     11.20      0.00      0.00      0.00      0.00      0.00
08:36:07 PM  94877.60  38048.80  23679.00  23678.60  11203.60 194327.60  15126.00  11007.80      0.00      0.00
08:36:12 PM  85952.80 194520.80  21252.20  21251.80  49578.40  58343.40   2287.80  49025.00      0.00      0.00
08:36:17 PM 163862.40 424643.20  39936.80  39873.80 116761.60 195717.40  70375.40 107753.40      0.00      0.00
08:36:22 PM    935.20    172.80     54.80     32.20      7.80      0.00      0.00      0.00      0.00      0.00
08:36:27 PM   1837.60      0.00      8.40      5.20      9.00      0.00      0.00      0.00      0.00      0.00
08:36:32 PM      2.40      0.00      0.80      0.60     11.80      0.00      0.00      0.00      0.00      0.00
08:36:37 PM      0.00     51.20      0.00      0.00      5.40      0.00      0.00      0.00      0.00      0.00
08:36:42 PM    388.00    130.40    112.40     94.20     10.60      0.00      0.00      0.00      0.00      0.00
08:36:47 PM 125737.60  17211.20  31434.80  31434.40  36220.20   4318.20      0.00   4304.80      0.00      0.00
08:36:52 PM 237853.60      0.00  59460.80  59460.80  60544.60      0.00      0.00      0.00      0.00      0.00
08:36:57 PM  17064.00      0.00   4142.80   4141.20   4215.80      0.00      0.00      0.00      0.00      0.00
08:37:02 PM      3.20      0.00      1.00      0.80      8.80      0.00      0.00      0.00      0.00      0.00
08:37:07 PM      0.00      0.00      0.20      0.00      2.80      0.00      0.00      0.00      0.00      0.00
08:37:12 PM      2.40     32.00      4.20      0.60     10.40      0.00      0.00      0.00      0.00      0.00
08:37:17 PM      6.40     98.40      1.80      1.60      8.60      0.00      0.00      0.00      0.00      0.00
08:37:22 PM      6.40      4.00      1.60      1.60     11.20      0.00      0.00      0.00      0.00      0.00
08:37:27 PM     11.20      0.00      0.40      0.20      6.40      0.00      0.00      0.00      0.00      0.00
08:37:32 PM      0.00      0.00      0.00      0.00      8.80      0.00      0.00      0.00      0.00      0.00
08:37:37 PM      0.00      0.00      0.00      0.00      3.60      0.00      0.00      0.00      0.00      0.00
08:37:42 PM      0.00      0.00      0.00      0.00      7.00      0.00      0.00      0.00      0.00      0.00
08:37:47 PM      0.00     32.00      0.00      0.00      8.00      0.00      0.00      0.00      0.00      0.00
08:37:52 PM      0.00    117.60      0.00      0.00     10.20      0.00      0.00      0.00      0.00      0.00
08:37:57 PM    868.00      4.00     42.00     32.20     42.80      0.00      0.00      0.00      0.00      0.00
08:38:02 PM     34.40      0.00      9.00      6.40     10.60      0.00      0.00      0.00      0.00      0.00
08:38:07 PM   1930.40      0.00     33.60     17.20      6.00      0.00      0.00      0.00      0.00      0.00
08:38:12 PM      1.60      0.00      0.40      0.40      8.98      0.00      0.00      0.00      0.00      0.00
08:38:17 PM      0.00      0.00      0.00      0.00      8.20      0.00      0.00      0.00      0.00      0.00
08:38:22 PM      0.00     64.00      0.00      0.00      9.60      0.00      0.00      0.00      0.00      0.00
08:38:27 PM     58.40    162.40      7.00      1.00     10.00      0.00      0.00      0.00      0.00      0.00
08:38:32 PM      0.00      5.60      0.00      0.00      9.60      0.00      0.00      0.00      0.00      0.00
08:38:37 PM      0.00     24.00      0.00      0.00      4.40      0.00      0.00      0.00      0.00      0.00
08:38:42 PM    211.20      0.00     10.80      8.80     10.60      0.00      0.00      0.00      0.00      0.00
08:38:47 PM      0.00      0.00      0.00      0.00      7.00      0.00      0.00      0.00      0.00      0.00
08:38:52 PM      0.00      0.00      0.00      0.00      7.20      0.00      0.00      0.00      0.00      0.00
08:38:57 PM      0.00    149.60      0.00      0.00     10.20      0.00      0.00      0.00      0.00      0.00
08:39:02 PM      0.00      0.00      0.20      0.00      8.60      0.00      0.00      0.00      0.00      0.00
08:39:07 PM      0.00      4.80      0.00      0.00      7.00      0.00      0.00      0.00      0.00      0.00
08:39:12 PM      0.00      0.00      0.00      0.00      7.80      0.00      0.00      0.00      0.00      0.00
08:39:17 PM      8.00      0.00    421.00      2.00    134.60      0.00      0.00      0.00      0.00      0.00
08:39:22 PM      0.00      0.00      0.20      0.00      7.00      0.00      0.00      0.00      0.00      0.00
08:39:27 PM      2.40      0.00      0.80      0.60      6.60      0.00      0.00      0.00      0.00      0.00
08:39:32 PM     12.80      0.00      1.80      1.60     15.80      0.00      0.00      0.00      0.00      0.00
08:39:37 PM      0.00    130.40      0.00      0.00      7.00      0.00      0.00      0.00      0.00      0.00
08:39:42 PM      0.00      4.00      0.20      0.00      7.80      0.00      0.00      0.00      0.00      0.00
08:39:47 PM      0.00      0.00      0.00      0.00     11.80      0.00      0.00      0.00      0.00      0.00
08:39:52 PM      0.00      0.00      0.00      0.00      8.00      0.00      0.00      0.00      0.00      0.00
08:39:57 PM      0.00      0.00      0.00      0.00     10.20      0.00      0.00      0.00      0.00      0.00
08:40:02 PM      0.00      0.00      0.00      0.00      7.20      0.00      0.00      0.00      0.00      0.00
08:40:07 PM   1870.40     32.00    289.80      7.40    357.20      0.00      0.00      0.00      0.00      0.00
08:40:12 PM      2.40  47384.00   3154.80      0.60  11835.40  11079.40   1294.00  11827.40      0.00      0.00
08:40:17 PM      0.00      5.60      0.00      0.00      8.60      0.00      0.00      0.00      0.00      0.00
08:40:22 PM      0.00      0.00      0.00      0.00  12387.60      0.00      0.00      0.00      0.00      0.00
08:40:27 PM      0.00      0.00      0.20      0.00     11.00      0.00      0.00      0.00      0.00      0.00
08:40:32 PM      0.00      0.00      0.00      0.00      8.00      0.00      0.00      0.00      0.00      0.00
08:40:37 PM      0.00      0.00      0.00      0.00      6.20      0.00      0.00      0.00      0.00      0.00
08:40:42 PM      0.00     32.00      2.20      2.20      7.80      0.00      0.00      0.00      0.00      0.00
08:40:47 PM      0.00     98.40      0.00      0.00     11.20      0.00      0.00      0.00      0.00      0.00
08:40:52 PM      0.00      4.80      0.20      0.00      7.00      0.00      0.00      0.00      0.00      0.00
08:40:57 PM      1.60      0.00      0.40      0.40     11.20      0.00      0.00      0.00      0.00      0.00
08:41:02 PM      0.00      0.00      0.00      0.00      7.00      0.00      0.00      0.00      0.00      0.00
08:41:07 PM      0.00      0.00      0.00      0.00      5.40      0.00      0.00      0.00      0.00      0.00
08:41:12 PM      0.00      0.00      0.00      0.00      7.80      0.00      0.00      0.00      0.00      0.00
08:41:17 PM      0.00     32.00      0.00      0.00      8.60      0.00      0.00      0.00      0.00      0.00
08:41:22 PM      0.00    117.60      0.00      0.00      7.20      0.00      0.00      0.00      0.00      0.00
08:41:27 PM      0.00      4.00      0.00      0.00     11.00      0.00      0.00      0.00      0.00      0.00
08:41:32 PM      0.00      0.00      0.00      0.00      9.00      0.00      0.00      0.00      0.00      0.00
08:41:37 PM      1.60      0.00      0.20      0.20      6.00      0.00      0.00      0.00      0.00      0.00
08:41:42 PM      0.00      0.00      0.00      0.00      8.80      0.00      0.00      0.00      0.00      0.00
08:41:47 PM      0.00      0.00      0.00      0.00     11.00      0.00      0.00      0.00      0.00      0.00
08:41:52 PM      0.00     32.00      0.00      0.00      8.60      0.00      0.00      0.00      0.00      0.00
08:41:57 PM      0.00     98.40      0.00      0.00     10.40      0.00      0.00      0.00      0.00      0.00
08:42:02 PM      2.40      4.80      0.80      0.60      7.80      0.00      0.00      0.00      0.00      0.00
08:42:07 PM      0.00      0.00      0.00      0.00      7.00      0.00      0.00      0.00      0.00      0.00
08:42:12 PM      0.00      0.00      0.00      0.00      7.80      0.00      0.00      0.00      0.00      0.00
08:42:17 PM      0.00      0.00      0.00      0.00      9.60      0.00      0.00      0.00      0.00      0.00
08:42:22 PM    563.20      0.00    141.40    140.80     26.80      0.00      0.00      0.00      0.00      0.00
08:42:27 PM      0.00     32.00      0.00      0.00     10.40      0.00      0.00      0.00      0.00      0.00
08:42:32 PM      0.00    117.60      0.00      0.00    112.00      0.00      0.00      0.00      0.00      0.00
08:42:37 PM      0.00      4.00      0.20      0.00      7.60      0.00      0.00      0.00      0.00      0.00
08:42:42 PM      2.40      0.00      0.60      0.60    520.00      0.00      0.00      0.00      0.00      0.00
08:42:47 PM      0.00      0.00      0.00      0.00      7.80      0.00      0.00      0.00      0.00      0.00
08:42:52 PM      0.00      0.00      0.00      0.00     10.40      0.00      0.00      0.00      0.00      0.00
08:42:57 PM      0.00      0.00      0.00      0.00    417.60      0.00      0.00      0.00      0.00      0.00
08:43:02 PM      0.00     32.00      0.00      0.00     10.80      0.00      0.00      0.00      0.00      0.00
08:43:07 PM      0.00    124.00      6.60      0.00    108.00      0.00      0.00      0.00      0.00      0.00
08:43:12 PM      0.80      4.00      0.20      0.20     10.80      0.00      0.00      0.00      0.00      0.00
08:43:17 PM      0.00      0.00      0.00      0.00      8.80      0.00      0.00      0.00      0.00      0.00
08:43:22 PM      0.00      0.00      0.00      0.00     10.20      0.00      0.00      0.00      0.00      0.00
08:43:27 PM      0.00     48.80      5.80      0.00    213.40      0.00      0.00      0.00      0.00      0.00
08:43:32 PM      0.00      0.00      0.00      0.00      8.60      0.00      0.00      0.00      0.00      0.00
08:43:37 PM      0.00    214.40      0.00      0.00    208.80      0.00      0.00      0.00      0.00      0.00
08:43:42 PM      0.00      0.00      0.40      0.20      9.80      0.00      0.00      0.00      0.00      0.00
08:43:47 PM      0.00      6.40      0.00      0.00    417.60      0.00      0.00      0.00      0.00      0.00
08:43:52 PM      0.00      0.00      0.00      0.00      8.60      0.00      0.00      0.00      0.00      0.00
08:43:57 PM      0.00      0.00      0.00      0.00    828.00      0.00      0.00      0.00      0.00      0.00
08:44:02 PM      0.00      0.00      0.00      0.00      8.60      0.00      0.00      0.00      0.00      0.00
08:44:07 PM      0.00      0.00      0.00      0.00    822.80      0.00      0.00      0.00      0.00      0.00
08:44:12 PM      0.80     32.00      0.20      0.20      9.60      0.00      0.00      0.00      0.00      0.00
08:44:17 PM      0.00     98.40      0.00      0.00    826.20      0.00      0.00      0.00      0.00      0.00
08:44:22 PM      0.00      4.00      0.00      0.00     11.20      0.00      0.00      0.00      0.00      0.00
08:44:27 PM      0.00      0.00      0.00      0.00    823.15      0.00      0.00      0.00      0.00      0.00
08:44:32 PM      0.00      0.00      0.00      0.00     14.40      0.00      0.00      0.00      0.00      0.00
08:44:37 PM      0.00      0.00      0.00      0.00    824.60      0.00      0.00      0.00      0.00      0.00
08:44:42 PM      0.00      0.00      0.00      0.00     11.00      0.00      0.00      0.00      0.00      0.00
08:44:47 PM      0.00     32.00      0.00      0.00    417.60      0.00      0.00      0.00      0.00      0.00
08:44:52 PM      0.00    117.60      0.00      0.00     11.00      0.00      0.00      0.00      0.00      0.00
08:44:57 PM      0.00      4.80      0.00      0.00    315.20      0.00      0.00      0.00      0.00      0.00
08:45:02 PM      0.00      0.00      0.00      0.00     10.20      0.00      0.00      0.00      0.00      0.00
08:45:07 PM      0.80      0.00    283.40      0.20   1034.40      0.00      0.00      0.00      0.00      0.00
08:45:12 PM      0.00      0.00      0.00      0.00     11.00      0.00      0.00      0.00      0.00      0.00
08:45:17 PM      0.00      0.00      0.00      0.00    828.00      0.00      0.00      0.00      0.00      0.00
08:45:22 PM      3.20     32.00   3155.80      0.80   5296.80      0.00      0.00      0.00      0.00      0.00
08:45:27 PM      0.00     98.40      0.60      0.00   1215.00      0.00      0.00      0.00      0.00      0.00
08:45:32 PM    128.80  51333.60   3595.20     32.20  25221.00  11593.40   1853.60  12832.20      0.00      0.00
08:45:37 PM      0.00      0.00      1.60      0.00    822.20      0.00      0.00      0.00      0.00      0.00
08:45:42 PM      0.00      0.00      0.00      0.00  12389.20      0.00      0.00      0.00      0.00      0.00
08:45:47 PM      0.00      0.00      0.00      0.00    827.80      0.00      0.00      0.00      0.00      0.00
08:45:52 PM      0.00      0.00      0.00      0.00     10.40      0.00      0.00      0.00      0.00      0.00
08:45:57 PM      0.00     32.00      0.00      0.00    826.20      0.00      0.00      0.00      0.00      0.00
08:46:02 PM      0.00    117.60      0.00      0.00     11.20      0.00      0.00      0.00      0.00      0.00
08:46:07 PM      0.00      4.80      0.00      0.00    824.40      0.00      0.00      0.00      0.00      0.00
08:46:12 PM      0.00      0.00      0.00      0.00      7.00      0.00      0.00      0.00      0.00      0.00
08:46:17 PM 255788.80  79652.00  63758.80  63733.00  38333.60 124909.60  27486.00  32226.60      0.00      0.00
08:46:22 PM    407.20  10818.40      4.00      3.80   2841.60  35153.40      0.00   2833.00      0.00      0.00
08:46:27 PM   1063.20      0.00     16.80     16.00      7.80      0.00      0.00      0.00      0.00      0.00
08:46:32 PM      2.40     32.00      0.60      0.60    237.40      0.00      0.00      0.00      0.00      0.00
08:46:37 PM   3506.40     98.40   1017.20    873.40      8.00      0.00      0.00      0.00      0.00      0.00
08:46:42 PM   1665.60   1032.00    376.20    316.20   2197.20      0.00      0.00    261.20      0.00      0.00
08:46:47 PM      0.00      0.00      0.20      0.00      8.80      0.00      0.00      0.00      0.00      0.00
08:46:52 PM      0.00    662.40      0.00      0.00   2745.00      0.00      0.00    167.60      0.00      0.00
08:46:57 PM      0.80      0.00      0.40      0.20     11.00      0.00      0.00      0.00      0.00      0.00
08:47:02 PM      0.00  26232.00   8958.00   8957.60   8966.60 152245.80   1318.40   6901.80      0.00      0.00
08:47:07 PM      6.40   9803.20   1333.00   1332.60   2454.60   5353.00    319.40   2446.40      0.00      0.00
08:47:12 PM      0.80    522.40      0.40      0.20   1387.00      0.00      0.00    101.20      0.00      0.00
08:47:17 PM      4.80      4.00      1.20      1.20     12.40      0.00      0.00      0.00      0.00      0.00
08:47:22 PM      0.00    403.20      0.00      0.00   1588.20      0.00      0.00    101.00      0.00      0.00
08:47:27 PM     24.00      0.00      0.40      0.20      8.60      0.00      0.00      0.00      0.00      0.00
08:47:32 PM      0.00    400.00      0.20      0.00   2423.40      0.00      0.00    100.00      0.00      0.00
08:47:37 PM    415.20  22767.20      2.60      1.80   6094.80   5772.80      0.00   5691.80      0.00      0.00
08:47:42 PM      0.80     32.00      0.20      0.20   1084.80      0.00      0.00      0.00      0.00      0.00
08:47:47 PM      0.00     98.40      0.00      0.00     11.20      0.00      0.00      0.00      0.00      0.00
08:47:52 PM      0.00      5.60      0.00      0.00   1484.80      0.00      0.00      0.00      0.00      0.00
08:47:57 PM   2825.60      0.00     36.80     25.60     67.80      0.00      0.00      0.00      0.00      0.00
08:48:02 PM      7.20      0.00      5.80      4.80   1663.00      0.00      0.00      0.00      0.00      0.00
08:48:07 PM   1083.20      0.00     29.20     12.00   1387.40      0.00      0.00      0.00      0.00      0.00
08:48:12 PM      1.60      0.00      0.60      0.60   1493.00      0.00      0.00      0.00      0.00      0.00
08:48:17 PM      0.00     64.00      0.00      0.00     10.40      0.00      0.00      0.00      0.00      0.00
08:48:22 PM      0.00    149.60      0.40      0.00    934.20      0.00      0.00      0.00      0.00      0.00
08:48:27 PM      0.80     47.20      6.40      0.20     15.40      0.00      0.00      0.00      0.00      0.00
08:48:32 PM  25921.60   7841.60   6480.40   6480.40   3272.00   5792.00      0.00   1961.40      0.00      0.00
08:48:37 PM  88630.40  67067.20  22158.20  22153.20  26502.60  75435.40  37501.20  25795.60      0.00      0.00
08:48:42 PM   1084.00      0.00     20.00      4.20    986.40      0.00      0.00      0.00      0.00      0.00
08:48:47 PM      0.00     64.00      0.00      0.00   1243.00      0.00      0.00      0.00      0.00      0.00
08:48:52 PM      0.00      0.00      0.00      0.00   1950.40      0.00      0.00      6.80      0.00      0.00
08:48:57 PM      0.00    130.40      0.00      0.00     17.40      0.00      0.00      0.00      0.00      0.00
08:49:02 PM      0.00      4.80      0.00      0.00    839.20      0.00      0.00     11.40      0.00      0.00
08:49:07 PM    676.80      0.00      1.20      0.40      6.20      0.00      0.00      0.00      0.00      0.00
08:49:12 PM      0.80    408.00      0.20      0.20    116.80      0.00      0.00    102.00      0.00      0.00
08:49:17 PM      0.00      0.00      0.00      0.00      9.60      0.00      0.00      0.00      0.00      0.00
08:49:22 PM      0.00      0.00      0.00      0.00      7.00      0.00      0.00      0.00      0.00      0.00
08:49:27 PM    693.60  20310.40      6.80      2.20   5910.20   5081.60      0.00   5069.60      0.00      0.00
08:49:32 PM     17.60    117.60      1.80      1.20     14.80      0.00      0.00      0.00      0.00      0.00
08:49:37 PM      0.00      4.00      0.00      0.00      7.80      0.00      0.00      0.00      0.00      0.00
08:49:42 PM      0.00      0.00      0.20      0.00      9.60      0.00      0.00      0.00      0.00      0.00
08:49:47 PM      0.00      0.00      0.00      0.00     10.20      0.00      0.00      0.00      0.00      0.00
08:49:52 PM      0.00      0.00      0.00      0.00      8.00      0.00      0.00      0.00      0.00      0.00
08:49:57 PM      0.00      0.00      0.00      0.00     10.20      0.00      0.00      0.00      0.00      0.00
08:50:02 PM      0.00     32.00      0.00      0.00      8.80      0.00      0.00      0.00      0.00      0.00
08:50:07 PM   1617.60     98.40    305.20     12.60    388.00      0.00      0.00      0.00      0.00      0.00
08:50:12 PM      0.00      4.00      0.00      0.00      8.80      0.00      0.00      0.00      0.00      0.00
08:50:17 PM      0.00    357.60      0.00      0.00   1189.20      0.00      0.00     89.40      0.00      0.00
08:50:22 PM      0.00      0.00      0.20      0.00      8.00      0.00      0.00      0.00      0.00      0.00
08:50:27 PM      0.80    714.40      0.20      0.20    502.40      0.00      0.00    178.60      0.00      0.00
08:50:32 PM      0.00      0.00      0.00      0.00      8.60      0.00      0.00      0.00      0.00      0.00
08:50:37 PM      0.00     32.00      0.00      0.00      4.60      0.00      0.00      0.00      0.00      0.00
08:50:42 PM      0.00    117.60      2.40      2.20     17.40      0.00      0.00      0.00      0.00      0.00
08:50:47 PM      0.00      4.00      0.00      0.00    294.40      0.00      0.00      0.00      0.00      0.00
08:50:52 PM      0.80  52688.80  10104.00      0.20  13184.00  10642.00   3154.00  13173.80      0.00      0.00
08:50:57 PM      0.80      0.00      0.20      0.20      7.19      0.00      0.00      0.00      0.00      0.00
08:51:02 PM      0.00      0.00      0.00      0.00  12390.60      0.00      0.00      0.00      0.00      0.00
08:51:07 PM      0.00      0.00      0.00      0.00      4.40      0.00      0.00      0.00      0.00      0.00
08:51:12 PM      0.00     32.00      0.00      0.00     10.40      0.00      0.00      0.00      0.00      0.00
08:51:17 PM      0.00     98.40      0.20      0.00      7.80      0.00      0.00      0.00      0.00      0.00
08:51:22 PM      0.00      8.00      0.00      0.00     10.40      0.00      0.00      0.00      0.00      0.00
08:51:27 PM      0.00      0.00      0.00      0.00      7.80      0.00      0.00      0.00      0.00      0.00
08:51:32 PM      0.00      0.00      0.00      0.00    418.40      0.00      0.00      0.00      0.00      0.00
08:51:37 PM      0.00      0.00      1.80      0.00      4.40      0.00      0.00      0.00      0.00      0.00
08:51:42 PM      0.00      0.00      3.20      1.60    827.20      0.00      0.00      0.00      0.00      0.00
08:51:47 PM      0.00     32.00      0.00      0.00      6.40      0.00      0.00      0.00      0.00      0.00
08:51:52 PM      0.00    117.60      0.00      0.00    827.80      0.00      0.00      0.00      0.00      0.00
08:51:57 PM      0.00      4.00      0.00      0.00      6.40      0.00      0.00      0.00      0.00      0.00
08:52:02 PM      0.00      0.00      0.00      0.00    828.60      0.00      0.00      0.00      0.00      0.00
08:52:07 PM      0.00      0.00   8466.00   8463.00     18.80      0.00      0.00      0.00      0.00      0.00
08:52:12 PM      0.00      0.00      0.00      0.00    829.40      0.00      0.00      0.00      0.00      0.00
08:52:17 PM      0.00      0.00      0.00      0.00      8.80      0.00      0.00      0.00      0.00      0.00
08:52:22 PM      0.00     32.00      0.00      0.00    626.20      0.00      0.00      0.00      0.00      0.00
08:52:27 PM      0.00     98.40      0.00      0.00      8.00      0.00      0.00      0.00      0.00      0.00
08:52:32 PM     20.80      4.00      0.00      5.20    121.40      0.00      0.00      0.00      0.00      0.00
08:52:37 PM      0.00      0.00      0.00      0.00      5.20      0.00      0.00      0.00      0.00      0.00
08:52:42 PM      0.80      0.00      0.20      0.20     10.40      0.00      0.00      0.00      0.00      0.00
08:52:47 PM      0.00      0.00      0.00      0.00      8.00      0.00      0.00      0.00      0.00      0.00
08:52:52 PM      0.00      0.00      0.00      0.00     12.00      0.00      0.00      0.00      0.00      0.00
08:52:57 PM      0.00     32.00      0.40      0.00      8.00      0.00      0.00      0.00      0.00      0.00
08:53:02 PM      3.20    117.60      1.40      0.80     10.00      0.00      0.00      0.00      0.00      0.00
08:53:07 PM     16.80      4.00     11.40      1.00      5.40      0.00      0.00      0.00      0.00      0.00
08:53:12 PM      0.80      0.00      0.20      0.20      9.40      0.00      0.00      0.00      0.00      0.00
08:53:17 PM      0.80      0.00      0.20      0.20      9.60      0.00      0.00      0.00      0.00      0.00
08:53:22 PM      0.00      0.00      0.00      0.00     11.20      0.00      0.00      0.00      0.00      0.00
08:53:27 PM      0.80     47.20      6.40      0.20      6.80      0.00      0.00      0.00      0.00      0.00
08:53:32 PM      0.00     64.00      0.00      0.00     16.00      0.00      0.00      0.00      0.00      0.00
08:53:37 PM      0.00    140.00      0.00      0.00      5.40      0.00      0.00      0.00      0.00      0.00
08:53:42 PM      0.00      4.00      0.00      0.00     10.60      0.00      0.00      0.00      0.00      0.00
08:53:47 PM      0.00      0.00      0.00      0.00      8.00      0.00      0.00      0.00      0.00      0.00
08:53:52 PM      0.00      0.00      0.00      0.00     10.40      0.00      0.00      0.00      0.00      0.00
08:53:57 PM      0.00      0.00      0.00      0.00      8.60      0.00      0.00      0.00      0.00      0.00
08:54:02 PM      0.00      0.00      0.00      0.00      7.20      0.00      0.00      0.00      0.00      0.00
08:54:07 PM      0.00    162.40      0.00      0.00      4.40      0.00      0.00      0.00      0.00      0.00
08:54:12 PM      0.00      0.00      0.00      0.00      8.80      0.00      0.00      0.00      0.00      0.00
08:54:17 PM      0.00      5.60      0.00      0.00      7.00      0.00      0.00      0.00      0.00      0.00
08:54:22 PM      0.00      0.00      0.00      0.00      9.60      0.00      0.00      0.00      0.00      0.00
08:54:27 PM      4.00      0.00      1.00      1.00      4.60      0.00      0.00      0.00      0.00      0.00
08:54:32 PM      1.60      0.00      0.40      0.40     13.60      0.00      0.00      0.00      0.00      0.00
08:54:37 PM      0.00      0.00      0.00      0.00      6.80      0.00      0.00      0.00      0.00      0.00
08:54:42 PM      4.00     32.00      1.00      1.00      7.00      0.00      0.00      0.00      0.00      0.00
08:54:47 PM      0.00     98.40      0.00      0.00      7.20      0.00      0.00      0.00      0.00      0.00
08:54:52 PM      0.00      5.60      0.00      0.00      5.60      0.00      0.00      0.00      0.00      0.00
08:54:57 PM      0.00      0.00      0.00      0.00      8.80      0.00      0.00      0.00      0.00      0.00
08:55:02 PM      0.00      0.00      0.00      0.00      8.60      0.00      0.00      0.00      0.00      0.00
08:55:07 PM      0.00      0.00      0.00      0.00      6.20      0.00      0.00      0.00      0.00      0.00
08:55:12 PM      0.00      0.00    283.00      0.00    215.00      0.00      0.00      0.00      0.00      0.00
08:55:17 PM      0.00     32.00      0.00      0.00    112.00      0.00      0.00      0.00      0.00      0.00
08:55:22 PM      0.00    117.60      0.00      0.00      7.80      0.00      0.00      0.00      0.00      0.00
08:55:27 PM      0.00      4.00      0.00      0.00      9.40      0.00      0.00      0.00      0.00      0.00
08:55:32 PM      0.00      0.00      0.00      0.00      8.80      0.00      0.00      0.00      0.00      0.00
08:55:37 PM      0.00      0.00      0.00      0.00   1903.60      0.00      0.00      0.00      0.00      0.00
08:55:42 PM      0.00      0.00      0.00      0.00      7.20      0.00      0.00      0.00      0.00      0.00
08:55:47 PM      0.00      0.00      0.00      0.00    113.40      0.00      0.00      0.00      0.00      0.00
08:55:52 PM      0.00     32.00      0.00      0.00      8.20      0.00      0.00      0.00      0.00      0.00
08:55:57 PM      0.00     98.40      0.00      0.00     10.20      0.00      0.00      0.00      0.00      0.00
08:56:02 PM      0.00      4.00      0.00      0.00      8.80      0.00      0.00      0.00      0.00      0.00
08:56:07 PM      0.00      0.00      0.00      0.00    110.00      0.00      0.00      0.00      0.00      0.00
08:56:12 PM      0.00  54815.20   6935.60      0.00  14298.60  45643.00  11518.60  14290.80      0.00      0.00
08:56:17 PM 119435.20  98012.00  29859.20  29858.80  26085.20  31381.80   5270.00  24519.40      0.00      0.00
08:56:22 PM 213681.60 130671.20  54183.20  54078.40  58997.40 118306.80  43391.60  36381.40      0.00      0.00
08:56:27 PM    264.80      0.00      8.40      7.60     11.60      0.00      0.00      0.00      0.00      0.00
08:56:32 PM     17.60    124.00      0.40      0.40      7.80      0.00      0.00      0.00      0.00      0.00
08:56:37 PM      0.00      0.00      0.00      0.00      7.00      0.00      0.00      0.00      0.00      0.00
08:56:42 PM   1534.40      0.00    208.00    191.60     32.80      0.00      0.00      0.00      0.00      0.00
08:56:47 PM      0.00      0.00      0.00      0.00      8.80      0.00      0.00      0.00      0.00      0.00
08:56:52 PM      0.00      0.00      0.00      0.00      6.40      0.00      0.00      0.00      0.00      0.00
08:56:57 PM     72.00      4.00      0.40      0.40    113.40      0.00      0.00      0.00      0.00      0.00
08:57:02 PM      0.00      0.00      0.00      0.00      6.40      0.00      0.00      0.00      0.00      0.00
08:57:07 PM      0.00      0.00      0.00      0.00    107.60      0.00      0.00      0.00      0.00      0.00
08:57:12 PM  15140.80  20532.00   5125.40   3785.20   5194.60   5142.20      0.00   5133.00      0.00      0.00
08:57:17 PM      0.00      0.00      0.00      0.00      8.60      0.00      0.00      0.00      0.00      0.00
08:57:22 PM      0.00      0.00      0.20      0.00      8.00      0.00      0.00      0.00      0.00      0.00
08:57:27 PM      4.80    156.00      0.60      0.40     10.20      0.00      0.00      0.00      0.00      0.00
08:57:32 PM      0.00      4.79      0.20      0.00      8.58      0.00      0.00      0.00      0.00      0.00
08:57:37 PM    535.20      0.00      0.40      0.20      7.00      0.00      0.00      0.00      0.00      0.00
08:57:42 PM   9117.60      0.00   2288.80   2279.40     44.40      0.00      0.00      0.00      0.00      0.00
08:57:47 PM 123944.00  46876.00  31025.00  30963.40  31923.20  97701.40      0.00  31372.00      0.00      0.00
08:57:52 PM      0.00      0.00      0.20      0.00    314.20      0.00      0.00      0.00      0.00      0.00
08:57:57 PM   3774.40     43.20     49.60     33.80   5385.20   9344.80      0.00   5350.20      0.00      0.00
08:58:02 PM    720.80     98.40      5.80      4.60    113.00      0.00      0.00      0.00      0.00      0.00
08:58:07 PM   1418.40      4.80     33.40     15.60     12.60      0.00      0.00      0.00      0.00      0.00
08:58:12 PM      0.80      0.00      2.00      1.80    315.20      0.00      0.00      0.00      0.00      0.00
08:58:17 PM    248.00      0.00      6.00      5.00     11.80      0.00      0.00      0.00      0.00      0.00
08:58:22 PM      0.00      0.00      0.00      0.00      7.40      0.00      0.00      0.00      0.00      0.00
08:58:27 PM    663.20     39.20      7.00      0.60     13.00      0.00      0.00      0.00      0.00      0.00
08:58:32 PM      0.00     64.00      0.00      0.00      8.00      0.00      0.00      0.00      0.00      0.00
08:58:37 PM      9.60    174.40      0.20      0.00      5.20      0.00      0.00      0.00      0.00      0.00
08:58:42 PM    646.40      5.60     13.40      7.20     11.20      0.00      0.00      0.00      0.00      0.00
08:58:47 PM      0.00      0.00      0.20      0.00      7.00      0.00      0.00      0.00      0.00      0.00
08:58:52 PM      0.00      0.00      0.00      0.00    112.00      0.00      0.00      0.00      0.00      0.00
08:58:57 PM      0.00      0.00      0.00      0.00      6.40      0.00      0.00      0.00      0.00      0.00
08:59:02 PM      0.00      0.00      0.00      0.00    111.00      0.00      0.00      0.00      0.00      0.00
08:59:07 PM      0.00    175.20      0.00      0.00      4.60      0.00      0.00      0.00      0.00      0.00
08:59:12 PM      0.00      0.00      0.00      0.00    418.20      0.00      0.00      0.00      0.00      0.00
08:59:17 PM     32.00      4.80      0.20      0.20      8.00      0.00      0.00      0.00      0.00      0.00
08:59:22 PM      0.00      0.00      0.00      0.00    215.00      0.00      0.00      0.00      0.00      0.00
08:59:27 PM     52.80      0.00      4.40      1.60      4.40      0.00      0.00      0.00      0.00      0.00
08:59:32 PM     84.00      0.00      2.40      1.40    218.00      0.00      0.00      0.00      0.00      0.00
08:59:37 PM      0.00     32.00      0.00      0.00      3.80      0.00      0.00      0.00      0.00      0.00
08:59:42 PM      0.00      0.00      0.00      0.00   1978.60      0.00      0.00      0.00      0.00      0.00
08:59:47 PM      0.00    117.60      0.00      0.00     12.60      0.00      0.00      0.00      0.00      0.00
08:59:52 PM      0.00      4.00      0.00      0.00      9.60      0.00      0.00      0.00      0.00      0.00
08:59:57 PM      1.60      0.00      0.40      0.40      8.80      0.00      0.00      0.00      0.00      0.00
09:00:02 PM      0.00      0.00      0.00      0.00      8.80      0.00      0.00      0.00      0.00      0.00
09:00:07 PM      0.00      0.00      0.00      0.00      3.60      0.00      0.00      0.00      0.00      0.00
09:00:12 PM   2228.00      0.00    284.20      8.20    446.80      0.00      0.00      0.00      0.00      0.00
09:00:17 PM      0.00     32.00      0.00      0.00      8.60      0.00      0.00      0.00      0.00      0.00
09:00:22 PM      0.00     98.40      0.20      0.00     11.00      0.00      0.00      0.00      0.00      0.00
09:00:27 PM      0.80      4.80      0.20      0.20      8.00      0.00      0.00      0.00      0.00      0.00
09:00:32 PM      0.00      0.00      0.00      0.00    521.40      0.00      0.00      0.00      0.00      0.00
09:00:37 PM      0.00      0.00      0.00      0.00      5.40      0.00      0.00      0.00      0.00      0.00
09:00:42 PM      0.00      0.00      2.40      2.40    962.80      0.00      0.00      0.00      0.00      0.00
09:00:47 PM    188.00      0.00     47.60     47.00      7.20      0.00      0.00      0.00      0.00      0.00
09:00:52 PM    188.00     32.00     47.00     47.00    111.00      0.00      0.00      0.00      0.00      0.00
09:00:57 PM   1926.40    124.00    481.00    480.80      8.80      0.00      0.00      0.00      0.00      0.00
09:01:02 PM   1770.40      4.00    442.80    442.60    316.20      0.00      0.00      0.00      0.00      0.00
09:01:07 PM     94.40      0.00     23.60     23.60      3.60      0.00      0.00      0.00      0.00      0.00
09:01:12 PM      0.00      0.00      0.00      0.00      9.60      0.00      0.00      0.00      0.00      0.00
09:01:17 PM      0.00      0.00      0.00      0.00      8.60      0.00      0.00      0.00      0.00      0.00
09:01:22 PM      0.00      0.00      0.00      0.00      9.60      0.00      0.00      0.00      0.00      0.00
09:01:27 PM      0.80     32.00      0.20      0.20    724.80      0.00      0.00      0.00      0.00      0.00
09:01:32 PM      0.80    436.00   9797.40      0.20  14086.60  26248.60   5006.60  11614.60      0.00      0.00
09:01:37 PM      0.00      4.80      0.00      0.00    210.80      0.00      0.00      0.00      0.00      0.00
09:01:42 PM      0.00      0.00      0.00      0.00  12390.80      0.00      0.00      0.00      0.00      0.00
09:01:47 PM      0.00      0.00      0.00      0.00      8.60      0.00      0.00      0.00      0.00      0.00
09:01:52 PM      0.00      0.00      0.00      0.00     10.20      0.00      0.00      0.00      0.00      0.00
09:01:57 PM      0.00      0.00      0.00      0.00    212.80      0.00      0.00      0.00      0.00      0.00
09:02:02 PM      0.00     32.00      0.00      0.00     10.40      0.00      0.00      0.00      0.00      0.00
09:02:07 PM      0.00    117.60      0.40      0.00    215.00      0.00      0.00      0.00      0.00      0.00
09:02:12 PM      0.00      4.00   4171.80   4171.80     15.40      0.00      0.00      0.00      0.00      0.00
09:02:17 PM      0.00      0.00      0.00      0.00    110.40      0.00      0.00      0.00      0.00      0.00
09:02:22 PM      0.00      0.00      0.00      0.00      8.60      0.00      0.00      0.00      0.00      0.00
09:02:27 PM      0.00      0.00      0.00      0.00      7.20      0.00      0.00      0.00      0.00      0.00
09:02:32 PM      0.00      0.00      0.00      0.00      6.20      0.00      0.00      0.00      0.00      0.00
09:02:37 PM      0.00     32.00      0.00      0.00      3.60      0.00      0.00      0.00      0.00      0.00
09:02:42 PM      0.00     98.40      0.20      0.20      7.20      0.00      0.00      0.00      0.00      0.00
09:02:47 PM      0.00      5.60      0.00      0.00    112.60      0.00      0.00      0.00      0.00      0.00
09:02:52 PM      0.00      0.00      0.00      0.00      8.00      0.00      0.00      0.00      0.00      0.00
09:02:57 PM    198.40      0.00      1.00      1.00     12.00      0.00      0.00      0.00      0.00      0.00
09:03:02 PM      0.00      0.00      0.00      0.00      9.40      0.00      0.00      0.00      0.00      0.00
09:03:07 PM    173.60      0.00      6.60      0.20    316.80      0.00      0.00      0.00      0.00      0.00
09:03:12 PM      0.00     64.00      0.00      0.00      9.00      0.00      0.00      0.00      0.00      0.00
09:03:17 PM      0.00    143.20      0.00      0.00    523.40      0.00      0.00      0.00      0.00      0.00
09:03:22 PM      0.00      4.80      0.40      0.40      8.20      0.00      0.00      0.00      0.00      0.00
09:03:27 PM      0.80     44.80      6.60      0.20    422.00      0.00      0.00      0.00      0.00      0.00
09:03:32 PM      0.00      0.00      0.00      0.00      8.60      0.00      0.00      0.00      0.00      0.00
09:03:37 PM      0.00     19.16      0.00      0.00    414.97      0.00      0.00      0.00      0.00      0.00
09:03:42 PM      0.00     64.00      0.00      0.00      6.60      0.00      0.00      0.00      0.00      0.00
09:03:47 PM      0.00      0.00      0.00      0.00    115.20      0.00      0.00      0.00      0.00      0.00
09:03:52 PM      0.00    130.40      0.00      0.00      7.80      0.00      0.00      0.00      0.00      0.00
09:03:57 PM      0.00      4.00      0.20      0.00    215.80      0.00      0.00      0.00      0.00      0.00
09:04:02 PM      0.00      0.00      0.00      0.00      9.00      0.00      0.00      0.00      0.00      0.00
09:04:07 PM      0.00      0.00      0.00      0.00   2457.00      0.00      0.00      0.00      0.00      0.00
09:04:12 PM    332.80      0.00    110.80     83.20     17.20      0.00      0.00      0.00      0.00      0.00
09:04:17 PM      0.00      0.00      0.00      0.00    215.00      0.00      0.00      0.00      0.00      0.00
09:04:22 PM      0.00     32.00      0.00      0.00      8.00      0.00      0.00      0.00      0.00      0.00
09:04:27 PM      0.00    117.60      0.00      0.00    525.60      0.00      0.00      0.00      0.00      0.00
09:04:32 PM      0.00      5.60      0.00      0.00     13.00      0.00      0.00      0.00      0.00      0.00
09:04:37 PM      0.00      0.00      0.00      0.00    211.60      0.00      0.00      0.00      0.00      0.00
09:04:42 PM      0.00      0.00      0.00      0.00      7.80      0.00      0.00      0.00      0.00      0.00
09:04:47 PM      0.00      0.00      0.00      0.00    213.60      0.00      0.00      0.00      0.00      0.00
09:04:52 PM      0.80      0.00      0.20      0.20      7.00      0.00      0.00      0.00      0.00      0.00
09:04:57 PM      0.00     32.00      0.00      0.00      9.00      0.00      0.00      0.00      0.00      0.00
09:05:02 PM      0.00     98.40      0.20      0.00   3152.60      0.00      0.00      0.00      0.00      0.00
09:05:07 PM      0.00      4.00      0.00      0.00      7.20      0.00      0.00      0.00      0.00      0.00
09:05:12 PM      0.00      0.00    283.40      0.00    729.20      0.00      0.00      0.00      0.00      0.00
09:05:17 PM      0.00      0.00      0.00      0.00     10.40      0.00      0.00      0.00      0.00      0.00
09:05:22 PM      0.00      0.00      0.00      0.00    416.60      0.00      0.00      0.00      0.00      0.00
09:05:27 PM      0.00      0.00      0.00      0.00      8.60      0.00      0.00      0.00      0.00      0.00
09:05:32 PM      0.00     32.00      0.00      0.00    109.60      0.00      0.00      0.00      0.00      0.00
09:05:37 PM      0.00    117.60      0.00      0.00      7.60      0.00      0.00      0.00      0.00      0.00
09:05:42 PM      0.00      4.00      0.00      0.00    540.60      0.00      0.00      0.00      0.00      0.00
09:05:47 PM      0.00      0.00      0.00      0.00     10.20      0.00      0.00      0.00      0.00      0.00
09:05:52 PM      0.00      0.00      0.00      0.00    519.20      0.00      0.00      0.00      0.00      0.00
09:05:57 PM      0.00      0.00      0.00      0.00     11.80      0.00      0.00      0.00      0.00      0.00
09:06:02 PM      0.00      0.00      0.00      0.00    212.80      0.00      0.00      0.00      0.00      0.00
09:06:07 PM      0.00     32.00      0.20      0.00      7.00      0.00      0.00      0.00      0.00      0.00
09:06:12 PM      0.80     98.40      0.20      0.20   3492.00      0.00      0.00      0.00      0.00      0.00
09:06:17 PM      0.00      5.60      0.00      0.00      8.80      0.00      0.00      0.00      0.00      0.00
09:06:22 PM     21.60   8072.00  37235.00  37097.20  27212.60 231346.80  43561.00  26612.00      0.00      0.00
09:06:27 PM   4275.20  33529.60  25188.40  25093.00  27664.20  45792.60   1318.60  27575.60      0.00      0.00
09:06:32 PM      1.60      0.00      0.40      0.40      8.60      0.00      0.00      0.00      0.00      0.00
09:06:37 PM    735.20      0.00      0.60      0.20      6.20      0.00      0.00      0.00      0.00      0.00
09:06:42 PM    541.60     32.00    108.40     95.40     10.80      0.00      0.00      0.00      0.00      0.00
09:06:47 PM    208.80    117.60      0.60      0.40     11.00      0.00      0.00      0.00      0.00      0.00
09:06:52 PM    118.40  60776.80  11335.80      3.60  15746.60  15536.40    473.60  15688.60      0.00      0.00
09:06:57 PM      0.00      0.00      0.00      0.00      7.00      0.00      0.00      0.00      0.00      0.00
09:07:02 PM      0.00      0.00      0.00      0.00  12390.00      0.00      0.00      0.00      0.00      0.00
09:07:07 PM      0.00      0.00      0.20      0.00      4.60      0.00      0.00      0.00      0.00      0.00
09:07:12 PM    371.20      0.00  11126.40  11010.00    148.40      0.00      0.00      0.00      0.00      0.00
09:07:17 PM 285386.40 263824.80  72025.20  71837.40  70112.80 232107.20  10331.40  69594.40      0.00      0.00
09:07:22 PM     28.00     98.40      3.60      0.40    110.40      0.00      0.00      0.00      0.00      0.00
09:07:27 PM   3846.40      0.00      5.40      2.20      7.00      0.00      0.00      0.00      0.00      0.00
09:07:32 PM      0.00      0.00      0.00      0.00      8.60      0.00      0.00      0.00      0.00      0.00
09:07:37 PM    790.40   7155.20      0.60      0.60   1814.60   5094.60      0.00   1810.00      0.00      0.00
09:07:42 PM      1.60      0.00      0.40      0.40      6.20      0.00      0.00      0.00      0.00      0.00
09:07:47 PM      0.00      0.00      0.00      0.00      7.20      0.00      0.00      0.00      0.00      0.00
09:07:52 PM      0.00      4.00      0.00      0.00    111.00      0.00      0.00      0.00      0.00      0.00
09:07:57 PM    673.60      0.00     31.00     19.00     10.20      0.00      0.00      0.00      0.00      0.00
09:08:02 PM    541.60      0.00      6.20      4.60    114.40      0.00      0.00      0.00      0.00      0.00
09:08:07 PM   2080.80      0.00     39.20     20.20     10.20      0.00      0.00      0.00      0.00      0.00
09:08:12 PM     14.40    162.40      1.80      1.20     10.80      0.00      0.00      0.00      0.00      0.00
09:08:17 PM      8.00      0.00      0.20      0.20      8.00      0.00      0.00      0.00      0.00      0.00
09:08:22 PM      0.00     32.00      0.20      0.00     11.40      0.00      0.00      0.00      0.00      0.00
09:08:27 PM    229.14     42.32      8.78      2.79      9.98      0.00      0.00      0.00      0.00      0.00
09:08:32 PM      0.00      0.00      0.20      0.00     10.40      0.00      0.00      0.00      0.00      0.00
09:08:37 PM      0.00     24.00      0.00      0.00      5.20      0.00      0.00      0.00      0.00      0.00
09:08:42 PM     96.00    136.80     30.40     27.20     14.00      0.00      0.00      0.00      0.00      0.00
09:08:47 PM      0.00      0.00      0.00      0.00      8.60      0.00      0.00      0.00      0.00      0.00
09:08:52 PM      0.00      0.00      0.20      0.00     10.40      0.00      0.00      0.00      0.00      0.00
09:08:57 PM    407.20      0.00      1.60      1.20      7.00      0.00      0.00      0.00      0.00      0.00
09:09:02 PM      0.00      4.00      0.00      0.00      8.60      0.00      0.00      0.00      0.00      0.00
09:09:07 PM      0.80      0.00      0.20      0.20      5.60      0.00      0.00      0.00      0.00      0.00
09:09:12 PM      0.00      0.00      0.00      0.00      9.60      0.00      0.00      0.00      0.00      0.00
09:09:17 PM      0.00      0.00      0.20      0.00    111.20      0.00      0.00      0.00      0.00      0.00
09:09:22 PM      0.00    111.20      0.00      0.00     10.20      0.00      0.00      0.00      0.00      0.00
09:09:27 PM    425.60      0.00      2.20      2.00     50.60      0.00      0.00      0.00      0.00      0.00
09:09:32 PM      4.00      0.00      1.20      1.00     16.60      0.00      0.00      0.00      0.00      0.00
09:09:37 PM      0.00      5.60      0.00      0.00    107.60      0.00      0.00      0.00      0.00      0.00
09:09:42 PM      0.00      0.00      0.00      0.00     10.40      0.00      0.00      0.00      0.00      0.00
09:09:47 PM      0.00    402.40      0.00      0.00   2153.80      0.00      0.00    100.60      0.00      0.00
09:09:52 PM      0.00      0.00      0.00      0.00     10.40      0.00      0.00      0.00      0.00      0.00
09:09:57 PM     25.60      0.00      0.20      0.20    706.00      0.00      0.00      0.00      0.00      0.00
09:10:02 PM      0.00      0.00      0.00      0.00      9.60      0.00      0.00      0.00      0.00      0.00
09:10:07 PM      0.00    553.60      0.00      0.00    830.40      0.00      0.00    101.00      0.00      0.00
09:10:12 PM  52949.60  50631.20  12811.00  12521.60  13661.80  66558.40   5965.40  13323.60      0.00      0.00
09:10:17 PM      3.20    560.00      0.00      0.00    929.60      0.00      0.00    137.20      0.00      0.00
09:10:22 PM      0.00      0.00      0.00      0.00     10.20      0.00      0.00      0.00      0.00      0.00
09:10:27 PM      0.00      0.00      0.00      0.00    288.80      0.00      0.00      0.00      0.00      0.00
09:10:32 PM      0.00      0.00      0.00      0.00      9.40      0.00      0.00      0.00      0.00      0.00
09:10:37 PM      0.00      0.00      0.00      0.00      3.80      0.00      0.00      0.00      0.00      0.00
09:10:42 PM      0.00     92.00      2.20      2.20     12.00      0.00      0.00      0.00      0.00      0.00
09:10:47 PM      0.00      0.00      0.00      0.00      7.20      0.00      0.00      0.00      0.00      0.00
09:10:52 PM      0.00      4.80      0.00      0.00      7.00      0.00      0.00      0.00      0.00      0.00
09:10:57 PM      0.00      0.00      0.00      0.00     10.40      0.00      0.00      0.00      0.00      0.00
09:11:02 PM      0.00      0.00      0.20      0.00    293.80      0.00      0.00      0.00      0.00      0.00
09:11:07 PM      0.00      0.00      0.00      0.00      6.80      0.00      0.00      0.00      0.00      0.00
09:11:12 PM      0.00      0.00      0.00      0.00      8.20      0.00      0.00      0.00      0.00      0.00
09:11:17 PM      0.00    585.60      0.00      0.00    366.80      0.00      0.00    151.00      0.00      0.00
09:11:22 PM      0.00    111.20      0.00      0.00     12.80      0.00      0.00      0.00      0.00      0.00
09:11:27 PM      0.00    225.60      0.00      0.00     69.40      0.00      0.00     60.00      0.00      0.00
09:11:32 PM      0.00      0.00      0.00      0.00     51.60      0.00      0.00      0.00      0.00      0.00
09:11:37 PM      0.00      0.00      0.00      0.00      6.00      0.00      0.00      0.00      0.00      0.00
09:11:42 PM      0.00      0.00      0.20      0.00      8.00      0.00      0.00      0.00      0.00      0.00
09:11:47 PM      0.00      0.00      0.00      0.00     11.00      0.00      0.00      0.00      0.00      0.00
09:11:52 PM      0.00      0.00      0.00      0.00      8.60      0.00      0.00      0.00      0.00      0.00
09:11:57 PM      0.80     32.00      0.20      0.20     10.40      0.00      0.00      0.00      0.00      0.00
09:12:02 PM      0.00    103.20      0.00      0.00     14.20      0.00      0.00      0.00      0.00      0.00
09:12:07 PM      0.00      0.00      0.00      0.00      9.80      0.00      0.00      0.00      0.00      0.00
09:12:12 PM      0.80  51968.00  12045.80      0.20  13628.40  34948.00   2804.00  13620.60      0.00      0.00
09:12:17 PM    138.40      0.00     36.20     12.20      8.20      0.00      0.00      0.00      0.00      0.00
09:12:22 PM      0.00      0.00   1465.80   1267.00  12387.00      0.00      0.00      0.00      0.00      0.00
09:12:27 PM      0.00      0.00      0.00      0.00     10.40      0.00      0.00      0.00      0.00      0.00
09:12:32 PM      0.00    415.20      0.00      0.00   1718.40      0.00      0.00     81.20      0.00      0.00
09:12:37 PM      0.00      4.80      0.00      0.00   1636.40      0.00      0.00      0.00      0.00      0.00
09:12:42 PM      0.00      0.00      0.20      0.20   1301.20      0.00      0.00      0.00      0.00      0.00
09:12:47 PM      0.00      0.00      0.00      0.00      8.60      0.00      0.00      0.00      0.00      0.00
09:12:52 PM      0.00      0.00      0.00      0.00   1724.20      0.00      0.00      0.00      0.00      0.00
09:12:57 PM      0.80      0.00      0.40      0.20     10.60      0.00      0.00      0.00      0.00      0.00
09:13:02 PM      0.00      0.00      0.00      0.00   1257.60      0.00      0.00      0.00      0.00      0.00
09:13:07 PM     64.00    130.40      8.00      1.00     13.60      0.00      0.00      0.00      0.00      0.00
09:13:12 PM      0.80      4.00     33.20      5.80   1229.80      0.00      0.00      0.00      0.00      0.00
09:13:17 PM      0.80      0.00      0.20      0.20     10.00      0.00      0.00      0.00      0.00      0.00
09:13:22 PM      0.80      0.00      0.20      0.20    827.20      0.00      0.00      0.00      0.00      0.00
09:13:27 PM      0.80     52.80      0.40      0.20     17.20      0.00      0.00      0.00      0.00      0.00
09:13:32 PM      0.00      0.00      0.00      0.00   1258.20      0.00      0.00      0.00      0.00      0.00
09:13:37 PM      0.80    143.20      0.20      0.20      9.40      0.00      0.00      0.00      0.00      0.00
09:13:42 PM      0.00      0.00      0.00      0.00   1521.00      0.00      0.00      0.00      0.00      0.00
09:13:47 PM      0.00      5.60      0.00      0.00   1225.80      0.00      0.00      0.00      0.00      0.00
09:13:52 PM      0.00      0.00      0.00      0.00    827.00      0.00      0.00      0.00      0.00      0.00
09:13:57 PM      0.00      0.00      0.00      0.00     11.00      0.00      0.00      0.00      0.00      0.00
09:14:02 PM      0.00      0.00      0.00      0.00   1038.80      0.00      0.00      0.00      0.00      0.00
09:14:07 PM      0.00      0.00      0.00      0.00      7.60      0.00      0.00      0.00      0.00      0.00
09:14:12 PM      0.00      0.00      0.00      0.00      8.80      0.00      0.00      0.00      0.00      0.00
09:14:17 PM      0.00    130.40      0.00      0.00   2801.60      0.00      0.00      0.00      0.00      0.00
09:14:22 PM      0.00      3.99      0.00      0.00      7.19      0.00      0.00      0.00      0.00      0.00
09:14:27 PM      0.80      0.00      0.20      0.20   1630.40      0.00      0.00      0.00      0.00      0.00
09:14:32 PM      2.40      0.00      0.60      0.60     12.80      0.00      0.00      0.00      0.00      0.00
09:14:37 PM      0.00      0.00      0.00      0.00   1279.60      0.00      0.00      0.00      0.00      0.00
09:14:42 PM      6.40      0.00      1.60      1.60      7.80      0.00      0.00      0.00      0.00      0.00
09:14:47 PM      0.00     32.00      0.00      0.00   2008.60      0.00      0.00      0.00      0.00      0.00
09:14:52 PM      0.00    117.60      0.20      0.00      8.60      0.00      0.00      0.00      0.00      0.00
09:14:57 PM      0.00      4.80      0.00      0.00    829.60      0.00      0.00      0.00      0.00      0.00
09:15:02 PM      0.00      0.00      0.00      0.00      7.80      0.00      0.00      0.00      0.00      0.00
09:15:07 PM      0.00      0.00      0.00      0.00   1601.20      0.00      0.00      0.00      0.00      0.00
09:15:12 PM      7.20      0.00    282.80      0.60    220.20      0.00      0.00      0.00      0.00      0.00
09:15:17 PM      0.00      0.00      0.00      0.00   2674.80      0.00      0.00      0.00      0.00      0.00
09:15:22 PM      0.00     32.00      0.00      0.00      7.20      0.00      0.00      0.00      0.00      0.00
09:15:27 PM      0.00     98.40      0.00      0.00    929.80      0.00      0.00      0.00      0.00      0.00
09:15:32 PM      0.00      4.00      0.00      0.00      8.80      0.00      0.00      0.00      0.00      0.00
09:15:37 PM      0.00     80.80      0.00      0.00   1000.20      0.00      0.00     22.20      0.00      0.00
09:15:42 PM      0.00      0.00      0.00      0.00      9.60      0.00      0.00      0.00      0.00      0.00
09:15:47 PM      0.00      0.00      0.00      0.00    923.60      0.00      0.00      0.00      0.00      0.00
09:15:52 PM      0.00      0.00      0.00      0.00    370.80      0.00      0.00      0.00      0.00      0.00
09:15:57 PM      0.00     32.00      0.00      0.00   1555.20      0.00      0.00      0.00      0.00      0.00
09:16:02 PM      0.00    117.60      0.00      0.00      8.60      0.00      0.00      0.00      0.00      0.00
09:16:07 PM      0.00      4.80      0.00      0.00   1491.20      0.00      0.00      0.00      0.00      0.00
09:16:12 PM      0.00      0.00      7.20      1.60      8.60      0.00      0.00      0.00      0.00      0.00
09:16:17 PM      0.00     77.60      0.00      0.00   1319.40      0.00      0.00     19.80      0.00      0.00
09:16:22 PM      0.00      0.00      0.00      0.00    315.80      0.00      0.00      0.00      0.00      0.00
09:16:27 PM 155157.60 106471.20  38859.80  38616.00  29347.60 115678.40  48182.00  27777.80      0.00      0.00
09:16:32 PM  62304.00  59020.80  15438.40  15328.40  18584.20  34791.00  14063.80  15232.60      0.00      0.00
09:16:37 PM      9.60     98.40      0.20      1.40    723.80      0.00      0.00      0.00      0.00      0.00
09:16:42 PM   1680.00      4.00      7.20      0.80     11.80      0.00      0.00      0.00      0.00      0.00
09:16:47 PM      0.80      0.00      0.20      0.20    211.80      0.00      0.00      0.00      0.00      0.00
09:16:52 PM      0.00    452.00      0.00      0.00    407.80   1666.20      0.00    397.40      0.00      0.00
09:16:57 PM      6.40      0.00      1.00      1.60    213.40      0.00      0.00      0.00      0.00      0.00
09:17:02 PM    509.60      0.00      1.20      0.60     12.80      0.00      0.00      0.00      0.00      0.00
09:17:07 PM      9.60     32.00      0.20      2.40   1026.00      0.00      0.00      0.00      0.00      0.00
09:17:12 PM      0.00    117.60      0.00      0.00     10.40      0.00      0.00      0.00      0.00      0.00
09:17:17 PM     23.20      6.40      0.40      5.80   1413.60      0.00      0.00      0.00      0.00      0.00
09:17:22 PM  40077.60  38740.80  10655.60  10015.40  11528.40  14567.20      0.00  10114.80      0.00      0.00
09:17:27 PM    368.80      0.00      0.60      8.00    520.60      0.00      0.00      0.00      0.00      0.00
09:17:32 PM      0.80  57145.60   5607.60      0.60  14398.80  20590.80   6794.80  14390.20      0.00      0.00
09:17:37 PM      0.00      0.00      0.00      0.00      3.80      0.00      0.00      0.00      0.00      0.00
09:17:42 PM      0.80     32.00      0.20      0.20  12390.60      0.00      0.00      0.00      0.00      0.00
09:17:47 PM      9.60     98.40      0.20      0.00      8.00      0.00      0.00      0.00      0.00      0.00
09:17:52 PM      0.00      4.80      0.00      0.00      8.60      0.00      0.00      0.00      0.00      0.00
09:17:57 PM   1524.80      0.00     32.80     22.40     25.80      0.00      0.00      0.00      0.00      0.00
09:18:02 PM    468.00      0.00      4.20      3.20    421.60      0.00      0.00      0.00      0.00      0.00
09:18:07 PM    616.80     14.40     28.60     12.80     10.40      0.00      0.00      0.00      0.00      0.00
09:18:12 PM      0.00      0.00      0.00      0.00    828.80      0.00      0.00      0.00      0.00      0.00
09:18:17 PM      0.00     64.00      0.00      0.00      8.00      0.00      0.00      0.00      0.00      0.00
09:18:22 PM      9.60    156.00      0.00      0.00    828.60      0.00      0.00      0.00      0.00      0.00
09:18:27 PM      0.80      4.00      0.20      0.20      7.20      0.00      0.00      0.00      0.00      0.00
09:18:32 PM      0.00      0.00      0.00      0.00    828.20      0.00      0.00      0.00      0.00      0.00
09:18:37 PM      0.00     24.80      0.00      0.00      5.20      0.00      0.00      0.00      0.00      0.00
09:18:42 PM      4.80      0.00      4.40      3.60    831.00      0.00      0.00      0.00      0.00      0.00
09:18:47 PM      0.00     64.00      0.00      0.00      8.60      0.00      0.00      0.00      0.00      0.00
09:18:52 PM      0.00      0.00      0.20      0.00    830.40      0.00      0.00      0.00      0.00      0.00
09:18:57 PM      0.00    136.80      0.00      0.00      8.60      0.00      0.00      0.00      0.00      0.00
09:19:02 PM      0.00      4.80      0.80      0.00    830.20      0.00      0.00      0.00      0.00      0.00
09:19:07 PM      0.00      0.00      0.00      0.00      5.40      0.00      0.00      0.00      0.00      0.00
09:19:12 PM  51504.80      0.00  12889.80  12876.20   1767.40      0.00      0.00      0.00      0.00      0.00
09:19:17 PM  88125.60 117654.40  22100.20  22048.20  32715.40  89377.40  31731.00  30514.40      0.00      0.00
09:19:22 PM    283.20      0.00      0.40      0.40   2601.80      0.00      0.00      0.00      0.00      0.00
09:19:27 PM   2638.40     32.00      8.80      3.20     12.20      0.00      0.00      0.00      0.00      0.00
09:19:32 PM      9.60    117.60      1.20      0.80   1116.00      0.00      0.00      0.00      0.00      0.00
09:19:37 PM      3.20      4.80      0.00      0.00      5.20      0.00      0.00      0.00      0.00      0.00
09:19:42 PM      0.00      0.00      0.00      0.00    890.40      0.00      0.00      0.00      0.00      0.00
09:19:47 PM      0.00      0.00      0.00      0.00      7.80      0.00      0.00      0.00      0.00      0.00
09:19:52 PM      0.00      0.00      0.20      0.00   1646.40      0.00      0.00      0.00      0.00      0.00
09:19:57 PM      0.00      0.00      0.20      0.00     10.20      0.00      0.00      0.00      0.00      0.00
09:20:02 PM      0.00     32.00      0.00      0.00   1768.20      0.00      0.00      0.00      0.00      0.00
09:20:07 PM      0.00     98.40      0.20      0.00      6.00      0.00      0.00      0.00      0.00      0.00
09:20:12 PM      0.00      4.00      0.00      0.00   1367.40      0.00      0.00      0.00      0.00      0.00
09:20:17 PM    105.60      0.00    300.60     18.00    153.80      0.00      0.00      0.00      0.00      0.00
09:20:22 PM      0.00      0.00      0.00      0.00    804.60      0.00      0.00      0.00      0.00      0.00
09:20:27 PM      0.00      0.00      0.00      0.00     10.60      0.00      0.00      0.00      0.00      0.00
09:20:32 PM      0.00      0.00      0.00      0.00    811.40      0.00      0.00      0.00      0.00      0.00
09:20:37 PM      0.00     31.94      0.00      0.00    217.17      0.00      0.00      0.00      0.00      0.00
09:20:42 PM      1.60    117.60      2.80      2.80   1395.00      0.00      0.00      0.00      0.00      0.00
09:20:47 PM      0.00      4.00      0.00      0.00      9.60      0.00      0.00      0.00      0.00      0.00
09:20:52 PM      0.00      0.00      0.00      0.00   1609.60      0.00      0.00      0.00      0.00      0.00
09:20:57 PM      0.00      0.00      0.00      0.00      9.60      0.00      0.00      0.00      0.00      0.00
09:21:02 PM      0.00      0.00      0.00      0.00   1443.00      0.00      0.00      0.00      0.00      0.00
09:21:07 PM      0.00      0.00      0.20      0.00      8.20      0.00      0.00      0.00      0.00      0.00
09:21:12 PM      0.00     32.00      0.00      0.00   1443.20      0.00      0.00      0.00      0.00      0.00
09:21:17 PM      0.00     98.40      0.00      0.00      9.40      0.00      0.00      0.00      0.00      0.00
09:21:22 PM      0.00      5.60      0.00      0.00      6.40      0.00      0.00      0.00      0.00      0.00
09:21:27 PM      0.00      0.00      0.00      0.00   1432.00      0.00      0.00      0.00      0.00      0.00
09:21:32 PM      0.00      0.00      0.00      0.00      8.00      0.00      0.00      0.00      0.00      0.00
09:21:37 PM      0.00    394.40      0.00      0.00   1270.40      0.00      0.00     89.80      0.00      0.00
09:21:42 PM      0.00      0.00      0.20      0.00    122.80      0.00      0.00      0.00      0.00      0.00
09:21:47 PM      0.00   1470.40      0.00      0.00    689.80      0.00      0.00    358.40      0.00      0.00
09:21:52 PM      0.00    117.60      0.00      0.00      7.80      0.00      0.00      0.00      0.00      0.00
09:21:57 PM      0.00      0.00      0.00      0.00     10.40      0.00      0.00      0.00      0.00      0.00
09:22:02 PM      0.00      0.00      0.00      0.00      8.60      0.00      0.00      0.00      0.00      0.00
09:22:07 PM      0.00      0.00      0.00      0.00      6.20      0.00      0.00      0.00      0.00      0.00
09:22:12 PM      0.00      0.00      0.00      0.00    382.40      0.00      0.00      0.00      0.00      0.00
09:22:17 PM      0.80      0.00      0.20      0.20      8.00      0.00      0.00      0.00      0.00      0.00
09:22:22 PM    898.40      4.80    562.80    224.60     64.40      0.00      0.00      0.00      0.00      0.00
09:22:27 PM      0.00      0.00      0.00      0.00     11.00      0.00      0.00      0.00      0.00      0.00
09:22:32 PM      0.00      0.00      0.00      0.00      9.00      0.00      0.00      0.00      0.00      0.00
09:22:37 PM      0.00      0.00      0.20      0.00      6.80      0.00      0.00      0.00      0.00      0.00
09:22:42 PM      0.80      0.00      1.80      1.80      9.00      0.00      0.00      0.00      0.00      0.00
09:22:47 PM      0.00   1433.60      0.00      0.00    786.80      0.00      0.00    358.60      0.00      0.00
09:22:52 PM      0.80  71744.00  12352.40      0.20  19611.40  15971.00   3177.00  17899.20      0.00      0.00
09:22:57 PM      2.40      0.00      1.00      0.60   1444.00      0.00      0.00      0.00      0.00      0.00
09:23:02 PM     12.80      0.00      1.00      0.40  14029.00      0.00      0.00      0.00      0.00      0.00
09:23:07 PM      0.00     52.80     10.40      0.00    834.80      0.00      0.00      0.00      0.00      0.00
09:23:12 PM      0.80     14.40      6.40      0.20      7.40      0.00      0.00      0.00      0.00      0.00
09:23:17 PM      0.00      0.00      0.00      0.00    830.60      0.00      0.00      0.00      0.00      0.00
09:23:22 PM      0.00     32.00      0.40      0.00      7.80      0.00      0.00      0.00      0.00      0.00
09:23:27 PM      0.80      4.00      0.40      0.20    828.80      0.00      0.00      0.00      0.00      0.00
09:23:32 PM      0.00      0.00      0.00      0.00      7.20      0.00      0.00      0.00      0.00      0.00
09:23:37 PM      0.00    155.20      0.00      0.00   3091.20      0.00      0.00      0.00      0.00      0.00
09:23:42 PM      0.00      0.00      0.00      0.00      9.00      0.00      0.00      0.00      0.00      0.00
09:23:47 PM      0.00      0.00      0.00      0.00   1522.00      0.00      0.00      0.00      0.00      0.00
09:23:52 PM      0.00      0.00      0.00      0.00     10.20      0.00      0.00      0.00      0.00      0.00
09:23:57 PM      0.00      0.00      0.00      0.00    826.20      0.00      0.00      0.00      0.00      0.00
09:24:02 PM      0.00      4.80      0.00      0.00     11.20      0.00      0.00      0.00      0.00      0.00
09:24:07 PM      0.00      0.00      0.00      0.00    823.60      0.00      0.00      0.00      0.00      0.00
09:24:12 PM      0.00      0.00      0.00      0.00     10.40      0.00      0.00      0.00      0.00      0.00
09:24:17 PM      0.00      0.00      0.00      0.00    866.20      0.00      0.00      0.00      0.00      0.00
09:24:22 PM      0.00      0.00      0.00      0.00   1228.40      0.00      0.00      0.00      0.00      0.00
09:24:27 PM      0.00      0.00      0.00      0.00   1391.60      0.00      0.00      0.00      0.00      0.00
09:24:32 PM      0.00    117.60      0.00      0.00     21.40      0.00      0.00      0.00      0.00      0.00
09:24:37 PM      0.00      5.60      0.20      0.00   1291.40      0.00      0.00      0.00      0.00      0.00
09:24:42 PM      4.80      0.00      1.20      1.20     10.40      0.00      0.00      0.00      0.00      0.00
09:24:47 PM      0.00      0.00      0.00      0.00    827.20      0.00      0.00      0.00      0.00      0.00
09:24:52 PM      0.00      0.00      0.00      0.00    475.80      0.00      0.00      0.00      0.00      0.00
09:24:57 PM      0.00      0.00      0.00      0.00      7.20      0.00      0.00      0.00      0.00      0.00
09:25:02 PM      0.00      0.00      0.00      0.00   1600.40      0.00      0.00      0.00      0.00      0.00
09:25:07 PM      0.00    130.40      0.00      0.00      3.80      0.00      0.00      0.00      0.00      0.00
09:25:12 PM      0.80      5.60      0.20      0.20   1031.60      0.00      0.00      0.00      0.00      0.00
09:25:17 PM      1.60      0.00    284.00      0.40    216.60      0.00      0.00      0.00      0.00      0.00
09:25:22 PM      0.00      0.00      0.00      0.00    420.00      0.00      0.00      0.00      0.00      0.00
09:25:27 PM      0.00      0.00      0.00      0.00      7.00      0.00      0.00      0.00      0.00      0.00
09:25:32 PM      0.00    358.40      0.00      0.00    919.00      0.00      0.00     90.00      0.00      0.00
09:25:37 PM    130.40     32.00      0.60      0.40      7.80      0.00      0.00      0.00      0.00      0.00
09:25:42 PM      0.00    117.60      0.00      0.00   1689.60      0.00      0.00      0.00      0.00      0.00
09:25:47 PM      0.80      4.00      0.20      0.20      7.20      0.00      0.00      0.00      0.00      0.00
09:25:52 PM   1004.80      0.00     30.60     14.40    954.60      0.00      0.00      0.00      0.00      0.00
Average:      2001.44   2120.29    639.67    558.97    960.54   2009.51    306.27    620.67      0.00      0.00
