Linux 7.0.9-arch2-1 (archlinux) 	05/24/2026 	_x86_64_	(4 CPU)

05:36:46 PM  %smem-10  %smem-60 %smem-300     %smem  %fmem-10  %fmem-60 %fmem-300     %fmem
05:36:51 PM      0.00      0.00      0.00      0.00      0.00      0.00      0.00      0.00
05:36:56 PM      0.00      0.00      0.00      0.00      0.00      0.00      0.00      0.00
05:37:01 PM      0.00      0.00      0.00      0.00      0.00      0.00      0.00      0.00
05:37:06 PM      0.00      0.00      0.00      0.00      0.00      0.00      0.00      0.00
05:37:11 PM      0.00      0.00      0.00      0.00      0.00      0.00      0.00      0.00
05:37:16 PM      0.00      0.00      0.00      0.00      0.00      0.00      0.00      0.00
05:37:21 PM      0.00      0.00      0.00      0.00      0.00      0.00      0.00      0.00
05:37:26 PM      0.00      0.00      0.00      0.00      0.00      0.00      0.00      0.00
05:37:31 PM      0.00      0.00      0.00      0.00      0.00      0.00      0.00      0.00
05:37:36 PM      0.00      0.00      0.00      0.00      0.00      0.00      0.00      0.00
05:37:41 PM      0.00      0.00      0.00      0.00      0.00      0.00      0.00      0.00
05:37:46 PM      0.00      0.00      0.00      0.00      0.00      0.00      0.00      0.00
05:37:51 PM      0.00      0.00      0.00      0.00      0.00      0.00      0.00      0.00
05:37:56 PM      0.00      0.00      0.00      0.00      0.00      0.00      0.00      0.00
05:38:01 PM      0.00      0.00      0.00      0.00      0.00      0.00      0.00      0.00
05:38:06 PM      0.00      0.00      0.00      0.00      0.00      0.00      0.00      0.00
05:38:11 PM      0.00      0.00      0.00      0.00      0.00      0.00      0.00      0.00
05:38:16 PM      0.00      0.00      0.00      0.00      0.00      0.00      0.00      0.00
05:38:21 PM      0.00      0.00      0.00      0.00      0.00      0.00      0.00      0.00
05:38:26 PM      0.00      0.00      0.00      0.00      0.00      0.00      0.00      0.00
05:38:31 PM      0.00      0.00      0.00      0.00      0.00      0.00      0.00      0.00
05:38:36 PM      0.00      0.00      0.00      0.00      0.00      0.00      0.00      0.00
05:38:41 PM      0.00      0.00      0.00      0.00      0.00      0.00      0.00      0.00
05:38:46 PM      0.00      0.00      0.00      0.00      0.00      0.00      0.00      0.00
05:38:51 PM      0.00      0.00      0.00      0.00      0.00      0.00      0.00      0.00
05:38:56 PM      0.00      0.00      0.00      0.00      0.00      0.00      0.00      0.00
05:39:01 PM      0.00      0.00      0.00      0.00      0.00      0.00      0.00      0.00
05:39:06 PM      0.00      0.00      0.00      0.00      0.00      0.00      0.00      0.00
05:39:11 PM      0.00      0.00      0.00      0.00      0.00      0.00      0.00      0.00
05:39:16 PM      0.00      0.00      0.00      0.00      0.00      0.00      0.00      0.00
05:39:21 PM      0.00      0.00      0.00      0.00      0.00      0.00      0.00      0.00
05:39:26 PM      0.00      0.00      0.00      0.00      0.00      0.00      0.00      0.00
05:39:31 PM      0.00      0.00      0.00      0.00      0.00      0.00      0.00      0.00
05:39:36 PM      0.00      0.00      0.00      0.00      0.00      0.00      0.00      0.00
05:39:41 PM      0.00      0.00      0.00      0.00      0.00      0.00      0.00      0.00
05:39:46 PM      0.00      0.00      0.00      0.00      0.00      0.00      0.00      0.00
05:39:51 PM      0.00      0.00      0.00      0.00      0.00      0.00      0.00      0.00
05:39:56 PM      0.00      0.00      0.00      0.00      0.00      0.00      0.00      0.00
05:40:01 PM      0.00      0.00      0.00      0.00      0.00      0.00      0.00      0.00
05:40:06 PM      0.00      0.00      0.00      0.00      0.00      0.00      0.00      0.00
05:40:11 PM      0.00      0.00      0.00      0.00      0.00      0.00      0.00      0.00
05:40:16 PM      0.00      0.00      0.00      0.00      0.00      0.00      0.00      0.00
05:40:21 PM      0.00      0.00      0.00      0.00      0.00      0.00      0.00      0.00
05:40:26 PM      0.00      0.00      0.00      0.00      0.00      0.00      0.00      0.00
05:40:31 PM      0.00      0.00      0.00      0.00      0.00      0.00      0.00      0.00
05:40:36 PM      0.00      0.00      0.00      0.00      0.00      0.00      0.00      0.00
05:40:41 PM      0.00      0.00      0.00      0.00      0.00      0.00      0.00      0.00
05:40:46 PM      0.00      0.00      0.00      0.00      0.00      0.00      0.00      0.00
05:40:51 PM      0.00      0.00      0.00      0.00      0.00      0.00      0.00      0.00
05:40:56 PM      0.00      0.00      0.00      0.00      0.00      0.00      0.00      0.00
05:41:01 PM      0.00      0.00      0.00      0.00      0.00      0.00      0.00      0.00
05:41:06 PM      0.00      0.00      0.00      0.00      0.00      0.00      0.00      0.00
05:41:11 PM      0.00      0.00      0.00      0.00      0.00      0.00      0.00      0.00
05:41:16 PM      0.00      0.00      0.00      0.00      0.00      0.00      0.00      0.00
05:41:21 PM      0.00      0.00      0.00      0.00      0.00      0.00      0.00      0.00
05:41:26 PM      0.00      0.00      0.00      0.00      0.00      0.00      0.00      0.00
05:41:31 PM      0.00      0.00      0.00      0.00      0.00      0.00      0.00      0.00
05:41:36 PM      0.00      0.00      0.00      0.00      0.00      0.00      0.00      0.00
05:41:41 PM      0.00      0.00      0.00      0.00      0.00      0.00      0.00      0.00
05:41:46 PM      0.00      0.00      0.00      0.00      0.00      0.00      0.00      0.00
05:41:51 PM      0.00      0.00      0.00      0.00      0.00      0.00      0.00      0.00
05:41:56 PM      0.00      0.00      0.00      0.00      0.00      0.00      0.00      0.00
05:42:01 PM      0.00      0.00      0.00      0.00      0.00      0.00      0.00      0.00
05:42:06 PM      0.00      0.00      0.00      0.00      0.00      0.00      0.00      0.00
05:42:11 PM      0.00      0.00      0.00      0.00      0.00      0.00      0.00      0.00
05:42:16 PM      0.00      0.00      0.00      0.00      0.00      0.00      0.00      0.00
05:42:21 PM      0.00      0.00      0.00      0.00      0.00      0.00      0.00      0.00
05:42:26 PM      0.00      0.00      0.00      0.00      0.00      0.00      0.00      0.00
05:42:31 PM      0.00      0.00      0.00      0.00      0.00      0.00      0.00      0.00
05:42:36 PM      0.00      0.00      0.00      0.00      0.00      0.00      0.00      0.00
05:42:41 PM      0.00      0.00      0.00      0.00      0.00      0.00      0.00      0.00
05:42:46 PM      0.00      0.00      0.00      0.00      0.00      0.00      0.00      0.00
05:42:51 PM      0.00      0.00      0.00      0.00      0.00      0.00      0.00      0.00
05:42:56 PM      0.00      0.00      0.00      0.00      0.00      0.00      0.00      0.00
05:43:01 PM      0.00      0.00      0.00      0.00      0.00      0.00      0.00      0.00
05:43:06 PM      0.00      0.00      0.00      0.00      0.00      0.00      0.00      0.00
05:43:11 PM      0.00      0.00      0.00      0.00      0.00      0.00      0.00      0.00
05:43:16 PM      0.00      0.00      0.00      0.00      0.00      0.00      0.00      0.00
05:43:21 PM      0.00      0.00      0.00      0.00      0.00      0.00      0.00      0.00
05:43:26 PM      0.00      0.00      0.00      0.00      0.00      0.00      0.00      0.00
05:43:31 PM      0.00      0.00      0.00      0.00      0.00      0.00      0.00      0.00
05:43:36 PM      0.00      0.00      0.00      0.00      0.00      0.00      0.00      0.00
05:43:41 PM      0.00      0.00      0.00      0.00      0.00      0.00      0.00      0.00
05:43:46 PM      0.00      0.00      0.00      0.00      0.00      0.00      0.00      0.00
05:43:51 PM      0.00      0.00      0.00      0.00      0.00      0.00      0.00      0.00
05:43:56 PM      0.00      0.00      0.00      0.00      0.00      0.00      0.00      0.00
05:44:01 PM      0.00      0.00      0.00      0.00      0.00      0.00      0.00      0.00
05:44:06 PM      0.00      0.00      0.00      0.00      0.00      0.00      0.00      0.00
05:44:11 PM      0.00      0.00      0.00      0.00      0.00      0.00      0.00      0.00
05:44:16 PM      0.00      0.00      0.00      0.00      0.00      0.00      0.00      0.00
05:44:21 PM      0.00      0.00      0.00      0.00      0.00      0.00      0.00      0.00
05:44:26 PM      0.00      0.00      0.00      0.00      0.00      0.00      0.00      0.00
05:44:31 PM      0.00      0.00      0.00      0.00      0.00      0.00      0.00      0.00
05:44:36 PM      0.00      0.00      0.00      0.00      0.00      0.00      0.00      0.00
05:44:41 PM      0.00      0.00      0.00      0.00      0.00      0.00      0.00      0.00
05:44:46 PM      0.00      0.00      0.00      0.00      0.00      0.00      0.00      0.00
05:44:51 PM      0.00      0.00      0.00      0.00      0.00      0.00      0.00      0.00
05:44:56 PM      0.00      0.00      0.00      0.00      0.00      0.00      0.00      0.00
05:45:01 PM      0.00      0.00      0.00      0.00      0.00      0.00      0.00      0.00
05:45:06 PM      0.00      0.00      0.00      0.00      0.00      0.00      0.00      0.00
05:45:11 PM      0.00      0.00      0.00      0.00      0.00      0.00      0.00      0.00
05:45:16 PM      0.00      0.00      0.00      0.00      0.00      0.00      0.00      0.00
05:45:21 PM      0.00      0.00      0.00      0.00      0.00      0.00      0.00      0.00
05:45:26 PM      0.00      0.00      0.00      0.00      0.00      0.00      0.00      0.00
05:45:31 PM      0.00      0.00      0.00      0.00      0.00      0.00      0.00      0.00
05:45:36 PM      0.00      0.00      0.00      0.00      0.00      0.00      0.00      0.00
05:45:41 PM      0.00      0.00      0.00      0.00      0.00      0.00      0.00      0.00
05:45:46 PM      0.00      0.00      0.00      0.00      0.00      0.00      0.00      0.00
05:45:51 PM      0.00      0.00      0.00      0.00      0.00      0.00      0.00      0.00
05:45:56 PM      0.00      0.00      0.00      0.00      0.00      0.00      0.00      0.00
05:46:01 PM      0.00      0.00      0.00      0.00      0.00      0.00      0.00      0.00
05:46:06 PM      0.00      0.00      0.00      0.00      0.00      0.00      0.00      0.00
05:46:11 PM      0.00      0.00      0.00      0.00      0.00      0.00      0.00      0.00
05:46:16 PM      0.00      0.00      0.00      0.00      0.00      0.00      0.00      0.00
05:46:21 PM      0.00      0.00      0.00      0.00      0.00      0.00      0.00      0.00
05:46:26 PM      0.00      0.00      0.00      0.00      0.00      0.00      0.00      0.00
05:46:31 PM      0.00      0.00      0.00      0.00      0.00      0.00      0.00      0.00
05:46:36 PM      0.00      0.00      0.00      0.00      0.00      0.00      0.00      0.00
05:46:41 PM      0.00      0.00      0.00      0.00      0.00      0.00      0.00      0.00
05:46:46 PM      0.00      0.00      0.00      0.00      0.00      0.00      0.00      0.00
05:46:51 PM      0.00      0.00      0.00      0.00      0.00      0.00      0.00      0.00
05:46:56 PM      0.00      0.00      0.00      0.00      0.00      0.00      0.00      0.00
05:47:01 PM      0.00      0.00      0.00      0.00      0.00      0.00      0.00      0.00
05:47:06 PM      0.00      0.00      0.00      0.00      0.00      0.00      0.00      0.00
05:47:11 PM      0.00      0.00      0.00      0.00      0.00      0.00      0.00      0.00
05:47:16 PM      0.00      0.00      0.00      0.00      0.00      0.00      0.00      0.00
05:47:21 PM      0.00      0.00      0.00      0.00      0.00      0.00      0.00      0.00
05:47:26 PM      0.00      0.00      0.00      0.00      0.00      0.00      0.00      0.00
05:47:31 PM      0.00      0.00      0.00      0.00      0.00      0.00      0.00      0.00
05:47:36 PM      0.00      0.00      0.00      0.00      0.00      0.00      0.00      0.00
05:47:41 PM      0.00      0.00      0.00      0.00      0.00      0.00      0.00      0.00
05:47:46 PM      0.00      0.00      0.00      0.00      0.00      0.00      0.00      0.00
05:47:51 PM      0.00      0.00      0.00      0.00      0.00      0.00      0.00      0.00
05:47:56 PM      0.00      0.00      0.00      0.00      0.00      0.00      0.00      0.00
05:48:01 PM      0.00      0.00      0.00      0.00      0.00      0.00      0.00      0.00
05:48:06 PM      0.00      0.00      0.00      0.00      0.00      0.00      0.00      0.00
05:48:11 PM      0.00      0.00      0.00      0.00      0.00      0.00      0.00      0.00
05:48:16 PM      0.00      0.00      0.00      0.00      0.00      0.00      0.00      0.00
05:48:21 PM      0.00      0.00      0.00      0.00      0.00      0.00      0.00      0.00
05:48:26 PM      0.00      0.00      0.00      0.00      0.00      0.00      0.00      0.00
05:48:31 PM      0.00      0.00      0.00      0.00      0.00      0.00      0.00      0.00
05:48:36 PM      0.00      0.00      0.00      0.00      0.00      0.00      0.00      0.00
05:48:41 PM      0.00      0.00      0.00      0.00      0.00      0.00      0.00      0.00
05:48:46 PM      0.00      0.00      0.00      0.00      0.00      0.00      0.00      0.00
05:48:51 PM      0.00      0.00      0.00      0.00      0.00      0.00      0.00      0.00
05:48:56 PM      0.00      0.00      0.00      0.00      0.00      0.00      0.00      0.00
05:49:01 PM      0.00      0.00      0.00      0.00      0.00      0.00      0.00      0.00
05:49:06 PM      0.00      0.00      0.00      0.00      0.00      0.00      0.00      0.00
05:49:11 PM      0.00      0.00      0.00      0.00      0.00      0.00      0.00      0.00
05:49:16 PM      0.00      0.00      0.00      0.00      0.00      0.00      0.00      0.00
05:49:21 PM      0.00      0.00      0.00      0.00      0.00      0.00      0.00      0.00
05:49:26 PM      0.00      0.00      0.00      0.00      0.00      0.00      0.00      0.00
05:49:31 PM      0.00      0.00      0.00      0.00      0.00      0.00      0.00      0.00
05:49:36 PM      0.00      0.00      0.00      0.00      0.00      0.00      0.00      0.00
05:49:41 PM      0.00      0.00      0.00      0.00      0.00      0.00      0.00      0.00
05:49:46 PM      0.00      0.00      0.00      0.00      0.00      0.00      0.00      0.00
05:49:51 PM      0.00      0.00      0.00      0.00      0.00      0.00      0.00      0.00
05:49:56 PM      0.00      0.00      0.00      0.00      0.00      0.00      0.00      0.00
05:50:01 PM      0.00      0.00      0.00      0.00      0.00      0.00      0.00      0.00
05:50:06 PM      0.00      0.00      0.00      0.00      0.00      0.00      0.00      0.00
05:50:11 PM      0.00      0.00      0.00      0.00      0.00      0.00      0.00      0.00
05:50:16 PM      0.00      0.00      0.00      0.00      0.00      0.00      0.00      0.00
05:50:21 PM      0.00      0.00      0.00      0.00      0.00      0.00      0.00      0.00
05:50:26 PM      0.00      0.00      0.00      0.00      0.00      0.00      0.00      0.00
05:50:31 PM      0.00      0.00      0.00      0.00      0.00      0.00      0.00      0.00
05:50:36 PM      0.00      0.00      0.00      0.00      0.00      0.00      0.00      0.00
05:50:41 PM      0.00      0.00      0.00      0.00      0.00      0.00      0.00      0.00
05:50:46 PM      0.00      0.00      0.00      0.00      0.00      0.00      0.00      0.00
05:50:51 PM      0.00      0.00      0.00      0.00      0.00      0.00      0.00      0.00
05:50:56 PM      0.00      0.00      0.00      0.00      0.00      0.00      0.00      0.00
05:51:01 PM      0.00      0.00      0.00      0.00      0.00      0.00      0.00      0.00
05:51:06 PM      0.00      0.00      0.00      0.00      0.00      0.00      0.00      0.00
05:51:11 PM      0.00      0.00      0.00      0.00      0.00      0.00      0.00      0.00
05:51:16 PM      0.00      0.00      0.00      0.00      0.00      0.00      0.00      0.00
05:51:21 PM      0.00      0.00      0.00      0.00      0.00      0.00      0.00      0.00
05:51:26 PM      0.00      0.00      0.00      0.00      0.00      0.00      0.00      0.00
05:51:31 PM      0.00      0.00      0.00      0.00      0.00      0.00      0.00      0.00
05:51:36 PM      0.00      0.00      0.00      0.01      0.00      0.00      0.00      0.01
05:51:41 PM      0.00      0.00      0.00      0.00      0.00      0.00      0.00      0.00
05:51:46 PM      0.00      0.00      0.00      0.02      0.00      0.00      0.00      0.02
05:51:51 PM      0.00      0.00      0.00      0.00      0.00      0.00      0.00      0.00
05:51:56 PM      0.00      0.00      0.00      0.00      0.00      0.00      0.00      0.00
05:52:01 PM      0.00      0.00      0.00      0.00      0.00      0.00      0.00      0.00
05:52:06 PM      0.00      0.00      0.00      0.00      0.00      0.00      0.00      0.00
05:52:11 PM      0.00      0.00      0.00      0.00      0.00      0.00      0.00      0.00
05:52:16 PM      0.00      0.00      0.00      0.00      0.00      0.00      0.00      0.00
05:52:21 PM      0.00      0.00      0.00      0.00      0.00      0.00      0.00      0.00
05:52:26 PM      0.00      0.00      0.00      0.00      0.00      0.00      0.00      0.00
05:52:31 PM      0.00      0.00      0.00      0.00      0.00      0.00      0.00      0.00
05:52:36 PM      0.00      0.00      0.00      0.00      0.00      0.00      0.00      0.00
05:52:41 PM      0.00      0.00      0.00      0.00      0.00      0.00      0.00      0.00
05:52:46 PM      0.00      0.00      0.00      0.00      0.00      0.00      0.00      0.00
05:52:51 PM      0.00      0.00      0.00      0.00      0.00      0.00      0.00      0.00
05:52:56 PM      0.00      0.00      0.00      0.00      0.00      0.00      0.00      0.00
05:53:01 PM      0.00      0.00      0.00      0.00      0.00      0.00      0.00      0.00
05:53:06 PM      0.00      0.00      0.00      0.00      0.00      0.00      0.00      0.00
05:53:11 PM      0.00      0.00      0.00      0.00      0.00      0.00      0.00      0.00
05:53:16 PM      0.00      0.00      0.00      0.00      0.00      0.00      0.00      0.00
05:53:21 PM      0.00      0.00      0.00      0.00      0.00      0.00      0.00      0.00
05:53:26 PM      0.00      0.00      0.00      0.00      0.00      0.00      0.00      0.00
05:53:31 PM      0.00      0.00      0.00      0.00      0.00      0.00      0.00      0.00
05:53:36 PM      0.00      0.00      0.00      0.00      0.00      0.00      0.00      0.00
05:53:41 PM      0.00      0.00      0.00      0.00      0.00      0.00      0.00      0.00
05:53:46 PM      0.00      0.00      0.00      0.00      0.00      0.00      0.00      0.00
05:53:51 PM      0.00      0.00      0.00      0.00      0.00      0.00      0.00      0.00
05:53:56 PM      0.00      0.00      0.00      0.03      0.00      0.00      0.00      0.00
05:54:01 PM      0.00      0.00      0.00      0.00      0.00      0.00      0.00      0.00
05:54:06 PM      0.00      0.00      0.00      0.00      0.00      0.00      0.00      0.01
05:54:11 PM      0.00      0.00      0.00      0.02      0.00      0.00      0.00      0.00
05:54:16 PM      0.00      0.00      0.00      0.01      0.00      0.00      0.00      0.00
05:54:21 PM      0.00      0.00      0.00      0.00      0.00      0.00      0.00      0.00
05:54:26 PM      0.00      0.00      0.00      0.02      0.00      0.00      0.00      0.01
05:54:31 PM      0.00      0.00      0.00      0.00      0.00      0.00      0.00      0.00
05:54:36 PM      0.00      0.00      0.00      0.00      0.00      0.00      0.00      0.00
05:54:41 PM      0.00      0.00      0.00      0.00      0.00      0.00      0.00      0.00
05:54:46 PM      0.00      0.00      0.00      0.00      0.00      0.00      0.00      0.00
05:54:51 PM      0.00      0.00      0.00      0.00      0.00      0.00      0.00      0.00
05:54:56 PM      0.00      0.00      0.00      0.00      0.00      0.00      0.00      0.00
05:55:01 PM      0.00      0.00      0.00      0.00      0.00      0.00      0.00      0.00
05:55:06 PM      0.00      0.00      0.00      0.00      0.00      0.00      0.00      0.00
05:55:11 PM      0.00      0.00      0.00      0.00      0.00      0.00      0.00      0.00
05:55:16 PM      0.00      0.00      0.00      0.00      0.00      0.00      0.00      0.00
05:55:21 PM      0.00      0.00      0.00      0.00      0.00      0.00      0.00      0.00
05:55:26 PM      0.00      0.00      0.00      0.00      0.00      0.00      0.00      0.00
05:55:31 PM      0.00      0.00      0.00      0.00      0.00      0.00      0.00      0.00
05:55:36 PM      0.00      0.00      0.00      0.00      0.00      0.00      0.00      0.00
05:55:41 PM      0.00      0.00      0.00      0.00      0.00      0.00      0.00      0.00
05:55:46 PM      0.00      0.00      0.00      0.00      0.00      0.00      0.00      0.00
05:55:51 PM      0.00      0.00      0.00      0.00      0.00      0.00      0.00      0.00
05:55:56 PM      0.00      0.00      0.00      0.00      0.00      0.00      0.00      0.00
05:56:01 PM      0.00      0.00      0.00      0.00      0.00      0.00      0.00      0.00
05:56:06 PM      0.00      0.00      0.00      0.00      0.00      0.00      0.00      0.00
05:56:11 PM      0.00      0.00      0.00      0.00      0.00      0.00      0.00      0.00
05:56:16 PM      0.00      0.00      0.00      0.00      0.00      0.00      0.00      0.00
05:56:21 PM      0.00      0.00      0.00      0.00      0.00      0.00      0.00      0.00
05:56:26 PM      0.00      0.00      0.00      0.03      0.00      0.00      0.00      0.01
05:56:31 PM      0.00      0.00      0.00      0.00      0.00      0.00      0.00      0.00
05:56:36 PM      0.00      0.00      0.00      0.00      0.00      0.00      0.00      0.00
05:56:41 PM      0.00      0.00      0.00      0.00      0.00      0.00      0.00      0.01
05:56:46 PM      0.00      0.00      0.00      0.04      0.00      0.00      0.00      0.00
05:56:51 PM      0.00      0.00      0.00      0.00      0.00      0.00      0.00      0.00
05:56:56 PM      0.00      0.00      0.00      0.00      0.00      0.00      0.00      0.00
05:57:01 PM      0.00      0.00      0.00      0.00      0.00      0.00      0.00      0.00
05:57:06 PM      0.00      0.00      0.00      0.00      0.00      0.00      0.00      0.00
05:57:11 PM      0.00      0.00      0.00      0.00      0.00      0.00      0.00      0.00
05:57:16 PM      0.00      0.00      0.00      0.00      0.00      0.00      0.00      0.00
05:57:21 PM      0.00      0.00      0.00      0.00      0.00      0.00      0.00      0.00
05:57:26 PM      0.00      0.00      0.00      0.00      0.00      0.00      0.00      0.00
05:57:31 PM      0.00      0.00      0.00      0.00      0.00      0.00      0.00      0.00
05:57:36 PM      0.00      0.00      0.00      0.00      0.00      0.00      0.00      0.00
05:57:41 PM      0.00      0.00      0.00      0.00      0.00      0.00      0.00      0.00
05:57:46 PM      0.00      0.00      0.00      0.00      0.00      0.00      0.00      0.00
05:57:51 PM      0.00      0.00      0.00      0.00      0.00      0.00      0.00      0.00
05:57:56 PM      0.00      0.00      0.00      0.00      0.00      0.00      0.00      0.00
05:58:01 PM      0.00      0.00      0.00      0.00      0.00      0.00      0.00      0.00
05:58:06 PM      0.00      0.00      0.00      0.00      0.00      0.00      0.00      0.00
05:58:11 PM      0.00      0.00      0.00      0.00      0.00      0.00      0.00      0.00
05:58:16 PM      0.00      0.00      0.00      0.00      0.00      0.00      0.00      0.00
05:58:21 PM      0.00      0.00      0.00      0.00      0.00      0.00      0.00      0.00
05:58:26 PM      0.00      0.00      0.00      0.00      0.00      0.00      0.00      0.00
05:58:31 PM      0.00      0.00      0.00      0.00      0.00      0.00      0.00      0.00
05:58:36 PM      0.00      0.00      0.00      0.00      0.00      0.00      0.00      0.00
05:58:41 PM      0.00      0.00      0.00      0.00      0.00      0.00      0.00      0.00
05:58:46 PM      0.00      0.00      0.00      0.00      0.00      0.00      0.00      0.00
05:58:51 PM      0.00      0.00      0.00      0.00      0.00      0.00      0.00      0.00
05:58:56 PM      0.00      0.00      0.00      0.00      0.00      0.00      0.00      0.00
05:59:01 PM      0.00      0.00      0.00      0.00      0.00      0.00      0.00      0.00
05:59:06 PM      0.00      0.00      0.00      0.00      0.00      0.00      0.00      0.00
05:59:11 PM      0.00      0.00      0.00      0.00      0.00      0.00      0.00      0.00
05:59:16 PM      0.00      0.00      0.00      0.00      0.00      0.00      0.00      0.00
05:59:21 PM      0.00      0.00      0.00      0.00      0.00      0.00      0.00      0.00
05:59:26 PM      0.00      0.00      0.00      0.00      0.00      0.00      0.00      0.00
05:59:31 PM      0.00      0.00      0.00      0.00      0.00      0.00      0.00      0.00
05:59:36 PM      0.00      0.00      0.00      0.00      0.00      0.00      0.00      0.00
05:59:41 PM      0.00      0.00      0.00      0.00      0.00      0.00      0.00      0.00
05:59:46 PM      0.00      0.00      0.00      0.00      0.00      0.00      0.00      0.00
05:59:51 PM      0.00      0.00      0.00      0.00      0.00      0.00      0.00      0.00
05:59:56 PM      0.00      0.00      0.00      0.00      0.00      0.00      0.00      0.00
06:00:01 PM      0.00      0.00      0.00      0.00      0.00      0.00      0.00      0.00
06:00:06 PM      0.00      0.00      0.00      0.00      0.00      0.00      0.00      0.00
06:00:11 PM      0.00      0.00      0.00      0.00      0.00      0.00      0.00      0.00
06:00:16 PM      0.00      0.00      0.00      0.00      0.00      0.00      0.00      0.00
06:00:21 PM      0.00      0.00      0.00      0.00      0.00      0.00      0.00      0.00
06:00:26 PM      0.00      0.00      0.00      0.00      0.00      0.00      0.00      0.00
06:00:31 PM      0.00      0.00      0.00      0.00      0.00      0.00      0.00      0.00
06:00:36 PM      0.00      0.00      0.00      0.00      0.00      0.00      0.00      0.00
06:00:41 PM      0.00      0.00      0.00      0.00      0.00      0.00      0.00      0.00
06:00:46 PM      0.00      0.00      0.00      0.00      0.00      0.00      0.00      0.00
06:00:51 PM      0.00      0.00      0.00      0.00      0.00      0.00      0.00      0.00
06:00:56 PM      0.00      0.00      0.00      0.00      0.00      0.00      0.00      0.00
06:01:01 PM      0.00      0.00      0.00      0.00      0.00      0.00      0.00      0.00
06:01:06 PM      0.00      0.00      0.00      0.00      0.00      0.00      0.00      0.00
06:01:11 PM      0.00      0.00      0.00      0.00      0.00      0.00      0.00      0.00
06:01:16 PM      0.00      0.00      0.00      0.00      0.00      0.00      0.00      0.00
06:01:21 PM      0.00      0.00      0.00      0.00      0.00      0.00      0.00      0.00
06:01:26 PM      0.00      0.00      0.00      0.00      0.00      0.00      0.00      0.00
06:01:31 PM      0.00      0.00      0.00      0.04      0.00      0.00      0.00      0.01
06:01:36 PM      0.00      0.00      0.00      0.00      0.00      0.00      0.00      0.00
06:01:41 PM      0.00      0.00      0.00      0.00      0.00      0.00      0.00      0.00
06:01:46 PM      0.00      0.00      0.00      0.00      0.00      0.00      0.00      0.00
06:01:51 PM      0.00      0.00      0.00      0.00      0.00      0.00      0.00      0.00
06:01:56 PM      0.00      0.00      0.00      0.00      0.00      0.00      0.00      0.00
06:02:01 PM      0.00      0.00      0.00      0.00      0.00      0.00      0.00      0.00
06:02:06 PM      0.00      0.00      0.00      0.00      0.00      0.00      0.00      0.00
06:02:11 PM      0.00      0.00      0.00      0.00      0.00      0.00      0.00      0.00
06:02:16 PM      0.00      0.00      0.00      0.00      0.00      0.00      0.00      0.00
06:02:21 PM      0.00      0.00      0.00      0.00      0.00      0.00      0.00      0.00
06:02:26 PM      0.00      0.00      0.00      0.00      0.00      0.00      0.00      0.00
06:02:31 PM      0.00      0.00      0.00      0.00      0.00      0.00      0.00      0.00
06:02:36 PM      0.00      0.00      0.00      0.00      0.00      0.00      0.00      0.00
06:02:41 PM      0.00      0.00      0.00      0.00      0.00      0.00      0.00      0.00
06:02:46 PM      0.00      0.00      0.00      0.00      0.00      0.00      0.00      0.00
06:02:51 PM      0.00      0.00      0.00      0.00      0.00      0.00      0.00      0.00
06:02:56 PM      0.00      0.00      0.00      0.00      0.00      0.00      0.00      0.00
06:03:01 PM      0.00      0.00      0.00      0.00      0.00      0.00      0.00      0.00
06:03:06 PM      0.00      0.00      0.00      0.00      0.00      0.00      0.00      0.00
06:03:11 PM      0.00      0.00      0.00      0.00      0.00      0.00      0.00      0.00
06:03:16 PM      0.00      0.00      0.00      0.00      0.00      0.00      0.00      0.00
06:03:21 PM      0.00      0.00      0.00      0.00      0.00      0.00      0.00      0.00
06:03:26 PM      0.00      0.00      0.00      0.00      0.00      0.00      0.00      0.00
06:03:31 PM      0.00      0.00      0.00      0.00      0.00      0.00      0.00      0.00
06:03:36 PM      0.00      0.00      0.00      0.00      0.00      0.00      0.00      0.00
06:03:41 PM      0.00      0.00      0.00      0.00      0.00      0.00      0.00      0.00
06:03:46 PM      0.00      0.00      0.00      0.00      0.00      0.00      0.00      0.00
06:03:51 PM      0.00      0.00      0.00      0.00      0.00      0.00      0.00      0.00
06:03:56 PM      0.00      0.00      0.00      0.00      0.00      0.00      0.00      0.00
06:04:01 PM      0.00      0.00      0.00      0.00      0.00      0.00      0.00      0.00
06:04:06 PM      0.00      0.00      0.00      0.00      0.00      0.00      0.00      0.00
06:04:11 PM      0.00      0.00      0.00      0.00      0.00      0.00      0.00      0.00
06:04:16 PM      0.00      0.00      0.00      0.00      0.00      0.00      0.00      0.00
06:04:21 PM      0.00      0.00      0.00      0.00      0.00      0.00      0.00      0.00
06:04:26 PM      0.00      0.00      0.00      0.00      0.00      0.00      0.00      0.00
06:04:31 PM      0.00      0.00      0.00      0.00      0.00      0.00      0.00      0.00
06:04:36 PM      0.00      0.00      0.00      0.00      0.00      0.00      0.00      0.00
06:04:41 PM      0.00      0.00      0.00      0.00      0.00      0.00      0.00      0.00
06:04:46 PM      0.00      0.00      0.00      0.00      0.00      0.00      0.00      0.00
06:04:51 PM      0.00      0.00      0.00      0.00      0.00      0.00      0.00      0.00
06:04:56 PM      0.00      0.00      0.00      0.00      0.00      0.00      0.00      0.00
06:05:01 PM      0.00      0.00      0.00      0.00      0.00      0.00      0.00      0.00
06:05:06 PM      0.00      0.00      0.00      0.00      0.00      0.00      0.00      0.00
06:05:11 PM      0.00      0.00      0.00      0.00      0.00      0.00      0.00      0.00
06:05:16 PM      0.00      0.00      0.00      0.00      0.00      0.00      0.00      0.00
06:05:21 PM      0.00      0.00      0.00      0.00      0.00      0.00      0.00      0.00
06:05:26 PM      0.00      0.00      0.00      0.00      0.00      0.00      0.00      0.00
06:05:31 PM      0.00      0.00      0.00      0.00      0.00      0.00      0.00      0.00
06:05:36 PM      0.00      0.00      0.00      0.00      0.00      0.00      0.00      0.00
06:05:41 PM      0.00      0.00      0.00      0.00      0.00      0.00      0.00      0.00
06:05:46 PM      0.00      0.00      0.00      0.00      0.00      0.00      0.00      0.00
06:05:51 PM      0.00      0.00      0.00      0.00      0.00      0.00      0.00      0.00
06:05:56 PM      0.00      0.00      0.00      0.00      0.00      0.00      0.00      0.00
06:06:01 PM      0.00      0.00      0.00      0.00      0.00      0.00      0.00      0.00
06:06:06 PM      0.00      0.00      0.00      0.00      0.00      0.00      0.00      0.00
06:06:11 PM      0.00      0.00      0.00      0.00      0.00      0.00      0.00      0.00
06:06:16 PM      0.00      0.00      0.00      0.00      0.00      0.00      0.00      0.00
06:06:21 PM      0.00      0.00      0.00      0.00      0.00      0.00      0.00      0.00
06:06:26 PM      0.00      0.00      0.00      0.00      0.00      0.00      0.00      0.00
06:06:31 PM      0.00      0.00      0.00      0.04      0.00      0.00      0.00      0.02
06:06:36 PM      0.00      0.00      0.00      0.00      0.00      0.00      0.00      0.00
06:06:41 PM      0.00      0.00      0.00      0.00      0.00      0.00      0.00      0.00
06:06:46 PM      0.00      0.00      0.00      0.00      0.00      0.00      0.00      0.00
06:06:51 PM      0.00      0.00      0.00      0.00      0.00      0.00      0.00      0.00
06:06:56 PM      0.00      0.00      0.00      0.00      0.00      0.00      0.00      0.00
06:07:01 PM      0.00      0.00      0.00      0.00      0.00      0.00      0.00      0.00
06:07:06 PM      0.00      0.00      0.00      0.00      0.00      0.00      0.00      0.00
06:07:11 PM      0.00      0.00      0.00      0.00      0.00      0.00      0.00      0.00
06:07:16 PM      0.00      0.00      0.00      0.00      0.00      0.00      0.00      0.00
06:07:21 PM      0.00      0.00      0.00      0.00      0.00      0.00      0.00      0.00
06:07:26 PM      0.00      0.00      0.00      0.00      0.00      0.00      0.00      0.00
06:07:31 PM      0.00      0.00      0.00      0.00      0.00      0.00      0.00      0.00
06:07:36 PM      0.00      0.00      0.00      0.00      0.00      0.00      0.00      0.00
06:07:41 PM      0.00      0.00      0.00      0.00      0.00      0.00      0.00      0.00
06:07:46 PM      0.00      0.00      0.00      0.00      0.00      0.00      0.00      0.00
06:07:51 PM      0.00      0.00      0.00      0.00      0.00      0.00      0.00      0.00
06:07:56 PM      0.00      0.00      0.00      0.00      0.00      0.00      0.00      0.00
06:08:01 PM      0.00      0.00      0.00      0.00      0.00      0.00      0.00      0.00
06:08:06 PM      0.00      0.00      0.00      0.00      0.00      0.00      0.00      0.00
06:08:11 PM      0.00      0.00      0.00      0.00      0.00      0.00      0.00      0.00
06:08:16 PM      0.00      0.00      0.00      0.00      0.00      0.00      0.00      0.00
06:08:21 PM      0.00      0.00      0.00      0.00      0.00      0.00      0.00      0.00
06:08:26 PM      0.00      0.00      0.00      0.00      0.00      0.00      0.00      0.00
06:08:31 PM      0.00      0.00      0.00      0.00      0.00      0.00      0.00      0.00
06:08:36 PM      0.00      0.00      0.00      0.00      0.00      0.00      0.00      0.00
06:08:41 PM      0.00      0.00      0.00      0.00      0.00      0.00      0.00      0.00
06:08:46 PM      0.00      0.00      0.00      0.00      0.00      0.00      0.00      0.00
06:08:51 PM      0.00      0.00      0.00      0.00      0.00      0.00      0.00      0.00
06:08:56 PM      0.00      0.00      0.00      0.00      0.00      0.00      0.00      0.00
06:09:01 PM      0.00      0.00      0.00      0.00      0.00      0.00      0.00      0.00
06:09:06 PM      0.00      0.00      0.00      0.00      0.00      0.00      0.00      0.00
06:09:11 PM      0.00      0.00      0.00      0.00      0.00      0.00      0.00      0.00
06:09:16 PM      0.00      0.00      0.00      0.00      0.00      0.00      0.00      0.00
06:09:21 PM      0.00      0.00      0.00      0.00      0.00      0.00      0.00      0.00
06:09:26 PM      0.00      0.00      0.00      0.00      0.00      0.00      0.00      0.00
06:09:31 PM      0.00      0.00      0.00      0.00      0.00      0.00      0.00      0.00
06:09:36 PM      0.00      0.00      0.00      0.00      0.00      0.00      0.00      0.00
06:09:41 PM      0.00      0.00      0.00      0.00      0.00      0.00      0.00      0.00
06:09:46 PM      0.00      0.00      0.00      0.00      0.00      0.00      0.00      0.00
06:09:51 PM      0.00      0.00      0.00      0.00      0.00      0.00      0.00      0.00
06:09:56 PM      0.00      0.00      0.00      0.00      0.00      0.00      0.00      0.00
06:10:01 PM      0.00      0.00      0.00      0.00      0.00      0.00      0.00      0.00
06:10:06 PM      0.00      0.00      0.00      0.00      0.00      0.00      0.00      0.00
06:10:11 PM      0.00      0.00      0.00      0.00      0.00      0.00      0.00      0.00
06:10:16 PM      0.00      0.00      0.00      0.00      0.00      0.00      0.00      0.00
06:10:21 PM      0.00      0.00      0.00      0.00      0.00      0.00      0.00      0.00
06:10:26 PM      0.00      0.00      0.00      0.00      0.00      0.00      0.00      0.00
06:10:31 PM      0.00      0.00      0.00      0.00      0.00      0.00      0.00      0.00
06:10:36 PM      0.00      0.00      0.00      0.00      0.00      0.00      0.00      0.00
06:10:41 PM      0.00      0.00      0.00      0.00      0.00      0.00      0.00      0.00
06:10:46 PM      0.00      0.00      0.00      0.00      0.00      0.00      0.00      0.00
06:10:51 PM      0.00      0.00      0.00      0.00      0.00      0.00      0.00      0.00
06:10:56 PM      0.00      0.00      0.00      0.00      0.00      0.00      0.00      0.00
06:11:01 PM      0.00      0.00      0.00      0.00      0.00      0.00      0.00      0.00
06:11:06 PM      0.00      0.00      0.00      0.00      0.00      0.00      0.00      0.00
06:11:11 PM      0.00      0.00      0.00      0.00      0.00      0.00      0.00      0.00
06:11:16 PM      0.00      0.00      0.00      0.00      0.00      0.00      0.00      0.00
06:11:21 PM      0.00      0.00      0.00      0.00      0.00      0.00      0.00      0.00
06:11:26 PM      0.00      0.00      0.00      0.00      0.00      0.00      0.00      0.00
06:11:31 PM      0.00      0.00      0.00      0.03      0.00      0.00      0.00      0.02
06:11:36 PM      0.00      0.00      0.00      0.00      0.00      0.00      0.00      0.00
06:11:41 PM      0.00      0.00      0.00      0.00      0.00      0.00      0.00      0.00
06:11:46 PM      0.00      0.00      0.00      0.00      0.00      0.00      0.00      0.00
06:11:51 PM      0.00      0.00      0.00      0.00      0.00      0.00      0.00      0.00
06:11:56 PM      0.00      0.00      0.00      0.00      0.00      0.00      0.00      0.00
06:12:01 PM      0.00      0.00      0.00      0.00      0.00      0.00      0.00      0.00
06:12:06 PM      0.00      0.00      0.00      0.00      0.00      0.00      0.00      0.00
06:12:11 PM      0.00      0.00      0.00      0.00      0.00      0.00      0.00      0.00
06:12:16 PM      0.00      0.00      0.00      0.00      0.00      0.00      0.00      0.00
06:12:21 PM      0.00      0.00      0.00      0.00      0.00      0.00      0.00      0.00
06:12:26 PM      0.00      0.00      0.00      0.00      0.00      0.00      0.00      0.00
06:12:31 PM      0.00      0.00      0.00      0.00      0.00      0.00      0.00      0.00
06:12:36 PM      0.00      0.00      0.00      0.00      0.00      0.00      0.00      0.00
06:12:41 PM      0.00      0.00      0.00      0.00      0.00      0.00      0.00      0.00
06:12:46 PM      0.00      0.00      0.00      0.00      0.00      0.00      0.00      0.00
06:12:51 PM      0.00      0.00      0.00      0.00      0.00      0.00      0.00      0.00
06:12:56 PM      0.00      0.00      0.00      0.00      0.00      0.00      0.00      0.00
06:13:01 PM      0.00      0.00      0.00      0.00      0.00      0.00      0.00      0.00
06:13:06 PM      0.00      0.00      0.00      0.00      0.00      0.00      0.00      0.00
06:13:11 PM      0.00      0.00      0.00      0.00      0.00      0.00      0.00      0.00
06:13:16 PM      0.00      0.00      0.00      0.00      0.00      0.00      0.00      0.00
06:13:21 PM      0.00      0.00      0.00      0.00      0.00      0.00      0.00      0.00
06:13:26 PM      0.00      0.00      0.00      0.00      0.00      0.00      0.00      0.00
06:13:31 PM      0.00      0.00      0.00      0.00      0.00      0.00      0.00      0.00
06:13:36 PM      0.00      0.00      0.00      0.00      0.00      0.00      0.00      0.00
06:13:41 PM      0.00      0.00      0.00      0.00      0.00      0.00      0.00      0.00
06:13:46 PM      0.00      0.00      0.00      0.00      0.00      0.00      0.00      0.00
06:13:51 PM      0.00      0.00      0.00      0.00      0.00      0.00      0.00      0.00
06:13:56 PM      0.00      0.00      0.00      0.00      0.00      0.00      0.00      0.00
06:14:01 PM      0.00      0.00      0.00      0.00      0.00      0.00      0.00      0.00
06:14:06 PM      0.00      0.00      0.00      0.00      0.00      0.00      0.00      0.00
06:14:11 PM      0.00      0.00      0.00      0.00      0.00      0.00      0.00      0.00
06:14:16 PM      0.00      0.00      0.00      0.00      0.00      0.00      0.00      0.00
06:14:21 PM      0.00      0.00      0.00      0.00      0.00      0.00      0.00      0.00
06:14:26 PM      0.00      0.00      0.00      0.00      0.00      0.00      0.00      0.00
06:14:31 PM      0.00      0.00      0.00      0.00      0.00      0.00      0.00      0.00
06:14:36 PM      0.00      0.00      0.00      0.00      0.00      0.00      0.00      0.00
06:14:41 PM      0.00      0.00      0.00      0.00      0.00      0.00      0.00      0.00
06:14:46 PM      0.00      0.00      0.00      0.00      0.00      0.00      0.00      0.00
06:14:51 PM      0.00      0.00      0.00      0.00      0.00      0.00      0.00      0.00
06:14:56 PM      0.00      0.00      0.00      0.00      0.00      0.00      0.00      0.00
06:15:01 PM      0.00      0.00      0.00      0.00      0.00      0.00      0.00      0.00
06:15:06 PM      0.00      0.00      0.00      0.00      0.00      0.00      0.00      0.00
06:15:11 PM      0.00      0.00      0.00      0.00      0.00      0.00      0.00      0.00
06:15:16 PM      0.00      0.00      0.00      0.00      0.00      0.00      0.00      0.00
06:15:21 PM      0.00      0.00      0.00      0.00      0.00      0.00      0.00      0.00
06:15:26 PM      0.00      0.00      0.00      0.00      0.00      0.00      0.00      0.00
06:15:31 PM      0.00      0.00      0.00      0.00      0.00      0.00      0.00      0.00
06:15:36 PM      0.00      0.00      0.00      0.00      0.00      0.00      0.00      0.00
06:15:41 PM      0.00      0.00      0.00      0.00      0.00      0.00      0.00      0.00
06:15:46 PM      0.00      0.00      0.00      0.00      0.00      0.00      0.00      0.00
06:15:51 PM      0.00      0.00      0.00      0.00      0.00      0.00      0.00      0.00
06:15:56 PM      0.00      0.00      0.00      0.00      0.00      0.00      0.00      0.00
06:16:01 PM      0.00      0.00      0.00      0.00      0.00      0.00      0.00      0.00
06:16:06 PM      0.00      0.00      0.00      0.00      0.00      0.00      0.00      0.00
06:16:11 PM      0.00      0.00      0.00      0.00      0.00      0.00      0.00      0.00
06:16:16 PM      0.00      0.00      0.00      0.00      0.00      0.00      0.00      0.00
06:16:21 PM      0.00      0.00      0.00      0.00      0.00      0.00      0.00      0.00
06:16:26 PM      0.00      0.00      0.00      0.00      0.00      0.00      0.00      0.00
06:16:31 PM      0.00      0.00      0.00      0.00      0.00      0.00      0.00      0.00
06:16:36 PM      0.00      0.00      0.00      0.00      0.00      0.00      0.00      0.00
06:16:41 PM      0.00      0.00      0.00      0.00      0.00      0.00      0.00      0.00
06:16:46 PM      0.00      0.00      0.00      0.00      0.00      0.00      0.00      0.00
06:16:51 PM      0.00      0.00      0.00      0.00      0.00      0.00      0.00      0.00
06:16:56 PM      0.00      0.00      0.00      0.00      0.00      0.00      0.00      0.00
06:17:01 PM      0.00      0.00      0.00      0.00      0.00      0.00      0.00      0.00
06:17:06 PM      0.00      0.00      0.00      0.00      0.00      0.00      0.00      0.00
06:17:11 PM      0.00      0.00      0.00      0.00      0.00      0.00      0.00      0.00
06:17:16 PM      0.00      0.00      0.00      0.00      0.00      0.00      0.00      0.00
06:17:21 PM      0.00      0.00      0.00      0.00      0.00      0.00      0.00      0.00
06:17:26 PM      0.00      0.00      0.00      0.00      0.00      0.00      0.00      0.00
06:17:31 PM      0.00      0.00      0.00      0.00      0.00      0.00      0.00      0.00
06:17:36 PM      0.00      0.00      0.00      0.00      0.00      0.00      0.00      0.00
06:17:41 PM      0.00      0.00      0.00      0.00      0.00      0.00      0.00      0.00
06:17:46 PM      0.00      0.00      0.00      0.00      0.00      0.00      0.00      0.00
06:17:51 PM      0.00      0.00      0.00      0.00      0.00      0.00      0.00      0.00
06:17:56 PM      0.00      0.00      0.00      0.00      0.00      0.00      0.00      0.00
06:18:01 PM      0.00      0.00      0.00      0.00      0.00      0.00      0.00      0.00
06:18:06 PM      0.00      0.00      0.00      0.00      0.00      0.00      0.00      0.00
06:18:11 PM      0.00      0.00      0.00      0.00      0.00      0.00      0.00      0.00
06:18:16 PM      0.00      0.00      0.00      0.00      0.00      0.00      0.00      0.00
06:18:21 PM      0.00      0.00      0.00      0.00      0.00      0.00      0.00      0.00
06:18:26 PM      0.00      0.00      0.00      0.00      0.00      0.00      0.00      0.00
06:18:31 PM      0.00      0.00      0.00      0.00      0.00      0.00      0.00      0.00
06:18:36 PM      0.00      0.00      0.00      0.00      0.00      0.00      0.00      0.00
06:18:41 PM      0.00      0.00      0.00      0.00      0.00      0.00      0.00      0.00
06:18:46 PM      0.00      0.00      0.00      0.00      0.00      0.00      0.00      0.00
06:18:51 PM      0.00      0.00      0.00      0.00      0.00      0.00      0.00      0.00
06:18:56 PM      0.00      0.00      0.00      0.00      0.00      0.00      0.00      0.00
06:19:01 PM      0.00      0.00      0.00      0.00      0.00      0.00      0.00      0.00
06:19:06 PM      0.00      0.00      0.00      0.00      0.00      0.00      0.00      0.00
06:19:11 PM      0.00      0.00      0.00      0.00      0.00      0.00      0.00      0.00
06:19:16 PM      0.00      0.00      0.00      0.00      0.00      0.00      0.00      0.00
06:19:21 PM      0.00      0.00      0.00      0.00      0.00      0.00      0.00      0.00
06:19:26 PM      0.00      0.00      0.00      0.00      0.00      0.00      0.00      0.00
06:19:31 PM      0.00      0.00      0.00      0.00      0.00      0.00      0.00      0.00
06:19:36 PM      0.00      0.00      0.00      0.00      0.00      0.00      0.00      0.00
06:19:41 PM      0.00      0.00      0.00      0.00      0.00      0.00      0.00      0.00
06:19:46 PM      0.00      0.00      0.00      0.00      0.00      0.00      0.00      0.00
06:19:51 PM      0.00      0.00      0.00      0.00      0.00      0.00      0.00      0.00
06:19:56 PM      0.00      0.00      0.00      0.00      0.00      0.00      0.00      0.00
06:20:01 PM      0.00      0.00      0.00      0.00      0.00      0.00      0.00      0.00
06:20:06 PM      0.00      0.00      0.00      0.00      0.00      0.00      0.00      0.00
06:20:11 PM      0.00      0.00      0.00      0.00      0.00      0.00      0.00      0.00
06:20:16 PM      0.00      0.00      0.00      0.00      0.00      0.00      0.00      0.00
06:20:21 PM      0.00      0.00      0.00      0.00      0.00      0.00      0.00      0.00
06:20:26 PM      0.00      0.00      0.00      0.00      0.00      0.00      0.00      0.00
06:20:31 PM      0.00      0.00      0.00      0.00      0.00      0.00      0.00      0.00
06:20:36 PM      0.00      0.00      0.00      0.00      0.00      0.00      0.00      0.00
06:20:41 PM      0.00      0.00      0.00      0.00      0.00      0.00      0.00      0.00
06:20:46 PM      0.00      0.00      0.00      0.00      0.00      0.00      0.00      0.00
06:20:51 PM      0.00      0.00      0.00      0.00      0.00      0.00      0.00      0.00
06:20:56 PM      0.00      0.00      0.00      0.00      0.00      0.00      0.00      0.00
06:21:01 PM      0.00      0.00      0.00      0.00      0.00      0.00      0.00      0.00
06:21:06 PM      0.00      0.00      0.00      0.00      0.00      0.00      0.00      0.00
06:21:11 PM      0.00      0.00      0.00      0.00      0.00      0.00      0.00      0.00
06:21:16 PM      0.00      0.00      0.00      0.00      0.00      0.00      0.00      0.00
06:21:21 PM      0.00      0.00      0.00      0.00      0.00      0.00      0.00      0.00
06:21:26 PM      0.00      0.00      0.00      0.00      0.00      0.00      0.00      0.00
06:21:31 PM      0.00      0.00      0.00      0.00      0.00      0.00      0.00      0.00
06:21:36 PM      0.00      0.00      0.00      0.00      0.00      0.00      0.00      0.00
06:21:41 PM      0.00      0.00      0.00      0.00      0.00      0.00      0.00      0.00
06:21:46 PM      0.00      0.00      0.00      0.00      0.00      0.00      0.00      0.00
06:21:51 PM      0.00      0.00      0.00      0.00      0.00      0.00      0.00      0.00
06:21:56 PM      0.00      0.00      0.00      0.00      0.00      0.00      0.00      0.00
06:22:01 PM      0.00      0.00      0.00      0.00      0.00      0.00      0.00      0.00
06:22:06 PM      0.00      0.00      0.00      0.00      0.00      0.00      0.00      0.00
06:22:11 PM      0.00      0.00      0.00      0.00      0.00      0.00      0.00      0.00
06:22:16 PM      0.00      0.00      0.00      0.00      0.00      0.00      0.00      0.00
06:22:21 PM      0.00      0.00      0.00      0.00      0.00      0.00      0.00      0.00
06:22:26 PM      0.00      0.00      0.00      0.00      0.00      0.00      0.00      0.00
06:22:31 PM      0.00      0.00      0.00      0.00      0.00      0.00      0.00      0.00
06:22:36 PM      0.00      0.00      0.00      0.00      0.00      0.00      0.00      0.00
06:22:41 PM      0.00      0.00      0.00      0.00      0.00      0.00      0.00      0.00
06:22:46 PM      0.00      0.00      0.00      0.00      0.00      0.00      0.00      0.00
06:22:51 PM      0.00      0.00      0.00      0.00      0.00      0.00      0.00      0.00
06:22:56 PM      0.00      0.00      0.00      0.00      0.00      0.00      0.00      0.00
06:23:01 PM      0.00      0.00      0.00      0.00      0.00      0.00      0.00      0.00
06:23:06 PM      0.00      0.00      0.00      0.00      0.00      0.00      0.00      0.00
06:23:11 PM      0.00      0.00      0.00      0.00      0.00      0.00      0.00      0.00
06:23:16 PM      0.00      0.00      0.00      0.00      0.00      0.00      0.00      0.00
06:23:21 PM      0.00      0.00      0.00      0.00      0.00      0.00      0.00      0.00
06:23:26 PM      0.00      0.00      0.00      0.00      0.00      0.00      0.00      0.00
06:23:31 PM      0.00      0.00      0.00      0.00      0.00      0.00      0.00      0.00
06:23:36 PM      0.00      0.00      0.00      0.00      0.00      0.00      0.00      0.00
06:23:41 PM      0.00      0.00      0.00      0.00      0.00      0.00      0.00      0.00
06:23:46 PM      0.00      0.00      0.00      0.00      0.00      0.00      0.00      0.00
06:23:51 PM      0.00      0.00      0.00      0.00      0.00      0.00      0.00      0.00
06:23:56 PM      0.00      0.00      0.00      0.00      0.00      0.00      0.00      0.00
06:24:01 PM      0.00      0.00      0.00      0.00      0.00      0.00      0.00      0.00
06:24:06 PM      0.00      0.00      0.00      0.00      0.00      0.00      0.00      0.00
06:24:11 PM      0.00      0.00      0.00      0.00      0.00      0.00      0.00      0.00
06:24:16 PM      0.00      0.00      0.00      0.00      0.00      0.00      0.00      0.00
06:24:21 PM      0.00      0.00      0.00      0.00      0.00      0.00      0.00      0.00
06:24:26 PM      0.00      0.00      0.00      0.00      0.00      0.00      0.00      0.00
06:24:31 PM      0.00      0.00      0.00      0.00      0.00      0.00      0.00      0.00
06:24:36 PM      0.00      0.00      0.00      0.00      0.00      0.00      0.00      0.00
06:24:41 PM      0.00      0.00      0.00      0.00      0.00      0.00      0.00      0.00
06:24:46 PM      0.00      0.00      0.00      0.00      0.00      0.00      0.00      0.00
06:24:51 PM      0.00      0.00      0.00      0.00      0.00      0.00      0.00      0.00
06:24:56 PM      0.00      0.00      0.00      0.00      0.00      0.00      0.00      0.00
06:25:01 PM      0.00      0.00      0.00      0.00      0.00      0.00      0.00      0.00
06:25:06 PM      0.00      0.00      0.00      0.00      0.00      0.00      0.00      0.00
06:25:11 PM      0.00      0.00      0.00      0.00      0.00      0.00      0.00      0.00
06:25:16 PM      0.00      0.00      0.00      0.00      0.00      0.00      0.00      0.00
06:25:21 PM      0.00      0.00      0.00      0.00      0.00      0.00      0.00      0.00
06:25:26 PM      0.00      0.00      0.00      0.00      0.00      0.00      0.00      0.00
06:25:31 PM      0.00      0.00      0.00      0.00      0.00      0.00      0.00      0.00
06:25:36 PM      0.00      0.00      0.00      0.00      0.00      0.00      0.00      0.00
06:25:41 PM      0.00      0.00      0.00      0.00      0.00      0.00      0.00      0.00
06:25:46 PM      0.00      0.00      0.00      0.00      0.00      0.00      0.00      0.00
06:25:51 PM      0.00      0.00      0.00      0.00      0.00      0.00      0.00      0.00
06:25:56 PM      0.00      0.00      0.00      0.00      0.00      0.00      0.00      0.00
06:26:01 PM      0.00      0.00      0.00      0.00      0.00      0.00      0.00      0.00
06:26:06 PM      0.00      0.00      0.00      0.00      0.00      0.00      0.00      0.00
06:26:11 PM      0.00      0.00      0.00      0.00      0.00      0.00      0.00      0.00
06:26:16 PM      0.00      0.00      0.00      0.00      0.00      0.00      0.00      0.00
06:26:21 PM      0.00      0.00      0.00      0.00      0.00      0.00      0.00      0.00
06:26:26 PM      0.00      0.00      0.00      0.00      0.00      0.00      0.00      0.00
06:26:31 PM      0.00      0.00      0.00      0.00      0.00      0.00      0.00      0.00
06:26:36 PM      0.00      0.00      0.00      0.00      0.00      0.00      0.00      0.00
06:26:41 PM      0.00      0.00      0.00      0.00      0.00      0.00      0.00      0.00
06:26:46 PM      0.00      0.00      0.00      0.00      0.00      0.00      0.00      0.00
06:26:51 PM      0.00      0.00      0.00      0.00      0.00      0.00      0.00      0.00
06:26:56 PM      0.00      0.00      0.00      0.00      0.00      0.00      0.00      0.00
06:27:01 PM      0.00      0.00      0.00      0.00      0.00      0.00      0.00      0.00
06:27:06 PM      0.00      0.00      0.00      0.00      0.00      0.00      0.00      0.00
06:27:11 PM      0.00      0.00      0.00      0.00      0.00      0.00      0.00      0.00
06:27:16 PM      0.00      0.00      0.00      0.00      0.00      0.00      0.00      0.00
06:27:21 PM      0.00      0.00      0.00      0.00      0.00      0.00      0.00      0.00
06:27:26 PM      0.00      0.00      0.00      0.00      0.00      0.00      0.00      0.00
06:27:31 PM      0.00      0.00      0.00      0.00      0.00      0.00      0.00      0.00
06:27:36 PM      0.00      0.00      0.00      0.00      0.00      0.00      0.00      0.00
06:27:41 PM      0.00      0.00      0.00      0.00      0.00      0.00      0.00      0.00
06:27:46 PM      0.00      0.00      0.00      0.00      0.00      0.00      0.00      0.00
06:27:51 PM      0.00      0.00      0.00      0.00      0.00      0.00      0.00      0.00
06:27:56 PM      0.00      0.00      0.00      0.00      0.00      0.00      0.00      0.00
06:28:01 PM      0.00      0.00      0.00      0.00      0.00      0.00      0.00      0.00
06:28:06 PM      0.00      0.00      0.00      0.00      0.00      0.00      0.00      0.00
06:28:11 PM      0.00      0.00      0.00      0.00      0.00      0.00      0.00      0.00
06:28:16 PM      0.00      0.00      0.00      0.00      0.00      0.00      0.00      0.00
06:28:21 PM      0.00      0.00      0.00      0.00      0.00      0.00      0.00      0.00
06:28:26 PM      0.00      0.00      0.00      0.00      0.00      0.00      0.00      0.00
06:28:31 PM      0.00      0.00      0.00      0.00      0.00      0.00      0.00      0.00
06:28:36 PM      0.00      0.00      0.00      0.00      0.00      0.00      0.00      0.00
06:28:41 PM      0.00      0.00      0.00      0.00      0.00      0.00      0.00      0.00
06:28:46 PM      0.00      0.00      0.00      0.00      0.00      0.00      0.00      0.00
06:28:51 PM      0.00      0.00      0.00      0.00      0.00      0.00      0.00      0.00
06:28:56 PM      0.00      0.00      0.00      0.00      0.00      0.00      0.00      0.00
06:29:01 PM      0.00      0.00      0.00      0.00      0.00      0.00      0.00      0.00
06:29:06 PM      0.00      0.00      0.00      0.00      0.00      0.00      0.00      0.00
06:29:11 PM      0.00      0.00      0.00      0.00      0.00      0.00      0.00      0.00
06:29:16 PM      0.00      0.00      0.00      0.00      0.00      0.00      0.00      0.00
06:29:21 PM      0.00      0.00      0.00      0.00      0.00      0.00      0.00      0.00
06:29:26 PM      0.00      0.00      0.00      0.00      0.00      0.00      0.00      0.00
06:29:31 PM      0.00      0.00      0.00      0.00      0.00      0.00      0.00      0.00
06:29:36 PM      0.00      0.00      0.00      0.00      0.00      0.00      0.00      0.00
06:29:41 PM      0.00      0.00      0.00      0.00      0.00      0.00      0.00      0.00
06:29:46 PM      0.00      0.00      0.00      0.00      0.00      0.00      0.00      0.00
06:29:51 PM      0.00      0.00      0.00      0.00      0.00      0.00      0.00      0.00
06:29:56 PM      0.00      0.00      0.00      0.00      0.00      0.00      0.00      0.00
06:30:01 PM      0.00      0.00      0.00      0.00      0.00      0.00      0.00      0.00
06:30:06 PM      0.00      0.00      0.00      0.00      0.00      0.00      0.00      0.00
06:30:11 PM      0.00      0.00      0.00      0.00      0.00      0.00      0.00      0.00
06:30:16 PM      0.00      0.00      0.00      0.00      0.00      0.00      0.00      0.00
06:30:21 PM      0.00      0.00      0.00      0.00      0.00      0.00      0.00      0.00
06:30:26 PM      0.00      0.00      0.00      0.00      0.00      0.00      0.00      0.00
06:30:31 PM      0.00      0.00      0.00      0.00      0.00      0.00      0.00      0.00
06:30:36 PM      0.00      0.00      0.00      0.00      0.00      0.00      0.00      0.00
06:30:41 PM      0.00      0.00      0.00      0.00      0.00      0.00      0.00      0.00
06:30:46 PM      0.00      0.00      0.00      0.00      0.00      0.00      0.00      0.00
06:30:51 PM      0.00      0.00      0.00      0.00      0.00      0.00      0.00      0.00
06:30:56 PM      0.00      0.00      0.00      0.00      0.00      0.00      0.00      0.00
06:31:01 PM      0.00      0.00      0.00      0.00      0.00      0.00      0.00      0.00
06:31:06 PM      0.00      0.00      0.00      0.00      0.00      0.00      0.00      0.00
06:31:11 PM      0.00      0.00      0.00      0.00      0.00      0.00      0.00      0.00
06:31:16 PM      0.00      0.00      0.00      0.00      0.00      0.00      0.00      0.00
06:31:21 PM      0.00      0.00      0.00      0.00      0.00      0.00      0.00      0.00
06:31:26 PM      0.00      0.00      0.00      0.00      0.00      0.00      0.00      0.00
06:31:31 PM      0.00      0.00      0.00      0.00      0.00      0.00      0.00      0.00
06:31:36 PM      0.00      0.00      0.00      0.00      0.00      0.00      0.00      0.00
06:31:41 PM      0.00      0.00      0.00      0.00      0.00      0.00      0.00      0.00
06:31:46 PM      0.00      0.00      0.00      0.00      0.00      0.00      0.00      0.00
06:31:51 PM      0.00      0.00      0.00      0.00      0.00      0.00      0.00      0.00
06:31:56 PM      0.00      0.00      0.00      0.00      0.00      0.00      0.00      0.00
06:32:01 PM      0.00      0.00      0.00      0.00      0.00      0.00      0.00      0.00
06:32:06 PM      0.00      0.00      0.00      0.00      0.00      0.00      0.00      0.00
06:32:11 PM      0.00      0.00      0.00      0.00      0.00      0.00      0.00      0.00
06:32:16 PM      0.00      0.00      0.00      0.00      0.00      0.00      0.00      0.00
06:32:21 PM      0.00      0.00      0.00      0.00      0.00      0.00      0.00      0.00
06:32:26 PM      0.00      0.00      0.00      0.00      0.00      0.00      0.00      0.00
06:32:31 PM      0.00      0.00      0.00      0.00      0.00      0.00      0.00      0.00
06:32:36 PM      0.00      0.00      0.00      0.00      0.00      0.00      0.00      0.00
06:32:41 PM      0.00      0.00      0.00      0.00      0.00      0.00      0.00      0.00
06:32:46 PM      0.00      0.00      0.00      0.00      0.00      0.00      0.00      0.00
06:32:51 PM      0.00      0.00      0.00      0.00      0.00      0.00      0.00      0.00
06:32:56 PM      0.00      0.00      0.00      0.00      0.00      0.00      0.00      0.00
06:33:01 PM      0.00      0.00      0.00      0.00      0.00      0.00      0.00      0.00
06:33:06 PM      0.00      0.00      0.00      0.00      0.00      0.00      0.00      0.00
06:33:11 PM      0.00      0.00      0.00      0.00      0.00      0.00      0.00      0.00
06:33:16 PM      0.00      0.00      0.00      0.00      0.00      0.00      0.00      0.00
06:33:21 PM      0.00      0.00      0.00      0.00      0.00      0.00      0.00      0.00
06:33:26 PM      0.00      0.00      0.00      0.00      0.00      0.00      0.00      0.00
06:33:31 PM      0.00      0.00      0.00      0.00      0.00      0.00      0.00      0.00
06:33:36 PM      0.00      0.00      0.00      0.00      0.00      0.00      0.00      0.00
06:33:41 PM      0.00      0.00      0.00      0.00      0.00      0.00      0.00      0.00
06:33:46 PM      0.00      0.00      0.00      0.00      0.00      0.00      0.00      0.00
06:33:51 PM      0.00      0.00      0.00      0.00      0.00      0.00      0.00      0.00
06:33:56 PM      0.00      0.00      0.00      0.00      0.00      0.00      0.00      0.00
06:34:01 PM      0.00      0.00      0.00      0.00      0.00      0.00      0.00      0.00
06:34:06 PM      0.00      0.00      0.00      0.00      0.00      0.00      0.00      0.00
06:34:11 PM      0.00      0.00      0.00      0.00      0.00      0.00      0.00      0.00
06:34:16 PM      0.00      0.00      0.00      0.00      0.00      0.00      0.00      0.00
06:34:21 PM      0.00      0.00      0.00      0.00      0.00      0.00      0.00      0.00
06:34:26 PM      0.00      0.00      0.00      0.00      0.00      0.00      0.00      0.00
06:34:31 PM      0.00      0.00      0.00      0.00      0.00      0.00      0.00      0.00
06:34:36 PM      0.00      0.00      0.00      0.00      0.00      0.00      0.00      0.00
06:34:41 PM      0.00      0.00      0.00      0.00      0.00      0.00      0.00      0.00
06:34:46 PM      0.00      0.00      0.00      0.00      0.00      0.00      0.00      0.00
06:34:51 PM      0.00      0.00      0.00      0.00      0.00      0.00      0.00      0.00
06:34:56 PM      0.00      0.00      0.00      0.00      0.00      0.00      0.00      0.00
06:35:01 PM      0.00      0.00      0.00      0.00      0.00      0.00      0.00      0.00
06:35:06 PM      0.00      0.00      0.00      0.00      0.00      0.00      0.00      0.00
06:35:11 PM      0.00      0.00      0.00      0.00      0.00      0.00      0.00      0.00
06:35:16 PM      0.00      0.00      0.00      0.00      0.00      0.00      0.00      0.00
06:35:21 PM      0.00      0.00      0.00      0.00      0.00      0.00      0.00      0.00
06:35:26 PM      0.00      0.00      0.00      0.00      0.00      0.00      0.00      0.00
06:35:31 PM      0.00      0.00      0.00      0.00      0.00      0.00      0.00      0.00
06:35:36 PM      0.00      0.00      0.00      0.00      0.00      0.00      0.00      0.00
06:35:41 PM      0.00      0.00      0.00      0.00      0.00      0.00      0.00      0.00
06:35:46 PM      0.00      0.00      0.00      0.00      0.00      0.00      0.00      0.00
06:35:51 PM      0.00      0.00      0.00      0.00      0.00      0.00      0.00      0.00
06:35:56 PM      0.00      0.00      0.00      0.00      0.00      0.00      0.00      0.00
06:36:01 PM      0.00      0.00      0.00      0.00      0.00      0.00      0.00      0.00
06:36:06 PM      0.00      0.00      0.00      0.00      0.00      0.00      0.00      0.00
06:36:11 PM      0.00      0.00      0.00      0.00      0.00      0.00      0.00      0.00
06:36:16 PM      0.00      0.00      0.00      0.00      0.00      0.00      0.00      0.00
06:36:21 PM      0.00      0.00      0.00      0.00      0.00      0.00      0.00      0.00
06:36:26 PM      0.00      0.00      0.00      0.00      0.00      0.00      0.00      0.00
06:36:31 PM      0.00      0.00      0.00      0.00      0.00      0.00      0.00      0.00
06:36:36 PM      0.00      0.00      0.00      0.00      0.00      0.00      0.00      0.00
06:36:41 PM      0.00      0.00      0.00      0.00      0.00      0.00      0.00      0.00
06:36:46 PM      0.00      0.00      0.00      0.00      0.00      0.00      0.00      0.00
06:36:51 PM      7.20      1.67      0.36     22.10      7.20      1.67      0.36     22.08
06:36:56 PM      6.01      1.82      0.41      3.44      6.01      1.82      0.41      3.44
06:37:01 PM      4.02      1.77      0.43      2.02      4.02      1.77      0.43      2.02
06:37:06 PM      2.69      1.66      0.42      0.00      2.69      1.66      0.42      0.00
06:37:11 PM      1.48      1.50      0.41      0.00      1.48      1.50      0.41      0.00
06:37:16 PM      2.18      1.66      0.46      3.42      2.18      1.66      0.46      3.42
06:37:21 PM      1.19      1.50      0.45      0.00      1.19      1.50      0.45      0.00
06:37:26 PM      0.80      1.40      0.44      0.00      0.80      1.40      0.44      0.00
06:37:31 PM      0.43      1.27      0.43      0.00      0.43      1.27      0.43      0.00
06:37:36 PM      0.29      1.18      0.43      0.00      0.29      1.18      0.43      0.00
06:37:41 PM      0.16      1.07      0.42      0.00      0.16      1.07      0.42      0.00
06:37:46 PM      0.10      1.00      0.41      0.00      0.10      1.00      0.41      0.00
06:37:51 PM      0.05      0.90      0.40      0.00      0.05      0.90      0.40      0.00
06:37:56 PM      0.03      0.85      0.40      0.00      0.03      0.85      0.40      0.00
06:38:01 PM      0.02      0.76      0.39      0.00      0.02      0.76      0.39      0.00
06:38:06 PM      1.28      0.94      0.43      3.00      1.28      0.94      0.43      2.96
06:38:11 PM      6.57      2.19      0.71     17.31      6.57      2.19      0.71     17.29
06:38:16 PM      4.40      2.05      0.70      0.00      4.40      2.05      0.70      0.00
06:38:21 PM      2.41      1.86      0.69      0.00      2.41      1.86      0.69      0.00
06:38:26 PM      1.62      1.74      0.68      0.00      1.62      1.74      0.68      0.00
06:38:31 PM      0.88      1.57      0.66      0.00      0.88      1.57      0.66      0.00
06:38:36 PM      0.59      1.47      0.65      0.00      0.59      1.47      0.65      0.00
06:38:41 PM      0.32      1.33      0.64      0.00      0.32      1.33      0.64      0.00
06:38:46 PM      0.21      1.24      0.63      0.00      0.21      1.24      0.63      0.00
06:38:51 PM      0.11      1.12      0.62      0.00      0.11      1.12      0.62      0.00
06:38:56 PM      0.07      1.05      0.61      0.00      0.07      1.05      0.61      0.00
06:39:01 PM      0.04      0.95      0.60      0.00      0.04      0.95      0.60      0.00
06:39:06 PM      0.02      0.89      0.59      0.00      0.02      0.89      0.59      0.00
06:39:11 PM      0.01      0.80      0.57      0.00      0.01      0.80      0.57      0.00
06:39:16 PM      0.00      0.75      0.56      0.00      0.00      0.75      0.56      0.00
06:39:21 PM      0.00      0.68      0.55      0.00      0.00      0.68      0.55      0.00
06:39:26 PM      0.00      0.63      0.54      0.00      0.00      0.63      0.54      0.00
06:39:31 PM      0.00      0.57      0.53      0.00      0.00      0.57      0.53      0.00
06:39:36 PM      0.00      0.53      0.53      0.00      0.00      0.53      0.53      0.00
06:39:41 PM      0.00      0.48      0.51      0.00      0.00      0.48      0.51      0.00
06:39:46 PM      0.00      0.45      0.51      0.00      0.00      0.45      0.51      0.00
06:39:51 PM      0.00      0.41      0.49      0.01      0.00      0.41      0.49      0.01
06:39:56 PM      0.00      0.38      0.49      0.00      0.00      0.38      0.49      0.00
06:40:01 PM      0.00      0.35      0.48      0.02      0.00      0.35      0.48      0.02
06:40:06 PM      0.00      0.32      0.47      0.00      0.00      0.32      0.47      0.00
06:40:11 PM      0.00      0.30      0.46      0.00      0.00      0.30      0.46      0.00
06:40:16 PM      0.00      0.27      0.45      0.00      0.00      0.27      0.45      0.00
06:40:21 PM      0.00      0.25      0.45      0.01      0.00      0.25      0.45      0.01
06:40:26 PM      0.44      0.32      0.46      1.44      0.44      0.32      0.46      1.43
06:40:31 PM      0.29      0.30      0.45      0.00      0.29      0.30      0.45      0.00
06:40:36 PM      0.16      0.27      0.44      0.00      0.16      0.27      0.44      0.00
06:40:41 PM      0.10      0.25      0.43      0.00      0.10      0.25      0.43      0.00
06:40:46 PM      0.05      0.23      0.42      0.00      0.05      0.23      0.42      0.00
06:40:51 PM      0.03      0.21      0.42      0.00      0.03      0.21      0.42      0.00
06:40:56 PM      0.02      0.19      0.41      0.00      0.02      0.19      0.41      0.00
06:41:01 PM      0.01      0.18      0.40      0.00      0.01      0.18      0.40      0.00
06:41:06 PM      0.00      0.16      0.39      0.00      0.00      0.16      0.39      0.00
06:41:11 PM      0.00      0.15      0.39      0.00      0.00      0.15      0.39      0.00
06:41:16 PM      0.00      0.13      0.38      0.00      0.00      0.13      0.38      0.00
06:41:21 PM      0.00      0.12      0.37      0.00      0.00      0.12      0.37      0.00
06:41:26 PM      0.00      0.11      0.36      0.00      0.00      0.11      0.36      0.00
06:41:31 PM      0.00      0.10      0.36      0.00      0.00      0.10      0.36      0.00
06:41:36 PM      0.00      0.09      0.35      0.00      0.00      0.09      0.35      0.00
06:41:41 PM      0.00      0.08      0.34      0.00      0.00      0.08      0.34      0.00
06:41:46 PM      0.00      0.08      0.34      0.00      0.00      0.08      0.34      0.00
06:41:51 PM      0.00      0.07      0.33      0.00      0.00      0.07      0.33      0.00
06:41:56 PM      0.00      0.06      0.33      0.00      0.00      0.06      0.33      0.00
06:42:01 PM      0.00      0.06      0.32      0.00      0.00      0.06      0.32      0.00
06:42:06 PM      0.00      0.05      0.31      0.00      0.00      0.05      0.31      0.00
06:42:11 PM      0.00      0.05      0.31      0.00      0.00      0.05      0.31      0.00
06:42:16 PM      0.00      0.04      0.30      0.00      0.00      0.04      0.30      0.00
06:42:21 PM      0.00      0.04      0.30      0.00      0.00      0.04      0.30      0.00
06:42:26 PM      0.00      0.03      0.29      0.00      0.00      0.03      0.29      0.00
06:42:31 PM      0.00      0.03      0.28      0.00      0.00      0.03      0.28      0.00
06:42:36 PM      1.08      0.22      0.32      2.55      1.08      0.22      0.32      2.55
06:42:41 PM      0.72      0.21      0.31      0.00      0.72      0.21      0.31      0.00
06:42:46 PM      0.39      0.19      0.31      0.00      0.39      0.19      0.31      0.00
06:42:51 PM      0.26      0.17      0.30      0.00      0.26      0.17      0.30      0.00
06:42:56 PM      0.14      0.16      0.29      0.00      0.14      0.16      0.29      0.00
06:43:01 PM      0.09      0.15      0.29      0.00      0.09      0.15      0.29      0.00
06:43:06 PM      0.05      0.13      0.28      0.00      0.05      0.13      0.28      0.00
06:43:11 PM      0.03      0.12      0.28      0.00      0.03      0.12      0.28      0.00
06:43:16 PM      0.01      0.11      0.27      0.00      0.01      0.11      0.27      0.00
06:43:21 PM      0.01      0.10      0.27      0.00      0.01      0.10      0.27      0.00
06:43:26 PM      0.00      0.09      0.26      0.00      0.00      0.09      0.26      0.00
06:43:31 PM      0.00      0.08      0.26      0.00      0.00      0.08      0.26      0.00
06:43:36 PM      0.00      0.07      0.25      0.00      0.00      0.07      0.25      0.00
06:43:41 PM      0.00      0.07      0.25      0.00      0.00      0.07      0.25      0.00
06:43:46 PM      0.00      0.06      0.24      0.00      0.00      0.06      0.24      0.00
06:43:51 PM      0.00      0.06      0.24      0.00      0.00      0.06      0.24      0.00
06:43:56 PM      0.00      0.05      0.23      0.00      0.00      0.05      0.23      0.00
06:44:01 PM      0.00      0.05      0.23      0.00      0.00      0.05      0.23      0.00
06:44:06 PM      0.00      0.04      0.22      0.00      0.00      0.04      0.22      0.00
06:44:11 PM      1.26      0.27      0.27      3.08      1.26      0.27      0.27      3.08
06:44:16 PM      0.69      0.24      0.26      0.00      0.69      0.24      0.26      0.00
06:44:21 PM      0.46      0.22      0.26      0.00      0.46      0.22      0.26      0.00
06:44:26 PM      0.25      0.20      0.25      0.00      0.25      0.20      0.25      0.00
06:44:31 PM      0.17      0.19      0.25      0.00      0.17      0.19      0.25      0.00
06:44:36 PM      0.09      0.17      0.24      0.00      0.09      0.17      0.24      0.00
06:44:41 PM      0.06      0.16      0.24      0.00      0.06      0.16      0.24      0.00
06:44:46 PM      0.03      0.14      0.23      0.00      0.03      0.14      0.23      0.00
06:44:51 PM      0.02      0.13      0.23      0.00      0.02      0.13      0.23      0.00
06:44:56 PM      0.01      0.12      0.22      0.00      0.01      0.12      0.22      0.00
06:45:01 PM      0.00      0.11      0.22      0.00      0.00      0.11      0.22      0.00
06:45:06 PM      0.00      0.10      0.21      0.00      0.00      0.10      0.21      0.00
06:45:11 PM      0.00      0.09      0.21      0.00      0.00      0.09      0.21      0.00
06:45:16 PM      0.00      0.08      0.20      0.00      0.00      0.08      0.20      0.00
06:45:21 PM      0.00      0.07      0.20      0.00      0.00      0.07      0.20      0.00
06:45:26 PM      0.00      0.07      0.20      0.00      0.00      0.07      0.20      0.00
06:45:31 PM      0.00      0.06      0.19      0.00      0.00      0.06      0.19      0.00
06:45:36 PM      0.00      0.05      0.19      0.00      0.00      0.05      0.19      0.00
06:45:41 PM      0.00      0.05      0.19      0.00      0.00      0.05      0.19      0.00
06:45:46 PM      0.59      0.17      0.21      1.90      0.59      0.17      0.21      1.90
06:45:51 PM      0.39      0.16      0.21      0.00      0.39      0.16      0.21      0.00
06:45:56 PM      0.21      0.14      0.20      0.00      0.21      0.14      0.20      0.00
06:46:01 PM      0.14      0.13      0.20      0.00      0.14      0.13      0.20      0.00
06:46:06 PM      0.07      0.12      0.19      0.00      0.07      0.12      0.19      0.00
06:46:11 PM      0.05      0.11      0.19      0.00      0.05      0.11      0.19      0.00
06:46:16 PM      0.02      0.10      0.19      0.00      0.02      0.10      0.19      0.00
06:46:21 PM      0.01      0.09      0.18      0.00      0.01      0.09      0.18      0.00
06:46:26 PM      0.00      0.08      0.18      0.00      0.00      0.08      0.18      0.00
06:46:31 PM      0.00      0.08      0.18      0.00      0.00      0.08      0.18      0.00
06:46:36 PM      0.00      0.07      0.17      0.00      0.00      0.07      0.17      0.00
06:46:41 PM      0.00      0.06      0.17      0.00      0.00      0.06      0.17      0.00
06:46:46 PM      0.00      0.06      0.16      0.00      0.00      0.06      0.16      0.00
06:46:51 PM      0.00      0.05      0.16      0.00      0.00      0.05      0.16      0.00
06:46:56 PM      0.00      0.04      0.16      0.00      0.00      0.04      0.16      0.00
06:47:01 PM      0.00      0.04      0.15      0.99      0.00      0.04      0.15      0.99
06:47:06 PM     23.94      4.70      1.14     62.61     23.94      4.70      1.14     62.58
06:47:11 PM     30.09      7.00      1.67     60.88     30.09      7.00      1.67     60.30
06:47:16 PM     35.71     10.84      2.62     25.63     35.59     10.81      2.61     25.62
06:47:21 PM     23.94     10.14      2.58      0.00     23.86     10.11      2.58      0.00
06:47:26 PM     13.14      9.18      2.53      0.00     13.10      9.15      2.52      0.00
06:47:31 PM      8.81      8.58      2.49      0.00      8.78      8.56      2.49      0.00
06:47:36 PM      4.83      7.77      2.44      0.00      4.82      7.75      2.44      0.00
06:47:41 PM      3.24      7.27      2.41      0.01      3.23      7.25      2.40      0.01
06:47:46 PM      1.78      6.58      2.36      0.34      1.77      6.56      2.35      0.34
06:47:51 PM      1.19      6.15      2.33      0.00      1.18      6.13      2.32      0.00
06:47:56 PM      0.65      5.57      2.28      0.00      0.65      5.55      2.27      0.00
06:48:01 PM      0.43      5.21      2.25      0.00      0.43      5.19      2.24      0.00
06:48:06 PM      0.24      4.71      2.20      0.00      0.23      4.70      2.19      0.00
06:48:11 PM      0.16      4.41      2.17      0.00      0.16      4.40      2.16      0.00
06:48:16 PM      0.08      3.99      2.12      0.00      0.08      3.98      2.12      0.00
06:48:21 PM      0.05      3.73      2.09      0.00      0.05      3.72      2.09      0.00
06:48:26 PM      0.03      3.37      2.05      0.00      0.03      3.37      2.05      0.00
06:48:31 PM      0.02      3.16      2.02      0.00      0.02      3.15      2.02      0.00
06:48:36 PM      0.01      2.86      1.98      0.00      0.01      2.85      1.98      0.00
06:48:41 PM      0.00      2.67      1.95      0.00      0.00      2.66      1.95      0.00
06:48:46 PM      0.00      2.42      1.91      0.00      0.00      2.41      1.91      0.00
06:48:51 PM      0.00      2.26      1.89      0.00      0.00      2.25      1.88      0.00
06:48:56 PM      0.00      2.04      1.85      0.00      0.00      2.04      1.84      0.00
06:49:01 PM      0.00      1.91      1.82      0.00      0.00      1.91      1.82      0.00
06:49:06 PM      0.00      1.73      1.78      0.00      0.00      1.72      1.78      0.00
06:49:11 PM      0.00      1.62      1.76      0.00      0.00      1.61      1.75      0.00
06:49:16 PM      0.00      1.46      1.72      0.00      0.00      1.46      1.72      0.00
06:49:21 PM      0.00      1.37      1.70      0.00      0.00      1.36      1.69      0.00
06:49:26 PM      0.00      1.24      1.66      0.00      0.00      1.23      1.66      0.00
06:49:31 PM      0.00      1.16      1.64      0.00      0.00      1.15      1.63      0.00
06:49:36 PM      0.00      1.04      1.60      0.00      0.00      1.04      1.60      0.00
06:49:41 PM      0.00      0.98      1.58      0.00      0.00      0.97      1.58      0.00
06:49:46 PM      0.00      0.88      1.55      0.00      0.00      0.88      1.55      0.00
06:49:51 PM      0.00      0.83      1.53      0.00      0.00      0.82      1.52      0.00
06:49:56 PM      0.00      0.75      1.49      0.00      0.00      0.74      1.49      0.00
06:50:01 PM      0.00      0.70      1.47      0.00      0.00      0.70      1.47      0.00
06:50:06 PM      0.00      0.63      1.44      0.00      0.00      0.63      1.44      0.00
06:50:11 PM      0.00      0.59      1.42      0.00      0.00      0.59      1.42      0.00
06:50:16 PM      0.00      0.53      1.39      0.08      0.00      0.53      1.39      0.08
06:50:21 PM      0.00      0.50      1.37      0.00      0.00      0.50      1.37      0.00
06:50:26 PM      0.00      0.45      1.34      0.00      0.00      0.45      1.34      0.00
06:50:31 PM      0.00      0.42      1.33      0.00      0.00      0.42      1.32      0.00
06:50:36 PM      0.00      0.38      1.30      0.00      0.00      0.38      1.30      0.00
06:50:41 PM      0.00      0.35      1.28      0.03      0.00      0.35      1.28      0.03
06:50:46 PM      0.00      0.32      1.25      0.00      0.00      0.32      1.25      0.00
06:50:51 PM      0.00      0.30      1.24      0.07      0.00      0.30      1.23      0.07
06:50:56 PM      0.00      0.27      1.21      0.00      0.00      0.27      1.21      0.00
06:51:01 PM      0.00      0.25      1.19      0.14      0.00      0.25      1.19      0.14
06:51:06 PM      0.00      0.22      1.17      1.44      0.00      0.22      1.17      1.44
06:51:11 PM      1.63      0.56      1.23      3.22      1.63      0.56      1.22      3.22
06:51:16 PM      0.89      0.50      1.20      0.00      0.89      0.50      1.20      0.00
06:51:21 PM      0.59      0.47      1.18      0.00      0.59      0.47      1.18      0.00
06:51:26 PM      0.32      0.42      1.16      0.00      0.32      0.42      1.16      0.00
06:51:31 PM      0.22      0.40      1.14      0.00      0.22      0.40      1.14      0.00
06:51:36 PM      0.12      0.36      1.12      0.00      0.12      0.36      1.12      0.00
06:51:41 PM      0.08      0.33      1.10      0.02      0.08      0.33      1.10      0.01
06:51:46 PM      0.04      0.30      1.08      0.00      0.04      0.30      1.08      0.00
06:51:51 PM      0.02      0.28      1.06      0.01      0.02      0.28      1.06      0.01
06:51:56 PM      0.01      0.25      1.04      0.00      0.01      0.25      1.04      0.00
06:52:01 PM      0.00      0.24      1.03      0.00      0.00      0.24      1.02      0.00
06:52:06 PM      0.00      0.21      1.00      0.00      0.00      0.21      1.00      0.00
06:52:11 PM      0.00      0.20      0.99      0.00      0.00      0.20      0.99      0.00
06:52:16 PM      0.00      0.18      0.97      0.00      0.00      0.18      0.97      0.00
06:52:21 PM      0.00      0.17      0.96      0.00      0.00      0.17      0.95      0.00
06:52:26 PM      0.00      0.15      0.94      0.00      0.00      0.15      0.93      0.00
06:52:31 PM      0.00      0.14      0.92      0.01      0.00      0.14      0.92      0.01
06:52:36 PM      0.00      0.12      0.90      0.00      0.00      0.12      0.90      0.00
06:52:41 PM      0.00      0.12      0.89      0.00      0.00      0.12      0.89      0.00
06:52:46 PM      0.00      0.10      0.87      0.00      0.00      0.10      0.87      0.00
06:52:51 PM      0.00      0.10      0.86      0.00      0.00      0.10      0.86      0.00
06:52:56 PM      0.00      0.09      0.84      0.00      0.00      0.09      0.84      0.00
06:53:01 PM      0.00      0.08      0.83      0.00      0.00      0.08      0.83      0.00
06:53:06 PM      0.00      0.07      0.81      0.00      0.00      0.07      0.81      0.00
06:53:11 PM      0.00      0.06      0.80      0.00      0.00      0.06      0.80      0.00
06:53:16 PM      0.00      0.06      0.78      0.00      0.00      0.06      0.78      0.00
06:53:21 PM      0.00      0.05      0.77      0.00      0.00      0.05      0.77      0.00
06:53:26 PM      0.00      0.05      0.75      0.00      0.00      0.05      0.75      0.00
06:53:31 PM      0.00      0.04      0.74      0.00      0.00      0.04      0.74      0.00
06:53:36 PM      0.00      0.04      0.73      0.00      0.00      0.04      0.73      0.00
06:53:41 PM      0.00      0.03      0.72      0.00      0.00      0.03      0.72      0.00
06:53:46 PM      0.00      0.03      0.70      0.00      0.00      0.03      0.70      0.00
06:53:51 PM      0.00      0.03      0.69      0.00      0.00      0.03      0.69      0.00
06:53:56 PM      0.00      0.02      0.68      0.00      0.00      0.02      0.68      0.00
06:54:01 PM      0.00      0.02      0.67      0.00      0.00      0.02      0.67      0.00
06:54:06 PM      0.00      0.02      0.65      0.00      0.00      0.02      0.65      0.00
06:54:11 PM      0.00      0.02      0.64      0.00      0.00      0.02      0.64      0.00
06:54:16 PM      0.00      0.01      0.63      0.00      0.00      0.01      0.63      0.00
06:54:21 PM      0.00      0.01      0.62      0.00      0.00      0.01      0.62      0.00
06:54:26 PM      0.00      0.01      0.61      0.00      0.00      0.01      0.61      0.00
06:54:31 PM      0.00      0.01      0.60      0.00      0.00      0.01      0.60      0.00
06:54:36 PM      0.00      0.01      0.58      0.00      0.00      0.01      0.58      0.00
06:54:41 PM      0.00      0.01      0.58      0.00      0.00      0.01      0.57      0.00
06:54:46 PM      0.00      0.00      0.56      0.00      0.00      0.00      0.56      0.00
06:54:51 PM      0.00      0.00      0.56      0.00      0.00      0.00      0.55      0.00
06:54:56 PM      0.00      0.00      0.54      0.00      0.00      0.00      0.54      0.00
06:55:01 PM      0.00      0.00      0.54      0.00      0.00      0.00      0.53      0.00
06:55:06 PM      0.00      0.00      0.52      0.00      0.00      0.00      0.52      0.00
06:55:11 PM      0.00      0.00      0.52      0.00      0.00      0.00      0.52      0.00
06:55:16 PM      0.00      0.00      0.50      0.00      0.00      0.00      0.50      0.00
06:55:21 PM      0.00      0.00      0.50      0.00      0.00      0.00      0.50      0.00
06:55:26 PM      0.00      0.00      0.49      0.00      0.00      0.00      0.48      0.00
06:55:31 PM      0.00      0.00      0.48      0.00      0.00      0.00      0.48      0.00
06:55:36 PM      0.00      0.00      0.47      0.00      0.00      0.00      0.47      0.00
06:55:41 PM      0.00      0.00      0.46      0.00      0.00      0.00      0.46      0.00
06:55:46 PM      0.00      0.00      0.45      0.00      0.00      0.00      0.45      0.00
06:55:51 PM      0.00      0.00      0.44      0.00      0.00      0.00      0.44      0.00
06:55:56 PM      0.00      0.00      0.43      0.00      0.00      0.00      0.43      0.00
06:56:01 PM      0.00      0.00      0.43      0.00      0.00      0.00      0.43      0.00
06:56:06 PM      0.00      0.00      0.42      0.00      0.00      0.00      0.42      0.00
06:56:11 PM      0.00      0.00      0.41      0.00      0.00      0.00      0.41      0.00
06:56:16 PM      0.00      0.00      0.40      0.00      0.00      0.00      0.40      0.00
06:56:21 PM      0.00      0.00      0.40      0.00      0.00      0.00      0.40      0.00
06:56:26 PM      0.00      0.00      0.39      1.32      0.00      0.00      0.39      1.32
06:56:31 PM      0.29      0.06      0.40      0.00      0.29      0.06      0.40      0.00
06:56:36 PM      0.16      0.05      0.39      0.00      0.16      0.05      0.39      0.00
06:56:41 PM      0.10      0.05      0.38      0.00      0.10      0.05      0.38      0.00
06:56:46 PM      0.05      0.04      0.37      0.00      0.05      0.04      0.37      0.00
06:56:51 PM      0.03      0.04      0.37      0.00      0.03      0.04      0.37      0.00
06:56:56 PM      0.02      0.03      0.36      0.00      0.02      0.03      0.36      0.00
06:57:01 PM      0.01      0.03      0.35      0.00      0.01      0.03      0.35      0.00
06:57:06 PM      0.00      0.03      0.35      0.00      0.00      0.03      0.34      0.00
06:57:11 PM      3.26      0.61      0.46      7.58      3.26      0.61      0.46      7.58
06:57:16 PM      1.79      0.55      0.45      0.00      1.79      0.55      0.45      0.00
06:57:21 PM      1.20      0.52      0.45      0.00      1.20      0.52      0.45      0.00
06:57:26 PM      0.65      0.47      0.44      0.00      0.65      0.47      0.44      0.00
06:57:31 PM      0.44      0.44      0.43      0.00      0.44      0.44      0.43      0.00
06:57:36 PM      0.24      0.39      0.42      0.00      0.24      0.39      0.42      0.00
06:57:41 PM      0.16      0.37      0.41      0.00      0.16      0.37      0.41      0.00
06:57:46 PM      0.08      0.33      0.41      0.00      0.08      0.33      0.40      0.00
06:57:51 PM      0.05      0.31      0.40      0.01      0.05      0.31      0.40      0.01
06:57:56 PM      0.03      0.28      0.39      0.00      0.03      0.28      0.39      0.00
06:58:01 PM      4.28      1.07      0.56     10.61      4.28      1.07      0.56     10.61
06:58:06 PM      2.35      0.97      0.54      0.00      2.35      0.97      0.54      0.00
06:58:11 PM      1.72      0.94      0.54      0.78      1.72      0.94      0.54      0.78
06:58:16 PM      0.94      0.85      0.53      0.02      0.94      0.85      0.53      0.02
06:58:21 PM      0.63      0.79      0.52      0.00      0.63      0.79      0.52      0.00
06:58:26 PM      0.34      0.71      0.51      0.00      0.34      0.71      0.51      0.00
06:58:31 PM      0.23      0.67      0.50      0.00      0.23      0.67      0.50      0.00
06:58:36 PM      0.12      0.60      0.49      0.00      0.12      0.60      0.49      0.00
06:58:41 PM      0.08      0.56      0.49      0.29      0.08      0.56      0.49      0.29
06:58:46 PM      0.04      0.51      0.48      0.00      0.04      0.51      0.48      0.00
06:58:51 PM      0.03      0.47      0.47      0.00      0.03      0.47      0.47      0.00
06:58:56 PM      0.01      0.43      0.46      0.00      0.01      0.43      0.46      0.00
06:59:01 PM      0.01      0.40      0.45      0.00      0.01      0.40      0.45      0.00
06:59:06 PM      0.00      0.36      0.44      0.00      0.00      0.36      0.44      0.00
06:59:11 PM      0.00      0.34      0.43      0.00      0.00      0.34      0.43      0.00
06:59:16 PM      0.00      0.30      0.42      0.00      0.00      0.30      0.42      0.00
06:59:21 PM      0.00      0.28      0.42      0.13      0.00      0.28      0.42      0.13
06:59:26 PM      0.00      0.25      0.41      0.00      0.00      0.25      0.41      0.00
06:59:31 PM      0.90      0.40      0.44     13.15      0.90      0.40      0.44     13.15
06:59:36 PM      3.77      1.19      0.61      0.01      3.77      1.19      0.61      0.01
06:59:41 PM      2.53      1.11      0.60      0.00      2.53      1.11      0.60      0.00
06:59:46 PM      1.38      1.01      0.59      0.00      1.38      1.01      0.59      0.00
06:59:51 PM      0.93      0.94      0.58      0.00      0.93      0.94      0.58      0.00
06:59:56 PM      0.51      0.85      0.57      0.00      0.51      0.85      0.57      0.00
07:00:01 PM      0.34      0.79      0.56      0.00      0.34      0.79      0.56      0.00
07:00:06 PM      0.18      0.72      0.55      0.00      0.18      0.72      0.55      0.00
07:00:11 PM      0.12      0.67      0.54      0.00      0.12      0.67      0.54      0.00
07:00:16 PM      0.61      0.70      0.55      1.55      0.61      0.70      0.55      1.55
07:00:21 PM      0.41      0.66      0.54      0.00      0.41      0.66      0.54      0.00
07:00:26 PM      0.22      0.59      0.53      0.00      0.22      0.59      0.53      0.00
07:00:31 PM      0.14      0.56      0.52      0.00      0.14      0.56      0.52      0.00
07:00:36 PM      0.08      0.50      0.51      0.00      0.08      0.50      0.51      0.00
07:00:41 PM      0.05      0.47      0.50      0.00      0.05      0.47      0.50      0.00
07:00:46 PM      0.02      0.42      0.49      0.00      0.02      0.42      0.49      0.00
07:00:51 PM      0.01      0.39      0.48      0.00      0.01      0.39      0.48      0.00
07:00:56 PM      0.00      0.36      0.47      0.00      0.00      0.36      0.47      0.00
07:01:01 PM      0.00      0.33      0.47      0.00      0.00      0.33      0.47      0.00
07:01:06 PM      0.00      0.30      0.46      0.00      0.00      0.30      0.46      0.00
07:01:11 PM      0.00      0.28      0.45      0.00      0.00      0.28      0.45      0.00
07:01:16 PM      0.00      0.25      0.44      0.00      0.00      0.25      0.44      0.00
07:01:21 PM      0.00      0.23      0.43      0.00      0.00      0.23      0.43      0.00
07:01:26 PM      0.00      0.21      0.42      0.00      0.00      0.21      0.42      0.00
07:01:31 PM      0.00      0.20      0.42      0.00      0.00      0.20      0.42      0.00
07:01:36 PM      0.00      0.18      0.41      0.00      0.00      0.18      0.41      0.00
07:01:41 PM      0.00      0.16      0.40      0.06      0.00      0.16      0.40      0.06
07:01:46 PM      0.54      0.25      0.41      1.45      0.54      0.25      0.41      1.45
07:01:51 PM      0.36      0.23      0.41      0.00      0.36      0.23      0.41      0.00
07:01:56 PM      0.19      0.21      0.40      0.00      0.19      0.21      0.40      0.00
07:02:01 PM      0.13      0.19      0.39      0.00      0.13      0.19      0.39      0.00
07:02:06 PM      0.07      0.17      0.38      0.00      0.07      0.17      0.38      0.00
07:02:11 PM      0.04      0.16      0.38      0.00      0.04      0.16      0.38      0.00
07:02:16 PM      0.02      0.14      0.37      0.00      0.02      0.14      0.37      0.00
07:02:21 PM      0.01      0.13      0.36      0.00      0.01      0.13      0.36      0.00
07:02:26 PM      0.00      0.12      0.36      0.00      0.00      0.12      0.35      0.00
07:02:31 PM      0.00      0.11      0.35      0.00      0.00      0.11      0.35      0.00
07:02:36 PM      0.00      0.10      0.34      0.00      0.00      0.10      0.34      0.00
07:02:41 PM      0.00      0.09      0.34      0.00      0.00      0.09      0.34      0.00
07:02:46 PM      0.00      0.08      0.33      0.00      0.00      0.08      0.33      0.00
07:02:51 PM      0.00      0.08      0.33      0.00      0.00      0.08      0.33      0.00
07:02:56 PM      0.00      0.07      0.32      0.00      0.00      0.07      0.32      0.00
07:03:01 PM      0.00      0.06      0.31      0.00      0.00      0.06      0.31      0.00
07:03:06 PM      0.00      0.06      0.31      0.00      0.00      0.06      0.31      0.00
07:03:11 PM      0.00      0.05      0.30      0.00      0.00      0.05      0.30      0.00
07:03:16 PM      0.00      0.05      0.29      0.00      0.00      0.05      0.29      0.00
07:03:21 PM      0.00      0.04      0.29      0.00      0.00      0.04      0.29      0.00
07:03:26 PM      0.00      0.04      0.28      0.00      0.00      0.04      0.28      0.00
07:03:31 PM      0.00      0.03      0.28      0.00      0.00      0.03      0.28      0.00
07:03:36 PM      0.00      0.03      0.27      0.00      0.00      0.03      0.27      0.00
07:03:41 PM      0.00      0.03      0.27      0.00      0.00      0.03      0.27      0.00
07:03:46 PM      0.00      0.02      0.26      0.00      0.00      0.02      0.26      0.00
07:03:51 PM      0.00      0.02      0.26      0.00      0.00      0.02      0.26      0.00
07:03:56 PM      0.00      0.02      0.25      0.00      0.00      0.02      0.25      0.00
07:04:01 PM      0.00      0.02      0.25      0.00      0.00      0.02      0.25      0.00
07:04:06 PM      0.00      0.01      0.24      0.00      0.00      0.01      0.24      0.00
07:04:11 PM      0.00      0.01      0.24      0.00      0.00      0.01      0.24      0.00
07:04:16 PM      0.00      0.01      0.23      0.02      0.00      0.01      0.23      0.02
07:04:21 PM      0.00      0.01      0.23      0.00      0.00      0.01      0.23      0.00
07:04:26 PM      0.00      0.01      0.22      0.07      0.00      0.01      0.22      0.07
07:04:31 PM      0.00      0.01      0.22      0.00      0.00      0.01      0.22      0.00
07:04:36 PM      0.00      0.00      0.21      0.00      0.00      0.00      0.21      0.00
07:04:41 PM      0.00      0.00      0.21      0.00      0.00      0.00      0.21      0.00
07:04:46 PM      0.00      0.00      0.20      0.00      0.00      0.00      0.20      0.00
07:04:51 PM      0.00      0.00      0.20      0.00      0.00      0.00      0.20      0.00
07:04:56 PM      0.00      0.00      0.20      0.01      0.00      0.00      0.20      0.01
07:05:01 PM      0.00      0.00      0.19      0.00      0.00      0.00      0.19      0.00
07:05:06 PM      0.00      0.00      0.19      0.00      0.00      0.00      0.19      0.00
07:05:11 PM      0.00      0.00      0.19      0.00      0.00      0.00      0.19      0.00
07:05:16 PM      0.00      0.00      0.18      0.00      0.00      0.00      0.18      0.00
07:05:21 PM      0.00      0.00      0.18      0.00      0.00      0.00      0.18      0.00
07:05:26 PM      0.00      0.00      0.17      0.00      0.00      0.00      0.17      0.00
07:05:31 PM      0.00      0.00      0.17      0.00      0.00      0.00      0.17      0.00
07:05:36 PM      0.00      0.00      0.17      0.00      0.00      0.00      0.17      0.00
07:05:41 PM      0.00      0.00      0.16      0.00      0.00      0.00      0.16      0.00
07:05:46 PM      0.00      0.00      0.16      0.00      0.00      0.00      0.16      0.00
07:05:51 PM      0.00      0.00      0.16      0.00      0.00      0.00      0.16      0.00
07:05:56 PM      0.00      0.00      0.15      0.00      0.00      0.00      0.15      0.00
07:06:01 PM      0.00      0.00      0.15      0.00      0.00      0.00      0.15      0.00
07:06:06 PM      0.00      0.00      0.15      0.00      0.00      0.00      0.15      0.00
07:06:11 PM      0.00      0.00      0.14      0.00      0.00      0.00      0.14      0.00
07:06:16 PM      0.00      0.00      0.14      0.00      0.00      0.00      0.14      0.00
07:06:21 PM      0.00      0.00      0.14      0.00      0.00      0.00      0.14      0.00
07:06:26 PM      0.00      0.00      0.13      0.00      0.00      0.00      0.13      0.00
07:06:31 PM      0.00      0.00      0.13      0.00      0.00      0.00      0.13      0.00
07:06:36 PM      0.00      0.00      0.13      0.00      0.00      0.00      0.13      0.00
07:06:41 PM      0.00      0.00      0.13      0.00      0.00      0.00      0.13      0.00
07:06:46 PM      0.00      0.00      0.12      0.00      0.00      0.00      0.12      0.00
07:06:51 PM      0.00      0.00      0.12      0.00      0.00      0.00      0.12      0.00
07:06:56 PM      0.00      0.00      0.12      0.00      0.00      0.00      0.12      0.00
07:07:01 PM      0.00      0.00      0.12      0.00      0.00      0.00      0.12      0.00
07:07:06 PM      0.14      0.03      0.12      0.54      0.14      0.03      0.12      0.54
07:07:11 PM      0.09      0.02      0.12      0.49      0.09      0.02      0.12      0.49
07:07:16 PM      6.35      1.48      0.43     19.02      6.35      1.48      0.43     19.01
07:07:21 PM      4.26      1.39      0.43      0.04      4.26      1.39      0.43      0.04
07:07:26 PM      2.33      1.25      0.42      0.00      2.33      1.25      0.42      0.00
07:07:31 PM      1.56      1.17      0.41      0.00      1.56      1.17      0.41      0.00
07:07:36 PM      0.85      1.06      0.40      0.00      0.85      1.06      0.40      0.00
07:07:41 PM      0.57      0.99      0.40      0.00      0.57      0.99      0.40      0.00
07:07:46 PM      0.31      0.90      0.39      0.01      0.31      0.90      0.39      0.01
07:07:51 PM      0.21      0.84      0.38      0.01      0.21      0.84      0.38      0.00
07:07:56 PM      0.11      0.76      0.37      0.00      0.11      0.76      0.37      0.00
07:08:01 PM      0.07      0.71      0.37      0.00      0.07      0.71      0.37      0.00
07:08:06 PM      0.85      0.80      0.39      2.18      0.85      0.80      0.39      2.18
07:08:11 PM      0.56      0.75      0.39      0.00      0.56      0.75      0.39      0.00
07:08:16 PM      0.31      0.67      0.38      0.00      0.31      0.67      0.38      0.00
07:08:21 PM      0.20      0.63      0.37      0.04      0.20      0.63      0.37      0.04
07:08:26 PM      0.11      0.57      0.36      0.00      0.11      0.57      0.36      0.00
07:08:31 PM      0.07      0.53      0.36      0.00      0.07      0.53      0.36      0.00
07:08:36 PM      0.04      0.48      0.35      0.00      0.04      0.48      0.35      0.00
07:08:41 PM      0.02      0.45      0.35      0.93      0.02      0.45      0.35      0.93
07:08:46 PM      0.40      0.50      0.36      0.94      0.40      0.50      0.36      0.94
07:08:51 PM      0.27      0.47      0.35      0.00      0.27      0.47      0.35      0.00
07:08:56 PM      0.14      0.42      0.34      0.00      0.14      0.42      0.34      0.00
07:09:01 PM      0.09      0.39      0.34      0.00      0.09      0.39      0.34      0.00
07:09:06 PM      0.05      0.35      0.33      0.01      0.05      0.35      0.33      0.01
07:09:11 PM      0.03      0.33      0.33      0.04      0.03      0.33      0.33      0.03
07:09:16 PM      0.01      0.30      0.32      0.00      0.01      0.30      0.32      0.00
07:09:21 PM      0.01      0.28      0.32      0.00      0.01      0.28      0.32      0.00
07:09:26 PM      0.00      0.25      0.31      0.00      0.00      0.25      0.31      0.00
07:09:31 PM      0.00      0.23      0.30      0.00      0.00      0.23      0.30      0.00
07:09:36 PM      0.00      0.21      0.30      0.03      0.00      0.21      0.30      0.03
07:09:41 PM      0.00      0.20      0.29      0.00      0.00      0.20      0.29      0.00
07:09:46 PM      0.00      0.18      0.28      0.00      0.00      0.18      0.28      0.00
07:09:51 PM      0.00      0.16      0.28      0.00      0.00      0.16      0.28      0.00
07:09:56 PM      0.00      0.15      0.27      0.00      0.00      0.15      0.27      0.00
07:10:01 PM      0.00      0.14      0.27      0.01      0.00      0.14      0.27      0.01
07:10:06 PM      0.00      0.12      0.26      0.00      0.00      0.12      0.26      0.00
07:10:11 PM      0.00      0.11      0.26      0.00      0.00      0.11      0.26      0.00
07:10:16 PM      0.00      0.10      0.25      0.00      0.00      0.10      0.25      0.00
07:10:21 PM      0.00      0.10      0.25      0.00      0.00      0.10      0.25      0.00
07:10:26 PM      0.00      0.08      0.24      0.00      0.00      0.08      0.24      0.00
07:10:31 PM      0.00      0.08      0.24      0.00      0.00      0.08      0.24      0.00
07:10:36 PM      0.00      0.07      0.23      0.00      0.00      0.07      0.23      0.00
07:10:41 PM      0.00      0.06      0.23      0.00      0.00      0.06      0.23      0.00
07:10:46 PM      0.00      0.06      0.22      0.00      0.00      0.06      0.22      0.00
07:10:51 PM      0.00      0.05      0.22      0.00      0.00      0.05      0.22      0.00
07:10:56 PM      0.00      0.05      0.21      0.00      0.00      0.05      0.21      0.00
07:11:01 PM      0.00      0.04      0.21      0.00      0.00      0.04      0.21      0.00
07:11:06 PM      0.00      0.04      0.21      0.00      0.00      0.04      0.21      0.00
07:11:11 PM      0.00      0.03      0.20      0.00      0.00      0.03      0.20      0.00
07:11:16 PM      0.00      0.03      0.20      0.00      0.00      0.03      0.20      0.00
07:11:21 PM      0.00      0.03      0.20      0.00      0.00      0.03      0.20      0.00
07:11:26 PM      0.00      0.02      0.19      0.00      0.00      0.02      0.19      0.00
07:11:31 PM      0.00      0.02      0.19      0.00      0.00      0.02      0.19      0.00
07:11:36 PM      0.00      0.02      0.18      0.00      0.00      0.02      0.18      0.00
07:11:41 PM      0.00      0.02      0.18      0.02      0.00      0.02      0.18      0.01
07:11:46 PM      0.00      0.01      0.18      0.00      0.00      0.01      0.18      0.00
07:11:51 PM      0.00      0.01      0.17      0.00      0.00      0.01      0.17      0.00
07:11:56 PM      0.00      0.01      0.17      0.00      0.00      0.01      0.17      0.00
07:12:01 PM      0.00      0.01      0.17      0.00      0.00      0.01      0.17      0.00
07:12:06 PM      0.00      0.01      0.16      0.00      0.00      0.01      0.16      0.00
07:12:11 PM      0.00      0.01      0.16      0.00      0.00      0.01      0.16      0.00
07:12:16 PM      0.00      0.00      0.15      0.00      0.00      0.00      0.15      0.00
07:12:21 PM      0.00      0.00      0.15      0.00      0.00      0.00      0.15      0.00
07:12:26 PM      0.14      0.03      0.15      0.52      0.14      0.03      0.15      0.52
07:12:31 PM      0.09      0.03      0.15      0.00      0.09      0.03      0.15      0.00
07:12:36 PM      0.05      0.03      0.15      0.00      0.05      0.03      0.15      0.00
07:12:41 PM      0.03      0.02      0.14      0.00      0.03      0.02      0.14      0.00
07:12:46 PM      0.01      0.02      0.14      0.00      0.01      0.02      0.14      0.00
07:12:51 PM      0.01      0.02      0.14      0.00      0.01      0.02      0.14      0.00
07:12:56 PM      0.00      0.02      0.13      0.00      0.00      0.02      0.13      0.00
07:13:01 PM      0.00      0.01      0.13      0.00      0.00      0.01      0.13      0.00
07:13:06 PM      0.00      0.01      0.13      0.00      0.00      0.01      0.13      0.00
07:13:11 PM      0.00      0.01      0.13      0.19      0.00      0.01      0.13      0.19
07:13:16 PM      0.00      0.01      0.12      0.00      0.00      0.01      0.12      0.00
07:13:21 PM      0.00      0.01      0.12      0.00      0.00      0.01      0.12      0.00
07:13:26 PM      0.00      0.01      0.12      0.00      0.00      0.01      0.12      0.00
07:13:31 PM      0.00      0.00      0.12      0.00      0.00      0.00      0.12      0.00
07:13:36 PM      0.00      0.00      0.11      0.00      0.00      0.00      0.11      0.00
07:13:41 PM      0.00      0.00      0.11      0.00      0.00      0.00      0.11      0.00
07:13:46 PM      0.00      0.00      0.11      0.00      0.00      0.00      0.11      0.00
07:13:51 PM      0.00      0.00      0.11      0.00      0.00      0.00      0.11      0.00
07:13:56 PM      0.00      0.00      0.10      0.00      0.00      0.00      0.10      0.00
07:14:01 PM      0.00      0.00      0.10      0.00      0.00      0.00      0.10      0.00
07:14:06 PM      0.00      0.00      0.10      0.00      0.00      0.00      0.10      0.00
07:14:11 PM      0.00      0.00      0.10      0.00      0.00      0.00      0.10      0.00
07:14:16 PM      0.00      0.00      0.09      0.00      0.00      0.00      0.09      0.00
07:14:21 PM      0.00      0.00      0.09      0.00      0.00      0.00      0.09      0.00
07:14:26 PM      0.00      0.00      0.09      0.01      0.00      0.00      0.09      0.01
07:14:31 PM      0.00      0.00      0.09      0.00      0.00      0.00      0.09      0.00
07:14:36 PM      0.00      0.00      0.08      0.01      0.00      0.00      0.08      0.01
07:14:41 PM      0.00      0.00      0.08      0.00      0.00      0.00      0.08      0.00
07:14:46 PM      0.00      0.00      0.08      0.16      0.00      0.00      0.08      0.16
07:14:51 PM      0.00      0.00      0.08      0.00      0.00      0.00      0.08      0.00
07:14:56 PM      0.00      0.00      0.08      0.04      0.00      0.00      0.08      0.04
07:15:01 PM      0.00      0.00      0.07      0.00      0.00      0.00      0.07      0.00
07:15:06 PM      0.00      0.00      0.07      0.00      0.00      0.00      0.07      0.00
07:15:11 PM      0.00      0.00      0.07      0.00      0.00      0.00      0.07      0.00
07:15:16 PM      0.00      0.00      0.07      0.07      0.00      0.00      0.07      0.07
07:15:21 PM      0.00      0.00      0.06      0.00      0.00      0.00      0.06      0.00
07:15:26 PM      0.00      0.00      0.06      0.15      0.00      0.00      0.06      0.15
07:15:31 PM      0.00      0.00      0.06      0.00      0.00      0.00      0.06      0.00
07:15:36 PM      0.00      0.00      0.06      0.00      0.00      0.00      0.06      0.00
07:15:41 PM      0.00      0.00      0.06      0.00      0.00      0.00      0.06      0.00
07:15:46 PM      0.00      0.00      0.06      0.00      0.00      0.00      0.06      0.00
07:15:51 PM      0.00      0.00      0.06      0.00      0.00      0.00      0.06      0.00
07:15:56 PM      0.00      0.00      0.06      0.00      0.00      0.00      0.06      0.00
07:16:01 PM      0.00      0.00      0.06      0.00      0.00      0.00      0.06      0.00
07:16:06 PM      0.00      0.00      0.05      0.00      0.00      0.00      0.05      0.00
07:16:11 PM      0.00      0.00      0.05      0.04      0.00      0.00      0.05      0.04
07:16:16 PM      0.00      0.00      0.05      0.00      0.00      0.00      0.05      0.00
07:16:21 PM      0.00      0.00      0.05      0.00      0.00      0.00      0.05      0.00
07:16:26 PM      0.00      0.00      0.05      0.00      0.00      0.00      0.05      0.00
07:16:31 PM      0.00      0.00      0.05      0.08      0.00      0.00      0.05      0.08
07:16:36 PM      0.00      0.00      0.05      0.00      0.00      0.00      0.05      0.00
07:16:41 PM      0.00      0.00      0.05      0.00      0.00      0.00      0.05      0.00
07:16:46 PM      0.00      0.00      0.04      0.00      0.00      0.00      0.04      0.00
07:16:51 PM      0.00      0.00      0.04      0.05      0.00      0.00      0.04      0.05
07:16:56 PM      0.00      0.00      0.04      0.00      0.00      0.00      0.04      0.00
07:17:01 PM      0.00      0.00      0.04      0.00      0.00      0.00      0.04      0.00
07:17:06 PM      0.00      0.00      0.04      0.00      0.00      0.00      0.04      0.00
07:17:11 PM      0.00      0.00      0.04      0.06      0.00      0.00      0.04      0.06
07:17:16 PM      0.00      0.00      0.04      0.00      0.00      0.00      0.04      0.00
07:17:21 PM      3.26      0.69      0.19      9.43      3.26      0.69      0.19      9.43
07:17:26 PM      2.18      0.65      0.18      0.02      2.18      0.65      0.18      0.02
07:17:31 PM      1.20      0.58      0.18      0.00      1.20      0.58      0.18      0.00
07:17:36 PM      0.80      0.54      0.18      0.00      0.80      0.54      0.18      0.00
07:17:41 PM      0.44      0.49      0.17      0.09      0.44      0.49      0.17      0.09
07:17:46 PM      1.33      0.68      0.22      2.80      1.33      0.68      0.22      2.80
07:17:51 PM      0.73      0.62      0.21      0.00      0.73      0.62      0.21      0.00
07:17:56 PM      0.49      0.58      0.21      0.00      0.49      0.58      0.21      0.00
07:18:01 PM      0.26      0.52      0.20      0.00      0.26      0.52      0.20      0.00
07:18:06 PM      0.18      0.49      0.20      0.00      0.18      0.49      0.20      0.00
07:18:11 PM      3.72      1.09      0.33     13.03      3.72      1.09      0.33     13.03
07:18:16 PM      4.12      1.37      0.40      0.00      4.12      1.37      0.40      0.00
07:18:21 PM      2.26      1.24      0.39      0.00      2.26      1.24      0.39      0.00
07:18:26 PM      1.51      1.16      0.39      0.00      1.51      1.16      0.39      0.00
07:18:31 PM      0.83      1.05      0.38      0.00      0.83      1.05      0.38      0.00
07:18:36 PM      0.55      0.98      0.37      0.00      0.55      0.98      0.37      0.00
07:18:41 PM      0.30      0.89      0.36      0.00      0.30      0.89      0.36      0.00
07:18:46 PM      0.20      0.83      0.36      0.00      0.20      0.83      0.36      0.00
07:18:51 PM      0.11      0.75      0.35      0.01      0.11      0.75      0.35      0.01
07:18:56 PM      0.07      0.70      0.34      0.00      0.07      0.70      0.34      0.00
07:19:01 PM      0.04      0.63      0.34      0.00      0.04      0.63      0.34      0.00
07:19:06 PM      0.02      0.59      0.33      0.00      0.02      0.59      0.33      0.00
07:19:11 PM      0.01      0.53      0.33      0.00      0.01      0.53      0.33      0.00
07:19:16 PM      0.00      0.50      0.32      0.00      0.00      0.50      0.32      0.00
07:19:21 PM      0.00      0.45      0.31      0.00      0.00      0.45      0.31      0.00
07:19:26 PM      0.00      0.42      0.31      0.00      0.00      0.42      0.31      0.00
07:19:31 PM      0.00      0.38      0.30      0.02      0.00      0.38      0.30      0.02
07:19:36 PM      0.00      0.35      0.30      0.00      0.00      0.35      0.30      0.00
07:19:41 PM      0.00      0.32      0.29      0.01      0.00      0.32      0.29      0.01
07:19:46 PM      0.00      0.30      0.28      0.03      0.00      0.30      0.28      0.03
07:19:51 PM      0.00      0.27      0.28      0.00      0.00      0.27      0.28      0.00
07:19:56 PM      0.00      0.25      0.27      0.00      0.00      0.25      0.27      0.00
07:20:01 PM      0.00      0.22      0.27      0.00      0.00      0.22      0.27      0.00
07:20:06 PM      0.00      0.21      0.26      0.06      0.00      0.21      0.26      0.06
07:20:11 PM      0.00      0.19      0.26      0.00      0.00      0.19      0.26      0.00
07:20:16 PM      0.00      0.18      0.25      0.02      0.00      0.18      0.25      0.02
07:20:21 PM      0.00      0.16      0.25      0.00      0.00      0.16      0.25      0.00
07:20:26 PM      0.00      0.15      0.24      0.00      0.00      0.15      0.24      0.00
07:20:31 PM      0.00      0.13      0.24      0.00      0.00      0.13      0.24      0.00
07:20:36 PM      0.00      0.12      0.23      0.07      0.00      0.12      0.23      0.07
07:20:41 PM      0.00      0.11      0.23      0.00      0.00      0.11      0.23      0.00
07:20:46 PM      0.00      0.10      0.22      0.00      0.00      0.10      0.22      0.00
07:20:51 PM      0.00      0.09      0.22      0.00      0.00      0.09      0.22      0.00
07:20:56 PM      0.00      0.08      0.21      0.00      0.00      0.08      0.21      0.00
07:21:01 PM      0.00      0.08      0.21      0.00      0.00      0.08      0.21      0.00
07:21:06 PM      0.00      0.07      0.21      0.00      0.00      0.07      0.21      0.00
07:21:11 PM      0.00      0.06      0.20      0.23      0.00      0.06      0.20      0.23
07:21:16 PM      0.00      0.06      0.20      0.00      0.00      0.06      0.20      0.00
07:21:21 PM      0.00      0.05      0.19      0.00      0.00      0.05      0.19      0.00
07:21:26 PM      0.00      0.05      0.19      0.08      0.00      0.05      0.19      0.08
07:21:31 PM      0.00      0.04      0.19      0.00      0.00      0.04      0.19      0.00
07:21:36 PM      0.00      0.04      0.18      0.00      0.00      0.04      0.18      0.00
07:21:41 PM      0.00      0.03      0.18      0.00      0.00      0.03      0.18      0.00
07:21:46 PM      0.00      0.03      0.18      0.07      0.00      0.03      0.18      0.07
07:21:51 PM      0.00      0.03      0.17      0.00      0.00      0.03      0.17      0.00
07:21:56 PM      0.00      0.02      0.17      0.00      0.00      0.02      0.17      0.00
07:22:01 PM      0.00      0.02      0.16      0.00      0.00      0.02      0.16      0.00
07:22:06 PM      0.00      0.02      0.16      0.00      0.00      0.02      0.16      0.00
07:22:11 PM      0.00      0.02      0.16      0.00      0.00      0.02      0.16      0.00
07:22:16 PM      0.00      0.01      0.15      0.00      0.00      0.01      0.15      0.00
07:22:21 PM      0.00      0.01      0.15      0.00      0.00      0.01      0.15      0.00
07:22:26 PM      0.00      0.01      0.15      0.00      0.00      0.01      0.15      0.00
07:22:31 PM      0.00      0.01      0.14      0.00      0.00      0.01      0.14      0.00
07:22:36 PM      0.00      0.01      0.14      0.00      0.00      0.01      0.14      0.00
07:22:41 PM      0.00      0.01      0.14      0.00      0.00      0.01      0.14      0.00
07:22:46 PM      0.00      0.00      0.13      0.00      0.00      0.00      0.13      0.00
07:22:51 PM      0.00      0.00      0.13      0.00      0.00      0.00      0.13      0.00
07:22:56 PM      0.00      0.00      0.13      0.00      0.00      0.00      0.13      0.00
07:23:01 PM      0.54      0.10      0.15      1.56      0.54      0.10      0.15      1.56
07:23:06 PM      0.36      0.09      0.14      0.00      0.36      0.09      0.14      0.00
07:23:11 PM      0.19      0.08      0.14      0.00      0.19      0.08      0.14      0.00
07:23:16 PM      0.13      0.08      0.14      0.00      0.13      0.08      0.14      0.00
07:23:21 PM      0.07      0.07      0.13      0.00      0.07      0.07      0.13      0.00
07:23:26 PM      0.04      0.06      0.13      0.00      0.04      0.06      0.13      0.00
07:23:31 PM      0.02      0.06      0.13      0.00      0.02      0.06      0.13      0.00
07:23:36 PM      0.01      0.05      0.13      0.00      0.01      0.05      0.13      0.00
07:23:41 PM      0.00      0.04      0.12      0.00      0.00      0.04      0.12      0.00
07:23:46 PM      0.00      0.04      0.12      0.00      0.00      0.04      0.12      0.00
07:23:51 PM      0.00      0.04      0.12      0.00      0.00      0.04      0.12      0.00
07:23:56 PM      0.00      0.03      0.12      0.00      0.00      0.03      0.12      0.00
07:24:01 PM      0.00      0.03      0.11      0.00      0.00      0.03      0.11      0.00
07:24:06 PM      0.00      0.03      0.11      0.00      0.00      0.03      0.11      0.00
07:24:11 PM      0.00      0.02      0.11      0.00      0.00      0.02      0.11      0.00
07:24:16 PM      0.00      0.02      0.11      0.00      0.00      0.02      0.11      0.00
07:24:21 PM      0.00      0.02      0.10      0.00      0.00      0.02      0.10      0.00
07:24:26 PM      0.00      0.02      0.10      0.02      0.00      0.02      0.10      0.02
07:24:31 PM      0.00      0.01      0.10      0.00      0.00      0.01      0.10      0.00
07:24:36 PM      0.00      0.01      0.10      0.01      0.00      0.01      0.10      0.01
07:24:41 PM      0.00      0.01      0.09      0.00      0.00      0.01      0.09      0.00
07:24:46 PM      0.00      0.01      0.09      0.00      0.00      0.01      0.09      0.00
07:24:51 PM      0.00      0.01      0.09      0.00      0.00      0.01      0.09      0.00
07:24:56 PM      0.00      0.01      0.09      0.00      0.00      0.01      0.09      0.00
07:25:01 PM      0.00      0.00      0.08      0.00      0.00      0.00      0.08      0.00
07:25:06 PM      0.00      0.00      0.08      0.00      0.00      0.00      0.08      0.00
07:25:11 PM      0.00      0.00      0.08      0.00      0.00      0.00      0.08      0.00
07:25:16 PM      0.00      0.00      0.08      0.00      0.00      0.00      0.08      0.00
07:25:21 PM      0.00      0.00      0.08      0.00      0.00      0.00      0.08      0.00
07:25:26 PM      0.00      0.00      0.07      0.00      0.00      0.00      0.07      0.00
07:25:31 PM      0.00      0.00      0.07      0.00      0.00      0.00      0.07      0.00
07:25:36 PM      0.00      0.00      0.07      0.00      0.00      0.00      0.07      0.00
07:25:41 PM      0.00      0.00      0.07      0.00      0.00      0.00      0.07      0.00
07:25:46 PM      0.00      0.00      0.06      0.00      0.00      0.00      0.06      0.00
07:25:51 PM      0.00      0.00      0.06      0.00      0.00      0.00      0.06      0.00
07:25:56 PM      0.00      0.00      0.06      0.00      0.00      0.00      0.06      0.00
07:26:01 PM      0.00      0.00      0.06      0.00      0.00      0.00      0.06      0.00
07:26:06 PM      0.00      0.00      0.06      0.00      0.00      0.00      0.06      0.00
07:26:11 PM      0.00      0.00      0.06      0.00      0.00      0.00      0.06      0.00
07:26:16 PM      0.00      0.00      0.06      0.00      0.00      0.00      0.06      0.00
07:26:21 PM      0.00      0.00      0.06      0.00      0.00      0.00      0.06      0.00
07:26:26 PM      0.00      0.00      0.06      0.00      0.00      0.00      0.06      0.00
07:26:31 PM      0.00      0.00      0.05      0.00      0.00      0.00      0.05      0.00
07:26:36 PM      0.00      0.00      0.05      0.00      0.00      0.00      0.05      0.00
07:26:41 PM      0.00      0.00      0.05      0.00      0.00      0.00      0.05      0.00
07:26:46 PM      0.00      0.00      0.05      0.33      0.00      0.00      0.05      0.33
07:26:51 PM      0.00      0.00      0.05      0.00      0.00      0.00      0.05      0.00
07:26:56 PM      0.00      0.00      0.05      0.00      0.00      0.00      0.05      0.00
07:27:01 PM      0.00      0.00      0.05      0.00      0.00      0.00      0.05      0.00
07:27:06 PM      0.00      0.00      0.05      0.00      0.00      0.00      0.05      0.00
07:27:11 PM      0.00      0.00      0.04      0.00      0.00      0.00      0.04      0.00
07:27:16 PM      0.00      0.00      0.04      0.00      0.00      0.00      0.04      0.00
07:27:21 PM      0.00      0.00      0.04      6.30      0.00      0.00      0.04      6.30
07:27:26 PM     18.91      3.78      0.84     41.52     18.91      3.78      0.84     41.52
07:27:31 PM     10.38      3.42      0.83      0.01     10.38      3.42      0.83      0.01
07:27:36 PM      6.96      3.20      0.82      0.01      6.96      3.20      0.82      0.01
07:27:41 PM      3.82      2.89      0.80      0.01      3.82      2.89      0.80      0.01
07:27:46 PM      2.56      2.70      0.79      0.00      2.56      2.70      0.79      0.00
07:27:51 PM      1.40      2.45      0.77      0.01      1.40      2.45      0.77      0.01
07:27:56 PM      0.94      2.29      0.76      0.00      0.94      2.29      0.76      0.00
07:28:01 PM      0.51      2.07      0.74      0.00      0.51      2.07      0.74      0.00
07:28:06 PM      0.34      1.94      0.73      0.00      0.34      1.94      0.73      0.00
07:28:11 PM      0.18      1.75      0.72      0.00      0.18      1.75      0.72      0.00
07:28:16 PM      0.12      1.64      0.70      7.69      0.12      1.64      0.70      7.68
07:28:21 PM      6.44      2.87      0.99     10.84      6.44      2.87      0.99     10.83
07:28:26 PM      4.31      2.68      0.98      0.00      4.31      2.68      0.98      0.00
07:28:31 PM      2.37      2.42      0.96      0.00      2.37      2.42      0.96      0.00
07:28:36 PM      1.58      2.27      0.94      0.00      1.58      2.27      0.94      0.00
07:28:41 PM      0.87      2.05      0.92      0.00      0.87      2.05      0.92      0.00
07:28:46 PM      0.58      1.92      0.91      0.00      0.58      1.92      0.91      0.00
07:28:51 PM      0.31      1.74      0.89      0.00      0.31      1.74      0.89      0.00
07:28:56 PM      0.21      1.62      0.88      0.00      0.21      1.62      0.88      0.00
07:29:01 PM      0.11      1.47      0.86      0.00      0.11      1.47      0.86      0.00
07:29:06 PM      0.07      1.37      0.85      0.00      0.07      1.37      0.85      0.00
07:29:11 PM      0.04      1.24      0.83      0.00      0.04      1.24      0.83      0.00
07:29:16 PM      0.02      1.16      0.82      0.00      0.02      1.16      0.82      0.00
07:29:21 PM      0.01      1.05      0.80      0.00      0.01      1.05      0.80      0.00
07:29:26 PM      0.00      0.98      0.79      0.00      0.00      0.98      0.79      0.00
07:29:31 PM      0.00      0.89      0.77      0.00      0.00      0.89      0.77      0.00
07:29:36 PM      0.00      0.83      0.76      0.00      0.00      0.83      0.76      0.00
07:29:41 PM      0.00      0.75      0.74      0.00      0.00      0.75      0.74      0.00
07:29:46 PM      0.00      0.70      0.73      0.00      0.00      0.70      0.73      0.00
07:29:51 PM      0.00      0.63      0.72      0.00      0.00      0.63      0.72      0.00
07:29:56 PM      0.00      0.59      0.71      0.00      0.00      0.59      0.71      0.00
07:30:01 PM      0.00      0.53      0.69      0.00      0.00      0.53      0.69      0.00
07:30:06 PM      0.00      0.50      0.68      0.00      0.00      0.50      0.68      0.00
07:30:11 PM     12.46      2.76      1.15     33.61     12.46      2.76      1.15     33.60
07:30:16 PM     14.73      3.94      1.43     12.28     14.73      3.94      1.43     12.28
07:30:21 PM      8.09      3.57      1.40      0.01      8.09      3.57      1.40      0.01
07:30:26 PM      5.42      3.34      1.38      0.01      5.42      3.34      1.38      0.01
07:30:31 PM      2.97      3.02      1.35      0.00      2.97      3.02      1.35      0.00
07:30:36 PM      1.99      2.82      1.33      0.00      1.99      2.82      1.33      0.00
07:30:41 PM      1.09      2.56      1.30      0.00      1.09      2.56      1.30      0.00
07:30:46 PM      0.73      2.39      1.28      0.01      0.73      2.39      1.28      0.01
07:30:51 PM      0.40      2.16      1.26      0.00      0.40      2.16      1.26      0.00
07:30:56 PM      0.26      2.02      1.24      0.00      0.26      2.02      1.24      0.00
07:31:01 PM      0.14      1.83      1.21      0.00      0.14      1.83      1.21      0.00
07:31:06 PM      0.09      1.71      1.20      0.00      0.09      1.71      1.20      0.00
07:31:11 PM      0.05      1.55      1.17      0.00      0.05      1.55      1.17      0.00
07:31:16 PM      0.03      1.45      1.16      0.00      0.03      1.45      1.16      0.00
07:31:21 PM      0.01      1.31      1.13      0.00      0.01      1.31      1.13      0.00
07:31:26 PM      0.01      1.22      1.11      0.00      0.01      1.22      1.11      0.00
07:31:31 PM      0.00      1.11      1.09      0.00      0.00      1.11      1.09      0.00
07:31:36 PM      0.00      1.03      1.08      0.00      0.00      1.03      1.08      0.00
07:31:41 PM      0.00      0.93      1.05      0.00      0.00      0.93      1.05      0.00
07:31:46 PM      0.00      0.87      1.04      2.33      0.00      0.87      1.04      2.32
07:31:51 PM      0.60      0.94      1.05      0.00      0.60      0.94      1.05      0.00
07:31:56 PM      0.40      0.88      1.04      0.00      0.40      0.88      1.04      0.00
07:32:01 PM      0.22      0.80      1.01      0.00      0.22      0.80      1.01      0.00
07:32:06 PM      0.14      0.75      1.00      0.00      0.14      0.75      1.00      0.00
07:32:11 PM      0.08      0.67      0.98      0.00      0.08      0.67      0.98      0.00
07:32:16 PM      0.05      0.63      0.96      0.00      0.05      0.63      0.96      0.00
07:32:21 PM      0.02      0.57      0.94      0.00      0.02      0.57      0.94      0.00
07:32:26 PM      0.01      0.53      0.93      0.00      0.01      0.53      0.93      0.00
07:32:31 PM      0.00      0.48      0.91      0.00      0.00      0.48      0.91      0.00
07:32:36 PM      0.00      0.45      0.90      0.00      0.00      0.45      0.90      0.00
07:32:41 PM      0.00      0.40      0.88      0.00      0.00      0.40      0.88      0.00
07:32:46 PM      0.00      0.38      0.87      0.00      0.00      0.38      0.87      0.00
07:32:51 PM      0.00      0.34      0.85      0.00      0.00      0.34      0.85      0.00
07:32:56 PM      0.00      0.32      0.84      0.00      0.00      0.32      0.84      0.00
07:33:01 PM      0.00      0.29      0.82      0.00      0.00      0.29      0.82      0.00
07:33:06 PM      0.00      0.27      0.81      0.00      0.00      0.27      0.81      0.00
07:33:11 PM      0.00      0.24      0.79      0.00      0.00      0.24      0.79      0.00
07:33:16 PM      0.00      0.22      0.78      3.49      0.00      0.22      0.78      3.49
07:33:21 PM      4.30      1.22      0.98     10.45      4.30      1.22      0.98     10.45
07:33:26 PM      2.88      1.14      0.97      0.00      2.88      1.14      0.97      0.00
07:33:31 PM      1.58      1.03      0.95      0.02      1.58      1.03      0.95      0.02
07:33:36 PM      1.06      0.97      0.94      0.00      1.06      0.97      0.94      0.00
07:33:41 PM      5.77      1.98      1.15     14.31      5.77      1.98      1.15     14.31
07:33:46 PM      3.87      1.85      1.14      0.00      3.87      1.85      1.14      0.00
07:33:51 PM      2.12      1.68      1.11      0.00      2.12      1.68      1.11      0.00
07:33:56 PM      1.42      1.57      1.10      0.00      1.42      1.57      1.10      0.00
07:34:01 PM      0.78      1.42      1.08      0.00      0.78      1.42      1.08      0.00
07:34:06 PM      0.52      1.33      1.06      0.00      0.52      1.33      1.06      0.00
07:34:11 PM      0.28      1.20      1.04      0.00      0.28      1.20      1.04      0.00
07:34:16 PM      0.19      1.12      1.02      0.00      0.19      1.12      1.02      0.00
07:34:21 PM      0.10      1.01      1.00      0.00      0.10      1.01      1.00      0.00
07:34:26 PM      0.06      0.95      0.99      0.00      0.06      0.95      0.99      0.00
07:34:31 PM      0.03      0.86      0.97      0.00      0.03      0.86      0.97      0.00
07:34:36 PM      0.02      0.80      0.95      0.00      0.02      0.80      0.95      0.00
07:34:41 PM      0.01      0.72      0.93      0.00      0.01      0.72      0.93      0.00
07:34:46 PM      0.00      0.68      0.92      0.00      0.00      0.68      0.92      0.00
07:34:51 PM      0.00      0.61      0.90      0.00      0.00      0.61      0.90      0.00
07:34:56 PM      0.00      0.57      0.89      0.00      0.00      0.57      0.89      0.00
07:35:01 PM      0.00      0.52      0.87      0.00      0.00      0.52      0.87      0.00
07:35:06 PM      0.00      0.48      0.85      0.00      0.00      0.48      0.85      0.00
07:35:11 PM      0.00      0.43      0.84      0.00      0.00      0.43      0.84      0.00
07:35:16 PM      0.00      0.41      0.83      0.00      0.00      0.41      0.83      0.00
07:35:21 PM      0.00      0.37      0.81      0.00      0.00      0.37      0.81      0.00
07:35:26 PM      0.00      0.34      0.80      0.00      0.00      0.34      0.80      0.00
07:35:31 PM      0.00      0.31      0.78      0.00      0.00      0.31      0.78      0.00
07:35:36 PM      0.00      0.29      0.77      0.00      0.00      0.29      0.77      0.00
07:35:41 PM      0.00      0.26      0.75      0.00      0.00      0.26      0.75      0.00
07:35:46 PM      0.00      0.24      0.74      0.00      0.00      0.24      0.74      0.00
07:35:51 PM      0.00      0.22      0.72      0.00      0.00      0.22      0.72      0.00
07:35:56 PM      0.00      0.20      0.71      0.00      0.00      0.20      0.71      0.00
07:36:01 PM      0.00      0.18      0.70      0.00      0.00      0.18      0.70      0.00
07:36:06 PM      0.00      0.17      0.69      0.00      0.00      0.17      0.69      0.00
07:36:11 PM      0.00      0.15      0.67      0.00      0.00      0.15      0.67      0.00
07:36:16 PM      0.00      0.14      0.66      0.00      0.00      0.14      0.66      0.00
07:36:21 PM      0.00      0.13      0.65      0.00      0.00      0.13      0.65      0.00
07:36:26 PM      0.00      0.12      0.64      0.00      0.00      0.12      0.64      0.00
07:36:31 PM      0.00      0.11      0.63      0.00      0.00      0.11      0.63      0.00
07:36:36 PM      0.00      0.10      0.62      0.00      0.00      0.10      0.62      0.00
07:36:41 PM      0.00      0.09      0.60      0.00      0.00      0.09      0.60      0.00
07:36:46 PM      0.00      0.08      0.60      0.00      0.00      0.08      0.60      0.00
Average:         0.29      0.29      0.26      0.31      0.29      0.29      0.26      0.31
