Linux 7.0.10-arch1-1 (archlinux) 	06/02/2026 	_x86_64_	(4 CPU)

09:01:52 PM  pgpgin/s pgpgout/s   fault/s  majflt/s  pgfree/s pgscank/s pgscand/s pgsteal/s  pgprom/s   pgdem/s
09:01:57 PM   2297.60      0.00  99972.80      2.60    457.20      0.00      0.00      0.00      0.00      0.00
09:02:02 PM      0.00      0.00      0.80      0.00      4.00      0.00      0.00      0.00      0.00      0.00
09:02:07 PM     16.00    591.20      0.80      0.00      4.80      0.00      0.00      0.00      0.00      0.00
09:02:12 PM      0.00   9023.20      0.40      0.00   2476.60      0.00      0.00      0.00      0.00      0.00
09:02:17 PM      0.00   2102.40      0.00      0.00    829.40      0.00      0.00      0.00      0.00      0.00
09:02:22 PM     21.60   5324.80      6.40      5.40   1336.80      0.00      0.00      0.00      0.00      0.00
09:02:27 PM      0.80    752.00      0.20      0.20    204.80      0.00      0.00      0.00      0.00      0.00
09:02:32 PM      8.80   4122.40      2.20      2.20   1073.60      0.00      0.00      0.00      0.00      0.00
09:02:37 PM     81.60   1987.20     19.60     19.60    641.60      0.00      0.00      0.00      0.00      0.00
09:02:42 PM     47.20   5734.40     12.00     11.80   1442.40      0.00      0.00      0.00      0.00      0.00
09:02:47 PM      6.39   2453.49      1.60      1.60    614.37      0.00      0.00      0.00      0.00      0.00
09:02:52 PM      1.60   2023.20      2.80      0.40    509.80      0.00      0.00      0.00      0.00      0.00
09:02:57 PM      8.80   1348.00      3.00      2.20    341.80      0.00      0.00      0.00      0.00      0.00
09:03:02 PM      1.60      0.00      0.40      0.40      5.00      0.00      0.00      0.00      0.00      0.00
09:03:07 PM    510.40      0.00      1.80      0.80    233.20      0.00      0.00      0.00      0.00      0.00
09:03:12 PM      0.80    130.40      0.40      0.20     17.40      0.00      0.00      0.00      0.00      0.00
09:03:17 PM      3.20   6144.00      0.80      0.80   1536.60      0.00      0.00      0.00      0.00      0.00
09:03:22 PM      7.20   6636.80      2.00      1.80   1663.40      0.00      0.00      0.00      0.00      0.00
09:03:27 PM      0.00   1895.20      0.00      0.00    477.60      0.00      0.00      0.00      0.00      0.00
09:03:32 PM    104.00    579.20     29.00     26.00    159.60      0.00      0.00      0.00      0.00      0.00
09:03:37 PM      0.80    388.00      0.20      0.20    113.80      0.00      0.00      0.00      0.00      0.00
09:03:42 PM     10.40      2.40      2.60      2.60     16.00      0.00      0.00      0.00      0.00      0.00
09:03:47 PM      0.00      0.00      0.00      0.00      0.40      0.00      0.00      0.00      0.00      0.00
09:03:52 PM      0.80   3469.60      0.20      0.20    840.40      0.00      0.00      0.00      0.00      0.00
09:03:57 PM  24576.00   7068.00   6144.60   6144.00   1935.40      0.00      0.00      0.00      0.00      0.00
09:04:02 PM      0.80   4263.20      0.20      0.20   1069.80      0.00      0.00      0.00      0.00      0.00
09:04:07 PM      1.60   4915.20      0.40      0.40   1235.20      0.00      0.00      0.00      0.00      0.00
09:04:12 PM      2.40   5895.20      0.60      0.60   1478.60      0.00      0.00      0.00      0.00      0.00
09:04:17 PM      0.00   4982.40      0.00      0.00   1246.20      0.00      0.00      0.00      0.00      0.00
09:04:22 PM      5.60   1972.80      1.40      1.40    469.40      0.00      0.00      0.00      0.00      0.00
09:04:27 PM      1.60   1681.60      0.40      0.40    424.40      0.00      0.00      0.00      0.00      0.00
09:04:32 PM      0.00   1256.80      0.00      0.00    318.00      0.00      0.00      0.00      0.00      0.00
09:04:37 PM      0.80   3190.40      0.20      0.20    801.60      0.00      0.00      0.00      0.00      0.00
09:04:42 PM      0.00   4608.80      0.00      0.00   1155.60      0.00      0.00      0.00      0.00      0.00
09:04:47 PM      0.00    819.20      0.20      0.00    205.80      0.00      0.00      0.00      0.00      0.00
09:04:52 PM      0.80   3344.80      0.20      0.20    841.00      0.00      0.00      0.00      0.00      0.00
09:04:57 PM      0.80   4648.00      2.20      0.20   1166.60      0.00      0.00      0.00      0.00      0.00
09:05:02 PM      1.60   4114.40      1.00      0.40    963.80      0.00      0.00      0.00      0.00      0.00
09:05:07 PM      0.00   6276.80      0.00      0.00   1574.20      0.00      0.00      0.00      0.00      0.00
09:05:12 PM      0.00    728.80      0.00      0.00    186.00      0.00      0.00      0.00      0.00      0.00
09:05:17 PM      0.00      0.00      0.00      0.00      0.60      0.00      0.00      0.00      0.00      0.00
09:05:22 PM      0.80   2342.40      0.20      0.20    589.80      0.00      0.00      0.00      0.00      0.00
09:05:27 PM     80.80    556.00     22.00     20.40    202.60      0.00      0.00      0.00      0.00      0.00
09:05:32 PM     39.20    213.60      9.40      9.00      3.80      0.00      0.00      0.00      0.00      0.00
09:05:37 PM      0.00   1179.20      0.40      0.00    535.40      0.00      0.00      0.00      0.00      0.00
09:05:42 PM      0.80    588.00    282.00      0.20    383.80      0.00      0.00      0.00      0.00      0.00
09:05:47 PM      0.00     19.20      0.00      0.00      4.40      0.00      0.00      0.00      0.00      0.00
09:05:52 PM      0.80   4268.00      0.20      0.20   1071.00      0.00      0.00      0.00      0.00      0.00
09:05:57 PM  43952.80   2912.80  10988.80  10988.20   1006.00      0.00      0.00      0.00      0.00      0.00
09:06:02 PM      2.40   7372.80      0.60      0.60   1852.80      0.00      0.00      0.00      0.00      0.00
09:06:07 PM      4.00    220.00      0.20      0.20      4.80      0.00      0.00      0.00      0.00      0.00
09:06:12 PM     16.00   2654.40      4.00      4.00    667.40      0.00      0.00      0.00      0.00      0.00
09:06:17 PM      3.20    430.40      0.80      0.80    109.40      0.00      0.00      0.00      0.00      0.00
09:06:22 PM      0.80    982.04      0.20      0.20    248.70      0.00      0.00      0.00      0.00      0.00
09:06:27 PM      0.00    677.60      0.00      0.00    173.20      0.00      0.00      0.00      0.00      0.00
09:06:32 PM      0.00    449.60      0.00      0.00    116.40      0.00      0.00      0.00      0.00      0.00
09:06:37 PM      0.00    844.00      0.00      0.00    207.60      0.00      0.00      0.00      0.00      0.00
09:06:42 PM      0.00   2485.60      0.00      0.00    583.20      0.00      0.00      0.00      0.00      0.00
09:06:47 PM      0.00    612.00      0.00      0.00    295.00      0.00      0.00      0.00      0.00      0.00
09:06:52 PM      0.00  10384.80      0.00      0.00   2600.20      0.00      0.00      0.00      0.00      0.00
09:06:57 PM      0.00    594.40      0.00      0.00    151.60      0.00      0.00      0.00      0.00      0.00
09:07:02 PM      0.00   1141.60      0.00      0.00    376.80      0.00      0.00      0.00      0.00      0.00
09:07:07 PM      1.60     88.00      0.40      0.40     48.80      0.00      0.00      0.00      0.00      0.00
09:07:12 PM     22.40    441.60      5.60      5.60    123.20      0.00      0.00      0.00      0.00      0.00
09:07:17 PM      0.00   1736.80      0.00      0.00    519.80      0.00      0.00      0.00      0.00      0.00
09:07:22 PM     12.80   5089.60      2.40      2.40   1241.40      0.00      0.00      0.00      0.00      0.00
09:07:27 PM      0.00   2346.40      0.00      0.00    590.60      0.00      0.00      0.00      0.00      0.00
09:07:32 PM    105.60      4.80     27.20     27.20     12.40      0.00      0.00      0.00      0.00      0.00
09:07:37 PM      0.80   4080.80      0.00      0.00   1026.60      0.00      0.00      0.00      0.00      0.00
09:07:42 PM      0.00      0.00      0.00      0.00      4.00      0.00      0.00      0.00      0.00      0.00
09:07:47 PM      0.80      0.00      0.20      0.20      1.40      0.00      0.00      0.00      0.00      0.00
09:07:52 PM      0.00   3196.80      0.00      0.00    790.40      0.00      0.00      0.00      0.00      0.00
09:07:57 PM  29756.00   8768.80   7542.80   7439.20   2458.40      0.00      0.00      0.00      0.00      0.00
09:08:02 PM   1639.20   5880.80    409.80    409.80   1607.00      0.00      0.00      0.00      0.00      0.00
09:08:07 PM      0.00      4.00      0.00      0.00      4.00      0.00      0.00      0.00      0.00      0.00
09:08:12 PM      0.00      0.00      0.00      0.00      4.00      0.00      0.00      0.00      0.00      0.00
09:08:17 PM      0.00      0.00      0.00      0.00      0.40      0.00      0.00      0.00      0.00      0.00
09:08:22 PM      0.00      1.60      0.00      0.00      4.00      0.00      0.00      0.00      0.00      0.00
09:08:27 PM      0.00      0.00      0.00      0.00      3.80      0.00      0.00      0.00      0.00      0.00
09:08:32 PM      0.00     38.40      0.00      0.00      3.80      0.00      0.00      0.00      0.00      0.00
09:08:37 PM      0.00    162.40      0.00      0.00      4.00      0.00      0.00      0.00      0.00      0.00
09:08:42 PM      0.00      3.20      0.00      0.00      3.80      0.00      0.00      0.00      0.00      0.00
09:08:47 PM      0.00      0.00      0.00      0.00      0.60      0.00      0.00      0.00      0.00      0.00
09:08:52 PM      0.80      0.80      0.20      0.20      3.80      0.00      0.00      0.00      0.00      0.00
09:08:57 PM      0.00      0.00      0.00      0.00      4.00      0.00      0.00      0.00      0.00      0.00
09:09:02 PM      0.00      0.00      0.00      0.00      4.20      0.00      0.00      0.00      0.00      0.00
09:09:07 PM      0.80   1048.80      0.80      0.20    259.20      0.00      0.00      0.00      0.00      0.00
09:09:12 PM      0.80   2367.20      2.40      0.20    593.20      0.00      0.00      0.00      0.00      0.00
09:09:17 PM      2.40   6922.40      0.60      0.60   1683.40      0.00      0.00      0.00      0.00      0.00
09:09:22 PM      3.20   3440.00      0.80      0.80    864.40      0.00      0.00      0.00      0.00      0.00
09:09:27 PM      5.60  10376.80      1.40      1.40   2599.60      0.00      0.00      0.00      0.00      0.00
09:09:32 PM     16.80    932.00      4.20      4.20    238.60      0.00      0.00      0.00      0.00      0.00
09:09:37 PM      0.00   6642.40      0.00      0.00   1664.60      0.00      0.00      0.00      0.00      0.00
09:09:42 PM      0.80    980.00      0.20      0.20    249.00      0.00      0.00      0.00      0.00      0.00
09:09:47 PM      0.00    286.40      0.00      0.00      0.80      0.00      0.00      0.00      0.00      0.00
09:09:52 PM      0.80     12.80      0.20      0.20      7.20      0.00      0.00      0.00      0.00      0.00
09:09:57 PM  91622.40   5591.20  22906.00  22905.40   2252.20      0.00      0.00      0.00      0.00      0.00
09:10:02 PM      0.00      0.80      0.00      0.00      3.80      0.00      0.00      0.00      0.00      0.00
09:10:07 PM  26629.60      0.00   6657.40   6657.40   2665.00      0.00      0.00      0.00      0.00      0.00
09:10:12 PM      0.00      0.00      0.00      0.00      3.80      0.00      0.00      0.00      0.00      0.00
09:10:17 PM      1.60     32.00      0.40      0.40      0.60      0.00      0.00      0.00      0.00      0.00
09:10:22 PM      0.80    117.60      0.20      0.20      4.00      0.00      0.00      0.00      0.00      0.00
09:10:27 PM      0.00      3.20      0.00      0.00      4.00      0.00      0.00      0.00      0.00      0.00
09:10:32 PM      0.00      0.00      0.00      0.00      3.79      0.00      0.00      0.00      0.00      0.00
09:10:37 PM      0.80      0.80      0.20      0.20      1.40      0.00      0.00      0.00      0.00      0.00
09:10:42 PM      9.60      0.00    285.40      2.40    219.00      0.00      0.00      0.00      0.00      0.00
09:10:47 PM      0.80      0.00      0.20      0.20      0.40      0.00      0.00      0.00      0.00      0.00
09:10:52 PM      0.00     32.00      0.00      0.00      4.80      0.00      0.00      0.00      0.00      0.00
09:10:57 PM      0.00    130.40      0.00      0.00      3.80      0.00      0.00      0.00      0.00      0.00
09:11:02 PM      0.00      4.00      0.00      0.00      4.00      0.00      0.00      0.00      0.00      0.00
09:11:07 PM      0.00      0.00      0.00      0.00    208.80      0.00      0.00      0.00      0.00      0.00
09:11:12 PM      0.00      0.80      0.00      0.00      4.00      0.00      0.00      0.00      0.00      0.00
09:11:17 PM      0.00      0.00      0.00      0.00    102.80      0.00      0.00      0.00      0.00      0.00
09:11:22 PM      0.00      0.00      0.00      0.00      3.80      0.00      0.00      0.00      0.00      0.00
09:11:27 PM      0.00     32.00      0.00      0.00    413.60      0.00      0.00      0.00      0.00      0.00
09:11:32 PM      8.80    117.60      2.20      2.20    108.80      0.00      0.00      0.00      0.00      0.00
09:11:37 PM      0.00      3.20      0.00      0.00      4.00      0.00      0.00      0.00      0.00      0.00
09:11:42 PM      0.00      0.00      0.00      0.00    413.40      0.00      0.00      0.00      0.00      0.00
09:11:47 PM      0.00      0.80      0.00      0.00      0.60      0.00      0.00      0.00      0.00      0.00
09:11:52 PM      0.00      0.00      0.00      0.00    823.00      0.00      0.00      0.00      0.00      0.00
09:11:57 PM      0.00      0.00      0.00      0.00      3.80      0.00      0.00      0.00      0.00      0.00
09:12:02 PM      0.00     32.00      0.00      0.00      4.00      0.00      0.00      0.00      0.00      0.00
09:12:07 PM      0.00    130.40      0.20      0.00      3.80      0.00      0.00      0.00      0.00      0.00
09:12:12 PM      0.00      4.00      0.00      0.00      4.20      0.00      0.00      0.00      0.00      0.00
09:12:17 PM      0.00      0.00      0.00      0.00      0.40      0.00      0.00      0.00      0.00      0.00
09:12:22 PM      0.00      0.80      0.00      0.00      4.00      0.00      0.00      0.00      0.00      0.00
09:12:27 PM      0.00      0.00      0.00      0.00      3.80      0.00      0.00      0.00      0.00      0.00
09:12:32 PM      0.00      0.00      0.00      0.00      4.00      0.00      0.00      0.00      0.00      0.00
09:12:37 PM      0.00     32.00      0.00      0.00      3.80      0.00      0.00      0.00      0.00      0.00
09:12:42 PM      0.00      0.00      0.00      0.00      3.80      0.00      0.00      0.00      0.00      0.00
09:12:47 PM      0.00    120.80      0.00      0.00      0.60      0.00      0.00      0.00      0.00      0.00
09:12:52 PM      0.00      0.00      0.00      0.00      3.80      0.00      0.00      0.00      0.00      0.00
09:12:57 PM      0.00      0.00      0.00      0.00      4.00      0.00      0.00      0.00      0.00      0.00
09:13:02 PM      0.00      0.80      0.00      0.00      3.80      0.00      0.00      0.00      0.00      0.00
09:13:07 PM      0.00      0.00      0.00      0.00      4.00      0.00      0.00      0.00      0.00      0.00
09:13:12 PM      0.00      0.00      0.00      0.00    413.60      0.00      0.00      0.00      0.00      0.00
09:13:17 PM      0.00     32.00      0.00      0.00      0.60      0.00      0.00      0.00      0.00      0.00
09:13:22 PM      0.80    141.60      0.20      0.20      3.80      0.00      0.00      0.00      0.00      0.00
09:13:27 PM      0.00      0.00      0.00      0.00      3.80      0.00      0.00      0.00      0.00      0.00
09:13:32 PM      0.00      0.00      0.00      0.00    208.80      0.00      0.00      0.00      0.00      0.00
09:13:37 PM      0.00      0.80      0.00      0.00      8.40      0.00      0.00      0.00      0.00      0.00
09:13:42 PM      0.00      0.00      0.00      0.00    208.80      0.00      0.00      0.00      0.00      0.00
09:13:47 PM      0.00      0.00      0.00      0.00      0.40      0.00      0.00      0.00      0.00      0.00
09:13:52 PM      0.00     32.00      0.00      0.00    208.80      0.00      0.00      0.00      0.00      0.00
09:13:57 PM      0.00      3.20      1.40      0.00      3.80      0.00      0.00      0.00      0.00      0.00
09:14:02 PM      0.00      0.00      0.00      0.00    721.20      0.00      0.00      0.00      0.00      0.00
09:14:07 PM      1.60    110.98      0.40      0.40      4.99      0.00      0.00      0.00      0.00      0.00
09:14:12 PM      0.00     37.60      2.40      0.00    107.40      0.00      0.00      0.00      0.00      0.00
09:14:17 PM      0.00     14.40      1.80      0.00      1.00      0.00      0.00      0.00      0.00      0.00
09:14:22 PM      0.00      0.00      0.00      0.00      4.00      0.00      0.00      0.00      0.00      0.00
09:14:27 PM      0.00     64.00      0.00      0.00      4.40      0.00      0.00      0.00      0.00      0.00
09:14:32 PM      0.00      4.00      0.00      0.00      4.20      0.00      0.00      0.00      0.00      0.00
09:14:37 PM      0.00      0.00      0.00      0.00      4.20      0.00      0.00      0.00      0.00      0.00
09:14:42 PM      0.00    156.00      0.00      0.00      3.80      0.00      0.00      0.00      0.00      0.00
09:14:47 PM      0.00      7.20      0.00      0.00      0.60      0.00      0.00      0.00      0.00      0.00
09:14:52 PM      0.00      0.00      0.00      0.00    311.00      0.00      0.00      0.00      0.00      0.00
09:14:57 PM      0.00     32.00      0.00      0.00      4.20      0.00      0.00      0.00      0.00      0.00
09:15:02 PM      0.00      0.00      0.00      0.00      4.00      0.00      0.00      0.00      0.00      0.00
09:15:07 PM      0.00      4.00      0.00      0.00      3.80      0.00      0.00      0.00      0.00      0.00
09:15:12 PM      0.00      0.00      0.00      0.00      4.00      0.00      0.00      0.00      0.00      0.00
09:15:17 PM      0.00    130.40      0.00      0.00      0.60      0.00      0.00      0.00      0.00      0.00
09:15:22 PM      0.00      1.60      0.00      0.00      4.00      0.00      0.00      0.00      0.00      0.00
09:15:27 PM      0.00      0.00      0.00      0.00      3.80      0.00      0.00      0.00      0.00      0.00
09:15:32 PM    244.80      0.00    330.60     61.20    185.60      0.00      0.00      0.00      0.00      0.00
09:15:37 PM      0.00     51.20      0.00      0.00      6.00      0.00      0.00      0.00      0.00      0.00
09:15:42 PM      0.00      3.20      0.00      0.00     10.00      0.00      0.00      0.00      0.00      0.00
09:15:47 PM      0.00      0.00      0.00      0.00    307.80      0.00      0.00      0.00      0.00      0.00
09:15:52 PM      0.00      0.00      0.00      0.00      3.80      0.00      0.00      0.00      0.00      0.00
09:15:57 PM      0.00    144.00    283.00      0.00    315.80      0.00      0.00      0.00      0.00      0.00
09:16:02 PM      0.00     19.20      0.00      0.00      3.80      0.00      0.00      0.00      0.00      0.00
09:16:07 PM      0.00      0.00      0.20      0.00    210.80      0.00      0.00      0.00      0.00      0.00
09:16:12 PM      0.00     57.60      0.80      0.00      3.80      0.00      0.00      0.00      0.00      0.00
09:16:17 PM      0.00      3.20      0.00      0.00    819.80      0.00      0.00      0.00      0.00      0.00
09:16:22 PM      0.00      0.00      0.80      0.00      4.00      0.00      0.00      0.00      0.00      0.00
09:16:27 PM      0.00      0.00      0.00      0.00    208.60      0.00      0.00      0.00      0.00      0.00
09:16:32 PM      0.00    137.60      0.00      0.00      4.00      0.00      0.00      0.00      0.00      0.00
09:16:37 PM      0.00      0.00      0.00      0.00    208.60      0.00      0.00      0.00      0.00      0.00
09:16:42 PM      0.00      0.00      0.20      0.00      4.00      0.00      0.00      0.00      0.00      0.00
09:16:47 PM      0.00      0.00      0.00      0.00      0.40      0.00      0.00      0.00      0.00      0.00
09:16:52 PM      0.00      4.80      0.00      0.00      4.00      0.00      0.00      0.00      0.00      0.00
09:16:57 PM      0.00      0.00      0.00      0.00    106.20      0.00      0.00      0.00      0.00      0.00
09:17:02 PM      0.00      0.00      0.00      0.00      3.80      0.00      0.00      0.00      0.00      0.00
09:17:07 PM      0.00      0.80      0.00      0.00      4.00      0.00      0.00      0.00      0.00      0.00
09:17:12 PM      0.00    130.40      0.00      0.00      3.80      0.00      0.00      0.00      0.00      0.00
09:17:17 PM      0.00      0.00      0.00      0.00      0.80      0.00      0.00      0.00      0.00      0.00
09:17:22 PM      0.00      0.00      0.20      0.00      3.80      0.00      0.00      0.00      0.00      0.00
09:17:27 PM      0.00      4.80      0.00      0.00      4.00      0.00      0.00      0.00      0.00      0.00
09:17:32 PM      0.00      0.00      0.00      0.00      3.80      0.00      0.00      0.00      0.00      0.00
09:17:37 PM      0.00      0.00      0.00      0.00    311.20      0.00      0.00      0.00      0.00      0.00
09:17:42 PM      0.00      0.80      0.00      0.00      4.00      0.00      0.00      0.00      0.00      0.00
09:17:47 PM      0.00      0.00      0.00      0.00      0.40      0.00      0.00      0.00      0.00      0.00
09:17:52 PM      0.00      0.00      0.00      0.00      4.00      0.00      0.00      0.00      0.00      0.00
09:17:57 PM     10.40    168.80      2.60      2.60    209.40      0.00      0.00      0.00      0.00      0.00
09:18:02 PM      0.00      3.20      0.00      0.00      4.00      0.00      0.00      0.00      0.00      0.00
09:18:07 PM      0.00      0.00      0.00      0.00    208.60      0.00      0.00      0.00      0.00      0.00
09:18:12 PM      0.00      0.00      0.00      0.00      4.00      0.00      0.00      0.00      0.00      0.00
09:18:17 PM      0.00      0.80      0.00      0.00    512.60      0.00      0.00      0.00      0.00      0.00
09:18:22 PM      0.00      0.00      0.00      0.00      3.80      0.00      0.00      0.00      0.00      0.00
09:18:27 PM      0.00     32.00      0.00      0.00    823.20      0.00      0.00      0.00      0.00      0.00
09:18:32 PM      0.00    111.20      0.00      0.00      3.80      0.00      0.00      0.00      0.00      0.00
09:18:37 PM      0.00      3.20      0.00      0.00      4.00      0.00      0.00      0.00      0.00      0.00
09:18:42 PM      0.00      0.00      0.00      0.00    311.00      0.00      0.00      0.00      0.00      0.00
09:18:47 PM      0.00      0.00      0.00      0.00      0.60      0.00      0.00      0.00      0.00      0.00
09:18:52 PM      0.00      0.80      0.00      0.00      3.80      0.00      0.00      0.00      0.00      0.00
09:18:57 PM      0.00      0.00      0.00      0.00      4.00      0.00      0.00      0.00      0.00      0.00
09:19:02 PM      0.00     32.00      0.00      0.00      4.20      0.00      0.00      0.00      0.00      0.00
09:19:07 PM      0.00    136.80      0.00      0.00      4.80      0.00      0.00      0.00      0.00      0.00
09:19:12 PM      0.00      3.20      1.80      0.00    209.00      0.00      0.00      0.00      0.00      0.00
09:19:17 PM      0.00     35.20      0.20      0.00      1.60      0.00      0.00      0.00      0.00      0.00
09:19:22 PM      0.00      0.00      0.00      0.00      4.40      0.00      0.00      0.00      0.00      0.00
09:19:27 PM      0.00     15.20      1.80      0.00      4.40      0.00      0.00      0.00      0.00      0.00
09:19:32 PM      0.00      0.00      0.00      0.00    311.40      0.00      0.00      0.00      0.00      0.00
09:19:37 PM      0.00     64.00      0.20      0.00      3.80      0.00      0.00      0.00      0.00      0.00
09:19:42 PM      0.00    136.80      0.00      0.00      5.00      0.00      0.00      0.00      0.00      0.00
09:19:47 PM      0.00      9.60      0.00      0.00      0.40      0.00      0.00      0.00      0.00      0.00
09:19:52 PM      0.00      0.00      0.40      0.00    208.60      0.00      0.00      0.00      0.00      0.00
09:19:57 PM      0.00      0.00      0.00      0.00      4.40      0.00      0.00      0.00      0.00      0.00
09:20:02 PM      0.00      0.00      0.00      0.00      3.80      0.00      0.00      0.00      0.00      0.00
09:20:07 PM      0.00      0.80      0.00      0.00      4.00      0.00      0.00      0.00      0.00      0.00
09:20:12 PM      0.00    149.60      0.00      0.00      3.80      0.00      0.00      0.00      0.00      0.00
09:20:17 PM      0.00      0.00      0.00      0.00      0.60      0.00      0.00      0.00      0.00      0.00
09:20:22 PM      0.00      6.40      0.00      0.00      4.00      0.00      0.00      0.00      0.00      0.00
09:20:27 PM      0.00      0.00      0.00      0.00      4.00      0.00      0.00      0.00      0.00      0.00
09:20:32 PM      0.00      0.00      0.00      0.00    311.00      0.00      0.00      0.00      0.00      0.00
09:20:37 PM      0.00      0.00      0.00      0.00      1.60      0.00      0.00      0.00      0.00      0.00
09:20:42 PM      0.00      0.80      0.00      0.00    829.00      0.00      0.00      0.00      0.00      0.00
09:20:47 PM      0.00      0.00      0.00      0.00      0.40      0.00      0.00      0.00      0.00      0.00
09:20:52 PM      0.00    200.80      0.00      0.00    516.00      0.00      0.00      0.00      0.00      0.00
09:20:57 PM      0.00      3.20    282.60      0.00    211.20      0.00      0.00      0.00      0.00      0.00
09:21:02 PM      0.00      0.00      0.00      0.00      4.00      0.00      0.00      0.00      0.00      0.00
09:21:07 PM      0.00      0.00      0.00      0.00      3.80      0.00      0.00      0.00      0.00      0.00
09:21:12 PM      0.00      0.00      0.00      0.00      4.00      0.00      0.00      0.00      0.00      0.00
09:21:17 PM      0.00      0.80      0.00      0.00      0.40      0.00      0.00      0.00      0.00      0.00
09:21:22 PM      0.00      0.00      0.00      0.00    516.00      0.00      0.00      0.00      0.00      0.00
09:21:27 PM      0.00    162.40      0.00      0.00      4.00      0.00      0.00      0.00      0.00      0.00
09:21:32 PM      0.00      3.20      0.00      0.00    413.40      0.00      0.00      0.00      0.00      0.00
09:21:37 PM      0.00      0.00      0.00      0.00      3.99      0.00      0.00      0.00      0.00      0.00
09:21:42 PM      0.00      0.00      0.00      0.00      3.80      0.00      0.00      0.00      0.00      0.00
09:21:47 PM      0.00      0.00      0.00      0.00      0.60      0.00      0.00      0.00      0.00      0.00
09:21:52 PM      0.00      1.60      0.00      0.00      3.80      0.00      0.00      0.00      0.00      0.00
09:21:57 PM      0.00     32.00      0.00      0.00      3.80      0.00      0.00      0.00      0.00      0.00
09:22:02 PM      0.00    111.20      0.00      0.00      4.00      0.00      0.00      0.00      0.00      0.00
09:22:07 PM      0.00      3.20      0.20      0.00      3.80      0.00      0.00      0.00      0.00      0.00
09:22:12 PM      0.00      0.00      0.00      0.00      4.00      0.00      0.00      0.00      0.00      0.00
09:22:17 PM      0.00      0.00      0.00      0.00      0.40      0.00      0.00      0.00      0.00      0.00
09:22:22 PM      0.00      0.00      0.00      0.00      4.00      0.00      0.00      0.00      0.00      0.00
09:22:27 PM      0.00      0.80      0.00      0.00      4.80      0.00      0.00      0.00      0.00      0.00
09:22:32 PM      0.00     32.00      0.00      0.00      4.00      0.00      0.00      0.00      0.00      0.00
09:22:37 PM      0.00    136.80      0.00      0.00      4.60      0.00      0.00      0.00      0.00      0.00
09:22:42 PM      0.00      4.00      0.00      0.00      3.80      0.00      0.00      0.00      0.00      0.00
09:22:47 PM      0.00      0.00      0.00      0.00      0.60      0.00      0.00      0.00      0.00      0.00
09:22:52 PM      0.00      0.00      0.00      0.00      3.80      0.00      0.00      0.00      0.00      0.00
09:22:57 PM      0.00      0.00      0.00      0.00      4.00      0.00      0.00      0.00      0.00      0.00
09:23:02 PM      0.00      0.80      0.00      0.00      3.80      0.00      0.00      0.00      0.00      0.00
09:23:07 PM      0.00     32.00      0.00      0.00      4.00      0.00      0.00      0.00      0.00      0.00
09:23:12 PM      0.00      0.00      0.00      0.00      3.80      0.00      0.00      0.00      0.00      0.00
09:23:17 PM      0.00    115.20      0.00      0.00      0.60      0.00      0.00      0.00      0.00      0.00
09:23:22 PM      0.00      0.00      0.00      0.00      3.80      0.00      0.00      0.00      0.00      0.00
09:23:27 PM      0.00      0.00      0.00      0.00      4.00      0.00      0.00      0.00      0.00      0.00
09:23:32 PM      0.00      0.00      0.00      0.00      4.00      0.00      0.00      0.00      0.00      0.00
09:23:37 PM      0.00      0.00      0.00      0.00      4.60      0.00      0.00      0.00      0.00      0.00
09:23:42 PM      0.00      0.80      0.00      0.00      4.00      0.00      0.00      0.00      0.00      0.00
09:23:47 PM      0.00     32.00      0.00      0.00      0.40      0.00      0.00      0.00      0.00      0.00
09:23:52 PM      0.00    127.20      0.00      0.00      4.00      0.00      0.00      0.00      0.00      0.00
09:23:57 PM      0.00      0.00      0.00      0.00      3.80      0.00      0.00      0.00      0.00      0.00
09:24:02 PM      0.00      0.00      0.00      0.00      4.40      0.00      0.00      0.00      0.00      0.00
09:24:07 PM      0.00      0.00      0.00      0.00      4.80      0.00      0.00      0.00      0.00      0.00
09:24:12 PM      0.00      0.00      2.00      0.00      4.80      0.00      0.00      0.00      0.00      0.00
09:24:17 PM      0.00      0.80      0.20      0.00    205.80      0.00      0.00      0.00      0.00      0.00
09:24:22 PM      0.00     64.00      0.00      0.00      4.80      0.00      0.00      0.00      0.00      0.00
09:24:27 PM      0.00     55.20      2.20      0.00    312.80      0.00      0.00      0.00      0.00      0.00
09:24:32 PM      0.00      0.00      0.00      0.00      4.00      0.00      0.00      0.00      0.00      0.00
09:24:37 PM      0.00      0.00      0.00      0.00      4.20      0.00      0.00      0.00      0.00      0.00
09:24:42 PM      0.00      0.00      0.00      0.00      3.80      0.00      0.00      0.00      0.00      0.00
09:24:47 PM      0.00    176.00      0.00      0.00      0.40      0.00      0.00      0.00      0.00      0.00
09:24:52 PM      0.00     32.80      0.00      0.00      4.00      0.00      0.00      0.00      0.00      0.00
09:24:57 PM      0.00      0.00      0.00      0.00    209.00      0.00      0.00      0.00      0.00      0.00
09:25:02 PM      0.00      3.20      0.00      0.00      4.00      0.00      0.00      0.00      0.00      0.00
09:25:07 PM      0.00      0.00      0.00      0.00    208.60      0.00      0.00      0.00      0.00      0.00
09:25:12 PM      0.00      0.00      0.00      0.00      3.99      0.00      0.00      0.00      0.00      0.00
09:25:17 PM      0.00      0.00      0.00      0.00    205.20      0.00      0.00      0.00      0.00      0.00
09:25:22 PM      0.00    124.00      0.00      0.00      4.00      0.00      0.00      0.00      0.00      0.00
09:25:27 PM      0.00      0.80      0.00      0.00    413.60      0.00      0.00      0.00      0.00      0.00
09:25:32 PM      0.00     32.00      0.00      0.00      3.80      0.00      0.00      0.00      0.00      0.00
09:25:37 PM      0.00      4.00      0.00      0.00    821.00      0.00      0.00      0.00      0.00      0.00
09:25:42 PM      0.00      0.00      0.00      0.00      9.40      0.00      0.00      0.00      0.00      0.00
09:25:47 PM      0.00      0.00      0.00      0.00      0.60      0.00      0.00      0.00      0.00      0.00
09:25:52 PM      0.00      0.00      0.00      0.00    720.60      0.00      0.00      0.00      0.00      0.00
09:25:57 PM      6.40    136.80      1.40      0.00      4.00      0.00      0.00      0.00      0.00      0.00
09:26:02 PM      0.00      0.80    283.60      0.00    214.00      0.00      0.00      0.00      0.00      0.00
09:26:07 PM      0.00     32.00      0.00      0.00      4.00      0.00      0.00      0.00      0.00      0.00
09:26:12 PM      0.00      3.20      0.00      0.00      3.80      0.00      0.00      0.00      0.00      0.00
09:26:17 PM      0.00      0.00      0.20      0.00      0.40      0.00      0.00      0.00      0.00      0.00
09:26:22 PM      0.00      0.00      0.00      0.00      4.00      0.00      0.00      0.00      0.00      0.00
09:26:27 PM      0.00      0.00      0.00      0.00      3.80      0.00      0.00      0.00      0.00      0.00
09:26:32 PM      0.00    130.40      0.00      0.00      4.20      0.00      0.00      0.00      0.00      0.00
09:26:37 PM      0.00      0.80      0.00      0.00      4.20      0.00      0.00      0.00      0.00      0.00
09:26:42 PM      0.00     32.00      0.00      0.00      4.00      0.00      0.00      0.00      0.00      0.00
09:26:47 PM      0.00      3.20      0.00      0.00      1.20      0.00      0.00      0.00      0.00      0.00
09:26:52 PM      0.00      0.00      0.00      0.00      4.00      0.00      0.00      0.00      0.00      0.00
09:26:57 PM      0.00      0.00      0.00      0.00      3.80      0.00      0.00      0.00      0.00      0.00
09:27:02 PM      0.00      0.00      0.00      0.00      3.80      0.00      0.00      0.00      0.00      0.00
09:27:07 PM      0.00      0.00      0.00      0.00      4.00      0.00      0.00      0.00      0.00      0.00
09:27:12 PM      0.00    111.20      0.00      0.00      3.80      0.00      0.00      0.00      0.00      0.00
09:27:17 PM      0.00      0.80      0.00      0.00      0.60      0.00      0.00      0.00      0.00      0.00
09:27:22 PM      0.00     35.20      0.00      0.00    720.60      0.00      0.00      0.00      0.00      0.00
09:27:27 PM      0.00      0.00      0.00      0.00      4.00      0.00      0.00      0.00      0.00      0.00
09:27:32 PM      0.00      0.00      0.00      0.00    208.80      0.00      0.00      0.00      0.00      0.00
09:27:37 PM      0.00      0.00      0.00      0.00      3.80      0.00      0.00      0.00      0.00      0.00
09:27:42 PM      0.00    124.00      0.00      0.00    823.20      0.00      0.00      0.00      0.00      0.00
09:27:47 PM      0.00      0.00      0.00      0.00      0.40      0.00      0.00      0.00      0.00      0.00
09:27:52 PM      0.00      0.80      0.00      0.00    824.00      0.00      0.00      0.00      0.00      0.00
09:27:57 PM      0.00      5.60      0.00      0.00      3.80      0.00      0.00      0.00      0.00      0.00
09:28:02 PM      0.00      0.00      0.00      0.00    823.20      0.00      0.00      0.00      0.00      0.00
09:28:07 PM      0.00      0.00      0.00      0.00      3.80      0.00      0.00      0.00      0.00      0.00
09:28:12 PM      0.00      0.00      0.00      0.00    413.60      0.00      0.00      0.00      0.00      0.00
09:28:17 PM      0.00      0.00      0.00      0.00      0.40      0.00      0.00      0.00      0.00      0.00
09:28:22 PM      0.00    143.20      0.00      0.00      3.80      0.00      0.00      0.00      0.00      0.00
09:28:27 PM      0.00      1.60      0.00      0.00      4.00      0.00      0.00      0.00      0.00      0.00
09:28:32 PM      0.00      3.20      0.00      0.00    413.60      0.00      0.00      0.00      0.00      0.00
09:28:37 PM      0.00      0.00      0.00      0.00      4.00      0.00      0.00      0.00      0.00      0.00
09:28:42 PM      0.00      0.00      0.00      0.00      3.80      0.00      0.00      0.00      0.00      0.00
09:28:47 PM      0.00      0.00      0.00      0.00      0.60      0.00      0.00      0.00      0.00      0.00
09:28:52 PM      0.00    162.40      0.00      0.00      3.80      0.00      0.00      0.00      0.00      0.00
09:28:57 PM      0.00      0.00      0.00      0.00      4.00      0.00      0.00      0.00      0.00      0.00
09:29:02 PM      0.00      0.80      0.00      0.00      4.20      0.00      0.00      0.00      0.00      0.00
09:29:07 PM      0.00      3.20      0.00      0.00      4.80      0.00      0.00      0.00      0.00      0.00
09:29:12 PM      0.00      0.00      2.20      0.00      4.20      0.00      0.00      0.00      0.00      0.00
09:29:17 PM      0.00      0.00      0.00      0.00      0.80      0.00      0.00      0.00      0.00      0.00
09:29:22 PM      0.00      0.00      0.00      0.00      4.00      0.00      0.00      0.00      0.00      0.00
09:29:27 PM      0.00    100.80      0.20      0.00      5.40      0.00      0.00      0.00      0.00      0.00
09:29:32 PM      0.00    183.20      2.20      0.00      4.20      0.00      0.00      0.00      0.00      0.00
09:29:37 PM      0.00      0.80      0.00      0.00      4.20      0.00      0.00      0.00      0.00      0.00
09:29:42 PM      0.00      4.00      0.00      0.00      4.00      0.00      0.00      0.00      0.00      0.00
09:29:47 PM      0.00      8.00      0.00      0.00    307.60      0.00      0.00      0.00      0.00      0.00
09:29:52 PM      0.00      0.00      0.00      0.00      3.80      0.00      0.00      0.00      0.00      0.00
09:29:57 PM      0.00     64.00      0.00      0.00      4.40      0.00      0.00      0.00      0.00      0.00
09:30:02 PM      0.00    143.20      0.00      0.00      3.80      0.00      0.00      0.00      0.00      0.00
09:30:07 PM      0.00      0.00      0.20      0.00    618.40      0.00      0.00      0.00      0.00      0.00
09:30:12 PM      0.00      0.80      0.00      0.00      3.80      0.00      0.00      0.00      0.00      0.00
09:30:17 PM      0.00      4.00      0.00      0.00    819.80      0.00      0.00      0.00      0.00      0.00
09:30:22 PM      0.00      0.00      0.00      0.00      3.80      0.00      0.00      0.00      0.00      0.00
09:30:27 PM      0.00      0.00      0.00      0.00      4.00      0.00      0.00      0.00      0.00      0.00
09:30:32 PM      0.00     32.00      0.00      0.00      3.80      0.00      0.00      0.00      0.00      0.00
09:30:37 PM      0.00      0.00      0.00      0.00      1.80      0.00      0.00      0.00      0.00      0.00
09:30:42 PM      0.00      0.00      0.00      0.00     10.40      0.00      0.00      0.00      0.00      0.00
09:30:47 PM      0.00    124.80      0.20      0.00      0.40      0.00      0.00      0.00      0.00      0.00
09:30:52 PM      0.00      3.20      0.00      0.00      4.80      0.00      0.00      0.00      0.00      0.00
09:30:57 PM      0.00      0.00      0.00      0.00      3.80      0.00      0.00      0.00      0.00      0.00
09:31:02 PM      0.00      0.00    282.80      0.00    212.40      0.00      0.00      0.00      0.00      0.00
09:31:07 PM      0.00      0.00      0.00      0.00      3.80      0.00      0.00      0.00      0.00      0.00
09:31:12 PM      0.00      0.00      0.00      0.00      3.80      0.00      0.00      0.00      0.00      0.00
09:31:17 PM      0.00     32.00      0.00      0.00      0.60      0.00      0.00      0.00      0.00      0.00
09:31:22 PM      0.00    112.00      0.00      0.00      3.80      0.00      0.00      0.00      0.00      0.00
09:31:27 PM      0.00      3.20      0.00      0.00      4.00      0.00      0.00      0.00      0.00      0.00
09:31:32 PM      0.00      0.00      0.00      0.00      3.80      0.00      0.00      0.00      0.00      0.00
09:31:37 PM      0.00      0.00      0.00      0.00      4.20      0.00      0.00      0.00      0.00      0.00
09:31:42 PM      0.00      0.00      0.00      0.00      3.80      0.00      0.00      0.00      0.00      0.00
09:31:47 PM      0.00      0.00      0.00      0.00    103.00      0.00      0.00      0.00      0.00      0.00
09:31:52 PM      0.00     32.00      0.00      0.00      3.80      0.00      0.00      0.00      0.00      0.00
09:31:57 PM      0.00    131.20      0.00      0.00    106.20      0.00      0.00      0.00      0.00      0.00
09:32:02 PM      0.00      4.80      0.00      0.00      4.00      0.00      0.00      0.00      0.00      0.00
09:32:07 PM      0.00      0.00      0.00      0.00    208.60      0.00      0.00      0.00      0.00      0.00
09:32:12 PM      0.00      0.00      0.00      0.00      4.00      0.00      0.00      0.00      0.00      0.00
09:32:17 PM      0.00      0.00      0.00      0.00    410.00      0.00      0.00      0.00      0.00      0.00
09:32:22 PM      0.00      0.00      0.00      0.00      4.00      0.00      0.00      0.00      0.00      0.00
09:32:27 PM      0.00     32.00      0.00      0.00    823.80      0.00      0.00      0.00      0.00      0.00
09:32:32 PM      0.00    112.00      0.00      0.00      4.00      0.00      0.00      0.00      0.00      0.00
09:32:37 PM      0.00      4.00      0.00      0.00    208.80      0.00      0.00      0.00      0.00      0.00
09:32:42 PM      0.00      0.00      0.00      0.00      3.80      0.00      0.00      0.00      0.00      0.00
09:32:47 PM      0.00      0.00      0.00      0.00      0.60      0.00      0.00      0.00      0.00      0.00
09:32:52 PM      0.00      0.00      0.00      0.00      3.80      0.00      0.00      0.00      0.00      0.00
09:32:57 PM      0.00      0.00      0.00      0.00      4.00      0.00      0.00      0.00      0.00      0.00
09:33:02 PM      0.00     32.00      0.00      0.00      3.80      0.00      0.00      0.00      0.00      0.00
09:33:07 PM      0.00    150.40      0.00      0.00      4.00      0.00      0.00      0.00      0.00      0.00
09:33:12 PM      0.00      3.99      0.00      0.00      3.79      0.00      0.00      0.00      0.00      0.00
09:33:17 PM      0.00      0.00      0.00      0.00      0.60      0.00      0.00      0.00      0.00      0.00
09:33:22 PM      0.00      0.00      0.00      0.00      3.80      0.00      0.00      0.00      0.00      0.00
09:33:27 PM      0.00      0.00      0.00      0.00      3.80      0.00      0.00      0.00      0.00      0.00
09:33:32 PM      0.00      0.00      0.00      0.00      4.00      0.00      0.00      0.00      0.00      0.00
09:33:37 PM      0.00     32.00      0.00      0.00    106.20      0.00      0.00      0.00      0.00      0.00
09:33:42 PM      0.00      0.80      0.00      0.00      4.20      0.00      0.00      0.00      0.00      0.00
09:33:47 PM      0.00    114.40      0.00      0.00      0.40      0.00      0.00      0.00      0.00      0.00
09:33:52 PM      0.00      0.00      0.00      0.00    413.60      0.00      0.00      0.00      0.00      0.00
09:33:57 PM      0.00      0.00      0.00      0.00      3.80      0.00      0.00      0.00      0.00      0.00
09:34:02 PM      0.00      0.00      0.00      0.00      4.20      0.00      0.00      0.00      0.00      0.00
09:34:07 PM      0.00      0.00      0.00      0.00      5.00      0.00      0.00      0.00      0.00      0.00
09:34:12 PM      0.00     51.20      2.20      0.00      4.20      0.00      0.00      0.00      0.00      0.00
09:34:17 PM      0.00    156.00      0.00      0.00      0.80      0.00      0.00      0.00      0.00      0.00
09:34:22 PM      0.00      4.00      0.00      0.00    413.80      0.00      0.00      0.00      0.00      0.00
09:34:27 PM      0.00      0.00      0.00      0.00      5.20      0.00      0.00      0.00      0.00      0.00
09:34:32 PM      0.00     22.40      2.00      0.00    209.80      0.00      0.00      0.00      0.00      0.00
09:34:37 PM      0.00      0.00      0.00      0.00      4.20      0.00      0.00      0.00      0.00      0.00
09:34:42 PM      0.00      0.00      0.00      0.00    516.00      0.00      0.00      0.00      0.00      0.00
09:34:47 PM      0.00    240.80      0.00      0.00      0.40      0.00      0.00      0.00      0.00      0.00
09:34:52 PM      0.00      0.00      0.00      0.00    311.20      0.00      0.00      0.00      0.00      0.00
09:34:57 PM      0.00      4.80      0.00      0.00      4.20      0.00      0.00      0.00      0.00      0.00
09:35:02 PM      0.00      0.00      0.20      0.00      4.00      0.00      0.00      0.00      0.00      0.00
09:35:07 PM      0.00      0.00      0.00      0.00      3.80      0.00      0.00      0.00      0.00      0.00
09:35:12 PM      0.00      0.00      0.00      0.00      4.00      0.00      0.00      0.00      0.00      0.00
09:35:17 PM      0.00      0.00      0.00      0.00      0.40      0.00      0.00      0.00      0.00      0.00
09:35:22 PM      0.00     32.00      0.00      0.00      4.00      0.00      0.00      0.00      0.00      0.00
09:35:27 PM      0.00    130.40      0.00      0.00      3.80      0.00      0.00      0.00      0.00      0.00
09:35:32 PM      0.00      7.20      0.00      0.00      3.80      0.00      0.00      0.00      0.00      0.00
09:35:37 PM      0.00      0.00      0.00      0.00      1.80      0.00      0.00      0.00      0.00      0.00
09:35:42 PM      0.00      0.00      0.00      0.00    214.80      0.00      0.00      0.00      0.00      0.00
09:35:47 PM      0.00      0.00      0.00      0.00      0.60      0.00      0.00      0.00      0.00      0.00
09:35:52 PM      0.00      0.00      0.00      0.00      4.60      0.00      0.00      0.00      0.00      0.00
09:35:57 PM      0.00     32.00      0.00      0.00      4.00      0.00      0.00      0.00      0.00      0.00
09:36:02 PM      0.00    111.20    283.80      0.00    212.00      0.00      0.00      0.00      0.00      0.00
09:36:07 PM      0.00      4.00      0.00      0.00      4.00      0.00      0.00      0.00      0.00      0.00
09:36:12 PM      0.00      0.00      0.00      0.00      3.80      0.00      0.00      0.00      0.00      0.00
09:36:17 PM      0.00      0.00      0.00      0.00      0.40      0.00      0.00      0.00      0.00      0.00
09:36:22 PM      0.00      0.00      0.00      0.00    208.80      0.00      0.00      0.00      0.00      0.00
09:36:27 PM      0.00      0.00      0.00      0.00      3.80      0.00      0.00      0.00      0.00      0.00
09:36:32 PM      0.00     31.94      0.00      0.00      3.99      0.00      0.00      0.00      0.00      0.00
09:36:37 PM      0.00    130.40      0.00      0.00      3.80      0.00      0.00      0.00      0.00      0.00
09:36:42 PM      0.00      4.00      0.00      0.00      4.00      0.00      0.00      0.00      0.00      0.00
09:36:47 PM      0.00      0.00      0.00      0.00    307.80      0.00      0.00      0.00      0.00      0.00
09:36:52 PM      0.00      0.00      0.00      0.00      4.00      0.00      0.00      0.00      0.00      0.00
09:36:57 PM      0.00      0.00      0.00      0.00    618.20      0.00      0.00      0.00      0.00      0.00
09:37:02 PM      0.00      0.00      0.00      0.00      3.80      0.00      0.00      0.00      0.00      0.00
09:37:07 PM      0.00     32.00      0.00      0.00    413.60      0.00      0.00      0.00      0.00      0.00
09:37:12 PM      0.00    111.20      0.00      0.00      3.80      0.00      0.00      0.00      0.00      0.00
09:37:17 PM      0.00      4.00      0.00      0.00    103.00      0.00      0.00      0.00      0.00      0.00
09:37:22 PM      0.00      0.00      0.00      0.00      3.80      0.00      0.00      0.00      0.00      0.00
09:37:27 PM      0.00      0.00      0.00      0.00      4.00      0.00      0.00      0.00      0.00      0.00
09:37:32 PM      0.00      0.00      0.00      0.00      3.80      0.00      0.00      0.00      0.00      0.00
09:37:37 PM      0.00      0.00      0.00      0.00      3.80      0.00      0.00      0.00      0.00      0.00
09:37:42 PM      0.00     32.00      0.00      0.00      4.00      0.00      0.00      0.00      0.00      0.00
09:37:47 PM      0.00    130.40      0.00      0.00      0.60      0.00      0.00      0.00      0.00      0.00
09:37:52 PM      0.00      4.00      0.00      0.00      4.00      0.00      0.00      0.00      0.00      0.00
09:37:57 PM      0.00      0.00      0.00      0.00      3.80      0.00      0.00      0.00      0.00      0.00
09:38:02 PM      0.00      0.00      0.00      0.00      4.00      0.00      0.00      0.00      0.00      0.00
09:38:07 PM      0.00      0.00      0.00      0.00      3.80      0.00      0.00      0.00      0.00      0.00
09:38:12 PM      0.00      0.00      0.20      0.00      4.00      0.00      0.00      0.00      0.00      0.00
09:38:17 PM      0.00     32.00      0.00      0.00    307.60      0.00      0.00      0.00      0.00      0.00
09:38:22 PM      0.00    111.20      0.00      0.00      3.80      0.00      0.00      0.00      0.00      0.00
09:38:27 PM      0.00      5.60      0.00      0.00      4.00      0.00      0.00      0.00      0.00      0.00
09:38:32 PM      0.00      0.00      0.00      0.00      3.80      0.00      0.00      0.00      0.00      0.00
09:38:37 PM      0.00      0.00      0.00      0.00    106.40      0.00      0.00      0.00      0.00      0.00
09:38:42 PM      0.00      0.00      0.00      0.00      3.80      0.00      0.00      0.00      0.00      0.00
09:38:47 PM      0.00      0.00      0.00      0.00    205.60      0.00      0.00      0.00      0.00      0.00
09:38:52 PM      0.00     32.00      0.00      0.00      3.80      0.00      0.00      0.00      0.00      0.00
09:38:57 PM      0.00    130.40      0.00      0.00    516.00      0.00      0.00      0.00      0.00      0.00
09:39:02 PM      0.00      5.60      0.00      0.00      4.20      0.00      0.00      0.00      0.00      0.00
09:39:07 PM      0.00      0.00      0.20      0.00    824.00      0.00      0.00      0.00      0.00      0.00
09:39:12 PM      0.00      0.00      2.20      0.00      4.20      0.00      0.00      0.00      0.00      0.00
09:39:17 PM      0.00      0.00      0.00      0.00    410.40      0.00      0.00      0.00      0.00      0.00
09:39:22 PM      0.00      0.00      0.00      0.00      4.20      0.00      0.00      0.00      0.00      0.00
09:39:27 PM      0.00     64.00      0.00      0.00      4.40      0.00      0.00      0.00      0.00      0.00
09:39:32 PM      0.00    165.60      2.00      0.00      5.00      0.00      0.00      0.00      0.00      0.00
09:39:37 PM      0.00      4.00      0.00      0.00      4.00      0.00      0.00      0.00      0.00      0.00
09:39:42 PM      0.00      0.00      0.00      0.00      4.00      0.00      0.00      0.00      0.00      0.00
09:39:47 PM      0.00      8.00      0.00      0.00    307.80      0.00      0.00      0.00      0.00      0.00
09:39:52 PM      0.00      0.00      0.00      0.00      4.60      0.00      0.00      0.00      0.00      0.00
09:39:57 PM      0.00      0.00      0.00      0.00      4.40      0.00      0.00      0.00      0.00      0.00
09:40:02 PM      3.20    252.00      0.00      0.00      3.80      0.00      0.00      0.00      0.00      0.00
09:40:07 PM      0.00      0.00      0.00      0.00      4.00      0.00      0.00      0.00      0.00      0.00
09:40:12 PM      0.00      4.00      0.00      0.00    209.40      0.00      0.00      0.00      0.00      0.00
09:40:17 PM      0.00      0.00      0.00      0.00      0.60      0.00      0.00      0.00      0.00      0.00
09:40:22 PM      0.00      0.00      0.00      0.00      3.80      0.00      0.00      0.00      0.00      0.00
09:40:27 PM      0.00      0.00      0.00      0.00      3.80      0.00      0.00      0.00      0.00      0.00
09:40:32 PM      0.00      0.00      0.00      0.00    311.20      0.00      0.00      0.00      0.00      0.00
09:40:37 PM      0.00     32.00      0.00      0.00      1.60      0.00      0.00      0.00      0.00      0.00
09:40:42 PM      0.00    117.60      0.00      0.00      9.60      0.00      0.00      0.00      0.00      0.00
09:40:47 PM      0.00      4.80      0.00      0.00      0.40      0.00      0.00      0.00      0.00      0.00
09:40:52 PM      0.00      0.00      0.00      0.00      4.20      0.00      0.00      0.00      0.00      0.00
09:40:57 PM      0.00      0.00      0.00      0.00      3.80      0.00      0.00      0.00      0.00      0.00
09:41:02 PM      0.00      0.00    283.40      0.00    212.80      0.00      0.00      0.00      0.00      0.00
09:41:07 PM      0.00      0.00      0.00      0.00      3.80      0.00      0.00      0.00      0.00      0.00
09:41:12 PM      0.00     32.00      0.00      0.00    311.00      0.00      0.00      0.00      0.00      0.00
09:41:17 PM      0.00    130.40      0.00      0.00      0.60      0.00      0.00      0.00      0.00      0.00
09:41:22 PM      0.00      4.80      0.00      0.00    618.20      0.00      0.00      0.00      0.00      0.00
09:41:27 PM      0.00      0.00      0.00      0.00      4.00      0.00      0.00      0.00      0.00      0.00
09:41:32 PM      0.00      0.00      0.00      0.00    618.20      0.00      0.00      0.00      0.00      0.00
09:41:37 PM      0.00      0.00      0.00      0.00      4.00      0.00      0.00      0.00      0.00      0.00
09:41:42 PM      0.00      0.00      0.00      0.00      3.80      0.00      0.00      0.00      0.00      0.00
09:41:47 PM      0.00     32.00      0.00      0.00      0.60      0.00      0.00      0.00      0.00      0.00
09:41:52 PM      0.00    111.20      0.00      0.00      4.00      0.00      0.00      0.00      0.00      0.00
09:41:57 PM      0.00      4.80      0.00      0.00      3.80      0.00      0.00      0.00      0.00      0.00
09:42:02 PM      0.00      0.00      0.00      0.00    106.40      0.00      0.00      0.00      0.00      0.00
09:42:07 PM      0.00      0.00      0.20      0.00      3.80      0.00      0.00      0.00      0.00      0.00
09:42:12 PM      0.00      0.00      0.00      0.00    311.20      0.00      0.00      0.00      0.00      0.00
09:42:17 PM      0.00      0.00      0.20      0.00      0.40      0.00      0.00      0.00      0.00      0.00
09:42:22 PM      0.00     32.00      0.00      0.00      4.00      0.00      0.00      0.00      0.00      0.00
09:42:27 PM      0.00    130.40      0.00      0.00      3.80      0.00      0.00      0.00      0.00      0.00
09:42:32 PM      0.00      4.00      0.00      0.00      4.00      0.00      0.00      0.00      0.00      0.00
09:42:37 PM      0.00      0.00      0.00      0.00      3.80      0.00      0.00      0.00      0.00      0.00
09:42:42 PM      0.00      0.00      0.00      0.00      3.80      0.00      0.00      0.00      0.00      0.00
09:42:47 PM      0.00      0.00      0.00      0.00      0.60      0.00      0.00      0.00      0.00      0.00
09:42:52 PM      0.00      0.00      0.00      0.00      4.00      0.00      0.00      0.00      0.00      0.00
09:42:57 PM      0.00     32.00      0.00      0.00      4.00      0.00      0.00      0.00      0.00      0.00
09:43:02 PM      0.00    111.20      0.00      0.00      3.80      0.00      0.00      0.00      0.00      0.00
09:43:07 PM      0.00      5.60      0.00      0.00      4.00      0.00      0.00      0.00      0.00      0.00
09:43:12 PM      0.00      0.00      0.00      0.00      3.80      0.00      0.00      0.00      0.00      0.00
09:43:17 PM      0.00      0.00      0.00      0.00      0.60      0.00      0.00      0.00      0.00      0.00
09:43:22 PM      0.00      0.00      0.00      0.00      3.80      0.00      0.00      0.00      0.00      0.00
09:43:27 PM      0.00      0.00      0.00      0.00      3.80      0.00      0.00      0.00      0.00      0.00
09:43:32 PM      0.00     32.00      0.00      0.00      4.00      0.00      0.00      0.00      0.00      0.00
09:43:37 PM      0.00    130.40      0.00      0.00      3.80      0.00      0.00      0.00      0.00      0.00
09:43:42 PM      0.00      4.80      0.00      0.00      4.00      0.00      0.00      0.00      0.00      0.00
09:43:47 PM      0.00      0.00      0.00      0.00      0.40      0.00      0.00      0.00      0.00      0.00
09:43:52 PM      0.00      0.00      0.00      0.00      4.00      0.00      0.00      0.00      0.00      0.00
09:43:57 PM      0.00      0.00      0.00      0.00      4.00      0.00      0.00      0.00      0.00      0.00
09:44:02 PM      0.00      0.00      0.00      0.00      4.19      0.00      0.00      0.00      0.00      0.00
09:44:07 PM      0.00     32.00      0.00      0.00      5.00      0.00      0.00      0.00      0.00      0.00
09:44:12 PM      0.00    111.20      2.20      0.00      4.00      0.00      0.00      0.00      0.00      0.00
09:44:17 PM      0.00      4.00      0.00      0.00      1.00      0.00      0.00      0.00      0.00      0.00
09:44:22 PM      0.00      0.00      0.40      0.00      4.80      0.00      0.00      0.00      0.00      0.00
09:44:27 PM      0.00      0.00      0.00      0.00      4.60      0.00      0.00      0.00      0.00      0.00
09:44:32 PM      0.00     51.20      2.40      0.00      4.80      0.00      0.00      0.00      0.00      0.00
09:44:37 PM      0.00      0.00      0.00      0.00      4.20      0.00      0.00      0.00      0.00      0.00
09:44:42 PM      0.00     70.40      0.00      0.00      3.80      0.00      0.00      0.00      0.00      0.00
09:44:47 PM      0.00    189.60      0.00      0.00      0.80      0.00      0.00      0.00      0.00      0.00
09:44:52 PM      0.00      4.80      0.00      0.00      4.00      0.00      0.00      0.00      0.00      0.00
09:44:57 PM      0.00      0.00      0.00      0.00      4.00      0.00      0.00      0.00      0.00      0.00
09:45:02 PM      0.00      0.00      0.00      0.00      4.00      0.00      0.00      0.00      0.00      0.00
09:45:07 PM      0.00      0.00      0.00      0.00      3.80      0.00      0.00      0.00      0.00      0.00
09:45:12 PM      0.00      0.00      0.20      0.00      4.00      0.00      0.00      0.00      0.00      0.00
09:45:17 PM      0.00    130.40      0.00      0.00      0.40      0.00      0.00      0.00      0.00      0.00
09:45:22 PM      0.00      0.00      0.00      0.00      4.80      0.00      0.00      0.00      0.00      0.00
09:45:27 PM      0.00      4.00      0.00      0.00      3.80      0.00      0.00      0.00      0.00      0.00
09:45:32 PM      0.00      0.00      0.00      0.00      3.80      0.00      0.00      0.00      0.00      0.00
09:45:37 PM      0.00      0.00      0.00      0.00    104.20      0.00      0.00      0.00      0.00      0.00
09:45:42 PM      0.00      0.00      0.00      0.00      9.40      0.00      0.00      0.00      0.00      0.00
09:45:47 PM      0.00      0.00      0.00      0.00    512.60      0.00      0.00      0.00      0.00      0.00
09:45:52 PM      0.00   5908.00      0.00      0.00   1538.40      0.00      0.00      0.00      0.00      0.00
09:45:57 PM      0.00   4522.40      0.00      0.00   1405.80      0.00      0.00      0.00      0.00      0.00
09:46:02 PM      0.00      4.80    282.80      0.00    211.40      0.00      0.00      0.00      0.00      0.00
09:46:07 PM      0.00   3858.40      0.00      0.00   1132.20      0.00      0.00      0.00      0.00      0.00
09:46:12 PM      0.00    409.60      0.00      0.00    106.20      0.00      0.00      0.00      0.00      0.00
09:46:17 PM   1564.80    819.20    391.40    391.20    205.80      0.00      0.00      0.00      0.00      0.00
09:46:22 PM      0.80      0.00      0.20      0.20      4.00      0.00      0.00      0.00      0.00      0.00
09:46:27 PM      0.00     32.00      0.00      0.00      3.80      0.00      0.00      0.00      0.00      0.00
09:46:32 PM      0.00   1187.20      0.00      0.00    340.20      0.00      0.00      0.00      0.00      0.00
09:46:37 PM      0.00     94.40      0.00      0.00     34.60      0.00      0.00      0.00      0.00      0.00
09:46:42 PM      0.00     34.40      0.00      0.00     12.60      0.00      0.00      0.00      0.00      0.00
09:46:47 PM      0.00    908.00      0.00      0.00    346.80      0.00      0.00      0.00      0.00      0.00
09:46:52 PM      0.00    747.20      0.00      0.00    212.40      0.00      0.00      0.00      0.00      0.00
09:46:57 PM      0.00     48.80      0.00      0.00     16.40      0.00      0.00      0.00      0.00      0.00
09:47:02 PM      0.00   4201.60      0.00      0.00   1057.20      0.00      0.00      0.00      0.00      0.00
09:47:07 PM      0.00    130.40      0.00      0.00      4.00      0.00      0.00      0.00      0.00      0.00
09:47:12 PM  11880.80   4088.00   2970.20   2970.20   1673.60      0.00      0.00      0.00      0.00      0.00
09:47:17 PM      0.00      0.00      0.00      0.00      0.60      0.00      0.00      0.00      0.00      0.00
09:47:22 PM      0.80      0.00      0.20      0.20      3.80      0.00      0.00      0.00      0.00      0.00
09:47:27 PM      0.00      0.00      0.00      0.00      4.00      0.00      0.00      0.00      0.00      0.00
09:47:32 PM      0.00      0.00      0.00      0.00      3.80      0.00      0.00      0.00      0.00      0.00
09:47:37 PM      7.20     32.00      1.80      1.80      4.00      0.00      0.00      0.00      0.00      0.00
09:47:42 PM      0.00    111.20      0.00      0.00      4.00      0.00      0.00      0.00      0.00      0.00
09:47:47 PM      0.00      5.60      0.00      0.00      0.40      0.00      0.00      0.00      0.00      0.00
09:47:52 PM      0.00      0.00      0.00      0.00    208.80      0.00      0.00      0.00      0.00      0.00
09:47:57 PM      0.00      0.00      0.00      0.00      3.80      0.00      0.00      0.00      0.00      0.00
09:48:02 PM      0.00      0.00      0.00      0.00      4.20      0.00      0.00      0.00      0.00      0.00
09:48:07 PM      0.00      0.00      0.00      0.00      3.80      0.00      0.00      0.00      0.00      0.00
09:48:12 PM      0.80     32.00      0.20      0.20      4.00      0.00      0.00      0.00      0.00      0.00
09:48:17 PM      0.00    130.40      0.00      0.00      0.40      0.00      0.00      0.00      0.00      0.00
09:48:22 PM      0.80      4.00      0.20      0.20      3.80      0.00      0.00      0.00      0.00      0.00
09:48:27 PM      0.00      0.00      0.00      0.00      4.00      0.00      0.00      0.00      0.00      0.00
09:48:32 PM     24.00      0.00      0.00      9.40    106.20      0.00      0.00      0.00      0.00      0.00
09:48:37 PM      0.00      0.00      0.00      0.00      4.00      0.00      0.00      0.00      0.00      0.00
09:48:42 PM      0.00      0.00      0.00      0.00    106.20      0.00      0.00      0.00      0.00      0.00
09:48:47 PM      0.00     32.00      0.00      0.00      0.60      0.00      0.00      0.00      0.00      0.00
09:48:52 PM      3.20    124.00      0.00      0.00      3.80      0.00      0.00      0.00      0.00      0.00
09:48:57 PM      0.00      4.80      0.00      0.00      4.00      0.00      0.00      0.00      0.00      0.00
09:49:02 PM      0.00      0.00      0.40      0.00      4.40      0.00      0.00      0.00      0.00      0.00
09:49:07 PM      0.80      0.00      0.20      0.20      4.80      0.00      0.00      0.00      0.00      0.00
09:49:12 PM      0.00      0.00      2.20      0.00    516.20      0.00      0.00      0.00      0.00      0.00
09:49:17 PM      1.60      0.00      0.40      0.40      0.60      0.00      0.00      0.00      0.00      0.00
09:49:22 PM      0.00     64.00      0.00      0.00    311.60      0.00      0.00      0.00      0.00      0.00
09:49:27 PM      0.00    181.60      0.00      0.00      4.20      0.00      0.00      0.00      0.00      0.00
09:49:32 PM      0.00     26.40      2.00      0.00      6.00      0.00      0.00      0.00      0.00      0.00
09:49:37 PM      0.00      0.00      0.20      0.00      4.00      0.00      0.00      0.00      0.00      0.00
09:49:42 PM      0.00      0.00      0.00      0.00      3.80      0.00      0.00      0.00      0.00      0.00
09:49:47 PM      0.00      8.00      0.00      0.00      1.00      0.00      0.00      0.00      0.00      0.00
09:49:52 PM      0.00      0.00      0.00      0.00      3.80      0.00      0.00      0.00      0.00      0.00
09:49:57 PM      0.00    220.00      0.00      0.00      4.00      0.00      0.00      0.00      0.00      0.00
09:50:02 PM      0.00      0.00      0.00      0.00      4.00      0.00      0.00      0.00      0.00      0.00
09:50:07 PM  11513.60      5.60   3480.80   3480.80     31.00      0.00      0.00      0.00      0.00      0.00
09:50:12 PM      0.00      0.00      0.00      0.00      3.80      0.00      0.00      0.00      0.00      0.00
09:50:17 PM   1108.80      0.00    277.40    277.20     79.40      0.00      0.00      0.00      0.00      0.00
09:50:22 PM      0.00      0.00      0.00      0.00      3.80      0.00      0.00      0.00      0.00      0.00
09:50:27 PM      0.00     32.00      0.00      0.00      3.80      0.00      0.00      0.00      0.00      0.00
09:50:32 PM      0.00      0.00      0.00      0.00      4.00      0.00      0.00      0.00      0.00      0.00
09:50:37 PM      0.00    136.80      0.00      0.00      1.60      0.00      0.00      0.00      0.00      0.00
09:50:42 PM      0.00      4.80      0.00      0.00     10.00      0.00      0.00      0.00      0.00      0.00
09:50:47 PM      0.00      0.00      0.00      0.00      0.40      0.00      0.00      0.00      0.00      0.00
09:50:52 PM      0.00      0.00      0.00      0.00      4.00      0.00      0.00      0.00      0.00      0.00
09:50:57 PM      0.00      0.00      0.00      0.00    823.00      0.00      0.00      0.00      0.00      0.00
09:51:02 PM      0.00      0.00      0.00      0.00      4.00      0.00      0.00      0.00      0.00      0.00
09:51:07 PM      0.00     32.00    282.80      0.00    518.00      0.00      0.00      0.00      0.00      0.00
09:51:12 PM      3.20    124.00      0.00      0.00      3.80      0.00      0.00      0.00      0.00      0.00
09:51:17 PM      0.00      4.80      0.00      0.00    819.80      0.00      0.00      0.00      0.00      0.00
09:51:22 PM      0.00      0.00      0.00      0.00      4.59      0.00      0.00      0.00      0.00      0.00
09:51:27 PM      0.00      0.00      0.00      0.00    823.20      0.00      0.00      0.00      0.00      0.00
09:51:32 PM      0.00      0.00      0.00      0.00      3.80      0.00      0.00      0.00      0.00      0.00
09:51:37 PM      0.00      0.00      0.00      0.00    823.20      0.00      0.00      0.00      0.00      0.00
09:51:42 PM      0.00     32.00      0.00      0.00      3.80      0.00      0.00      0.00      0.00      0.00
09:51:47 PM      0.00    136.80      0.00      0.00    205.40      0.00      0.00      0.00      0.00      0.00
09:51:52 PM      0.00      4.00      0.00      0.00      3.80      0.00      0.00      0.00      0.00      0.00
09:51:57 PM      0.00      0.00      0.00      0.00      3.80      0.00      0.00      0.00      0.00      0.00
09:52:02 PM      0.00      0.00      0.00      0.00      4.00      0.00      0.00      0.00      0.00      0.00
09:52:07 PM      0.00      0.00      0.00      0.00      4.00      0.00      0.00      0.00      0.00      0.00
09:52:12 PM      0.00      0.00      0.00      0.00      4.00      0.00      0.00      0.00      0.00      0.00
09:52:17 PM      0.00     32.00      0.00      0.00      0.40      0.00      0.00      0.00      0.00      0.00
09:52:22 PM      0.00    111.20      0.00      0.00      4.00      0.00      0.00      0.00      0.00      0.00
09:52:27 PM      0.00      4.00      0.00      0.00      3.80      0.00      0.00      0.00      0.00      0.00
09:52:32 PM      0.00      0.00      0.00      0.00      4.00      0.00      0.00      0.00      0.00      0.00
09:52:37 PM      0.00      0.00      0.00      0.00      3.80      0.00      0.00      0.00      0.00      0.00
09:52:42 PM      0.00      0.00      0.00      0.00      3.80      0.00      0.00      0.00      0.00      0.00
09:52:47 PM      0.00      0.00      0.00      0.00      0.60      0.00      0.00      0.00      0.00      0.00
09:52:52 PM      0.00     32.00      0.00      0.00      3.80      0.00      0.00      0.00      0.00      0.00
09:52:57 PM      0.00    130.40      0.00      0.00      4.00      0.00      0.00      0.00      0.00      0.00
09:53:02 PM      0.00      4.00      0.00      0.00      3.80      0.00      0.00      0.00      0.00      0.00
09:53:07 PM      0.00      0.00      0.00      0.00      4.20      0.00      0.00      0.00      0.00      0.00
09:53:12 PM      0.00      0.00      0.00      0.00      3.80      0.00      0.00      0.00      0.00      0.00
09:53:17 PM      0.00      0.00      0.20      0.00    410.00      0.00      0.00      0.00      0.00      0.00
09:53:22 PM      0.00      0.00      0.00      0.00      4.00      0.00      0.00      0.00      0.00      0.00
09:53:27 PM      0.00     32.00      0.00      0.00      3.80      0.00      0.00      0.00      0.00      0.00
09:53:32 PM      3.20    136.80      0.00      0.00      4.00      0.00      0.00      0.00      0.00      0.00
09:53:37 PM      0.00      4.80      0.00      0.00    823.00      0.00      0.00      0.00      0.00      0.00
09:53:42 PM      0.00      0.00      0.00      0.00      4.00      0.00      0.00      0.00      0.00      0.00
09:53:47 PM      0.00      0.00      0.00      0.00    819.60      0.00      0.00      0.00      0.00      0.00
09:53:52 PM      0.00      0.00      0.00      0.00      4.00      0.00      0.00      0.00      0.00      0.00
09:53:57 PM      0.00      0.00      0.00      0.00      3.80      0.00      0.00      0.00      0.00      0.00
09:54:02 PM      0.00     32.00      0.00      0.00      4.20      0.00      0.00      0.00      0.00      0.00
09:54:07 PM      0.80    136.80      0.20      0.20      5.20      0.00      0.00      0.00      0.00      0.00
09:54:12 PM      0.00      6.40      2.40      0.00      4.00      0.00      0.00      0.00      0.00      0.00
09:54:17 PM      0.00      0.00      0.00      0.00      0.80      0.00      0.00      0.00      0.00      0.00
09:54:22 PM      0.00      0.00      0.00      0.00      4.20      0.00      0.00      0.00      0.00      0.00
09:54:27 PM      0.00      0.00      0.00      0.00      4.40      0.00      0.00      0.00      0.00      0.00
09:54:32 PM      0.00     23.20      2.00      0.00      5.80      0.00      0.00      0.00      0.00      0.00
09:54:37 PM      0.00     64.00      0.00      0.00      4.20      0.00      0.00      0.00      0.00      0.00
09:54:42 PM      0.00    181.60      0.00      0.00      3.80      0.00      0.00      0.00      0.00      0.00
09:54:47 PM      0.00     12.80      0.00      0.00      0.80      0.00      0.00      0.00      0.00      0.00
09:54:52 PM      0.00      0.00      0.00      0.00      4.00      0.00      0.00      0.00      0.00      0.00
09:54:57 PM      0.00      0.00      0.00      0.00      3.80      0.00      0.00      0.00      0.00      0.00
09:55:02 PM      0.00      0.00      0.00      0.00      4.00      0.00      0.00      0.00      0.00      0.00
09:55:07 PM      0.00      0.00      0.00      0.00      3.79      0.00      0.00      0.00      0.00      0.00
09:55:12 PM      0.00     32.00      0.00      0.00      4.20      0.00      0.00      0.00      0.00      0.00
09:55:17 PM      0.00    156.00     89.00      0.00      0.40      0.00      0.00      0.00      0.00      0.00
09:55:22 PM      0.00      4.00      0.00      0.00      4.00      0.00      0.00      0.00      0.00      0.00
09:55:27 PM      0.00      0.00      0.00      0.00  12381.00      0.00      0.00      0.00      0.00      0.00
09:55:32 PM      0.00      0.00      0.00      0.00      3.80      0.00      0.00      0.00      0.00      0.00
09:55:37 PM      0.00      0.00      0.20      0.00      1.80      0.00      0.00      0.00      0.00      0.00
09:55:42 PM      0.00      0.00      0.00      0.00     10.20      0.00      0.00      0.00      0.00      0.00
09:55:47 PM      0.00     32.00      0.00      0.00      0.60      0.00      0.00      0.00      0.00      0.00
09:55:52 PM      0.00    117.60      0.00      0.00      3.80      0.00      0.00      0.00      0.00      0.00
09:55:57 PM      0.00      4.00      0.00      0.00      4.00      0.00      0.00      0.00      0.00      0.00
09:56:02 PM      0.00      0.00      0.00      0.00    208.60      0.00      0.00      0.00      0.00      0.00
09:56:07 PM      0.00      0.00    282.60      0.00    212.00      0.00      0.00      0.00      0.00      0.00
09:56:12 PM      0.00      0.00      0.00      0.00      4.20      0.00      0.00      0.00      0.00      0.00
09:56:17 PM      0.00      0.00      0.00      0.00      0.40      0.00      0.00      0.00      0.00      0.00
09:56:22 PM      0.00     32.00      0.00      0.00      4.00      0.00      0.00      0.00      0.00      0.00
09:56:27 PM      0.00    136.80      0.00      0.00      3.80      0.00      0.00      0.00      0.00      0.00
09:56:32 PM      0.00      4.80      0.00      0.00      4.00      0.00      0.00      0.00      0.00      0.00
09:56:37 PM      0.00      0.00      0.00      0.00      3.80      0.00      0.00      0.00      0.00      0.00
09:56:42 PM      0.00      0.00      0.00      0.00      4.00      0.00      0.00      0.00      0.00      0.00
09:56:47 PM      0.00      0.00      0.00      0.00      1.20      0.00      0.00      0.00      0.00      0.00
09:56:52 PM      0.00      0.00      0.00      0.00      4.60      0.00      0.00      0.00      0.00      0.00
09:56:57 PM      0.00     32.00      0.00      0.00      4.00      0.00      0.00      0.00      0.00      0.00
09:57:02 PM      0.00    111.20      0.00      0.00      3.80      0.00      0.00      0.00      0.00      0.00
09:57:07 PM      0.00      4.80      0.00      0.00      4.00      0.00      0.00      0.00      0.00      0.00
09:57:12 PM      0.00      0.00      0.00      0.00      4.00      0.00      0.00      0.00      0.00      0.00
09:57:17 PM      0.00      0.00      0.00      0.00      0.60      0.00      0.00      0.00      0.00      0.00
09:57:22 PM      0.00      0.00      0.00      0.00      3.80      0.00      0.00      0.00      0.00      0.00
09:57:27 PM      0.00      0.00      0.00      0.00      4.00      0.00      0.00      0.00      0.00      0.00
09:57:32 PM      0.00     38.40      0.00      0.00      3.80      0.00      0.00      0.00      0.00      0.00
09:57:37 PM      3.20    162.40      0.00      0.00      3.80      0.00      0.00      0.00      0.00      0.00
09:57:42 PM      0.00      5.60      0.00      0.00      4.00      0.00      0.00      0.00      0.00      0.00
09:57:47 PM      0.00      0.00      0.00      0.00      0.40      0.00      0.00      0.00      0.00      0.00
09:57:52 PM      0.00      0.00      0.00      0.00      4.00      0.00      0.00      0.00      0.00      0.00
09:57:57 PM      0.00      0.00      0.00      0.00      3.80      0.00      0.00      0.00      0.00      0.00
09:58:02 PM      0.00      0.00      0.00      0.00      4.00      0.00      0.00      0.00      0.00      0.00
09:58:07 PM      0.00     32.00      0.20      0.00      3.80      0.00      0.00      0.00      0.00      0.00
09:58:12 PM      0.00    124.00      0.00      0.00      4.00      0.00      0.00      0.00      0.00      0.00
09:58:17 PM      0.00      4.00      0.00      0.00      0.60      0.00      0.00      0.00      0.00      0.00
09:58:22 PM      0.00      0.00      0.00      0.00      3.80      0.00      0.00      0.00      0.00      0.00
09:58:27 PM      0.00      0.00      0.00      0.00      4.00      0.00      0.00      0.00      0.00      0.00
09:58:32 PM      0.00      0.00      0.00      0.00      3.80      0.00      0.00      0.00      0.00      0.00
09:58:37 PM      0.00      0.00      0.00      0.00      4.00      0.00      0.00      0.00      0.00      0.00
09:58:42 PM      0.00     32.00      0.00      0.00      3.80      0.00      0.00      0.00      0.00      0.00
09:58:47 PM      0.00    136.80      0.20      0.00      0.60      0.00      0.00      0.00      0.00      0.00
09:58:52 PM      0.00      4.80      0.00      0.00      3.80      0.00      0.00      0.00      0.00      0.00
09:58:57 PM      0.00      0.00      0.00      0.00      4.00      0.00      0.00      0.00      0.00      0.00
09:59:02 PM      0.00      0.00      0.00      0.00      4.19      0.00      0.00      0.00      0.00      0.00
09:59:07 PM      0.00      0.00      0.00      0.00      4.80      0.00      0.00      0.00      0.00      0.00
09:59:12 PM      0.00      0.00      2.20      0.00      4.20      0.00      0.00      0.00      0.00      0.00
09:59:17 PM      0.00     64.00      0.00      0.00      1.00      0.00      0.00      0.00      0.00      0.00
09:59:22 PM      0.00    162.40      0.00      0.00      4.00      0.00      0.00      0.00      0.00      0.00
09:59:27 PM      0.00      4.00      0.00      0.00      4.60      0.00      0.00      0.00      0.00      0.00
09:59:32 PM      0.00     22.40      2.00      0.00      5.00      0.00      0.00      0.00      0.00      0.00
09:59:37 PM      0.00      0.00      0.00      0.00      4.00      0.00      0.00      0.00      0.00      0.00
09:59:42 PM      0.00      0.00      0.00      0.00      3.80      0.00      0.00      0.00      0.00      0.00
09:59:47 PM      0.00      8.00      0.00      0.00      1.00      0.00      0.00      0.00      0.00      0.00
09:59:52 PM      0.00     64.00      0.00      0.00      3.80      0.00      0.00      0.00      0.00      0.00
09:59:57 PM      0.00    156.00      0.00      0.00      4.00      0.00      0.00      0.00      0.00      0.00
10:00:02 PM      0.00      4.80      0.00      0.00      3.80      0.00      0.00      0.00      0.00      0.00
10:00:07 PM      0.00      0.00      0.00      0.00      4.00      0.00      0.00      0.00      0.00      0.00
10:00:12 PM      0.00      0.00      0.00      0.00      3.80      0.00      0.00      0.00      0.00      0.00
10:00:17 PM      0.00      0.00      0.00      0.00      0.80      0.00      0.00      0.00      0.00      0.00
10:00:22 PM      0.00      0.00      0.00      0.00      3.80      0.00      0.00      0.00      0.00      0.00
10:00:27 PM      0.00     32.00      0.00      0.00      3.80      0.00      0.00      0.00      0.00      0.00
10:00:32 PM      0.00    117.60      0.00      0.00      4.00      0.00      0.00      0.00      0.00      0.00
10:00:37 PM      0.00      4.00      0.00      0.00    103.80      0.00      0.00      0.00      0.00      0.00
10:00:42 PM      0.00      0.00      0.00      0.00      9.80      0.00      0.00      0.00      0.00      0.00
10:00:47 PM      0.00      0.00      0.00      0.00      0.40      0.00      0.00      0.00      0.00      0.00
10:00:52 PM      0.00      0.00      0.00      0.00      4.80      0.00      0.00      0.00      0.00      0.00
10:00:57 PM      0.00      0.00      0.00      0.00      3.80      0.00      0.00      0.00      0.00      0.00
10:01:02 PM      0.00     32.00      0.00      0.00      4.00      0.00      0.00      0.00      0.00      0.00
10:01:07 PM      0.00    143.20    283.60      0.00    211.20      0.00      0.00      0.00      0.00      0.00
10:01:12 PM      0.00      6.40      0.00      0.00      3.80      0.00      0.00      0.00      0.00      0.00
10:01:17 PM      0.00      0.00      0.00      0.00      0.80      0.00      0.00      0.00      0.00      0.00
10:01:22 PM      0.00      0.00      0.00      0.00      3.80      0.00      0.00      0.00      0.00      0.00
10:01:27 PM      0.00      0.00      0.00      0.00      4.00      0.00      0.00      0.00      0.00      0.00
10:01:32 PM      0.00      0.00      0.00      0.00      3.80      0.00      0.00      0.00      0.00      0.00
10:01:37 PM      0.00     32.00      0.00      0.00      4.00      0.00      0.00      0.00      0.00      0.00
10:01:42 PM      0.00    124.00      0.00      0.00      3.80      0.00      0.00      0.00      0.00      0.00
10:01:47 PM      0.00      4.80      0.00      0.00      0.60      0.00      0.00      0.00      0.00      0.00
10:01:52 PM     23.20      0.00  15668.40      5.80     31.40      0.00      0.00      0.00      0.00      0.00
10:01:57 PM     22.36 142265.07  83145.11      0.80  42648.70  78359.48  10502.20  42545.31      0.00      0.00
10:02:02 PM     58.40      0.00      2.20      0.80      4.20      0.00      0.00      0.00      0.00      0.00
10:02:07 PM      0.00      0.00      0.00      0.00      3.80      0.00      0.00      0.00      0.00      0.00
10:02:12 PM      0.00     51.20      0.00      0.00      4.00      0.00      0.00      0.00      0.00      0.00
10:02:17 PM     19.20    156.00      0.00      0.00      1.20      0.00      0.00      0.00      0.00      0.00
10:02:22 PM      0.00      4.00      0.00      0.00      4.20      0.00      0.00      0.00      0.00      0.00
10:02:27 PM     19.20     20.80      0.60      0.00      3.80      0.00      0.00      0.00      0.00      0.00
10:02:32 PM      0.00      0.00      0.00      0.00      3.80      0.00      0.00      0.00      0.00      0.00
10:02:37 PM      0.00      0.00      0.00      0.00      4.00      0.00      0.00      0.00      0.00      0.00
10:02:42 PM      0.00      0.00      0.00      0.00    516.60      0.00      0.00      0.00      0.00      0.00
10:02:47 PM      0.00     57.60      0.00      0.00      0.60      0.00      0.00      0.00      0.00      0.00
10:02:52 PM      6.40    162.40      0.00      0.00    106.20      0.00      0.00      0.00      0.00      0.00
10:02:57 PM      0.00      4.80      0.00      0.00      4.00      0.00      0.00      0.00      0.00      0.00
10:03:02 PM      0.00      0.00      0.20      0.20      3.80      0.00      0.00      0.00      0.00      0.00
10:03:07 PM      0.00      0.00      0.00      0.00      4.00      0.00      0.00      0.00      0.00      0.00
10:03:12 PM      0.00      0.00      0.00      0.00      3.80      0.00      0.00      0.00      0.00      0.00
10:03:17 PM      0.00      0.00      0.00      0.00      0.40      0.00      0.00      0.00      0.00      0.00
10:03:22 PM      0.00     32.00      0.00      0.00    209.00      0.00      0.00      0.00      0.00      0.00
10:03:27 PM     12.80    136.80      1.40      0.00      4.40      0.00      0.00      0.00      0.00      0.00
10:03:32 PM      0.00      4.00      0.00      0.00      4.00      0.00      0.00      0.00      0.00      0.00
10:03:37 PM 170826.40 147456.00  42706.60  42706.60  39398.60  86443.60      0.00  38714.40      0.00      0.00
10:03:42 PM 136416.80 140836.80  34093.40  34104.20  36993.60  68752.40    624.20  36039.40      0.00      0.00
10:03:47 PM      0.00      0.00      0.00      0.00      0.40      0.00      0.00      0.00      0.00      0.00
10:03:52 PM      0.00      0.00      0.00      0.00      4.00      0.00      0.00      0.00      0.00      0.00
10:03:57 PM      0.00     32.00      0.00      0.00      3.80      0.00      0.00      0.00      0.00      0.00
10:04:02 PM      0.00    117.60      0.00      0.00      4.20      0.00      0.00      0.00      0.00      0.00
10:04:07 PM     28.80      4.80     58.00      7.20      6.60      0.00      0.00      0.00      0.00      0.00
10:04:12 PM      6.40      0.00      2.20      0.00      4.00      0.00      0.00      0.00      0.00      0.00
10:04:17 PM      3.20      0.00      0.00      0.00      0.80      0.00      0.00      0.00      0.00      0.00
10:04:22 PM      0.00      0.00      0.00      0.00      4.40      0.00      0.00      0.00      0.00      0.00
10:04:27 PM      0.00      0.00      0.00      0.00      4.40      0.00      0.00      0.00      0.00      0.00
10:04:32 PM      0.00     86.40      2.00      0.00      5.00      0.00      0.00      0.00      0.00      0.00
10:04:37 PM      0.80    175.20      0.40      0.20      4.20      0.00      0.00      0.00      0.00      0.00
10:04:42 PM      0.00      4.00      0.00      0.00      3.80      0.00      0.00      0.00      0.00      0.00
10:04:47 PM      0.00      8.00      0.00      0.00      0.40      0.00      0.00      0.00      0.00      0.00
10:04:52 PM      0.00      0.00      0.00      0.00      4.40      0.00      0.00      0.00      0.00      0.00
10:04:57 PM      0.00      0.00      0.00      0.00      3.80      0.00      0.00      0.00      0.00      0.00
10:05:02 PM      0.00      0.00      0.00      0.00      4.00      0.00      0.00      0.00      0.00      0.00
10:05:07 PM      6.40     32.00      0.00      1.60    106.20      0.00      0.00      0.00      0.00      0.00
10:05:12 PM      0.00    136.80      0.00      0.00      4.00      0.00      0.00      0.00      0.00      0.00
10:05:17 PM      0.00      5.60      0.00      0.00      0.40      0.00      0.00      0.00      0.00      0.00
10:05:22 PM      0.00      0.00      0.00      0.00      4.00      0.00      0.00      0.00      0.00      0.00
10:05:27 PM      0.00      0.00      0.00      0.00      4.00      0.00      0.00      0.00      0.00      0.00
10:05:32 PM      0.00      0.00      0.00      0.00      3.80      0.00      0.00      0.00      0.00      0.00
10:05:37 PM      0.80      0.00      0.40      0.20      1.80      0.00      0.00      0.00      0.00      0.00
10:05:42 PM  29249.60  20204.80   7312.40   7312.40   5093.40   5069.40      0.00   5069.40      0.00      0.00
10:05:47 PM  69152.80  80725.60  17288.20  17288.20  20342.40  20557.60      0.00  20308.00      0.00      0.00
10:05:52 PM  70762.40  60523.20  17690.60  17690.60  15255.20  15332.00      0.00  15216.80      0.00      0.00
10:05:57 PM  75974.40  80435.20  18993.40  18993.40  20342.80  20557.20      0.00  20301.80      0.00      0.00
10:06:02 PM  78172.80  80844.80  19543.20  19543.20  20352.00  20514.80      0.00  20310.00      0.00      0.00
10:06:07 PM   4189.60  20275.20   1069.20    791.20   5454.00   5080.20      0.00   5080.20      0.00      0.00
10:06:12 PM     85.60      0.00     21.80     21.40      5.00      0.00      0.00      0.00      0.00      0.00
10:06:17 PM      0.00     32.00      0.00      0.00      0.40      0.00      0.00      0.00      0.00      0.00
10:06:22 PM      0.00    117.60      0.00      0.00      4.00      0.00      0.00      0.00      0.00      0.00
10:06:27 PM      0.00      4.00      0.00      0.00    400.80      0.00      0.00      0.00      0.00      0.00
10:06:32 PM      0.00      0.00      0.00      0.00      4.00      0.00      0.00      0.00      0.00      0.00
10:06:37 PM      0.00      0.00      0.00      0.00      3.80      0.00      0.00      0.00      0.00      0.00
10:06:42 PM      0.00      0.00      0.00      0.00      4.00      0.00      0.00      0.00      0.00      0.00
10:06:47 PM      0.00      0.00      0.00      0.00      0.40      0.00      0.00      0.00      0.00      0.00
10:06:52 PM      0.00     32.00      0.00      0.00      3.80      0.00      0.00      0.00      0.00      0.00
10:06:57 PM      0.00    136.80      0.00      0.00      4.00      0.00      0.00      0.00      0.00      0.00
10:07:02 PM      0.00      4.80      0.00      0.00      3.80      0.00      0.00      0.00      0.00      0.00
10:07:07 PM      0.00      0.00      0.00      0.00      4.00      0.00      0.00      0.00      0.00      0.00
10:07:12 PM      0.00      0.00      0.00      0.00      3.80      0.00      0.00      0.00      0.00      0.00
10:07:17 PM      0.00      0.00      0.20      0.00      0.60      0.00      0.00      0.00      0.00      0.00
10:07:22 PM      0.00      0.00      0.00      0.00      3.80      0.00      0.00      0.00      0.00      0.00
10:07:27 PM      0.00     32.00      0.00      0.00      4.20      0.00      0.00      0.00      0.00      0.00
10:07:32 PM      0.00    117.60      0.00      0.00      3.80      0.00      0.00      0.00      0.00      0.00
10:07:37 PM      0.00      4.80      0.00      0.00      3.80      0.00      0.00      0.00      0.00      0.00
10:07:42 PM      0.00      0.00      0.00      0.00      4.00      0.00      0.00      0.00      0.00      0.00
10:07:47 PM      0.00      0.00      0.20      0.00      0.40      0.00      0.00      0.00      0.00      0.00
10:07:52 PM      0.00      0.00      0.00      0.00      4.00      0.00      0.00      0.00      0.00      0.00
10:07:57 PM      0.00      0.00      0.00      0.00      3.80      0.00      0.00      0.00      0.00      0.00
10:08:02 PM      0.00     32.00      0.00      0.00      4.00      0.00      0.00      0.00      0.00      0.00
10:08:07 PM 280109.60 186522.40  70027.40  70027.40  68601.40  53566.80  13018.20  66173.00      0.00      0.00
10:08:12 PM  45847.20      4.00  11461.80  11461.80  11277.20  10137.60      0.00  10137.60      0.00      0.00
10:08:17 PM      0.00      0.00      0.20      0.00      0.40      0.00      0.00      0.00      0.00      0.00
10:08:22 PM      0.00      0.00      0.00      0.00      3.80      0.00      0.00      0.00      0.00      0.00
10:08:27 PM     12.00      0.00      0.40      0.20      5.00      0.00      0.00      0.00      0.00      0.00
10:08:32 PM      0.00      0.00      0.00      0.00      4.00      0.00      0.00      0.00      0.00      0.00
10:08:37 PM      0.00     32.00      0.00      0.00      4.00      0.00      0.00      0.00      0.00      0.00
10:08:42 PM      0.00    117.60      0.00      0.00      3.80      0.00      0.00      0.00      0.00      0.00
10:08:47 PM      3.20      5.60      0.00      0.00      0.60      0.00      0.00      0.00      0.00      0.00
10:08:52 PM      0.00      0.00      0.00      0.00      3.80      0.00      0.00      0.00      0.00      0.00
10:08:57 PM      0.00      0.00      0.00      0.00      3.80      0.00      0.00      0.00      0.00      0.00
10:09:02 PM      0.00      0.00      0.00      0.00      4.40      0.00      0.00      0.00      0.00      0.00
10:09:07 PM      0.00      0.00      0.00      0.00      4.80      0.00      0.00      0.00      0.00      0.00
10:09:12 PM      0.00     32.00      2.20      0.00      4.20      0.00      0.00      0.00      0.00      0.00
10:09:17 PM      0.00    168.80      0.00      0.00      0.80      0.00      0.00      0.00      0.00      0.00
10:09:22 PM      0.00      5.60      0.00      0.00      4.20      0.00      0.00      0.00      0.00      0.00
10:09:27 PM      0.00      0.00      0.00      0.00      4.20      0.00      0.00      0.00      0.00      0.00
10:09:32 PM      0.00     22.40      2.00      0.00      5.40      0.00      0.00      0.00      0.00      0.00
10:09:37 PM      0.00      0.00      0.00      0.00      4.00      0.00      0.00      0.00      0.00      0.00
10:09:42 PM      0.00      0.00      0.00      0.00      3.80      0.00      0.00      0.00      0.00      0.00
10:09:47 PM      0.00     72.00      0.20      0.00      0.60      0.00      0.00      0.00      0.00      0.00
10:09:52 PM     64.00    149.60      1.00      0.80      4.20      0.00      0.00      0.00      0.00      0.00
10:09:57 PM      0.00      4.00      0.00      0.00      4.80      0.00      0.00      0.00      0.00      0.00
10:10:02 PM      0.00      0.00      0.00      0.00      3.80      0.00      0.00      0.00      0.00      0.00
10:10:07 PM      0.00      0.00      0.00      0.00      4.00      0.00      0.00      0.00      0.00      0.00
10:10:12 PM     85.60 119276.80  81359.00  81358.40  82085.60  73625.80   8297.00  81922.80      0.00      0.00
10:10:17 PM      0.00      0.00      0.00      0.00      0.60      0.00      0.00      0.00      0.00      0.00
10:10:22 PM      0.00     31.94      0.00      0.00      3.79      0.00      0.00      0.00      0.00      0.00
10:10:27 PM      3.20    136.80      0.00      0.00      4.00      0.00      0.00      0.00      0.00      0.00
10:10:32 PM      0.00      4.00      0.00      0.00      4.20      0.00      0.00      0.00      0.00      0.00
10:10:37 PM      0.00      0.00      0.00      0.00      1.60      0.00      0.00      0.00      0.00      0.00
10:10:42 PM      0.00      0.00      0.00      0.00      9.60      0.00      0.00      0.00      0.00      0.00
10:10:47 PM      0.00      0.00      0.00      0.00      0.40      0.00      0.00      0.00      0.00      0.00
10:10:52 PM      0.00      0.00      0.00      0.00      4.80      0.00      0.00      0.00      0.00      0.00
10:10:57 PM      0.00     32.00      0.00      0.00      3.80      0.00      0.00      0.00      0.00      0.00
10:11:02 PM      0.00    117.60      0.20      0.00      4.00      0.00      0.00      0.00      0.00      0.00
10:11:07 PM      0.00      4.00    283.00      0.00    211.20      0.00      0.00      0.00      0.00      0.00
10:11:12 PM      0.00      0.00      0.00      0.00      3.80      0.00      0.00      0.00      0.00      0.00
10:11:17 PM      0.00      0.00      0.00      0.00      0.60      0.00      0.00      0.00      0.00      0.00
10:11:22 PM      0.00      0.00      0.00      0.00      3.80      0.00      0.00      0.00      0.00      0.00
10:11:27 PM      0.00      0.00      0.00      0.00      4.00      0.00      0.00      0.00      0.00      0.00
10:11:32 PM      0.00     32.00      0.20      0.00      4.00      0.00      0.00      0.00      0.00      0.00
10:11:37 PM      0.00    136.80      0.00      0.00      4.00      0.00      0.00      0.00      0.00      0.00
10:11:42 PM      0.00      4.80      0.00      0.00      3.80      0.00      0.00      0.00      0.00      0.00
10:11:47 PM      0.00      0.00      0.00      0.00      0.40      0.00      0.00      0.00      0.00      0.00
10:11:52 PM      0.00      0.00      0.00      0.00      4.00      0.00      0.00      0.00      0.00      0.00
10:11:57 PM      0.00      0.00      0.00      0.00      3.80      0.00      0.00      0.00      0.00      0.00
10:12:02 PM      0.00      0.00      0.00      0.00      4.00      0.00      0.00      0.00      0.00      0.00
10:12:07 PM      0.00     32.00      0.00      0.00      3.80      0.00      0.00      0.00      0.00      0.00
10:12:12 PM 325426.40 206272.00  81356.60  81356.60  78964.20  76512.20   2353.40  78801.20      0.00      0.00
10:12:17 PM      1.60      0.00      0.00      0.00      0.40      0.00      0.00      0.00      0.00      0.00
10:12:22 PM      0.00      0.00      0.00      0.00      4.00      0.00      0.00      0.00      0.00      0.00
10:12:27 PM      0.00      0.00      0.00      0.00      3.80      0.00      0.00      0.00      0.00      0.00
10:12:32 PM      0.00      0.00      0.00      0.00      3.80      0.00      0.00      0.00      0.00      0.00
10:12:37 PM      0.00      0.00      0.00      0.00     55.40      0.00      0.00      0.00      0.00      0.00
10:12:42 PM      9.60    117.60      0.00      0.00      3.80      0.00      0.00      0.00      0.00      0.00
10:12:47 PM      3.20      5.60      0.00      0.00      0.60      0.00      0.00      0.00      0.00      0.00
10:12:52 PM      0.00      0.00      0.00      0.00      3.80      0.00      0.00      0.00      0.00      0.00
10:12:57 PM      0.00      0.00      0.00      0.00      4.00      0.00      0.00      0.00      0.00      0.00
10:13:02 PM      0.00      0.00      0.00      0.00      3.80      0.00      0.00      0.00      0.00      0.00
10:13:07 PM      0.00      0.00      0.00      0.00      4.00      0.00      0.00      0.00      0.00      0.00
10:13:12 PM      6.40    136.80      0.00      0.00      3.80      0.00      0.00      0.00      0.00      0.00
10:13:17 PM      0.00      0.00      0.00      0.00      0.40      0.00      0.00      0.00      0.00      0.00
10:13:22 PM      0.00      4.00      0.00      0.00      4.00      0.00      0.00      0.00      0.00      0.00
10:13:27 PM      0.00      0.00      0.00      0.00      3.80      0.00      0.00      0.00      0.00      0.00
10:13:32 PM      0.00      0.00      0.00      0.00      4.00      0.00      0.00      0.00      0.00      0.00
10:13:37 PM      0.00      0.00      0.00      0.00      4.00      0.00      0.00      0.00      0.00      0.00
10:13:42 PM      3.20      0.00      0.00      0.00      4.00      0.00      0.00      0.00      0.00      0.00
10:13:47 PM      0.00      0.00      0.00      0.00      0.40      0.00      0.00      0.00      0.00      0.00
10:13:52 PM      0.00    143.20      0.00      0.00      4.00      0.00      0.00      0.00      0.00      0.00
10:13:57 PM      0.00      4.00      0.00      0.00      3.80      0.00      0.00      0.00      0.00      0.00
10:14:02 PM      0.00      0.00      0.00      0.00      4.19      0.00      0.00      0.00      0.00      0.00
10:14:07 PM      0.00      0.00      0.00      0.00      5.00      0.00      0.00      0.00      0.00      0.00
10:14:12 PM      3.20      0.00  11737.80  11735.80  11597.20  11584.20      0.00  11571.40      0.00      0.00
10:14:17 PM     12.80     65.60  69609.80  69607.60  72332.80  69587.80   2673.60  72194.40      0.00      0.00
10:14:22 PM     10.40    200.80      0.00      0.00      4.80      0.00      0.00      0.00      0.00      0.00
10:14:27 PM      0.00      0.00      0.00      0.00      4.60      0.00      0.00      0.00      0.00      0.00
10:14:32 PM      0.00     21.60      2.00      0.00      5.60      0.00      0.00      0.00      0.00      0.00
10:14:37 PM      0.00      0.00      0.00      0.00      4.40      0.00      0.00      0.00      0.00      0.00
10:14:42 PM      0.00      0.00      0.00      0.00      3.80      0.00      0.00      0.00      0.00      0.00
10:14:47 PM      0.00     32.00      0.00      0.00      0.40      0.00      0.00      0.00      0.00      0.00
10:14:52 PM      0.00     12.00      0.00      0.00      4.40      0.00      0.00      0.00      0.00      0.00
10:14:57 PM      0.00    156.00      0.00      0.00      3.80      0.00      0.00      0.00      0.00      0.00
10:15:02 PM      0.00      0.00      0.00      0.00      4.00      0.00      0.00      0.00      0.00      0.00
10:15:07 PM      0.00      0.00      0.00      0.00      3.80      0.00      0.00      0.00      0.00      0.00
10:15:12 PM      0.00      0.00      0.00      0.00      4.00      0.00      0.00      0.00      0.00      0.00
10:15:17 PM      0.00      0.00      0.00      0.00      0.40      0.00      0.00      0.00      0.00      0.00
10:15:22 PM      0.00      0.00      0.00      0.00      3.80      0.00      0.00      0.00      0.00      0.00
10:15:27 PM      0.00      4.80      0.00      0.00    618.40      0.00      0.00      0.00      0.00      0.00
10:15:32 PM      0.00    136.80      0.00      0.00      3.80      0.00      0.00      0.00      0.00      0.00
10:15:37 PM      1.60      0.00      0.40      0.40      1.80      0.00      0.00      0.00      0.00      0.00
10:15:42 PM      0.00      0.00      0.00      0.00   1542.40      0.00      0.00      0.00      0.00      0.00
10:15:47 PM      0.00      0.00      0.20      0.00      0.60      0.00      0.00      0.00      0.00      0.00
10:15:52 PM      0.00      0.00      0.00      0.00   1421.40      0.00      0.00      0.00      0.00      0.00
10:15:57 PM      0.00      0.00      0.00      0.00      4.80      0.00      0.00      0.00      0.00      0.00
10:16:02 PM      0.00      5.60      0.00      0.00   1578.40      0.00      0.00     90.40      0.00      0.00
10:16:07 PM      0.00      0.00      0.00      0.00      3.80      0.00      0.00      0.00      0.00      0.00
10:16:12 PM     10.40      0.00    284.80      0.20   1406.40      0.00      0.00      0.00      0.00      0.00
10:16:17 PM      1.60 163121.60  87307.00  74954.00  86989.00  71612.00  15330.20  86836.00      0.00      0.00
10:16:22 PM 326404.80 310053.60  83171.20  82335.00  84671.80 227263.20 107517.40  83415.00      0.00      0.00
10:16:27 PM  31988.80  43400.80   7987.20   7985.80  11825.20   9753.60   1088.00  10853.60      0.00      0.00
10:16:32 PM   3243.20    168.80    744.00    769.60  13237.00      0.00      0.00      0.00      0.00      0.00
10:16:37 PM      6.40      4.00      0.00      0.00      3.80      0.00      0.00      0.00      0.00      0.00
10:16:42 PM      0.00      0.00      0.00      0.00      4.20      0.00      0.00      0.00      0.00      0.00
10:16:47 PM      0.00      0.00      0.00      0.00      0.40      0.00      0.00      0.00      0.00      0.00
10:16:52 PM    164.80      0.00      0.00     41.20   1031.00      0.00      0.00      0.00      0.00      0.00
10:16:57 PM      0.00      0.00      0.00      0.00      4.00      0.00      0.00      0.00      0.00      0.00
10:17:02 PM    742.40     44.80      0.40     30.00    756.60      0.00      0.00      0.00      0.00      0.00
10:17:07 PM      6.39    123.75      0.00      0.00      3.99      0.00      0.00      0.00      0.00      0.00
10:17:12 PM    127.20      4.80      0.00     31.80   1015.00      0.00      0.00      0.00      0.00      0.00
10:17:17 PM      0.00      0.00      0.00      0.00      0.60      0.00      0.00      0.00      0.00      0.00
10:17:22 PM    151.20      0.00      0.20     37.80    962.20      0.00      0.00      0.00      0.00      0.00
10:17:27 PM      0.00      0.00      0.00      0.00      4.00      0.00      0.00      0.00      0.00      0.00
10:17:32 PM     88.00      0.00      0.00     22.00    618.20      0.00      0.00      0.00      0.00      0.00
10:17:37 PM      0.00     32.00      0.00      0.00      3.80      0.00      0.00      0.00      0.00      0.00
10:17:42 PM     50.40    130.40      0.00     12.60    413.80      0.00      0.00      0.00      0.00      0.00
10:17:47 PM      0.00      4.00      0.00      0.00      0.40      0.00      0.00      0.00      0.00      0.00
10:17:52 PM    161.60      0.00      0.00     40.40   1229.60      0.00      0.00      0.00      0.00      0.00
10:17:57 PM      0.00      0.00      0.00      0.00      3.80      0.00      0.00      0.00      0.00      0.00
10:18:02 PM     99.20      0.00      0.00     24.80    413.60      0.00      0.00      0.00      0.00      0.00
10:18:07 PM      0.00      0.00      0.00      0.00      3.80      0.00      0.00      0.00      0.00      0.00
10:18:12 PM     50.40     32.00      0.00     12.60   1621.00      0.00      0.00      0.00      0.00      0.00
10:18:17 PM      0.00    111.20      0.00      0.00      9.40      0.00      0.00      0.00      0.00      0.00
10:18:22 PM     92.00      4.80      0.00     23.00    311.00      0.00      0.00      0.00      0.00      0.00
10:18:27 PM 189679.20  38339.20 114157.20 114157.20 104495.40 113372.60   5236.00 101367.60      0.00      0.00
10:18:32 PM      2.40      0.00      0.00      0.00    823.00      0.00      0.00      0.00      0.00      0.00
10:18:37 PM      0.80      0.00      0.40      0.20      4.00      0.00      0.00      0.00      0.00      0.00
10:18:42 PM     64.80      0.00     19.00     16.20    824.60      0.00      0.00      0.00      0.00      0.00
10:18:47 PM      0.00      0.00      0.00      0.00      0.60      0.00      0.00      0.00      0.00      0.00
10:18:52 PM      0.00    124.00      0.00      0.00    824.60      0.00      0.00      0.00      0.00      0.00
10:18:57 PM      0.00      0.00      0.00      0.00      3.80      0.00      0.00      0.00      0.00      0.00
10:19:02 PM   1932.00      4.00      5.40      2.20    826.00      0.00      0.00      0.00      0.00      0.00
10:19:07 PM    704.80     37.60  55866.60  55860.80  55087.20  54976.20      0.00  54962.80      0.00      0.00
10:19:12 PM   2557.60  62076.00  17900.00  17893.00  19234.20  44528.60  15296.60  19198.40      0.00      0.00
10:19:17 PM   1162.40      0.00    575.80    197.60    821.80      0.00      0.00      0.00      0.00      0.00
10:19:22 PM    940.00      0.00    674.20    235.00      5.60      0.00      0.00      0.00      0.00      0.00
10:19:27 PM    749.60      0.00    521.40    187.40   1707.60      0.00      0.00      0.00      0.00      0.00
10:19:32 PM    204.00    161.60     49.00     47.00      5.20      0.00      0.00      0.00      0.00      0.00
10:19:37 PM    142.40     38.40      9.80     35.80   1346.40      0.00      0.00      0.00      0.00      0.00
10:19:42 PM      0.00      4.80      0.00      0.00      3.80      0.00      0.00      0.00      0.00      0.00
10:19:47 PM    105.60      7.20      0.00     26.40   1024.80      0.00      0.00      0.00      0.00      0.00
10:19:52 PM    564.00  20166.40      2.60      1.40   5194.80   5103.20      0.00   5076.60      0.00      0.00
10:19:57 PM    104.80      0.00      0.00     26.20   3091.80      0.00      0.00      0.00      0.00      0.00
10:20:02 PM      0.00      0.00      0.00      0.00      3.80      0.00      0.00      0.00      0.00      0.00
10:20:07 PM    105.60    162.40      0.20     26.40   1248.80      0.00      0.00      0.00      0.00      0.00
10:20:12 PM      0.00      0.00      0.00      0.00      3.80      0.00      0.00      0.00      0.00      0.00
10:20:17 PM    105.60      5.60      0.00     26.40   1844.40      0.00      0.00      0.00      0.00      0.00
10:20:22 PM      0.00      0.00      0.00      0.00      3.80      0.00      0.00      0.00      0.00      0.00
10:20:27 PM 143102.40 112678.40  35749.40  35775.60  29483.20  24306.60   4230.20  28178.40      0.00      0.00
10:20:32 PM 209691.20 223196.80  52422.80  52422.80  55930.40  53065.20   5412.40  55801.60      0.00      0.00
10:20:37 PM   1230.40      0.00      9.00      3.60    822.80      0.00      0.00      0.00      0.00      0.00
10:20:42 PM     26.40      0.00      0.60      0.20     10.40      0.00      0.00      0.00      0.00      0.00
10:20:47 PM      3.20    143.20      0.00      0.80   1139.80      0.00      0.00      0.00      0.00      0.00
10:20:52 PM      0.00      4.80      0.00      0.00      4.80      0.00      0.00      0.00      0.00      0.00
10:20:57 PM      4.00      0.00      0.00      1.00   1219.80      0.00      0.00      0.00      0.00      0.00
10:21:02 PM      0.00      0.00      0.00      0.00    834.73      0.00      0.00      0.00      0.00      0.00
10:21:07 PM      6.40      0.00      0.20      1.00    823.00      0.00      0.00      0.00      0.00      0.00
10:21:12 PM    802.40      0.00    285.00      3.80    278.20      0.00      0.00      0.00      0.00      0.00
10:21:17 PM      3.20     32.00      0.00      0.80   1870.00      0.00      0.00      0.00      0.00      0.00
10:21:22 PM      0.00    130.40      0.00      0.00      6.20      0.00      0.00      0.00      0.00      0.00
10:21:27 PM      3.20      4.80      0.00      0.80    823.20      0.00      0.00      0.00      0.00      0.00
10:21:32 PM      0.00      0.00      0.00      0.00      3.80      0.00      0.00      0.00      0.00      0.00
10:21:37 PM      4.00      0.00      1.00      1.80   1823.00      0.00      0.00      0.00      0.00      0.00
10:21:42 PM      0.00      0.00      0.00      0.00      3.80      0.00      0.00      0.00      0.00      0.00
10:21:47 PM      3.20      0.00      0.00      0.80    819.80      0.00      0.00      0.00      0.00      0.00
10:21:52 PM      0.00     32.00      0.00      0.00      4.00      0.00      0.00      0.00      0.00      0.00
10:21:57 PM      2.40    111.20      0.00      0.60   1864.60      0.00      0.00      0.00      0.00      0.00
10:22:02 PM      0.00      4.80      0.00      0.00      4.00      0.00      0.00      0.00      0.00      0.00
10:22:07 PM      3.20      0.00      0.00      0.80    720.60      0.00      0.00      0.00      0.00      0.00
10:22:12 PM      0.00      0.00      0.00      0.00      4.00      0.00      0.00      0.00      0.00      0.00
10:22:17 PM    544.00  39157.60  10048.80  10048.00  10676.00  16101.80   3020.00  10655.40      0.00      0.00
10:22:22 PM      0.80      0.00      0.20      0.00      4.00      0.00      0.00      0.00      0.00      0.00
10:22:27 PM      0.00      0.00      0.00      0.00      4.60      0.00      0.00      0.00      0.00      0.00
10:22:32 PM 178531.20 170269.60  44558.80  44558.80  44387.80  52309.40      0.00  43075.80      0.00      0.00
10:22:37 PM 128423.20 129393.60  32106.00  32105.80  33676.80  32871.00      0.00  32594.60      0.00      0.00
10:22:42 PM      0.00      0.00      0.00      0.00      3.80      0.00      0.00      0.00      0.00      0.00
10:22:47 PM      0.00      0.00      0.00      0.00      0.60      0.00      0.00      0.00      0.00      0.00
10:22:52 PM      0.00    413.60      0.00      0.00   1232.80      0.00      0.00    102.40      0.00      0.00
10:22:57 PM      0.00      0.00      0.00      0.00      4.00      0.00      0.00      0.00      0.00      0.00
10:23:02 PM      0.00    819.20      0.00      0.00    544.20      0.00      0.00    204.80      0.00      0.00
10:23:07 PM     34.40      0.00      0.20      0.20      4.00      0.00      0.00      0.00      0.00      0.00
10:23:12 PM  16435.20  20275.20   4013.80   4005.00   5127.20   5068.80      0.00   5068.80      0.00      0.00
10:23:17 PM      0.00      0.00      0.00      0.00      0.40      0.00      0.00      0.00      0.00      0.00
10:23:22 PM      0.00    156.00      0.00      0.00      4.00      0.00      0.00      0.00      0.00      0.00
10:23:27 PM      3.20      5.60      0.00      0.00      3.80      0.00      0.00      0.00      0.00      0.00
10:23:32 PM      0.00      0.00      0.00      0.00      4.00      0.00      0.00      0.00      0.00      0.00
10:23:37 PM      0.80      0.00      2.40      2.20      3.80      0.00      0.00      0.00      0.00      0.00
10:23:42 PM      0.00      0.00      0.00      0.00      4.00      0.00      0.00      0.00      0.00      0.00
10:23:47 PM      0.00      0.00      0.00      0.00      0.40      0.00      0.00      0.00      0.00      0.00
10:23:52 PM      0.00     32.00      0.00      0.00      4.20      0.00      0.00      0.00      0.00      0.00
10:23:57 PM      0.00    111.20      0.00      0.00      3.80      0.00      0.00      0.00      0.00      0.00
10:24:02 PM    172.80      4.00      0.00     43.20    956.80      0.00      0.00      0.00      0.00      0.00
10:24:07 PM   1857.60      0.00      2.80      2.40      7.00      0.00      0.00      0.00      0.00      0.00
10:24:12 PM    732.00      0.00      5.20     60.20   1595.80      0.00      0.00      0.00      0.00      0.00
10:24:17 PM   1346.11      0.00      9.38      7.39      3.39      0.00      0.00      0.00      0.00      0.00
10:24:22 PM    176.80      0.00      0.20     44.20   1275.40      0.00      0.00      0.00      0.00      0.00
10:24:27 PM      0.00     64.00      0.00      0.00      4.40      0.00      0.00      0.00      0.00      0.00
10:24:32 PM     87.20    200.80      2.40     21.80    624.80      0.00      0.00      0.00      0.00      0.00
10:24:37 PM 435016.00 410407.20 108752.80 108751.00 109042.40 217350.40  87491.40 108044.40      0.00      0.00
10:24:42 PM  59328.00  74930.40  15358.80  14512.00  20558.40  21590.40      0.00  19657.40      0.00      0.00
10:24:47 PM      0.00      0.00      0.00      0.00      0.40      0.00      0.00      0.00      0.00      0.00
10:24:52 PM      0.00      0.00      0.00      0.00      4.60      0.00      0.00      0.00      0.00      0.00
10:24:57 PM    107.20     64.00      0.00     26.80    823.00      0.00      0.00      0.00      0.00      0.00
10:25:02 PM      0.00      0.00      0.00      0.00      4.00      0.00      0.00      0.00      0.00      0.00
10:25:07 PM    166.40    143.20      0.00     41.60   2141.60      0.00      0.00      0.00      0.00      0.00
10:25:12 PM      0.00      4.00      0.00      0.00      5.60      0.00      0.00      0.00      0.00      0.00
10:25:17 PM    140.80      0.00      0.20     26.80    820.40      0.00      0.00      0.00      0.00      0.00
10:25:22 PM      0.00      0.00      0.00      0.00      3.80      0.00      0.00      0.00      0.00      0.00
10:25:27 PM    106.40      0.00      0.00     26.60    823.20      0.00      0.00      0.00      0.00      0.00
10:25:32 PM      0.00      0.00      0.00      0.00      3.80      0.00      0.00      0.00      0.00      0.00
10:25:37 PM   1742.40     32.00      4.80     30.40   1232.60      0.00      0.00      0.00      0.00      0.00
10:25:42 PM   1691.20    130.40      1.80      1.00     15.20      0.00      0.00      0.00      0.00      0.00
10:25:47 PM    105.60      4.00      0.00     26.40   1856.40      0.00      0.00      0.00      0.00      0.00
10:25:52 PM      0.00      0.00      0.20      0.00      5.60      0.00      0.00      0.00      0.00      0.00
10:25:57 PM     92.00      0.00      0.00     23.00   1427.20      0.00      0.00      0.00      0.00      0.00
10:26:02 PM      0.00      0.00      0.00      0.00      3.80      0.00      0.00      0.00      0.00      0.00
10:26:07 PM    106.40   1228.80      0.00     26.60   1506.80      0.00      0.00    309.60      0.00      0.00
10:26:12 PM    150.40     32.00    285.60      1.40    220.40      0.00      0.00      0.00      0.00      0.00
10:26:17 PM     65.60   1749.60      0.00     16.40    937.20      0.00      0.00    412.80      0.00      0.00
10:26:22 PM      0.80      4.00      0.20      0.20      4.80      0.00      0.00      0.00      0.00      0.00
10:26:27 PM      0.00      0.00      0.00      0.00      3.80      0.00      0.00      0.00      0.00      0.00
10:26:32 PM      0.00      0.00      0.00      0.00      4.00      0.00      0.00      0.00      0.00      0.00
10:26:37 PM      0.00      0.00      0.00      0.00   1334.00      0.00      0.00      0.00      0.00      0.00
10:26:42 PM 129993.60 136701.60  32499.60  32498.40  37203.80  26533.80   7859.20  34215.20      0.00      0.00
10:26:47 PM 182241.60 178229.60  45560.40  45560.40  48866.20  35891.20   8665.60  44556.80      0.00      0.00
10:26:52 PM 168973.60 172052.00  42243.60  42243.40  46018.80  33766.40   9395.20  42975.00      0.00      0.00
10:26:57 PM 180809.60 183724.80  45202.40  45202.40  48810.60  35571.20  10368.00  45926.40      0.00      0.00
10:27:02 PM 191832.00 192260.00  47958.00  47958.00  49252.40  36147.20  11916.80  48076.80      0.00      0.00
10:27:07 PM 185392.80 120536.80  46348.20  46348.20  50960.60  40088.60   5888.00  43754.80      0.00      0.00
10:27:12 PM     10.40    123.20   7975.40   7943.00   5084.60   5072.80      0.00   5072.40      0.00      0.00
10:27:17 PM    116.00  61354.40  61884.80  61841.60  63105.00  80001.00   9457.40  62060.40      0.00      0.00
10:27:22 PM    681.60     32.00    390.00    140.40    220.20      0.00      0.00      0.00      0.00      0.00
10:27:27 PM      0.00    111.20      0.00      0.00      4.00      0.00      0.00      0.00      0.00      0.00
10:27:32 PM      3.20  19272.80      0.00      0.80   5640.40   5293.80      0.00   4817.40      0.00      0.00
10:27:37 PM    329.60      0.00     85.20     85.20     10.80      0.00      0.00      0.00      0.00      0.00
10:27:42 PM      3.20      0.00      0.00      0.80    823.20      0.00      0.00      0.00      0.00      0.00
10:27:47 PM      0.00      0.00      0.00      0.00      0.40      0.00      0.00      0.00      0.00      0.00
10:27:52 PM      3.20      0.00      0.00      0.80    823.20      0.00      0.00      0.00      0.00      0.00
10:27:57 PM      2.40     32.00      0.20      0.20      4.80      0.00      0.00      0.00      0.00      0.00
10:28:02 PM     10.40    143.20      0.00      1.00    823.20      0.00      0.00      0.00      0.00      0.00
10:28:07 PM      0.80      4.00      0.20      0.20      3.80      0.00      0.00      0.00      0.00      0.00
10:28:12 PM      3.20      0.00      0.20      0.80    823.00      0.00      0.00      0.00      0.00      0.00
10:28:17 PM      0.00      0.00      0.00      0.00      0.60      0.00      0.00      0.00      0.00      0.00
10:28:22 PM      1.60      0.00      0.00      0.40    823.00      0.00      0.00      0.00      0.00      0.00
10:28:27 PM     20.00      0.00      0.20      0.20      4.00      0.00      0.00      0.00      0.00      0.00
10:28:32 PM      3.20     32.00      0.00      0.80    823.00      0.00      0.00      0.00      0.00      0.00
10:28:37 PM      0.80    117.60      0.20      0.20      4.00      0.00      0.00      0.00      0.00      0.00
10:28:42 PM      2.40      4.00      0.00      0.60    823.00      0.00      0.00      0.00      0.00      0.00
10:28:47 PM      0.00      0.00      0.00      0.00      0.60      0.00      0.00      0.00      0.00      0.00
10:28:52 PM      2.40   1228.80      0.00      0.60   1131.40      0.00      0.00    308.40      0.00      0.00
10:28:57 PM      0.00      0.00      0.00      0.00      4.00      0.00      0.00      0.00      0.00      0.00
10:29:02 PM     33.60    819.20      4.60      5.20   1033.60      0.00      0.00    205.80      0.00      0.00
10:29:07 PM   2380.80     32.00    596.00    595.20    181.40      0.00      0.00      0.00      0.00      0.00
10:29:12 PM  11034.40    546.40   2728.20   2725.60   4282.60      0.00      0.00    103.00      0.00      0.00
10:29:17 PM     36.00      4.00     11.40      9.00      8.60      0.00      0.00      0.00      0.00      0.00
10:29:22 PM      0.00      0.00      0.40      0.00    842.80      0.00      0.00      0.00      0.00      0.00
10:29:27 PM      0.00      0.00      0.20      0.00      4.20      0.00      0.00      0.00      0.00      0.00
10:29:32 PM      0.00   1675.20      0.40      0.00   1237.40      0.00      0.00    409.80      0.00      0.00
10:29:37 PM      4.00      0.00      2.80      2.80      5.00      0.00      0.00      0.00      0.00      0.00
10:29:42 PM      0.00   3490.40      1.00      0.00   1648.00      0.00      0.00    819.40      0.00      0.00
10:29:47 PM      0.00      0.00      0.00      0.00      0.60      0.00      0.00      0.00      0.00      0.00
10:29:52 PM      0.00   3281.60      0.00      0.00   1642.80      0.00      0.00    819.40      0.00      0.00
10:29:57 PM      0.80      0.00      0.00      0.00    450.20      0.00      0.00      0.00      0.00      0.00
10:30:02 PM      0.00   2867.20      0.00      0.00   1540.00      0.00      0.00    716.80      0.00      0.00
10:30:07 PM      0.00      0.00      0.00      0.00      4.00      0.00      0.00      0.00      0.00      0.00
10:30:12 PM      0.00   3276.80      0.00      0.00   1642.20      0.00      0.00    819.20      0.00      0.00
10:30:17 PM 246290.40 213911.20  61573.00  61572.60  53845.40  73129.60   1414.80  53717.40      0.00      0.00
10:30:22 PM  81104.00  82223.20  20237.40  20203.60  20850.80  20787.20      0.00  20796.00      0.00      0.00
10:30:27 PM      0.00      4.80      0.00      0.00      3.80      0.00      0.00      0.00      0.00      0.00
10:30:32 PM      0.00      0.00      0.00      0.00      4.00      0.00      0.00      0.00      0.00      0.00
10:30:37 PM      0.00      0.00      0.40      0.00      1.60      0.00      0.00      0.00      0.00      0.00
10:30:42 PM      1.60      0.00      0.40      0.40      9.60      0.00      0.00      0.00      0.00      0.00
10:30:47 PM      0.00      0.00      0.00      0.00      0.40      0.00      0.00      0.00      0.00      0.00
10:30:52 PM      0.80     32.00      0.20      0.20      4.80      0.00      0.00      0.00      0.00      0.00
10:30:57 PM     33.60    111.20      0.20      0.20      3.80      0.00      0.00      0.00      0.00      0.00
10:31:02 PM      0.00      5.60      0.00      0.00      4.80      0.00      0.00      0.00      0.00      0.00
10:31:07 PM      0.00      0.00      0.00      0.00      4.00      0.00      0.00      0.00      0.00      0.00
10:31:12 PM 231888.00 206808.80  95111.20  94826.20  98937.40 111768.20   8543.60  98527.60      0.00      0.00
10:31:17 PM    280.00      0.00    220.20     63.40      9.00      0.00      0.00      0.00      0.00      0.00
10:31:22 PM    605.60      0.00      0.20      0.20      3.80      0.00      0.00      0.00      0.00      0.00
10:31:27 PM      0.00     32.00      0.00      0.00      4.00      0.00      0.00      0.00      0.00      0.00
10:31:32 PM      0.00    130.40      0.00      0.00      3.80      0.00      0.00      0.00      0.00      0.00
10:31:37 PM      0.80      4.00      2.00      2.00      4.00      0.00      0.00      0.00      0.00      0.00
10:31:42 PM      0.00      0.00    547.20    214.40      4.60      0.00      0.00      0.00      0.00      0.00
10:31:47 PM      0.00      0.00      0.00      0.00      0.40      0.00      0.00      0.00      0.00      0.00
10:31:52 PM    444.00      0.00      0.20      0.20      4.00      0.00      0.00      0.00      0.00      0.00
10:31:57 PM      0.00      0.00      0.00      0.00      3.80      0.00      0.00      0.00      0.00      0.00
10:32:02 PM      0.00     32.00      0.00      0.00      4.20      0.00      0.00      0.00      0.00      0.00
10:32:07 PM      0.00    111.20      0.00      0.00      3.80      0.00      0.00      0.00      0.00      0.00
10:32:12 PM      4.00      4.00      0.20      0.20      4.00      0.00      0.00      0.00      0.00      0.00
10:32:17 PM      0.00      0.00      0.00      0.00      1.20      0.00      0.00      0.00      0.00      0.00
10:32:22 PM      0.00      0.00      0.00      0.00      3.99      0.00      0.00      0.00      0.00      0.00
10:32:27 PM      0.00      0.00      0.00      0.00      3.80      0.00      0.00      0.00      0.00      0.00
10:32:32 PM      0.00      0.00      0.00      0.00      3.80      0.00      0.00      0.00      0.00      0.00
10:32:37 PM      0.00     32.00      0.00      0.00      4.00      0.00      0.00      0.00      0.00      0.00
10:32:42 PM      0.00    130.40      0.00      0.00      3.80      0.00      0.00      0.00      0.00      0.00
10:32:47 PM      4.00      4.80      0.20      0.20      0.60      0.00      0.00      0.00      0.00      0.00
10:32:52 PM      0.00      0.00      0.00      0.00      3.80      0.00      0.00      0.00      0.00      0.00
10:32:57 PM      0.00      0.00      0.00      0.00      4.00      0.00      0.00      0.00      0.00      0.00
10:33:02 PM      0.00      0.00      0.00      0.00      4.00      0.00      0.00      0.00      0.00      0.00
10:33:07 PM      0.00      0.00      0.00      0.00      4.00      0.00      0.00      0.00      0.00      0.00
10:33:12 PM 116056.00 139986.40  38912.80  38889.60  35850.40  45813.20   4405.20  35585.00      0.00      0.00
10:33:17 PM 122900.00 168872.80  33020.80  30681.80  36244.00  57145.00  14736.20  36149.20      0.00      0.00
10:33:22 PM      3.20      4.80      0.00      0.00      4.00      0.00      0.00      0.00      0.00      0.00
10:33:27 PM      0.00      0.00      0.00      0.00      3.80      0.00      0.00      0.00      0.00      0.00
10:33:32 PM      0.00      0.00      0.00      0.00      4.00      0.00      0.00      0.00      0.00      0.00
10:33:37 PM      0.00      0.00      0.00      0.00      3.80      0.00      0.00      0.00      0.00      0.00
10:33:42 PM      6.40      0.00      0.00      0.00      4.00      0.00      0.00      0.00      0.00      0.00
10:33:47 PM      0.00     38.40      0.00      0.00      0.40      0.00      0.00      0.00      0.00      0.00
10:33:52 PM     16.80    156.00      0.20      0.20      4.00      0.00      0.00      0.00      0.00      0.00
10:33:57 PM      0.00      4.80      0.00      0.00      3.80      0.00      0.00      0.00      0.00      0.00
10:34:02 PM   3487.20      0.00     12.60      2.40      4.20      0.00      0.00      0.00      0.00      0.00
10:34:07 PM     12.80      0.00      2.40      0.40      5.20      0.00      0.00      0.00      0.00      0.00
10:34:12 PM    620.00     14.40      7.40      0.20      5.80      0.00      0.00      0.00      0.00      0.00
10:34:17 PM    194.40      0.00      6.60      0.60      1.00      0.00      0.00      0.00      0.00      0.00
10:34:22 PM    521.60     64.00      0.40      0.20    209.00      0.00      0.00      0.00      0.00      0.00
10:34:27 PM    536.00    162.40      0.20      0.20      4.60      0.00      0.00      0.00      0.00      0.00
10:34:32 PM      0.00      4.00      0.00      0.00    618.40      0.00      0.00      0.00      0.00      0.00
10:34:37 PM      0.00      0.00      0.00      0.00      3.80      0.00      0.00      0.00      0.00      0.00
10:34:42 PM      9.60      8.80      0.00      0.00    618.60      0.00      0.00      0.00      0.00      0.00
10:34:47 PM      0.00      0.00      0.00      0.00      0.40      0.00      0.00      0.00      0.00      0.00
10:34:52 PM      0.00      0.00      0.00      0.00    823.60      0.00      0.00      0.00      0.00      0.00
10:34:57 PM      0.80    213.60      0.40      0.20      3.80      0.00      0.00      0.00      0.00      0.00
10:35:02 PM      0.00      0.00      0.00      0.00    720.80      0.00      0.00      0.00      0.00      0.00
10:35:07 PM      3.20      6.40      0.00      0.00      4.00      0.00      0.00      0.00      0.00      0.00
10:35:12 PM      0.00    358.40      0.00      0.00    605.80      0.00      0.00     89.80      0.00      0.00
10:35:17 PM 223244.80 224192.80  61683.40  55811.20  57940.80  95532.20  13441.60  56451.80      0.00      0.00
10:35:22 PM  58957.60  83867.20  14739.40  14739.40  21766.00  32834.20   7454.40  21070.00      0.00      0.00
10:35:27 PM     72.00     32.00     30.60     18.00      7.20      0.00      0.00      0.00      0.00      0.00
10:35:32 PM      0.00      0.00      0.00      0.00      3.80      0.00      0.00      0.00      0.00      0.00
10:35:37 PM      7.20    111.20      0.20      0.20      1.40      0.00      0.00      0.00      0.00      0.00
10:35:42 PM      8.00      4.00      0.60      0.40     10.00      0.00      0.00      0.00      0.00      0.00
10:35:47 PM      0.00      0.00      0.00      0.00      0.60      0.00      0.00      0.00      0.00      0.00
10:35:52 PM      0.00      0.00      0.00      0.00      4.60      0.00      0.00      0.00      0.00      0.00
10:35:57 PM      0.00      0.00      0.00      0.00      4.00      0.00      0.00      0.00      0.00      0.00
10:36:02 PM      0.00      0.00      0.00      0.00    105.99      0.00      0.00      0.00      0.00      0.00
10:36:07 PM      0.00     32.00      0.00      0.00      4.00      0.00      0.00      0.00      0.00      0.00
10:36:12 PM    782.40    130.40    295.60     15.00    201.80      0.00      0.00      0.00      0.00      0.00
10:36:17 PM      0.00      4.00      0.00      0.00      0.40      0.00      0.00      0.00      0.00      0.00
10:36:22 PM      0.00      0.00      0.20      0.00      4.00      0.00      0.00      0.00      0.00      0.00
10:36:27 PM      0.00      0.00      0.00      0.00      3.80      0.00      0.00      0.00      0.00      0.00
10:36:32 PM      0.00      0.00      0.00      0.00      4.00      0.00      0.00      0.00      0.00      0.00
10:36:37 PM      0.00      0.00      0.00      0.00      3.80      0.00      0.00      0.00      0.00      0.00
10:36:42 PM      0.00     32.00      0.00      0.00      4.00      0.00      0.00      0.00      0.00      0.00
10:36:47 PM      0.00    111.20      0.00      0.00      0.40      0.00      0.00      0.00      0.00      0.00
10:36:52 PM      0.00      4.80      0.00      0.00      3.80      0.00      0.00      0.00      0.00      0.00
10:36:57 PM      0.00      0.00      0.00      0.00      4.00      0.00      0.00      0.00      0.00      0.00
10:37:02 PM    311.20      0.00      0.20      0.20      3.80      0.00      0.00      0.00      0.00      0.00
10:37:07 PM      0.00      0.00      0.00      0.00      4.00      0.00      0.00      0.00      0.00      0.00
10:37:12 PM      0.00      0.00      0.00      0.00      4.00      0.00      0.00      0.00      0.00      0.00
10:37:17 PM      0.00     32.00      0.00      0.00      0.60      0.00      0.00      0.00      0.00      0.00
10:37:22 PM 135328.80 134558.40  33832.20  33832.20  37296.00  34713.60    281.60  34001.40      0.00      0.00
10:37:27 PM      3.20      4.00      0.00      0.00      3.80      0.00      0.00      0.00      0.00      0.00
10:37:32 PM    976.00  76286.40  11770.00     14.60  19895.00  15206.60   3865.60  19072.20      0.00      0.00
10:37:37 PM    120.00      0.00     46.40     32.80     12.20      0.00      0.00      0.00      0.00      0.00
10:37:42 PM      0.00      0.00      0.00      0.00  12384.40      0.00      0.00      0.00      0.00      0.00
10:37:47 PM      0.00      0.00      0.00      0.00      0.40      0.00      0.00      0.00      0.00      0.00
10:37:52 PM      0.00     64.00      0.00      0.00      4.00      0.00      0.00      0.00      0.00      0.00
10:37:57 PM      7.20    136.80      0.20      0.20      5.80      0.00      0.00      0.00      0.00      0.00
10:38:02 PM      0.00      4.80      0.00      0.00      4.00      0.00      0.00      0.00      0.00      0.00
10:38:07 PM      0.00      9.60      0.00      0.00      3.80      0.00      0.00      0.00      0.00      0.00
10:38:12 PM      0.00      0.00      0.20      0.00      4.00      0.00      0.00      0.00      0.00      0.00
10:38:17 PM      0.00      0.00      0.00      0.00      0.60      0.00      0.00      0.00      0.00      0.00
10:38:22 PM 107646.40  24576.00  28218.40  26911.60  13672.20   7561.20    768.00   6152.40      0.00      0.00
10:38:27 PM      0.00     51.20      0.00      0.00    823.20      0.00      0.00      0.00      0.00      0.00
10:38:32 PM      3.20    156.00      0.00      0.00      3.80      0.00      0.00      0.00      0.00      0.00
10:38:37 PM      0.00      5.60      0.00      0.00    975.20      0.00      0.00      0.00      0.00      0.00
10:38:42 PM      1.60      0.00      0.60      0.60      4.20      0.00      0.00      0.00      0.00      0.00
10:38:47 PM      0.00      0.00      0.00      0.00   1576.40      0.00      0.00      0.00      0.00      0.00
10:38:52 PM      0.00      0.00      0.00      0.00      3.80      0.00      0.00      0.00      0.00      0.00
10:38:57 PM      0.00      0.00      0.00      0.00    825.60      0.00      0.00      0.00      0.00      0.00
10:39:02 PM      0.00     32.00      0.00      0.00      4.40      0.00      0.00      0.00      0.00      0.00
10:39:07 PM      0.80    137.60      0.20      0.20    888.40      0.00      0.00      6.60      0.00      0.00
10:39:12 PM      0.00     40.80      2.60      0.00      9.20      0.00      0.00      0.00      0.00      0.00
10:39:17 PM    393.60     14.40    121.60     96.60    842.40      0.00      0.00      0.00      0.00      0.00
10:39:22 PM 123125.60  13471.20  39209.00  39209.00  41999.40  36336.80     38.40  34128.20      0.00      0.00
10:39:27 PM 121980.80 111674.40  83525.80  83523.80  84288.20  86860.20     12.80  83301.80      0.00      0.00
10:39:32 PM      0.00      0.00      2.20      0.00      5.60      0.00      0.00      0.00      0.00      0.00
10:39:37 PM      3.20     64.00      1.00      1.00   1329.00      0.00      0.00     82.60      0.00      0.00
10:39:42 PM      0.00    156.00      0.00      0.00      4.60      0.00      0.00      0.00      0.00      0.00
10:39:47 PM      0.00      0.00      0.00      0.00    819.80      0.00      0.00      0.00      0.00      0.00
10:39:52 PM      0.00      0.00      0.00      0.00      4.20      0.00      0.00      0.00      0.00      0.00
10:39:57 PM      0.00      0.00      0.00      0.00    823.20      0.00      0.00      0.00      0.00      0.00
10:40:02 PM      0.00     12.80      0.00      0.00      3.80      0.00      0.00      0.00      0.00      0.00
10:40:07 PM      0.00      0.00      0.00      0.00   2154.60      0.00      0.00      0.00      0.00      0.00
10:40:12 PM      0.00     51.20      0.00      0.00      4.00      0.00      0.00      0.00      0.00      0.00
10:40:17 PM      0.00      0.00      0.00      0.00   1252.50      0.00      0.00      0.00      0.00      0.00
10:40:22 PM      0.00      0.00      0.00      0.00      4.00      0.00      0.00      0.00      0.00      0.00
10:40:27 PM      0.00      0.00      0.00      0.00   1612.00      0.00      0.00      0.00      0.00      0.00
10:40:32 PM      0.00    124.00      0.00      0.00      8.80      0.00      0.00      0.00      0.00      0.00
10:40:37 PM      0.80      5.60      0.20      0.20   1334.80      0.00      0.00      0.00      0.00      0.00
10:40:42 PM      3.20      0.00      0.00      0.00     10.00      0.00      0.00      0.00      0.00      0.00
10:40:47 PM      0.00      0.00      0.00      0.00    919.00      0.00      0.00     99.40      0.00      0.00
10:40:52 PM      0.00      0.00      0.00      0.00      4.80      0.00      0.00      0.00      0.00      0.00
10:40:57 PM      0.00      0.00      0.00      0.00    823.00      0.00      0.00      0.00      0.00      0.00
10:41:02 PM      0.00     32.00      0.00      0.00      3.80      0.00      0.00      0.00      0.00      0.00
10:41:07 PM      0.00    130.40      0.00      0.00    522.40      0.00      0.00      0.00      0.00      0.00
10:41:12 PM      0.00      4.00      0.00      0.00      3.80      0.00      0.00      0.00      0.00      0.00
10:41:17 PM    658.40      0.00    286.60      2.20    253.80      0.00      0.00      0.00      0.00      0.00
10:41:22 PM      0.00      0.00      0.00      0.00    823.00      0.00      0.00      0.00      0.00      0.00
10:41:27 PM      0.00  47643.20  35521.60  35521.40  33665.80  47770.20   2485.60  33594.00      0.00      0.00
10:41:32 PM 337477.60 372661.60  94806.20  94806.20  94832.00 154122.20  24535.20  93826.60      0.00      0.00
10:41:37 PM  53328.00  74255.20  13335.20  13335.20  18653.80  27165.60   4496.80  18618.80      0.00      0.00
10:41:42 PM      0.00    111.20      0.00      0.00      3.80      0.00      0.00      0.00      0.00      0.00
10:41:47 PM    556.00      4.00    120.40     64.20      0.40      0.00      0.00      0.00      0.00      0.00
10:41:52 PM      0.80      0.00      0.20      0.20      4.00      0.00      0.00      0.00      0.00      0.00
10:41:57 PM      0.00      0.00      0.00      0.00      3.80      0.00      0.00      0.00      0.00      0.00
10:42:02 PM      0.00      0.00      0.00      0.00      4.00      0.00      0.00      0.00      0.00      0.00
10:42:07 PM      0.00      0.00      0.00      0.00      3.80      0.00      0.00      0.00      0.00      0.00
10:42:12 PM     11.20     32.00      2.80      2.80      4.00      0.00      0.00      0.00      0.00      0.00
10:42:17 PM    531.20    130.40      0.20      0.20      0.60      0.00      0.00      0.00      0.00      0.00
10:42:22 PM      0.80      5.60      0.20      0.20      4.00      0.00      0.00      0.00      0.00      0.00
10:42:27 PM      0.00      0.00      0.00      0.00      3.80      0.00      0.00      0.00      0.00      0.00
10:42:32 PM      0.00      0.00      0.00      0.00      3.80      0.00      0.00      0.00      0.00      0.00
10:42:37 PM      0.80      0.00      0.20      0.20      4.00      0.00      0.00      0.00      0.00      0.00
10:42:42 PM     38.40      0.00      0.00      9.60    106.20      0.00      0.00      0.00      0.00      0.00
10:42:47 PM      0.00     32.00      0.20      0.00      0.60      0.00      0.00      0.00      0.00      0.00
10:42:52 PM      0.80    111.20      0.20      0.20      3.80      0.00      0.00      0.00      0.00      0.00
10:42:57 PM      0.00      5.60      0.00      0.00      4.00      0.00      0.00      0.00      0.00      0.00
10:43:02 PM    112.80      0.00      2.40      1.60      3.80      0.00      0.00      0.00      0.00      0.00
10:43:07 PM      0.00      0.00      0.00      0.00      4.00      0.00      0.00      0.00      0.00      0.00
10:43:12 PM      0.00      0.00      0.00      0.00      5.40      0.00      0.00      0.00      0.00      0.00
10:43:17 PM      0.00      0.00      0.00      0.00      0.60      0.00      0.00      0.00      0.00      0.00
10:43:22 PM  13619.20     32.00   3405.60   3391.80    474.20      0.00      0.00      0.00      0.00      0.00
10:43:27 PM      0.00    130.40      0.00      0.00      3.80      0.00      0.00      0.00      0.00      0.00
10:43:32 PM      0.00      4.00      0.00      0.00    106.40      0.00      0.00      0.00      0.00      0.00
10:43:37 PM 108331.20 106926.40  26955.00  26954.80  26933.20  31616.00    721.60  26875.80      0.00      0.00
10:43:42 PM      0.00      0.00      0.00      0.00      4.00      0.00      0.00      0.00      0.00      0.00
10:43:47 PM      0.00      0.00      0.00      0.00      0.40      0.00      0.00      0.00      0.00      0.00
10:43:52 PM      0.00      0.00      0.20      0.00      3.80      0.00      0.00      0.00      0.00      0.00
10:43:57 PM      0.00      0.00      0.00      0.00      4.00      0.00      0.00      0.00      0.00      0.00
10:44:02 PM   2202.00  16114.97      8.58      7.39   4042.71   4509.38      0.00   4037.33      0.00      0.00
10:44:07 PM     16.80      0.00      6.00      4.20      7.00      0.00      0.00      0.00      0.00      0.00
10:44:12 PM    544.00      4.00      4.80      2.00      6.60      0.00      0.00      0.00      0.00      0.00
10:44:17 PM    326.40     22.40      9.80      5.40      4.80      0.00      0.00      0.00      0.00      0.00
10:44:22 PM      0.00      0.00      0.20      0.00      4.20      0.00      0.00      0.00      0.00      0.00
10:44:27 PM      0.00      0.00      0.20      0.00      5.20      0.00      0.00      0.00      0.00      0.00
10:44:32 PM      0.00    156.00      0.00      0.00      4.20      0.00      0.00      0.00      0.00      0.00
10:44:37 PM      6.40      0.00      1.60      1.60      4.00      0.00      0.00      0.00      0.00      0.00
10:44:42 PM      0.00     28.00      0.00      0.00      4.00      0.00      0.00      0.00      0.00      0.00
10:44:47 PM      0.00      4.00      0.00      0.00      0.40      0.00      0.00      0.00      0.00      0.00
10:44:52 PM      0.80      0.00      0.40      0.20      4.60      0.00      0.00      0.00      0.00      0.00
10:44:57 PM     47.20      0.00      0.00     11.80    106.20      0.00      0.00      0.00      0.00      0.00
10:45:02 PM      0.00      0.00      0.00      0.00      4.00      0.00      0.00      0.00      0.00      0.00
10:45:07 PM      0.00    136.80      0.00      0.00      3.80      0.00      0.00      0.00      0.00      0.00
10:45:12 PM      0.00      0.00      0.00      0.00      4.00      0.00      0.00      0.00      0.00      0.00
10:45:17 PM      0.00      0.00      0.00      0.00      0.40      0.00      0.00      0.00      0.00      0.00
10:45:22 PM      0.00      4.80      0.20      0.00      4.00      0.00      0.00      0.00      0.00      0.00
10:45:27 PM      0.00      0.00      0.00      0.00      4.00      0.00      0.00      0.00      0.00      0.00
10:45:32 PM      0.00      0.00      0.00      0.00      3.80      0.00      0.00      0.00      0.00      0.00
10:45:37 PM      9.60      0.00      7.40      6.00      2.00      0.00      0.00      0.00      0.00      0.00
10:45:42 PM      1.60    130.40      0.60      0.40      9.40      0.00      0.00      0.00      0.00      0.00
10:45:47 PM      0.00      0.00      0.00      0.00      0.60      0.00      0.00      0.00      0.00      0.00
10:45:52 PM      0.80      0.00      0.60      0.20      3.80      0.00      0.00      0.00      0.00      0.00
10:45:57 PM      0.00      6.40      0.00      0.00    106.40      0.00      0.00      0.00      0.00      0.00
10:46:02 PM      0.00      0.00      0.00      0.00      3.80      0.00      0.00      0.00      0.00      0.00
10:46:07 PM      0.00      0.00      0.00      0.00      3.80      0.00      0.00      0.00      0.00      0.00
10:46:12 PM      0.00      0.00      0.00      0.00      4.00      0.00      0.00      0.00      0.00      0.00
10:46:17 PM      0.00      0.00    285.00      0.00    209.80      0.00      0.00      0.00      0.00      0.00
10:46:22 PM      0.00      0.00      0.00      0.00      4.20      0.00      0.00      0.00      0.00      0.00
10:46:27 PM    977.60    162.40     67.40     32.60     15.80      0.00      0.00      0.00      0.00      0.00
10:46:32 PM      0.00      4.00      0.00      0.00      4.00      0.00      0.00      0.00      0.00      0.00
10:46:37 PM      0.00      0.00      0.00      0.00      3.80      0.00      0.00      0.00      0.00      0.00
10:46:42 PM 118488.00 108221.60  30378.60  29622.00  27450.40  27829.20      0.00  27102.00      0.00      0.00
10:46:47 PM      0.00      0.00      0.00      0.00   1459.80      0.00      0.00      0.00      0.00      0.00
10:46:52 PM      0.00      0.00      0.00      0.00      3.80      0.00      0.00      0.00      0.00      0.00
10:46:57 PM      9.60    178.40      0.00      0.00   1643.20      0.00      0.00      0.00      0.00      0.00
10:47:02 PM      0.00      0.00      0.00      0.00      3.80      0.00      0.00      0.00      0.00      0.00
10:47:07 PM      0.00      4.80      0.00      0.00   1599.20      0.00      0.00      0.00      0.00      0.00
10:47:12 PM      0.00      0.00      0.00      0.00      3.80      0.00      0.00      0.00      0.00      0.00
10:47:17 PM      0.00      0.00      0.00      0.00   1514.80      0.00      0.00      0.00      0.00      0.00
10:47:22 PM      8.00  59455.20  12289.80      2.00  15447.60  35562.60   5268.40  15443.40      0.00      0.00
10:47:27 PM      0.00    188.00      0.20      0.00   1546.20      0.00      0.00      0.00      0.00      0.00
10:47:32 PM     36.80      0.00     83.00     16.20      4.00      0.00      0.00      0.00      0.00      0.00
10:47:37 PM    657.60      0.00      0.60      0.40  15177.20      0.00      0.00      0.00      0.00      0.00
10:47:42 PM      0.00      4.00      0.00      0.00      6.40      0.00      0.00      0.00      0.00      0.00
10:47:47 PM      0.00      0.00      0.00      0.00   1225.40      0.00      0.00      0.00      0.00      0.00
10:47:52 PM      0.00      0.00      0.00      0.00      4.00      0.00      0.00      0.00      0.00      0.00
10:47:57 PM 115652.80  52953.60  28913.20  28913.20  15485.00  15596.80      0.00  13383.00      0.00      0.00
10:48:02 PM  43207.20 386398.40  10854.00  10758.40  98345.80 140146.20  50547.80  98169.00      0.00      0.00
10:48:07 PM 406011.18 164067.07 100886.03 100787.23 121252.89  69062.48  20920.56  41335.53      0.00      0.00
10:48:12 PM     20.00  93256.00      1.60      1.20  23326.00  25274.40      0.00  23328.40      0.00      0.00
10:48:17 PM      6.40      4.80      0.00      0.00      0.60      0.00      0.00      0.00      0.00      0.00
10:48:22 PM      0.80      0.00      0.20      0.20      3.80      0.00      0.00      0.00      0.00      0.00
10:48:27 PM      0.00      0.00      0.00      0.00      4.20      0.00      0.00      0.00      0.00      0.00
10:48:32 PM      9.60    156.00      0.00      0.00      3.80      0.00      0.00      0.00      0.00      0.00
10:48:37 PM    824.00     11.20      2.20      1.20      4.00      0.00      0.00      0.00      0.00      0.00
10:48:42 PM      6.40      0.00      0.00      0.00      5.00      0.00      0.00      0.00      0.00      0.00
10:48:47 PM      0.00      0.00      0.00      0.00      0.60      0.00      0.00      0.00      0.00      0.00
10:48:52 PM    628.00      4.80      1.00      0.80      3.80      0.00      0.00      0.00      0.00      0.00
10:48:57 PM     36.00      0.00     10.80      7.20      5.40      0.00      0.00      0.00      0.00      0.00
10:49:02 PM    537.60      0.00     33.20     20.60      6.00      0.00      0.00      0.00      0.00      0.00
10:49:07 PM    568.80    264.80     10.60      9.60      5.20      0.00      0.00      0.00      0.00      0.00
10:49:12 PM    666.40      0.00      9.60      3.00      4.80      0.00      0.00      0.00      0.00      0.00
10:49:17 PM     48.80     36.80     15.00      9.80      3.60      0.00      0.00      0.00      0.00      0.00
10:49:22 PM      6.40      0.00      2.40      1.60      4.20      0.00      0.00      0.00      0.00      0.00
10:49:27 PM      3.20     20.00      2.40      0.00      5.20      0.00      0.00      0.00      0.00      0.00
10:49:32 PM      0.00      0.00      0.60      0.00      4.20      0.00      0.00      0.00      0.00      0.00
10:49:37 PM    216.80      0.00     64.80     58.00     11.40      0.00      0.00      0.00      0.00      0.00
10:49:42 PM    492.80    172.80      0.80      0.60      4.00      0.00      0.00      0.00      0.00      0.00
10:49:47 PM      0.00      0.00      0.00      0.00      1.40      0.00      0.00      0.00      0.00      0.00
10:49:52 PM      0.00      0.00      0.00      0.00      4.20      0.00      0.00      0.00      0.00      0.00
10:49:57 PM      0.00      0.00      0.00      0.00      4.00      0.00      0.00      0.00      0.00      0.00
10:50:02 PM      0.00      4.00      0.00      0.00      3.80      0.00      0.00      0.00      0.00      0.00
10:50:07 PM      0.00      0.00      0.00      0.00      4.00      0.00      0.00      0.00      0.00      0.00
10:50:12 PM      0.00      0.00      0.20      0.00      3.80      0.00      0.00      0.00      0.00      0.00
10:50:17 PM     24.80      0.00      0.20      0.20      0.40      0.00      0.00      0.00      0.00      0.00
10:50:22 PM      0.00    130.40      0.00      0.00      4.80      0.00      0.00      0.00      0.00      0.00
10:50:27 PM      0.00      0.00      0.00      0.00      4.00      0.00      0.00      0.00      0.00      0.00
10:50:32 PM      0.00      0.00      0.00      0.00      4.00      0.00      0.00      0.00      0.00      0.00
10:50:37 PM      0.00      4.80      0.00      0.00      1.40      0.00      0.00      0.00      0.00      0.00
10:50:42 PM      9.60      0.00      0.00      0.00     10.20      0.00      0.00      0.00      0.00      0.00
10:50:47 PM     52.00      0.00      0.40      0.20      0.40      0.00      0.00      0.00      0.00      0.00
10:50:52 PM      0.00      0.00      0.00      0.00     56.00      0.00      0.00      0.00      0.00      0.00
10:50:57 PM      0.00      0.00      0.00      0.00      3.80      0.00      0.00      0.00      0.00      0.00
10:51:02 PM      0.00      0.00      0.00      0.00      3.80      0.00      0.00      0.00      0.00      0.00
10:51:07 PM      0.00    213.60      0.00      0.00      4.00      0.00      0.00      0.00      0.00      0.00
10:51:12 PM      0.00      4.00      0.00      0.00      3.80      0.00      0.00      0.00      0.00      0.00
10:51:17 PM    651.20      0.00    286.00      2.20    280.80      0.00      0.00      0.00      0.00      0.00
10:51:22 PM      0.00      0.00      0.00      0.00      5.80      0.00      0.00      0.00      0.00      0.00
10:51:27 PM      0.80      0.00      0.20      0.20      4.00      0.00      0.00      0.00      0.00      0.00
10:51:32 PM      0.00      0.00      0.00      0.00      4.00      0.00      0.00      0.00      0.00      0.00
10:51:37 PM  99041.60   2635.20  25216.80  24762.40  24703.80  24266.60      0.00  23770.60      0.00      0.00
10:51:42 PM      0.00    143.20      0.00      0.00      3.80      0.00      0.00      0.00      0.00      0.00
10:51:47 PM      0.00      4.80      0.00      0.00      0.40      0.00      0.00      0.00      0.00      0.00
10:51:52 PM      0.80      0.00      0.20      0.20      4.00      0.00      0.00      0.00      0.00      0.00
10:51:57 PM      0.00      0.00      0.00      0.00      3.80      0.00      0.00      0.00      0.00      0.00
10:52:02 PM      0.00      0.00      0.00      0.00      4.00      0.00      0.00      0.00      0.00      0.00
10:52:07 PM      0.00      0.00      0.00      0.00      3.80      0.00      0.00      0.00      0.00      0.00
10:52:12 PM      0.00     32.00      0.20      0.00      4.00      0.00      0.00      0.00      0.00      0.00
10:52:17 PM      0.00    136.80      0.00      0.00      0.40      0.00      0.00      0.00      0.00      0.00
10:52:22 PM      0.00      4.00      0.00      0.00      3.80      0.00      0.00      0.00      0.00      0.00
10:52:27 PM   5225.60 180864.80  24420.20  24417.60  45822.00  51147.60  14445.00  45771.60      0.00      0.00
10:52:32 PM 274058.40 308594.40 116192.60 116192.60 149517.20 148198.00  28315.60 149290.40      0.00      0.00
10:52:37 PM      0.00      0.00      0.00      0.00      4.00      0.00      0.00      0.00      0.00      0.00
10:52:42 PM      0.00      0.00      0.00      0.00      3.80      0.00      0.00      0.00      0.00      0.00
10:52:47 PM      0.00     51.10      0.00      0.00      0.60      0.00      0.00      0.00      0.00      0.00
10:52:52 PM      0.00    130.40      0.00      0.00      3.80      0.00      0.00      0.00      0.00      0.00
10:52:57 PM      0.00     12.80   1011.60    467.20      4.80      0.00      0.00      0.00      0.00      0.00
10:53:02 PM      0.00      0.00      0.00      0.00      3.80      0.00      0.00      0.00      0.00      0.00
10:53:07 PM      0.80      0.00      0.20      0.20      3.80      0.00      0.00      0.00      0.00      0.00
10:53:12 PM      0.00      0.00      0.00      0.00      4.00      0.00      0.00      0.00      0.00      0.00
10:53:17 PM      0.00      0.00      0.00      0.00      0.40      0.00      0.00      0.00      0.00      0.00
10:53:22 PM      0.80     51.20      0.20      0.20      4.00      0.00      0.00      0.00      0.00      0.00
10:53:27 PM    140.80    156.00      0.20      0.20      3.80      0.00      0.00      0.00      0.00      0.00
10:53:32 PM      0.00      7.20      0.00      0.00      4.20      0.00      0.00      0.00      0.00      0.00
10:53:37 PM      0.00      0.00      0.80      0.80      3.80      0.00      0.00      0.00      0.00      0.00
10:53:42 PM      0.00      0.00      0.00      0.00      4.00      0.00      0.00      0.00      0.00      0.00
10:53:47 PM      0.00      0.00      0.00      0.00      0.40      0.00      0.00      0.00      0.00      0.00
10:53:52 PM      0.00      0.00      0.00      0.00      3.80      0.00      0.00      0.00      0.00      0.00
10:53:57 PM      0.00     32.00      0.00      0.00      4.00      0.00      0.00      0.00      0.00      0.00
10:54:02 PM   2676.80    117.60      9.20      2.80      4.20      0.00      0.00      0.00      0.00      0.00
10:54:07 PM      3.20      4.00      1.40      0.80      5.00      0.00      0.00      0.00      0.00      0.00
10:54:12 PM      0.00      0.00      6.00      0.00      4.00      0.00      0.00      0.00      0.00      0.00
10:54:17 PM     69.60      0.00      3.40      0.60      1.00      0.00      0.00      0.00      0.00      0.00
10:54:22 PM      0.00      0.00      0.00      0.00      3.80      0.00      0.00      0.00      0.00      0.00
10:54:27 PM      0.00     52.80      2.80      0.00      6.20      0.00      0.00      0.00      0.00      0.00
10:54:32 PM      6.40  40896.80  20668.60  20668.20  19132.20  24539.20   3207.00  19081.80      0.00      0.00
10:54:37 PM 499846.40 543440.80 135531.80 135531.80 136192.20 134720.20   1063.00 135796.00      0.00      0.00
10:54:42 PM 499892.00 421921.60 149752.20 149750.00 150132.00 157898.00   6293.80 149453.60      0.00      0.00
10:54:47 PM  25563.20    550.40  33457.80  33454.00  38707.20  31634.60    622.40  32222.60      0.00      0.00
10:54:52 PM 247305.60      0.00  61826.40  61826.40  62815.40      0.00      0.00      0.00      0.00      0.00
10:54:57 PM 122581.60      0.00  30645.40  30645.40  31537.80      0.00      0.00      0.00      0.00      0.00
10:55:02 PM      0.00      0.00      0.00      0.00      4.00      0.00      0.00      0.00      0.00      0.00
10:55:07 PM      3.20      0.00    369.40    195.60      5.00      0.00      0.00      0.00      0.00      0.00
10:55:12 PM      0.00    149.60      0.00      0.00      3.80      0.00      0.00      0.00      0.00      0.00
10:55:17 PM      0.00      4.00      0.00      0.00      1.40      0.00      0.00      0.00      0.00      0.00
10:55:22 PM      0.00      0.00      0.00      0.00      3.80      0.00      0.00      0.00      0.00      0.00
10:55:27 PM      0.00      0.00      0.00      0.00      4.00      0.00      0.00      0.00      0.00      0.00
10:55:32 PM      0.00      0.00      0.00      0.00      3.80      0.00      0.00      0.00      0.00      0.00
10:55:37 PM   1436.80      0.00   1555.00   1439.00      5.00      0.00      0.00      0.00      0.00      0.00
10:55:42 PM   8314.40     32.00   2344.00   2218.40     59.20      0.00      0.00      0.00      0.00      0.00
10:55:47 PM    268.00    136.80      0.20      0.20      0.60      0.00      0.00      0.00      0.00      0.00
10:55:52 PM      0.00      4.80      0.00      0.00      4.60      0.00      0.00      0.00      0.00      0.00
10:55:57 PM      0.00      0.00      0.00      0.00      3.80      0.00      0.00      0.00      0.00      0.00
10:56:02 PM      0.80      0.00      0.20      0.20      4.60      0.00      0.00      0.00      0.00      0.00
10:56:07 PM      0.00      0.00      0.00      0.00      3.80      0.00      0.00      0.00      0.00      0.00
10:56:12 PM     14.40      0.00      1.20      0.60      4.60      0.00      0.00      0.00      0.00      0.00
10:56:17 PM    436.80     32.00    302.00     18.20    161.00      0.00      0.00      0.00      0.00      0.00
10:56:22 PM      0.00    111.20      0.00      0.00      4.00      0.00      0.00      0.00      0.00      0.00
10:56:27 PM      0.00      4.00      0.00      0.00      3.80      0.00      0.00      0.00      0.00      0.00
10:56:32 PM      0.00      0.00      0.00      0.00      4.00      0.00      0.00      0.00      0.00      0.00
10:56:37 PM      0.00      0.00      0.00      0.00      4.00      0.00      0.00      0.00      0.00      0.00
10:56:42 PM      0.00      0.00      0.00      0.00      3.80      0.00      0.00      0.00      0.00      0.00
10:56:47 PM 301268.00 385952.00 137855.60 137855.60 136833.40 137284.20   1907.20 136298.60      0.00      0.00
10:56:52 PM 557385.60 569321.60 139346.40 139346.40 142739.40 142310.40      0.00 142323.20      0.00      0.00
10:56:57 PM 188646.40 189188.00  47160.00  47160.00  48705.40  84072.20  28692.60  48532.20      0.00      0.00
10:57:02 PM    205.60      0.00      0.40     51.40   1609.20      0.00      0.00      0.00      0.00      0.00
10:57:07 PM     17.60      0.00      4.60      4.60      4.00      0.00      0.00      0.00      0.00      0.00
10:57:12 PM   2857.60      0.00   1241.40    714.40   1753.20      0.00      0.00      0.00      0.00      0.00
10:57:17 PM      0.80      0.00      0.20      0.20      0.60      0.00      0.00      0.00      0.00      0.00
10:57:22 PM    154.40      0.00      0.20     38.60   1235.20      0.00      0.00      0.00      0.00      0.00
10:57:27 PM      0.80      4.00      0.20      0.20      3.80      0.00      0.00      0.00      0.00      0.00
10:57:32 PM    184.00      0.00      1.60     46.00   1415.60      0.00      0.00      0.00      0.00      0.00
10:57:37 PM    488.00      0.00    128.40    128.40     11.80      0.00      0.00      0.00      0.00      0.00
10:57:42 PM    350.40      0.00      1.00     55.80   2001.00      0.00      0.00      0.00      0.00      0.00
10:57:47 PM      0.00      0.00      0.00      0.00      0.40      0.00      0.00      0.00      0.00      0.00
10:57:52 PM     28.00      0.00      0.60      7.00    110.20      0.00      0.00      0.00      0.00      0.00
10:57:57 PM      0.00    226.40      0.00      0.00     10.20      0.00      0.00      0.00      0.00      0.00
10:58:02 PM     51.20    414.40      0.00     12.60    361.20      0.00      0.00    103.20      0.00      0.00
10:58:07 PM      1.60      0.00      0.20      0.00      4.00      0.00      0.00      0.00      0.00      0.00
10:58:12 PM      0.00      0.00      0.00      0.00      3.80      0.00      0.00      0.00      0.00      0.00
10:58:17 PM    242.40      0.00      0.20      0.20      0.60      0.00      0.00      0.00      0.00      0.00
10:58:22 PM      0.00      0.00      0.00      0.00      3.80      0.00      0.00      0.00      0.00      0.00
10:58:27 PM      0.00      0.00      0.00      0.00     25.00      0.00      0.00      0.00      0.00      0.00
10:58:32 PM      0.00    277.60      0.00      0.00     11.80      0.00      0.00      0.00      0.00      0.00
10:58:37 PM      0.00      4.80      0.00      0.00      4.00      0.00      0.00      0.00      0.00      0.00
10:58:42 PM      0.00      0.00      0.00      0.00      4.00      0.00      0.00      0.00      0.00      0.00
10:58:47 PM      1.60  47616.00  12047.60      1.80  13492.80  11955.60      0.00  11955.40      0.00      0.00
10:58:52 PM    117.60      0.00      0.00     29.40    413.60      0.00      0.00      0.00      0.00      0.00
10:58:57 PM 299475.20 167526.40  75487.60  75487.40  79812.60 140501.60      0.00  66861.80      0.00      0.00
10:59:02 PM   3794.40      0.00     26.60     20.80      6.80      0.00      0.00      0.00      0.00      0.00
10:59:07 PM      9.60    143.20     10.80      8.40   1647.60      0.00      0.00      0.00      0.00      0.00
10:59:12 PM     11.20      4.00     10.00      2.80      5.00      0.00      0.00      0.00      0.00      0.00
10:59:17 PM    232.00      0.00     16.20     10.20   1487.00      0.00      0.00      0.00      0.00      0.00
10:59:22 PM      0.80      0.00      0.20      0.20      4.40      0.00      0.00      0.00      0.00      0.00
10:59:27 PM      0.00     39.20      0.40      0.00   1521.20      0.00      0.00      0.00      0.00      0.00
10:59:32 PM      0.00     14.40      2.80      0.00      4.00      0.00      0.00      0.00      0.00      0.00
10:59:37 PM      0.00     64.00      2.20      2.20   1611.60      0.00      0.00    102.40      0.00      0.00
10:59:42 PM   8744.80    172.80   3169.60   2186.20     22.00      0.00      0.00      0.00      0.00      0.00
10:59:47 PM      0.00      4.00      0.00      0.00   2062.20      0.00      0.00      0.00      0.00      0.00
10:59:52 PM      0.00      0.00      0.00      0.00      4.20      0.00      0.00      0.00      0.00      0.00
10:59:57 PM      0.00      0.00      0.00      0.00   1653.40      0.00      0.00      0.00      0.00      0.00
11:00:02 PM      0.00      0.00      0.00      0.00      3.80      0.00      0.00      0.00      0.00      0.00
11:00:07 PM      0.00      0.00      0.00      0.00   1228.20      0.00      0.00      0.00      0.00      0.00
11:00:12 PM      0.00     32.00      0.00      0.00      3.80      0.00      0.00      0.00      0.00      0.00
11:00:17 PM      0.00    130.40      0.00      0.00   1619.00      0.00      0.00      0.00      0.00      0.00
11:00:22 PM      0.00      4.80      0.00      0.00      4.00      0.00      0.00      0.00      0.00      0.00
11:00:27 PM      0.00     36.00      0.00      0.00   2122.80      0.00      0.00    102.40      0.00      0.00
11:00:32 PM      0.00      0.00      0.00      0.00      4.00      0.00      0.00      0.00      0.00      0.00
11:00:37 PM      3.20      0.00      1.00      0.80    826.00      0.00      0.00      0.00      0.00      0.00
11:00:42 PM      0.00      0.00      0.00      0.00      4.60      0.00      0.00      0.00      0.00      0.00
11:00:47 PM      0.00      0.00      0.00      0.00   1526.80      0.00      0.00      0.00      0.00      0.00
11:00:52 PM      0.00    130.40      0.00      0.00     12.60      0.00      0.00      0.00      0.00      0.00
11:00:57 PM      0.00      7.20      0.00      0.00   1273.40      0.00      0.00    102.40      0.00      0.00
11:01:02 PM      0.00      0.00    307.20    307.20   1251.00      0.00      0.00      0.00      0.00      0.00
11:01:07 PM      0.00      0.00      0.00      0.00      4.00      0.00      0.00      0.00      0.00      0.00
11:01:12 PM      0.00      0.00      0.00      0.00      3.80      0.00      0.00      0.00      0.00      0.00
11:01:17 PM      0.00      0.00      0.00      0.00      1.40      0.00      0.00      0.00      0.00      0.00
11:01:22 PM     13.60      0.00    284.40      0.20    214.20      0.00      0.00      0.00      0.00      0.00
11:01:27 PM      0.00    258.40      0.00      0.00     10.40      0.00      0.00      0.00      0.00      0.00
11:01:32 PM      0.00      4.00      0.00      0.00      3.80      0.00      0.00      0.00      0.00      0.00
11:01:37 PM      2.40      0.00      2.00      2.00      3.99      0.00      0.00      0.00      0.00      0.00
11:01:42 PM      0.00      0.00      0.00      0.00      4.20      0.00      0.00      0.00      0.00      0.00
11:01:47 PM      0.00      0.00      0.00      0.00      0.40      0.00      0.00      0.00      0.00      0.00
11:01:52 PM    728.80      0.00     35.40     17.00      6.40      0.00      0.00      0.00      0.00      0.00
Average:      7132.74   7148.90   2540.36   2352.06   2751.19   2880.77    412.61   2349.09      0.00      0.00
