Linux 7.0.10-arch1-1 (archlinux) 	06/02/2026 	_x86_64_	(4 CPU)

04:09:32 PM  pgpgin/s pgpgout/s   fault/s  majflt/s  pgfree/s pgscank/s pgscand/s pgsteal/s  pgprom/s   pgdem/s
04:09:37 PM   2278.40    117.60  99831.00      1.80     99.60      0.00      0.00      0.00      0.00      0.00
04:09:42 PM      0.00      0.00    335.80      0.00    405.40      0.00      0.00      0.00      0.00      0.00
04:09:47 PM     16.00    828.00      0.00      0.00      4.00      0.00      0.00      0.00      0.00      0.00
04:09:52 PM      0.00   8692.00      0.20      0.00   2202.60      0.00      0.00      0.00      0.00      0.00
04:09:57 PM      7.20   4609.60      0.40      0.20   1233.40      0.00      0.00      0.00      0.00      0.00
04:10:02 PM      0.00   2940.80    409.00      0.00    967.20      0.00      0.00      0.00      0.00      0.00
04:10:07 PM      0.80     41.60      3.00      0.20    289.20      0.00      0.00      0.00      0.00      0.00
04:10:12 PM      0.00      1.60      0.00      0.00     96.20      0.00      0.00      0.00      0.00      0.00
04:10:17 PM    432.00   3712.80     20.40     19.60   1169.80      0.00      0.00      0.00      0.00      0.00
04:10:22 PM      9.60   4552.80      3.00      1.60   1120.60      0.00      0.00      0.00      0.00      0.00
04:10:27 PM      7.20    804.80      1.80      1.80    220.40      0.00      0.00      0.00      0.00      0.00
04:10:32 PM     11.20     43.20      3.00      2.80    162.40      0.00      0.00      0.00      0.00      0.00
04:10:37 PM     12.80     75.20      3.40      3.20    173.40      0.00      0.00      0.00      0.00      0.00
04:10:42 PM     13.60     10.40      6.20      3.40     65.60      0.00      0.00      0.00      0.00      0.00
04:10:47 PM     10.40      8.80      2.60      2.60    104.80      0.00      0.00      0.00      0.00      0.00
04:10:52 PM      8.78    823.15      2.20      2.20    293.21      0.00      0.00      0.00      0.00      0.00
04:10:57 PM    161.60   9830.40     47.60     40.40   2473.80      0.00      0.00      0.00      0.00      0.00
04:11:02 PM      7.20   5497.60      2.20      1.80   1378.60      0.00      0.00      0.00      0.00      0.00
04:11:07 PM     64.00    409.60     16.00     16.00    107.20      0.00      0.00      0.00      0.00      0.00
04:11:12 PM      0.00   5097.60      0.00      0.00   1236.00      0.00      0.00      0.00      0.00      0.00
04:11:17 PM      0.00      0.00      0.00      0.00      4.00      0.00      0.00      0.00      0.00      0.00
04:11:22 PM      6.40      0.00      1.60      1.60      1.40      0.00      0.00      0.00      0.00      0.00
04:11:27 PM      1.60   3834.40      0.40      0.40    955.80      0.00      0.00      0.00      0.00      0.00
04:11:32 PM      0.00   4505.60      0.00      0.00   1130.40      0.00      0.00      0.00      0.00      0.00
04:11:37 PM  26215.20   3072.80   6554.40   6553.80    944.20      0.00      0.00      0.00      0.00      0.00
04:11:42 PM      3.20   2144.80      1.20      0.80    530.60      0.00      0.00      0.00      0.00      0.00
04:11:47 PM     52.00   7232.80     13.20     13.00   1789.40      0.00      0.00      0.00      0.00      0.00
04:11:52 PM      3.20   4076.80      0.80      0.80   1029.40      0.00      0.00      0.00      0.00      0.00
04:11:57 PM    160.80   1136.80     40.60     40.60    400.20      0.00      0.00      0.00      0.00      0.00
04:12:02 PM      4.80    775.20      1.20      1.20    233.20      0.00      0.00      0.00      0.00      0.00
04:12:07 PM      5.60      0.80      1.40      1.40     43.60      0.00      0.00      0.00      0.00      0.00
04:12:12 PM      1.60    414.40      0.40      0.40    151.80      0.00      0.00      0.00      0.00      0.00
04:12:17 PM      0.00    540.00      0.00      0.00    145.00      0.00      0.00      0.00      0.00      0.00
04:12:22 PM      5.60   7286.40      1.40      1.40   1854.00      0.00      0.00      0.00      0.00      0.00
04:12:27 PM     35.20   8182.40      9.00      8.80   2051.40      0.00      0.00      0.00      0.00      0.00
04:12:32 PM      4.00   3296.00      6.80      1.00    828.00      0.00      0.00      0.00      0.00      0.00
04:12:37 PM     11.20    547.20      2.80      2.80    144.20      0.00      0.00      0.00      0.00      0.00
04:12:42 PM      4.00   1012.00      1.00      1.00    258.00      0.00      0.00      0.00      0.00      0.00
04:12:47 PM      2.40   4326.40      0.60      0.60   1070.20      0.00      0.00      0.00      0.00      0.00
04:12:52 PM      1.60   3426.40      0.60      0.40    857.40      0.00      0.00      0.00      0.00      0.00
04:12:57 PM      0.00   1271.20      0.00      0.00    299.60      0.00      0.00      0.00      0.00      0.00
04:13:02 PM      0.00     73.60      0.00      0.00     22.00      0.00      0.00      0.00      0.00      0.00
04:13:07 PM      0.80    340.00      0.20      0.20     84.20      0.00      0.00      0.00      0.00      0.00
04:13:12 PM      0.00    135.20      0.00      0.00     48.40      0.00      0.00      0.00      0.00      0.00
04:13:17 PM      0.80    412.80      0.20      0.20    133.20      0.00      0.00      0.00      0.00      0.00
04:13:22 PM      3.20     50.40      0.80      0.80    145.00      0.00      0.00      0.00      0.00      0.00
04:13:27 PM      0.00    708.80      0.00      0.00    222.00      0.00      0.00      0.00      0.00      0.00
04:13:32 PM      1.60   2227.20      0.40      0.40    556.40      0.00      0.00      0.00      0.00      0.00
04:13:37 PM  34496.00   2465.60   8624.60   8624.00    871.40      0.00      0.00      0.00      0.00      0.00
04:13:42 PM      3.20      0.00      0.80      0.80      4.20      0.00      0.00      0.00      0.00      0.00
04:13:47 PM      0.80      0.00      0.20      0.20      5.20      0.00      0.00      0.00      0.00      0.00
04:13:52 PM      0.00   5222.40      0.00      0.00   1306.00      0.00      0.00      0.00      0.00      0.00
04:13:57 PM    132.80   2708.00     32.80     32.80    804.00      0.00      0.00      0.00      0.00      0.00
04:14:02 PM      0.00   1100.80      0.00      0.00    270.20      0.00      0.00      0.00      0.00      0.00
04:14:07 PM      0.00   1557.60      0.00      0.00    365.80      0.00      0.00      0.00      0.00      0.00
04:14:12 PM      3.20   1239.20    280.20      0.60    531.80      0.00      0.00      0.00      0.00      0.00
04:14:17 PM      0.00   7262.40      0.00      0.00   1933.40      0.00      0.00      0.00      0.00      0.00
04:14:22 PM      1.60     10.40      0.40      0.40     22.20      0.00      0.00      0.00      0.00      0.00
04:14:27 PM      0.00    409.60      0.00      0.00    147.00      0.00      0.00      0.00      0.00      0.00
04:14:32 PM      0.00    409.58      0.00      0.00    151.50      0.00      0.00      0.00      0.00      0.00
04:14:37 PM      5.60     56.00      1.40      1.40     55.20      0.00      0.00      0.00      0.00      0.00
04:14:42 PM      0.00   1355.20      0.00      0.00    360.60      0.00      0.00      0.00      0.00      0.00
04:14:47 PM      0.00  20878.40      0.00      0.00   5222.40      0.00      0.00      0.00      0.00      0.00
04:14:52 PM      4.00   2407.20      1.00      1.00    602.60      0.00      0.00      0.00      0.00      0.00
04:14:57 PM      0.00    980.00      0.00      0.00    248.80      0.00      0.00      0.00      0.00      0.00
04:15:02 PM      3.20    427.20      1.00      0.80    108.60      0.00      0.00      0.00      0.00      0.00
04:15:07 PM      1.60    552.00      0.40      0.40    142.00      0.00      0.00      0.00      0.00      0.00
04:15:12 PM      0.00    508.00      0.00      0.00    121.20      0.00      0.00      0.00      0.00      0.00
04:15:17 PM      0.00    692.00      0.00      0.00    144.40      0.00      0.00      0.00      0.00      0.00
04:15:22 PM      0.80   2022.40      0.20      0.20    506.00      0.00      0.00      0.00      0.00      0.00
04:15:27 PM      2.40    421.60      0.60      0.60    245.20      0.00      0.00      0.00      0.00      0.00
04:15:32 PM      0.80   1036.80      0.20      0.20    306.20      0.00      0.00      0.00      0.00      0.00
04:15:37 PM  28296.00   4468.00   7075.40   7074.00   1245.20      0.00      0.00      0.00      0.00      0.00
04:15:42 PM   2893.60   6988.80    723.40    723.40   2039.00      0.00      0.00      0.00      0.00      0.00
04:15:47 PM      0.00     38.40      0.00      0.00     54.00      0.00      0.00      0.00      0.00      0.00
04:15:52 PM     25.60   6681.60      0.00      0.00   1644.80      0.00      0.00      0.00      0.00      0.00
04:15:57 PM    112.80     85.60     28.20     28.20     29.40      0.00      0.00      0.00      0.00      0.00
04:16:02 PM      0.00      3.20      0.00      0.00      4.80      0.00      0.00      0.00      0.00      0.00
04:16:07 PM      0.00      0.00      0.00      0.00      3.80      0.00      0.00      0.00      0.00      0.00
04:16:12 PM      0.00    808.00      0.00      0.00    206.00      0.00      0.00      0.00      0.00      0.00
04:16:17 PM      0.00   2680.00      0.00      0.00    673.80      0.00      0.00      0.00      0.00      0.00
04:16:22 PM      1.60   1091.20      0.40      0.40    263.80      0.00      0.00      0.00      0.00      0.00
04:16:27 PM      3.20  10146.40      0.00      0.00   2513.20      0.00      0.00      0.00      0.00      0.00
04:16:32 PM      0.00  20555.20      0.00      0.00   5141.40      0.00      0.00      0.00      0.00      0.00
04:16:37 PM      4.00    917.60      1.00      1.00    233.40      0.00      0.00      0.00      0.00      0.00
04:16:42 PM      0.00     99.20      0.00      0.00     28.80      0.00      0.00      0.00      0.00      0.00
04:16:47 PM      0.00      0.00      0.00      0.00      4.00      0.00      0.00      0.00      0.00      0.00
04:16:52 PM      2.40      0.00      0.60      0.60      0.40      0.00      0.00      0.00      0.00      0.00
04:16:57 PM      0.00     38.40      0.00      0.00      4.00      0.00      0.00      0.00      0.00      0.00
04:17:02 PM      0.00   4651.20      0.00      0.00   1148.00      0.00      0.00      0.00      0.00      0.00
04:17:07 PM      0.80   6796.80      0.20      0.20   1702.60      0.00      0.00      0.00      0.00      0.00
04:17:12 PM      1.60   5024.80      0.40      0.40   1260.00      0.00      0.00      0.00      0.00      0.00
04:17:17 PM      0.00   3793.60      0.00      0.00    952.80      0.00      0.00      0.00      0.00      0.00
04:17:22 PM      0.00  14234.40      0.00      0.00   3586.40      0.00      0.00      0.00      0.00      0.00
04:17:27 PM     37.60   6955.20     10.80     10.80   1749.20      0.00      0.00      0.00      0.00      0.00
04:17:32 PM      8.80   2510.40      7.40      1.40    620.00      0.00      0.00      0.00      0.00      0.00
04:17:37 PM 108030.40   7687.20  27006.20  27005.40   2875.80      0.00      0.00      0.00      0.00      0.00
04:17:42 PM      3.20    751.20      0.80      0.80    232.00      0.00      0.00      0.00      0.00      0.00
04:17:47 PM  60185.60    313.60  15046.40  15046.40   6063.80      0.00      0.00      0.00      0.00      0.00
04:17:52 PM      0.80   1192.80      0.40      0.40    299.00      0.00      0.00      0.00      0.00      0.00
04:17:57 PM    115.77  12683.43     25.95     29.34   3384.63      0.00      0.00      0.00      0.00      0.00
04:18:02 PM      0.00   9243.20      0.00      0.00   2315.60      0.00      0.00      0.00      0.00      0.00
04:18:07 PM      5.60   3780.80      0.60      0.60   1251.00      0.00      0.00      0.00      0.00      0.00
04:18:12 PM     24.00    844.00      0.20      0.20    174.20      0.00      0.00      0.00      0.00      0.00
04:18:17 PM     11.20    998.40      0.00      2.80    765.60      0.00      0.00      0.00      0.00      0.00
04:18:22 PM      1.60   4795.20      0.20      0.20   1199.20      0.00      0.00      0.00      0.00      0.00
04:18:27 PM     13.60   1308.80      0.00      3.40    945.60      0.00      0.00      0.00      0.00      0.00
04:18:32 PM      0.00   6962.40      0.00      0.00   1744.40      0.00      0.00      0.00      0.00      0.00
04:18:37 PM     75.20   6673.60      0.80     18.80   2277.00      0.00      0.00      0.00      0.00      0.00
04:18:42 PM      0.00    618.40      0.00      0.00    158.60      0.00      0.00      0.00      0.00      0.00
04:18:47 PM     74.40    636.00      0.00     18.60    954.40      0.00      0.00      0.00      0.00      0.00
04:18:52 PM      0.00    373.60      0.00      0.00     92.80      0.00      0.00      0.00      0.00      0.00
04:18:57 PM     11.20   4050.40      2.60      2.60   1020.00      0.00      0.00      0.00      0.00      0.00
04:19:02 PM      0.00  10847.20      0.00      0.00   2716.40      0.00      0.00      0.00      0.00      0.00
04:19:07 PM     27.20   6619.20      1.20      6.80   1864.80      0.00      0.00      0.00      0.00      0.00
04:19:12 PM    387.20   4144.80    289.80      6.60   1257.00      0.00      0.00      0.00      0.00      0.00
04:19:17 PM      0.00   1772.80      0.00      0.00    440.00      0.00      0.00      0.00      0.00      0.00
04:19:22 PM      1.60    275.20      0.40      0.40     36.60      0.00      0.00      0.00      0.00      0.00
04:19:27 PM     40.00    553.60      0.00     10.00    346.40      0.00      0.00      0.00      0.00      0.00
04:19:32 PM      1.60    201.60      0.20      0.20    158.20      0.00      0.00      0.00      0.00      0.00
04:19:37 PM     51.20  13863.20      3.20     12.80   3963.20      0.00      0.00      0.00      0.00      0.00
04:19:42 PM      0.00   3238.40      0.00      0.00    813.40      0.00      0.00      0.00      0.00      0.00
04:19:47 PM  48048.80   5444.00  12001.20  12012.20   1686.80      0.00      0.00      0.00      0.00      0.00
04:19:52 PM      2.40   2344.00      0.60      0.60    918.40      0.00      0.00      0.00      0.00      0.00
04:19:57 PM    100.80    243.20     18.00     24.80    362.00      0.00      0.00      0.00      0.00      0.00
04:20:02 PM      0.00   1328.00      0.00      0.00    740.40      0.00      0.00      0.00      0.00      0.00
04:20:07 PM     18.40    706.40      5.60      5.60    266.20      0.00      0.00      0.00      0.00      0.00
04:20:12 PM      0.00   6866.40      0.00      0.00   1780.80      0.00      0.00      0.00      0.00      0.00
04:20:17 PM      0.00   2533.60      0.00      0.00    796.80      0.00      0.00      0.00      0.00      0.00
04:20:22 PM      0.00   2216.00      0.00      0.00    845.40      0.00      0.00      0.00      0.00      0.00
04:20:27 PM     56.00  13315.20      0.60     14.00   4083.40      0.00      0.00      0.00      0.00      0.00
04:20:32 PM      9.60   3762.40      0.00      0.00   1100.60      0.00      0.00      0.00      0.00      0.00
04:20:37 PM      0.00   2262.40      0.00      0.00   1341.00      0.00      0.00      0.00      0.00      0.00
04:20:42 PM      0.00    123.20      0.00      0.00     52.80      0.00      0.00      0.00      0.00      0.00
04:20:47 PM     69.60      0.00      0.00     17.40    516.20      0.00      0.00      0.00      0.00      0.00
04:20:52 PM      1.60    160.80      0.40      0.40     45.40      0.00      0.00      0.00      0.00      0.00
04:20:57 PM     56.80  11988.80      0.00     14.20   4144.40      0.00      0.00      0.00      0.00      0.00
04:21:02 PM      0.00  14861.60      0.00      0.00   3800.40      0.00      0.00      0.00      0.00      0.00
04:21:07 PM      1.60   4296.80      0.40      0.40   1364.40      0.00      0.00      0.00      0.00      0.00
04:21:12 PM      0.00   4130.40      0.00      0.00   1559.40      0.00      0.00      0.00      0.00      0.00
04:21:17 PM      0.00    632.80      0.00      0.00    254.00      0.00      0.00      0.00      0.00      0.00
04:21:22 PM      0.00    479.20      0.00      0.00    197.60      0.00      0.00      0.00      0.00      0.00
04:21:27 PM      0.00    389.60      0.00      0.00    148.00      0.00      0.00      0.00      0.00      0.00
04:21:32 PM      0.00    404.00      0.00      0.00    160.40      0.00      0.00      0.00      0.00      0.00
04:21:37 PM  14269.60   5002.40   3568.60   3567.40   1302.00      0.00      0.00      0.00      0.00      0.00
04:21:42 PM      8.80  11196.00      2.20      2.20   2770.40      0.00      0.00      0.00      0.00      0.00
04:21:47 PM  48532.80    286.40  15395.40  15395.40    198.60      0.00      0.00      0.00      0.00      0.00
04:21:52 PM      0.00   4710.40      0.00      0.00   1191.40      0.00      0.00      0.00      0.00      0.00
04:21:57 PM     11.18   9607.98      2.99      2.99   2431.14      0.00      0.00      0.00      0.00      0.00
04:22:02 PM      0.00   5353.60      0.00      0.00   1342.40      0.00      0.00      0.00      0.00      0.00
04:22:07 PM      1.60      4.00      0.40      0.40      4.80      0.00      0.00      0.00      0.00      0.00
04:22:12 PM      0.00   2383.20      0.00      0.00    590.00      0.00      0.00      0.00      0.00      0.00
04:22:17 PM      0.00   9868.00      0.00      0.00   2443.20      0.00      0.00      0.00      0.00      0.00
04:22:22 PM      0.00   2416.80      0.00      0.00    603.80      0.00      0.00      0.00      0.00      0.00
04:22:27 PM      3.20   4786.40      0.80      0.80   1202.20      0.00      0.00      0.00      0.00      0.00
04:22:32 PM     17.60    921.60      7.20      1.20    224.00      0.00      0.00      0.00      0.00      0.00
04:22:37 PM     59.20     64.80     19.80     14.00     21.00      0.00      0.00      0.00      0.00      0.00
04:22:42 PM     37.60   5288.00      0.40      9.40   1428.40      0.00      0.00      0.00      0.00      0.00
04:22:47 PM      1.60    759.20      0.40      0.40    176.60      0.00      0.00      0.00      0.00      0.00
04:22:52 PM    168.00    149.60      0.20     42.00    513.00      0.00      0.00      0.00      0.00      0.00
04:22:57 PM      0.80   5601.60      0.20      0.20   1405.00      0.00      0.00      0.00      0.00      0.00
04:23:02 PM     11.20   1596.80      0.00      2.80    505.60      0.00      0.00      0.00      0.00      0.00
04:23:07 PM      0.80   6570.40      0.20      0.20   1641.20      0.00      0.00      0.00      0.00      0.00
04:23:12 PM      0.00  14101.60      0.00      0.00   3529.40      0.00      0.00      0.00      0.00      0.00
04:23:17 PM      0.00   3666.40      0.00      0.00    979.00      0.00      0.00      0.00      0.00      0.00
04:23:22 PM     12.00   8390.40      3.00      3.00   2099.40      0.00      0.00      0.00      0.00      0.00
04:23:27 PM     22.40   2184.00      0.00      0.00    515.00      0.00      0.00      0.00      0.00      0.00
04:23:32 PM      0.00    536.00      0.00      0.00    137.00      0.00      0.00      0.00      0.00      0.00
04:23:37 PM      2.40    622.40      0.60      0.60    159.40      0.00      0.00      0.00      0.00      0.00
04:23:42 PM      0.00    256.00      0.00      0.00     67.80      0.00      0.00      0.00      0.00      0.00
04:23:47 PM  36645.60    155.20   9161.60   9161.40     63.40      0.00      0.00      0.00      0.00      0.00
04:23:52 PM  28605.60  24590.40   7151.40   7151.40   6311.60      0.00      0.00      0.00      0.00      0.00
04:23:57 PM     27.20   7693.60      6.60      6.60   1923.60      0.00      0.00      0.00      0.00      0.00
04:24:02 PM      6.40   3372.00      0.00      0.00    814.20      0.00      0.00      0.00      0.00      0.00
04:24:07 PM      3.20   3259.20      0.80      0.80    818.00      0.00      0.00      0.00      0.00      0.00
04:24:12 PM     81.60   4418.40    292.20     19.00   1575.40      0.00      0.00      0.00      0.00      0.00
04:24:17 PM      0.00   2639.20      0.00      0.00    663.60      0.00      0.00      0.00      0.00      0.00
04:24:22 PM     92.00   7302.40      0.60     23.00   2440.80      0.00      0.00      0.00      0.00      0.00
04:24:27 PM      0.00   5931.20      0.00      0.00   1486.60      0.00      0.00      0.00      0.00      0.00
04:24:32 PM     11.20   3360.00      0.00      2.80    936.80      0.00      0.00      0.00      0.00      0.00
04:24:37 PM     19.20   2082.40      4.80      4.80    497.80      0.00      0.00      0.00      0.00      0.00
04:24:42 PM      0.80   1276.80      0.00      0.00    322.00      0.00      0.00      0.00      0.00      0.00
04:24:47 PM     48.80    476.00      0.00     12.20    430.00      0.00      0.00      0.00      0.00      0.00
04:24:52 PM      3.20   2428.00      0.80      0.80    607.60      0.00      0.00      0.00      0.00      0.00
04:24:57 PM    104.80   1231.20      0.00     26.20   1132.20      0.00      0.00      0.00      0.00      0.00
04:25:02 PM     28.80    688.80      7.20      7.20    178.60      0.00      0.00      0.00      0.00      0.00
04:25:07 PM    119.20   5305.60      0.00     29.80   2141.20      0.00      0.00      0.00      0.00      0.00
04:25:12 PM      3.20   2245.60      0.00      0.00    531.00      0.00      0.00      0.00      0.00      0.00
04:25:17 PM     18.40     53.60      0.00      4.60    118.40      0.00      0.00      0.00      0.00      0.00
04:25:22 PM      0.00    102.99      0.00      0.00     26.15      0.00      0.00      0.00      0.00      0.00
04:25:27 PM      8.00     99.20      2.00      2.00     31.20      0.00      0.00      0.00      0.00      0.00
04:25:32 PM      0.00    128.80      0.00      0.00    292.00      0.00      0.00      0.00      0.00      0.00
04:25:37 PM 118678.40   9737.60  29669.60  29669.60   3214.00      0.00      0.00      0.00      0.00      0.00
04:25:42 PM    132.00   2076.00      0.40      0.20    519.80      0.00      0.00      0.00      0.00      0.00
04:25:47 PM  14542.40   2917.60   3635.00   3635.60   2468.00      0.00      0.00      0.00      0.00      0.00
04:25:52 PM  58380.00     46.40  14595.00  14595.00   1098.00      0.00      0.00      0.00      0.00      0.00
04:25:57 PM     17.60   1744.00      4.40      4.40    953.40      0.00      0.00      0.00      0.00      0.00
04:26:02 PM      0.00   6118.40      0.00      0.00   1534.80      0.00      0.00      0.00      0.00      0.00
04:26:07 PM   2268.00   5216.00      2.20      1.60   2760.40      0.00      0.00      0.00      0.00      0.00
04:26:12 PM      0.00   1326.40      0.20      0.00    335.60      0.00      0.00      0.00      0.00      0.00
04:26:17 PM    429.60     38.40      1.00      0.40    519.00      0.00      0.00      0.00      0.00      0.00
04:26:22 PM     20.00   9518.40      1.20      1.20   2347.40      0.00      0.00      0.00      0.00      0.00
04:26:27 PM      9.60   1703.20      0.00      2.40    845.00      0.00      0.00      0.00      0.00      0.00
04:26:32 PM      0.80    304.00      0.00      0.00     80.20      0.00      0.00      0.00      0.00      0.00
04:26:37 PM     25.60    745.60      0.00      6.40    805.40      0.00      0.00      0.00      0.00      0.00
04:26:42 PM      0.00     44.80      0.00      0.00     15.20      0.00      0.00      0.00      0.00      0.00
04:26:47 PM      2.40     34.40      0.00      0.60    422.20      0.00      0.00      0.00      0.00      0.00
04:26:52 PM      0.00   7044.00      0.00      0.00   1751.80      0.00      0.00      0.00      0.00      0.00
04:26:57 PM     16.00   2981.60      0.00      0.00   1528.60      0.00      0.00      0.00      0.00      0.00
04:27:02 PM    438.40   4157.60      0.20      0.20   1043.00      0.00      0.00      0.00      0.00      0.00
04:27:07 PM     14.40  11544.00      0.00      3.60   3712.40      0.00      0.00      0.00      0.00      0.00
04:27:12 PM      0.00   6997.60      0.00      0.00   1844.00      0.00      0.00      0.00      0.00      0.00
04:27:17 PM      2.40    953.60      0.00      0.60   1066.40      0.00      0.00      0.00      0.00      0.00
04:27:22 PM      0.00   1176.80      0.00      0.00    295.00      0.00      0.00      0.00      0.00      0.00
04:27:27 PM    545.60   4388.00     17.40      9.00   1200.20      0.00      0.00      0.00      0.00      0.00
04:27:32 PM    411.20   3479.20     11.80      2.60    968.80      0.00      0.00      0.00      0.00      0.00
04:27:37 PM     36.80   1234.40     13.00      8.00    325.00      0.00      0.00      0.00      0.00      0.00
04:27:42 PM    135.20    376.80      1.20      1.00    197.60      0.00      0.00      0.00      0.00      0.00
04:27:47 PM    468.00    364.00     10.20      4.20     92.20      0.00      0.00      0.00      0.00      0.00
04:27:52 PM  22537.60    148.00   5631.60   5631.60   1511.00      0.00      0.00      0.00      0.00      0.00
04:27:57 PM    452.00      1.60     21.80     20.40     65.60      0.00      0.00      0.00      0.00      0.00
04:28:02 PM      0.00     70.40      0.00      0.00      5.20      0.00      0.00      0.00      0.00      0.00
04:28:07 PM     17.60   4853.60      0.40      0.40   1207.20      0.00      0.00      0.00      0.00      0.00
04:28:12 PM      0.80   3528.00      0.40      0.00   1138.20      0.00      0.00      0.00      0.00      0.00
04:28:17 PM      0.00     12.80      0.00      0.00      8.40      0.00      0.00      0.00      0.00      0.00
04:28:22 PM      0.00   1241.60      0.00      0.00    994.20      0.00      0.00      0.00      0.00      0.00
04:28:27 PM      0.00     20.80      0.00      0.00    198.00      0.00      0.00      0.00      0.00      0.00
04:28:32 PM      3.20   4208.00      0.80      0.80   2107.40      0.00      0.00      0.00      0.00      0.00
04:28:37 PM      0.00   3208.00      0.00      0.00   2550.60      0.00      0.00      0.00      0.00      0.00
04:28:42 PM      6.40    368.80      0.00      0.00    760.20      0.00      0.00      0.00      0.00      0.00
04:28:47 PM      0.00   3209.60      0.00      0.00   2544.20      0.00      0.00      0.00      0.00      0.00
04:28:52 PM      0.80    480.80      0.20      0.20    294.80      0.00      0.00      0.00      0.00      0.00
04:28:57 PM    288.00     93.60     11.20      7.60     70.00      0.00      0.00      0.00      0.00      0.00
04:29:02 PM      0.00   1631.20      0.00      0.00   1397.20      0.00      0.00      0.00      0.00      0.00
04:29:07 PM      0.00    207.20      0.00      0.00    419.80      0.00      0.00      0.00      0.00      0.00
04:29:12 PM     87.82   5607.19    300.40     18.56   3424.15      0.00      0.00      0.00      0.00      0.00
04:29:17 PM      0.00   7212.00      0.00      0.00   2907.40      0.00      0.00      0.00      0.00      0.00
04:29:22 PM     36.00     28.80      0.00      9.00    733.20      0.00      0.00      0.00      0.00      0.00
04:29:27 PM      0.00     16.00      0.00      0.00    275.80      0.00      0.00      0.00      0.00      0.00
04:29:32 PM     10.40      9.60      0.00      2.60    737.20      0.00      0.00      0.00      0.00      0.00
04:29:37 PM     13.60      0.00      3.40      3.40     18.60      0.00      0.00      0.00      0.00      0.00
04:29:42 PM      0.00   1317.60      0.00      0.00   1223.20      0.00      0.00      0.00      0.00      0.00
04:29:47 PM  12706.40    987.20   3176.80   3176.60    791.60      0.00      0.00      0.00      0.00      0.00
04:29:52 PM     32.00  12292.80      0.20      5.60   4422.60      0.00      0.00      0.00      0.00      0.00
04:29:57 PM    577.60   3520.80  12322.00  12321.60    933.60      0.00      0.00      0.00      0.00      0.00
04:30:02 PM      0.80   3354.40      0.20      0.20    850.80      0.00      0.00      0.00      0.00      0.00
04:30:07 PM      1.60   3585.60      0.40      0.40    920.40      0.00      0.00      0.00      0.00      0.00
04:30:12 PM      0.00      5.60      0.00      0.00      5.40      0.00      0.00      0.00      0.00      0.00
04:30:17 PM      0.00   4428.00      0.00      0.00   1122.80      0.00      0.00      0.00      0.00      0.00
04:30:22 PM     40.00   1472.80      0.20      0.20    365.20      0.00      0.00      0.00      0.00      0.00
04:30:27 PM      0.00   3476.80      0.00      0.00    850.00      0.00      0.00      0.00      0.00      0.00
04:30:32 PM     96.00   5309.60      0.20     24.00   1806.80      0.00      0.00      0.00      0.00      0.00
04:30:37 PM     40.00   1607.20      2.20      2.20    418.40      0.00      0.00      0.00      0.00      0.00
04:30:42 PM     83.20     40.80      0.00     20.80    843.20      0.00      0.00      0.00      0.00      0.00
04:30:47 PM      2.40     36.00      0.60      0.60     21.60      0.00      0.00      0.00      0.00      0.00
04:30:52 PM     12.00   1966.40      0.20      3.00    835.40      0.00      0.00      0.00      0.00      0.00
04:30:57 PM     38.40    225.60      2.20      1.80     54.40      0.00      0.00      0.00      0.00      0.00
04:31:02 PM      1.60    289.60      0.40      0.40     48.00      0.00      0.00      0.00      0.00      0.00
04:31:07 PM      3.20   6768.80      0.80      0.80   1738.00      0.00      0.00      0.00      0.00      0.00
04:31:12 PM      0.80   5229.60      0.20      0.20   1619.60      0.00      0.00      0.00      0.00      0.00
04:31:17 PM      0.00   6430.40      0.00      0.00   1744.20      0.00      0.00      0.00      0.00      0.00
04:31:22 PM      4.00  15532.00      1.00      1.00   3962.80      0.00      0.00      0.00      0.00      0.00
04:31:27 PM      0.00   6880.80      0.00      0.00   1877.80      0.00      0.00      0.00      0.00      0.00
04:31:32 PM      4.00   6392.80      1.00      1.00   1619.80      0.00      0.00      0.00      0.00      0.00
04:31:37 PM     25.60   1552.00      0.00      0.00    378.00      0.00      0.00      0.00      0.00      0.00
04:31:42 PM      0.80  10875.20      0.20      0.20   2884.80      0.00      0.00      0.00      0.00      0.00
04:31:47 PM      0.00   6790.40      0.00      0.00   1823.00      0.00      0.00      0.00      0.00      0.00
04:31:52 PM      1.60    612.80      0.40      0.40    158.20      0.00      0.00      0.00      0.00      0.00
04:31:57 PM   6750.40  12738.40   1531.80   1531.80   3315.60      0.00      0.00      0.00      0.00      0.00
04:32:02 PM  63095.20    678.40  15774.00  15773.80    229.40      0.00      0.00      0.00      0.00      0.00
04:32:07 PM      4.00   3624.80      1.00      1.00    900.80      0.00      0.00      0.00      0.00      0.00
04:32:12 PM      6.40    157.60      0.00      0.00      9.00      0.00      0.00      0.00      0.00      0.00
04:32:17 PM      0.00     11.20      0.00      0.00      5.60      0.00      0.00      0.00      0.00      0.00
04:32:22 PM    126.40    132.00      1.00      0.80     52.00      0.00      0.00      0.00      0.00      0.00
04:32:27 PM    264.00    655.20     12.40      9.80    249.20      0.00      0.00      0.00      0.00      0.00
04:32:32 PM    460.00   4227.20      9.00      2.20   1118.80      0.00      0.00      0.00      0.00      0.00
04:32:37 PM     94.40  10452.80     10.80      6.60   2644.60      0.00      0.00      0.00      0.00      0.00
04:32:42 PM      0.00   9168.80      0.00      0.00   2280.60      0.00      0.00      0.00      0.00      0.00
04:32:47 PM     16.00   3902.40      3.40      1.60    955.40      0.00      0.00      0.00      0.00      0.00
04:32:52 PM    240.00    336.80      7.20      1.20    179.60      0.00      0.00      0.00      0.00      0.00
04:32:57 PM      7.20    406.40      1.80      1.80    123.40      0.00      0.00      0.00      0.00      0.00
04:33:02 PM      0.00   1560.00      0.00      0.00    474.80      0.00      0.00      0.00      0.00      0.00
04:33:07 PM    164.47  11799.60      0.40     11.78   3230.14      0.00      0.00      0.00      0.00      0.00
04:33:12 PM    148.00   1757.60      1.40      1.20    445.40      0.00      0.00      0.00      0.00      0.00
04:33:17 PM      0.00   2148.80      0.00      0.00    486.40      0.00      0.00      0.00      0.00      0.00
04:33:22 PM      0.00    324.80      0.00      0.00     82.00      0.00      0.00      0.00      0.00      0.00
04:33:27 PM      4.80     92.80      0.00      1.20    161.60      0.00      0.00      0.00      0.00      0.00
04:33:32 PM      0.00    129.60      0.00      0.00     72.00      0.00      0.00      0.00      0.00      0.00
04:33:37 PM  91482.40   2956.80  22833.80  22841.00   1338.60      0.00      0.00      0.00      0.00      0.00
04:33:42 PM  34694.40   7587.20   8673.80   8673.60   2302.20      0.00      0.00      0.00      0.00      0.00
04:33:47 PM   9828.00    174.40   3880.80   3881.00    259.80      0.00      0.00      0.00      0.00      0.00
04:33:52 PM      6.40   5123.20      1.60      1.60   1281.60      0.00      0.00      0.00      0.00      0.00
04:33:57 PM    397.60    117.60     19.00     18.40     69.40      0.00      0.00      0.00      0.00      0.00
04:34:02 PM  51423.20     10.40  12855.20  12855.00   3630.20      0.00      0.00      0.00      0.00      0.00
04:34:07 PM      0.80      0.00      0.20      0.20    106.60      0.00      0.00      0.00      0.00      0.00
04:34:12 PM      0.00      0.00      0.20      0.00      3.80      0.00      0.00      0.00      0.00      0.00
04:34:17 PM      7.20      0.00    285.40      1.80   1032.00      0.00      0.00      0.00      0.00      0.00
04:34:22 PM      2.40      0.00      0.60      0.60      0.80      0.00      0.00      0.00      0.00      0.00
04:34:27 PM      0.00     38.40      0.00      0.00    208.60      0.00      0.00      0.00      0.00      0.00
04:34:32 PM      6.40   1796.80      0.00      0.00    420.60      0.00      0.00      0.00      0.00      0.00
04:34:37 PM      3.20      4.00      0.20      0.00    825.00      0.00      0.00      0.00      0.00      0.00
04:34:42 PM      0.00   8328.80      0.00      0.00   2082.60      0.00      0.00      0.00      0.00      0.00
04:34:47 PM     12.80   7479.20      0.00      3.20   2697.80      0.00      0.00      0.00      0.00      0.00
04:34:52 PM      0.00   5018.40      0.00      0.00   1255.20      0.00      0.00      0.00      0.00      0.00
04:34:57 PM      6.40  11816.00      0.00      1.60   3777.00      0.00      0.00      0.00      0.00      0.00
04:35:02 PM      0.00   8396.00      0.00      0.00   2117.20      0.00      0.00      0.00      0.00      0.00
04:35:07 PM     23.20  13696.80      0.60      5.80   3604.20      0.00      0.00      0.00      0.00      0.00
04:35:12 PM      0.00   9920.00      0.00      0.00   2482.80      0.00      0.00      0.00      0.00      0.00
04:35:17 PM      0.00  10560.00      0.00      0.00   2644.00      0.00      0.00      0.00      0.00      0.00
04:35:22 PM      0.00  12290.40      0.00      0.00   3073.00      0.00      0.00      0.00      0.00      0.00
04:35:27 PM      0.00    292.00      0.00      0.00     77.00      0.00      0.00      0.00      0.00      0.00
04:35:32 PM      0.00   1030.40      0.00      0.00    261.40      0.00      0.00      0.00      0.00      0.00
04:35:37 PM      0.80    930.40      0.20      0.20    227.00      0.00      0.00      0.00      0.00      0.00
04:35:42 PM      0.00   3148.00      0.00      0.00    756.80      0.00      0.00      0.00      0.00      0.00
04:35:47 PM      0.00   5096.00      0.00      0.00   1277.40      0.00      0.00      0.00      0.00      0.00
04:35:52 PM    127.20  11253.60      0.20     31.80   3441.40      0.00      0.00      0.00      0.00      0.00
04:35:57 PM     45.60   8449.60     11.60     11.60   2122.20      0.00      0.00      0.00      0.00      0.00
04:36:02 PM      4.80   2987.20      0.00      1.20    853.20      0.00      0.00      0.00      0.00      0.00
04:36:07 PM      1.60    371.20      0.40      0.40     97.00      0.00      0.00      0.00      0.00      0.00
04:36:12 PM      4.00     52.80      0.00      1.00    211.20      0.00      0.00      0.00      0.00      0.00
04:36:17 PM      6.40   1280.00      0.80      0.00    292.00      0.00      0.00      0.00      0.00      0.00
04:36:22 PM  60284.00  10534.40  15035.60  15035.60   4215.40      0.00      0.00      0.00      0.00      0.00
04:36:27 PM      7.20   3251.20      1.80      1.80    818.40      0.00      0.00      0.00      0.00      0.00
04:36:32 PM      0.00    823.20      0.00      0.00    619.20      0.00      0.00      0.00      0.00      0.00
04:36:37 PM      0.00    422.40      0.00      0.00    109.60      0.00      0.00      0.00      0.00      0.00
04:36:42 PM     26.40   2752.00      0.00      6.60   1517.60      0.00      0.00      0.00      0.00      0.00
04:36:47 PM      0.00   3891.20      0.00      0.00    967.20      0.00      0.00      0.00      0.00      0.00
04:36:52 PM      3.20   8276.80      0.00      0.00   2857.20      0.00      0.00      0.00      0.00      0.00
04:36:57 PM      0.80    426.40      0.00      0.00    109.60      0.00      0.00      0.00      0.00      0.00
04:37:02 PM      1.60   3138.40      0.00      0.40   1879.40      0.00      0.00      0.00      0.00      0.00
04:37:07 PM      1.60   3421.16      0.40      0.40    859.08      0.00      0.00      0.00      0.00      0.00
04:37:12 PM      0.00    805.60      0.00      0.00   1024.80      0.00      0.00      0.00      0.00      0.00
04:37:17 PM      0.00    159.20      0.00      0.00     43.60      0.00      0.00      0.00      0.00      0.00
04:37:22 PM      0.00     72.80      0.00      0.00    316.60      0.00      0.00      0.00      0.00      0.00
04:37:27 PM   1328.80    123.20     10.20      7.60     11.20      0.00      0.00      0.00      0.00      0.00
04:37:32 PM    379.20      4.00      8.60      1.60      6.80      0.00      0.00      0.00      0.00      0.00
04:37:37 PM     24.80   1460.80      8.20      6.20    372.60      0.00      0.00      0.00      0.00      0.00
04:37:42 PM      0.00   5613.60      0.00      0.00   1408.20      0.00      0.00      0.00      0.00      0.00
04:37:47 PM  11260.80   5822.40   2815.60   2815.20   1467.20      0.00      0.00      0.00      0.00      0.00
04:37:52 PM      6.40  13525.60      6.60      0.80   3555.20      0.00      0.00      0.00      0.00      0.00
04:37:57 PM     42.40  11825.60     13.00     12.80   2945.40      0.00      0.00      0.00      0.00      0.00
04:38:02 PM      3.20   3264.00      0.00      0.00    783.00      0.00      0.00      0.00      0.00      0.00
04:38:07 PM      3.20   6904.80      0.00      0.00   1724.80      0.00      0.00      0.00      0.00      0.00
04:38:12 PM      0.80   3823.20      0.00      0.00   1164.60      0.00      0.00      0.00      0.00      0.00
04:38:17 PM      0.00   1605.60      0.00      0.00    405.60      0.00      0.00      0.00      0.00      0.00
04:38:22 PM      0.00     65.60      0.00      0.00    528.80      0.00      0.00      0.00      0.00      0.00
04:38:27 PM  11640.00   2975.20   2910.20   2910.00   3675.20      0.00      0.00      0.00      0.00      0.00
04:38:32 PM  40077.60   2848.00  10019.40  10019.40  10540.60      0.00      0.00      0.00      0.00      0.00
04:38:37 PM   3747.20  11407.20    936.80    936.80   2879.80      0.00      0.00      0.00      0.00      0.00
04:38:42 PM      7.20    832.00      2.80      2.80    424.60      0.00      0.00      0.00      0.00      0.00
04:38:47 PM      0.00      0.00      0.00      0.00      3.80      0.00      0.00      0.00      0.00      0.00
04:38:52 PM      0.80    665.60      0.20      0.20   1125.00      0.00      0.00      0.00      0.00      0.00
04:38:57 PM     11.20   2392.00      3.80      2.00   1613.00      0.00      0.00      0.00      0.00      0.00
04:39:02 PM      0.00    146.40      0.00      0.00   1012.40      0.00      0.00      0.00      0.00      0.00
04:39:07 PM      1.60     32.00      0.40      0.40    313.60      0.00      0.00      0.00      0.00      0.00
04:39:12 PM     12.80    133.60      0.00      0.00    453.60      0.00      0.00      0.00      0.00      0.00
04:39:17 PM    356.80     22.40    283.40      1.40   1286.00      0.00      0.00      0.00      0.00      0.00
04:39:22 PM      0.80     40.00      0.60      0.20    617.20      0.00      0.00      0.00      0.00      0.00
04:39:27 PM      0.00     24.00      0.00      0.00    930.40      0.00      0.00      0.00      0.00      0.00
04:39:32 PM      0.00      6.40      0.00      0.00     37.00      0.00      0.00      0.00      0.00      0.00
04:39:37 PM      0.00      2.40      0.00     21.60    825.00      0.00      0.00      0.00      0.00      0.00
04:39:42 PM      0.00     43.20      0.00      0.00      7.60      0.00      0.00      0.00      0.00      0.00
04:39:47 PM      0.00    678.40      0.00      0.40   1465.80      0.00      0.00      0.00      0.00      0.00
04:39:52 PM      0.00   2404.80      0.00      0.00   1607.60      0.00      0.00      0.00      0.00      0.00
04:39:57 PM      4.00    638.40      1.20      1.20    556.00      0.00      0.00      0.00      0.00      0.00
04:40:02 PM      0.00    110.40      0.00      0.00    296.60      0.00      0.00      0.00      0.00      0.00
04:40:07 PM      0.80     13.60      0.20      0.20     14.00      0.00      0.00      0.00      0.00      0.00
04:40:12 PM      0.00     27.20      0.00      0.00     13.60      0.00      0.00      0.00      0.00      0.00
04:40:17 PM      0.00    227.20      0.00      9.80    386.20      0.00      0.00      0.00      0.00      0.00
04:40:22 PM      6.40    180.80      0.00      0.00     16.00      0.00      0.00      0.00      0.00      0.00
04:40:27 PM    160.80     33.60      0.20      0.20    553.20      0.00      0.00      0.00      0.00      0.00
04:40:32 PM      0.00      7.98      0.00      0.00      9.58      0.00      0.00      0.00      0.00      0.00
04:40:37 PM      0.00   2872.00      0.00      0.00   2134.60      0.00      0.00      0.00      0.00      0.00
04:40:42 PM      0.00   2392.80   8355.00   8355.00    720.20      0.00      0.00      0.00      0.00      0.00
04:40:47 PM      0.00   6466.40      0.00      0.00   2549.60      0.00      0.00      0.00      0.00      0.00
04:40:52 PM      0.00    353.60      0.00      0.00   1500.00      0.00      0.00      0.00      0.00      0.00
04:40:57 PM      0.00    136.00      0.00     33.60    845.20      0.00      0.00      0.00      0.00      0.00
04:41:02 PM      0.00      4.80      0.00      0.00    275.60      0.00      0.00      0.00      0.00      0.00
04:41:07 PM      0.80      0.00      0.20      6.00    745.20      0.00      0.00      0.00      0.00      0.00
04:41:12 PM      0.00     26.40      0.00      0.00    360.40      0.00      0.00      0.00      0.00      0.00
04:41:17 PM      0.00     53.60      0.00     37.20   1364.20      0.00      0.00      0.00      0.00      0.00
04:41:22 PM      5.60      0.00      1.40      1.40      3.80      0.00      0.00      0.00      0.00      0.00
04:41:27 PM      0.00     32.00      0.00      8.00    354.60      0.00      0.00      0.00      0.00      0.00
04:41:32 PM      0.00    130.40      0.00      0.00    168.80      0.00      0.00      0.00      0.00      0.00
04:41:37 PM      0.00      4.00      0.00      8.00    807.60      0.00      0.00      0.00      0.00      0.00
04:41:42 PM      0.00      2.40      0.00      0.00     62.40      0.00      0.00      0.00      0.00      0.00
04:41:47 PM 123771.20   1268.00  30942.80  30953.20  14147.00      0.00      0.00      0.00      0.00      0.00
04:41:52 PM   7814.40    958.40   1953.60   1953.60   1521.60      0.00      0.00      0.00      0.00      0.00
04:41:57 PM     27.20   2198.40      7.40     24.40   2411.40      0.00      0.00      0.00      0.00      0.00
04:42:02 PM      0.00   6273.60      0.00      0.00   1974.20      0.00      0.00      0.00      0.00      0.00
04:42:07 PM      1.60   1955.20      0.40      0.40   1411.00      0.00      0.00      0.00      0.00      0.00
04:42:12 PM      0.00      7.20      0.00      0.00      4.60      0.00      0.00      0.00      0.00      0.00
04:42:17 PM      0.00    853.60      0.00      0.00    264.60      0.00      0.00      0.00      0.00      0.00
04:42:22 PM      0.00   6596.00      0.00      0.00   2133.20      0.00      0.00      0.00      0.00      0.00
04:42:27 PM    239.20   8345.60      4.20      3.60   2752.80      0.00      0.00      0.00      0.00      0.00
04:42:32 PM    142.40   2806.40      7.80      1.40   1143.20      0.00      0.00      0.00      0.00      0.00
04:42:37 PM     82.40    121.60      7.20      6.40     48.00      0.00      0.00      0.00      0.00      0.00
04:42:42 PM      4.00   1112.00  10837.40  10847.40    840.00      0.00      0.00      0.00      0.00      0.00
04:42:47 PM    409.60   1643.20    102.40    102.40    440.80      0.00      0.00      0.00      0.00      0.00
04:42:52 PM     10.40     45.60      2.20      0.20    825.00      0.00      0.00      0.00      0.00      0.00
04:42:57 PM      0.00      0.00      0.00      0.00      4.20      0.00      0.00      0.00      0.00      0.00
04:43:02 PM      0.00   4803.20      0.00      0.00   2119.80      0.00      0.00      0.00      0.00      0.00
04:43:07 PM      1.60    367.20      0.40      0.40    664.80      0.00      0.00      0.00      0.00      0.00
04:43:12 PM      0.00     64.00      0.00      3.80    823.20      0.00      0.00      0.00      0.00      0.00
04:43:17 PM      3.20    158.40      0.00      0.00      9.80      0.00      0.00      0.00      0.00      0.00
04:43:22 PM      3.20   4600.00      0.00      0.00   2237.00      0.00      0.00      0.00      0.00      0.00
04:43:27 PM      0.00    940.80      0.00      0.00   1285.20      0.00      0.00      0.00      0.00      0.00
04:43:32 PM      0.00    531.20      0.00     12.20   1152.40      0.00      0.00      0.00      0.00      0.00
04:43:37 PM      0.00     14.40      0.00      0.00     11.00      0.00      0.00      0.00      0.00      0.00
04:43:42 PM      0.00   1804.80      0.20      7.60   2211.20      0.00      0.00      0.00      0.00      0.00
04:43:47 PM      0.00     32.00      0.00      0.00      4.00      0.00      0.00      0.00      0.00      0.00
04:43:52 PM      3.20    124.00      0.00      0.20    922.60      0.00      0.00      0.00      0.00      0.00
04:43:57 PM     45.60     16.00      6.20      5.80     14.00      0.00      0.00      0.00      0.00      0.00
04:44:02 PM      2.40   3301.60      0.00      0.00    956.80      0.00      0.00      0.00      0.00      0.00
04:44:07 PM      0.00   6335.20      0.20      0.00   2753.60      0.00      0.00      0.00      0.00      0.00
04:44:12 PM      0.00   1841.60      0.00      5.20   1929.20      0.00      0.00      0.00      0.00      0.00
04:44:17 PM      5.60    572.00    284.60      2.60    381.60      0.00      0.00      0.00      0.00      0.00
04:44:22 PM      0.80    520.80      0.20     33.20    898.40      0.00      0.00      0.00      0.00      0.00
04:44:27 PM      0.00    627.20      0.00      0.00    156.20      0.00      0.00      0.00      0.00      0.00
04:44:32 PM      0.00    292.80      0.00      9.20    405.80      0.00      0.00      0.00      0.00      0.00
04:44:37 PM      0.00   5697.41      0.00      0.00   2056.89      0.00      0.00      0.00      0.00      0.00
04:44:42 PM      6.40   2277.60      1.60     11.00   2029.60      0.00      0.00      0.00      0.00      0.00
04:44:47 PM    409.60    409.60   8074.40   8074.00    529.60      0.00      0.00      0.00      0.00      0.00
04:44:52 PM      0.00      0.00      0.00      0.00    103.00      0.00      0.00      0.00      0.00      0.00
04:44:57 PM      0.00     32.00      0.00      0.00      3.80      0.00      0.00      0.00      0.00      0.00
04:45:02 PM     19.20   6185.60      0.00      0.00   2233.00      0.00      0.00      0.00      0.00      0.00
04:45:07 PM      0.00    489.60      0.00      0.00    127.20      0.00      0.00      0.00      0.00      0.00
04:45:12 PM      0.00    601.60      0.00      0.00    973.40      0.00      0.00      0.00      0.00      0.00
04:45:17 PM      0.00      0.00      0.00      0.00      4.00      0.00      0.00      0.00      0.00      0.00
04:45:22 PM      0.00      6.40      0.00      0.00    821.40      0.00      0.00      0.00      0.00      0.00
04:45:27 PM      0.00   2859.20      0.00      0.00    732.80      0.00      0.00      0.00      0.00      0.00
04:45:32 PM      0.00   6902.40      0.00      0.00   2540.60      0.00      0.00      0.00      0.00      0.00
04:45:37 PM      9.60  10749.60      0.00      0.00   2666.20      0.00      0.00      0.00      0.00      0.00
04:45:42 PM    106.40   7154.40      0.40     25.20   2508.20      0.00      0.00      0.00      0.00      0.00
04:45:47 PM      0.00   3315.20      0.00      0.00    846.00      0.00      0.00      0.00      0.00      0.00
04:45:52 PM   6485.60  12713.60   1607.00   1621.40   3898.20      0.00      0.00      0.00      0.00      0.00
04:45:57 PM     27.20   2123.20     12.00     12.00    551.20      0.00      0.00      0.00      0.00      0.00
04:46:02 PM      0.00   1489.60      0.20      0.00    377.00      0.00      0.00      0.00      0.00      0.00
04:46:07 PM      8.80    990.40      0.00      2.20    806.40      0.00      0.00      0.00      0.00      0.00
04:46:12 PM      6.40    130.40      0.00      0.00      5.60      0.00      0.00      0.00      0.00      0.00
04:46:17 PM      0.00     22.40      0.00      0.00      9.40      0.00      0.00      0.00      0.00      0.00
04:46:22 PM      4.00   1118.40      1.00      1.00    283.60      0.00      0.00      0.00      0.00      0.00
04:46:27 PM      0.00   4956.00      0.00      0.00   1509.80      0.00      0.00      0.00      0.00      0.00
04:46:32 PM      0.00   8373.60      0.00      0.00   2149.60      0.00      0.00      0.00      0.00      0.00
04:46:37 PM      0.00   9386.40      0.00      0.00   2464.00      0.00      0.00      0.00      0.00      0.00
04:46:42 PM      0.00   2814.40      0.00      0.00    701.40      0.00      0.00      0.00      0.00      0.00
04:46:47 PM  51605.60   1765.60  12876.00  12901.40   1021.00      0.00      0.00      0.00      0.00      0.00
04:46:52 PM      0.00    327.20      0.40      0.40     89.00      0.00      0.00      0.00      0.00      0.00
04:46:57 PM      0.00      0.00      0.00      0.00    823.20      0.00      0.00      0.00      0.00      0.00
04:47:02 PM      0.00      0.80      0.00      0.00    330.00      0.00      0.00      0.00      0.00      0.00
04:47:07 PM      0.00     38.40      0.00      1.60   1515.80      0.00      0.00      0.00      0.00      0.00
04:47:12 PM      0.80   1742.40      0.20      0.20    548.00      0.00      0.00      0.00      0.00      0.00
04:47:17 PM      0.00     32.00      0.00      0.20   1240.60      0.00      0.00      0.00      0.00      0.00
04:47:22 PM      0.00    126.40      0.00      0.00    167.40      0.00      0.00      0.00      0.00      0.00
04:47:27 PM    332.80      5.60      4.80     13.00   1038.60      0.00      0.00      0.00      0.00      0.00
04:47:32 PM      0.80   1357.60      6.40      0.20    951.20      0.00      0.00      0.00      0.00      0.00
04:47:37 PM     14.40    493.60      5.80      5.20   1354.20      0.00      0.00      0.00      0.00      0.00
04:47:42 PM      0.00    553.60      0.20      0.00   1353.40      0.00      0.00      0.00      0.00      0.00
04:47:47 PM      0.00   3208.00      0.00     21.20   2965.20      0.00      0.00      0.00      0.00      0.00
04:47:52 PM      0.00    129.60      6.00      0.00    420.40      0.00      0.00      0.00      0.00      0.00
04:47:57 PM    928.80    149.60      3.00      6.20    943.20      0.00      0.00      0.00      0.00      0.00
04:48:02 PM      0.80      9.60      0.00      0.00     90.40      0.00      0.00      0.00      0.00      0.00
04:48:07 PM      0.80     50.40      0.00     35.40    952.00      0.00      0.00      0.00      0.00      0.00
04:48:12 PM      0.00   2193.60      0.00      0.00   1889.20      0.00      0.00      0.00      0.00      0.00
04:48:17 PM      0.00   1166.40      0.00     15.20   3696.80      0.00      0.00      0.00      0.00      0.00
04:48:22 PM     12.00   2283.20      0.20      0.20   1960.60      0.00      0.00      0.00      0.00      0.00
04:48:27 PM      0.80   1139.20      0.20     15.60   2513.60      0.00      0.00      0.00      0.00      0.00
04:48:32 PM      2.40    142.40      0.60      0.60    731.00      0.00      0.00      0.00      0.00      0.00
04:48:37 PM      0.00      4.79      0.00      0.00    193.41      0.00      0.00      0.00      0.00      0.00
04:48:42 PM      0.00    315.20      0.00      0.00    332.40      0.00      0.00      0.00      0.00      0.00
04:48:47 PM      0.00   3689.60      0.00      0.00   1787.60      0.00      0.00      0.00      0.00      0.00
04:48:52 PM   2050.40   5419.20  15725.00  15725.00   1946.40      0.00      0.00      0.00      0.00      0.00
04:48:57 PM    140.80      0.00      2.20      1.40     16.20      0.00      0.00      0.00      0.00      0.00
04:49:02 PM      0.00     32.00      0.00      0.00      4.00      0.00      0.00      0.00      0.00      0.00
04:49:07 PM      6.40   4241.60      0.00      0.00   1650.40      0.00      0.00      0.00      0.00      0.00
04:49:12 PM      0.00    144.00      0.00      0.00     39.20      0.00      0.00      0.00      0.00      0.00
04:49:17 PM     15.20    728.00    285.40      3.80    893.40      0.00      0.00      0.00      0.00      0.00
04:49:22 PM      0.00    429.60      0.00      0.00    110.20      0.00      0.00      0.00      0.00      0.00
04:49:27 PM      0.00      8.80      0.00      0.00      6.40      0.00      0.00      0.00      0.00      0.00
04:49:32 PM      0.00   1461.60      0.00      0.00    376.60      0.00      0.00      0.00      0.00      0.00
04:49:37 PM      0.00   3794.40      0.00      0.00    957.80      0.00      0.00      0.00      0.00      0.00
04:49:42 PM     28.00   3592.00      0.60      4.60   1758.40      0.00      0.00      0.00      0.00      0.00
04:49:47 PM      0.00   2562.40      0.00      0.00    643.60      0.00      0.00      0.00      0.00      0.00
04:49:52 PM 115884.80      0.00  28967.00  28971.20    688.60      0.00      0.00      0.00      0.00      0.00
04:49:57 PM      4.00      0.00   1492.60   1492.60     26.80      0.00      0.00      0.00      0.00      0.00
04:50:02 PM     28.80      0.00      0.00      7.20    825.00      0.00      0.00      0.00      0.00      0.00
04:50:07 PM      0.00    342.40      0.00      0.00    137.80      0.00      0.00      0.00      0.00      0.00
04:50:12 PM     66.40   2181.60      0.00     16.60   1654.00      0.00      0.00      0.00      0.00      0.00
04:50:17 PM      9.60    292.00      0.00      0.00     76.20      0.00      0.00      0.00      0.00      0.00
04:50:22 PM      9.60    473.60      0.00      2.40    911.40      0.00      0.00      0.00      0.00      0.00
04:50:27 PM      0.00   4868.00      0.00      0.00   1763.80      0.00      0.00      0.00      0.00      0.00
04:50:32 PM     24.00   1800.00      0.40      6.00   1278.80      0.00      0.00      0.00      0.00      0.00
04:50:37 PM      0.00   4180.80      0.00      0.00   1262.00      0.00      0.00      0.00      0.00      0.00
04:50:42 PM     20.80    165.60      0.00      5.20    377.00      0.00      0.00      0.00      0.00      0.00
04:50:47 PM      0.00     43.20      0.00      0.00      8.60      0.00      0.00      0.00      0.00      0.00
04:50:52 PM   2300.00    924.00    572.00    573.40    565.80      0.00      0.00      0.00      0.00      0.00
04:50:57 PM  15746.40   3199.20   3937.60   3937.60   1692.20      0.00      0.00      0.00      0.00      0.00
04:51:02 PM      0.00   3443.20      0.00      3.60   2610.40      0.00      0.00      0.00      0.00      0.00
04:51:07 PM     12.80   5066.40      0.20      0.20   2264.00      0.00      0.00      0.00      0.00      0.00
04:51:12 PM      0.00    927.20      0.00      0.00    389.00      0.00      0.00      0.00      0.00      0.00
04:51:17 PM      0.00    256.00      0.00      0.00    108.00      0.00      0.00      0.00      0.00      0.00
04:51:22 PM     52.80    648.00      0.60      0.60    506.00      0.00      0.00      0.00      0.00      0.00
04:51:27 PM      3.20    920.00      0.00      0.00   1667.80      0.00      0.00      0.00      0.00      0.00
04:51:32 PM      0.00   2632.80      0.00     29.40   2413.20      0.00      0.00      0.00      0.00      0.00
04:51:37 PM     51.20      0.00      0.20      0.20    106.80      0.00      0.00      0.00      0.00      0.00
04:51:42 PM      0.00   1008.00      0.00      1.80   1980.20      0.00      0.00      0.00      0.00      0.00
04:51:47 PM      3.20   1307.20      0.80      0.80   1842.40      0.00      0.00      0.00      0.00      0.00
04:51:52 PM      0.00   2081.60      0.00      3.80   1231.00      0.00      0.00      0.00      0.00      0.00
04:51:57 PM     63.20   1748.80      2.40      2.40   1430.20      0.00      0.00      0.00      0.00      0.00
04:52:02 PM      0.00   4612.80      0.00      0.00   2097.40      0.00      0.00      0.00      0.00      0.00
04:52:07 PM      0.00   1180.00      0.60      0.00   1225.00      0.00      0.00      0.00      0.00      0.00
04:52:12 PM      4.80   1016.80      1.20      1.20    778.40      0.00      0.00      0.00      0.00      0.00
04:52:17 PM      0.00    112.00      0.00      0.00    373.40      0.00      0.00      0.00      0.00      0.00
04:52:22 PM      0.00    390.40      0.00      0.00    216.20      0.00      0.00      0.00      0.00      0.00
04:52:27 PM    460.68    230.74      6.59      4.59    108.78      0.00      0.00      0.00      0.00      0.00
04:52:32 PM    160.80   2354.40      7.00      0.20   2078.80      0.00      0.00      0.00      0.00      0.00
04:52:37 PM    587.20   4304.00      7.20      6.20   2650.00      0.00      0.00      0.00      0.00      0.00
04:52:42 PM      0.00    701.60      0.00      0.00   1015.80      0.00      0.00      0.00      0.00      0.00
04:52:47 PM      8.00   1348.80      0.40      0.20    563.40      0.00      0.00      0.00      0.00      0.00
04:52:52 PM      7.20     43.20      6.00      0.20      4.40      0.00      0.00      0.00      0.00      0.00
04:52:57 PM    430.40   7818.40  13169.20  13169.20   2561.20      0.00      0.00      0.00      0.00      0.00
04:53:02 PM      0.00   2960.80      0.00      0.00    864.80      0.00      0.00      0.00      0.00      0.00
04:53:07 PM      0.80   3301.60      0.20      0.20    933.40      0.00      0.00      0.00      0.00      0.00
04:53:12 PM      3.20   2119.20      0.00      0.00    493.40      0.00      0.00      0.00      0.00      0.00
04:53:17 PM      0.00   9667.20      0.00      0.00   2498.00      0.00      0.00      0.00      0.00      0.00
04:53:22 PM      0.00   2940.80      0.00      0.00    878.80      0.00      0.00      0.00      0.00      0.00
04:53:27 PM      0.00   1799.20      0.00      0.00    562.20      0.00      0.00      0.00      0.00      0.00
04:53:32 PM      0.00   4875.20      0.00      0.00   1251.80      0.00      0.00      0.00      0.00      0.00
04:53:37 PM      0.00   5398.40      0.00      0.00   1359.80      0.00      0.00      0.00      0.00      0.00
04:53:42 PM      0.80   2071.20      0.20      0.20    513.80      0.00      0.00      0.00      0.00      0.00
04:53:47 PM     17.60   5152.80      0.00      4.40   1385.20      0.00      0.00      0.00      0.00      0.00
04:53:52 PM      7.20   8305.60      1.80      1.80   2367.40      0.00      0.00      0.00      0.00      0.00
04:53:57 PM  11258.40  12046.40   2804.00   2803.40   3062.20      0.00      0.00      0.00      0.00      0.00
04:54:02 PM      0.00   6009.60      0.00      0.00   1542.60      0.00      0.00      0.00      0.00      0.00
04:54:07 PM      0.00   1655.20      0.00      0.00    417.80      0.00      0.00      0.00      0.00      0.00
04:54:12 PM      0.00    360.80      0.00      0.00     94.80      0.00      0.00      0.00      0.00      0.00
04:54:17 PM    333.60    776.00    292.60      9.20    402.00      0.00      0.00      0.00      0.00      0.00
04:54:22 PM      0.00   1904.80      0.00      0.00    448.40      0.00      0.00      0.00      0.00      0.00
04:54:27 PM      0.00   1268.00      0.00      0.00    326.60      0.00      0.00      0.00      0.00      0.00
04:54:32 PM      0.00   1021.60      0.00      0.00    279.80      0.00      0.00      0.00      0.00      0.00
04:54:37 PM      0.80    570.40      0.20      0.20    259.40      0.00      0.00      0.00      0.00      0.00
04:54:42 PM     22.40     13.60      5.60      5.60      8.00      0.00      0.00      0.00      0.00      0.00
04:54:47 PM      0.00    675.20      0.00      0.00    513.80      0.00      0.00      0.00      0.00      0.00
04:54:52 PM      0.00     71.20      0.00      0.00     11.00      0.00      0.00      0.00      0.00      0.00
04:54:57 PM  55293.60    329.60  13819.40  13819.40   2412.40      0.00      0.00      0.00      0.00      0.00
04:55:02 PM      0.00   4788.00      0.00      0.00   1201.80      0.00      0.00      0.00      0.00      0.00
04:55:07 PM     20.00   3807.20      5.00      5.00   1072.20      0.00      0.00      0.00      0.00      0.00
04:55:12 PM      0.00   4498.40      0.00      0.00   1248.80      0.00      0.00      0.00      0.00      0.00
04:55:17 PM      0.00   9810.40      0.00      0.00   2482.80      0.00      0.00      0.00      0.00      0.00
04:55:22 PM      0.80      0.00      0.20      0.20      0.40      0.00      0.00      0.00      0.00      0.00
04:55:27 PM      0.00     32.00      0.00      0.00      4.00      0.00      0.00      0.00      0.00      0.00
04:55:32 PM      9.60    144.00      0.00      0.00      4.00      0.00      0.00      0.00      0.00      0.00
04:55:37 PM      0.00   5925.60      0.00      0.00   1706.20      0.00      0.00      0.00      0.00      0.00
04:55:42 PM      4.00   2041.60      1.00      1.00    514.40      0.00      0.00      0.00      0.00      0.00
04:55:47 PM      0.00    941.60      0.00      0.00    239.40      0.00      0.00      0.00      0.00      0.00
04:55:52 PM      0.80   1385.60      0.20      0.20    347.20      0.00      0.00      0.00      0.00      0.00
04:55:57 PM      0.80    153.29      0.20      0.20     84.63      0.00      0.00      0.00      0.00      0.00
04:56:02 PM      0.00   1625.60      0.00      0.00    435.60      0.00      0.00      0.00      0.00      0.00
04:56:07 PM     28.80   2166.40      0.00      0.00    537.60      0.00      0.00      0.00      0.00      0.00
04:56:12 PM      0.00      4.80      0.00      0.00      9.60      0.00      0.00      0.00      0.00      0.00
04:56:17 PM      0.00      3.20      0.00      0.00     13.80      0.00      0.00      0.00      0.00      0.00
04:56:22 PM      0.00      4.00      0.00      0.00      1.40      0.00      0.00      0.00      0.00      0.00
04:56:27 PM      0.00  10722.40      0.00      0.00   2965.00      0.00      0.00      0.00      0.00      0.00
04:56:32 PM      0.00   4783.20      0.00      0.00   1273.20      0.00      0.00      0.00      0.00      0.00
04:56:37 PM      0.80   6805.60      0.20      0.20   1891.00      0.00      0.00      0.00      0.00      0.00
04:56:42 PM     25.60   2688.80      0.00      0.00    646.20      0.00      0.00      0.00      0.00      0.00
04:56:47 PM      0.00   2782.40      0.00      0.00    833.40      0.00      0.00      0.00      0.00      0.00
04:56:52 PM      0.00   5544.00      0.00      0.00   1490.80      0.00      0.00      0.00      0.00      0.00
04:56:57 PM  11366.40      0.00   2841.40   2841.40    307.60      0.00      0.00      0.00      0.00      0.00
04:57:02 PM  40242.40  14105.60  10060.80  10060.80   6658.40      0.00      0.00      0.00      0.00      0.00
04:57:07 PM      0.00   7631.20      0.00      0.00   2665.60      0.00      0.00      0.00      0.00      0.00
04:57:12 PM      0.80   2132.80      0.20      0.20    530.00      0.00      0.00      0.00      0.00      0.00
04:57:17 PM     12.80   4612.00      0.00      0.00   1290.00      0.00      0.00      0.00      0.00      0.00
04:57:22 PM      0.00   1337.60      0.00      0.00    334.20      0.00      0.00      0.00      0.00      0.00
04:57:27 PM    560.00  10592.80      9.20      5.80   2769.80      0.00      0.00      0.00      0.00      0.00
04:57:32 PM     52.80   3771.20      7.80      9.20   1053.40      0.00      0.00      0.00      0.00      0.00
04:57:37 PM     24.00   2484.80      7.20      4.80    629.00      0.00      0.00      0.00      0.00      0.00
04:57:42 PM     34.40   1626.40      2.20      2.00    442.20      0.00      0.00      0.00      0.00      0.00
04:57:47 PM      0.00   2558.40      0.00      0.00    634.60      0.00      0.00      0.00      0.00      0.00
04:57:52 PM  90504.80   5660.00  31722.40  31716.60   2451.40      0.00      0.00      0.00      0.00      0.00
04:57:57 PM  11755.20      5.60   2940.40   2940.20    840.40      0.00      0.00      0.00      0.00      0.00
04:58:02 PM     19.20   5024.00      4.80      4.80   2079.60      0.00      0.00      0.00      0.00      0.00
04:58:07 PM      0.80   3050.40      0.20      0.20    762.80      0.00      0.00      0.00      0.00      0.00
04:58:12 PM     50.40      0.00      0.00     12.60    823.00      0.00      0.00      0.00      0.00      0.00
04:58:17 PM      0.00     64.00      0.00      0.00      4.00      0.00      0.00      0.00      0.00      0.00
04:58:22 PM      5.60      0.00      0.00      1.40    819.60      0.00      0.00      0.00      0.00      0.00
04:58:27 PM      0.00    668.80      0.00      0.00    139.00      0.00      0.00      0.00      0.00      0.00
04:58:32 PM      3.20   2515.20      0.00      0.80   1450.60      0.00      0.00      0.00      0.00      0.00
04:58:37 PM    108.80   4727.20      0.40      0.40   1225.00      0.00      0.00      0.00      0.00      0.00
04:58:42 PM      3.20   1040.80      0.00      0.80    578.20      0.00      0.00      0.00      0.00      0.00
04:58:47 PM      0.00    938.40      0.00      0.00    241.20      0.00      0.00      0.00      0.00      0.00
04:58:52 PM      0.00      0.00      0.00      0.00      0.80      0.00      0.00      0.00      0.00      0.00
04:58:57 PM     28.80   1489.60      4.00      1.40    369.00      0.00      0.00      0.00      0.00      0.00
04:59:02 PM  43358.40   4372.80  10818.80  10834.80   4302.00      0.00      0.00      0.00      0.00      0.00
04:59:07 PM      3.20      4.80      0.00      0.00      5.00      0.00      0.00      0.00      0.00      0.00
04:59:12 PM     76.00     40.80      0.00     19.00    833.40      0.00      0.00      0.00      0.00      0.00
04:59:17 PM      0.00   3668.80      0.00      0.00    921.20      0.00      0.00      0.00      0.00      0.00
04:59:22 PM    183.20   4214.40    293.00     24.80   1669.80      0.00      0.00      0.00      0.00      0.00
04:59:27 PM      0.00    148.80      0.00      0.00     42.20      0.00      0.00      0.00      0.00      0.00
04:59:32 PM     51.20   6553.60      0.00     12.80   1836.80      0.00      0.00      0.00      0.00      0.00
04:59:37 PM     32.80   7336.80      0.20      0.20   1809.80      0.00      0.00      0.00      0.00      0.00
04:59:42 PM     76.80   9683.20      0.00     18.40   3146.00      0.00      0.00      0.00      0.00      0.00
04:59:47 PM      9.60   4388.80      2.40      2.40   1102.40      0.00      0.00      0.00      0.00      0.00
04:59:52 PM     37.60    212.80      0.00      9.40    668.00      0.00      0.00      0.00      0.00      0.00
04:59:57 PM      4.00   4308.80      1.60      1.60   1081.00      0.00      0.00      0.00      0.00      0.00
05:00:02 PM      0.80     11.20      0.00      0.20    109.20      0.00      0.00      0.00      0.00      0.00
05:00:07 PM      0.00     35.13      0.00      0.00      4.59      0.00      0.00      0.00      0.00      0.00
05:00:12 PM     28.80   6482.40      0.80      0.80   1608.80      0.00      0.00      0.00      0.00      0.00
05:00:17 PM      8.80  11486.40      0.00      2.20   2997.00      0.00      0.00      0.00      0.00      0.00
05:00:22 PM      0.80   7284.80      0.20      0.20   1838.60      0.00      0.00      0.00      0.00      0.00
05:00:27 PM      0.00   5604.00      0.00      0.00   1511.00      0.00      0.00      0.00      0.00      0.00
05:00:32 PM     28.80   2763.20      0.40      0.40    695.60      0.00      0.00      0.00      0.00      0.00
05:00:37 PM     58.40    577.60      1.20     14.60    968.00      0.00      0.00      0.00      0.00      0.00
05:00:42 PM      0.00    740.00      0.00      0.00    180.80      0.00      0.00      0.00      0.00      0.00
05:00:47 PM      0.80   1458.40      0.00      0.20    445.40      0.00      0.00      0.00      0.00      0.00
05:00:52 PM      0.00    487.20      0.00      0.00    127.40      0.00      0.00      0.00      0.00      0.00
05:00:57 PM      0.00     64.00      0.00      0.00    125.00      0.00      0.00      0.00      0.00      0.00
05:01:02 PM  41148.00     22.40  10287.20  10287.00   1430.00      0.00      0.00      0.00      0.00      0.00
05:01:07 PM     25.60   9672.00      0.00      6.40   2832.80      0.00      0.00      0.00      0.00      0.00
05:01:12 PM     28.80   8665.60      0.60      0.40   2186.80      0.00      0.00      0.00      0.00      0.00
05:01:17 PM     89.60   6709.60      0.00     22.40   2302.00      0.00      0.00      0.00      0.00      0.00
05:01:22 PM      6.40  10328.00      0.00      0.00   2552.80      0.00      0.00      0.00      0.00      0.00
05:01:27 PM      2.40   6111.20      0.60      0.60   1529.80      0.00      0.00      0.00      0.00      0.00
05:01:32 PM      3.20   3769.60      0.80      0.80    948.00      0.00      0.00      0.00      0.00      0.00
05:01:37 PM     40.00   1980.80      0.00     10.00   1012.80      0.00      0.00      0.00      0.00      0.00
05:01:42 PM      0.00   2097.60      0.20      0.00    528.40      0.00      0.00      0.00      0.00      0.00
05:01:47 PM      0.00     14.40      0.00      0.00    110.00      0.00      0.00      0.00      0.00      0.00
05:01:52 PM      1.60   5936.80      0.40      0.40   1528.80      0.00      0.00      0.00      0.00      0.00
05:01:57 PM     31.20   2964.80      2.80      5.20    927.00      0.00      0.00      0.00      0.00      0.00
05:02:02 PM      6.40   1659.20      0.00      0.00    422.60      0.00      0.00      0.00      0.00      0.00
05:02:07 PM      4.00   1427.20      0.00      0.80    464.20      0.00      0.00      0.00      0.00      0.00
05:02:12 PM      0.00   3454.40      0.00      0.00    867.40      0.00      0.00      0.00      0.00      0.00
05:02:17 PM   8446.40   4730.40   2106.40   2111.40   1292.20      0.00      0.00      0.00      0.00      0.00
05:02:22 PM   5901.60   5566.40   1468.80   1468.40   1474.20      0.00      0.00      0.00      0.00      0.00
05:02:27 PM    646.40  14386.40      9.40      7.00   4192.60      0.00      0.00      0.00      0.00      0.00
05:02:32 PM     37.60  14900.80      7.40      0.60   3700.40      0.00      0.00      0.00      0.00      0.00
05:02:37 PM     36.80   1825.60      8.20      5.60    460.20      0.00      0.00      0.00      0.00      0.00
05:02:42 PM      2.40   1940.00      0.60      0.60    491.00      0.00      0.00      0.00      0.00      0.00
05:02:47 PM      3.20    303.20      2.00      2.00     80.60      0.00      0.00      0.00      0.00      0.00
05:02:52 PM     82.40   2099.20     10.80      5.40    520.60      0.00      0.00      0.00      0.00      0.00
05:02:57 PM    112.80   2374.40      1.00      1.00    599.80      0.00      0.00      0.00      0.00      0.00
05:03:02 PM      0.00     76.80      0.00      0.00     33.60      0.00      0.00      0.00      0.00      0.00
05:03:07 PM  56664.80   1801.60  14255.20  14166.20    466.40      0.00      0.00      0.00      0.00      0.00
05:03:12 PM      0.00      4.00      0.20      0.00      5.60      0.00      0.00      0.00      0.00      0.00
05:03:17 PM      0.00      0.00      0.00      0.00  12380.60      0.00      0.00      0.00      0.00      0.00
05:03:22 PM     68.00      0.00      4.40      4.20      0.80      0.00      0.00      0.00      0.00      0.00
05:03:27 PM      0.00   3464.00      0.00      0.00    870.00      0.00      0.00      0.00      0.00      0.00
05:03:32 PM      0.00      0.00      0.00      0.00     32.80      0.00      0.00      0.00      0.00      0.00
05:03:37 PM      0.00  10493.60      0.00      0.00   2622.80      0.00      0.00      0.00      0.00      0.00
05:03:42 PM     12.00   3371.20      3.20      3.00    815.60      0.00      0.00      0.00      0.00      0.00
05:03:47 PM      0.00    645.60      0.00      0.00    164.40      0.00      0.00      0.00      0.00      0.00
05:03:52 PM      0.00      0.00      0.00      0.00      0.60      0.00      0.00      0.00      0.00      0.00
05:03:57 PM    159.20  11617.60     16.00     15.80   2913.60      0.00      0.00      0.00      0.00      0.00
05:04:02 PM      0.00   4844.00      0.00      0.00   1341.80      0.00      0.00      0.00      0.00      0.00
05:04:07 PM      0.80    315.37      0.20      0.20     84.03      0.00      0.00      0.00      0.00      0.00
05:04:12 PM     28.00    754.40      0.00      7.00    491.60      0.00      0.00      0.00      0.00      0.00
05:04:17 PM      0.00   5586.40      0.00      0.00   1374.20      0.00      0.00      0.00      0.00      0.00
05:04:22 PM    106.40   2420.00    288.20      5.60   1106.20      0.00      0.00      0.00      0.00      0.00
05:04:27 PM      0.00      6.40      0.00      0.00      5.40      0.00      0.00      0.00      0.00      0.00
05:04:32 PM     38.40   1592.80      0.00      9.60    504.60      0.00      0.00      0.00      0.00      0.00
05:04:37 PM      0.00   5902.40      0.00      0.00   1480.00      0.00      0.00      0.00      0.00      0.00
05:04:42 PM     55.20  10054.40      0.20     13.80   2959.20      0.00      0.00      0.00      0.00      0.00
05:04:47 PM      3.20   9767.20      0.80      0.80   2470.80      0.00      0.00      0.00      0.00      0.00
05:04:52 PM    172.80   4292.00      0.40      4.60   1657.40      0.00      0.00      0.00      0.00      0.00
05:04:57 PM      0.80   3992.00      0.20      0.20   1006.60      0.00      0.00      0.00      0.00      0.00
05:05:02 PM     45.60   2144.80      0.00     11.40    761.00      0.00      0.00      0.00      0.00      0.00
05:05:07 PM      0.80   1137.60      0.20      0.20    293.20      0.00      0.00      0.00      0.00      0.00
05:05:12 PM    117.60    189.60      0.80     29.40    460.80      0.00      0.00      0.00      0.00      0.00
05:05:17 PM  54647.20   2086.40  13661.80  13661.80   1397.80      0.00      0.00      0.00      0.00      0.00
05:05:22 PM    141.60    851.20      1.20     35.40    922.40      0.00      0.00      0.00      0.00      0.00
05:05:27 PM      6.40   1137.60      0.00      0.00    551.00      0.00      0.00      0.00      0.00      0.00
05:05:32 PM      4.80   1650.40      0.00      1.20    746.60      0.00      0.00      0.00      0.00      0.00
05:05:37 PM      8.80    643.20      2.20      2.20    590.80      0.00      0.00      0.00      0.00      0.00
05:05:42 PM     31.20     67.20      0.80      7.80    400.40      0.00      0.00      0.00      0.00      0.00
05:05:47 PM      0.00    620.80      0.00      0.00   1288.20      0.00      0.00      0.00      0.00      0.00
05:05:52 PM 117728.80    884.00  29432.40  29432.20   1100.40      0.00      0.00      0.00      0.00      0.00
05:05:57 PM     17.60   4466.40      4.60      4.60   1384.40      0.00      0.00      0.00      0.00      0.00
05:06:02 PM      9.60   4352.80      0.80      0.80   2306.20      0.00      0.00      0.00      0.00      0.00
05:06:07 PM      0.80   5196.80      0.20      0.20   1398.60      0.00      0.00      0.00      0.00      0.00
05:06:12 PM      0.80    568.80      0.00      0.00   1036.00      0.00      0.00      0.00      0.00      0.00
05:06:17 PM      0.00   4349.60      0.00      0.00   2089.20      0.00      0.00      0.00      0.00      0.00
05:06:22 PM      0.80   3898.40      0.20      0.20   2055.80      0.00      0.00      0.00      0.00      0.00
05:06:27 PM  13478.40   6478.40   3369.80   3369.60   6884.00      0.00      0.00      0.00      0.00      0.00
05:06:32 PM    726.40   5184.80    181.60    181.60   2172.40      0.00      0.00      0.00      0.00      0.00
05:06:37 PM      5.60    516.00      0.60      0.60    206.20      0.00      0.00      0.00      0.00      0.00
05:06:42 PM      1.60     83.20     98.40     98.80    920.60      0.00      0.00      0.00      0.00      0.00
05:06:47 PM      0.00    158.40      0.00      0.00     73.20      0.00      0.00      0.00      0.00      0.00
05:06:52 PM     52.00     96.00      1.00      1.20    874.00      0.00      0.00      0.00      0.00      0.00
05:06:57 PM      0.00   2688.80      0.00      0.00   1554.00      0.00      0.00      0.00      0.00      0.00
05:07:02 PM      8.80   3392.80      0.00      2.20   1998.20      0.00      0.00      0.00      0.00      0.00
05:07:07 PM      0.00   2647.20      0.00      0.00   1100.20      0.00      0.00      0.00      0.00      0.00
05:07:12 PM     23.20   6179.20      0.00      3.40   3001.20      0.00      0.00      0.00      0.00      0.00
05:07:17 PM   8696.80   1652.00   7345.40   7345.40   1491.80      0.00      0.00      0.00      0.00      0.00
05:07:22 PM      1.60   1384.80   4938.60   4938.60    374.80      0.00      0.00      0.00      0.00      0.00
05:07:27 PM    312.80    523.20      8.00      6.80   1015.80      0.00      0.00      0.00      0.00      0.00
05:07:32 PM    134.40   1811.20      7.20      0.80    596.40      0.00      0.00      0.00      0.00      0.00
05:07:37 PM    165.60      4.00      9.40      7.60    555.60      0.00      0.00      0.00      0.00      0.00
05:07:42 PM     16.80   6336.80      4.20      4.20   1713.20      0.00      0.00      0.00      0.00      0.00
05:07:47 PM    378.40   3300.80      4.00      2.20   1831.80      0.00      0.00      0.00      0.00      0.00
05:07:52 PM    182.83    827.94      6.39      0.60    249.70      0.00      0.00      0.00      0.00      0.00
05:07:57 PM    111.20   4887.20     18.20     30.40   2164.20      0.00      0.00      0.00      0.00      0.00
05:08:02 PM      0.00   6085.60      0.00      0.00   1725.20      0.00      0.00      0.00      0.00      0.00
05:08:07 PM     16.00   8750.40      1.20      3.20   3042.80      0.00      0.00      0.00      0.00      0.00
05:08:12 PM      0.00  10908.80      0.00      0.00   3183.80      0.00      0.00      0.00      0.00      0.00
05:08:17 PM     12.80   6888.80      0.00      0.00   2385.00      0.00      0.00      0.00      0.00      0.00
05:08:22 PM      0.80   6156.00      0.20      0.20   1711.80      0.00      0.00      0.00      0.00      0.00
05:08:27 PM     64.00   3729.60      0.00     16.00   1595.80      0.00      0.00      0.00      0.00      0.00
05:08:32 PM      4.00   2810.40      1.00      1.00    760.60      0.00      0.00      0.00      0.00      0.00
05:08:37 PM     76.80   3504.80      0.00     19.20   1524.40      0.00      0.00      0.00      0.00      0.00
05:08:42 PM      0.00    241.60      0.00      0.00     65.60      0.00      0.00      0.00      0.00      0.00
05:08:47 PM     36.80    947.20      0.00      9.20    951.60      0.00      0.00      0.00      0.00      0.00
05:08:52 PM      0.00     93.60      0.00      0.00     24.80      0.00      0.00      0.00      0.00      0.00
05:08:57 PM    680.80    952.00      6.00     17.00   1046.80      0.00      0.00      0.00      0.00      0.00
05:09:02 PM      0.00     39.20      0.00      0.00     46.00      0.00      0.00      0.00      0.00      0.00
05:09:07 PM     28.80    428.80      0.00      7.00    418.20      0.00      0.00      0.00      0.00      0.00
05:09:12 PM    131.20     42.40      1.40      1.20     21.20      0.00      0.00      0.00      0.00      0.00
05:09:17 PM     39.20     24.80      0.00      9.80    829.80      0.00      0.00      0.00      0.00      0.00
05:09:22 PM  36076.80    458.40   9226.40   8941.80    581.00      0.00      0.00      0.00      0.00      0.00
05:09:27 PM    204.80     32.00      2.80     17.80    414.60      0.00      0.00      0.00      0.00      0.00
05:09:32 PM   1285.60    124.00    308.00     11.80     29.40      0.00      0.00      0.00      0.00      0.00
05:09:37 PM     44.00  32864.00  24208.20      3.00  14272.60 117052.40  44853.20  14119.00      0.00      0.00
05:09:42 PM     43.20      0.00      5.20      2.00      3.80      0.00      0.00      0.00      0.00      0.00
05:09:47 PM      0.00      0.00      0.00      0.00      4.00      0.00      0.00      0.00      0.00      0.00
05:09:52 PM      2.40      0.00      0.60      0.60      0.40      0.00      0.00      0.00      0.00      0.00
05:09:57 PM    433.60      0.00    115.00    114.80     16.40      0.00      0.00      0.00      0.00      0.00
05:10:02 PM      0.00     51.20      0.00      0.00      4.00      0.00      0.00      0.00      0.00      0.00
05:10:07 PM     50.40    150.40      1.00      8.60    159.20      0.00      0.00      0.00      0.00      0.00
05:10:12 PM      0.00      4.00      0.00      0.00      4.00      0.00      0.00      0.00      0.00      0.00
05:10:17 PM     52.00      0.00      0.00     13.00    311.00      0.00      0.00      0.00      0.00      0.00
05:10:22 PM      1.60      0.00      0.40      0.40      0.60      0.00      0.00      0.00      0.00      0.00
05:10:27 PM      3.20      0.00      0.00      0.80    336.60      0.00      0.00      0.00      0.00      0.00
05:10:32 PM      0.00      0.00      0.00      0.00      4.00      0.00      0.00      0.00      0.00      0.00
05:10:37 PM     49.60    136.80      0.20     10.80    208.60      0.00      0.00      0.00      0.00      0.00
05:10:42 PM      0.00  16452.80   2972.40   2972.40   4854.20  17664.20      0.00   4839.00      0.00      0.00
05:10:47 PM    104.80      4.80      0.00     26.20    730.40      0.00      0.00      0.00      0.00      0.00
05:10:52 PM      0.00      0.00      0.00      0.00      0.40      0.00      0.00      0.00      0.00      0.00
05:10:57 PM      0.00    856.00      0.00      0.00    218.40      0.00      0.00      0.00      0.00      0.00
05:11:02 PM     22.40   4479.20      0.00      5.60   1316.80      0.00      0.00      0.00      0.00      0.00
05:11:07 PM   8078.40  10702.40   2021.20   2020.00   2711.00      0.00      0.00      0.00      0.00      0.00
05:11:12 PM      6.40      8.00      1.60      1.60      6.00      0.00      0.00      0.00      0.00      0.00
05:11:17 PM      0.80   2181.60      0.20      0.20    515.00      0.00      0.00      0.00      0.00      0.00
05:11:22 PM   9598.40     12.00   2399.60   2399.60     38.60      0.00      0.00      0.00      0.00      0.00
05:11:27 PM  48357.60  43300.80  12089.40  12089.40  11648.80  41879.20      0.00  11480.80      0.00      0.00
05:11:32 PM      1.60      0.00      0.40      0.40      4.00      0.00      0.00      0.00      0.00      0.00
05:11:37 PM      0.80      0.00      0.20      0.20      3.80      0.00      0.00      0.00      0.00      0.00
05:11:42 PM     64.00      0.00      0.20     16.00    311.20      0.00      0.00      0.00      0.00      0.00
05:11:47 PM   2048.00   9862.40    512.00    512.00   2732.40   5580.80      0.00   2527.40      0.00      0.00
05:11:52 PM     69.60   4238.40      0.20     17.40   1336.40      0.00      0.00      0.00      0.00      0.00
05:11:57 PM      0.80   5119.20      1.40      1.40   1283.20      0.00      0.00      0.00      0.00      0.00
05:12:02 PM     38.40    724.00      0.00      9.60    288.60      0.00      0.00      0.00      0.00      0.00
05:12:07 PM      2.40   6836.80      0.60      0.60   1713.20      0.00      0.00      0.00      0.00      0.00
05:12:12 PM      0.00   1432.00      0.00      0.00    362.20      0.00      0.00      0.00      0.00      0.00
05:12:17 PM  11209.60   4400.00   2802.60   2802.40   1165.20      0.00      0.00      0.00      0.00      0.00
05:12:22 PM      0.80    141.60      0.20      0.20     41.40      0.00      0.00      0.00      0.00      0.00
05:12:27 PM     66.40   1396.80     20.00     19.60    496.40      0.00      0.00      0.00      0.00      0.00
05:12:32 PM    180.80   1364.80      9.60     45.20   1117.20      0.00      0.00      0.00      0.00      0.00
05:12:37 PM     52.80   5484.00     14.80     13.40   1850.20      0.00      0.00      0.00      0.00      0.00
05:12:42 PM     37.60   2236.80      0.20      9.40   1035.20      0.00      0.00      0.00      0.00      0.00
05:12:47 PM   9724.00   6914.40   3325.40   3325.40   1960.60      0.00      0.00      0.00      0.00      0.00
05:12:52 PM     41.60     37.60      6.40     10.40    315.00      0.00      0.00      0.00      0.00      0.00
05:12:57 PM      7.20  11979.20      1.80      1.80   3035.60      0.00      0.00      0.00      0.00      0.00
05:13:02 PM    103.20   6052.00      0.00     25.80   2305.00      0.00      0.00      0.00      0.00      0.00
05:13:07 PM      0.80   5494.40      0.20      0.20   1378.20      0.00      0.00      0.00      0.00      0.00
05:13:12 PM     77.60    751.20      0.00     19.20    811.80      0.00      0.00      0.00      0.00      0.00
05:13:17 PM  18716.80     24.80   4679.40   4679.20     45.40      0.00      0.00      0.00      0.00      0.00
05:13:22 PM     15.20   5488.80      3.80      3.80   1375.00      0.00      0.00      0.00      0.00      0.00
05:13:27 PM   1332.00   4660.00    333.00    333.00   1186.60      0.00      0.00      0.00      0.00      0.00
05:13:32 PM   6140.00   8858.40   1535.00   1535.00   2435.60      0.00      0.00      0.00      0.00      0.00
05:13:37 PM   8689.60  10091.20   2172.40   2172.40   2702.20      0.00      0.00      0.00      0.00      0.00
05:13:42 PM  13099.20  10100.00   3168.20   3183.80   2871.00      0.00      0.00      0.00      0.00      0.00
05:13:47 PM   4012.00  16436.00   1003.00   1003.00   4387.80      0.00      0.00      0.00      0.00      0.00
05:13:52 PM  11920.80   6142.40   2953.60   2980.20   2663.60      0.00      0.00      0.00      0.00      0.00
05:13:57 PM 235172.80 146884.00  57921.80  57763.60  50987.60 228716.80  30286.40  45265.80      0.00      0.00
05:14:02 PM     43.20      0.00      2.40      1.40    824.20      0.00      0.00      0.00      0.00      0.00
05:14:07 PM   2177.60     32.00      7.00      4.80      5.40      0.00      0.00      0.00      0.00      0.00
05:14:12 PM     25.60    124.00      0.00      0.00   1612.60      0.00      0.00      0.00      0.00      0.00
05:14:17 PM      0.00      4.79      0.00      0.00      3.79      0.00      0.00      0.00      0.00      0.00
05:14:22 PM  17822.40  28332.00   3852.00   3563.40   9760.00  10352.80    166.40   7166.20      0.00      0.00
05:14:27 PM      0.00   5934.40      0.00      0.00   1821.40      0.00      0.00      0.00      0.00      0.00
05:14:32 PM     16.80   5602.40      9.40      4.40   1472.80      0.00      0.00      0.00      0.00      0.00
05:14:37 PM      0.80  10474.40      0.20      0.20   4373.20      0.00      0.00      0.00      0.00      0.00
05:14:42 PM      2.40   3475.20   5048.20   4577.20   1291.20      0.00      0.00      0.00      0.00      0.00
05:14:47 PM     32.80   1026.40      0.00      8.20   2207.20      0.00      0.00      0.00      0.00      0.00
05:14:52 PM      2.40   2488.80    949.80    949.60    847.20      0.00      0.00      0.00      0.00      0.00
05:14:57 PM    421.60   9035.20   1663.00   1664.20   3100.00      0.00      0.00      0.00      0.00      0.00
05:15:02 PM      8.80   3907.20      0.40      0.20   1293.40      0.00      0.00      0.00      0.00      0.00
05:15:07 PM     49.60   1444.80      0.20     12.40   1201.80      0.00      0.00      0.00      0.00      0.00
05:15:12 PM      0.00      0.00      0.00      0.00      3.80      0.00      0.00      0.00      0.00      0.00
05:15:17 PM     39.20    530.40      0.00      9.80    982.80      0.00      0.00      0.00      0.00      0.00
05:15:22 PM      0.00   4256.00      0.00      0.00   1033.80      0.00      0.00      0.00      0.00      0.00
05:15:27 PM   4560.00   6099.20   1123.80   1131.40   2468.40      0.00      0.00      0.00      0.00      0.00
05:15:32 PM   1642.40   1240.80      1.00      1.00    317.20      0.00      0.00      0.00      0.00      0.00
05:15:37 PM    136.80   5324.80      0.00     34.20   1847.00      0.00      0.00      0.00      0.00      0.00
05:15:42 PM     26.40   6490.40      1.00      0.80   1629.60      0.00      0.00      0.00      0.00      0.00
05:15:47 PM     42.40  10068.80      0.00     10.60   2960.20      0.00      0.00      0.00      0.00      0.00
05:15:52 PM 138114.40 120379.20  34477.80  34476.20  34948.80 182496.80  46793.80  32267.60      0.00      0.00
05:15:57 PM  26842.40   7724.00   6223.40   6118.00   4985.20      0.00      0.00      0.00      0.00      0.00
05:16:02 PM      0.80   6421.60      0.20      0.20   3054.20      0.00      0.00      0.00      0.00      0.00
05:16:07 PM      0.00      0.00      0.00      0.00      4.00      0.00      0.00      0.00      0.00      0.00
05:16:12 PM      5.60      0.00      0.40      0.20      4.00      0.00      0.00      0.00      0.00      0.00
05:16:17 PM      0.00      0.00      0.00      0.00      3.80      0.00      0.00      0.00      0.00      0.00
05:16:22 PM      0.80      0.00      0.60      0.20      0.40      0.00      0.00      0.00      0.00      0.00
05:16:27 PM      0.00     76.00      0.00      0.00   1227.80      0.00      0.00      0.00      0.00      0.00
05:16:32 PM      0.00    124.00      0.00      0.00      5.00      0.00      0.00      0.00      0.00      0.00
05:16:37 PM     41.60   1895.20      0.20      8.00   1365.80      0.00      0.00      0.00      0.00      0.00
05:16:42 PM     25.60      0.00      0.20      0.20      5.20      0.00      0.00      0.00      0.00      0.00
05:16:47 PM    258.40      0.00     64.80     64.60      5.80      0.00      0.00      0.00      0.00      0.00
05:16:52 PM      0.00    455.20      0.00      0.00    508.00      0.00      0.00      0.00      0.00      0.00
05:16:57 PM      0.00      0.00      0.00      0.00    638.60      0.00      0.00      0.00      0.00      0.00
05:17:02 PM      0.00     32.00      0.00      0.00      4.20      0.00      0.00      0.00      0.00      0.00
05:17:07 PM     47.20    136.00      0.00     11.00    127.20      0.00      0.00      0.00      0.00      0.00
05:17:12 PM      0.00    642.40      0.00      0.00    514.60      0.00      0.00      0.00      0.00      0.00
05:17:17 PM      0.00   1209.60      0.00      0.00    835.00      0.00      0.00      0.00      0.00      0.00
05:17:22 PM      0.00   2264.00      0.00      0.00    781.00      0.00      0.00      0.00      0.00      0.00
05:17:27 PM   2731.20   6495.20    301.60    291.20   4369.40      0.00      0.00      0.00      0.00      0.00
05:17:32 PM   4536.80   1884.00    513.60    499.00   2984.40      0.00      0.00      0.00      0.00      0.00
05:17:37 PM    400.00   2033.60     98.40     93.80   1700.00      0.00      0.00      0.00      0.00      0.00
05:17:42 PM      7.20    697.60      1.80      1.80    491.60      0.00      0.00      0.00      0.00      0.00
05:17:47 PM      0.80      4.80      0.20      8.40    117.00      0.00      0.00      0.00      0.00      0.00
05:17:52 PM    919.20   3460.80  10614.20  10582.80   1445.20      0.00      0.00      0.00      0.00      0.00
05:17:57 PM     39.92   4606.79     11.58     10.98   2529.14      0.00      0.00      0.00      0.00      0.00
05:18:02 PM      0.80   3570.40      0.20      0.20    950.80      0.00      0.00      0.00      0.00      0.00
05:18:07 PM     15.20   1960.00    887.60    887.40    597.00      0.00      0.00      0.00      0.00      0.00
05:18:12 PM     47.20   3316.00      0.00     11.80   1436.80      0.00      0.00      0.00      0.00      0.00
05:18:17 PM      9.60    828.00      0.00      0.00    304.00      0.00      0.00      0.00      0.00      0.00
05:18:22 PM      1.60   4415.20      0.40      0.40   2692.20      0.00      0.00      0.00      0.00      0.00
05:18:27 PM      0.00   3861.60      0.00      0.00   1793.80      0.00      0.00      0.00      0.00      0.00
05:18:32 PM     87.20    632.00      0.00     21.80   1106.40      0.00      0.00      0.00      0.00      0.00
05:18:37 PM      0.80   8220.00      0.20      0.20   2560.20      0.00      0.00      0.00      0.00      0.00
05:18:42 PM    137.60   7873.60   7927.20   7252.60   3964.40      0.00      0.00      0.00      0.00      0.00
05:18:47 PM      0.80   7126.40    315.80    206.60   2322.80      0.00      0.00      0.00      0.00      0.00
05:18:52 PM     10.40   2855.20      0.40      2.60    898.40      0.00      0.00      0.00      0.00      0.00
05:18:57 PM   1039.20      5.60     14.60     11.80     61.00      0.00      0.00      0.00      0.00      0.00
05:19:02 PM     74.40   5663.20      0.00     18.40   2250.80      0.00      0.00      0.00      0.00      0.00
05:19:07 PM      0.80      4.00      0.20      0.20      6.60      0.00      0.00      0.00      0.00      0.00
05:19:12 PM    121.60   3446.40    669.40    699.60   1278.20      0.00      0.00      0.00      0.00      0.00
05:19:17 PM    419.20  10636.80      0.20      0.20   2874.40      0.00      0.00      0.00      0.00      0.00
05:19:22 PM    708.00   4020.80    294.60     18.20   1366.80      0.00      0.00      0.00      0.00      0.00
05:19:27 PM     22.40   4718.40      0.00      0.00   1230.40      0.00      0.00      0.00      0.00      0.00
05:19:32 PM      0.80   1423.20      0.20      0.20    358.80      0.00      0.00      0.00      0.00      0.00
05:19:37 PM      1.60    825.60      0.40      0.40    211.60      0.00      0.00      0.00      0.00      0.00
05:19:42 PM     24.00     41.60      0.40      0.40     14.60      0.00      0.00      0.00      0.00      0.00
05:19:47 PM   3552.80    927.20    884.20    884.20    243.00      0.00      0.00      0.00      0.00      0.00
05:19:52 PM  53355.20     41.60  13261.80  13301.60   1644.40      0.00      0.00      0.00      0.00      0.00
05:19:57 PM    273.60     32.00      5.60      5.00      5.60      0.00      0.00      0.00      0.00      0.00
05:20:02 PM      0.00    125.60      0.00      2.20    497.00      0.00      0.00      0.00      0.00      0.00
05:20:07 PM      0.80      8.00      0.20      0.20   1251.00      0.00      0.00      0.00      0.00      0.00
05:20:12 PM     12.00      4.80      3.00     39.00    728.20      0.00      0.00      0.00      0.00      0.00
05:20:17 PM      4.00     20.80    134.20    134.20     93.40      0.00      0.00      0.00      0.00      0.00
05:20:22 PM      0.00    189.60      0.00     10.80    518.80      0.00      0.00      0.00      0.00      0.00
05:20:27 PM      0.00     60.80      0.00      0.00     87.40      0.00      0.00      0.00      0.00      0.00
05:20:32 PM      0.00     52.80      0.00     16.00    781.80      0.00      0.00      0.00      0.00      0.00
05:20:37 PM      1.60    104.80      0.40      0.40      4.40      0.00      0.00      0.00      0.00      0.00
05:20:42 PM      3.20      4.00      0.00      0.00    618.80      0.00      0.00      0.00      0.00      0.00
05:20:47 PM      0.00     84.00      0.00      0.00     25.00      0.00      0.00      0.00      0.00      0.00
05:20:52 PM    896.80    659.20     92.00     91.60   2228.40      0.00      0.00      0.00      0.00      0.00
05:20:57 PM      0.00    174.40      0.00      0.00   1241.00      0.00      0.00      0.00      0.00      0.00
05:21:02 PM      0.00    346.40      0.00      5.80   1293.80      0.00      0.00      0.00      0.00      0.00
05:21:07 PM      0.80    233.60      0.20      0.20    887.40      0.00      0.00      0.00      0.00      0.00
05:21:12 PM      0.00    128.00      0.00      3.00    724.40      0.00      0.00      0.00      0.00      0.00
05:21:17 PM      0.00     16.80      0.00      0.00    110.40      0.00      0.00      0.00      0.00      0.00
05:21:22 PM      3.20      8.00    288.60    309.00    925.00      0.00      0.00      0.00      0.00      0.00
05:21:27 PM      0.00   5570.40      0.00      0.00   1891.40      0.00      0.00      0.00      0.00      0.00
05:21:32 PM     20.00   1331.20      0.20      8.80   1141.00      0.00      0.00      0.00      0.00      0.00
05:21:37 PM      0.00      0.00      0.00      0.00      3.80      0.00      0.00      0.00      0.00      0.00
05:21:42 PM      0.00   1825.60      0.00      0.00   1347.80      0.00      0.00      0.00      0.00      0.00
05:21:47 PM      0.00   1103.39      0.00     29.14   1445.91      0.00      0.00      0.00      0.00      0.00
05:21:52 PM   5456.00   4602.40  10337.00  10337.00   2480.00      0.00      0.00      0.00      0.00      0.00
05:21:57 PM 208554.40  77989.60  52257.80  52003.60  42571.20 109299.00  32991.20  31298.20      0.00      0.00
05:22:02 PM  27902.40  19157.60  18939.20  18890.60  19148.00  37377.20      0.00  16064.60      0.00      0.00
05:22:07 PM   3324.80   2572.00      6.40      6.40   1788.60      0.00      0.00      0.00      0.00      0.00
05:22:12 PM      0.00   1251.20      0.00      0.00   2853.60      0.00      0.00      0.00      0.00      0.00
05:22:17 PM      0.00   2656.80      0.00      6.20   2059.00      0.00      0.00      0.00      0.00      0.00
05:22:22 PM   3878.40   1006.40    837.20    836.40   2015.20      0.00      0.00      0.00      0.00      0.00
05:22:27 PM  11630.40    632.80   2716.00   2698.40   1571.80      0.00      0.00      0.00      0.00      0.00
05:22:32 PM   1851.20    209.60     20.40      4.80    382.80      0.00      0.00      0.00      0.00      0.00
05:22:37 PM     70.40    800.00     19.60     16.80   1984.00      0.00      0.00      0.00      0.00      0.00
05:22:42 PM    114.40   3476.80      4.20      3.60   1978.40      0.00      0.00      0.00      0.00      0.00
05:22:47 PM  38425.60    710.40  11482.00   9383.80   2775.40      0.00      0.00      0.00      0.00      0.00
05:22:52 PM    597.60    503.20      6.60      1.40   1600.60      0.00      0.00      0.00      0.00      0.00
05:22:57 PM   5497.60    147.20   1134.40   1135.20   1423.60      0.00      0.00      0.00      0.00      0.00
05:23:02 PM      0.00    928.80      0.00      0.00   1205.00      0.00      0.00      0.00      0.00      0.00
05:23:07 PM     12.80    637.60      0.00     11.80   2133.80      0.00      0.00      0.00      0.00      0.00
05:23:12 PM      5.60     69.60      0.20      0.20    711.60      0.00      0.00      0.00      0.00      0.00
05:23:17 PM      0.00     26.40      0.00      0.00    295.20      0.00      0.00      0.00      0.00      0.00
05:23:22 PM    337.60   1522.40      0.20      0.20   1041.80      0.00      0.00      0.00      0.00      0.00
05:23:27 PM   3951.20    321.60    861.60    861.40   1357.20      0.00      0.00      0.00      0.00      0.00
05:23:32 PM      9.60   1610.40      0.00      0.40   1727.60      0.00      0.00      0.00      0.00      0.00
05:23:37 PM     16.80    887.20      1.60      1.00   1396.20      0.00      0.00      0.00      0.00      0.00
05:23:42 PM     37.60    554.40      0.40      0.40    147.40      0.00      0.00      0.00      0.00      0.00
05:23:47 PM      0.00    350.40      0.00      0.00   3051.80      0.00      0.00      0.00      0.00      0.00
05:23:52 PM      2.40   3502.40  23025.40  23024.80   9058.00 151619.00      0.00   7810.60      0.00      0.00
05:23:57 PM  10867.20  11952.00  14147.60   2278.40  13156.00  37961.60   9893.00  13084.80      0.00      0.00
05:24:02 PM    380.80     32.00      0.60      0.60      3.80      0.00      0.00      0.00      0.00      0.00
05:24:07 PM      3.20   2972.00      0.20      0.00  13914.40      0.00      0.00     10.80      0.00      0.00
05:24:12 PM      0.00   4119.20      0.00      0.00   2223.60      0.00      0.00      0.00      0.00      0.00
05:24:17 PM      3.20   7754.40      0.80      0.80   2776.80      0.00      0.00      0.00      0.00      0.00
05:24:22 PM     12.00     98.40      1.00      1.00     25.20      0.00      0.00      0.00      0.00      0.00
05:24:27 PM   2819.20   2758.40    309.20     30.60   1113.00      0.00      0.00      0.00      0.00      0.00
05:24:32 PM    674.40   5333.60      0.40      0.40   1502.80      0.00      0.00      0.00      0.00      0.00
05:24:37 PM   2082.40    187.20    503.40    503.40     61.60      0.00      0.00      0.00      0.00      0.00
05:24:42 PM    115.20   1547.20      1.00      1.00    693.00      0.00      0.00      0.00      0.00      0.00
05:24:47 PM     10.40    560.80      0.00      2.60    452.00      0.00      0.00      0.00      0.00      0.00
05:24:52 PM      2.40   2441.60      0.60      0.60   1204.80      0.00      0.00      0.00      0.00      0.00
05:24:57 PM      0.00   5219.20      0.00      0.00   2372.00      0.00      0.00      0.00      0.00      0.00
05:25:02 PM     28.00   9223.20      0.20      0.20   3367.20      0.00      0.00      0.00      0.00      0.00
05:25:07 PM      6.40   3862.40      1.80      2.20   1034.40      0.00      0.00      0.00      0.00      0.00
05:25:12 PM   1113.60     32.00    463.40    462.80      5.40      0.00      0.00      0.00      0.00      0.00
05:25:17 PM      8.80    643.20      2.40      2.40    150.60      0.00      0.00      0.00      0.00      0.00
05:25:22 PM    178.40     11.20      0.20     11.60    415.40      0.00      0.00      0.00      0.00      0.00
05:25:27 PM      0.00      4.00      0.00      0.00     38.20      0.00      0.00      0.00      0.00      0.00
05:25:32 PM     41.60   4532.00      0.40      8.40   1396.80      0.00      0.00      0.00      0.00      0.00
05:25:37 PM    126.15   5306.99      0.80      0.80   1861.68      0.00      0.00      0.00      0.00      0.00
05:25:42 PM    443.20   6373.60      2.60      2.60   2034.60      0.00      0.00      0.00      0.00      0.00
05:25:47 PM   5488.80   7077.60   1372.60   1372.60   3736.60      0.00      0.00      0.00      0.00      0.00
05:25:52 PM   7993.60   3974.40   1996.40   1996.20   1466.80      0.00      0.00      0.00      0.00      0.00
05:25:57 PM  64976.80   2683.20  16277.20  16229.20   4566.40      0.00      0.00      0.00      0.00      0.00
05:26:02 PM      0.80   2704.80      0.00      0.20   1758.60      0.00      0.00      0.00      0.00      0.00
05:26:07 PM      1.60   6228.00      0.40      0.40   1672.60      0.00      0.00      0.00      0.00      0.00
05:26:12 PM     55.20   1927.20      0.00     14.20   1107.40      0.00      0.00      0.00      0.00      0.00
05:26:17 PM    948.00   2072.00    234.40    233.80    612.80      0.00      0.00      0.00      0.00      0.00
05:26:22 PM   3337.60   1741.60    796.00    796.20   1127.20      0.00      0.00      0.00      0.00      0.00
05:26:27 PM      6.40    104.80      0.00      0.00      6.20      0.00      0.00      0.00      0.00      0.00
05:26:32 PM     75.20   3142.40      0.00     18.80   1403.40      0.00      0.00      0.00      0.00      0.00
05:26:37 PM     29.60   6060.80      0.60      1.00   1658.80      0.00      0.00      0.00      0.00      0.00
05:26:42 PM     73.60    117.60      1.00     13.20    374.80      0.00      0.00      0.00      0.00      0.00
05:26:47 PM      7.20     10.40      0.20      0.60      8.20      0.00      0.00      0.00      0.00      0.00
05:26:52 PM   2352.00   3124.00   9945.40   9394.80   2292.80      0.00      0.00      0.00      0.00      0.00
05:26:57 PM     28.80   3118.40      7.20      7.20    808.20      0.00      0.00      0.00      0.00      0.00
05:27:02 PM     68.00    398.40      0.20     16.20    791.20      0.00      0.00      0.00      0.00      0.00
05:27:07 PM    595.20   3357.60    148.00    148.00    961.40      0.00      0.00      0.00      0.00      0.00
05:27:12 PM   2194.40    299.20    538.20    548.60    593.60      0.00      0.00      0.00      0.00      0.00
05:27:17 PM      0.00   4339.20      0.00      0.00   1090.00      0.00      0.00      0.00      0.00      0.00
05:27:22 PM     12.00   4032.80      0.40      3.00   1708.80      0.00      0.00      0.00      0.00      0.00
05:27:27 PM    583.20   5403.20     25.20     22.00   1421.00      0.00      0.00      0.00      0.00      0.00
05:27:32 PM   2276.80   3357.60     16.80      7.00   1676.40      0.00      0.00      0.00      0.00      0.00
05:27:37 PM    375.20   1001.60     20.60     17.60    307.80      0.00      0.00      0.00      0.00      0.00
05:27:42 PM   3765.60    428.80    909.60    929.60   1013.40      0.00      0.00      0.00      0.00      0.00
05:27:47 PM   1044.80     12.80    252.60    252.60     88.20      0.00      0.00      0.00      0.00      0.00
05:27:52 PM     74.40     79.20      7.80     17.00    535.80      0.00      0.00      0.00      0.00      0.00
05:27:57 PM  33209.60   3025.60   8304.60   8304.40   2087.60      0.00      0.00      0.00      0.00      0.00
05:28:02 PM      0.00   2235.20      0.00      0.00   1484.40      0.00      0.00      0.00      0.00      0.00
05:28:07 PM    542.40   2648.80      1.20      0.80    803.00      0.00      0.00      0.00      0.00      0.00
05:28:12 PM     11.20   2545.60      0.00      1.20   1515.00      0.00      0.00      0.00      0.00      0.00
05:28:17 PM   1443.20   3429.60    768.80    767.60    965.20      0.00      0.00      0.00      0.00      0.00
05:28:22 PM     28.00   1298.40      0.20      7.00    735.00      0.00      0.00      0.00      0.00      0.00
05:28:27 PM      0.00   5328.80      0.00      0.00   1358.80      0.00      0.00      0.00      0.00      0.00
05:28:32 PM     25.60   1905.60      0.00      6.40   1306.80      0.00      0.00      0.00      0.00      0.00
05:28:37 PM      0.00   1709.60      0.00      0.00    431.20      0.00      0.00      0.00      0.00      0.00
05:28:42 PM      0.00    525.60      0.00      0.00    127.40      0.00      0.00      0.00      0.00      0.00
05:28:47 PM    651.20   2236.00    109.40    110.60   1522.40      0.00      0.00      0.00      0.00      0.00
05:28:52 PM      0.80   1113.60      0.20      0.20    368.20      0.00      0.00      0.00      0.00      0.00
05:28:57 PM    796.00   1976.00      4.40      3.40   1400.00      0.00      0.00      0.00      0.00      0.00
05:29:02 PM      0.00   5862.40      0.00      0.00   1753.40      0.00      0.00      0.00      0.00      0.00
05:29:07 PM     64.00   4528.00      0.40     16.00   2324.60      0.00      0.00      0.00      0.00      0.00
05:29:12 PM      0.00   3502.40      0.00      0.00   1679.00      0.00      0.00      0.00      0.00      0.00
05:29:17 PM    126.40   1096.00   1112.60   1144.20   1275.80      0.00      0.00      0.00      0.00      0.00
05:29:22 PM     23.20   1720.80      0.20      0.20   1102.20      0.00      0.00      0.00      0.00      0.00
05:29:27 PM   2935.20   3684.80    300.00     42.80   3019.40      0.00      0.00      0.00      0.00      0.00
05:29:32 PM      0.00   3548.00      0.00      0.00   1244.00      0.00      0.00      0.00      0.00      0.00
05:29:37 PM    376.00   1786.40      1.40     23.00   1159.60      0.00      0.00      0.00      0.00      0.00
05:29:42 PM     55.20   4164.00      2.00      2.00   1419.60      0.00      0.00      0.00      0.00      0.00
05:29:47 PM    104.80   5824.00   1694.60   1712.00   2034.80      0.00      0.00      0.00      0.00      0.00
05:29:52 PM    280.00    388.00      2.20      0.60    116.40      0.00      0.00      0.00      0.00      0.00
05:29:57 PM  53066.40   5717.60  13090.80  13115.80   2702.60      0.00      0.00      0.00      0.00      0.00
05:30:02 PM   2328.14  59236.73  53839.32  53756.29  35091.22 127864.67  28305.39  34502.20      0.00      0.00
05:30:07 PM   3710.62   4917.03      7.82      3.01   1995.99   6524.05      0.00   1376.55      0.00      0.00
05:30:12 PM    415.17      0.00      2.40      0.20      3.99      0.00      0.00      0.00      0.00      0.00
05:30:17 PM   8466.40   5641.60   2135.80   2116.60   2306.60   4781.00      0.00   1435.60      0.00      0.00
05:30:22 PM      0.00      0.00      0.00      0.00      0.60      0.00      0.00      0.00      0.00      0.00
05:30:27 PM      2.40     32.00      1.80      0.60      4.00      0.00      0.00      0.00      0.00      0.00
05:30:32 PM      0.00    124.00      0.00      0.00      3.80      0.00      0.00      0.00      0.00      0.00
05:30:37 PM      0.00      4.00      0.20      0.00    423.20      0.00      0.00      0.00      0.00      0.00
05:30:42 PM      0.00      0.00      0.20      0.00      3.80      0.00      0.00      0.00      0.00      0.00
05:30:47 PM     18.40      0.00      0.20      0.20   1265.60      0.00      0.00      0.00      0.00      0.00
05:30:52 PM  88736.00  96375.20  22638.40  22087.80  24531.20 130159.20   1446.60  24088.40      0.00      0.00
05:30:57 PM      0.80   6450.40      0.60      0.60   1620.80      0.00      0.00      0.00      0.00      0.00
05:31:02 PM      0.00   5495.20      0.00      0.00   1434.60      0.00      0.00      0.00      0.00      0.00
05:31:07 PM      6.40   8287.20      0.80      0.80   2132.20      0.00      0.00      0.00      0.00      0.00
05:31:12 PM      0.00  11745.60      0.00      0.00   3071.60      0.00      0.00      0.00      0.00      0.00
05:31:17 PM   2809.60   7740.00    709.20    702.40   2161.60      0.00      0.00      0.00      0.00      0.00
05:31:22 PM    531.20   3270.40      2.40      0.60    916.60      0.00      0.00      0.00      0.00      0.00
05:31:27 PM      3.20  11809.60      0.60      0.60   3170.80      0.00      0.00      0.00      0.00      0.00
05:31:32 PM      6.40   4575.20      1.80      1.80   1173.40      0.00      0.00      0.00      0.00      0.00
05:31:37 PM    230.40    475.20      1.40      1.40    118.80      0.00      0.00      0.00      0.00      0.00
05:31:42 PM     68.00   4289.60      2.00      2.00   1145.40      0.00      0.00      0.00      0.00      0.00
05:31:47 PM   1651.20     23.20    367.20    367.20      9.00      0.00      0.00      0.00      0.00      0.00
05:31:52 PM    228.80   1485.60      1.60      1.20    424.80      0.00      0.00      0.00      0.00      0.00
05:31:57 PM 127124.00  48938.40  31630.20  31604.60  14436.00  31369.40      0.00  11455.40      0.00      0.00
05:32:02 PM      0.00      0.00      0.00      0.00      3.80      0.00      0.00      0.00      0.00      0.00
05:32:07 PM      1.60      0.00      0.40      0.40   1428.80      0.00      0.00      0.00      0.00      0.00
05:32:12 PM      0.00     32.00      0.00      0.00      3.80      0.00      0.00      0.00      0.00      0.00
05:32:17 PM      4.80    104.80      1.40      0.60      4.00      0.00      0.00      0.00      0.00      0.00
05:32:22 PM   4061.60  17739.20    886.60    885.40   6507.20  27801.40      0.00   5550.60      0.00      0.00
05:32:27 PM   2824.00   6054.40     31.20     19.80   1529.60      0.00      0.00      0.00      0.00      0.00
05:32:32 PM   1224.00    843.20     16.60      6.40   2384.40      0.00      0.00      0.00      0.00      0.00
05:32:37 PM    632.00   5800.80     21.40     16.20   1553.20      0.00      0.00      0.00      0.00      0.00
05:32:42 PM      6.40    827.20      1.80      1.60    952.80      0.00      0.00      0.00      0.00      0.00
05:32:47 PM     88.00   4625.60      0.80      0.60   1167.80      0.00      0.00      0.00      0.00      0.00
05:32:52 PM    280.00   9018.40      8.40      2.00   3116.00      0.00      0.00      0.00      0.00      0.00
05:32:57 PM   1364.80  14516.00    241.80    241.60   3870.60      0.00      0.00      0.00      0.00      0.00
05:33:02 PM     11.20  12911.20      0.00      2.80   3748.60      0.00      0.00      0.00      0.00      0.00
05:33:07 PM    724.00   5671.20      1.40      1.20   1563.80      0.00      0.00      0.00      0.00      0.00
05:33:12 PM     64.80   8544.80      0.00     16.60   3016.00      0.00      0.00      0.00      0.00      0.00
05:33:17 PM     14.40   2634.40      1.40      0.40    695.20      0.00      0.00      0.00      0.00      0.00
05:33:22 PM     28.80   1454.40      0.20      7.20   1052.80      0.00      0.00      0.00      0.00      0.00
05:33:27 PM   5065.60   4214.40   1200.20   1200.00   1200.20      0.00      0.00      0.00      0.00      0.00
05:33:32 PM     15.20   1347.20      0.00      3.80   1507.00      0.00      0.00      0.00      0.00      0.00
05:33:37 PM     14.37    473.45      0.80      0.40    220.56      0.00      0.00      0.00      0.00      0.00
05:33:42 PM     65.60   3593.60      2.80      3.80   1729.80      0.00      0.00      0.00      0.00      0.00
05:33:47 PM      0.00    924.80      0.00      0.00    318.00      0.00      0.00      0.00      0.00      0.00
05:33:52 PM     56.00   7837.60      0.40      7.80   3056.00      0.00      0.00      0.00      0.00      0.00
05:33:57 PM   5452.00   1294.40   1214.40   1202.80    423.20      0.00      0.00      0.00      0.00      0.00
05:34:02 PM  65692.80   7302.40  16421.60  16421.60   3216.20      0.00      0.00      0.00      0.00      0.00
05:34:07 PM      0.80      4.00      0.40      0.20      3.80      0.00      0.00      0.00      0.00      0.00
05:34:12 PM      0.00      0.00      0.00      0.00    828.40      0.00      0.00      0.00      0.00      0.00
05:34:17 PM      0.00      0.00      0.00      0.00      3.80      0.00      0.00      0.00      0.00      0.00
05:34:22 PM      0.00      0.00      0.20      0.00   1177.80      0.00      0.00      0.00      0.00      0.00
05:34:27 PM   4604.00   7932.00    667.80    383.20   2935.00      0.00      0.00      0.00      0.00      0.00
05:34:32 PM   3283.20   4940.80    820.80    821.00   2058.00      0.00      0.00      0.00      0.00      0.00
05:34:37 PM     21.60    945.60      0.60      0.60    237.00      0.00      0.00      0.00      0.00      0.00
05:34:42 PM     40.00    230.40      0.20      5.20   1146.60      0.00      0.00      0.00      0.00      0.00
05:34:47 PM      0.00   4889.60      0.00      0.00   1243.60      0.00      0.00      0.00      0.00      0.00
05:34:52 PM     81.60   4847.20      6.00     20.40   2161.40      0.00      0.00      0.00      0.00      0.00
05:34:57 PM    201.60   7188.00   2044.20   2011.00   1915.00      0.00      0.00      0.00      0.00      0.00
05:35:02 PM   2530.40   2688.00    565.00    606.00   1353.20      0.00      0.00      0.00      0.00      0.00
05:35:07 PM      0.80     32.00      0.40      0.20      6.20      0.00      0.00      0.00      0.00      0.00
05:35:12 PM    118.40    203.20      0.00     25.60   1081.00      0.00      0.00      0.00      0.00      0.00
05:35:17 PM     17.60   2048.80      3.40      3.40    519.80      0.00      0.00      0.00      0.00      0.00
05:35:22 PM     94.40   1370.40      0.40     23.60   1445.00      0.00      0.00      0.00      0.00      0.00
05:35:27 PM      0.00  10246.40      0.00      0.00   2615.80      0.00      0.00      0.00      0.00      0.00
05:35:32 PM   1395.20   3004.00    313.40    348.80   1678.40      0.00      0.00      0.00      0.00      0.00
05:35:37 PM    333.60   2186.40      0.60      0.60    559.00      0.00      0.00      0.00      0.00      0.00
05:35:42 PM    184.80   2347.20      4.40     46.20   1458.80      0.00      0.00      0.00      0.00      0.00
05:35:47 PM      9.60   1102.40      0.00      0.00    338.20      0.00      0.00      0.00      0.00      0.00
05:35:52 PM      0.80      4.00      1.20      0.20      3.00      0.00      0.00      0.00      0.00      0.00
05:35:57 PM    252.80   9260.00     37.00     42.80   3410.20      0.00      0.00      0.00      0.00      0.00
05:36:02 PM      0.00    409.60      0.00      0.00    254.40      0.00      0.00      0.00      0.00      0.00
05:36:07 PM  53468.80   4657.60  13736.80  13789.20   6638.40      0.00      0.00      0.00      0.00      0.00
05:36:12 PM      0.00      0.00      0.00      0.00      4.00      0.00      0.00      0.00      0.00      0.00
05:36:17 PM      0.00   5684.00      0.60      0.00   2263.60      0.00      0.00      0.00      0.00      0.00
05:36:22 PM     13.60   3903.20      0.20      0.20    969.00      0.00      0.00      0.00      0.00      0.00
05:36:27 PM    146.40   4652.80      0.40      0.20   1986.40      0.00      0.00      0.00      0.00      0.00
05:36:32 PM    583.20    856.80      8.00      5.40    240.00      0.00      0.00      0.00      0.00      0.00
05:36:37 PM    441.60   1228.80    109.40    110.40   1131.00      0.00      0.00      0.00      0.00      0.00
05:36:42 PM    277.60   1916.80     69.60     69.40    484.00      0.00      0.00      0.00      0.00      0.00
05:36:47 PM     15.20   1297.60      0.00      3.80   5469.00      0.00      0.00      0.00      0.00      0.00
05:36:52 PM      2.40   7072.80      1.40      0.60   1771.20      0.00      0.00      0.00      0.00      0.00
05:36:57 PM     60.00   9432.80      1.40     11.80   3229.00      0.00      0.00      0.00      0.00      0.00
05:37:02 PM     78.24   3945.71      1.20      0.80   1003.79      0.00      0.00      0.00      0.00      0.00
05:37:07 PM     76.00   2925.60      1.40     12.00   1621.00      0.00      0.00      0.00      0.00      0.00
05:37:12 PM   2931.20   4559.20    732.80    732.60   1348.60      0.00      0.00      0.00      0.00      0.00
05:37:17 PM     36.00    229.60      0.00      9.00    880.40      0.00      0.00      0.00      0.00      0.00
05:37:22 PM     24.80      0.00      2.20      2.20      0.80      0.00      0.00      0.00      0.00      0.00
05:37:27 PM    651.20     32.00     19.60     29.00    830.40      0.00      0.00      0.00      0.00      0.00
05:37:32 PM    752.80    117.60     16.80      8.20      8.80      0.00      0.00      0.00      0.00      0.00
05:37:37 PM    196.80      4.80      7.80     49.40    621.60      0.00      0.00      0.00      0.00      0.00
05:37:42 PM     15.20    112.00      3.40      3.00    124.20      0.00      0.00      0.00      0.00      0.00
05:37:47 PM    132.00    524.00      6.80     16.20    955.40      0.00      0.00      0.00      0.00      0.00
05:37:52 PM      9.60   1723.20      1.00      0.80    427.00      0.00      0.00      0.00      0.00      0.00
05:37:57 PM     90.40      0.00      8.00     14.00    109.80      0.00      0.00      0.00      0.00      0.00
05:38:02 PM     72.80   5081.60     17.60     17.60   1329.20      0.00      0.00      0.00      0.00      0.00
05:38:07 PM 206336.80 120347.20  50464.60  50368.40  33051.60 125547.00  30939.80  30075.60      0.00      0.00
05:38:12 PM  69541.60 328903.20  17375.40  17362.20  82375.60  91890.00  17264.80  82235.20      0.00      0.00
05:38:17 PM   6210.40  22695.20   1352.00   1334.40   5762.60   5118.20     12.80   4364.20      0.00      0.00
05:38:22 PM   1004.80  10343.20      1.60      1.40   2818.60      0.00      0.00      0.00      0.00      0.00
05:38:27 PM    209.60   4552.00      2.40      1.20   1266.00      0.00      0.00      0.00      0.00      0.00
05:38:32 PM    257.60   4963.20      4.60      2.40   1343.60      0.00      0.00      0.00      0.00      0.00
05:38:37 PM 101619.20     32.00  25403.60  25400.40  26624.60      0.00      0.00      0.00      0.00      0.00
05:38:42 PM 152449.60   2008.00  38115.20  38110.00  39358.40      0.00      0.00      0.00      0.00      0.00
05:38:47 PM      4.00   1696.00      0.20      0.60   1610.20      0.00      0.00      0.00      0.00      0.00
05:38:52 PM    686.40   3273.60    786.80    786.60   1853.20      0.00      0.00      0.00      0.00      0.00
05:38:57 PM 132502.99  80767.27  33064.07  32789.22  25460.28  53996.81  10738.72  21237.13      0.00      0.00
05:39:02 PM  17056.80  21118.40   4284.20   4254.00   7866.40  25062.20   3678.00   6682.80      0.00      0.00
05:39:07 PM     53.60   8773.60      1.40      1.40   2889.60      0.00      0.00      0.00      0.00      0.00
05:39:12 PM      0.00  10277.60      0.00      0.00   2978.20      0.00      0.00      0.00      0.00      0.00
05:39:17 PM      0.00    263.20      0.00      0.00     45.20      0.00      0.00      0.00      0.00      0.00
05:39:22 PM    232.00   7490.40   2005.60   1980.20   1972.20      0.00      0.00      0.00      0.00      0.00
05:39:27 PM   4092.00   2245.60    317.20     31.40   1610.40      0.00      0.00      0.00      0.00      0.00
05:39:32 PM    605.60   5622.40      7.60      6.00   2534.60      0.00      0.00      0.00      0.00      0.00
05:39:37 PM    283.43   4682.63      2.99      2.20   1655.29      0.00      0.00      0.00      0.00      0.00
05:39:42 PM     40.08   3221.64      2.40      2.00   1111.02      0.00      0.00      0.00      0.00      0.00
05:39:47 PM      0.00   2792.00      0.00      0.00   1069.40      0.00      0.00      0.00      0.00      0.00
05:39:52 PM    216.80   3384.00   1048.60   1048.40    936.80      0.00      0.00      0.00      0.00      0.00
05:39:57 PM   1928.80  10266.40    347.80    334.20   3059.80      0.00      0.00      0.00      0.00      0.00
05:40:02 PM      0.00   3372.00      0.00      1.40   1578.80      0.00      0.00      0.00      0.00      0.00
05:40:07 PM    260.00   3331.20      6.80      4.60   1213.80      0.00      0.00      0.00      0.00      0.00
05:40:12 PM      0.00      0.00      0.00      0.00    209.60      0.00      0.00      0.00      0.00      0.00
05:40:17 PM  43284.00  13252.80  15032.60  15025.80   3418.00   5439.60      0.00   3316.60      0.00      0.00
05:40:22 PM      0.00   3150.40      0.00      2.00   1274.60      0.00      0.00      0.00      0.00      0.00
05:40:27 PM     10.38    586.83    605.39    604.39    152.10      0.00      0.00      0.00      0.00      0.00
05:40:32 PM      0.00     32.00      0.00      0.00    208.60      0.00      0.00      0.00      0.00      0.00
05:40:37 PM      8.00     98.40      0.40      0.40      5.20      0.00      0.00      0.00      0.00      0.00
05:40:42 PM     28.00    120.00      3.40      3.40    548.40      0.00      0.00      0.00      0.00      0.00
05:40:47 PM      0.80   2212.00      0.20      0.20    563.60      0.00      0.00      0.00      0.00      0.00
05:40:52 PM      0.00    356.80      0.00      0.00    704.40      0.00      0.00      0.00      0.00      0.00
05:40:57 PM    950.40   3006.40    235.80    235.80    759.80      0.00      0.00      0.00      0.00      0.00
05:41:02 PM      0.00  10062.40      0.00      0.00   3531.20      0.00      0.00      0.00      0.00      0.00
05:41:07 PM    220.00   4841.60      2.60      2.80   1641.60      0.00      0.00      0.00      0.00      0.00
05:41:12 PM      6.40   4364.00      1.40      0.20   2014.40      0.00      0.00      0.00      0.00      0.00
05:41:17 PM     15.20   1456.00      0.40      0.40    436.20      0.00      0.00      0.00      0.00      0.00
05:41:22 PM     96.80   3953.60      4.60      3.20   1716.00      0.00      0.00      0.00      0.00      0.00
05:41:27 PM      0.80     51.20      0.20      0.20     32.00      0.00      0.00      0.00      0.00      0.00
05:41:32 PM     91.20    760.00    583.20    583.20   1022.80      0.00      0.00    102.40      0.00      0.00
05:41:37 PM    360.00    395.20      2.40      1.80    129.60      0.00      0.00      0.00      0.00      0.00
05:41:42 PM    432.80     20.00      6.80      4.80   1682.80      0.00      0.00      0.00      0.00      0.00
05:41:47 PM     46.40   6494.40      1.20      0.80   1724.80      0.00      0.00      0.00      0.00      0.00
05:41:52 PM     32.00   1545.60      3.00      8.20   1251.80      0.00      0.00      0.00      0.00      0.00
05:41:57 PM    799.20    277.60     57.40     48.60     74.20      0.00      0.00      0.00      0.00      0.00
05:42:02 PM   3667.20   4110.40    762.40    767.60   2136.80      0.00      0.00      0.00      0.00      0.00
05:42:07 PM    610.40    190.40      1.20      1.00    262.20      0.00      0.00      0.00      0.00      0.00
05:42:12 PM      0.80    951.20      0.20      0.20   1663.80      0.00      0.00      0.00      0.00      0.00
05:42:17 PM  27777.60      0.00   6944.60   6944.40     51.80      0.00      0.00      0.00      0.00      0.00
05:42:22 PM     72.00    112.80      3.20      3.00   1251.60      0.00      0.00      0.00      0.00      0.00
05:42:27 PM   1349.60    388.80     31.60     26.60    108.00      0.00      0.00      0.00      0.00      0.00
05:42:32 PM    728.80     90.40     20.60      9.20   1993.00      0.00      0.00      0.00      0.00      0.00
05:42:37 PM    134.40   2800.00   1485.80   1480.20    730.20      0.00      0.00      0.00      0.00      0.00
05:42:42 PM     34.40    247.20      3.60      3.40   1308.00      0.00      0.00      0.00      0.00      0.00
05:42:47 PM     94.40   2467.20     12.00     11.60    633.60      0.00      0.00      0.00      0.00      0.00
05:42:52 PM     63.20     20.80      4.20      4.20   1033.60      0.00      0.00      0.00      0.00      0.00
05:42:57 PM     47.20   5160.80      2.20      2.00   1339.80      0.00      0.00      0.00      0.00      0.00
05:43:02 PM  25500.00   3761.60   6340.20   6339.40   2544.20      0.00      0.00      0.00      0.00      0.00
05:43:07 PM   7600.80   6026.40   1886.40   1886.00   3262.40      0.00      0.00      0.00      0.00      0.00
05:43:12 PM      9.60      0.00      2.40      2.40      4.00      0.00      0.00      0.00      0.00      0.00
05:43:17 PM      0.00      4.00      0.00      0.00    823.00      0.00      0.00      0.00      0.00      0.00
05:43:22 PM      1.60      0.00      0.40      0.40      0.40      0.00      0.00      0.00      0.00      0.00
05:43:27 PM      0.00      0.00      0.00      0.00    823.20      0.00      0.00      0.00      0.00      0.00
05:43:32 PM      0.00      0.00      0.00      0.00      3.80      0.00      0.00      0.00      0.00      0.00
05:43:37 PM      1.60      0.00      0.60      0.40    823.20      0.00      0.00      0.00      0.00      0.00
05:43:42 PM     16.80      0.00      4.40      4.20      4.00      0.00      0.00      0.00      0.00      0.00
05:43:47 PM      0.00    181.60      0.00      0.00    823.40      0.00      0.00      0.00      0.00      0.00
05:43:52 PM      0.00      4.00      0.00      0.00      0.40      0.00      0.00      0.00      0.00      0.00
05:43:57 PM    514.17      0.00     33.53     28.34    865.67      0.00      0.00      0.00      0.00      0.00
05:44:02 PM      0.00      0.00      0.00      0.00      3.80      0.00      0.00      0.00      0.00      0.00
05:44:07 PM      0.00      0.00      0.20      0.00    823.00      0.00      0.00      0.00      0.00      0.00
05:44:12 PM      0.00      0.00      0.00      0.00      4.00      0.00      0.00      0.00      0.00      0.00
05:44:17 PM   5049.60   3352.00   1364.80   1262.40   1705.20      0.00      0.00    204.80      0.00      0.00
05:44:22 PM   2653.60   4003.20    653.60    653.40   1045.60      0.00      0.00      0.00      0.00      0.00
05:44:27 PM   2641.60      4.80    312.40     27.40   1171.40      0.00      0.00      0.00      0.00      0.00
05:44:32 PM      0.00      0.00      0.00      0.00      4.00      0.00      0.00      0.00      0.00      0.00
05:44:37 PM      0.00      0.00      0.00      0.00    823.00      0.00      0.00      0.00      0.00      0.00
05:44:42 PM    552.80      0.00    116.60    116.60     19.80      0.00      0.00      0.00      0.00      0.00
05:44:47 PM      0.00      0.00      0.00      0.00    823.20      0.00      0.00      0.00      0.00      0.00
05:44:52 PM      0.00     32.00      0.00      0.00      0.40      0.00      0.00      0.00      0.00      0.00
05:44:57 PM      0.00     98.40      0.00      0.00    823.20      0.00      0.00      0.00      0.00      0.00
05:45:02 PM      0.00      4.00      0.00      0.00      3.80      0.00      0.00      0.00      0.00      0.00
05:45:07 PM      0.00      0.00      0.00      0.00    823.20      0.00      0.00      0.00      0.00      0.00
05:45:12 PM      7.20  90346.40   9600.40      3.20  24327.80  38339.60  12294.60  23168.20      0.00      0.00
05:45:17 PM      0.00      0.00      1.40      0.00    849.60      0.00      0.00      0.00      0.00      0.00
05:45:22 PM      0.00      0.00      0.00      0.00  12380.80      0.00      0.00      0.00      0.00      0.00
05:45:27 PM      0.00     32.00      0.00      0.00    823.20      0.00      0.00      0.00      0.00      0.00
05:45:32 PM      0.00    117.60      0.00      0.00      5.40      0.00      0.00      0.00      0.00      0.00
05:45:37 PM      0.00   2070.40      0.00      0.00   1341.60      0.00      0.00      0.00      0.00      0.00
05:45:42 PM      0.80    492.00      0.20      0.20    190.60      0.00      0.00      0.00      0.00      0.00
05:45:47 PM     31.20   1914.40      0.60      0.60   1306.00      0.00      0.00      0.00      0.00      0.00
05:45:52 PM   2896.80   6899.20    724.40    724.20   1752.60      0.00      0.00      0.00      0.00      0.00
05:45:57 PM    776.80  14508.80      4.60      3.60   4653.40      0.00      0.00      0.00      0.00      0.00
05:46:02 PM      0.00   5336.00      0.00      0.00   1530.40      0.00      0.00      0.00      0.00      0.00
05:46:07 PM 152528.80  14983.20  38000.20  37972.40  13177.20  18703.00  14712.60   2913.80      0.00      0.00
05:46:12 PM  74817.60  74881.60  18991.40  18704.20  25864.00  78555.40  30762.60  19080.00      0.00      0.00
05:46:17 PM      4.00   7504.00      1.00      1.00   2084.40      0.00      0.00      0.00      0.00      0.00
05:46:22 PM  74649.60  69652.00  18954.40  18688.40  22197.80  36167.40  20960.40  17693.00      0.00      0.00
05:46:27 PM  17766.40  20275.20   5639.20   4829.80   5982.80   5068.80      0.00   5068.80      0.00      0.00
05:46:32 PM    822.40      0.00    151.00    148.40     56.80      0.00      0.00      0.00      0.00      0.00
05:46:37 PM      0.00     32.00      0.00      0.00      4.00      0.00      0.00      0.00      0.00      0.00
05:46:42 PM      5.60    117.60      1.20      0.60   1608.00      0.00      0.00      0.00      0.00      0.00
05:46:47 PM      0.00      4.00      0.00      0.00      4.00      0.00      0.00      0.00      0.00      0.00
05:46:52 PM      1.60      0.00      0.40      0.40    819.80      0.00      0.00      0.00      0.00      0.00
05:46:57 PM      0.00      0.00      0.00      0.00      3.80      0.00      0.00      0.00      0.00      0.00
05:47:02 PM 162178.40 114214.40  40204.40  39930.00  40371.20  76384.40  14524.60  33908.40      0.00      0.00
05:47:07 PM  65775.20  59429.60  16844.00  16444.00  18800.20  19500.20      0.00  14864.80      0.00      0.00
05:47:12 PM      0.00     32.00      0.00      0.00    208.80      0.00      0.00      0.00      0.00      0.00
05:47:17 PM      0.00     98.40      0.00      0.00      5.40      0.00      0.00      0.00      0.00      0.00
05:47:22 PM      2.40      4.80      0.80      0.60    206.40      0.00      0.00      0.00      0.00      0.00
05:47:27 PM   2821.60      0.00     45.20     29.00     15.60      0.00      0.00      0.00      0.00      0.00
05:47:32 PM  27105.60   2422.40   6416.80   6398.40   8990.00  10879.60      0.00   8759.60      0.00      0.00
05:47:37 PM   4492.00     14.40   1087.20   1048.00     28.20      0.00      0.00      0.00      0.00      0.00
05:47:42 PM      1.60      0.00      1.80      1.00   1212.60      0.00      0.00     77.00      0.00      0.00
05:47:47 PM      0.80     64.00      1.80      1.80      4.40      0.00      0.00      0.00      0.00      0.00
05:47:52 PM      8.78    170.06      6.19      0.60   1202.99      0.00      0.00     89.62      0.00      0.00
05:47:57 PM    613.60      0.00     86.00     79.20     23.80      0.00      0.00      0.00      0.00      0.00
05:48:02 PM      0.00      0.00      0.00      0.00    899.60      0.00      0.00     75.80      0.00      0.00
05:48:07 PM    949.60      0.00      1.40      1.40     33.80      0.00      0.00      0.00      0.00      0.00
05:48:12 PM      0.00      0.00      0.00      0.00   1063.40      0.00      0.00    240.40      0.00      0.00
05:48:17 PM      0.00      0.00      0.00      0.00      4.00      0.00      0.00      0.00      0.00      0.00
05:48:22 PM      0.80    159.20      0.20      0.20   1820.60      0.00      0.00    177.00      0.00      0.00
05:48:27 PM     15.20  56556.80  16149.60  16129.60  17580.40  15583.20   2919.00  17549.60      0.00      0.00
05:48:32 PM      0.00      0.00      0.00      0.00   1149.60      0.00      0.00      0.00      0.00      0.00
05:48:37 PM      2.40    381.60      0.60      0.60     99.80      0.00      0.00      0.00      0.00      0.00
05:48:42 PM    124.00   5154.40      0.40      0.20   2115.80      0.00      0.00      0.00      0.00      0.00
05:48:47 PM      0.00   4874.40      0.00      0.00   1250.00      0.00      0.00      0.00      0.00      0.00
05:48:52 PM      2.40    506.40      0.60      0.60    946.80      0.00      0.00      0.00      0.00      0.00
05:48:57 PM    512.80    131.20     99.40     98.00     20.60      0.00      0.00      0.00      0.00      0.00
05:49:02 PM      0.00     24.00      0.00      0.00   1260.20      0.00      0.00      0.00      0.00      0.00
05:49:07 PM      1.60   5160.00      0.40      0.40   1310.40      0.00      0.00      0.00      0.00      0.00
05:49:12 PM      0.00  10371.20      0.00      0.00   3476.80      0.00      0.00      0.00      0.00      0.00
05:49:17 PM      0.00   9052.80      0.00      0.00   2294.80      0.00      0.00      0.00      0.00      0.00
05:49:22 PM    450.30   2817.56      3.19      2.00   1643.71      0.00      0.00      0.00      0.00      0.00
05:49:27 PM  12334.27   2998.00   3074.75   3074.35    806.41      0.00      0.00      0.00      0.00      0.00
05:49:32 PM   2492.00   7377.60    322.40     38.80   3001.80      0.00      0.00      0.00      0.00      0.00
05:49:37 PM      2.40   5990.40      0.60      0.60   1525.20      0.00      0.00      0.00      0.00      0.00
05:49:42 PM      0.00   2689.60      0.00      0.00   1500.40      0.00      0.00      0.00      0.00      0.00
05:49:47 PM     10.40    274.40      0.20      0.20     73.20      0.00      0.00      0.00      0.00      0.00
05:49:52 PM    215.20   1090.40      1.80      1.60   1093.80      0.00      0.00      0.00      0.00      0.00
05:49:57 PM    272.00      0.00     14.80     11.00     55.40      0.00      0.00      0.00      0.00      0.00
05:50:02 PM   8719.20   1952.80   2042.80   2042.80   1320.20      0.00      0.00      0.00      0.00      0.00
05:50:07 PM     35.20  10724.00      0.40      0.40   2685.80      0.00      0.00      0.00      0.00      0.00
05:50:12 PM      0.00   9508.80      0.00      0.00   2395.60      0.00      0.00      0.00      0.00      0.00
05:50:17 PM      0.80   3601.60      0.20      0.20   1730.40      0.00      0.00      0.00      0.00      0.00
05:50:22 PM      0.00   2343.20      0.00      0.00    602.80      0.00      0.00      0.00      0.00      0.00
05:50:27 PM  26929.60   2239.20   6707.60   6707.20   1385.40      0.00      0.00      0.00      0.00      0.00
05:50:32 PM  10100.80   4467.20   2525.40   2525.20   1130.80      0.00      0.00      0.00      0.00      0.00
05:50:37 PM    538.12  11633.53      1.80      1.20   3867.27      0.00      0.00      0.00      0.00      0.00
05:50:42 PM     13.63   2061.72      1.00      0.40    537.07      0.00      0.00      0.00      0.00      0.00
05:50:47 PM     27.20   1876.80      0.60      0.60   1298.20      0.00      0.00      0.00      0.00      0.00
05:50:52 PM    260.00   5374.40      1.00      1.00   1477.80      0.00      0.00      0.00      0.00      0.00
05:50:57 PM      0.00   3542.40      0.20      0.00   1805.20      0.00      0.00      0.00      0.00      0.00
05:51:02 PM  12775.20   3144.80   3193.80   3193.80    851.20      0.00      0.00      0.00      0.00      0.00
05:51:07 PM  16240.80   1220.80   3995.00   3994.00   1671.20      0.00      0.00      0.00      0.00      0.00
05:51:12 PM    135.20    337.60     10.20      9.40     93.40      0.00      0.00      0.00      0.00      0.00
05:51:17 PM      9.60    772.00      0.00      0.00    988.80      0.00      0.00      0.00      0.00      0.00
05:51:22 PM      3.20   2506.40      0.20      0.00    627.20      0.00      0.00      0.00      0.00      0.00
05:51:27 PM      0.00      1.60      0.00      0.00    823.40      0.00      0.00      0.00      0.00      0.00
05:51:32 PM   2712.18   5409.98    678.24    678.04   1502.20      0.00      0.00      0.00      0.00      0.00
05:51:37 PM      8.00    466.40      2.00      2.00    965.20      0.00      0.00      0.00      0.00      0.00
05:51:42 PM     56.00   5348.80      2.20      2.20   1382.80      0.00      0.00      0.00      0.00      0.00
05:51:47 PM     56.80   5639.20      0.40      0.40   2415.20      0.00      0.00      0.00      0.00      0.00
05:51:52 PM      0.00   7609.60      0.00      0.00   1889.20      0.00      0.00      0.00      0.00      0.00
05:51:57 PM    327.20   5628.00     15.20     11.00   2242.20      0.00      0.00      0.00      0.00      0.00
05:52:02 PM   9661.60   4177.60   2415.20   2415.20   1125.40      0.00      0.00      0.00      0.00      0.00
05:52:07 PM     41.60  11140.80      0.20      0.20   3615.40      0.00      0.00      0.00      0.00      0.00
05:52:12 PM     23.20   2542.40      0.20      0.20    646.20      0.00      0.00      0.00      0.00      0.00
05:52:17 PM     14.40   1941.60      0.20      0.20   1308.80      0.00      0.00      0.00      0.00      0.00
05:52:22 PM    316.00    141.60      4.60      4.00     48.60      0.00      0.00      0.00      0.00      0.00
05:52:27 PM  33661.60    119.20   8236.40   8233.00   3121.80      0.00      0.00      0.00      0.00      0.00
05:52:32 PM  10897.60   4645.60   2639.00   2630.40   1294.20      0.00      0.00      0.00      0.00      0.00
05:52:37 PM     66.40     37.60      8.40      6.20    830.80      0.00      0.00      0.00      0.00      0.00
05:52:42 PM      0.00      0.00      0.00      0.00      5.00      0.00      0.00      0.00      0.00      0.00
05:52:47 PM      1.60      0.00      5.60      0.40    823.40      0.00      0.00      0.00      0.00      0.00
05:52:52 PM      0.00      0.00      0.20      0.00      0.80      0.00      0.00      0.00      0.00      0.00
05:52:57 PM      0.80     64.00      1.00      1.00    824.00      0.00      0.00      0.00      0.00      0.00
05:53:02 PM   1072.80   6640.80    268.40    268.20   1681.00      0.00      0.00      0.00      0.00      0.00
05:53:07 PM      3.20   7846.40      0.00      0.80   2838.40      0.00      0.00      0.00      0.00      0.00
05:53:12 PM      0.00  10209.60      0.00      0.00   2701.80      0.00      0.00      0.00      0.00      0.00
05:53:17 PM     34.40   4696.00      1.80      1.80   2024.20      0.00      0.00      0.00      0.00      0.00
05:53:22 PM      2.40      0.00      0.60      0.60      3.20      0.00      0.00      0.00      0.00      0.00
05:53:27 PM      0.00    132.00      0.00      0.00    856.40      0.00      0.00      0.00      0.00      0.00
05:53:32 PM   1409.60   5153.60    311.80    311.40   1299.20      0.00      0.00      0.00      0.00      0.00
05:53:37 PM  15900.80  11784.00   3972.20   3972.20   3945.20      0.00      0.00      0.00      0.00      0.00
05:53:42 PM     62.40   6768.00      3.00      3.00   1801.00      0.00      0.00      0.00      0.00      0.00
05:53:47 PM     37.60   5448.80      0.40      0.40   1399.80      0.00      0.00      0.00      0.00      0.00
05:53:52 PM      0.80   2082.40      0.20      0.20   1366.80      0.00      0.00      0.00      0.00      0.00
05:53:57 PM   1647.20   4868.80     21.00     17.00   1412.00      0.00      0.00      0.00      0.00      0.00
05:54:02 PM      0.00    216.80      0.00      0.00    900.80      0.00      0.00      0.00      0.00      0.00
05:54:07 PM      2.40     33.60      0.60      0.60     15.40      0.00      0.00      0.00      0.00      0.00
05:54:12 PM   6107.20     98.40   1526.20   1526.00   1422.40      0.00      0.00      0.00      0.00      0.00
05:54:17 PM      0.80  10580.80      0.20      0.20   2737.60      0.00      0.00      0.00      0.00      0.00
05:54:22 PM      0.00   4781.60      0.00      0.00   2055.80      0.00      0.00      0.00      0.00      0.00
05:54:27 PM      0.00   1475.20      0.00      0.00    373.20      0.00      0.00      0.00      0.00      0.00
05:54:32 PM 140192.80  37445.60  34507.80  34147.80  11139.40 103805.60      0.00   9351.60      0.00      0.00
05:54:37 PM  39773.60  41862.40   9926.00   9924.20  11798.60  46019.60      0.00  11466.00      0.00      0.00
05:54:42 PM  12389.60  10648.80   3903.20   3925.80   5637.80  42818.80      0.00   4693.40      0.00      0.00
05:54:47 PM   6217.60    117.60   1552.80   1552.60     30.60      0.00      0.00      0.00      0.00      0.00
05:54:52 PM  97004.80 109096.80  24247.20  24247.20  29634.80  81757.00      0.00  28521.20      0.00      0.00
05:54:57 PM     53.60      0.00     13.20     13.20      5.20      0.00      0.00      0.00      0.00      0.00
05:55:02 PM      0.80     72.80      0.20      0.20   2226.60      0.00      0.00      9.20      0.00      0.00
05:55:07 PM  85225.60 136968.00  32272.80  21042.60  36989.00  43061.40   3891.60  35826.00      0.00      0.00
05:55:12 PM 138419.20 224436.80  35324.80  35335.00  61690.00  48981.00  19267.40  60818.00      0.00      0.00
05:55:17 PM  71358.88 455502.59  20034.53  19433.13 117612.77 111270.46  82549.30 116600.40      0.00      0.00
05:55:22 PM 297390.40 536207.20  83765.20  77059.20 140476.60 193343.00  87889.00 138217.20      0.00      0.00
05:55:27 PM  53861.60  35169.60  13286.40  11086.60  15273.40  18717.20      0.00  11390.60      0.00      0.00
05:55:32 PM   3152.80      0.00    552.40    456.80  11335.40      0.00      0.00      0.00      0.00      0.00
05:55:37 PM   1686.40    534.40     12.00     10.60    164.80      0.00      0.00      0.00      0.00      0.00
05:55:42 PM    658.40   1061.60      3.20      1.80    300.80      0.00      0.00      0.00      0.00      0.00
05:55:47 PM      1.60   1191.20      0.40      0.40    308.40      0.00      0.00      0.00      0.00      0.00
05:55:52 PM     44.80    715.20      5.80      5.00    339.80      0.00      0.00      0.00      0.00      0.00
05:55:57 PM 135318.96  68807.19  33231.94  24942.12  23453.69  74303.79      0.00  22894.61      0.00      0.00
05:56:02 PM    400.00      0.00     22.44      9.62      4.21      0.00      0.00      0.00      0.00      0.00
05:56:07 PM   1152.00      0.00      5.20      3.20      4.00      0.00      0.00      0.00      0.00      0.00
05:56:12 PM    421.60      0.00      3.00      1.80     12.20      0.00      0.00      0.00      0.00      0.00
05:56:17 PM      0.00      0.00      0.00      0.00      4.00      0.00      0.00      0.00      0.00      0.00
05:56:22 PM     25.60    163.20      0.20      0.20    766.20      0.00      0.00     11.60      0.00      0.00
05:56:27 PM      0.80      0.00     13.80      0.20      4.00      0.00      0.00      0.00      0.00      0.00
05:56:32 PM      4.00     28.80      1.00      0.20   1322.60      0.00      0.00      8.00      0.00      0.00
05:56:37 PM      1.60      0.00      0.40      0.40      4.00      0.00      0.00      0.00      0.00      0.00
05:56:42 PM    562.40      0.00     14.20      8.40   1538.60      0.00      0.00      0.00      0.00      0.00
05:56:47 PM      0.00      0.00      0.00      0.00      3.80      0.00      0.00      0.00      0.00      0.00
05:56:52 PM      2.40     68.80      0.60      0.60   1274.80      0.00      0.00     16.60      0.00      0.00
05:56:57 PM 101680.00   9970.40  25418.80  22497.80  27082.20   3059.20      0.00   2561.20      0.00      0.00
05:57:02 PM 214621.60  21922.40  53560.60  44217.60  55512.80   7321.60      0.00   5539.40      0.00      0.00
05:57:07 PM  79404.80  28154.40  19851.00  13190.80  20929.80   8947.20      0.00   6967.00      0.00      0.00
05:57:12 PM    399.20    850.40    409.20    388.60   1045.60      0.00      0.00      0.00      0.00      0.00
05:57:17 PM     16.80    893.60      7.00      6.40   2544.40      0.00      0.00      0.00      0.00      0.00
05:57:22 PM    320.80    974.40      2.00      1.60    386.00      0.00      0.00      0.00      0.00      0.00
05:57:27 PM   4432.00    659.20     76.60     62.00   2476.20      0.00      0.00      0.00      0.00      0.00
05:57:32 PM   5458.40    636.80   2304.20   2192.00   1405.40      0.00      0.00      0.00      0.00      0.00
05:57:37 PM    582.40     84.00     44.40     36.20   1132.20      0.00      0.00      0.00      0.00      0.00
05:57:42 PM     44.00      4.00      5.20      2.00      5.40      0.00      0.00      0.00      0.00      0.00
05:57:47 PM    119.20    507.20      9.00      2.60   1465.80      0.00      0.00     50.00      0.00      0.00
05:57:52 PM      3.20   1085.60      0.80      0.80    411.60      0.00      0.00      0.00      0.00      0.00
05:57:57 PM    514.40   6801.60    108.20    102.40   2898.60      0.00      0.00      0.00      0.00      0.00
05:58:02 PM     15.20    560.00      0.40      0.40    570.20      0.00      0.00      0.00      0.00      0.00
05:58:07 PM   7544.91    887.03   1890.62   1828.34   1647.70      0.00      0.00      0.00      0.00      0.00
05:58:12 PM    863.20   5108.80     21.80     16.20   1796.00      0.00      0.00      0.00      0.00      0.00
05:58:17 PM     45.60   2404.00      1.40      4.20   3260.80      0.00      0.00      0.00      0.00      0.00
05:58:22 PM     60.80   1113.60      5.00      5.00    374.00      0.00      0.00      0.00      0.00      0.00
05:58:27 PM     66.40    737.60      0.80     16.60   2016.40      0.00      0.00      0.00      0.00      0.00
05:58:32 PM      0.80    275.20      0.20      0.20    204.20      0.00      0.00      0.00      0.00      0.00
05:58:37 PM   7216.00    695.20   1899.00   1721.40   1768.60      0.00      0.00      0.00      0.00      0.00
05:58:42 PM     38.40    713.60      5.20      2.20    386.80      0.00      0.00      0.00      0.00      0.00
05:58:47 PM      0.00      0.00      0.00      0.00   1437.80      0.00      0.00      0.00      0.00      0.00
05:58:52 PM      3.20      4.00      0.60      0.60      1.00      0.00      0.00      0.00      0.00      0.00
05:58:57 PM   1067.20      0.00     43.80     30.60   1646.40      0.00      0.00      0.00      0.00      0.00
05:59:02 PM      0.80      0.00      0.40      0.20      3.80      0.00      0.00      0.00      0.00      0.00
05:59:07 PM      0.80    802.40      0.20      0.20   2465.00      0.00      0.00      0.00      0.00      0.00
05:59:12 PM      4.00    572.00      1.20      1.00    177.60      0.00      0.00      0.00      0.00      0.00
05:59:17 PM      2.40      0.00   4372.20   4248.60   1473.80      0.00      0.00      0.00      0.00      0.00
05:59:22 PM      5.60    124.00      0.60      0.60      1.40      0.00      0.00      0.00      0.00      0.00
05:59:27 PM    732.80      4.80    197.20    184.60   1634.00      0.00      0.00      0.00      0.00      0.00
05:59:32 PM 154492.61  75561.68  38181.24  36295.01  37220.96  95622.75   4625.35  35585.43      0.00      0.00
05:59:37 PM   1520.64      0.00     13.23      3.81   1647.90      0.00      0.00      0.00      0.00      0.00
05:59:42 PM     30.40      0.00      2.20      1.80      4.40      0.00      0.00      0.00      0.00      0.00
05:59:47 PM      0.80      0.00      0.20      0.20   1560.80      0.00      0.00     11.20      0.00      0.00
05:59:52 PM     66.40    143.20      0.80      0.60      0.60      0.00      0.00      0.00      0.00      0.00
05:59:57 PM   1739.20      0.00    174.00    154.00   1374.60      0.00      0.00     10.20      0.00      0.00
06:00:02 PM      0.80     40.00      0.60      0.20   1173.00   4352.00      0.00   1169.00      0.00      0.00
06:00:07 PM      1.60      0.00      2.80      0.40   1556.20      0.00      0.00      0.00      0.00      0.00
06:00:12 PM      0.00      0.00      0.00      0.00      4.00      0.00      0.00      0.00      0.00      0.00
06:00:17 PM    800.00      1.60      1.00      0.60    350.80      0.00      0.00     73.00      0.00      0.00
06:00:22 PM      0.80      0.00      0.20      0.20      0.60      0.00      0.00      0.00      0.00      0.00
06:00:27 PM      0.00      0.00      0.00      0.00      4.80      0.00      0.00      0.00      0.00      0.00
06:00:32 PM      0.00    239.20      0.20      0.00    433.80      0.00      0.00      0.00      0.00      0.00
06:00:37 PM      0.00      4.00      0.00      0.00      4.00      0.00      0.00      0.00      0.00      0.00
06:00:42 PM      0.00      0.00      0.00      0.00      3.80      0.00      0.00      0.00      0.00      0.00
06:00:47 PM      0.00      0.00      0.20      0.00      4.00      0.00      0.00      0.00      0.00      0.00
06:00:52 PM      0.00      0.00      0.00      0.00      0.40      0.00      0.00      0.00      0.00      0.00
06:00:57 PM      0.00      0.00      0.00      0.00      4.00      0.00      0.00      0.00      0.00      0.00
06:01:02 PM      0.00    111.20      0.00      0.00      5.40      0.00      0.00      0.00      0.00      0.00
06:01:07 PM      2.40      0.00      0.60      0.60      3.80      0.00      0.00      0.00      0.00      0.00
06:01:12 PM      3.20      7.20      0.00      0.00      4.20      0.00      0.00      0.00      0.00      0.00
06:01:17 PM   9925.75  10841.52  33210.78  29922.95  32412.57  86567.66   5967.66  32358.88      0.00      0.00
06:01:22 PM     77.76     69.74   7090.18   6883.77   8292.18  36894.19      0.00   7755.91      0.00      0.00
06:01:27 PM      0.00      0.00      0.00      0.00      3.80      0.00      0.00      0.00      0.00      0.00
06:01:32 PM      0.80      0.00      0.20      0.20   1635.53      0.00      0.00      0.00      0.00      0.00
06:01:37 PM     10.40      0.00      2.60      2.60      3.80      0.00      0.00      0.00      0.00      0.00
06:01:42 PM      0.80    117.60      0.20      0.20   2067.80      0.00      0.00      0.00      0.00      0.00
06:01:47 PM      0.00      0.00      0.00      0.00      4.00      0.00      0.00      0.00      0.00      0.00
06:01:52 PM      8.80      4.00      2.40      2.20   1615.00      0.00      0.00      0.00      0.00      0.00
06:01:57 PM   4192.00  10592.80    265.00    253.80   5788.00   7646.20      0.00   5764.20      0.00      0.00
06:02:02 PM     28.00   1464.80      0.40      2.80   1507.00      0.00      0.00      0.00      0.00      0.00
06:02:07 PM     28.00     31.20      1.40      1.20     23.60      0.00      0.00      0.00      0.00      0.00
06:02:12 PM      0.00      0.00      0.00      0.00      4.00      0.00      0.00      0.00      0.00      0.00
06:02:17 PM      0.80      1.60      0.20      0.20      5.00      0.00      0.00      0.00      0.00      0.00
06:02:22 PM    235.20   3460.00      4.00      3.80   1263.00      0.00      0.00      0.00      0.00      0.00
06:02:27 PM   6346.40    182.40   1072.00   1047.80    763.40      0.00      0.00      0.00      0.00      0.00
06:02:32 PM   2278.40    136.00     23.20      7.60    279.80      0.00      0.00      0.00      0.00      0.00
06:02:37 PM   1719.20    112.00     46.40     37.80    417.80      0.00      0.00      0.00      0.00      0.00
06:02:42 PM 181372.00   1619.20  45338.00  42141.00  43361.00      0.00      0.00      0.00      0.00      0.00
06:02:47 PM 215801.60   2096.80  53902.00  49776.60  55917.00   5158.00      0.00   5024.00      0.00      0.00
06:02:52 PM   1602.40   2093.60    441.00    307.80    542.60      0.00      0.00      0.00      0.00      0.00
06:02:57 PM    145.60     98.40   1262.60   1163.60   1759.20      0.00      0.00      0.00      0.00      0.00
06:03:02 PM     92.00    156.00      1.20      1.20      4.00      0.00      0.00      0.00      0.00      0.00
06:03:07 PM      2.40   2026.40      0.60      0.60   2474.00      0.00      0.00      0.00      0.00      0.00
06:03:12 PM    911.20   2667.20     16.60     14.00   2013.20      0.00      0.00      0.00      0.00      0.00
06:03:17 PM      1.60   1561.60    547.40    545.40   1250.00      0.00      0.00      0.00      0.00      0.00
06:03:22 PM      0.00    120.00   3720.20   2997.40    319.20      0.00      0.00      0.00      0.00      0.00
06:03:27 PM      8.00     32.00      0.20      0.20      4.00      0.00      0.00      0.00      0.00      0.00
06:03:32 PM  20639.20     42.40   6005.80   5857.40   3985.00   4082.40      0.00   3870.60      0.00      0.00
06:03:37 PM   1116.00  11084.00  31048.80  29413.80  27222.20  91366.40      0.00  26980.00      0.00      0.00
06:03:42 PM    303.20      0.00     20.40     17.20     10.20      0.00      0.00      0.00      0.00      0.00
06:03:47 PM      0.00      0.00      0.00      0.00      4.00      0.00      0.00      0.00      0.00      0.00
06:03:52 PM      0.00      0.00      0.00      0.00      0.40      0.00      0.00      0.00      0.00      0.00
06:03:57 PM   5536.00      0.00     94.80     52.60   2346.20   5900.40      0.00   2221.40      0.00      0.00
06:04:02 PM    945.60      0.00   2097.20   2090.80   2518.20   5887.60      0.00   2412.60      0.00      0.00
06:04:07 PM     12.00      4.00      0.20      0.20      3.80      0.00      0.00      0.00      0.00      0.00
06:04:12 PM      0.00      0.00      0.20      0.00      4.20      0.00      0.00      0.00      0.00      0.00
06:04:17 PM      0.00      0.00      0.00      0.00      3.80      0.00      0.00      0.00      0.00      0.00
06:04:22 PM    192.00      0.00      0.20      0.20      0.60      0.00      0.00      0.00      0.00      0.00
06:04:27 PM      0.00      0.00      0.00      0.00      3.80      0.00      0.00      0.00      0.00      0.00
06:04:32 PM   2664.00    111.20    313.00     34.60    349.60      0.00      0.00      0.00      0.00      0.00
06:04:37 PM      0.00      0.00      0.00      0.00      3.80      0.00      0.00      0.00      0.00      0.00
06:04:42 PM    104.00      5.60      1.20      1.20      3.80      0.00      0.00      0.00      0.00      0.00
06:04:47 PM      0.00      0.00      0.00      0.00      4.00      0.00      0.00      0.00      0.00      0.00
06:04:52 PM      0.00      0.00      0.00      0.00      0.40      0.00      0.00      0.00      0.00      0.00
06:04:57 PM      0.80      0.00      0.20      0.20      4.20      0.00      0.00      0.00      0.00      0.00
06:05:02 PM      0.00      0.00      0.00      0.00      3.80      0.00      0.00      0.00      0.00      0.00
06:05:07 PM      1.60      0.00      0.40      0.40      4.00      0.00      0.00      0.00      0.00      0.00
06:05:12 PM      0.00    149.30      0.00      0.00      3.79      0.00      0.00      0.00      0.00      0.00
06:05:17 PM      0.00      4.00      0.00      0.00      4.00      0.00      0.00      0.00      0.00      0.00
06:05:22 PM  10626.40      0.00   2672.20    879.40   2361.60   5887.60      0.00   2361.00      0.00      0.00
06:05:27 PM      0.00      0.00      0.00      0.00      3.80      0.00      0.00      0.00      0.00      0.00
06:05:32 PM      0.00      0.00      0.20      0.00      4.00      0.00      0.00      0.00      0.00      0.00
06:05:37 PM      0.80      0.00      0.20      0.20      3.80      0.00      0.00      0.00      0.00      0.00
06:05:42 PM      0.00     32.00      0.00      0.00      4.00      0.00      0.00      0.00      0.00      0.00
06:05:47 PM      0.00     98.40      0.00      0.00      3.80      0.00      0.00      0.00      0.00      0.00
06:05:52 PM      3.20      5.60      0.00      0.00      0.60      0.00      0.00      0.00      0.00      0.00
06:05:57 PM      1.60      0.00      3.40      3.40      4.00      0.00      0.00      0.00      0.00      0.00
06:06:02 PM      0.00      0.00      0.00      0.00      3.80      0.00      0.00      0.00      0.00      0.00
06:06:07 PM     37.60      0.00      0.60      0.40      4.00      0.00      0.00      0.00      0.00      0.00
06:06:12 PM      0.00      0.00      0.00      0.00      3.80      0.00      0.00      0.00      0.00      0.00
06:06:17 PM      0.00     38.40      0.00      0.00      4.20      0.00      0.00      0.00      0.00      0.00
06:06:22 PM      0.80    104.80      0.20      0.20      0.40      0.00      0.00      0.00      0.00      0.00
06:06:27 PM      0.00      4.00      0.00      0.00      4.00      0.00      0.00      0.00      0.00      0.00
06:06:32 PM      0.00      0.00      0.00      0.00      4.60      0.00      0.00      0.00      0.00      0.00
06:06:37 PM    118.40    808.00  10951.40     29.60  16446.60  32854.60    145.00  14066.40      0.00      0.00
06:06:42 PM      0.00      0.00      0.00      0.00      3.80      0.00      0.00      0.00      0.00      0.00
06:06:47 PM      0.00      0.00      0.20      0.00  12384.20      0.00      0.00      0.00      0.00      0.00
06:06:52 PM      0.80    188.80      0.20      0.20     21.00      0.00      0.00      0.00      0.00      0.00
06:06:57 PM      0.00      0.00      0.00      0.00      7.80      0.00      0.00      0.00      0.00      0.00
06:07:02 PM      7.20   2995.20      0.20      0.20   2054.40      0.00      0.00      0.00      0.00      0.00
06:07:07 PM    298.40   4812.80      5.60      3.60   3081.60      0.00      0.00      0.00      0.00      0.00
06:07:12 PM     32.00    619.20      2.80      0.80   1475.00      0.00      0.00      0.00      0.00      0.00
06:07:17 PM   3587.20    547.20    919.60    884.20    187.40      0.00      0.00      0.00      0.00      0.00
06:07:22 PM    228.80    779.20      3.60      3.60    865.20      0.00      0.00      0.00      0.00      0.00
06:07:27 PM    732.00    160.00   2243.00   1894.20    296.40      0.00      0.00      0.00      0.00      0.00
06:07:32 PM   3549.60    156.00     23.20      6.00      5.60      0.00      0.00      0.00      0.00      0.00
06:07:37 PM   6598.40      4.80   1663.80   1611.80     11.20      0.00      0.00      0.00      0.00      0.00
06:07:42 PM      7.20    166.40      1.80      1.80     35.60      0.00      0.00      0.00      0.00      0.00
06:07:47 PM      7.20   1470.40      0.60      0.20    373.40      0.00      0.00      0.00      0.00      0.00
06:07:52 PM    403.20    517.60    325.40    317.20    471.80      0.00      0.00      0.00      0.00      0.00
06:07:57 PM    336.00   3465.60    176.60    176.00   1537.00      0.00      0.00      0.00      0.00      0.00
06:08:02 PM      0.00    132.80      0.40      0.00     63.20      0.00      0.00      0.00      0.00      0.00
06:08:07 PM     12.00   3808.80      1.40      1.40    878.20      0.00      0.00      0.00      0.00      0.00
06:08:12 PM    355.20      4.00      1.80      1.40     40.80      0.00      0.00      0.00      0.00      0.00
06:08:17 PM     12.00   1623.20      0.40      0.40    345.00      0.00      0.00      0.00      0.00      0.00
06:08:22 PM     14.40   2036.00      1.60      2.00   1020.00      0.00      0.00      0.00      0.00      0.00
06:08:27 PM   3039.20   1940.00    794.00    757.80    879.20      0.00      0.00      0.00      0.00      0.00
06:08:32 PM     71.20   7120.00      1.40      1.00   2003.60      0.00      0.00      0.00      0.00      0.00
06:08:37 PM      0.00   3272.00      1.00      0.00    742.80      0.00      0.00      0.00      0.00      0.00
06:08:42 PM    373.60   3188.00      6.40      5.80    975.20      0.00      0.00      0.00      0.00      0.00
06:08:47 PM      0.00    167.20      0.00      0.00     48.20      0.00      0.00      0.00      0.00      0.00
06:08:52 PM     24.00      0.80      0.80      0.80      1.40      0.00      0.00      0.00      0.00      0.00
06:08:57 PM   2537.60   1148.80    558.40    459.20    517.60      0.00      0.00      0.00      0.00      0.00
06:09:02 PM   1839.20   2734.40    480.20    458.40   1357.00      0.00      0.00      0.00      0.00      0.00
06:09:07 PM    208.38   2099.80      2.79      2.59    631.34      0.00      0.00      0.00      0.00      0.00
06:09:12 PM    365.60    603.20      5.40      4.60    209.60      0.00      0.00      0.00      0.00      0.00
06:09:17 PM    250.40   1135.20      3.60      3.40    309.00      0.00      0.00      0.00      0.00      0.00
06:09:22 PM      2.40     28.80      0.40      0.80     51.60      0.00      0.00      0.00      0.00      0.00
06:09:27 PM  15496.00    842.40   4105.60   3550.60    541.80      0.00      0.00      0.00      0.00      0.00
06:09:32 PM   3737.60    332.80    846.80    527.40    684.40      0.00      0.00      0.00      0.00      0.00
Average:      5102.17   4992.75   1620.43   1455.67   2110.28   2111.96    387.58    799.51      0.00      0.00
